{
    "n_hidden": 32,
    "n_classes": 6,
    "n_steps": 128,
    "n_input": 9,
    "learning_rate": 0.0025,
    "lambda_loss_amount": 0.0015,
    "final_accuracy": 0.8839497566223145,
    "final_loss": 0.5592441558837891
}