timestamp;seconds_elapsed;acc_z;acc_y;acc_x;gyro_z;gyro_y;gyro_x
1768216467978264000;0.05826416015625;0.070159912109375;-0.0644073486328125;0.9910125732421876;-0.0045769084244966;-0.024835841730237;0.0067151607945561
1768216467988265000;0.068264892578125;0.07257080078125;-0.0612640380859375;0.994171142578125;-0.0058791944757103;-0.0248717945069074;0.0045643919147551
1768216467998265900;0.078265869140625;0.0773773193359375;-0.0673828125;0.9974822998046876;-0.0097863180562853;-0.032884445041418;-0.0034432008396834
1768216468008266000;0.088265869140625;0.0775299072265625;-0.071258544921875;0.999542236328125;-0.0094949677586555;-0.0354458764195442;-0.0056496299803256
1768216468018267000;0.098266845703125;0.0700225830078125;-0.072235107421875;1.00140380859375;-0.0105354655534029;-0.0352016612887382;-0.0080685792490839
1768216468028267000;0.10826708984375;0.069915771484375;-0.0732574462890625;1.0022125244140625;-0.0116795590147376;-0.0304037127643823;-0.0071029169484972
1768216468038268200;0.11826806640625;0.0676116943359375;-0.07012939453125;1.0052490234375;-0.0116262957453727;-0.0257293321192264;-0.0044951494783163
1768216468048269000;0.12826904296875;0.07098388671875;-0.0666656494140625;1.0075836181640625;-0.0106236161664128;-0.0273099169135093;0.0034285534638911
1768216468058269000;0.13826904296875;0.0766754150390625;-0.06268310546875;1.0042266845703125;-0.0024791366886347;-0.0420196205377578;0.0093431677669286
1768216468068270000;0.14827001953125;0.076995849609375;-0.058441162109375;0.99920654296875;-0.0030996531713753;-0.0491816624999046;0.0101008368656039
1768216468078270000;0.15827001953125;0.07586669921875;-0.059661865234375;1.0003509521484375;0.0018945727497339;-0.0561871044337749;0.0041718417778611
1768216468088270800;0.168270751953125;0.075408935546875;-0.0588531494140625;1.000640869140625;0.0041057956404984;-0.0521598719060421;-0.0066357986070215
1768216468098271200;0.178271240234375;0.0746002197265625;-0.059967041015625;1.00067138671875;0.0060954429209232;-0.0567144118249416;-0.0158862881362438
1768216468108272000;0.188272216796875;0.07720947265625;-0.0621795654296875;1.004302978515625;0.0082432823255658;-0.0693156942725181;-0.0251562185585498
1768216468118273000;0.19827294921875;0.075958251953125;-0.0663909912109375;1.0052337646484375;0.0082062641158699;-0.0762156769633293;-0.0371367149055004
1768216468128273000;0.20827294921875;0.06915283203125;-0.071075439453125;0.99908447265625;0.0095439702272415;-0.0807627588510513;-0.0377835966646671
1768216468138274000;0.218274169921875;0.0608062744140625;-0.0730133056640625;0.99554443359375;0.0101511711254715;-0.0724108144640922;-0.0352317579090595
1768216468148274000;0.22827392578125;0.06005859375;-0.0717315673828125;0.9944610595703124;0.0093405051156878;-0.0663459971547126;-0.0284614693373441
1768216468158275000;0.238275146484375;0.0656585693359375;-0.070526123046875;0.9952239990234376;0.0042208437807857;-0.0657819435000419;-0.0221979804337024
1768216468168275200;0.248275146484375;0.064605712890625;-0.06927490234375;0.993499755859375;-0.0039934101514518;-0.0663563832640647;-0.0170367732644081
1768216468178276000;0.258276123046875;0.0645751953125;-0.0690765380859375;0.990997314453125;-0.0079902820289134;-0.0571335926651954;-0.0217891857028007
1768216468188277000;0.268277099609375;0.062591552734375;-0.0683441162109375;0.9885406494140624;-0.0154719008132815;-0.0434342920780181;-0.0227753538638353
1768216468198277000;0.278277099609375;0.0533294677734375;-0.066131591796875;0.9891357421875;-0.0173038896173238;-0.0255423784255981;-0.0125943552702665
1768216468208278000;0.288278076171875;0.058441162109375;-0.0638427734375;0.9879913330078124;-0.0154812214896082;-0.0161811001598835;-0.0066618975251913
1768216468218278000;0.29827783203125;0.0658111572265625;-0.0637969970703125;0.987548828125;-0.0121530694887042;-0.0178335923701524;-0.0033225596416741
1768216468228279000;0.308279052734375;0.0667266845703125;-0.0610198974609375;0.99359130859375;-0.0115804895758628;-0.0283349677920341;0.0004625910660251
1768216468238279200;0.318279052734375;0.069732666015625;-0.0596466064453125;0.99859619140625;-0.0080243702977895;-0.030975492671132;-0.0001009338011499
1768216468248280000;0.328280029296875;0.063385009765625;-0.059234619140625;1.001373291015625;-0.0061519020237028;-0.0287418998777866;-0.0006516755092889
1768216468258281000;0.338281005859375;0.0635833740234375;-0.059814453125;0.9998626708984376;-0.0025963156949728;-0.0297203455120325;0.0016050871927291
1768216468268281000;0.348281005859375;0.0611572265625;-0.0640411376953125;0.9958648681640624;0.0035273567773401;-0.0296716094017028;0.0031542479991912
1768216468278282000;0.358281982421875;0.05950927734375;-0.06524658203125;0.9944610595703124;0.0061838598921895;-0.0202006101608276;0.0014096111990511
1768216468288281900;0.36828173828125;0.0624237060546875;-0.065643310546875;0.997100830078125;0.004864530172199;-0.0193169731646776;-0.0003376888344064
1768216468298283000;0.378282958984375;0.0621185302734375;-0.0699615478515625;0.9979248046875;0.0020738034509122;-0.0183656904846429;-0.0022804648615419
1768216468308283100;0.388283203125;0.0635986328125;-0.07061767578125;0.9991912841796876;-0.0018114821286872;-0.0153097137808799;-0.0029073730111122
1768216468318284000;0.398283935546875;0.0626983642578125;-0.0699005126953125;0.9951629638671876;-0.0036450685001909;-0.0128247188404202;-0.0052272523753345
1768216468328285000;0.408284912109375;0.059844970703125;-0.067718505859375;0.993438720703125;-0.0049675945192575;-0.0052363071590662;-0.004063184838742
1768216468338284800;0.418284912109375;0.058807373046875;-0.0652008056640625;0.99615478515625;-0.0094507597386837;0.0024770060554146;-0.0003888215287588
1768216468348285700;0.42828564453125;0.057525634765625;-0.0626373291015625;0.99627685546875;-0.010734936222434;0.0056834518909454;0.0012791162589564
1768216468358285600;0.43828564453125;0.061492919921875;-0.06256103515625;0.99700927734375;-0.0089197251945734;0.0009755159262567;0.0031526500824838
1768216468368287000;0.448286865234375;0.0633392333984375;-0.061676025390625;0.9949798583984376;-0.0093732615932822;-0.0013456953456625;0.0040418794378638
1768216468378287900;0.458287841796875;0.0621185302734375;-0.062103271484375;0.9952239990234376;-0.0131376395002007;-0.0019558256026357;0.0095122782513499
1768216468388287700;0.468287841796875;0.062835693359375;-0.060302734375;0.99761962890625;-0.0134606817737221;-0.0051007522270083;0.0096161421388387
1768216468398288600;0.47828857421875;0.0671539306640625;-0.06256103515625;1.0013885498046875;-0.013154418207705;-0.0087125310674309;0.0058384481817483
1768216468408288800;0.488288818359375;0.06390380859375;-0.0651702880859375;1.001495361328125;-0.014642858877778;-0.0116297584027051;0.0047561391256749
1768216468418289700;0.49828955078125;0.0606842041015625;-0.063629150390625;0.999237060546875;-0.0128750521689653;-0.0112289525568485;0.0091370390728116
1768216468428289500;0.50828955078125;0.06182861328125;-0.0631103515625;0.9992523193359376;-0.0126984845846891;-0.0121227093040943;0.0096688726916909
1768216468438291000;0.518291015625;0.0614776611328125;-0.0637664794921875;0.9994354248046876;-0.0099282646551728;-0.0062259379774332;0.0095293233171105
1768216468448291800;0.528291748046875;0.06634521484375;-0.065399169921875;0.998687744140625;-0.009428123012185;-0.0095695368945598;0.0122068654745817
1768216468458291700;0.538291748046875;0.0664520263671875;-0.06536865234375;0.9982757568359376;-0.0071252873167395;-0.0131653370335698;0.009091499261558
1768216468468292600;0.548292724609375;0.066558837890625;-0.0641326904296875;0.9986572265625;-0.0093303844332695;-0.0203841011971235;0.006572681479156
1768216468478292700;0.558292724609375;0.0627899169921875;-0.06744384765625;0.9984588623046876;-0.0076296902261674;-0.024118386209011;0.0083894897252321
1768216468488294000;0.5682939453125;0.058319091796875;-0.0632476806640625;0.995391845703125;-0.0065814699046313;-0.0201777070760726;0.0092190643772482
1768216468498294800;0.578294677734375;0.057708740234375;-0.06329345703125;0.994842529296875;-0.0071407337673008;-0.0188314784318208;0.0090558128431439
1768216468508295000;0.588294921875;0.057708740234375;-0.0611114501953125;0.997161865234375;-0.0040727723389863;-0.0152109107002615;0.0049305763095617
1768216468518295800;0.5982958984375;0.059844970703125;-0.0610809326171875;0.996917724609375;-0.0051532168872654;-0.0121642546728253;0.0023702133912593
1768216468528295700;0.608295654296875;0.058685302734375;-0.0652313232421875;0.9983367919921876;-0.0042357575148344;-0.0144668240100145;-0.0012724583502858
1768216468538296600;0.618296630859375;0.0617828369140625;-0.06732177734375;1.0045013427734375;-0.0092813828960061;-0.025777269154787;0.0031539816409349
1768216468548296700;0.628296630859375;0.05780029296875;-0.0667724609375;0.9989776611328124;-0.0150465937331318;-0.0423703603446483;0.0151145039126276
1768216468558297900;0.6382978515625;0.0667877197265625;-0.0654449462890625;0.99871826171875;-0.0117922108620405;-0.0309286210685968;0.0032341429032385
1768216468568298800;0.648298828125;0.0657958984375;-0.0650177001953125;0.9988861083984376;-0.0116505306214094;-0.0261437203735113;-0.0023126890882849
1768216468578299000;0.658298828125;0.0591278076171875;-0.0629119873046875;0.9986114501953124;-0.011992746964097;-0.0326157324016094;0.0031388015486299
1768216468588299800;0.6682998046875;0.0565338134765625;-0.058319091796875;0.9973602294921876;-0.0112428003922104;-0.0331877805292606;0.0103293368592858
1768216468598299600;0.678299560546875;0.057037353515625;-0.0587005615234375;0.99676513671875;-0.006957774516195;-0.0347744934260845;0.0146897304803133
1768216468608300800;0.68830078125;0.0578460693359375;-0.0587310791015625;0.99725341796875;-0.0066746803931891;-0.0281003434211015;0.0111999241635203
1768216468618300700;0.69830078125;0.0537109375;-0.061065673828125;0.9968414306640624;-0.0070635019801557;-0.0152489943429827;0.0095698032528162
1768216468628301800;0.7083017578125;0.0485687255859375;-0.0619354248046875;0.9957427978515624;-0.0105442535132169;-0.0011757856700569;0.0131735922768712
1768216468638302700;0.718302734375;0.0505523681640625;-0.0620269775390625;0.99468994140625;-0.0120715769007802;0.0029350698459893;0.0134838512167334
1768216468648302800;0.728302734375;0.0554656982421875;-0.0623626708984375;0.9942779541015624;-0.0137309925630688;-0.0011835087789222;0.0084869619458913
1768216468658303700;0.7383037109375;0.054840087890625;-0.06298828125;0.9956512451171876;-0.0163704510778188;-0.0007526093395426;0.0062395199202001
1768216468668303600;0.7483037109375;0.0523681640625;-0.061798095703125;0.9964599609375;-0.019270634278655;-0.000191481274669;0.0069583072327077
1768216468678304800;0.7583046875;0.0548095703125;-0.063232421875;0.999664306640625;-0.0191952660679817;0.0033872744534164;0.0081159835681319
1768216468688306000;0.768305908203125;0.0564422607421875;-0.062835693359375;1.00152587890625;-0.0184208191931247;0.006141782272607;0.009173790924251
1768216468698305800;0.778305908203125;0.0592041015625;-0.0590362548828125;1.0014495849609375;-0.0154628455638885;0.0027569043450057;0.0053484262898564
1768216468708306700;0.788306640625;0.056884765625;-0.0593414306640625;1.0003204345703125;-0.0162886921316385;0.0015773903578519;0.0088416943326592
1768216468718306800;0.798306884765625;0.0534820556640625;-0.05926513671875;1.000152587890625;-0.0183025747537612;0.0012948289513587;0.0139978406950831
1768216468728307700;0.8083076171875;0.0561676025390625;-0.058197021484375;0.9997406005859376;-0.0158940106630325;0.0042416164651513;0.0090140011161565
1768216468738307800;0.818307861328125;0.0602569580078125;-0.0599212646484375;1.0020751953125;-0.0152801526710391;0.000266049784841;0.0008444883860647
1768216468748308700;0.828308837890625;0.05908203125;-0.061492919921875;1.001708984375;-0.015442606061697;-0.0066373962908983;-0.0037891454994678
1768216468758310000;0.838309814453125;0.057586669921875;-0.060028076171875;0.9994354248046876;-0.0137152792885899;-0.0076299565844237;0.0001499359641456
1768216468768309800;0.848309814453125;0.05584716796875;-0.0601959228515625;0.9979705810546876;-0.0146849360316991;-0.006874683778733;0.0036892769858241
1768216468778310700;0.858310546875;0.055877685546875;-0.0584869384765625;0.9972381591796876;-0.0119661148637533;-0.006418484263122;0.000770452490542
1768216468788310800;0.868310791015625;0.0561370849609375;-0.05804443359375;1.000213623046875;-0.0099154813215136;-0.0064794709905982;-0.0096691390499472
1768216468798311700;0.878311767578125;0.058563232421875;-0.0598907470703125;1.0024871826171875;-0.0074453991837799;-0.0110252201557159;-0.0151368752121925
1768216468808312600;0.8883125;0.0552215576171875;-0.0603179931640625;1.000396728515625;-0.0082888221368193;-0.0070429956540465;-0.0126271117478609
1768216468818313000;0.89831298828125;0.052032470703125;-0.061798095703125;0.9958953857421876;-0.0065609635785222;-0.0015723302494734;-0.0074693677015602
1768216468828313900;0.90831396484375;0.0557098388671875;-0.0597686767578125;0.9951019287109376;-0.007431817241013;-0.0071220914833247;-0.0051718587055802
1768216468838313700;0.918313720703125;0.0512237548828125;-0.057098388671875;0.993988037109375;-0.0100915161892771;-0.0038775624707341;-0.004554271697998
1768216468848315000;0.92831494140625;0.0453338623046875;-0.0556182861328125;0.993743896484375;-0.0109128346666693;0.0001193096177303;0.000704938720446
1768216468858314800;0.938314697265625;0.046234130859375;-0.0559539794921875;0.9953155517578124;-0.011461978778243;0.0039462721906602;0.0020176109392195
1768216468868315600;0.948315673828125;0.053558349609375;-0.054901123046875;0.99615478515625;-0.0093804523348808;0.0064621604979038;0.0021462414879351
1768216468878316800;0.95831689453125;0.05462646484375;-0.0543365478515625;0.9978790283203124;-0.0063220779411494;0.0065620290115475;0.0032320122700184
1768216468888317000;0.96831689453125;0.053863525390625;-0.0561676025390625;0.9974212646484376;-0.0056317867711186;0.0091402353718876;0.0042104576714336
1768216468898317800;0.97831787109375;0.0573272705078125;-0.0561676025390625;1.001922607421875;-0.0019952403381466;0.0069180936552584;-0.0006101301987655
1768216468908317700;0.988317626953125;0.058441162109375;-0.058074951171875;1.0032806396484375;-0.0014402375090867;0.0003723099071066;0.0001115864506573
1768216468918318800;0.99831884765625;0.054534912109375;-0.0592498779296875;0.9999237060546876;-0.0020256002899259;-0.0001845570659497;-0.0032013859599828
1768216468928319700;1.00831982421875;0.055267333984375;-0.0588226318359375;0.998748779296875;-0.0024136228021234;0.0007760451408103;-0.0088835060596466
1768216468938319600;1.018319580078125;0.0560760498046875;-0.0615386962890625;0.996856689453125;-0.0054573495872318;0.0004892227007076;-0.0111325457692146
1768216468948320800;1.02832080078125;0.05340576171875;-0.061279296875;0.9967498779296876;-0.0044647897593677;0.0030075078830122;-0.0103956488892436
1768216468958321000;1.03832080078125;0.050506591796875;-0.06134033203125;0.9945831298828124;-0.0055604139342904;0.0064962487667799;-0.0061063622124493
1768216468968321800;1.04832177734375;0.04962158203125;-0.0604400634765625;0.9961090087890624;-0.0057585532777011;0.0097365165129303;-0.0075620459392666
1768216468978321700;1.05832177734375;0.05303955078125;-0.0602874755859375;0.999359130859375;-0.0046930224634706;0.0095303878188133;-0.0144580351188778
1768216468988322800;1.06832275390625;0.0550689697265625;-0.0593109130859375;0.9984283447265624;-0.005355617031455;0.0087396958842873;-0.0164836347103118
1768216468998323700;1.07832373046875;0.0507965087890625;-0.05908203125;0.997802734375;-0.0067311394959688;0.0098560927435755;-0.0104771424084901
1768216469008323600;1.088323486328125;0.0504150390625;-0.0579833984375;1.0011138916015625;-0.0084126591682434;0.0093271890655159;-0.0069388663396239
1768216469018324700;1.09832470703125;0.0537567138671875;-0.057281494140625;1.0002288818359375;-0.0100190779194235;0.0030847394373267;-0.0084502100944519
1768216469028324900;1.108324951171875;0.058258056640625;-0.0560302734375;1.0019989013671875;-0.012991165742278;-0.0053713293746113;-0.0110390689224004
1768216469038325800;1.11832568359375;0.0578460693359375;-0.0546875;1.003997802734375;-0.0138961086049675;-0.0125128626823425;-0.010831874795258
1768216469048326700;1.12832666015625;0.0557708740234375;-0.0509490966796875;1.0004119873046875;-0.0146657619625329;-0.0147943925112485;-0.0049106026999652
1768216469058326800;1.138326904296875;0.048980712890625;-0.054962158203125;0.9966278076171876;-0.0219340603798627;-0.0175712704658508;0.0011006845161318
1768216469068327700;1.14832763671875;0.0423583984375;-0.0554351806640625;0.9926605224609376;-0.0296508371829986;-0.0182671546936035;0.0153083829209208
1768216469078327600;1.15832763671875;0.0438079833984375;-0.0522003173828125;0.998046875;-0.0315635204315185;0.0093492930755019;0.0178482383489608
1768216469088329000;1.168328857421875;0.044647216796875;-0.0514373779296875;0.9987640380859376;-0.0359761118888855;0.0147768156602978;0.0269384067505598
1768216469098328800;1.178328857421875;0.0608367919921875;-0.0525665283203125;1.0066680908203125;-0.0308138392865657;0.0182525068521499;0.0117746340110898
1768216469108329700;1.188329833984375;0.067047119140625;-0.0573272705078125;1.0090484619140625;-0.0214091520756483;0.0141411190852522;-0.0022413162514567
1768216469118330600;1.19833056640625;0.060028076171875;-0.059234619140625;1.009796142578125;-0.0182064343243837;0.0094121443107724;-0.0067495154216885
1768216469128330800;1.208330810546875;0.053131103515625;-0.0638427734375;1.001983642578125;-0.0128002176061272;0.0062805325724184;-0.0109820775687694
1768216469138331600;1.21833154296875;0.0555419921875;-0.06011962890625;0.9974212646484376;-0.0079897493124008;0.0021076255943626;-0.0163992140442132
1768216469148331800;1.228331787109375;0.051483154296875;-0.0581512451171875;0.9936370849609376;-0.0050634681247174;-0.0026439863722771;-0.0174157414585351
1768216469158333000;1.2383330078125;0.051971435546875;-0.055694580078125;0.994964599609375;-0.0008820389630272;-0.0001842907513491;-0.0148103712126612
1768216469168333800;1.248333740234375;0.0545654296875;-0.052734375;0.9988555908203124;-1.03863285403e-05;0.0026802052743732;-0.0130388364195823
1768216469178333700;1.258333740234375;0.05169677734375;-0.05010986328125;0.9963226318359376;0.0023190807551145;0.0043782368302345;-0.0160362236201763
1768216469188334600;1.26833447265625;0.05218505859375;-0.0502777099609375;0.996368408203125;0.0009225190151482;0.0062930495478212;-0.0159427467733621
1768216469198334700;1.278334716796875;0.0544586181640625;-0.0512847900390625;0.9989471435546876;-0.0008476841612718;0.01119140163064;-0.0101770041510462
1768216469208336000;1.2883359375;0.0566558837890625;-0.05255126953125;1.0015716552734375;-0.0021670141723006;0.0065654912032186;-0.0092377066612243
1768216469218335700;1.298335693359375;0.05548095703125;-0.0510406494140625;1.0020904541015625;-0.0064166202209889;0.0045404233969748;-0.0076113143004477
1768216469228337000;1.3083369140625;0.051025390625;-0.052398681640625;0.997711181640625;-0.0063375243917107;-0.0018125474452972;-0.0114015247672796
1768216469238337800;1.318337890625;0.0505218505859375;-0.053375244140625;0.9978485107421876;-0.0063902549445629;-0.0055335159413516;-0.0130865070968866
1768216469248337700;1.328337646484375;0.048309326171875;-0.051788330078125;0.995635986328125;-0.0097186733037233;-0.0128193916752934;-0.0120718432590365
1768216469258338800;1.3383388671875;0.0489654541015625;-0.0543060302734375;0.9968414306640624;-0.0086616650223732;-0.0177193414419889;-0.0097327884286642
1768216469268338700;1.348338623046875;0.0515289306640625;-0.05377197265625;0.999908447265625;-0.0054632085375487;-0.0146955894306302;-0.0027664916124194
1768216469278339800;1.35833984375;0.0509490966796875;-0.052825927734375;0.9991607666015624;-0.0047745150513947;-0.0156545937061309;5.21979563927e-05
1768216469288340000;1.368340087890625;0.0535125732421875;-0.053619384765625;1.002227783203125;-0.0030021814163774;-0.0127610685303807;0.0029814087320119
1768216469298340900;1.3783408203125;0.05450439453125;-0.052947998046875;1.0019683837890625;-0.0053372411057353;-0.0090387687087059;0.0030226877424865
1768216469308341800;1.388341796875;0.054931640625;-0.0535430908203125;0.99798583984375;-0.0071125044487416;-0.0052059474401175;0.0005656554130837
1768216469318341600;1.398341552734375;0.05767822265625;-0.056640625;0.99951171875;-0.0068629658780992;-0.0070408652536571;-0.0054360441863536
1768216469328342800;1.4083427734375;0.053253173828125;-0.05609130859375;0.9978790283203124;-0.0062941149808466;-0.0078523308038711;-0.0097999004647135
1768216469338342700;1.4183427734375;0.0516510009765625;-0.0564117431640625;0.99969482421875;-0.004293015692383;-0.0058626825921237;-0.0092784529551863
1768216469348343600;1.428343505859375;0.0495452880859375;-0.0562744140625;0.996826171875;-0.0017190704820677;0.0026072347536683;-0.010986871086061
1768216469358344400;1.438344482421875;0.049530029296875;-0.054962158203125;0.9964752197265624;-0.000393881520722;0.010735735297203;-0.0111168334260582
1768216469368344600;1.448344482421875;0.05523681640625;-0.0552978515625;0.99932861328125;0.0004969458677805;0.0117333550006151;-0.0121365580707788
1768216469378345500;1.458345458984375;0.05657958984375;-0.05462646484375;0.998382568359375;0.0007182545377872;0.0091349091380834;-0.0161597952246665
1768216469388345600;1.468345703125;0.0571441650390625;-0.0541534423828125;0.9965972900390624;-0.0025803367607295;0.0121019361540675;-0.0205018129199743
1768216469398346800;1.4783466796875;0.0558013916015625;-0.053955078125;0.9975738525390624;-0.0041766352951526;0.0110313454642891;-0.0169909670948982
1768216469408347600;1.48834765625;0.063446044921875;-0.05615234375;1.0018463134765625;-0.0036309538409113;0.0004394215648062;-0.0186226870864629
1768216469418347500;1.498347412109375;0.0678253173828125;-0.060333251953125;1.0054931640625;-0.0050895670428872;-0.0107133639976382;-0.017290573567152
1768216469428348400;1.508348388671875;0.0619049072265625;-0.0619049072265625;1.005706787109375;-0.0046701193787157;-0.0168458260595798;-0.0153254270553588
1768216469438348500;1.5183486328125;0.053558349609375;-0.0599212646484375;1.0035552978515625;-0.0032069785520434;-0.0142543036490678;-0.0141291348263621
1768216469448349700;1.528349609375;0.046905517578125;-0.0604400634765625;0.99774169921875;-0.0030807447619736;-0.0038767636287957;-0.0120755713433027
1768216469458349800;1.538349853515625;0.0490570068359375;-0.057464599609375;0.9935302734375;-0.0026604980230331;0.0044192494824528;-0.0135275265201926
1768216469468350700;1.548350830078125;0.051544189453125;-0.0551910400390625;0.990478515625;-0.0066491141915321;0.0087511474266648;-0.0156492665410041
1768216469478351600;1.5583515625;0.0496673583984375;-0.0567169189453125;0.9923858642578124;-0.0080989394336938;0.0145363323390483;-0.013612481765449
1768216469488351500;1.5683515625;0.051849365234375;-0.0565643310546875;0.9940643310546876;-0.0072099757380783;0.0094952341169118;-0.0089306440204381
1768216469498352600;1.5783525390625;0.053192138671875;-0.0544281005859375;0.999847412109375;-0.0058419099077582;0.0025001754984259;-0.0012255867477506
1768216469508352500;1.5883525390625;0.0521392822265625;-0.051177978515625;1.000579833984375;-0.004815527703613;-0.0022610237356275;0.0024335966445505
1768216469518353700;1.598353759765625;0.051788330078125;-0.05035400390625;1.00164794921875;-0.0020546286832541;0.002060487633571;2.79631913144e-05
1768216469528354600;1.6083544921875;0.0489959716796875;-0.051025390625;1.0006866455078125;-0.0013403689954429;0.0023821976501494;0.0039934101514518
1768216469538354700;1.618354736328125;0.051422119140625;-0.0508575439453125;1.0004119873046875;0.0018106831703335;0.0008141283178701;0.0087535437196493
1768216469548355600;1.62835546875;0.052490234375;-0.0498809814453125;0.9996490478515624;0.0026551715563982;0.0016466324450448;0.0132518894970417
1768216469558355500;1.63835546875;0.05755615234375;-0.05126953125;1.0003509521484375;0.0057577542029321;-0.0007621967233717;0.0112425340339541
1768216469568356600;1.648356689453125;0.0556488037109375;-0.056243896484375;0.999053955078125;0.0061678811907768;0.0011973571963608;0.0054986285977065
1768216469578356500;1.6583564453125;0.05078125;-0.0598297119140625;0.996734619140625;0.0051510860212147;0.0081175817176699;0.0047814394347369
1768216469588357600;1.668357666015625;0.0460662841796875;-0.060089111328125;0.994384765625;0.0045926212333142;0.0101298661902546;-2.58326617768e-05
1768216469598358500;1.678358642578125;0.046966552734375;-0.0598297119140625;0.994598388671875;0.0044299019500613;0.0205942243337631;0.00012463593157
1768216469608358700;1.688358642578125;0.0470428466796875;-0.0579681396484375;0.9961700439453124;0.0031465247739106;0.0223252791911363;-0.0001379517489112
1768216469618359600;1.698359619140625;0.054473876953125;-0.0592193603515625;0.9986114501953124;0.0007374293054454;0.0274774301797151;0.0052064796909689
1768216469628359700;1.708359619140625;0.0518035888671875;-0.0579986572265625;1.003692626953125;0.0037382792215794;0.0344631671905517;0.0036309538409113
1768216469638360600;1.718360595703125;0.0548858642578125;-0.0559234619140625;1.0040283203125;0.0052357744425535;0.0347531884908676;0.0008458199445158
1768216469648361700;1.72836181640625;0.0546875;-0.0578460693359375;1.0027008056640625;0.0005547364708036;0.0294260662049055;-0.0021033645607531
1768216469658361600;1.738361572265625;0.05718994140625;-0.056365966796875;1.0059814453125;-0.0016383767360821;0.0139538990333676;0.002789394930005
1768216469668362500;1.748362548828125;0.059539794921875;-0.0535125732421875;0.9996795654296876;-0.0038501319941133;0.0061505706980824;0.0060903830453753
1768216469678362600;1.758362548828125;0.065093994140625;-0.053436279296875;0.999114990234375;-0.001463406952098;-0.0062584285624325;0.0013646037550643
1768216469688363500;1.768363525390625;0.0548095703125;-0.04901123046875;0.9945526123046876;-0.0055992961861193;0.0078648468479514;0.0097234677523374
1768216469698364400;1.778364501953125;0.05816650390625;-0.0546417236328125;0.9988861083984376;-0.0046088667586445;0.0088480859994888;0.0053769219666719
1768216469708364500;1.788364501953125;0.055877685546875;-0.055023193359375;0.9969482421875;-0.0050040795467793;0.0106060393154621;-0.0003382214636076
1768216469718365700;1.79836572265625;0.05438232421875;-0.0581207275390625;0.9949951171875;-0.0014626081101596;0.0088773807510733;-0.0032160333357751
1768216469728365600;1.808365478515625;0.050018310546875;-0.059112548828125;0.9944305419921876;-0.0024458470288664;0.0118220383301377;-0.0047159255482256
1768216469738366700;1.81836669921875;0.0499267578125;-0.0573883056640625;0.9962615966796876;-0.0011257182341068;0.0077002639882266;-0.0025150892324745
1768216469748366600;1.82836669921875;0.0604095458984375;-0.0568695068359375;0.9976348876953124;-0.0009129316313192;-0.0046480149030685;-0.004235225263983
1768216469758367500;1.838367431640625;0.0569305419921875;-0.0561981201171875;1.0034332275390625;0.001340635237284;-0.0139216743409633;-0.0006183860241435
1768216469768368600;1.84836865234375;0.053192138671875;-0.0565032958984375;1.0033111572265625;0.0015707324491813;-0.0144668240100145;0.0010543455136939
1768216469778368800;1.85836865234375;0.054351806640625;-0.0533599853515625;1.00146484375;0.000286556140054;-0.0131075466051697;0.0024415859952569
1768216469788369700;1.86836962890625;0.0514068603515625;-0.05462646484375;1.000823974609375;-4.02137338824e-05;-0.0070584421046078;0.0083476779982447
1768216469798369500;1.87836962890625;0.0535430908203125;-0.0524444580078125;0.9998931884765624;-0.0001677791442489;-0.0087559409439563;0.0088078724220395
1768216469808370700;1.88837060546875;0.0534820556640625;-0.0523834228515625;0.99786376953125;0.0001187769812531;-0.009908290579915;0.0078629832714796
1768216469818371600;1.89837158203125;0.0533447265625;-0.053253173828125;0.995086669921875;-0.0033180324826389;-0.0111866081133484;0.0027920580469071
1768216469828371500;1.908371337890625;0.053070068359375;-0.0542449951171875;0.995269775390625;-0.0024929849896579;-0.0139515018090605;0.0042733084410429
1768216469838372600;1.91837255859375;0.0526580810546875;-0.05450439453125;0.9980010986328124;-0.0018722022650763;-0.0100459763780236;0.0034541198983788
1768216469848372700;1.928372802734375;0.0510406494140625;-0.0552520751953125;0.9977569580078124;0.0012831110507249;-0.011624963954091;0.0058893142268061
1768216469858373600;1.93837353515625;0.049224853515625;-0.0541229248046875;0.9949493408203124;0.0029507824219763;-0.0146383307874202;0.0026636936236172
1768216469868373800;1.948373779296875;0.0500335693359375;-0.05462646484375;0.9996185302734376;0.0030815436039119;-0.0129802469164133;0.0017688715597614
1768216469878374700;1.958374755859375;0.0506591796875;-0.0550994873046875;1.004638671875;0.0005267732776701;-0.00682701356709;0.0048509477637708
1768216469888375600;1.96837548828125;0.05474853515625;-0.0556640625;1.0076141357421875;0.0005776396137662;-0.0107546430081129;0.008371646516025
1768216469898375400;1.97837548828125;0.0519256591796875;-0.0544891357421875;1.001922607421875;-0.0019648801535367;-0.0111376056447625;0.0084321005269885
1768216469908376600;1.98837646484375;0.048858642578125;-0.054595947265625;0.9975433349609376;-0.0012905678013339;-0.0143911894410848;0.00580515852198
1768216469918376700;1.998376708984375;0.0471038818359375;-0.055755615234375;0.9972991943359376;-0.0020833909511566;-0.0138329910114407;0.0050938283093273
1768216469928377600;2.008377685546875;0.0463714599609375;-0.0551605224609375;0.997955322265625;-0.0050349724479019;-0.0161757748574018;0.0016495619202032
1768216469938378500;2.01837841796875;0.0470123291015625;-0.05535888671875;0.998199462890625;-0.0057159424759447;-0.0121658528223633;0.0076054553501307
1768216469948378600;2.028378662109375;0.04656982421875;-0.054901123046875;0.9996795654296876;-0.0065154237672686;-0.0086273103952407;0.0065116952173411
1768216469958379500;2.038379638671875;0.0513763427734375;-0.0539398193359375;1.000213623046875;-0.0051207263022661;-0.0096939066424965;0.0009097357979044
1768216469968379400;2.04837939453125;0.0537872314453125;-0.0549468994140625;1.00054931640625;-0.0064640245400369;-0.0129118040204048;-0.0009262474486604
1768216469978380800;2.058380859375;0.051055908203125;-0.0535736083984375;0.9991302490234376;-0.0060373861342668;-0.0137752005830407;-0.0030961909797042
1768216469988381700;2.068381591796875;0.050140380859375;-0.055450439453125;0.99951171875;-0.0047396277077496;-0.0162956155836582;-0.0015558187151327
1768216469998381600;2.078381591796875;0.0510711669921875;-0.0569000244140625;0.9998321533203124;-0.0039177760481834;-0.0147379329428076;-0.0020642161834985
1768216470008382500;2.088382568359375;0.0479736328125;-0.0557861328125;0.997955322265625;-0.0039185751229524;-0.0136641468852758;-0.0021148161031305
1768216470018382600;2.098382568359375;0.044891357421875;-0.05694580078125;0.9994049072265624;-0.0012452941155061;-0.0093080140650272;0.0023430490400642
1768216470028383500;2.108383544921875;0.046905517578125;-0.055389404296875;1.001007080078125;0.0005443501286208;-0.0068152956664562;0.0029089709278196
1768216470038383400;2.11838330078125;0.046356201171875;-0.055145263671875;0.9984893798828124;-0.0002548645134083;-0.00604351144284;0.0027044401504099
1768216470048384800;2.128384765625;0.0481719970703125;-0.055328369140625;0.9978179931640624;-0.0005850964807905;-0.0075380774214863;0.0001853560097515
1768216470058385700;2.1383857421875;0.0509490966796875;-0.054534912109375;0.9992523193359376;-0.0037851508241146;-0.010940265841782;0.0010271812789142
1768216470068385500;2.148385498046875;0.04986572265625;-0.0549163818359375;1.0003509521484375;-0.004636563360691;-0.0167448911815881;0.0024311996530741
1768216470078386400;2.158386474609375;0.0513153076171875;-0.0530853271484375;1.0015869140625;-0.0047153928317129;-0.0168293137103319;0.0025350630749017
1768216470088386600;2.168386474609375;0.050384521484375;-0.0528106689453125;0.999176025390625;-0.0045124599710106;-0.0145280761644244;0.0027664916124194
1768216470098387700;2.1783876953125;0.0528106689453125;-0.0538787841796875;0.998687744140625;-0.0055545549839735;-0.0140425823628902;-0.0042381547391414
1768216470108388600;2.188388671875;0.0501556396484375;-0.0556793212890625;0.9974365234375;-0.0011853729374706;-0.0124971494078636;-0.012834838591516
1768216470118388700;2.198388671875;0.046051025390625;-0.0575714111328125;0.9974822998046876;-0.0010498181218281;-0.0117719704285264;-0.0104292053729295
1768216470128389600;2.2083896484375;0.04571533203125;-0.058746337890625;0.998809814453125;-0.000548078562133;-0.0118236364796757;-0.00473323604092
1768216470138389500;2.218389404296875;0.0490264892578125;-0.056976318359375;0.9973297119140624;6.60463920212e-05;-0.0101748732849955;-0.0047460193745791
1768216470148390700;2.228390625;0.051544189453125;-0.056060791015625;0.9981842041015624;-0.0001661812566453;-0.0091596757993102;-0.0058198058977723
1768216470158391800;2.238391845703125;0.0487823486328125;-0.0556182861328125;0.9994049072265624;-0.0047249803319573;-0.0027353328187018;-0.0063835969194769
1768216470168391700;2.2483916015625;0.0470428466796875;-0.054534912109375;1.000335693359375;-0.0063268719241023;0.0022735407110303;-0.0078001325018703
1768216470178392600;2.258392578125;0.0465240478515625;-0.055511474609375;1.0011138916015625;-0.0059574912302196;0.0022754047531634;-0.0065260762348771
1768216470188392700;2.268392822265625;0.0478363037109375;-0.0545501708984375;1.0005950927734375;-0.0049675945192575;0.0031563783995807;-0.001391767989844
1768216470198393600;2.2783935546875;0.0475921630859375;-0.0540313720703125;0.9993896484375;-0.0029838057234883;0.0093444995582103;0.0041915490292012
1768216470208394500;2.28839453125;0.0463104248046875;-0.0512542724609375;0.9967041015625;0.0002514024090487;0.0158713739365339;0.0064299362711608
1768216470218394600;2.29839453125;0.05010986328125;-0.053192138671875;0.9930572509765624;-0.0012005530297756;0.0202229805290699;0.0052046156488358
1768216470228395800;2.308395751953125;0.0543212890625;-0.053802490234375;0.99481201171875;-0.0003443467139732;0.0174082852900028;0.0015044197207316
1768216470238395600;2.318395751953125;0.053253173828125;-0.05450439453125;0.9976806640625;0.0012029499048367;0.0079039959236979;-0.0030495857354253
1768216470248396500;2.328396484375;0.05352783203125;-0.0574798583984375;0.9959564208984376;0.0007001450285315;0.003949468024075;-0.0057276603765785
1768216470258396700;2.338396728515625;0.0457305908203125;-0.0585784912109375;1.00030517578125;-0.0019872507546097;0.0110481232404708;-0.0053572147153317
1768216470268397600;2.3483974609375;0.0424041748046875;-0.05908203125;0.9997711181640624;-0.0055617457255721;0.0192626435309648;-0.0054943677969276
1768216470278398500;2.3583984375;0.0459747314453125;-0.058837890625;1.001373291015625;-0.0071625718846917;0.0252345167100429;-0.0041891522705554
1768216470288398600;2.368398681640625;0.0457916259765625;-0.057220458984375;1.0009765625;-0.0037678403314203;0.0253857839852571;0.0006239786162041
1768216470298399700;2.378399658203125;0.05023193359375;-0.053955078125;1.0009918212890625;-0.0065393918193876;0.0260086972266435;-0.0013696637470275
1768216470308399600;2.388399658203125;0.048492431640625;-0.0553131103515625;0.9990081787109376;-0.0036578518338501;0.0275035295635461;-0.0021968416403979
1768216470318400500;2.398400390625;0.04693603515625;-0.0524444580078125;0.996490478515625;-0.0006442186422646;0.0350993983447551;0.0014370416756719
1768216470328401700;2.408401611328125;0.048492431640625;-0.0517730712890625;0.99761962890625;-0.0007395598222501;0.0338836647570133;-0.0029542446136474
1768216470338402600;2.418402587890625;0.058868408203125;-0.051666259765625;1.0018463134765625;-0.0001949433935806;0.0154876131564378;-0.0100094908848404
1768216470348403500;2.428403564453125;0.058807373046875;-0.054168701171875;1.0027618408203125;0.0016058861510828;0.0032181637361645;-0.0134375113993883
1768216470358403300;2.4384033203125;0.051239013671875;-0.0560760498046875;1.0012359619140625;0.0016386429779231;-0.000997353810817;-0.0130529515445232
1768216470368404500;2.448404541015625;0.0483551025390625;-0.054718017578125;0.999267578125;0.0008447546861134;-0.0024208133108913;-0.0120428139343857
1768216470378405400;2.4584052734375;0.046478271484375;-0.05682373046875;0.998443603515625;-0.0012780509423464;-0.0022418489679694;-0.0099703427404165
1768216470388405200;2.4684052734375;0.04962158203125;-0.0564117431640625;1.0006866455078125;-0.0051761199720203;-0.0020530307665467;-0.0070121032185852
1768216470398406400;2.478406494140625;0.049407958984375;-0.0553436279296875;0.9976043701171876;-0.0033571808598935;0.0014903049450367;-0.0081636542454361
1768216470408406500;2.488406494140625;0.047637939453125;-0.05316162109375;0.9964447021484376;-0.0034575820900499;0.0045398906804621;-0.0106907272711396
1768216470418407400;2.498407470703125;0.044677734375;-0.0536651611328125;0.99456787109375;-0.0037340181879699;0.0121179157868027;-0.0094832498580217
1768216470428407600;2.508407470703125;0.04705810546875;-0.0531158447265625;0.9974517822265624;-0.0011480887187644;0.0137456394731998;-0.0086771110072731
1768216470438408400;2.518408447265625;0.0504302978515625;-0.0518341064453125;0.99822998046875;0.0001099885557778;0.0086848344653844;-0.0078704403713345
1768216470448409300;2.528409423828125;0.0511016845703125;-0.05035400390625;0.998870849609375;2.42347650782e-05;0.0097716702148318;-0.0030908647459
1768216470458409200;2.5384091796875;0.0502777099609375;-0.0506744384765625;0.9994354248046876;-0.0008633967954665;0.0083921533077955;-0.0058317901566624
1768216470468410400;2.548410400390625;0.0519256591796875;-0.0530853271484375;0.999908447265625;-0.0013685984304174;0.0034416031558066;-0.0066935890354216
1768216470478410500;2.558410400390625;0.052276611328125;-0.0539093017578125;1.0002288818359375;-0.0006562029011547;0.0025020397733896;-0.0033814155030995
1768216470488411400;2.568411376953125;0.0505218505859375;-0.0566253662109375;0.998687744140625;-0.0019571571610867;0.0014173343079164;-0.0021228056866675
1768216470498412300;2.578412353515625;0.0503082275390625;-0.057098388671875;0.998046875;-0.0030519824940711;0.0075934710912406;-0.0024410535115748
1768216470508412400;2.588412353515625;0.048919677734375;-0.05499267578125;0.9982452392578124;-0.0036405411083251;0.0078893480822443;0.0013361079618334
1768216470518413300;2.598413330078125;0.0519866943359375;-0.0536346435546875;0.99798583984375;-0.0018237327458336;0.0088784461840987;0.0005123922019265
1768216470528413200;2.6084130859375;0.04962158203125;-0.05364990234375;0.997894287109375;-0.000221042369958;0.0103027047589421;-0.0088270474225282
1768216470538414600;2.61841455078125;0.04998779296875;-0.0550994873046875;0.9988555908203124;-0.0032168321777135;0.0055963667109608;-0.0121437478810548
1768216470548415500;2.62841552734375;0.05157470703125;-0.0570220947265625;1.0013427734375;-0.0009773800848051;-0.0001113201360567;-0.0117743676528334
1768216470558415400;2.638415283203125;0.05047607421875;-0.0564727783203125;1.004852294921875;0.0001251685753231;-0.0037483992055058;-0.0137701407074928
1768216470568416300;2.648416259765625;0.0533294677734375;-0.0566558837890625;1.003662109375;-0.0006082659820094;-0.0080171804875135;-0.0146274119615554
1768216470578416400;2.65841650390625;0.0522003173828125;-0.057037353515625;1.0017242431640625;-0.0010737865231931;-0.0061375210061669;-0.0092568816617131
1768216470588417300;2.668417236328125;0.0493011474609375;-0.0556488037109375;0.998291015625;-0.0034645062405616;3.48874091287e-05;-0.0023025691043585
1768216470598418400;2.67841845703125;0.0495452880859375;-0.053009033203125;0.9996795654296876;-0.002223739400506;0.0011659319279715;0.0046370960772037
1768216470608418600;2.68841845703125;0.0515899658203125;-0.0511627197265625;0.9969635009765624;-0.0015672702575102;-0.0017028251895681;0.0001358212175546
1768216470618419500;2.69841943359375;0.0482940673828125;-0.0516357421875;0.9969024658203124;-0.003163835266605;0.003492469433695;-0.0036674391012638
1768216470628419300;2.70841943359375;0.0470428466796875;-0.051666259765625;0.99908447265625;-0.0041012680158019;0.0076587186194956;-0.0056147426366806
1768216470638420200;2.718420166015625;0.049774169921875;-0.0536346435546875;0.9986419677734376;-0.0024197481106966;0.0052546830847859;-0.0066746803931891
1768216470648420400;2.72842041015625;0.0486907958984375;-0.0553436279296875;0.99658203125;-0.0028096348978579;0.0052397693507373;-0.0066038402728736
1768216470658421200;2.738421142578125;0.0471649169921875;-0.05548095703125;0.9954986572265624;-0.0017294568242505;0.0115519938990473;-0.0071865399368107
1768216470668422400;2.74842236328125;0.049163818359375;-0.0552825927734375;0.9956207275390624;-0.001553688198328;0.0141064980998635;-0.0050203250721096
1768216470678422500;2.758422607421875;0.0530242919921875;-0.0555877685546875;0.9963836669921876;-0.0039478698745369;0.008862467482686;-0.0062158177606761
1768216470688423400;2.76842333984375;0.0550384521484375;-0.0533905029296875;0.9968414306640624;-0.0061369882896542;0.0080296965315938;-0.0020248014479875
1768216470698423300;2.77842333984375;0.0530242919921875;-0.0526885986328125;0.9967041015625;-0.0048775793984532;0.0110433297231793;8.70853691594e-05
1768216470708424400;2.788424560546875;0.0545654296875;-0.05377197265625;1.001953125;-0.0054866443388164;0.01071123406291;-0.005151352379471
1768216470718425600;2.798425537109375;0.0518035888671875;-0.0544586181640625;1.0008544921875;-0.0014013553736731;0.0084795048460364;-0.0049188584089279
1768216470728425500;2.808425537109375;0.0499267578125;-0.0554351806640625;1.0035552978515625;-0.0013377057621255;0.0104885939508676;-0.0036506610922515
1768216470738426400;2.81842626953125;0.053436279296875;-0.0569610595703125;1.0023345947265625;0.0006833671359345;0.0035071168094873;-0.0005163869354873
1768216470748426500;2.828426513671875;0.053131103515625;-0.057952880859375;0.9976043701171876;-0.0017595505341887;0.0030051108915358;0.0014026869321241
1768216470758427400;2.838427490234375;0.0511016845703125;-0.0551910400390625;0.9958953857421876;-0.0042794337496161;0.0056504290550947;0.0001536643976578
1768216470768428300;2.84842822265625;0.0545654296875;-0.0540313720703125;0.9959869384765624;-0.0038229676429182;0.0122793028131127;-0.0060733389109373
1768216470778428400;2.858428466796875;0.0524749755859375;-0.053985595703125;0.9955291748046876;-0.0070525831542909;0.015795474871993;-0.0122188497334718
1768216470788429600;2.8684296875;0.052093505859375;-0.0550689697265625;0.99664306640625;-0.0061114220879971;0.0183318685740232;-0.0158902835100889
1768216470798429400;2.878429443359375;0.0491943359375;-0.0552215576171875;0.9967498779296876;-0.0050299121066927;0.0195523966103792;-0.0144391264766454
1768216470808430300;2.888430419921875;0.0487213134765625;-0.0547943115234375;0.995025634765625;-0.006409962195903;0.0242531411349773;-0.0106334695592522
1768216470818430500;2.898430419921875;0.0481414794921875;-0.0548553466796875;0.99560546875;-0.0051534827798604;0.0240925531834363;-0.0095375785604119
1768216470828431400;2.908431396484375;0.0544281005859375;-0.0550079345703125;0.9989471435546876;-0.006435262504965;0.0207199249416589;-0.0069838734343647
1768216470838432300;2.918432373046875;0.0564117431640625;-0.053009033203125;1.0014190673828125;-0.0035188347101211;0.0155443381518125;-0.005708485841751
1768216470848432400;2.928432373046875;0.0575103759765625;-0.052001953125;0.9993438720703124;-0.0054000918753445;0.0099807288497686;-0.0107727525755763
1768216470858433500;2.93843359375;0.0561676025390625;-0.051849365234375;1.000701904296875;-0.0071740234270691;0.0071750883944332;-0.0176301263272762
1768216470868433400;2.948433349609375;0.0512542724609375;-0.054229736328125;1.0024566650390625;-0.0101983090862631;0.009664611890912;-0.0171153377741575
1768216470878434300;2.958434326171875;0.04705810546875;-0.053741455078125;1.0004119873046875;-0.0084992125630378;0.0118814269080758;-0.0141957141458988
1768216470888435500;2.968435546875;0.0490875244140625;-0.0536041259765625;0.998382568359375;-0.0070736221969127;0.0180711466819047;-0.0118912803009152
1768216470898435300;2.978435302734375;0.0518798828125;-0.053009033203125;0.996185302734375;-0.0087852356955409;0.0267192292958498;-0.0160937495529651
1768216470908436200;2.988436279296875;0.051788330078125;-0.055572509765625;0.996795654296875;-0.0056823869235813;0.0318210460245609;-0.0159155838191509
1768216470918436400;2.998436279296875;0.0520477294921875;-0.0554656982421875;0.99993896484375;-0.0046299053356051;0.0295187439769506;-0.0173353143036365
1768216470928437500;3.0084375;0.053009033203125;-0.0547943115234375;0.99517822265625;-0.0012652678415179;0.0274257659912109;-0.0193507950752973
1768216470938438400;3.0184384765625;0.052459716796875;-0.05828857421875;0.99603271484375;-0.0012551478575915;0.0243966858834028;-0.0194493308663368
1768216470948438500;3.0284384765625;0.0504150390625;-0.057769775390625;0.9982147216796876;-0.0012010856298729;0.0209079440683126;-0.0184418577700853
1768216470958439400;3.038439453125;0.05145263671875;-0.056549072265625;0.9976806640625;-0.0028008464723825;0.0200900882482528;-0.0180775374174118
1768216470968439300;3.048439208984375;0.0523223876953125;-0.05474853515625;1.0004730224609375;-0.0049111354164779;0.0183760784566402;-0.0187625028192996
1768216470978440200;3.058440185546875;0.05499267578125;-0.052490234375;1.002197265625;-0.002331863855943;0.0148351388052105;-0.0249474272131919
1768216470988441300;3.06844140625;0.0558624267578125;-0.0544586181640625;1.0026397705078125;-0.0010508833220228;0.0095231980085372;-0.0308553837239742
1768216470998441500;3.07844140625;0.05438232421875;-0.054595947265625;1.0013580322265625;0.0018540926976129;0.0087833711877465;-0.0330724641680717
1768216471008442400;3.0884423828125;0.052642822265625;-0.0538177490234375;0.997406005859375;-0.0004660531994886;0.0093269227072596;-0.0347712971270084
1768216471018442500;3.0984423828125;0.0530242919921875;-0.0549468994140625;1.0004119873046875;-0.0006865629111416;0.0076533923856914;-0.0334929786622524
1768216471028443400;3.108443359375;0.0522918701171875;-0.055755615234375;1.001983642578125;-0.0001488707057433;0.0066248793154954;-0.0327246561646461
1768216471038444300;3.1184443359375;0.04913330078125;-0.056549072265625;1.0006561279296875;-0.0015893745003268;0.0101389205083251;-0.0278838295489549
1768216471048444400;3.1284443359375;0.0495147705078125;-0.05377197265625;1.00006103515625;-0.0008407599525526;0.0099791307002305;-0.0281727816909551
1768216471058445600;3.138445556640625;0.0535736083984375;-0.0536956787109375;1.0004425048828125;0.0001536643976578;0.0052416333928704;-0.0313158445060253
1768216471068445400;3.148445556640625;0.052947998046875;-0.053741455078125;0.99908447265625;0.0016069513512775;0.0056464341469109;-0.0340586341917514
1768216471078446300;3.1584462890625;0.0518798828125;-0.05523681640625;0.9999847412109376;0.002796585438773;0.0103421192616224;-0.0321139954030513
1768216471088446500;3.168446533203125;0.0509185791015625;-0.0523834228515625;0.998321533203125;0.0028503811918199;0.0162346307188272;-0.0273149777203798
1768216471098447400;3.178447265625;0.055267333984375;-0.0539703369140625;0.9981536865234376;0.0019102854421362;0.0169446282088756;-0.0287605412304401
1768216471108448500;3.188448486328125;0.0554962158203125;-0.05194091796875;0.9983367919921876;0.0035973980557173;0.0113858124241232;-0.0288654696196317
1768216471118448400;3.198448486328125;0.059478759765625;-0.0534820556640625;0.9994049072265624;0.0031236216891556;0.0109040467068552;-0.0358602628111839
1768216471128449500;3.208449462890625;0.0545196533203125;-0.054168701171875;0.998809814453125;-2.183792094e-05;0.0103647569194436;-0.0331952385604381
1768216471138449400;3.218449462890625;0.0529632568359375;-0.0563507080078125;0.999176025390625;0.0006466155173256;0.0127797108143568;-0.0318679176270961
1768216471148450300;3.2284501953125;0.0482025146484375;-0.054962158203125;0.9996337890625;-0.0001912149600684;0.0237186457961797;-0.023928502574563
1768216471158451200;3.238451171875;0.04632568359375;-0.0536041259765625;0.994140625;-0.0027763454709202;0.0270175021141767;-0.0203249789774417
1768216471168451300;3.248451416015625;0.0523681640625;-0.052398681640625;0.9979248046875;-0.0050040795467793;0.0304138325154781;-0.0234669763594865
1768216471178452500;3.258452392578125;0.055267333984375;-0.0546112060546875;0.9978485107421876;-0.0072720274329185;0.0334572941064834;-0.0270065832883119
1768216471188452600;3.26845263671875;0.0527801513671875;-0.0531158447265625;0.9959869384765624;-0.0090414322912693;0.0433525331318378;-0.0236249025911092
1768216471198453500;3.27845361328125;0.05438232421875;-0.0488128662109375;0.995269775390625;-0.0050632017664611;0.0504266880452632;-0.0215324554592371
1768216471208454400;3.288454345703125;0.061065673828125;-0.0512847900390625;0.9981842041015624;-0.0024479776620864;0.0480615347623825;-0.0207023490220308
1768216471218454300;3.298454345703125;0.0618438720703125;-0.052276611328125;0.999053955078125;-0.0037223002873361;0.0440617352724075;-0.0267852749675512
1768216471228455400;3.308455322265625;0.0591888427734375;-0.052520751953125;1.00018310546875;-0.0002732403227128;0.0424177646636962;-0.0289285872131586
1768216471238455300;3.318455322265625;0.058349609375;-0.05517578125;1.00372314453125;8.22916772449e-05;0.0282518770545721;-0.0305336751043796
1768216471248456400;3.32845654296875;0.063201904296875;-0.059326171875;1.001861572265625;0.0040458743460476;0.0179563630372285;-0.0368275232613086
1768216471258457300;3.338457275390625;0.0604095458984375;-0.056640625;1.0045928955078125;0.0071223578415811;0.0154527258127927;-0.0362911634147167
1768216471268457500;3.34845751953125;0.0558319091796875;-0.0591278076171875;1.005035400390625;0.0077340858988463;0.0167110692709684;-0.0362370982766151
1768216471278458400;3.358458251953125;0.0572509765625;-0.055999755859375;1.0067596435546875;0.0066776098683476;0.0120092583820223;-0.0319475457072258
1768216471288458200;3.368458251953125;0.0645904541015625;-0.0552825927734375;1.004547119140625;0.0038458709605038;0.0021651498973369;-0.02955948933959
1768216471298459400;3.37845947265625;0.0597381591796875;-0.055908203125;0.9990386962890624;0.0009376989910379;0.0038362834602594;-0.0276910159736871
1768216471308460500;3.38846044921875;0.0557403564453125;-0.0530242919921875;0.9971923828125;-0.0028826056513935;0.0056427055969834;-0.0249104090034961
1768216471318460400;3.39846044921875;0.056854248046875;-0.0504150390625;0.9971923828125;-0.0021781993564218;0.0033510555513203;-0.0261165555566549
1768216471328461300;3.40846142578125;0.0570526123046875;-0.05072021484375;0.996734619140625;-0.0025936525780707;-0.0016429040115326;-0.0278718452900648
1768216471338461000;3.4184609375;0.055084228515625;-0.05352783203125;0.9973297119140624;-0.0019744676537811;-6.79106087773e-05;-0.0269525218755006
1768216471348461800;3.4284619140625;0.054962158203125;-0.0535888671875;0.99639892578125;-0.002738528419286;0.0007099987124092;-0.0282140616327524
1768216471358462000;3.4384619140625;0.057861328125;-0.05645751953125;0.9981842041015624;-0.0027284084353595;-0.001726527349092;-0.0293368492275476
1768216471368462800;3.448462890625;0.0586395263671875;-0.0559234619140625;0.998779296875;-0.0020200076978653;-0.0080552631989121;-0.0258044321089983
1768216471378464000;3.458464111328125;0.05706787109375;-0.0541229248046875;0.99713134765625;-0.0005861617391929;-0.013520335778594;-0.0198924820870161
1768216471388463900;3.4684638671875;0.059600830078125;-0.0554046630859375;0.9971771240234376;-0.0013233247445896;-0.0197990052402019;-0.015580290928483
1768216471398465000;3.478465087890625;0.0595550537109375;-0.0522003173828125;0.9990081787109376;-0.0048895636573433;-0.0261005759239196;-0.01540984865278
1768216471408465000;3.48846484375;0.063568115234375;-0.054229736328125;0.99945068359375;-0.0010583401890471;-0.0387987941503524;-0.0217756032943725
1768216471418465800;3.4984658203125;0.0616302490234375;-0.0558929443359375;1.0016326904296875;-0.005233644042164;-0.043199136853218;-0.0221473798155784
1768216471428466700;3.508466796875;0.05718994140625;-0.0579986572265625;1.001251220703125;-0.0058589545078575;-0.0431205742061138;-0.0245759170502424
1768216471438466800;3.518466796875;0.0570526123046875;-0.0564727783203125;0.9998321533203124;-0.0086763128638267;-0.0354301631450653;-0.0190525203943252
1768216471448468000;3.528468017578125;0.0543975830078125;-0.0555267333984375;1.0015716552734375;-0.0069135660305619;-0.0287189967930316;-0.0193225648254156
1768216471458467800;3.5384677734375;0.05743408203125;-0.0552825927734375;1.0001068115234375;-0.0063697486184537;-0.0295301955193281;-0.0190993919968605
1768216471468469000;3.548468994140625;0.0557098388671875;-0.051971435546875;0.9995880126953124;-0.0059854546561837;-0.0263770129531621;-0.0147051764652132
1768216471478470000;3.558469970703125;0.0558013916015625;-0.053802490234375;0.9983367919921876;-0.007186806295067;-0.0327560827136039;-0.0147547116503119
1768216471488469800;3.5684697265625;0.05511474609375;-0.0534515380859375;0.9980010986328124;-0.0086193205788731;-0.0287925004959106;-0.0160569977015256
1768216471498470700;3.578470703125;0.0486297607421875;-0.0523681640625;0.99560546875;-0.0079047949984669;-0.0218682810664176;-0.0135027589276432
1768216471508471000;3.588470947265625;0.0477752685546875;-0.0508270263671875;0.9946441650390624;-0.0063140885904431;-0.0064680194482207;-0.0132673354819417
1768216471518472000;3.598471923828125;0.0438385009765625;-0.0532379150390625;0.9931488037109376;-0.0030610372778028;0.0080832261592149;-0.0146465869620442
1768216471528472800;3.608472900390625;0.050384521484375;-0.0539093017578125;0.99212646484375;-0.0031446604989469;0.0102715454995632;-0.0121773043647408
1768216471538473000;3.618472900390625;0.0562744140625;-0.05511474609375;0.9962158203125;-0.0045827673748135;0.0099975066259503;-0.0085162566974759
1768216471548473900;3.628473876953125;0.0578460693359375;-0.0554656982421875;0.9972076416015624;-0.0021832594648003;0.0139411156997084;-0.0044623925350606
1768216471558473700;3.6384736328125;0.0596466064453125;-0.0533905029296875;0.9969024658203124;-0.0054717306047677;0.017190171405673;-0.002780872862786
1768216471568475100;3.64847509765625;0.058319091796875;-0.0535736083984375;0.9979248046875;-0.0118830250576138;0.0170844439417123;-0.0059508332051336
1768216471578475000;3.65847509765625;0.0561981201171875;-0.0527801513671875;1.00115966796875;-0.0133791882544755;0.0159166492521762;-0.0053494917228817
1768216471588476000;3.668475830078125;0.0578460693359375;-0.0532684326171875;1.0024261474609375;-0.0150045156478881;0.0153688360005617;-0.0071686971932649
1768216471598476800;3.678476806640625;0.0616912841796875;-0.05194091796875;0.998199462890625;-0.0155661767348647;0.0147142307832837;-0.0034376082476228
1768216471608477000;3.688476806640625;0.063873291015625;-0.0529632568359375;1.0005645751953125;-0.0119850235059857;0.012008992023766;-0.0043928842060267
1768216471618477800;3.698477783203125;0.0695343017578125;-0.0549468994140625;1.0005645751953125;-0.0113980630412697;0.0059164785780012;-0.0070547135546803
1768216471628477700;3.708477783203125;0.0662384033203125;-0.05615234375;0.9971160888671876;-0.0109368031844496;0.0043856934644281;-0.0097016291692852
1768216471638479000;3.71847900390625;0.0661163330078125;-0.056396484375;0.9931793212890624;-0.0121429488062858;0.0084424866363406;-0.0163443516939878
1768216471648480000;3.72847998046875;0.061981201171875;-0.0573577880859375;0.9911956787109376;-0.0090584764257073;0.0150689641013741;-0.0208181962370872
1768216471658479900;3.73847998046875;0.0655059814453125;-0.0574951171875;0.9890899658203124;-0.0118401478976011;0.0191388074308633;-0.0277405511587858
1768216471668480800;3.748480712890625;0.06719970703125;-0.05712890625;0.9917449951171876;-0.0119725065305829;0.0202706512063741;-0.0304721556603908
1768216471678481000;3.75848095703125;0.0675506591796875;-0.060028076171875;0.991912841796875;-0.0130023509263992;0.0272747632116079;-0.033010147511959
1768216471688481800;3.768481689453125;0.0704498291015625;-0.059967041015625;0.9918212890625;-0.0158822927623987;0.032965138554573;-0.0380989164113998
1768216471698483000;3.77848291015625;0.0723419189453125;-0.0585174560546875;0.9904632568359376;-0.0166088044643402;0.0350408069789409;-0.0443211272358894
1768216471708483000;3.788483154296875;0.0705413818359375;-0.05810546875;0.986083984375;-0.0180189479142427;0.0373154133558273;-0.0458391271531581
1768216471718484000;3.79848388671875;0.07073974609375;-0.057159423828125;0.9878387451171876;-0.0164183881133794;0.04073091968894;-0.0504895374178886
1768216471728483800;3.80848388671875;0.0714111328125;-0.0595245361328125;0.98651123046875;-0.0166141297668218;0.047543816268444;-0.0542888045310974
1768216471738484700;3.818484619140625;0.075897216796875;-0.0614013671875;0.9898681640625;-0.0178322605788707;0.0533766709268093;-0.0588207058608531
1768216471748486000;3.82848583984375;0.0759429931640625;-0.06097412109375;0.9912109375;-0.0165289100259542;0.0579194910824298;-0.0648213401436805
1768216471758485800;3.83848583984375;0.0802764892578125;-0.060760498046875;0.9908599853515624;-0.0128870364278554;0.0570382513105869;-0.0727820619940757
1768216471768487000;3.84848681640625;0.078857421875;-0.060577392578125;0.9912109375;-0.0139144835993647;0.0600212588906288;-0.0789696499705314
1768216471778487000;3.858487060546875;0.0785064697265625;-0.0586090087890625;0.99249267578125;-0.012180233374238;0.0551873557269573;-0.0841745287179946
1768216471788488000;3.868488037109375;0.0793914794921875;-0.0587310791015625;0.9950714111328124;-0.0116428071632981;0.0472892187535762;-0.0883836597204208
1768216471798488800;3.87848876953125;0.0713653564453125;-0.0584564208984375;0.9971466064453124;-0.0092275869101285;0.0517811737954616;-0.0883218720555305
1768216471808489000;3.888489013671875;0.067047119140625;-0.0596771240234375;1.005035400390625;-0.0096915094181895;0.0527321882545948;-0.0886691510677337
1768216471818489900;3.89848974609375;0.0715484619140625;-0.057891845703125;1.00543212890625;-0.004882373381406;0.0566891133785247;-0.0878640785813331
1768216471828489700;3.90848974609375;0.0668182373046875;-0.0534515380859375;1.0001983642578125;-0.006229932885617;0.0552925504744052;-0.0892507806420326
1768216471838491000;3.918490966796875;0.0672607421875;-0.05255126953125;1.00067138671875;-0.0074161044321954;0.0555378273129463;-0.0868398249149322
1768216471848491000;3.928490966796875;0.0618896484375;-0.052001953125;1.0002288818359375;-0.0096819223836064;0.0604383088648319;-0.0828168541193008
1768216471858492000;3.938491943359375;0.0626678466796875;-0.0486907958984375;1.0029296875;-0.0087436903268098;0.0614958517253398;-0.086548738181591
1768216471868492800;3.948492919921875;0.0627288818359375;-0.04998779296875;1.005218505859375;-0.0113522568717598;0.0643172040581703;-0.0913570746779441
1768216471878493000;3.958492919921875;0.0613555908203125;-0.05010986328125;1.0034637451171875;-0.011969044804573;0.0691412538290023;-0.0914992913603782
1768216471888493800;3.968493896484375;0.063720703125;-0.0507354736328125;1.003082275390625;-0.0108095044270157;0.0746755674481391;-0.0877879112958908
1768216471898494000;3.978493896484375;0.072662353515625;-0.04937744140625;1.0059814453125;-0.0087775122374296;0.0697303488850593;-0.0865391492843627
1768216471908494800;3.988494873046875;0.0788116455078125;-0.0491180419921875;1.0059051513671875;-0.0051164650358259;0.0612796023488044;-0.0898971334099769
1768216471918496000;3.99849609375;0.0807037353515625;-0.0515899658203125;1.0015106201171875;-0.0063995760865509;0.0542208924889564;-0.0923166126012802
1768216471928495900;4.008495849609375;0.083282470703125;-0.050689697265625;0.99737548828125;-0.0038144455756992;0.0499025769531726;-0.0958807244896888
1768216471938496800;4.018496826171875;0.090057373046875;-0.05255126953125;0.9933319091796876;-0.0062499064952135;0.0513619892299175;-0.098683163523674
1768216471948497000;4.028496826171875;0.09490966796875;-0.05291748046875;0.994537353515625;-0.0045436192303895;0.0563588812947273;-0.1053376048803329
1768216471958498000;4.038498046875;0.10028076171875;-0.05096435546875;0.9885101318359376;-0.0015947008505463;0.0581626370549202;-0.109884425997734
1768216471968499000;4.0484990234375;0.1105804443359375;-0.048797607421875;0.9888916015625;0.0005118595436215;0.0558590032160282;-0.1179554015398025
1768216471978498800;4.058498779296875;0.1219482421875;-0.0509033203125;0.9891815185546876;0.0028983182273805;0.0651712790131568;-0.1294267028570175
1768216471988500000;4.0685;0.1362762451171875;-0.05047607421875;0.9896240234375;0.002305498579517;0.0658490508794784;-0.1322384625673294
1768216471998499800;4.078499755859375;0.1392974853515625;-0.052490234375;0.980377197265625;0.0008351673022843;0.0681284517049789;-0.1296828985214233
1768216472008500700;4.088500732421875;0.14788818359375;-0.055633544921875;0.9765777587890624;0.0049217878840863;0.0633579343557357;-0.1367237567901611
1768216472018502000;4.098501953125;0.1526031494140625;-0.0568084716796875;0.9715118408203124;0.0009116000146605;0.0589109882712364;-0.1415022760629654
1768216472028502000;4.108501953125;0.150482177734375;-0.0593109130859375;0.963134765625;0.0005006743012927;0.0606625489890575;-0.1430120170116424
1768216472038503000;4.1185029296875;0.1512298583984375;-0.0603179931640625;0.9476470947265624;0.0002940129779744;0.0674368292093277;-0.1435185521841049
1768216472048503000;4.1285029296875;0.1542510986328125;-0.0596923828125;0.940093994140625;-0.0034900726750493;0.0611509718000888;-0.1424583494663238
1768216472058504000;4.13850390625;0.1494903564453125;-0.0605316162109375;0.9380340576171876;0.0043532028794288;0.0700232908129692;-0.1422748565673828
1768216472068504800;4.1485048828125;0.134521484375;-0.0658721923828125;0.94049072265625;0.0126518793404102;0.1063946187496185;-0.140504390001297
1768216472078504700;4.158504638671875;0.12750244140625;-0.0626220703125;0.941864013671875;0.0263021774590015;0.1477638930082321;-0.1375173777341842
1768216472088505900;4.168505859375;0.13153076171875;-0.05694580078125;0.942596435546875;0.0271759610623121;0.1636576354503631;-0.1268138736486435
1768216472098506000;4.178506103515625;0.1431427001953125;-0.0511627197265625;0.9410858154296876;0.0318727120757103;0.1756759583950042;-0.1235805302858352
1768216472108507000;4.1885068359375;0.1526031494140625;-0.0479736328125;0.9474334716796876;0.0361257791519165;0.1992052495479583;-0.1336573958396911
1768216472118507800;4.1985078125;0.155517578125;-0.0519866943359375;0.9542999267578124;0.0338804684579372;0.2189983874559402;-0.1375994086265564
1768216472128508000;4.2085078125;0.151702880859375;-0.05224609375;0.9551239013671876;0.037447240203619;0.2316516041755676;-0.1250457912683487
1768216472138508800;4.2185087890625;0.1452789306640625;-0.05487060546875;0.9510040283203124;0.0506687685847282;0.2554035484790802;-0.1083762720227241
1768216472148508700;4.2285087890625;0.147918701171875;-0.0562286376953125;0.9483642578125;0.0598675943911075;0.2722488343715668;-0.1018747016787529
1768216472158510000;4.238510009765625;0.1522369384765625;-0.055145263671875;0.949188232421875;0.0730766057968139;0.2703990042209625;-0.099148690700531
1768216472168510000;4.248510009765625;0.150665283203125;-0.051116943359375;0.9647216796875;0.0806868597865104;0.2745287716388702;-0.1022350266575813
1768216472178510800;4.2585107421875;0.1469879150390625;-0.0588531494140625;0.9571075439453124;0.078815720975399;0.2896411418914795;-0.1047636941075325
1768216472188511700;4.26851171875;0.1491851806640625;-0.0582122802734375;0.950439453125;0.074455589056015;0.2947043478488922;-0.1109251827001571
1768216472198511900;4.278511962890625;0.161041259765625;-0.068572998046875;0.95526123046875;0.0685372501611709;0.30353644490242;-0.1204097643494606
1768216472208512800;4.2885126953125;0.1715545654296875;-0.0754852294921875;0.947540283203125;0.0687596201896667;0.3094920814037323;-0.1273587495088577
1768216472218513000;4.298512939453125;0.1784515380859375;-0.0801544189453125;0.9391326904296876;0.0695031806826591;0.3254276216030121;-0.1361751556396484
1768216472228514000;4.30851416015625;0.1782684326171875;-0.0841522216796875;0.93646240234375;0.066823236644268;0.3517388701438904;-0.1389967650175094
1768216472238515000;4.318514892578125;0.1739349365234375;-0.085784912109375;0.9340057373046876;0.0669231042265892;0.3740590810775757;-0.1372633129358291
1768216472248514800;4.328514892578125;0.1641387939453125;-0.083892822265625;0.9375;0.0734707564115524;0.3815785050392151;-0.1328584551811218
1768216472258515700;4.338515625;0.1578216552734375;-0.0867156982421875;0.9363861083984376;0.0717029497027397;0.3860142827033996;-0.1271795183420181
1768216472268515800;4.348515869140625;0.1469879150390625;-0.085540771484375;0.9310302734375;0.0693255439400672;0.3993580341339111;-0.1179183796048164
1768216472278517000;4.35851708984375;0.149017333984375;-0.0802764892578125;0.9203033447265624;0.0610463097691535;0.4195703864097595;-0.1134522631764411
1768216472288518000;4.368517822265625;0.1707916259765625;-0.071319580078125;0.934112548828125;0.0686688125133514;0.4371099472045898;-0.1291278898715973
1768216472298518000;4.37851806640625;0.1960906982421875;-0.0713043212890625;0.9461822509765624;0.0849223509430885;0.4378079771995544;-0.1352795213460922
1768216472308519000;4.388518798828125;0.1970672607421875;-0.0652923583984375;0.9549102783203124;0.1051091104745864;0.4531139433383941;-0.1413414180278778
1768216472318518800;4.398518798828125;0.1895599365234375;-0.067291259765625;0.9499664306640624;0.1214409470558166;0.49578657746315;-0.1532478779554367
1768216472328520000;4.40852001953125;0.17620849609375;-0.069671630859375;0.9403228759765624;0.1419113278388977;0.5388283133506775;-0.1579475551843643
1768216472338521000;4.41852099609375;0.171966552734375;-0.070098876953125;0.9354400634765624;0.1556876003742218;0.5540802478790283;-0.1607097834348678
1768216472348521000;4.42852099609375;0.17352294921875;-0.0727691650390625;0.9328460693359376;0.1660757958889007;0.5552179217338562;-0.1608426719903946
1768216472358522000;4.438522216796875;0.18096923828125;-0.0758819580078125;0.9262847900390624;0.1664678007364273;0.5728158354759216;-0.1736290454864502
1768216472368522200;4.448522216796875;0.193389892578125;-0.084564208984375;0.9239959716796876;0.1651167869567871;0.5951363444328308;-0.195962056517601
1768216472378523100;4.458523193359375;0.18731689453125;-0.0887298583984375;0.9339599609375;0.1596367955207824;0.6352986693382263;-0.2081702500581741
1768216472388523000;4.46852294921875;0.173980712890625;-0.090911865234375;0.9253692626953124;0.1556692272424698;0.6563816070556641;-0.1991807520389557
1768216472398524200;4.478524169921875;0.1775360107421875;-0.0883026123046875;0.9049530029296876;0.1552143543958664;0.6807681322097778;-0.1833075135946273
1768216472408525000;4.488525146484375;0.180023193359375;-0.0861358642578125;0.884979248046875;0.1473319232463836;0.6943678259849548;-0.1533189862966537
1768216472418525200;4.498525146484375;0.194244384765625;-0.0808258056640625;0.8863677978515625;0.1571520715951919;0.7070357203483582;-0.129707932472229
1768216472428526000;4.508526123046875;0.2127532958984375;-0.07830810546875;0.9105377197265624;0.1677024513483047;0.706682026386261;-0.1111065447330474
1768216472438526200;4.518526123046875;0.2144622802734375;-0.0769195556640625;0.9160308837890624;0.1858023554086685;0.7099164724349976;-0.1095752269029617
1768216472448527000;4.528527099609375;0.208038330078125;-0.0705413818359375;0.922271728515625;0.2078479975461959;0.7131929397583008;-0.1196206733584404
1768216472458528000;4.538528076171875;0.209716796875;-0.0703125;0.9155731201171876;0.2190729677677154;0.7232620716094971;-0.1334147751331329
1768216472468528000;4.548528076171875;0.226287841796875;-0.075653076171875;0.9478302001953124;0.2396006137132644;0.7217816114425659;-0.1636658906936645
1768216472478529300;4.558529296875;0.2493896484375;-0.080169677734375;0.967041015625;0.2594664692878723;0.7148025631904602;-0.2025712132453918
1768216472488529200;4.568529052734375;0.2673492431640625;-0.093048095703125;0.9496307373046876;0.2613884508609772;0.7285125255584717;-0.2446148097515106
1768216472498530000;4.578530029296875;0.2775726318359375;-0.1017913818359375;0.950958251953125;0.2648772001266479;0.7058122754096985;-0.2664220929145813
1768216472508531200;4.58853125;0.290191650390625;-0.1058807373046875;0.9607086181640624;0.27772057056427;0.6455678343772888;-0.2758675217628479
1768216472518531000;4.598531005859375;0.282135009765625;-0.1092376708984375;0.9732666015625;0.2789895534515381;0.6065109372138977;-0.2390320152044296
1768216472528532000;4.608531982421875;0.2765960693359375;-0.1077423095703125;0.9835205078125;0.2914797961711883;0.5662495493888855;-0.2157512009143829
1768216472538532000;4.618531982421875;0.28204345703125;-0.109954833984375;1.0002899169921875;0.3024341762065887;0.5497989654541016;-0.2139080315828323
1768216472548533200;4.628533203125;0.2799224853515625;-0.117767333984375;1.01434326171875;0.2960873246192932;0.5687289834022522;-0.230032667517662
1768216472558534100;4.6385341796875;0.2813873291015625;-0.1172943115234375;0.993682861328125;0.2899663150310516;0.5695894360542297;-0.2527880370616913
1768216472568534000;4.648533935546875;0.2841949462890625;-0.1141510009765625;0.96392822265625;0.2905266284942627;0.5484803915023804;-0.2712181806564331
1768216472578535200;4.65853515625;0.2765960693359375;-0.1224212646484375;0.946563720703125;0.280190646648407;0.5321206450462341;-0.2641083598136902
1768216472588535000;4.66853515625;0.258514404296875;-0.129058837890625;0.9364013671875;0.2742829620838165;0.5134372115135193;-0.252911627292633
1768216472598536000;4.678535888671875;0.2374725341796875;-0.1305694580078125;0.9161376953125;0.2877455055713653;0.4808156192302704;-0.2354556620121002
1768216472608537000;4.688537109375;0.2160491943359375;-0.1298065185546875;0.902496337890625;0.2946396172046661;0.4408804476261139;-0.2028423249721527
1768216472618537200;4.698537109375;0.19549560546875;-0.136566162109375;0.8874664306640625;0.3013904690742492;0.4189163148403168;-0.1655852347612381
1768216472628538000;4.7085380859375;0.1993408203125;-0.1329498291015625;0.8723602294921875;0.3061117231845855;0.3699394464492798;-0.1341838985681533
1768216472638538200;4.718538330078125;0.235137939453125;-0.1297454833984375;0.87445068359375;0.3178828954696655;0.2958159446716308;-0.1240239441394805
1768216472648539100;4.7285390625;0.2736358642578125;-0.1321868896484375;0.890899658203125;0.3259099423885345;0.1779865175485611;-0.1317399144172668
1768216472658539000;4.7385390625;0.3112030029296875;-0.1438751220703125;0.911529541015625;0.3313174843788147;0.0846373885869979;-0.1551206111907959
1768216472668540000;4.748539794921875;0.301788330078125;-0.1473541259765625;0.9056549072265624;0.3314623534679413;0.1028230488300323;-0.1581398397684097
1768216472678541000;4.758541015625;0.2953643798828125;-0.16943359375;0.9022369384765624;0.3113222122192383;0.0917197987437248;-0.1714244782924652
1768216472688541200;4.768541259765625;0.2714385986328125;-0.1714630126953125;0.9081878662109376;0.309963971376419;0.1080638840794563;-0.1432298570871353
1768216472698542000;4.7785419921875;0.2651824951171875;-0.167449951171875;0.904541015625;0.3129989206790924;0.0880070850253105;-0.1180757731199264
1768216472708542200;4.788542236328125;0.29266357421875;-0.1793670654296875;0.8948211669921875;0.3092768788337707;0.0202930215746164;-0.1321465820074081
1768216472718543000;4.798543212890625;0.3231201171875;-0.18353271484375;0.8853912353515625;0.3006839454174042;-0.0872853696346283;-0.1815681904554367
1768216472728544000;4.8085439453125;0.34112548828125;-0.1940765380859375;0.89459228515625;0.2920707464218139;-0.2203763127326965;-0.2476385533809662
1768216472738543900;4.8185439453125;0.331329345703125;-0.1855621337890625;0.94110107421875;0.3444963991641998;-0.3409778177738189;-0.2984873652458191
1768216472748545300;4.828545166015625;0.317138671875;-0.1923370361328125;0.9820709228515624;0.3921214342117309;-0.4035559892654419;-0.3054025173187256
1768216472758545200;4.838545166015625;0.321868896484375;-0.21783447265625;1.0050811767578125;0.4025498330593109;-0.4140043556690216;-0.2922923266887665
1768216472768546000;4.848546142578125;0.3378448486328125;-0.232696533203125;0.9976348876953124;0.3791494369506836;-0.4012787044048309;-0.2674095928668976
1768216472778547000;4.858546875;0.3291473388671875;-0.2513427734375;0.9737548828125;0.3480056524276733;-0.3536374270915985;-0.2275862842798233
1768216472788547000;4.868547119140625;0.3281097412109375;-0.2505950927734375;0.9514007568359376;0.3142431378364563;-0.299279123544693;-0.2053433060646057
1768216472798548000;4.8785478515625;0.2960205078125;-0.25201416015625;0.922637939453125;0.264607697725296;-0.226052314043045;-0.1910368055105209
1768216472808548000;4.888548095703125;0.270050048828125;-0.2467498779296875;0.8970184326171875;0.2179411202669143;-0.1622190028429031;-0.2145804762840271
1768216472818549200;4.89854931640625;0.2335357666015625;-0.22784423828125;0.88629150390625;0.1763949990272522;-0.1193940415978431;-0.2330401688814163
1768216472828550100;4.908550048828125;0.2070770263671875;-0.2124481201171875;0.88104248046875;0.1821652799844741;-0.1225861012935638;-0.2611429095268249
1768216472838550000;4.918550048828125;0.1978607177734375;-0.20391845703125;0.8734893798828125;0.17939293384552;-0.1407976001501083;-0.2837172150611877
1768216472848551000;4.928551025390625;0.1958160400390625;-0.2066192626953125;0.8823394775390625;0.1857440322637558;-0.1777830421924591;-0.2946673333644867
1768216472858551000;4.938551025390625;0.1949310302734375;-0.2099456787109375;0.9053192138671876;0.2019682824611663;-0.1993937939405441;-0.2990732491016388
1768216472868552200;4.94855224609375;0.2039794921875;-0.2194976806640625;0.936431884765625;0.2131468951702118;-0.170856162905693;-0.2754329144954681
1768216472878553000;4.958552978515625;0.2042083740234375;-0.2313385009765625;0.9523468017578124;0.2110435366630554;-0.1330360770225525;-0.2296097576618194
1768216472888553200;4.96855322265625;0.2235107421875;-0.2309112548828125;0.94525146484375;0.2205092012882232;-0.1221514716744422;-0.2068000435829162
1768216472898554000;4.97855419921875;0.2587890625;-0.2345733642578125;0.941070556640625;0.2212972342967987;-0.1318078339099884;-0.2037848234176635
1768216472908554000;4.988553955078125;0.27264404296875;-0.2377471923828125;0.936614990234375;0.232015922665596;-0.132751926779747;-0.2048993557691574
1768216472918555100;4.99855517578125;0.2774200439453125;-0.2319488525390625;0.945892333984375;0.2392970025539398;-0.1171559169888496;-0.2034447342157364
1768216472928555000;5.008554931640625;0.2844696044921875;-0.2310638427734375;0.9566192626953124;0.2382349371910095;-0.1073658689856529;-0.2047009468078613
1768216472938556200;5.01855615234375;0.2855377197265625;-0.23150634765625;0.95074462890625;0.2327078133821487;-0.1053144410252571;-0.1976829767227172
1768216472948557000;5.02855712890625;0.2819671630859375;-0.24176025390625;0.9200286865234376;0.1796845495700836;-0.1207463890314102;-0.1863091588020324
1768216472958557200;5.03855712890625;0.2800140380859375;-0.2448577880859375;0.9143829345703124;0.1675053685903549;-0.1387906372547149;-0.1863477677106857
1768216472968558000;5.04855810546875;0.289306640625;-0.2565155029296875;0.9173431396484376;0.1555778682231903;-0.2027070373296737;-0.2032993286848068
1768216472978558000;5.058557861328125;0.29095458984375;-0.2695770263671875;0.9329376220703124;0.1474781334400177;-0.2421548515558242;-0.2238490730524063
1768216472988559000;5.06855908203125;0.289306640625;-0.2870635986328125;0.935028076171875;0.1222396269440651;-0.292076051235199;-0.2334625571966171
1768216472998560300;5.078560302734375;0.289520263671875;-0.300872802734375;0.9271392822265624;0.0900995358824729;-0.3428862392902374;-0.2300009727478027
1768216473008560000;5.08856005859375;0.2783050537109375;-0.2957305908203125;0.9338836669921876;0.0417066998779773;-0.4115166962146759;-0.2082208395004272
1768216473018561000;5.09856103515625;0.256500244140625;-0.2841949462890625;0.9384765625;-0.0132417697459459;-0.4814843535423279;-0.1769761145114898
1768216473028561200;5.10856103515625;0.2364501953125;-0.2656097412109375;0.924774169921875;-0.0656658262014389;-0.5485574007034302;-0.1537781059741974
1768216473038562000;5.11856201171875;0.226226806640625;-0.2509918212890625;0.903778076171875;-0.1138378828763961;-0.6224622130393982;-0.1441225558519363
1768216473048563000;5.12856298828125;0.218017578125;-0.241363525390625;0.8886260986328125;-0.152461975812912;-0.7017586827278137;-0.1395070254802703
1768216473058563000;5.13856298828125;0.2182159423828125;-0.235321044921875;0.898895263671875;-0.1632565706968307;-0.7653762698173523;-0.127334788441658
1768216473068564200;5.148564208984375;0.2113494873046875;-0.2320556640625;0.9169158935546876;-0.1780251264572143;-0.8041361570358276;-0.1002480387687683
1768216473078564000;5.158564208984375;0.2042083740234375;-0.240142822265625;0.93695068359375;-0.1882886886596679;-0.803805410861969;-0.0792266428470611
1768216473088565000;5.16856494140625;0.2138824462890625;-0.25286865234375;0.960723876953125;-0.184325098991394;-0.7803741097450256;-0.0642303824424743
1768216473098566100;5.178566162109375;0.2229156494140625;-0.261993408203125;0.9737091064453124;-0.1769529432058334;-0.7438395023345947;-0.0538134314119815
1768216473108566000;5.18856591796875;0.2262115478515625;-0.269622802734375;0.9672393798828124;-0.1718061119318008;-0.696817934513092;-0.0439461506903171
1768216473118567000;5.19856689453125;0.2375030517578125;-0.27178955078125;0.9532012939453124;-0.1773609369993209;-0.668201744556427;-0.0470268987119197
1768216473128567300;5.2085673828125;0.2482757568359375;-0.2734375;0.9348602294921876;-0.1846478730440139;-0.6534960269927979;-0.0532203428447246
1768216473138568200;5.218568115234375;0.252655029296875;-0.2630767822265625;0.9178009033203124;-0.1997874081134796;-0.6655897498130798;-0.0646354481577873
1768216473148568000;5.228568115234375;0.25;-0.2456817626953125;0.913818359375;-0.2260381877422332;-0.6998656988143921;-0.0876198634505271
1768216473158569200;5.2385693359375;0.2333526611328125;-0.2351531982421875;0.9177703857421876;-0.2609232068061828;-0.7445210218429565;-0.12441036850214
1768216473168570000;5.248570068359375;0.208892822265625;-0.2333831787109375;0.918670654296875;-0.3090169727802276;-0.7975176572799683;-0.1785148829221725
1768216473178570000;5.258570068359375;0.1842498779296875;-0.2454833984375;0.9252166748046876;-0.3714968562126159;-0.8436374664306641;-0.2483821213245391
1768216473188571100;5.268571044921875;0.148223876953125;-0.2555084228515625;0.9345703125;-0.4300459325313568;-0.8771403431892395;-0.3020461499691009
1768216473198571300;5.2785712890625;0.1059112548828125;-0.259063720703125;0.9551849365234376;-0.4691003859043121;-0.902516543865204;-0.3332983255386352
1768216473208572200;5.288572265625;0.085235595703125;-0.253662109375;0.986297607421875;-0.5022404789924622;-0.9253240823745728;-0.3522941172122955
1768216473218573000;5.298572998046875;0.0819854736328125;-0.25177001953125;1.0249481201171875;-0.5286962985992432;-0.9363450407981871;-0.3720172345638275
1768216473228573200;5.3085732421875;0.0861053466796875;-0.24835205078125;1.09124755859375;-0.5202152132987976;-0.9686891436576844;-0.3888098001480102
1768216473238574000;5.318573974609375;0.08795166015625;-0.24346923828125;1.1222991943359375;-0.5427229404449463;-0.9666635394096376;-0.3908726871013641
1768216473248574000;5.328573974609375;0.0698699951171875;-0.261016845703125;1.108551025390625;-0.5446771383285522;-0.9390864968299866;-0.3818906247615814
1768216473258575000;5.3385751953125;0.0700836181640625;-0.266143798828125;1.22552490234375;-0.5179867148399353;-0.9452368021011353;-0.3719338774681091
1768216473268576300;5.348576171875;0.047637939453125;-0.2649688720703125;1.260162353515625;-0.5208562612533569;-0.9232977032661438;-0.3514539003372192
1768216473278576000;5.358576171875;0.0070343017578125;-0.2621917724609375;1.25750732421875;-0.5215287208557129;-0.9417763352394104;-0.28765869140625
1768216473288577000;5.368576904296875;0.000152587890625;-0.252716064453125;1.3333892822265625;-0.5023638010025024;-0.967884361743927;-0.2251660078763961
1768216473298577200;5.3785771484375;0.0040283203125;-0.2527923583984375;1.3896942138671875;-0.4843003749847412;-1.0107487440109253;-0.1562303453683853
1768216473308578000;5.388578125;0.00140380859375;-0.2578277587890625;1.39019775390625;-0.4613276720046997;-1.0198612213134766;-0.1085323393344879
1768216473318579200;5.3985791015625;0.003936767578125;-0.2696685791015625;1.3901519775390625;-0.4254293143749237;-1.0162254571914673;-0.0551623217761516
1768216473328579000;5.4085791015625;-0.01251220703125;-0.2672576904296875;1.3373870849609375;-0.3949105739593506;-1.0041054487228394;-0.0080387517809867
1768216473338580200;5.418580322265625;-0.022796630859375;-0.250091552734375;1.276702880859375;-0.3685593903064728;-0.9907736778259276;0.0234059896320104
1768216473348580000;5.428580078125;-0.03851318359375;-0.2281341552734375;1.2035369873046875;-0.3617582023143768;-1.0076144933700562;0.0513041988015174
1768216473358581000;5.4385810546875;-0.0556182861328125;-0.189117431640625;1.13140869140625;-0.3703604936599731;-1.0374886989593506;0.0821992680430412
1768216473368582000;5.448581787109375;-0.075714111328125;-0.153289794921875;1.0687713623046875;-0.3863818049430847;-1.0577958822250366;0.1119784638285636
1768216473378582000;5.45858203125;-0.10809326171875;-0.1236724853515625;1.022735595703125;-0.3944756686687469;-1.0509874820709229;0.1294986009597778
1768216473388583000;5.4685830078125;-0.133331298828125;-0.1069793701171875;0.988311767578125;-0.3943172097206116;-1.0130584239959717;0.1268506199121475
1768216473398583000;5.4785830078125;-0.152984619140625;-0.09930419921875;0.9485321044921876;-0.3918644487857818;-0.9428740739822388;0.1134027242660522
1768216473408584200;5.488584228515625;-0.169525146484375;-0.09326171875;0.91851806640625;-0.3832603096961975;-0.8424779772758484;0.1013340801000595
1768216473418585000;5.498585205078125;-0.174896240234375;-0.09686279296875;0.8961639404296875;-0.3677402138710022;-0.7224999070167542;0.0852504521608352
1768216473428585000;5.5085849609375;-0.1656951904296875;-0.1012115478515625;0.8715057373046875;-0.3467800617218017;-0.6123132109642029;0.068626195192337
1768216473438586000;5.518586181640625;-0.1579742431640625;-0.1049346923828125;0.8485565185546875;-0.3277528285980224;-0.5197529196739197;0.0377106256783008
1768216473448586000;5.5285859375;-0.1475830078125;-0.1129302978515625;0.83551025390625;-0.3035521507263183;-0.4461950659751892;0.0021824603900313
1768216473458587000;5.5385869140625;-0.141815185546875;-0.1183319091796875;0.8333892822265625;-0.2683244049549103;-0.3998688459396362;-0.0302796084433794
1768216473468587000;5.5485869140625;-0.13739013671875;-0.133331298828125;0.8395233154296875;-0.2442550063133239;-0.3785283863544464;-0.0538507141172885
1768216473478588200;5.558588134765625;-0.1475372314453125;-0.1371917724609375;0.85699462890625;-0.232889711856842;-0.3690488636493683;-0.0606926418840885
1768216473488589000;5.568589111328125;-0.15869140625;-0.1377410888671875;0.8841094970703125;-0.2181677520275116;-0.3686850965023041;-0.0654077678918838
1768216473498589000;5.5785888671875;-0.168182373046875;-0.135955810546875;0.9268951416015624;-0.2033374011516571;-0.3652048707008362;-0.0765429809689521
1768216473508590000;5.588590087890625;-0.178070068359375;-0.14404296875;0.958770751953125;-0.2005141973495483;-0.3611717820167541;-0.0804668813943862
1768216473518590000;5.59858984375;-0.181793212890625;-0.146148681640625;0.9786529541015624;-0.2026702910661697;-0.3690749704837799;-0.0793006792664527
1768216473528590800;5.6085908203125;-0.170654296875;-0.1437835693359375;0.9839935302734376;-0.2069278806447982;-0.3769997358322143;-0.0823579877614975
1768216473538592000;5.618592041015625;-0.1557464599609375;-0.1420440673828125;0.98486328125;-0.2131367772817611;-0.4031988680362701;-0.0851865336298942
1768216473548592000;5.628592041015625;-0.1407470703125;-0.139892578125;0.9858551025390624;-0.2253015637397766;-0.4370891749858856;-0.0848967805504798
1768216473558593000;5.638593017578125;-0.1304473876953125;-0.1423797607421875;0.9934234619140624;-0.2278017401695251;-0.4686974287033081;-0.0879154726862907
1768216473568593200;5.64859326171875;-0.128326416015625;-0.14093017578125;1.0048065185546875;-0.2219627499580383;-0.5007137060165405;-0.0936188995838165
1768216473578594000;5.658593994140625;-0.140869140625;-0.133880615234375;1.0148468017578125;-0.2082964777946472;-0.5187105536460876;-0.0859146416187286
1768216473588595000;5.668594970703125;-0.1648712158203125;-0.125152587890625;1.01861572265625;-0.2055401057004928;-0.5378381609916687;-0.077338732779026
1768216473598594800;5.6785947265625;-0.1839141845703125;-0.1141510009765625;1.0186920166015625;-0.210907444357872;-0.5544434785842896;-0.061903316527605
1768216473608596000;5.688595947265625;-0.192047119140625;-0.1074066162109375;1.0208282470703125;-0.2213073521852493;-0.5911093950271606;-0.0518541410565376
1768216473618596000;5.69859619140625;-0.2020111083984375;-0.0963897705078125;1.02313232421875;-0.2236136496067047;-0.6219053864479065;-0.0531819947063922
1768216473628597000;5.708596923828125;-0.214447021484375;-0.0881805419921875;1.02471923828125;-0.2281596660614013;-0.6393908858299255;-0.0394251719117164
1768216473638598000;5.718597900390625;-0.227294921875;-0.0758819580078125;1.0252685546875;-0.233841523528099;-0.6543245315551758;-0.025612685829401
1768216473648598000;5.728597900390625;-0.23931884765625;-0.068511962890625;1.01617431640625;-0.2336194068193435;-0.6377045512199402;-0.0180663522332906
1768216473658599000;5.738598876953125;-0.2523040771484375;-0.0640411376953125;1.00555419921875;-0.2273346185684204;-0.6131712794303894;-0.0184176228940486
1768216473668599000;5.74859912109375;-0.2533111572265625;-0.0589447021484375;0.9944610595703124;-0.2185882627964019;-0.5803033113479614;-0.0228754878044128
1768216473678600200;5.75860009765625;-0.2516937255859375;-0.0522918701171875;0.9647674560546876;-0.2151397317647934;-0.5344026684761047;-0.0201244428753852
1768216473688601000;5.76860107421875;-0.2362213134765625;-0.0439910888671875;0.92950439453125;-0.2095817178487777;-0.5107311606407166;-0.018849054351449
1768216473698601000;5.77860107421875;-0.222747802734375;-0.0420684814453125;0.9151763916015624;-0.2140321284532547;-0.5108046531677246;-0.0388893410563468
1768216473708601900;5.788601806640625;-0.240081787109375;-0.03338623046875;0.912200927734375;-0.2138124257326126;-0.5068796873092651;-0.0554962828755378
1768216473718602000;5.79860205078125;-0.2578277587890625;-0.030914306640625;0.9217071533203124;-0.2118659168481826;-0.4918677508831024;-0.0737972557544708
1768216473728603100;5.80860302734375;-0.2758026123046875;-0.0285797119140625;0.94793701171875;-0.1946464478969574;-0.4731406569480896;-0.0801789909601211
1768216473738603000;5.81860302734375;-0.296478271484375;-0.0323333740234375;0.969268798828125;-0.1719374060630798;-0.4296445846557617;-0.0819337517023086
1768216473748604200;5.828604248046875;-0.302978515625;-0.04052734375;0.968017578125;-0.1558340638875961;-0.3698331713676452;-0.0709969475865364
1768216473758605000;5.83860498046875;-0.3021240234375;-0.0408782958984375;0.9611358642578124;-0.1460802406072616;-0.3186272382736206;-0.0529228709638118
1768216473768605000;5.84860498046875;-0.289215087890625;-0.048858642578125;0.9523162841796876;-0.1429933756589889;-0.2922446429729461;-0.0341411940753459
1768216473778605800;5.858605712890625;-0.2846527099609375;-0.0590057373046875;0.9453582763671876;-0.137215107679367;-0.26722452044487;-0.0293309912085533
1768216473788606000;5.86860595703125;-0.280975341796875;-0.0667724609375;0.9395751953125;-0.1431387811899185;-0.2562142014503479;-0.0352602526545524
1768216473798607000;5.878607177734375;-0.2778167724609375;-0.070556640625;0.9351348876953124;-0.156175747513771;-0.2510633766651153;-0.0518453530967235
1768216473808608000;5.88860791015625;-0.28448486328125;-0.0701446533203125;0.9389495849609376;-0.1658739149570465;-0.2360372990369796;-0.0637595355510711
1768216473818608000;5.898608154296875;-0.2911529541015625;-0.067535400390625;0.950836181640625;-0.1747971028089523;-0.2165248543024063;-0.0705873519182205
1768216473828609000;5.908609130859375;-0.2990264892578125;-0.064544677734375;0.96307373046875;-0.1744415760040283;-0.1936861127614975;-0.0701814815402031
1768216473838609000;5.91860888671875;-0.30303955078125;-0.0619659423828125;0.967559814453125;-0.1739443689584732;-0.1725936084985733;-0.0722358450293541
1768216473848610000;5.928610107421875;-0.301513671875;-0.05303955078125;0.9621124267578124;-0.1776687949895858;-0.1648882925510406;-0.0721088126301765
1768216473858611200;5.938611083984375;-0.306915283203125;-0.0506744384765625;0.95599365234375;-0.1817831099033355;-0.161088228225708;-0.0704118460416793
1768216473868611000;5.948611083984375;-0.3185272216796875;-0.0480804443359375;0.947418212890625;-0.186753898859024;-0.1588253378868103;-0.0659933984279632
1768216473878612000;5.958612060546875;-0.3253021240234375;-0.047454833984375;0.940948486328125;-0.1830425262451172;-0.1420061439275741;-0.0683103501796722
1768216473888612000;5.968612060546875;-0.32684326171875;-0.044403076171875;0.93646240234375;-0.1739954948425293;-0.1180328950285911;-0.0754777118563652
1768216473898613000;5.978613037109375;-0.3183746337890625;-0.0399932861328125;0.9341888427734376;-0.1559597700834274;-0.1169857382774353;-0.0849375277757644
1768216473908614000;5.98861376953125;-0.30877685546875;-0.0414886474609375;0.9418487548828124;-0.1387709379196167;-0.1192592829465866;-0.0982045978307724
1768216473918614000;5.998614013671875;-0.3113861083984375;-0.0357208251953125;0.9525146484375;-0.1145763769745826;-0.1218361556529998;-0.10062887519598
1768216473928615200;6.008615234375;-0.31268310546875;-0.026153564453125;0.9598236083984376;-0.0948830991983413;-0.1336299628019333;-0.1016861498355865
1768216473938615000;6.018614990234375;-0.3164825439453125;-0.0294647216796875;0.968658447265625;-0.0808905884623527;-0.1478637605905532;-0.0972791463136673
1768216473948616000;6.028615966796875;-0.322509765625;-0.033477783203125;0.9756317138671876;-0.06842752546072;-0.1396572291851043;-0.0864946767687797
1768216473958617000;6.0386171875;-0.3234100341796875;-0.0275115966796875;0.9741973876953124;-0.0571474432945251;-0.125374436378479;-0.0823177769780159
1768216473968617000;6.048616943359375;-0.3119049072265625;-0.0297393798828125;0.96221923828125;-0.0416952483355999;-0.1101699098944664;-0.0874622017145156
1768216473978617900;6.058617919921875;-0.3053131103515625;-0.0336761474609375;0.963623046875;-0.0183225478976964;-0.094177097082138;-0.0911440253257751
1768216473988618200;6.0686181640625;-0.3070526123046875;-0.044830322265625;0.9665374755859376;0.0013211942277848;-0.0671585276722908;-0.0858651101589202
1768216473998619100;6.078619140625;-0.311859130859375;-0.0437469482421875;0.9671630859375;0.012867328710854;-0.0409263931214809;-0.0746550634503364
1768216474008619000;6.088618896484375;-0.3077545166015625;-0.0457000732421875;0.9662322998046876;0.0190471950918436;-0.0299168862402439;-0.0653411895036697
1768216474018620000;6.098619873046875;-0.3127288818359375;-0.047760009765625;0.9592437744140624;0.018624285236001;-0.0162138566374778;-0.0581836774945259
1768216474028621000;6.10862109375;-0.318023681640625;-0.0422821044921875;0.948272705078125;0.018154501914978;-0.0138718737289309;-0.0556297078728675
1768216474038621000;6.118620849609375;-0.3195037841796875;-0.0314788818359375;0.9452056884765624;0.0212243292480707;-0.0156684424728155;-0.0600699931383132
1768216474048622000;6.1286220703125;-0.32452392578125;-0.025146484375;0.9398651123046876;0.0214887801557779;-0.0189894028007984;-0.0666498690843582
1768216474058622200;6.138622314453125;-0.3354339599609375;-0.0228729248046875;0.9447174072265624;0.0204192548990249;-0.0178985726088285;-0.0729202777147293
1768216474068623000;6.148623046875;-0.342864990234375;-0.02056884765625;0.95574951171875;0.0232422053813934;-0.0159866902977228;-0.0701934695243835
1768216474078624000;6.1586240234375;-0.345550537109375;-0.0218048095703125;0.9619293212890624;0.0188815463334321;-0.0029313412960618;-0.0583149716258049
1768216474088624000;6.1686240234375;-0.3434295654296875;-0.0219573974609375;0.9663848876953124;0.022382004186511;0.0061993063427507;-0.0381116978824138
1768216474098625000;6.178625;-0.33441162109375;-0.02099609375;0.9661865234375;0.0296580269932746;0.0124734472483396;-0.024851020425558
1768216474108625000;6.188625;-0.3135833740234375;-0.0138702392578125;0.9537200927734376;0.0288167335093021;0.0044991443865001;-0.0270846150815486
1768216474118626000;6.1986259765625;-0.289093017578125;-0.01263427734375;0.938201904296875;0.0248542167246341;-0.0091354418545961;-0.0487022921442985
1768216474128627000;6.208626953125;-0.278564453125;-0.012542724609375;0.937652587890625;0.0252635441720485;-0.0292830541729927;-0.067959077656269
1768216474138627000;6.218626953125;-0.29193115234375;-0.0113677978515625;0.9414825439453124;0.0284910295158624;-0.0384738892316818;-0.0749155208468437
1768216474148628000;6.2286279296875;-0.308319091796875;-0.0093536376953125;0.9464111328125;0.0346629060804843;-0.0350852832198143;-0.0694887936115264
1768216474158628000;6.238628173828125;-0.32281494140625;-0.00604248046875;0.953277587890625;0.0380331352353096;-0.0345385372638702;-0.0559388995170593
1768216474168629000;6.24862890625;-0.325714111328125;-0.0057830810546875;0.961029052734375;0.039852075278759;-0.0287389699369668;-0.0501348078250885
1768216474178630100;6.258630126953125;-0.32403564453125;-0.0091552734375;0.9578399658203124;0.0392965376377105;-0.0125096663832664;-0.0533617585897445
1768216474188630000;6.268630126953125;-0.318878173828125;-0.013397216796875;0.9536895751953124;0.0414595603942871;0.011012171395123;-0.0545886754989624
1768216474198631200;6.278631103515625;-0.3108978271484375;-0.014923095703125;0.95220947265625;0.0462564453482627;0.0313805602490901;-0.0653486475348472
1768216474208631000;6.288631103515625;-0.30755615234375;-0.0164794921875;0.9506988525390624;0.0567205362021923;0.0471701733767986;-0.0697995871305465
1768216474218632000;6.2986318359375;-0.3061676025390625;-0.0198974609375;0.9473724365234376;0.0559423603117466;0.0607238002121448;-0.0720025524497032
1768216474228632000;6.308632080078125;-0.3115997314453125;-0.02496337890625;0.94586181640625;0.0442745201289653;0.0721319839358329;-0.0694991797208786
1768216474238633000;6.318633056640625;-0.316802978515625;-0.0262298583984375;0.9509124755859376;0.0340423882007598;0.0766753330826759;-0.0657052472233772
1768216474248634000;6.328634033203125;-0.3233184814453125;-0.02215576171875;0.9567413330078124;0.0265458561480045;0.0721706002950668;-0.0596404261887073
1768216474258634000;6.338634033203125;-0.3265838623046875;-0.01715087890625;0.9543914794921876;0.0223830696195364;0.0636751130223274;-0.059577576816082
1768216474268635100;6.34863525390625;-0.325958251953125;-0.01519775390625;0.9459381103515624;0.0167041458189487;0.0447040870785713;-0.0603656060993671
1768216474278635000;6.358635009765625;-0.325531005859375;-0.0124664306640625;0.9406890869140624;0.0084941526874899;0.0260409209877252;-0.0583349466323852
1768216474288636000;6.368635986328125;-0.327056884765625;-0.0126190185546875;0.9375152587890624;-0.0013582120882347;0.0128068756312131;-0.0609022341668605
1768216474298636800;6.37863671875;-0.3344573974609375;-0.0146026611328125;0.934661865234375;-0.0065351310186088;0.0031662322580814;-0.0639030858874321
1768216474308637000;6.388636962890625;-0.33941650390625;-0.0182952880859375;0.93408203125;-0.0081537999212741;-0.0049612028524279;-0.0579751506447792
1768216474318638000;6.39863818359375;-0.345184326171875;-0.016021728515625;0.9365997314453124;-0.0074861459434032;-0.0020663465838879;-0.0465291514992713
1768216474328638000;6.408637939453125;-0.3486175537109375;-0.01849365234375;0.94207763671875;-0.010430802591145;0.0053204633295536;-0.0293206050992012
1768216474338638600;6.418638671875;-0.34332275390625;-0.0189971923828125;0.9407806396484376;-0.0119647840037941;0.0086339684203267;-0.0218576285988092
1768216474348639500;6.428639404296875;-0.3372955322265625;-0.0194854736328125;0.937469482421875;-0.0130681311711668;0.0175550244748592;-0.0167259834706783
1768216474358639400;6.438639404296875;-0.3295135498046875;-0.019927978515625;0.943267822265625;-0.0178897846490144;0.0220507066696882;-0.0169443618506193
1768216474368640500;6.448640625;-0.32080078125;-0.0219268798828125;0.948272705078125;-0.0174945704638957;0.0243500806391239;-0.0200344286859035
1768216474378640400;6.458640380859375;-0.3138275146484375;-0.02459716796875;0.9501495361328124;-0.0255895163863897;0.0275717061012983;-0.0219961125403642
1768216474388641500;6.4686416015625;-0.3083343505859375;-0.0243072509765625;0.9519500732421876;-0.0385756231844425;0.0256856549531221;-0.0150982588529586
1768216474398642400;6.478642333984375;-0.305633544921875;-0.0229949951171875;0.9553375244140624;-0.0477078668773174;0.0262515768408775;-0.0125072700902819
1768216474408642600;6.488642578125;-0.3019256591796875;-0.026031494140625;0.9578094482421876;-0.0549884177744388;0.0248456951230764;-0.0177331902086734
1768216474418643500;6.4986435546875;-0.29803466796875;-0.02789306640625;0.9607391357421876;-0.0609035640954971;0.022120214998722;-0.0218011699616909
1768216474428643600;6.5086435546875;-0.30010986328125;-0.0287628173828125;0.9615631103515624;-0.0632615238428115;0.0179201439023017;-0.0203702524304389
1768216474438644500;6.51864453125;-0.3032989501953125;-0.0287933349609375;0.9615631103515624;-0.0591253712773323;0.0160916186869144;-0.017590444535017
1768216474448645600;6.528645751953125;-0.307586669921875;-0.032806396484375;0.9571075439453124;-0.0522501543164253;0.0121211111545562;-0.0108598377555608
1768216474458645500;6.5386455078125;-0.3101348876953125;-0.028961181640625;0.953369140625;-0.0441051423549652;0.0092148035764694;0.0014796522445976
1768216474468646400;6.548646484375;-0.313629150390625;-0.0291748046875;0.95654296875;-0.0357329621911048;0.0135781271383166;0.0092584798112511
1768216474478646500;6.558646484375;-0.3118743896484375;-0.031097412109375;0.959136962890625;-0.028110196813941;0.0232715010643005;0.0167693924158811
1768216474488647400;6.5686474609375;-0.3087005615234375;-0.028533935546875;0.9588165283203124;-0.0228006541728973;0.0323901623487472;0.0276374872773885
1768216474498647600;6.5786474609375;-0.3046875;-0.029998779296875;0.954559326171875;-0.0273738335818052;0.0362980850040912;0.0323851034045219
1768216474508648700;6.588648681640625;-0.30108642578125;-0.0284271240234375;0.9522552490234376;-0.0342828705906868;0.040192425251007;0.0357113927602767
1768216474518649600;6.598649658203125;-0.296417236328125;-0.030731201171875;0.950714111328125;-0.0402174592018127;0.0413959100842475;0.0377841293811798
1768216474528649500;6.6086494140625;-0.2923736572265625;-0.0343170166015625;0.955230712890625;-0.0358549356460571;0.0416339971125125;0.0328197330236434
1768216474538650600;6.618650634765625;-0.2869720458984375;-0.041046142578125;0.9609222412109376;-0.0306489896029233;0.044795699417591;0.031082285568118
1768216474548650500;6.628650390625;-0.2869110107421875;-0.0429534912109375;0.96466064453125;-0.0229591112583875;0.0504202954471111;0.0295158140361309
1768216474558651400;6.6386513671875;-0.2939910888671875;-0.04559326171875;0.96478271484375;-0.0179387871176004;0.0605813227593898;0.0303645636886358
1768216474568652500;6.648652587890625;-0.2972869873046875;-0.046051025390625;0.960968017578125;-0.0160071961581707;0.066665843129158;0.0301254112273454
1768216474578652700;6.658652587890625;-0.29864501953125;-0.0410919189453125;0.95587158203125;-0.0110795488581061;0.065139852464199;0.0303464531898498
1768216474588653600;6.668653564453125;-0.30035400390625;-0.0388641357421875;0.9519500732421876;-0.0100837927311658;0.0585671737790107;0.0341116301715374
1768216474598653400;6.6786533203125;-0.2977294921875;-0.03521728515625;0.9563751220703124;-0.0081950789317488;0.0527367144823074;0.0381535105407238
1768216474608654600;6.688654541015625;-0.2975311279296875;-0.0329437255859375;0.961395263671875;-0.0119916815310716;0.0434156507253646;0.0444167330861091
1768216474618655500;6.698655517578125;-0.2953338623046875;-0.0272674560546875;0.963531494140625;-0.0126260463148355;0.0385199598968029;0.042428683489561
1768216474628655400;6.7086552734375;-0.286346435546875;-0.022735595703125;0.9673919677734376;-0.0095010930672287;0.0361830368638038;0.0362504161894321
1768216474638656500;6.718656494140625;-0.2844085693359375;-0.0271148681640625;0.9698638916015624;-0.0059116850607097;0.0421360023319721;0.0250243935734033
1768216474648656600;6.72865673828125;-0.289154052734375;-0.028228759765625;0.9670562744140624;-0.0063673518598079;0.0461560450494289;0.0202576015144586
1768216474658657500;6.738657470703125;-0.294342041015625;-0.0267791748046875;0.9587860107421876;-0.0091881724074482;0.0555881597101688;0.0183904580771923
1768216474668658400;6.748658447265625;-0.285888671875;-0.028045654296875;0.960296630859375;-0.0078597869724035;0.0514594614505767;0.0121690481901168
1768216474678658600;6.758658447265625;-0.2842254638671875;-0.0250244140625;0.9599456787109376;-0.0054150056093931;0.0425780862569808;0.0106736831367015
1768216474688659500;6.768659423828125;-0.2884521484375;-0.0235595703125;0.9563751220703124;-0.0022082931827753;0.0366714634001255;0.0083295684307813
1768216474698659300;6.778659423828125;-0.2890777587890625;-0.02105712890625;0.957244873046875;0.0004540689697023;0.026927487924695;0.0092507563531398
1768216474708660500;6.788660400390625;-0.2902984619140625;-0.021453857421875;0.9590911865234376;-0.0007142598042264;0.0174064207822084;0.0121306991204619
1768216474718661600;6.79866162109375;-0.2916107177734375;-0.0202178955078125;0.9560699462890624;-0.0002615224220789;0.0122721120715141;0.0144971832633018
1768216474728661500;6.80866162109375;-0.289886474609375;-0.0196685791015625;0.9543609619140624;6.49811336188e-05;0.0092915026471018;0.0180205460637807
1768216474738662400;6.818662353515625;-0.2885894775390625;-0.01788330078125;0.9579010009765624;-0.0010178601369261;0.0026250779628753;0.0187361370772123
1768216474748662500;6.82866259765625;-0.286407470703125;-0.016815185546875;0.9610748291015624;-0.0042573292739689;-0.0027830032631754;0.0126713206991553
1768216474758663400;6.838663330078125;-0.2837371826171875;-0.02099609375;0.960784912109375;-0.0063223442994058;-0.0086225168779492;0.0052802492864429
1768216474768664600;6.84866455078125;-0.282989501953125;-0.0215911865234375;0.9601593017578124;-0.0129245873540639;-0.0147885335609316;0.0047039412893354
1768216474778664700;6.858664794921875;-0.282196044921875;-0.02130126953125;0.95989990234375;-0.0115219000726938;-0.0153608471155166;0.0058453720994293
1768216474788665600;6.86866552734375;-0.2855224609375;-0.0244140625;0.959869384765625;-0.0132441660389304;-0.0160253047943115;0.0065383268520236
1768216474798665500;6.87866552734375;-0.28790283203125;-0.0267486572265625;0.9573516845703124;-0.0148886684328317;-0.0135253965854644;0.0006410228670574
1768216474808666400;6.888666259765625;-0.2871551513671875;-0.0284423828125;0.956512451171875;-0.0120116556063294;-0.0121128559112548;-0.0027031085919588
1768216474818666500;6.89866650390625;-0.2855377197265625;-0.030303955078125;0.963134765625;-0.0082773705944418;-0.0012634035665541;-0.011299792677164
1768216474828667400;6.90866748046875;-0.2896270751953125;-0.0289306640625;0.961822509765625;-0.0050959587097167;0.0038810246624052;-0.0117658460512757
1768216474838668500;6.91866845703125;-0.291778564453125;-0.0306854248046875;0.95916748046875;-0.0045361621305346;-0.0037073865532875;-0.0083604613319039
1768216474848668700;6.928668701171875;-0.296600341796875;-0.0335845947265625;0.957427978515625;-0.0027092336677014;-0.0066978503018617;-0.0022895196452736
1768216474858669600;6.938669677734375;-0.298370361328125;-0.032745361328125;0.956024169921875;0.003622697899118;-0.0081183798611164;-0.0003310309257358
1768216474868669400;6.94866943359375;-0.3006134033203125;-0.0316314697265625;0.956573486328125;0.0068632322363555;-0.0005012069013901;-0.0023166837636381
1768216474878670300;6.95867041015625;-0.299652099609375;-0.03070068359375;0.9559173583984376;0.0060528325848281;0.0139397839084267;-0.0061622885987162
1768216474888671700;6.968671630859375;-0.2942962646484375;-0.0258941650390625;0.956390380859375;0.0075111794285476;0.0157193075865507;-0.0126766469329595
1768216474898671600;6.978671630859375;-0.2943267822265625;-0.02154541015625;0.957916259765625;0.005364938173443;0.0175648797303438;-0.0141251403838396
1768216474908672500;6.988672607421875;-0.2945098876953125;-0.0198974609375;0.9633026123046876;0.0128279142081737;0.0246315766125917;-0.0181776713579893
1768216474918672600;6.998672607421875;-0.2953033447265625;-0.0245819091796875;0.9659423828125;0.0242912247776985;0.0314966738224029;-0.0180967114865779
1768216474928673500;7.008673583984375;-0.2947998046875;-0.02423095703125;0.9629058837890624;0.0383314080536365;0.0344059094786644;-0.0181853957474231
1768216474938674400;7.01867431640625;-0.2927093505859375;-0.0281982421875;0.9622344970703124;0.0452721416950225;0.0246305111795663;-0.0174743309617042
1768216474948674600;7.028674560546875;-0.2849884033203125;-0.0316162109375;0.9617767333984376;0.0498477183282375;0.0064448500052094;-0.0171760581433773
1768216474958675700;7.03867578125;-0.280548095703125;-0.03448486328125;0.9587554931640624;0.0460537783801555;-0.0040546627715229;-0.0205018129199743
1768216474968675600;7.048675537109375;-0.2797393798828125;-0.03497314453125;0.95648193359375;0.0446657389402389;-0.0144681548699736;-0.0252451691776514
1768216474978676500;7.058676513671875;-0.2826995849609375;-0.0325164794921875;0.9573822021484376;0.0439911596477031;-0.0186628997325897;-0.0295781325548887
1768216474988677400;7.068677490234375;-0.2884674072265625;-0.030914306640625;0.95465087890625;0.0411751344799995;-0.0161992106586694;-0.031764056533575
1768216474998677500;7.078677490234375;-0.293121337890625;-0.0254058837890625;0.9551849365234376;0.0395530015230178;-0.0025329324416816;-0.0298998411744833
1768216475008678400;7.088678466796875;-0.2948760986328125;-0.02557373046875;0.9532318115234376;0.0371532291173934;0.0110856741666793;-0.0305043794214725
1768216475018678500;7.098678466796875;-0.2969970703125;-0.023834228515625;0.9517364501953124;0.0371955707669258;0.0297309979796409;-0.0296087581664323
1768216475028679700;7.1086796875;-0.2963714599609375;-0.025543212890625;0.9503631591796876;0.0362948924303054;0.0424649007618427;-0.030966704711318
1768216475038680600;7.1186806640625;-0.29644775390625;-0.0281982421875;0.9512939453125;0.0371889136731624;0.0509617179632186;-0.0299315340816974
1768216475048680400;7.128680419921875;-0.2992706298828125;-0.02935791015625;0.950927734375;0.0368640087544918;0.0536898598074913;-0.0274590551853179
1768216475058681600;7.138681640625;-0.2989959716796875;-0.030120849609375;0.951873779296875;0.0372110195457935;0.0560121349990367;-0.021735655143857
1768216475068681500;7.148681396484375;-0.29656982421875;-0.033050537109375;0.9595489501953124;0.0374480411410331;0.0485845804214477;-0.0177267994731664
1768216475078682400;7.158682373046875;-0.2927703857421875;-0.0324249267578125;0.96282958984375;0.0386515222489833;0.0453200787305831;-0.0192155055701732
1768216475088683500;7.16868359375;-0.291900634765625;-0.0361328125;0.9596099853515624;0.0368064828217029;0.0441371016204357;-0.0188000537455081
1768216475098683600;7.17868359375;-0.29144287109375;-0.0366363525390625;0.95953369140625;0.0379215478897094;0.0432697087526321;-0.0204248484224081
1768216475108684500;7.1886845703125;-0.292510986328125;-0.0348663330078125;0.9584197998046876;0.0391426086425781;0.0454620234668254;-0.0191015228629112
1768216475118684400;7.198684326171875;-0.294342041015625;-0.03558349609375;0.952911376953125;0.0352852866053581;0.0490812584757804;-0.0196325574070215
1768216475128685600;7.208685546875;-0.297576904296875;-0.0368499755859375;0.952789306640625;0.0349294878542423;0.0561687313020229;-0.0154039897024631
1768216475138685400;7.218685546875;-0.2982940673828125;-0.0372772216796875;0.955413818359375;0.0363438911736011;0.0674498826265335;-0.0107501158490777
1768216475148686300;7.228686279296875;-0.297393798828125;-0.0377349853515625;0.9560699462890624;0.0358077995479106;0.0726640820503234;-0.0080986730754375
1768216475158687500;7.2386875;-0.297210693359375;-0.0368194580078125;0.9594573974609376;0.031719047576189;0.0739336088299751;-0.0081308968365192
1768216475168687600;7.2486875;-0.293212890625;-0.0361328125;0.960357666015625;0.0307600423693656;0.0712456852197647;-0.007325823418796
1768216475178688500;7.2586884765625;-0.2907867431640625;-0.0350189208984375;0.956634521484375;0.0301496461033821;0.0702797546982765;-0.0046810382045805
1768216475188688600;7.268688720703125;-0.2891387939453125;-0.0356903076171875;0.95538330078125;0.0305107720196247;0.0724928453564643;-0.0049992860294878
1768216475198689500;7.278689453125;-0.28839111328125;-0.0357666015625;0.9564361572265624;0.0312924087047576;0.0814344063401222;-0.0040791640058159
1768216475208690400;7.2886904296875;-0.2878570556640625;-0.035064697265625;0.9567108154296876;0.030461236834526;0.0863545984029769;-0.0074019897729158
1768216475218690600;7.298690673828125;-0.2861175537109375;-0.03546142578125;0.9561004638671876;0.0263205543160438;0.0885277315974235;-0.0133152725175023
1768216475228691500;7.30869140625;-0.2846221923828125;-0.0383148193359375;0.9540863037109376;0.0208448283374309;0.0917152687907219;-0.0203806385397911
1768216475238691600;7.318691650390625;-0.28594970703125;-0.0396728515625;0.953033447265625;0.0175228007137775;0.0930631011724472;-0.028970930725336
1768216475248692500;7.3286923828125;-0.2855987548828125;-0.041046142578125;0.955474853515625;0.0152692338451743;0.0971105694770813;-0.0353412143886089
1768216475258693400;7.338693359375;-0.2866668701171875;-0.04052734375;0.9551239013671876;0.0128311095759272;0.0975787565112114;-0.0406925678253173
1768216475268693500;7.348693603515625;-0.2878265380859375;-0.038482666015625;0.957183837890625;0.0150777529925107;0.0989817082881927;-0.0437757112085819
1768216475278694700;7.358694580078125;-0.285858154296875;-0.03814697265625;0.9599456787109376;0.0148884020745754;0.101884551346302;-0.0449208691716194
1768216475288694500;7.368694580078125;-0.28399658203125;-0.04010009765625;0.9602203369140624;0.0135485660284757;0.1061890199780464;-0.0477656573057174
1768216475298695700;7.37869580078125;-0.28240966796875;-0.0405426025390625;0.958038330078125;0.0114358803257346;0.1110511571168899;-0.0501984544098377
1768216475308696600;7.388696533203125;-0.2779388427734375;-0.0435028076171875;0.960296630859375;0.0110830115154385;0.1122514382004737;-0.0499076396226882
1768216475318696400;7.398696533203125;-0.2780303955078125;-0.0419921875;0.964385986328125;0.0110728908330202;0.1129928678274154;-0.0476162545382976
1768216475328697300;7.408697265625;-0.273773193359375;-0.0401763916015625;0.9651031494140624;0.011447331868112;0.1135939359664917;-0.0488218665122985
1768216475338698800;7.41869873046875;-0.2694091796875;-0.04132080078125;0.965301513671875;0.0107509149238467;0.1081640198826789;-0.0425653047859668
1768216475348699600;7.42869970703125;-0.2637481689453125;-0.0403900146484375;0.97027587890625;0.0121730426326394;0.1009750813245773;-0.0328990928828716
1768216475358700800;7.43870068359375;-0.262664794921875;-0.0417938232421875;0.9655303955078124;0.0091745899990201;0.1049692928791046;-0.0274974051862955
1768216475368700700;7.44870068359375;-0.258056640625;-0.0423736572265625;0.9643402099609376;0.006844057701528;0.102222241461277;-0.0271605141460895
1768216475378701600;7.45870166015625;-0.25531005859375;-0.043365478515625;0.9666595458984376;0.0066073024645447;0.0997670739889144;-0.0217756032943725
1768216475388701700;7.46870166015625;-0.2581329345703125;-0.03973388671875;0.9660797119140624;0.0061734737828373;0.0940631181001663;-0.0143102295696735
1768216475398702600;7.47870263671875;-0.2583160400390625;-0.03839111328125;0.9662017822265624;0.0047209854237735;0.084134317934513;-0.0109589081257581
1768216475408703500;7.488703369140625;-0.2630462646484375;-0.039215087890625;0.9627532958984376;0.0004380900063551;0.0742928758263588;-0.0086185215041041
1768216475418703600;7.49870361328125;-0.264739990234375;-0.038330078125;0.96514892578125;-0.0008980178972706;0.0618700236082077;-0.0032724924385547
1768216475428704800;7.508704833984375;-0.266143798828125;-0.03680419921875;0.9659576416015624;-0.0078525971621274;0.0496335998177528;-0.0026578346733003
1768216475438704600;7.51870458984375;-0.25970458984375;-0.0377349853515625;0.9708404541015624;-0.0096550239250063;0.040882185101509;-0.0052661346271634
1768216475448705800;7.528705810546875;-0.2584075927734375;-0.039337158203125;0.9711151123046876;-0.0097913779318332;0.0352711714804172;-0.0100470418110489
1768216475458706700;7.538706787109375;-0.2541046142578125;-0.040985107421875;0.9721832275390624;-0.0064413878135383;0.0383074432611465;-0.0122007401660084
1768216475468706600;7.54870654296875;-0.25164794921875;-0.04071044921875;0.9731903076171876;-0.0069516492076218;0.0442907661199569;-0.0164175890386104
1768216475478707500;7.55870751953125;-0.25018310546875;-0.040191650390625;0.975189208984375;-0.0054706656374037;0.0465131737291812;-0.0191228277981281
1768216475488707600;7.56870751953125;-0.255157470703125;-0.0380706787109375;0.9709625244140624;-0.003810983384028;0.0468671061098575;-0.0118308262899518
1768216475498708700;7.578708740234375;-0.2583160400390625;-0.0355682373046875;0.96429443359375;-0.0002484729338902;0.0419442541897296;-0.0055154063738882
1768216475508709600;7.588709716796875;-0.2536163330078125;-0.0348052978515625;0.9634246826171876;0.0025728798937052;0.0327496901154518;-0.0011483550770208
1768216475518709800;7.598709716796875;-0.2518768310546875;-0.0370941162109375;0.963897705078125;0.0018146779621019;0.023592410609126;-0.001341700553894
1768216475528710700;7.608710693359375;-0.2512969970703125;-0.039154052734375;0.9671478271484376;2.37021340581e-05;0.0177126843482255;-0.0037153759039938
1768216475538710500;7.61871044921875;-0.2544097900390625;-0.0395660400390625;0.9677734375;-0.0033617082517594;0.0197191089391708;-0.0040770331397652
1768216475548711400;7.62871142578125;-0.2585601806640625;-0.03985595703125;0.9684600830078124;-0.008020375855267;0.0217375196516513;-0.0038373488932847
1768216475558712800;7.638712890625;-0.259552001953125;-0.0395660400390625;0.9663848876953124;-0.0111698303371667;0.0260766074061393;-0.0006580671179108
1768216475568712700;7.648712646484375;-0.263031005859375;-0.0333404541015625;0.9667510986328124;-0.0117613179609179;0.0252480991184711;0.0030629015527665
1768216475578713600;7.658713623046875;-0.2608795166015625;-0.030670166015625;0.966033935546875;-0.0099703427404165;0.0209204610437154;-0.0010143980616703
1768216475588713700;7.668713623046875;-0.2626190185546875;-0.0297698974609375;0.9641571044921876;-0.0058067562058568;0.0206682607531547;-0.0028290760237723
1768216475598714600;7.678714599609375;-0.262542724609375;-0.0301513671875;0.96575927734375;-0.0042810314334928;0.0189531855285167;-0.0036858150269836
1768216475608715500;7.688715576171875;-0.2590484619140625;-0.0326385498046875;0.96771240234375;-0.00650051003322;0.0185901951044797;-0.0038501319941133
1768216475618715600;7.698715576171875;-0.2571868896484375;-0.034149169921875;0.967742919921875;-0.0071444623172283;0.0203769113868474;-0.005861883983016
1768216475628716800;7.708716796875;-0.25579833984375;-0.0342559814453125;0.9671783447265624;-0.0065223476849496;0.0182386580854654;-0.0056288572959601
1768216475638716700;7.718716552734375;-0.25408935546875;-0.0347137451171875;0.9646148681640624;-0.0077766967006027;0.0080757699906826;-0.0085745798423886
1768216475648717600;7.728717529296875;-0.25714111328125;-0.0362701416015625;0.96484375;-0.0035712989047169;0.00668879551813;-0.0050331079401075
1768216475658718500;7.738718505859375;-0.2588958740234375;-0.0344696044921875;0.9639129638671876;-0.0030868700705468;0.0101082939654588;-0.0039196405559778
1768216475668718600;7.748718505859375;-0.25531005859375;-0.033721923828125;0.9673004150390624;-0.0001166464571724;0.0131485592573881;-0.0063351276330649
1768216475678719700;7.7587197265625;-0.2579803466796875;-0.032958984375;0.96942138671875;-0.0018024274613708;0.0189910009503364;-0.0080794980749487
1768216475688720000;7.768719970703125;-0.258758544921875;-0.033905029296875;0.96820068359375;-0.0013275857781991;0.0215420443564653;-0.0076475334353744
1768216475698720800;7.778720703125;-0.2609710693359375;-0.034423828125;0.967071533203125;-0.0045116613619029;0.0202293712645769;-0.0056496299803256
1768216475708721700;7.7887216796875;-0.2608184814453125;-0.0363006591796875;0.9683685302734376;-0.0061628208495676;0.0187385343015193;0.000582699663937
1768216475718721500;7.798721435546875;-0.2586822509765625;-0.037750244140625;0.968292236328125;-0.0133331157267093;0.0174327865242958;0.0028378644492477
1768216475728722700;7.80872265625;-0.2597198486328125;-0.0389862060546875;0.968780517578125;-0.0159211754798889;0.0145925246179103;0.0036594495177268
1768216475738722600;7.81872265625;-0.2630767822265625;-0.03802490234375;0.9690093994140624;-0.0159589927643537;0.019515911117196;0.0016152071766555
1768216475748723700;7.8287236328125;-0.264617919921875;-0.038421630859375;0.9650421142578124;-0.0115400096401572;0.0265613030642271;4.87358483951e-05
1768216475758724600;7.838724609375;-0.2626800537109375;-0.0357666015625;0.96673583984375;-0.0038661109283566;0.0310042556375265;-0.0040056607685983
1768216475768724700;7.848724853515625;-0.2587127685546875;-0.0375823974609375;0.9692535400390624;-0.0010085391113534;0.0372328571975231;-0.0071939970366656
1768216475778725600;7.8587255859375;-0.253509521484375;-0.039825439453125;0.96875;0.0072299498133361;0.0382861346006393;-0.0079671125859022
1768216475788725500;7.8687255859375;-0.2442626953125;-0.0425262451171875;0.9719696044921876;0.0064677530899643;0.0305805467069149;-0.007047523278743
1768216475798726700;7.8787265625;-0.2430877685546875;-0.0417633056640625;0.9691314697265624;0.0074619110673666;0.0206480212509632;-0.0080968085676431
1768216475808727800;7.888727783203125;-0.2474212646484375;-0.0411529541015625;0.9686279296875;0.0056690708734095;0.0131187317892909;-0.0062040998600423
1768216475818727700;7.898727783203125;-0.2510986328125;-0.0402069091796875;0.9684295654296876;0.0088206557556986;0.0116595858708024;-0.0050951596349477
1768216475828728600;7.908728515625;-0.2570953369140625;-0.04052734375;0.9666290283203124;0.0079303607344627;0.0122761074453592;-0.0097458381205797
1768216475838728700;7.918728759765625;-0.259185791015625;-0.040435791015625;0.9652252197265624;0.0073753581382334;0.0154394097626209;-0.0115424059331417
1768216475848729600;7.9287294921875;-0.2619781494140625;-0.040283203125;0.96600341796875;0.0061052967794239;0.0210757236927747;-0.011716310866177
1768216475858730500;7.93873046875;-0.2616424560546875;-0.039581298828125;0.96795654296875;0.0064294035546481;0.0282809063792228;-0.0107280118390917
1768216475868730600;7.948730712890625;-0.2583465576171875;-0.0384521484375;0.96630859375;0.0085325017571449;0.0320125259459018;-0.0099008334800601
1768216475878731800;7.958731689453125;-0.2552490234375;-0.0401458740234375;0.966339111328125;0.0106869991868734;0.0318854935467243;-0.0136412438005208
1768216475888731600;7.968731689453125;-0.2523040771484375;-0.041290283203125;0.966705322265625;0.0089444927871227;0.0304164960980415;-0.0169875063002109
1768216475898732500;7.978732666015625;-0.250244140625;-0.0424957275390625;0.9663848876953124;0.0051966262981295;0.0240832325071096;-0.0178921818733215
1768216475908733700;7.988733642578125;-0.2489776611328125;-0.038848876953125;0.9658355712890624;0.0040221721865236;0.0232198350131511;-0.0178354568779468
1768216475918733600;7.998733642578125;-0.251251220703125;-0.037841796875;0.9666900634765624;0.0043500075116753;0.0213545579463243;-0.0149922650307416
1768216475928734500;8.008734375;-0.2545013427734375;-0.0361480712890625;0.9698944091796876;0.0057249972596764;0.0216634832322597;-0.0115365469828248
1768216475938734600;8.018734619140625;-0.25701904296875;-0.0353240966796875;0.9680328369140624;0.0066376626491546;0.0193547885864973;-0.0078539280220866
1768216475948735700;8.02873583984375;-0.254852294921875;-0.03887939453125;0.9678497314453124;0.0042030005715787;0.017371267080307;-0.0050341733731329
1768216475958736600;8.038736572265625;-0.2563018798828125;-0.0393524169921875;0.967376708984375;0.0035172367934137;0.0169009529054164;-0.0081732412800192
1768216475968736800;8.04873681640625;-0.2538299560546875;-0.0382843017578125;0.9667510986328124;0.0010226538870483;0.0174964349716901;-0.0099373189732432
1768216475978737700;8.058737548828125;-0.2567901611328125;-0.03802490234375;0.96966552734375;0.0013563479296863;0.0188911333680152;-0.0124425552785396
1768216475988737500;8.068737548828125;-0.25592041015625;-0.0370635986328125;0.96795654296875;0.0012282498646527;0.0222922563552856;-0.011576228775084
1768216475998738400;8.078738525390625;-0.253631591796875;-0.0363922119140625;0.9692535400390624;0.0002873550693038;0.0217260681092739;-0.0103578325361013
1768216476008739600;8.088739501953125;-0.2538909912109375;-0.0357208251953125;0.9683685302734376;0.0035140409599989;0.0245879013091325;-0.0104427868500351
1768216476018739700;8.09873974609375;-0.2534027099609375;-0.036712646484375;0.9688720703125;0.0007486145477741;0.0264779459685087;-0.0069804117083549
1768216476028740600;8.10874072265625;-0.25225830078125;-0.0372161865234375;0.9684600830078124;-0.000328367750626;0.0274169761687517;-0.0076046562753617
1768216476038740700;8.11874072265625;-0.252532958984375;-0.0357513427734375;0.96832275390625;0.0004186489095445;0.0269301515072584;-0.0095498291775584
1768216476048741600;8.12874169921875;-0.2539825439453125;-0.035552978515625;0.9704437255859376;-0.0007323693134821;0.0258044321089983;-0.0057116816751658
1768216476058742800;8.13874267578125;-0.25152587890625;-0.03717041015625;0.9698333740234376;-0.0026626284234225;0.0284196566790342;-0.0055239289067685
1768216476068742700;8.14874267578125;-0.2508087158203125;-0.0391387939453125;0.966339111328125;-0.0067873322404921;0.0339893922209739;-0.00496386596933
1768216476078743800;8.158743896484374;-0.252166748046875;-0.0355377197265625;0.967864990234375;-0.0063985106535255;0.0334655493497848;-0.0020913803018629
1768216476088743700;8.16874365234375;-0.2474212646484375;-0.032562255859375;0.9627685546875;-0.0126468194648623;0.0477936193346977;-0.0079183764755725
1768216476098744600;8.17874462890625;-0.2528228759765625;-0.03460693359375;0.962615966796875;-0.008396946825087;0.047090545296669;0.0021012341603636
1768216476108745500;8.188745361328126;-0.2544403076171875;-0.0325164794921875;0.9764251708984376;-0.0005667206714861;0.0415080301463604;0.0030783477704972
1768216476118745600;8.19874560546875;-0.2515716552734375;-0.0337982177734375;0.974334716796875;0.0027569043450057;0.0411453060805797;0.0048884986899793
1768216476128746800;8.208746826171875;-0.250244140625;-0.03369140625;0.9735565185546876;0.0052134040743112;0.0342913940548896;0.0082914857193827
1768216476138746600;8.21874658203125;-0.2470855712890625;-0.034088134765625;0.9771881103515624;0.0121506722643971;0.027042269706726;0.0081029338762164
1768216476148747800;8.228747802734375;-0.24517822265625;-0.0369415283203125;0.9765777587890624;0.0116792926564812;0.0198099240660667;0.0052781188860535
1768216476158748700;8.238748779296875;-0.2407379150390625;-0.0391082763671875;0.973602294921875;0.010137322358787;0.0089985551312565;-0.0001952097081812
1768216476168748500;8.24874853515625;-0.2370758056640625;-0.0391845703125;0.9690399169921876;0.0067300745286047;0.0005502090789377;-0.0039076562970876
1768216476178749400;8.25874951171875;-0.2374725341796875;-0.040618896484375;0.9697265625;0.0018828548491001;-0.0029878003988415;-0.0080147832632064
1768216476188749600;8.26874951171875;-0.240997314453125;-0.0410919189453125;0.9691314697265624;-0.0014974954538047;-0.0004601942200679;-0.0057745319791138
1768216476198750700;8.278750732421875;-0.243927001953125;-0.0383148193359375;0.96893310546875;-0.0049449573270976;0.0003499393642414;-0.0046783750876784
1768216476208751600;8.288751708984375;-0.248443603515625;-0.037078857421875;0.9692230224609376;-0.0040533309802412;0.0054909056052565;-0.0009659285424277
1768216476218751700;8.298751708984375;-0.2508392333984375;-0.0415802001953125;0.97027587890625;-0.0043832967057824;0.0055481633171439;0.0015728629659861
1768216476228752600;8.308752685546875;-0.2507476806640625;-0.041046142578125;0.9707183837890624;-0.0009614011505618;0.0042983419261872;0.0046852994710206
1768216476238753500;8.31875341796875;-0.2484588623046875;-0.0388641357421875;0.974609375;0.0003089266829192;-0.0050703925080597;0.0087106674909591
1768216476248753700;8.328753662109374;-0.2447052001953125;-0.03875732421875;0.97747802734375;0.0035744947381317;-0.0121924839913845;0.0082707125693559
1768216476258754800;8.3387548828125;-0.241790771484375;-0.0379791259765625;0.9769439697265624;0.0013118730857968;-0.0230214297771453;0.0088579403236508
1768216476268754700;8.348754638671876;-0.23919677734375;-0.0380706787109375;0.977142333984375;0.0008492820779792;-0.0361606664955616;0.0091841770336031
1768216476278755600;8.358755615234376;-0.2378387451171875;-0.0396575927734375;0.9745941162109376;-0.0021568941883742;-0.0492221415042877;0.0080981403589248
1768216476288756700;8.3687568359375;-0.2372894287109375;-0.04278564453125;0.9715423583984376;-0.0051100733689963;-0.0626239627599716;0.0049409628845751
1768216476298756600;8.378756591796876;-0.2408294677734375;-0.042816162109375;0.96636962890625;-0.007603058591485;-0.0758937001228332;0.0016239956021308
1768216476308757500;8.388757568359376;-0.2449188232421875;-0.0427398681640625;0.963409423828125;-0.0098576908931136;-0.0807244032621383;-0.0034083134960383
1768216476318757600;8.398757568359375;-0.2487640380859375;-0.0390472412109375;0.9664764404296876;-0.0098656797781586;-0.0822895467281341;-0.0058488342911005
1768216476328758800;8.4087587890625;-0.2494354248046875;-0.0337982177734375;0.9668426513671876;-0.0050349724479019;-0.0858930721879005;-0.0096686063334345
1768216476338759000;8.418759033203125;-0.24542236328125;-0.0333099365234375;0.9697265625;2.26368683797e-05;-0.0900265648961067;-0.0120808975771069
1768216476348759000;8.428759033203125;-0.2476806640625;-0.035125732421875;0.9692840576171876;-0.0008343683439306;-0.0951462239027023;-0.0145150264725089
1768216476358760000;8.438760009765625;-0.254669189453125;-0.036651611328125;0.9663543701171876;-0.0005544701125472;-0.0906891599297523;-0.0120635870844125
1768216476368759800;8.448759765625;-0.25897216796875;-0.0383148193359375;0.96240234375;-0.001995506696403;-0.0822661072015762;-0.0039705070666968
1768216476378760700;8.4587607421875;-0.26422119140625;-0.0384521484375;0.9640655517578124;-0.0013853764394298;-0.0687300637364387;0.0089708575978875
1768216476388761900;8.468761962890625;-0.2685394287109375;-0.0391082763671875;0.96832275390625;-0.0010298443958163;-0.0583927370607852;0.0216717403382062
1768216476398761700;8.47876171875;-0.2646636962890625;-0.0397796630859375;0.972137451171875;0.0009752495680004;-0.0502972602844238;0.0297099594026803
1768216476408763000;8.488762939453125;-0.2631988525390625;-0.0398101806640625;0.977508544921875;-0.0001539307122584;-0.0487142764031887;0.0260739456862211
1768216476418763000;8.498762939453124;-0.258056640625;-0.042266845703125;0.9781951904296876;0.0005083974683657;-0.0513446815311908;0.0151581801474094
1768216476428764000;8.508763916015624;-0.2503662109375;-0.0429840087890625;0.9751129150390624;0.000499875342939;-0.0635070726275444;0.0023622238077223
1768216476438764800;8.518764892578124;-0.24945068359375;-0.04180908203125;0.970916748046875;-7.1905349614e-05;-0.0749392211437225;-0.0031465247739106
1768216476448765000;8.528764892578126;-0.2497100830078125;-0.04168701171875;0.965362548828125;0.0016021577175706;-0.0887594297528266;-0.0062025021761655
1768216476458765800;8.538765869140626;-0.257476806640625;-0.037841796875;0.959625244140625;-1.78431782842e-05;-0.0946756452322006;-0.0046642604283988
1768216476468765700;8.548765625;-0.26263427734375;-0.0353851318359375;0.9571990966796876;0.0045803706161677;-0.0975601151585578;-0.0019257317762821
1768216476478766800;8.558766845703126;-0.2575225830078125;-0.0321197509765625;0.9586944580078124;0.0070954598486423;-0.0957017615437507;-0.004873052239418
1768216476488767700;8.568767822265626;-0.2571258544921875;-0.0339202880859375;0.9605255126953124;0.0080307619646191;-0.0915959626436233;-0.0071777515113353
1768216476498768000;8.578767822265625;-0.258148193359375;-0.037933349609375;0.957183837890625;0.0026399914640933;-0.0901549234986305;-0.0069561768323183
1768216476508768800;8.588768798828125;-0.25726318359375;-0.0435028076171875;0.95867919921875;0.0006729807937517;-0.0890478491783142;-0.005078381858766
1768216476518769000;8.598768798828125;-0.2635498046875;-0.04522705078125;0.9548492431640624;-0.0057393782772123;-0.0758116766810417;-0.0062754726968705
1768216476528770000;8.60877001953125;-0.261260986328125;-0.046112060546875;0.9585113525390624;-0.0059218048118054;-0.0688496381044387;0.0005004079430364
1768216476538771000;8.61877099609375;-0.2653961181640625;-0.0420379638671875;0.9635162353515624;-0.004505802411586;-0.0584052540361881;0.0070738885551691
1768216476548770800;8.628770751953125;-0.268096923828125;-0.0400390625;0.9660491943359376;-0.004334561061114;-0.0478407591581344;0.009181248024106
1768216476558772000;8.63877197265625;-0.2701873779296875;-0.0373687744140625;0.9654998779296876;-0.0004071973380632;-0.0315486043691635;0.0073223612271249
1768216476568771800;8.648771728515625;-0.273162841796875;-0.0357818603515625;0.9684906005859376;0.00202107289806;-0.0236802957952022;0.0042472090572118
1768216476578772700;8.658772705078125;-0.277435302734375;-0.0352325439453125;0.9705810546875;0.0048623993061482;-0.0182591658085584;-0.0015089471125975
1768216476588774000;8.66877392578125;-0.279296875;-0.037261962890625;0.972869873046875;0.0071439296007156;-0.0171736609190702;-0.0039484025910496
1768216476598774000;8.67877392578125;-0.2818756103515625;-0.0361328125;0.9733428955078124;0.0099229384213685;-0.0135629465803503;-0.0033635725267231
1768216476608775000;8.68877490234375;-0.2825927734375;-0.0355377197265625;0.9695281982421876;0.0145565718412399;-0.0107929930090904;-0.0002173139364458
1768216476618775800;8.69877587890625;-0.2798919677734375;-0.0346832275390625;0.9660186767578124;0.0166737847030162;-0.0107708889991045;0.0006029396899975
1768216476628776000;8.70877587890625;-0.2760162353515625;-0.03594970703125;0.9630279541015624;0.0172383747994899;-0.0130026172846555;-0.0012183962389826
1768216476638776800;8.71877685546875;-0.2710723876953125;-0.0360260009765625;0.9603424072265624;0.0200658533722162;-0.0169494226574897;-0.0078629832714796
1768216476648776700;8.728776611328126;-0.2689056396484375;-0.0378570556640625;0.9598388671875;0.014527010731399;-0.0239657871425151;-0.0124643929302692
1768216476658777900;8.73877783203125;-0.274627685546875;-0.0390167236328125;0.9581451416015624;0.0074453991837799;-0.0264188237488269;-0.0109213571995496
1768216476668779000;8.748779052734376;-0.279510498046875;-0.0417327880859375;0.9569091796875;0.0066874637268483;-0.0213303230702877;-0.0016301209107041
1768216476678779000;8.75877880859375;-0.2810821533203125;-0.0415191650390625;0.9562225341796876;0.0028495823498815;-0.0160543341189622;0.0081239724531769
1768216476688779800;8.76877978515625;-0.281646728515625;-0.0402069091796875;0.9571380615234376;-0.0003709783486556;-0.0101948464289307;0.0153888100758194
1768216476698780000;8.77877978515625;-0.2816009521484375;-0.0383148193359375;0.9587249755859376;-0.0001904160162666;-0.0039039277471601;0.0161771047860384
1768216476708780800;8.78878076171875;-0.280975341796875;-0.042144775390625;0.959625244140625;0.0020759340841323;0.0050086071714758;0.0157824251800775
1768216476718782000;8.798781982421875;-0.284942626953125;-0.04119873046875;0.958221435546875;0.0018255969043821;0.0134007604792714;0.0116659766063094
1768216476728781800;8.80878173828125;-0.28668212890625;-0.0411529541015625;0.956298828125;0.0015488944482058;0.0193489305675029;0.012517656199634
1768216476738783000;8.818782958984375;-0.287567138671875;-0.040863037109375;0.9559173583984376;8.49548378027e-05;0.0172799210995435;0.0098249334841966
1768216476748782800;8.828782958984375;-0.285491943359375;-0.0443115234375;0.9555206298828124;-0.0030253508593887;0.0127072734758257;0.0094057526439428
1768216476758783700;8.83878369140625;-0.28460693359375;-0.0425262451171875;0.95947265625;-0.0072938655503094;0.0079689770936965;0.0128478882834315
1768216476768784600;8.84878466796875;-0.2828216552734375;-0.0410614013671875;0.96282958984375;-0.0092526208609342;0.003991013392806;0.0164556726813316
1768216476778784800;8.85878466796875;-0.281097412109375;-0.039306640625;0.964813232421875;-0.0104595655575394;-0.0015515576815232;0.0219417847692966
1768216476788786000;8.868785888671875;-0.2787322998046875;-0.038909912109375;0.964935302734375;-0.0140385869890451;-0.0036866138689219;0.0191704984754323
1768216476798786000;8.8787861328125;-0.2753448486328125;-0.040130615234375;0.964324951171875;-0.0166631322354078;-0.0001592570333741;0.0172532889991998
1768216476808787000;8.888786865234374;-0.277587890625;-0.042755126953125;0.9617462158203124;-0.0239958800375461;0.0019118833588436;0.022703181952238
1768216476818787800;8.898787841796874;-0.2752685546875;-0.0423583984375;0.9658660888671876;-0.0263314731419086;0.0047825048677623;0.0260869935154914
1768216476828787700;8.90878759765625;-0.275054931640625;-0.0423431396484375;0.9642333984375;-0.0263157598674297;0.0071463263593614;0.0237271673977375
1768216476838788900;8.918788818359374;-0.27606201171875;-0.040802001953125;0.9635467529296876;-0.0276603903621435;0.0061111557297408;0.0244230516254901
1768216476848788700;8.928788818359376;-0.2787628173828125;-0.041534423828125;0.962310791015625;-0.0268782190978527;0.0107762152329087;0.0207425635308027
1768216476858790000;8.938789794921876;-0.28216552734375;-0.0442047119140625;0.96246337890625;-0.0209140703082084;0.0181707479059696;0.0230794865638017
1768216476868790800;8.948790771484376;-0.2823944091796875;-0.0424652099609375;0.95849609375;-0.0192226972430944;0.0302132964134216;0.0298532359302043
1768216476878791000;8.958791015625;-0.2798309326171875;-0.0409088134765625;0.95867919921875;-0.017855430021882;0.0456505753099918;0.0383364707231521
1768216476888791800;8.968791748046876;-0.2740478515625;-0.040283203125;0.960968017578125;-0.0104989800602197;0.0592827647924423;0.0405849777162075
1768216476898791700;8.978791748046875;-0.2654266357421875;-0.0420989990234375;0.9606170654296876;-0.0114185698330402;0.0644855126738548;0.039859265089035
1768216476908792800;8.988792724609375;-0.2585601806640625;-0.043243408203125;0.9633331298828124;-0.0130747891962528;0.0582505241036415;0.0323454216122627
1768216476918794000;8.9987939453125;-0.2565765380859375;-0.0467987060546875;0.966705322265625;-0.0142870601266622;0.0469517968595027;0.0260576996952295
1768216476928793900;9.0087939453125;-0.2590789794921875;-0.0467376708984375;0.967987060546875;-0.0124257765710353;0.0347611755132675;0.0189222916960716
1768216476938794800;9.018794677734377;-0.2633514404296875;-0.0435943603515625;0.97039794921875;-0.0082142539322376;0.0314657799899578;0.0143821351230144
1768216476948795000;9.028794921875;-0.2689208984375;-0.0416412353515625;0.9709625244140624;-0.0061910506337881;0.0339670218527317;0.0190836787223815
1768216476958795800;9.038795654296877;-0.266845703125;-0.03955078125;0.96734619140625;-0.006385994143784;0.0379244796931743;0.0264816749840974
1768216476968797000;9.048796875;-0.26641845703125;-0.04022216796875;0.9645233154296876;-0.0097855189815163;0.0440545417368412;0.0318026691675186
1768216476978797000;9.058797119140625;-0.269439697265625;-0.0379180908203125;0.9608612060546876;-0.0110441287979483;0.0521241873502731;0.0351707711815834
1768216476988798000;9.0687978515625;-0.2676239013671875;-0.033294677734375;0.9615325927734376;-0.0109354723244905;0.0565397068858146;0.0394414141774177
1768216476998797800;9.0787978515625;-0.2629547119140625;-0.0340728759765625;0.9656524658203124;-0.010440656915307;0.0482157319784164;0.0342919267714023
1768216477008798700;9.088798828125;-0.267669677734375;-0.0330352783203125;0.964874267578125;-0.0064600296318531;0.0462748222053051;0.0309270229190588
1768216477018799900;9.0987998046875;-0.271820068359375;-0.0322265625;0.9669952392578124;-0.0049691922031342;0.0427996627986431;0.0296420473605394
1768216477028799700;9.1087998046875;-0.2739715576171875;-0.0353851318359375;0.9640655517578124;-0.0031667647417634;0.0414584949612617;0.0313531272113323
1768216477038801000;9.11880078125;-0.2758331298828125;-0.037628173828125;0.9610443115234376;-0.0043875579722225;0.0467185042798519;0.0375806652009487
1768216477048801000;9.128801025390626;-0.2774810791015625;-0.0384979248046875;0.959686279296875;-0.0062158177606761;0.0579061768949031;0.045365884900093
1768216477058802000;9.138802001953126;-0.2782135009765625;-0.03564453125;0.960418701171875;-0.0102358600124716;0.0706089213490486;0.0560640692710876
1768216477068802800;9.148802734375;-0.274169921875;-0.0334320068359375;0.962921142578125;-0.0183281414210796;0.083471193909645;0.0642277225852012
1768216477078803000;9.158802978515626;-0.267059326171875;-0.0334014892578125;0.9644317626953124;-0.0242736469954252;0.0778748244047164;0.0656197592616081
1768216477088803800;9.168803955078126;-0.2527313232421875;-0.036529541015625;0.966217041015625;-0.0257905852049589;0.052934855222702;0.0569069571793079
1768216477098803700;9.1788037109375;-0.2497100830078125;-0.038330078125;0.9652099609375;-0.0285472217947244;0.0365236550569534;0.0479009449481964
1768216477108804900;9.188804931640624;-0.252655029296875;-0.0424957275390625;0.9673309326171876;-0.0277378875762224;0.0287032835185527;0.0354416146874427
1768216477118805800;9.1988056640625;-0.2542877197265625;-0.0440826416015625;0.9673919677734376;-0.0224930588155984;0.022784674540162;0.0203486811369657
1768216477128806000;9.208805908203123;-0.2592315673828125;-0.0406036376953125;0.9671630859375;-0.0184357333928346;0.0175110828131437;0.0174002964049577
1768216477138806800;9.218806884765623;-0.2569580078125;-0.0407257080078125;0.9677581787109376;-0.0147187588736414;0.0144127616658806;0.0116982012987136
1768216477148807700;9.2288076171875;-0.2591552734375;-0.0410308837890625;0.9657440185546876;-0.0110036488622426;0.0119219068437814;0.0095671396702528
1768216477158807800;9.238807861328125;-0.260711669921875;-0.0398712158203125;0.9637603759765624;-0.0063388561829924;0.0146042425185441;0.0127030117437243
1768216477168809000;9.24880908203125;-0.2624053955078125;-0.0365753173828125;0.9627838134765624;-0.0018122810870409;0.0196874178946018;0.0134087493643164
1768216477178808800;9.258808837890625;-0.2599029541015625;-0.0403594970703125;0.9646148681640624;-0.0005587312043644;0.0199172496795654;0.0155115816742181
1768216477188810000;9.26881005859375;-0.260345458984375;-0.03863525390625;0.9654541015625;-0.0023089605383574;0.0218240730464458;0.0170721933245658
1768216477198811000;9.278810791015625;-0.2591094970703125;-0.038543701171875;0.965850830078125;-0.0035113778430968;0.0251053534448146;0.0124502778053283
1768216477208810800;9.288810791015624;-0.2582550048828125;-0.0423431396484375;0.965606689453125;-0.0037601171061396;0.02465714327991;0.0091189295053482
1768216477218811600;9.298811767578124;-0.256744384765625;-0.043548583984375;0.969818115234375;-0.001171258278191;0.0243812389671802;0.0070368703454732
1768216477228811800;9.308811767578124;-0.2563323974609375;-0.0439910888671875;0.9676513671875;0.001252218382433;0.0236408803611993;0.0052648033015429
1768216477238813000;9.31881298828125;-0.2571258544921875;-0.0423736572265625;0.967041015625;0.0060999705456197;0.0237556621432304;0.005772934295237
1768216477248813800;9.328813720703126;-0.2584381103515625;-0.043548583984375;0.967193603515625;0.0057367151603102;0.0154703026637434;0.007325024344027
1768216477258814000;9.33881396484375;-0.2581787109375;-0.043365478515625;0.967010498046875;0.0067758806981146;0.00943558011204;0.0091588776558637
1768216477268814800;9.34881494140625;-0.260009765625;-0.04180908203125;0.9679412841796876;0.0079002669081091;0.0106057729572057;0.0094430362805724
1768216477278814700;9.358814697265624;-0.264373779296875;-0.0428466796875;0.9701690673828124;0.0066853333264589;0.0082209119573235;0.0115959355607628
1768216477288815600;9.368815673828124;-0.2645263671875;-0.0426177978515625;0.96820068359375;0.0052288505248725;0.0116899451240897;0.0098164118826389
1768216477298817000;9.378817138671875;-0.2635345458984375;-0.04302978515625;0.9674530029296876;0.0041995388455688;0.0182533059269189;0.0079095885157585
1768216477308817000;9.38881689453125;-0.264434814453125;-0.0411529541015625;0.965057373046875;0.0030719563364982;0.0238565970212221;0.0074017234146595
1768216477318817800;9.39881787109375;-0.261688232421875;-0.040374755859375;0.963958740234375;0.0045489454641938;0.0250635407865047;0.0103857954964041
1768216477328818000;9.40881787109375;-0.2581787109375;-0.040252685546875;0.9642486572265624;0.0048046088777482;0.0233047902584075;0.0031798142008483
1768216477338819600;9.418819580078123;-0.2577056884765625;-0.04266357421875;0.9642181396484376;0.0079529974609613;0.0199926160275936;-0.0056349826045334
1768216477348820500;9.428820556640623;-0.260284423828125;-0.041839599609375;0.96160888671875;0.0078731030225753;0.0181574318557977;-0.0070856064558029
1768216477358820400;9.4388203125;-0.263336181640625;-0.03985595703125;0.963592529296875;0.0056251287460327;0.0201942175626754;-0.005756955128163
1768216477368821500;9.448821533203123;-0.2615814208984375;-0.04132080078125;0.9656219482421876;0.0042418828234076;0.0183086991310119;-0.0108031127601861
1768216477378821400;9.4588212890625;-0.26043701171875;-0.04150390625;0.968597412109375;0.0022586269769817;0.0175390467047691;-0.0104047041386365
1768216477388822500;9.468822509765625;-0.2602386474609375;-0.04071044921875;0.9708404541015624;0.0024485103785991;0.0178913827985525;-0.0069742863997817
1768216477398823400;9.478823486328125;-0.256927490234375;-0.0413818359375;0.969207763671875;0.0043217777274549;0.0225481856614351;-0.0025795379187911
1768216477408823600;9.488823486328124;-0.2552642822265625;-0.03955078125;0.967987060546875;0.0060634850524365;0.0171552840620279;-0.0029590383637696
1768216477418824400;9.498824462890624;-0.2538604736328125;-0.0398101806640625;0.9675750732421876;0.005363340023905;0.0133482962846755;-0.001292964676395
1768216477428824300;9.50882421875;-0.2546234130859375;-0.03912353515625;0.9687347412109376;0.0035366779193282;0.0069607039913535;-0.0004609931784216
1768216477438825500;9.518825439453124;-0.2551422119140625;-0.040313720703125;0.96728515625;0.0017305220244452;0.0062893209978938;-0.0001427454262739
1768216477448826600;9.52882666015625;-0.2584228515625;-0.0410919189453125;0.9655914306640624;-0.0004841626796405;0.0074808192439377;0.0030940605793148
1768216477458826500;9.538826416015626;-0.2552947998046875;-0.0403289794921875;0.9659423828125;-0.0011163970921188;0.0089157307520508;0.0031952606514096
1768216477468827400;9.548827392578126;-0.2543487548828125;-0.038848876953125;0.966278076171875;-0.0036908749025315;0.009386577643454;0.0032442628871649
1768216477478827500;9.55882763671875;-0.25469970703125;-0.0389862060546875;0.9663238525390624;-0.0040674461051821;0.0109610380604863;0.0055228634737432
1768216477488828400;9.568828369140626;-0.2556304931640625;-0.04058837890625;0.9689178466796876;-0.0049843722954392;0.0112851448357105;0.00355771696195
1768216477498829300;9.578829345703124;-0.2579498291015625;-0.040924072265625;0.9688873291015624;-0.0034583809319883;0.0119669139385223;0.0068938587792217
1768216477508829700;9.58882958984375;-0.2557830810546875;-0.041168212890625;0.968719482421875;-0.006369215901941;0.0118814269080758;0.0135195367038249
1768216477518830600;9.59883056640625;-0.25677490234375;-0.040496826171875;0.968170166015625;-0.0079657807946205;0.0073111760430037;0.0157131832093
1768216477528830500;9.60883056640625;-0.2536163330078125;-0.042633056640625;0.9684295654296876;-0.0095556881278753;0.002976881340146;0.015417305752635
1768216477538831400;9.618831298828123;-0.2520751953125;-0.0411376953125;0.969482421875;-0.0085777752101421;-0.0001701759902061;0.0121719781309366
1768216477548832500;9.62883251953125;-0.25201416015625;-0.0413970947265625;0.969390869140625;-0.0065529742278158;-0.0099559612572193;0.0107647636905312
1768216477558832400;9.638832275390625;-0.2531890869140625;-0.0434722900390625;0.96905517578125;-0.0091612739488482;-0.0181347951292991;0.0149278165772557
1768216477568833500;9.64883349609375;-0.257110595703125;-0.040771484375;0.969268798828125;-0.01030776463449;-0.0221119597554206;0.0193989984691143
1768216477578833700;9.658833740234376;-0.257720947265625;-0.042510986328125;0.96942138671875;-0.0090230563655495;-0.0286803804337978;0.0146244829520583
1768216477588834600;9.66883447265625;-0.259490966796875;-0.0428924560546875;0.96710205078125;-0.0112675679847598;-0.0328996255993843;0.0121051324531435
1768216477598835500;9.67883544921875;-0.2601776123046875;-0.0430755615234375;0.9684600830078124;-0.0111674331128597;-0.0362107343971729;0.009261941537261
1768216477608835600;9.688835693359374;-0.2616424560546875;-0.038818359375;0.966796875;-0.0073718959465622;-0.0339161567389965;0.0121184485033154
1768216477618836500;9.69883642578125;-0.2601318359375;-0.0360107421875;0.961639404296875;-0.0092414356768131;-0.0308612436056137;0.0177465062588453
1768216477628836400;9.70883642578125;-0.258697509765625;-0.0369110107421875;0.962982177734375;-0.010776481591165;-0.028239095583558;0.016245549544692
1768216477638837500;9.71883740234375;-0.2599334716796875;-0.0396575927734375;0.9628753662109376;-0.0114345485344529;-0.0207273829728364;0.0094904405996203
1768216477648838400;9.72883837890625;-0.260498046875;-0.041656494140625;0.9611358642578124;-0.0113871442154049;-0.0157382171601057;0.0036594495177268
1768216477658838500;9.738838623046876;-0.259918212890625;-0.042205810546875;0.9657440185546876;-0.0120931481942534;-0.0164615307003259;0.0011978897964581
1768216477668839400;9.74883935546875;-0.2602386474609375;-0.0421142578125;0.965850830078125;-0.0141381891444325;-0.0180964451283216;-0.0004961469094268
1768216477678839600;9.758839599609376;-0.259765625;-0.042388916015625;0.9669952392578124;-0.0130761209875345;-0.0248345099389553;-0.005224322900176
1768216477688840400;9.76884033203125;-0.2579193115234375;-0.0428619384765625;0.9694061279296876;-0.0107091031968593;-0.0311579201370477;-0.0089681949466466
1768216477698841600;9.778841552734375;-0.25555419921875;-0.044952392578125;0.9705047607421876;-0.0079516666010022;-0.0335872545838356;-0.0048219193704426
1768216477708841500;9.788841552734375;-0.2558441162109375;-0.0455169677734375;0.9698028564453124;-0.0039356192573904;-0.0368600152432918;-0.0020991035271435
1768216477718842600;9.798842529296875;-0.257415771484375;-0.04425048828125;0.96917724609375;-0.0034669029992073;-0.0385164991021156;0.0029888655990362
1768216477728842500;9.808842529296877;-0.258819580078125;-0.042510986328125;0.9677734375;-0.0008202536264434;-0.0351039245724678;0.0068078385666012
1768216477738843400;9.818843505859377;-0.2631683349609375;-0.040985107421875;0.970611572265625;0.0049750511534512;-0.0360829047858715;0.0130454944446682
1768216477748844300;9.82884423828125;-0.2648773193359375;-0.0410003662109375;0.9644622802734376;0.0029334719292819;-0.0248670000582933;0.011347996070981
1768216477758844400;9.838844482421877;-0.2622222900390625;-0.0421142578125;0.9620361328125;0.0037356161046773;-0.0231330152601003;0.0127488179132342
1768216477768845600;9.848845458984377;-0.2668914794921875;-0.0381317138671875;0.967132568359375;0.0069636334665119;-0.0235380828380584;0.012574647553265
1768216477778845400;9.858845458984376;-0.268157958984375;-0.037017822265625;0.9662017822265624;0.0123607954010367;-0.0225135646760463;0.0122867599129676
1768216477788846600;9.8688466796875;-0.2682647705078125;-0.0366668701171875;0.96575927734375;0.0145994490012526;-0.0201023388653993;0.0118542620912194
1768216477798847500;9.878847412109376;-0.2673492431640625;-0.0316162109375;0.9647216796875;0.023135146126151;-0.0149302138015627;0.0137642817571759
1768216477808847400;9.888847412109374;-0.265869140625;-0.0309295654296875;0.9624786376953124;0.0288984943181276;-0.0008333030855283;0.0115900766104459
1768216477818848300;9.89884814453125;-0.2571563720703125;-0.0405120849609375;0.965118408203125;0.0294431094080209;-0.0033273533917963;0.0065756109543144
1768216477828848400;9.908848388671874;-0.2555084228515625;-0.0417938232421875;0.96661376953125;0.0345486551523208;-0.0044722463935613;0.0056664077565073
1768216477838849500;9.918849609375;-0.261505126953125;-0.0427703857421875;0.966156005859375;0.0414023026823997;0.0025646241847425;0.0032597091048955
1768216477848850400;9.928850341796876;-0.2711181640625;-0.04290771484375;0.9652252197265624;0.0410598181188106;0.0196061916649341;0.0114308195188641
1768216477858850600;9.9388505859375;-0.2767333984375;-0.0389404296875;0.96240234375;0.0371710695326328;0.0288654696196317;0.0182514414191246
1768216477868851500;9.9488515625;-0.273681640625;-0.0396881103515625;0.961944580078125;0.0294052921235561;0.0261796731501817;0.0295501686632633
1768216477878851300;9.958851318359375;-0.2632598876953125;-0.0419769287109375;0.9648284912109376;0.0164713840931653;0.017804829403758;0.0415572971105575
1768216477888852500;9.9688525390625;-0.2592620849609375;-0.0382080078125;0.966156005859375;0.0094488952308893;0.0141315311193466;0.0494533032178878
1768216477898853600;9.978853515625;-0.258331298828125;-0.0377349853515625;0.97125244140625;0.0037622477393597;0.0108888670802116;0.0554065331816673
1768216477908853500;9.988853515625;-0.256256103515625;-0.036224365234375;0.9734039306640624;0.0087535437196493;0.0120753049850463;0.0543015897274017
1768216477918854400;9.9988544921875;-0.2557373046875;-0.0377655029296875;0.97186279296875;0.0100875217467546;0.0086723174899816;0.0498975180089473
1768216477928854500;10.0088544921875;-0.2595367431640625;-0.04193115234375;0.9664764404296876;0.0102321309968829;-0.0032900692895054;0.0386563166975975
1768216477938855400;10.01885546875;-0.2578277587890625;-0.0481109619140625;0.9650726318359376;0.0102672846987843;-0.0140814641490578;0.0216285958886146
1768216477948856600;10.028856689453123;-0.2620849609375;-0.04974365234375;0.9649200439453124;0.0078941415995359;-0.0210525542497634;0.0146196894347667
1768216477958856700;10.038856689453125;-0.267486572265625;-0.0556488037109375;0.9669342041015624;0.0039505329914391;-0.022921560332179;0.0132694663479924
1768216477968857600;10.048857666015625;-0.273590087890625;-0.051483154296875;0.9654541015625;0.0003973436250817;-0.0171020217239856;0.0292553566396236
1768216477978857500;10.058857421875;-0.268829345703125;-0.0492095947265625;0.967071533203125;-0.003760915948078;-0.0167936272919178;0.0464061126112937
1768216477988858400;10.0688583984375;-0.2644805908203125;-0.0499267578125;0.963836669921875;-0.0016463662032037;-0.0195880830287933;0.0541212931275367
1768216477998859500;10.078859619140625;-0.26544189453125;-0.0494384765625;0.95855712890625;-0.0036898097023367;-0.0234022624790668;0.0556142590939998
1768216478008859400;10.088859375;-0.260467529296875;-0.052001953125;0.9608154296875;-0.0025670209433883;-0.0328261218965053;0.0432449430227279
1768216478018860500;10.098860595703124;-0.26324462890625;-0.0521392822265625;0.9597625732421876;-0.0052384380251169;-0.0375063642859458;0.0364826433360576
1768216478028860700;10.108860595703124;-0.26568603515625;-0.054168701171875;0.95941162109375;-0.0064762751571834;-0.0385074466466903;0.0253421086817979
1768216478038861600;10.118861572265626;-0.26324462890625;-0.052001953125;0.9662017822265624;-0.0004404868523124;-0.0382523126900196;0.0194855500012636
1768216478048862500;10.128862548828126;-0.262237548828125;-0.0468292236328125;0.9741363525390624;0.0117043266072869;-0.0511191114783287;0.0230677686631679
1768216478058862300;10.1388623046875;-0.26092529296875;-0.049072265625;0.9644622802734376;0.0141067644581198;-0.0620540492236614;0.0183872636407613
1768216478068863500;10.148863525390626;-0.2603607177734375;-0.045867919921875;0.9608001708984376;0.015141668729484;-0.0768756046891212;0.0157909467816352
1768216478078863400;10.15886328125;-0.26348876953125;-0.04766845703125;0.9641876220703124;0.0149278165772557;-0.0881777927279472;0.0123429521918296
1768216478088864500;10.168864501953124;-0.266845703125;-0.0516357421875;0.9638671875;0.0156143801286816;-0.0793398320674896;-0.0010673949727788
1768216478098865400;10.178865478515624;-0.2659149169921875;-0.0524749755859375;0.9638824462890624;0.0117788948118686;-0.0734656974673271;-0.0175598189234733
1768216478108865500;10.188865478515623;-0.2730255126953125;-0.049774169921875;0.9618682861328124;0.0089370356872677;-0.0637254491448402;-0.0202514752745628
1768216478118866400;10.198866455078123;-0.2791900634765625;-0.0484161376953125;0.9600677490234376;0.0056075518950819;-0.0424622371792793;-0.0113509250804781
1768216478128866600;10.208866455078123;-0.2838897705078125;-0.0442352294921875;0.9620513916015624;0.0034317492973059;-0.021247498691082;-0.0016096145845949
1768216478138867500;10.218867431640623;-0.2844696044921875;-0.04412841796875;0.9636383056640624;-0.0018104169284924;-0.0024258734192699;0.0036701022181659
1768216478148868600;10.22886865234375;-0.2863922119140625;-0.0456390380859375;0.9597015380859376;-0.006885603070259;0.0124148577451705;0.0035997948143631
1768216478158868500;10.238868408203125;-0.282440185546875;-0.051666259765625;0.9508514404296876;-0.0121195130050182;0.0191510580480098;-0.0001195759323309
1768216478168869400;10.248869384765625;-0.2785491943359375;-0.0511932373046875;0.9509429931640624;-0.0177345219999551;0.0290164705365896;0.0014279870083555
1768216478178869500;10.258869384765624;-0.2767333984375;-0.045989990234375;0.9569549560546876;-0.017247961834073;0.0328255891799926;0.0045334990136325
1768216478188870400;10.268870361328124;-0.2711944580078125;-0.046844482421875;0.959686279296875;-0.0197143163532018;0.0375851914286613;0.004832305945456
1768216478198871300;10.278871337890624;-0.2687530517578125;-0.045135498046875;0.964752197265625;-0.0218935813754796;0.0428191013634204;0.0050173955969512
1768216478208871400;10.288871337890624;-0.2683868408203125;-0.044097900390625;0.9667205810546876;-0.0166716538369655;0.0402635335922241;0.004694087896496
1768216478218872600;10.29887255859375;-0.2706756591796875;-0.04718017578125;0.9674072265625;-0.020855214446783;0.0401828400790691;0.006403038278222
1768216478228872400;10.30887255859375;-0.2723846435546875;-0.0487060546875;0.967498779296875;-0.0155059890821576;0.0349337495863437;0.0070949275977909
1768216478238873600;10.31887353515625;-0.27288818359375;-0.048095703125;0.96478271484375;-0.0155946724116802;0.0274089872837066;0.0030842067208141
1768216478248874500;10.32887451171875;-0.2702178955078125;-0.0478668212890625;0.9620361328125;-0.0138750690966844;0.0166175924241542;0.0026892600581049
1768216478258874400;10.338874267578126;-0.268402099609375;-0.0467376708984375;0.9595947265625;-0.011378888040781;0.0068318070843815;0.0014117417158558
1768216478268875300;10.348875244140626;-0.265625;-0.047119140625;0.961700439453125;-0.0089226551353931;0.0019494339358061;-0.0045284391380846
1768216478278875600;10.358875732421875;-0.267547607421875;-0.0453033447265625;0.9649810791015624;-0.0097833881154656;0.0006921555614098;-0.0050727892667055
1768216478288876500;10.36887646484375;-0.2705535888671875;-0.0469207763671875;0.9678497314453124;-0.0085751125589013;0.003042128868401;-0.007489607669413
1768216478298877400;10.37887744140625;-0.2740478515625;-0.04791259765625;0.96673583984375;-0.0060650832019746;0.0029744845815002;-0.0076158419251441
1768216478308877600;10.388877685546875;-0.27618408203125;-0.047271728515625;0.9638824462890624;-0.00581288151443;0.0041880873031914;-0.0046930224634706
1768216478318878500;10.39887841796875;-0.276397705078125;-0.0442352294921875;0.9618072509765624;-0.0028636970091611;0.0104371942579746;-0.0035630431957542
1768216478328878300;10.40887841796875;-0.2740631103515625;-0.0450592041015625;0.9598236083984376;0.0002239718451164;0.0142407212406396;-0.0052850432693958
1768216478338879200;10.418879150390625;-0.2718048095703125;-0.04901123046875;0.9587554931640624;-0.0029422603547573;0.0182205494493246;-0.0076195700094103
1768216478348880100;10.428880126953125;-0.2662353515625;-0.0496368408203125;0.960418701171875;-0.009760751388967;0.0170807167887687;-0.0106963198632001
1768216478358880000;10.4388798828125;-0.2612457275390625;-0.05169677734375;0.96405029296875;-0.014549913816154;0.0123054021969437;-0.013373595662415
1768216478368881000;10.448880859375;-0.2576904296875;-0.0540771484375;0.9666748046875;-0.0194072537124156;-2.15716045204e-05;-0.022357502952218
1768216478378881000;10.458881103515624;-0.258392333984375;-0.05035400390625;0.9649658203125;-0.0208184625953435;-0.002544383984059;-0.0302907936275005
1768216478388882000;10.4688818359375;-0.26239013671875;-0.04583740234375;0.96649169921875;-0.0138811944052577;-0.0051497546955943;-0.0328666046261787
1768216478398883000;10.478883056640624;-0.2657623291015625;-0.044342041015625;0.966552734375;-0.0115037905052304;-0.0107479849830269;-0.0361002124845981
1768216478408883200;10.48888330078125;-0.2703857421875;-0.0447235107421875;0.965728759765625;-0.001563541823998;-0.0106201535090804;-0.0341779440641403
1768216478418884000;10.498884033203124;-0.2759857177734375;-0.042144775390625;0.961517333984375;0.0053316485136747;-0.0039555933326482;-0.0312700383365154
1768216478428885000;10.508885009765624;-0.27496337890625;-0.0434112548828125;0.960235595703125;0.0072379391640424;0.0029494508635252;-0.0302899945527315
1768216478438884900;10.518884765625;-0.277740478515625;-0.041656494140625;0.96209716796875;0.0109615707769989;0.0183571688830852;-0.0244539435952901
1768216478448886000;10.528885986328126;-0.2756805419921875;-0.0367584228515625;0.9638519287109376;0.0142375249415636;0.0303983855992555;-0.0146194230765104
1768216478458886000;10.538885986328124;-0.2731170654296875;-0.0399169921875;0.9634246826171876;0.0120436130091547;0.0415242724120616;-0.0114838164299726
1768216478468887000;10.548886962890624;-0.2686614990234375;-0.043060302734375;0.9639892578125;0.0041249701753258;0.0447347126901149;-0.0070336745120584
1768216478478887200;10.55888720703125;-0.26239013671875;-0.043853759765625;0.967742919921875;-0.0001744370529195;0.0412590242922306;-0.0107298763468861
1768216478488888000;10.56888818359375;-0.259429931640625;-0.047454833984375;0.9648590087890624;-0.0065937205217778;0.0284337718039751;-0.014708106406033
1768216478498889000;10.578888916015623;-0.2552337646484375;-0.049774169921875;0.969940185546875;-0.0067029101774096;0.0108443917706608;-0.0223971847444772
1768216478508888800;10.588888916015623;-0.2584991455078125;-0.052734375;0.9681396484375;-0.0040988712571561;0.0052690641023218;-0.0296167470514774
1768216478518890000;10.598889892578123;-0.2645721435546875;-0.053497314453125;0.965545654296875;-0.0036900760605931;0.0023611586075276;-0.031405858695507
1768216478528890000;10.60889013671875;-0.267822265625;-0.0471649169921875;0.965362548828125;-0.0008293083519674;0.0006775081856176;-0.0273416098207235
1768216478538891000;10.61889111328125;-0.271636962890625;-0.0440673828125;0.9629669189453124;0.0038376150187104;0.0023643544409424;-0.0276396162807941
1768216478548892000;10.628891845703125;-0.2757720947265625;-0.043304443359375;0.960693359375;0.0011014834744855;0.0067417924292385;-0.0248046815395355
1768216478558892000;10.63889208984375;-0.271759033203125;-0.038848876953125;0.962677001953125;-0.0033316144254058;0.0142324650660157;-0.0187672954052686
1768216478568893000;10.648892822265625;-0.2733917236328125;-0.0367889404296875;0.9665374755859376;-0.0011273160343989;0.023987092077732;-0.0146242165938019
1768216478578893000;10.65889306640625;-0.27532958984375;-0.0395660400390625;0.9704132080078124;0.0001174454009742;0.0396355614066123;-0.0121903531253337
1768216478588894200;10.668894287109374;-0.2759552001953125;-0.0408172607421875;0.9674530029296876;0.0043694484047591;0.0416558347642421;-0.0060243364423513
1768216478598895000;10.67889501953125;-0.2712249755859375;-0.0415191650390625;0.967315673828125;0.0103130908682942;0.033561423420906;-0.0049697249196469
1768216478608895000;10.68889501953125;-0.26324462890625;-0.0409393310546875;0.958526611328125;0.0116617158055305;0.0254385136067867;-0.0123091302812099
1768216478618896100;10.698896240234374;-0.2621917724609375;-0.0386810302734375;0.95025634765625;0.011993546038866;0.0157661791890859;-0.0181483775377273
1768216478628896000;10.70889599609375;-0.2652130126953125;-0.037750244140625;0.950958251953125;0.0121799670159816;0.0127938259392976;-0.0288889054208993
1768216478638897000;10.71889697265625;-0.253204345703125;-0.042724609375;0.9592132568359376;0.0149390017613768;-0.0021899172570556;-0.046366699039936
1768216478648898000;10.72889794921875;-0.2559051513671875;-0.044281005859375;0.9695892333984376;0.0104747451841831;-0.0057524279691278;-0.0519068725407123
1768216478658898200;10.738898193359375;-0.2688140869140625;-0.0475006103515625;0.973388671875;0.0056112804450094;0.0005848301807418;-0.0511164478957653
1768216478668899000;10.748899169921875;-0.271453857421875;-0.0521087646484375;0.9732818603515624;-0.0004729774082079;0.0160234402865171;-0.0617552436888217
1768216478678899000;10.75889892578125;-0.272705078125;-0.05487060546875;0.9696502685546876;-0.0036085832398384;0.0381657630205154;-0.0790620595216751
1768216478688900000;10.768900146484375;-0.2730255126953125;-0.0494384765625;0.9708709716796876;-0.0013787185307592;0.0587269626557827;-0.1003066301345825
1768216478698901000;10.77890087890625;-0.2690887451171875;-0.0529327392578125;0.967010498046875;-0.0029073730111122;0.0729455798864364;-0.1196473017334938
1768216478708900900;10.78890087890625;-0.2585296630859375;-0.06573486328125;0.965484619140625;-0.0007667240570299;0.0563711300492286;-0.1289374828338623
1768216478718902000;10.798902099609377;-0.2515716552734375;-0.0696563720703125;0.9583740234375;-0.0113107115030288;0.0179624892771244;-0.1202768757939338
1768216478728902100;10.808902099609377;-0.2452545166015625;-0.0562896728515625;0.960845947265625;-0.0169105399399995;-0.0396781712770462;-0.0899533256888389
1768216478738903000;10.818903076171877;-0.2523956298828125;-0.0383758544921875;0.9735870361328124;-0.0200682505965232;-0.1063085943460464;-0.0549548603594303
1768216478748904000;10.828904052734377;-0.2503204345703125;-0.0361480712890625;0.973785400390625;-0.0247202608734369;-0.168003648519516;-0.0344887338578701
1768216478758904000;10.838904052734376;-0.263824462890625;-0.02984619140625;0.985748291015625;-0.0149978576228022;-0.1857032924890518;-0.025545572862029
1768216478768905000;10.848905029296876;-0.2685546875;-0.0249481201171875;0.98150634765625;-0.0066318036988377;-0.1666512936353683;-0.0244305077940225
1768216478778904800;10.85890478515625;-0.270355224609375;-0.0203399658203125;0.9681854248046876;-0.0009203884401358;-0.1400620341300964;-0.0193105805665254
1768216478788906000;10.868906005859374;-0.277801513671875;-0.021270751953125;0.9678497314453124;0.0172362439334392;-0.1028976216912269;-0.0083985449746251
1768216478798907100;10.8789072265625;-0.28424072265625;-0.0363006591796875;0.9591522216796876;0.0274111181497573;-0.0588273629546165;-0.0005800364888273
1768216478808907000;10.888906982421876;-0.2815399169921875;-0.048553466796875;0.95648193359375;0.0238882880657911;-0.0357619933784008;0.0103130908682942
1768216478818908000;10.898907958984376;-0.272308349609375;-0.0580596923828125;0.9486083984375;0.0104126930236816;-0.0189137700945138;0.011249991133809
1768216478828908800;10.90890869140625;-0.27703857421875;-0.0556640625;0.945892333984375;-0.0036874127108603;0.0052277850918471;0.0063857277855277
1768216478838909000;10.918908935546876;-0.2782135009765625;-0.046722412109375;0.95068359375;-0.0145682897418737;0.0062296665273606;0.0004969458677805
1768216478848910000;10.92891015625;-0.2800445556640625;-0.0401458740234375;0.954132080078125;-0.0159081257879734;0.0060959756374359;0.0016042882343754
1768216478858910200;10.93891015625;-0.2823638916015625;-0.0330047607421875;0.965484619140625;-0.0137570910155773;-0.00542858755216;0.0108707575127482
1768216478868911000;10.9489111328125;-0.28564453125;-0.0325927734375;0.9669189453125;-0.0060674799606204;0.010858773253858;0.0219644214957952
1768216478878911000;10.958910888671875;-0.2877655029296875;-0.0324859619140625;0.9580078125;-0.0033276197500526;0.0283227171748876;0.0266457255929708
1768216478888912000;10.968911865234375;-0.27734375;-0.035430908203125;0.9544525146484376;-0.0009108011145144;0.0417407900094985;0.0268454626202583
1768216478898913000;10.9789130859375;-0.2711029052734375;-0.0406494140625;0.955322265625;0.0038005972746759;0.0371758639812469;0.0267935302108526
1768216478908913200;10.9889130859375;-0.2664794921875;-0.0430908203125;0.95257568359375;0.0012261193478479;0.0396014712750911;0.0219274032860994
1768216478918914000;10.9989140625;-0.2723541259765625;-0.0491790771484375;0.9559326171875;-0.0049036783166229;0.0528744012117385;0.0122167188674211
1768216478928914200;11.0089140625;-0.2656707763671875;-0.0589752197265625;0.941497802734375;-0.0331635475158691;0.1049064397811889;-0.0348421372473239
1768216478938915000;11.0189150390625;-0.2857818603515625;-0.052978515625;0.965911865234375;-0.018074607476592;0.08071269094944;-0.0058485679328441
1768216478948916000;11.028916015625;-0.28814697265625;-0.0474090576171875;0.975433349609375;-0.0184080358594656;0.0878363773226738;0.009305884130299
1768216478958915800;11.038915771484374;-0.274017333984375;-0.0515594482421875;0.96856689453125;-0.0160165168344974;0.0965550318360328;0.0154260946437716
1768216478968917200;11.048917236328125;-0.2716827392578125;-0.0528411865234375;0.9686431884765624;-0.0220919866114854;0.1008419245481491;0.0174032244831323
1768216478978917000;11.058917236328124;-0.2708892822265625;-0.0482940673828125;0.96337890625;-0.0243258457630872;0.0965180173516273;0.0204341690987348
1768216478988918000;11.06891796875;-0.267425537109375;-0.0443115234375;0.9635009765625;-0.0171741936355829;0.0721381083130836;0.0212885104119777
1768216478998919000;11.0789189453125;-0.2612457275390625;-0.03948974609375;0.962066650390625;-0.0143879940733313;0.0438303053379058;0.0193987321108579
1768216479008919000;11.0889189453125;-0.2583160400390625;-0.0368804931640625;0.9573516845703124;-0.0129938293248415;0.0358964800834655;0.0067670922726392
1768216479018920000;11.098919921875;-0.2551727294921875;-0.0368804931640625;0.9628448486328124;-0.0080411480739712;0.0260947179049253;-0.0089253177866339
1768216479028919800;11.108919921875;-0.2556610107421875;-0.0387420654296875;0.9632568359375;-0.0109708923846483;0.0232422053813934;-0.0185089688748121
1768216479038921200;11.118921142578126;-0.2639923095703125;-0.04302978515625;0.9614715576171876;-0.0090954937040805;0.0324873700737953;-0.0250598136335611
1768216479048922000;11.128922119140626;-0.2644500732421875;-0.041778564453125;0.965301513671875;-0.0096845850348472;0.0394629873335361;-0.0216264650225639
1768216479058922000;11.138921875;-0.2684783935546875;-0.046112060546875;0.9661865234375;-0.0185252148658037;0.0540310107171535;-0.0092097437009215
1768216479068923000;11.1489228515625;-0.2712249755859375;-0.04583740234375;0.9709930419921876;-0.0175963044166564;0.0599269829690456;0.0006982808117754
1768216479078923000;11.158923095703123;-0.264007568359375;-0.045379638671875;0.9749755859375;-0.0115141766145825;0.0534549690783023;-0.0017893778858706
1768216479088924000;11.168923828125;-0.27001953125;-0.0424346923828125;0.9716339111328124;-0.0113442670553922;0.0423328094184398;0.0006639260682277
1768216479098925000;11.178925048828123;-0.2704620361328125;-0.0416259765625;0.9675140380859376;-0.0109059112146496;0.0310902744531631;0.0069974558427929
1768216479108925200;11.18892529296875;-0.2747650146484375;-0.037017822265625;0.9635009765625;-0.0109690278768539;0.0325992219150066;0.0158793646842241
1768216479118926000;11.198926025390625;-0.2732696533203125;-0.0334625244140625;0.9661407470703124;-0.010472347959876;0.0363172627985477;0.0278718452900648
1768216479128926000;11.208926025390625;-0.2703704833984375;-0.036102294921875;0.96551513671875;-0.0109032476320862;0.0432366877794265;0.0337409190833568
1768216479138927000;11.218927001953125;-0.2677459716796875;-0.03619384765625;0.96319580078125;-0.0142585644498467;0.052178781479597;0.0432164445519447
1768216479148928000;11.228927978515625;-0.2650909423828125;-0.0352630615234375;0.9647674560546876;-0.01820670068264;0.0679185986518859;0.0423152334988117
1768216479158928000;11.238927978515624;-0.264007568359375;-0.036712646484375;0.965087890625;-0.0200717132538557;0.0852949246764183;0.0345412008464336
1768216479168929000;11.248928955078124;-0.258941650390625;-0.0375213623046875;0.9617156982421876;-0.0218770690262317;0.1090593785047531;0.0255341213196516
1768216479178929200;11.25892919921875;-0.2569732666015625;-0.0384674072265625;0.9583892822265624;-0.0274822246283292;0.1094633787870407;0.021931929513812
1768216479188930000;11.268929931640624;-0.2502593994140625;-0.0382843017578125;0.96746826171875;-0.0280207153409719;0.1009199544787406;0.0100896516814827
1768216479198931000;11.278930908203124;-0.250030517578125;-0.0432281494140625;0.96978759765625;-0.0240201149135828;0.0898856818675994;0.0097708720713853
1768216479208931000;11.28893115234375;-0.249542236328125;-0.0367584228515625;0.970855712890625;-0.0193230975419282;0.0694419220089912;0.0168226566165685
1768216479218932000;11.298931884765626;-0.2478485107421875;-0.0364990234375;0.96875;-0.0173118785023689;0.0442367047071456;0.0235463380813598
1768216479228931800;11.308931884765624;-0.2375946044921875;-0.0386810302734375;0.9692840576171876;-0.0140641536563634;0.0148492539301514;0.0166295766830444
1768216479238933000;11.31893310546875;-0.2399139404296875;-0.039398193359375;0.977935791015625;-0.0091349091380834;0.000172839150764;0.0068802768364548
1768216479248934100;11.32893408203125;-0.2488250732421875;-0.042205810546875;0.976593017578125;-0.0088206557556986;-0.004227768164128;-0.0044623925350606
1768216479258934000;11.33893408203125;-0.2545013427734375;-0.0443572998046875;0.9733428955078124;-0.0071652350015938;0.0019201391842216;-0.0132596129551529
1768216479268935000;11.348934814453123;-0.26092529296875;-0.0432281494140625;0.9697723388671876;-0.0052195293828845;0.0140532348304986;-0.0113663710653781
1768216479278935000;11.35893505859375;-0.259613037109375;-0.0411529541015625;0.9701080322265624;-0.0046160570345819;0.0169110726565122;-0.0051622712053358
1768216479288936000;11.36893603515625;-0.259368896484375;-0.039154052734375;0.9647369384765624;-0.001759816892445;0.0248933658003807;-0.001163002452813
1768216479298937000;11.37893701171875;-0.2557373046875;-0.0418701171875;0.96038818359375;-0.0044080642983317;0.0198506694287061;-0.0023236081469804
1768216479308937000;11.38893701171875;-0.249969482421875;-0.0436859130859375;0.9613037109375;-0.0052698631770908;0.0166807100176811;-0.0037633129395544
1768216479318938000;11.398938232421877;-0.2561187744140625;-0.042999267578125;0.96405029296875;-0.0076243639923632;0.0160838942974805;-0.0055987634696066
1768216479328938000;11.40893798828125;-0.2554779052734375;-0.0432891845703125;0.9657440185546876;-0.0041239047423005;0.0186836719512939;-0.0075766933150589
1768216479338939400;11.418939453125;-0.256591796875;-0.042144775390625;0.9674835205078124;-0.0030083067249506;0.021124193444848;-0.0005387574783526
1768216479348940300;11.428940185546876;-0.2568511962890625;-0.039794921875;0.9699859619140624;-0.0023896545171737;0.0231383424252271;0.0006681871018372
1768216479358940400;11.4389404296875;-0.25347900390625;-0.0399017333984375;0.9713592529296876;0.0018844527658075;0.0263248141855001;-0.0007185208378359
1768216479368941300;11.44894140625;-0.2502593994140625;-0.0414581298828125;0.972747802734375;0.0048839710652828;0.0247745886445045;-0.0007099987124092
1768216479378941200;11.458941162109374;-0.2500762939453125;-0.0430908203125;0.969207763671875;0.0069188922643661;0.0241703167557716;-0.0038378813769668
1768216479388942300;11.4689423828125;-0.2517852783203125;-0.0424346923828125;0.967620849609375;0.0057774614542722;0.025570074096322;-0.0071095749735832
1768216479398943500;11.478943603515624;-0.2567291259765625;-0.040618896484375;0.9693450927734376;0.0083183832466602;0.0266878027468919;-0.0066094333305954
1768216479408943400;11.488943359375;-0.26312255859375;-0.0367584228515625;0.969512939453125;0.0087945563718676;0.0303368661552667;-0.004171042703092
1768216479418944300;11.4989443359375;-0.2672271728515625;-0.033050537109375;0.969573974609375;0.0096235992386937;0.0368911735713481;0.0037252297624945
1768216479428944400;11.5089443359375;-0.268585205078125;-0.0308837890625;0.971649169921875;0.0107477195560932;0.0498495809733867;0.0090134683996438
1768216479438945300;11.5189453125;-0.2666168212890625;-0.034149169921875;0.96771240234375;0.0090486221015453;0.0664999336004257;0.0109117701649665
1768216479448946200;11.5289462890625;-0.2608489990234375;-0.03350830078125;0.9633331298828124;0.0065148910507559;0.0783059895038604;0.0091660674661397
1768216479458946600;11.538946533203124;-0.2522735595703125;-0.0375823974609375;0.958770751953125;0.0026130937039852;0.0744854211807251;0.010072074830532
1768216479468947500;11.548947509765624;-0.2400360107421875;-0.0420379638671875;0.9597015380859376;-0.0019196064677089;0.0609706752002239;0.0140774697065353
1768216479478947300;11.558947265625;-0.23809814453125;-0.0409698486328125;0.96649169921875;0.0011741877533495;0.0605653412640094;0.0114404074847698
1768216479488948200;11.5689482421875;-0.236785888671875;-0.0429534912109375;0.9692535400390624;-0.0006615291931666;0.0549671128392219;0.0069545786827802
1768216479498949400;11.578949462890623;-0.23883056640625;-0.0455169677734375;0.97088623046875;-0.0026535736396908;0.0488548912107944;0.0007230482297018
1768216479508949200;11.58894921875;-0.237701416015625;-0.0453033447265625;0.97076416015625;-0.0055747949518263;0.0376626886427402;0.001219195080921
1768216479518950400;11.598950439453125;-0.2406768798828125;-0.0412445068359375;0.97344970703125;-0.0058560250326991;0.0305517837405204;0.0024876587558537
1768216479528950500;11.608950439453125;-0.2447662353515625;-0.03985595703125;0.9742431640625;-0.0025499768089503;0.0268590450286865;0.0007139935041777
1768216479538951400;11.618951416015625;-0.242950439453125;-0.0401458740234375;0.97308349609375;-0.0034328147303313;0.0197697095572948;0.0006732470938004
1768216479548952300;11.628952392578125;-0.24517822265625;-0.0372161865234375;0.973052978515625;-0.0032852755393832;0.0193366799503564;0.0022210762836039
1768216479558952400;11.638952392578124;-0.248992919921875;-0.0365142822265625;0.97076416015625;-7.35032444936e-05;0.0258696805685758;-0.0004234426014591
1768216479568953300;11.648953369140624;-0.2484130859375;-0.036895751953125;0.967620849609375;-0.0010503507219254;0.0298079624772071;-0.0015954998089
1768216479578953200;11.658953125;-0.2467041015625;-0.03857421875;0.9670257568359376;0.0012743226252496;0.0330271907150745;-0.0045603970065712
1768216479588954400;11.668954345703124;-0.242645263671875;-0.0402679443359375;0.96453857421875;-0.0007784419576637;0.0304822754114866;-0.0065330006182193
1768216479598955500;11.67895556640625;-0.2410125732421875;-0.04376220703125;0.965362548828125;-0.0005099953268654;0.029144836589694;-0.0118255000561475
1768216479608955400;11.688955322265626;-0.2414093017578125;-0.0455322265625;0.965087890625;-0.0019427760271355;0.0282380301505327;-0.0130446953698992
1768216479618956300;11.698956298828126;-0.242523193359375;-0.04364013671875;0.9684600830078124;-0.0017797905020415;0.0283794440329074;-0.0077985343523323
1768216479628956400;11.708956298828124;-0.24871826171875;-0.04058837890625;0.9706878662109376;-0.0001102548703784;0.0362477526068687;-0.0063963802531361
1768216479638957300;11.718957275390624;-0.24853515625;-0.043182373046875;0.9712677001953124;-0.0018407768802717;0.0434558652341365;-0.0062416507862508
1768216479648958500;11.72895849609375;-0.2452239990234375;-0.0445098876953125;0.970672607421875;-0.0009912285022437;0.051180362701416;-0.0095351822674274
1768216479658958300;11.738958251953123;-0.246002197265625;-0.04193115234375;0.9686431884765624;0.0039776973426342;0.0609211400151252;-0.0144788073375821
1768216479668959500;11.74895947265625;-0.2488555908203125;-0.0394744873046875;0.9691162109375;0.0062592276372015;0.0675910264253616;-0.0146455215290188
1768216479678959400;11.75895947265625;-0.2478179931640625;-0.040252685546875;0.9698333740234376;0.0114132426679134;0.065534271299839;-0.0154143758118152
1768216479688960300;11.768960205078123;-0.2465667724609375;-0.0381011962890625;0.969818115234375;0.0120979417115449;0.0642895102500915;-0.0126907611265778
1768216479698961200;11.778961181640623;-0.248291015625;-0.038330078125;0.9730987548828124;0.0180644877254962;0.068615548312664;-0.0106326704844832
1768216479708961300;11.788961181640625;-0.251800537109375;-0.0387115478515625;0.9738006591796876;0.021141504868865;0.0737437307834625;-0.0036711674183607
1768216479718962400;11.79896240234375;-0.2506256103515625;-0.03826904296875;0.9708404541015624;0.0180626232177019;0.0895208269357681;-0.0023779366165399
1768216479728962300;11.80896240234375;-0.2433319091796875;-0.0394134521484375;0.97509765625;0.0211036875844001;0.0930468514561653;-0.0068898638710379
1768216479738963500;11.81896337890625;-0.2401123046875;-0.0428009033203125;0.9730224609375;0.0172615442425012;0.1000536307692527;-0.0143997119739651
1768216479748964400;11.82896435546875;-0.23779296875;-0.044525146484375;0.9724578857421876;0.017559552565217;0.0984631925821304;-0.018507370725274
1768216479758964200;11.838964111328124;-0.2369537353515625;-0.0432586669921875;0.972442626953125;0.0204623974859714;0.096167542040348;-0.0186676941812038
1768216479768965000;11.848965087890624;-0.238555908203125;-0.04296875;0.9726104736328124;0.0187012497335672;0.0879258587956428;-0.0133429700508713
1768216479778965200;11.85896533203125;-0.2382659912109375;-0.043548583984375;0.9713592529296876;0.0171129405498504;0.0824456065893173;-0.0092462291941046
1768216479788966400;11.86896630859375;-0.238861083984375;-0.0431671142578125;0.969970703125;0.0092070801183581;0.0812842026352882;-0.0103487772867083
1768216479798967300;11.87896728515625;-0.2352752685546875;-0.0425262451171875;0.971832275390625;0.0073362099938094;0.0763317868113517;-0.0138164795935153
1768216479808967400;11.888967529296876;-0.2349700927734375;-0.04400634765625;0.9750518798828124;0.0032812808640301;0.073226012289524;-0.0138439098373055
1768216479818968300;11.89896826171875;-0.2377471923828125;-0.0408477783203125;0.9773101806640624;0.0022562299855053;0.0689801350235939;-0.0094022899866104
1768216479828968200;11.90896826171875;-0.236663818359375;-0.038604736328125;0.9777374267578124;0.0003486077766865;0.0644863173365593;-0.0043729105964303
1768216479838969300;11.91896923828125;-0.2355194091796875;-0.037139892578125;0.975250244140625;-0.0007451524725183;0.062000785022974;-0.0024098944850265
1768216479848970500;11.928970458984375;-0.231231689453125;-0.040740966796875;0.9730377197265624;-0.0071287495084106;0.0411706045269966;-0.0031835427507758
1768216479858970400;11.938970458984375;-0.2271270751953125;-0.0439453125;0.9693145751953124;-0.0091231912374496;0.0377162210643291;-0.0036810212768614
1768216479868971300;11.94897119140625;-0.2286834716796875;-0.0407257080078125;0.9705657958984376;-0.0085338335484266;0.0320769771933555;-0.0007334345718845
1768216479878971400;11.958971435546877;-0.227142333984375;-0.0409393310546875;0.9722747802734376;-0.0071481904014945;0.0300447177141904;0.0016029566759243
1768216479888972300;11.96897216796875;-0.2273406982421875;-0.039337158203125;0.977081298828125;-0.0009305084822699;0.0316980071365833;0.0018266622209921
1768216479898972200;11.97897216796875;-0.225067138671875;-0.0417938232421875;0.9766998291015624;-0.003508981084451;0.0309784226119518;-0.0003587277897167
1768216479908973600;11.9889736328125;-0.2230072021484375;-0.043426513671875;0.9755096435546876;-0.0036181707400828;0.0239825639873743;-0.0043249735608696
1768216479918974500;11.998974365234377;-0.2209625244140625;-0.042327880859375;0.9765777587890624;-0.0067500481382012;0.0238781683146953;-0.0042826291173696
1768216479928974300;12.008974365234376;-0.2251739501953125;-0.0431365966796875;0.975372314453125;-0.0069287461228668;0.0269716959446668;0.0014780544443055
1768216479938975200;12.018975341796876;-0.2216644287109375;-0.041717529296875;0.9775390625;-0.0041300300508737;0.0279069989919662;0.0040562604553997
1768216479948975400;12.028975341796874;-0.2209320068359375;-0.044830322265625;0.974029541015625;-0.0048743835650384;0.0267839431762695;0.0116233667358756
1768216479958976300;12.038976318359374;-0.217041015625;-0.0459136962890625;0.9761962890625;-0.0014578143600374;0.030278543010354;0.0096374470740556
1768216479968977400;12.048977294921874;-0.2191314697265625;-0.0477142333984375;0.97821044921875;0.0009270463488064;0.0338141545653343;0.0086566051468253
1768216479978977500;12.0589775390625;-0.216400146484375;-0.0490875244140625;0.97564697265625;0.0025505092926323;0.0365894362330436;0.0046304380521178
1768216479988978400;12.068978515625;-0.215911865234375;-0.049896240234375;0.97314453125;0.0047127297148108;0.0371740013360977;0.0022540995851159
1768216479998978300;12.078978271484376;-0.2189178466796875;-0.0464630126953125;0.973114013671875;0.0094891088083386;0.0400281101465225;0.0023334617726504
1768216480008979200;12.088979248046876;-0.220672607421875;-0.0460968017578125;0.9771270751953124;0.0121669173240661;0.0397242419421672;0.0062110242433846
1768216480018980400;12.09898046875;-0.2174835205078125;-0.0467987060546875;0.9788360595703124;0.0143752107396721;0.0358120612800121;0.008535430766642
1768216480028980200;12.108980224609375;-0.21929931640625;-0.044281005859375;0.9809417724609376;0.0160330291837453;0.034768633544445;0.0132841141894459
1768216480038981400;12.1189814453125;-0.2200775146484375;-0.0413970947265625;0.9803924560546876;0.0140734743326902;0.0294971726834774;0.0170996244996786
1768216480048981500;12.1289814453125;-0.22235107421875;-0.0418243408203125;0.9783172607421876;0.0099455751478672;0.0292771942913532;0.0151169011369347
1768216480058982400;12.138982421875;-0.2256927490234375;-0.0416717529296875;0.9777374267578124;0.0081985415890812;0.0292790587991476;0.0097788609564304
1768216480068983300;12.1489833984375;-0.2259368896484375;-0.042877197265625;0.9773712158203124;0.0041231061331927;0.0296753365546464;0.0039321575313806
1768216480078983400;12.1589833984375;-0.2279052734375;-0.04351806640625;0.9743499755859376;0.0005536712124012;0.0293296594172716;0.0016839167801663
1768216480088984300;12.168984375;-0.228363037109375;-0.042022705078125;0.9740142822265624;0.0012849752092733;0.023423034697771;-0.0023121563717722
1768216480098984200;12.178984130859376;-0.225860595703125;-0.04400634765625;0.9725341796875;-0.0009691243176348;0.0166599359363317;-0.0099317263811826
1768216480108985300;12.1889853515625;-0.23101806640625;-0.0428619384765625;0.9714508056640624;-0.0012588762911036;0.0119906160980463;-0.0135791916400194
1768216480118986500;12.198986572265625;-0.2339324951171875;-0.04083251953125;0.9735870361328124;-0.0037121803034096;0.0082941483706235;-0.0175691395998001
1768216480128986400;12.208986328125;-0.23736572265625;-0.0394439697265625;0.9727935791015624;-0.004317782819271;0.0129027487710118;-0.0158647168427705
1768216480138987300;12.2189873046875;-0.2384033203125;-0.0364532470703125;0.9761962890625;-0.0054584150202572;0.0117490673437714;-0.0090510193258523
1768216480148987400;12.2289873046875;-0.2327423095703125;-0.0364837646484375;0.975067138671875;-0.0059710736386477;0.01297412160784;-0.0091839106753468
1768216480158988300;12.23898828125;-0.23052978515625;-0.0404815673828125;0.97412109375;-0.0040325582958757;0.0131858428940176;-0.0115360151976346
1768216480168989400;12.248989501953124;-0.2302398681640625;-0.0404052734375;0.9736328125;-0.0045497445389628;0.0145909264683723;-0.0105226822197437
1768216480178989300;12.2589892578125;-0.2274932861328125;-0.0387725830078125;0.9717559814453124;-0.0025427863001823;0.0168519504368305;-0.0026005767285823
1768216480188990500;12.268990478515626;-0.2245941162109375;-0.03912353515625;0.9716644287109376;-0.0060360543429851;0.0170530192553997;-0.0018903117161244
1768216480198990300;12.278990234375;-0.220611572265625;-0.04119873046875;0.973358154296875;-0.0061375210061669;0.0186407957226037;-0.0068078385666012
1768216480208991200;12.2889912109375;-0.2195281982421875;-0.0390625;0.975677490234375;-0.0039923447184264;0.0165491495281457;-0.0032378712203353
1768216480218992000;12.2989921875;-0.215484619140625;-0.039031982421875;0.9784698486328124;-0.000135554902954;0.0192615780979394;-0.0044858283363282
1768216480228992500;12.308992431640624;-0.215240478515625;-0.0420379638671875;0.98028564453125;0.0043489420786499;0.0208331104367971;-0.0061476412229239
1768216480238993400;12.318993408203124;-0.2141876220703125;-0.042999267578125;0.980560302734375;0.0100353239104151;0.0200887564569711;-0.0059151472523808
1768216480248993300;12.3289931640625;-0.2131500244140625;-0.0452880859375;0.981475830078125;0.0135621475055813;0.0239695142954587;-0.0030663637444376
1768216480258994400;12.338994384765623;-0.2139892578125;-0.0462493896484375;0.98248291015625;0.0177395828068256;0.0232264921069145;0.0003009371866937
1768216480268995300;12.348995361328123;-0.212371826171875;-0.0495147705078125;0.9832611083984376;0.0191936679184436;0.0264640972018241;0.0040464070625603
1768216480278995200;12.3589951171875;-0.217529296875;-0.0496063232421875;0.9811248779296876;0.0151592455804348;0.0335603579878807;0.0094161387532949
1768216480288996400;12.368996337890623;-0.2146759033203125;-0.048187255859375;0.9803466796875;0.0142931854352355;0.035900741815567;0.0086901606991887
1768216480298996500;12.37899658203125;-0.21661376953125;-0.04632568359375;0.979461669921875;0.0153014585375785;0.040685910731554;0.0065713501535356
1768216480308997400;12.388997314453125;-0.2171630859375;-0.0469970703125;0.975189208984375;0.0131685324013233;0.043886762112379;6.47148117423e-05
1768216480318998300;12.398998291015625;-0.2155609130859375;-0.047882080078125;0.9705352783203124;0.0094062853604555;0.0456329993903636;-0.0037310887128114
1768216480328998400;12.408998291015624;-0.22052001953125;-0.0457000732421875;0.970123291015625;0.0113080479204654;0.0499579720199108;0.0009049421059899
1768216480338999300;12.418999267578124;-0.2227935791015625;-0.0435943603515625;0.970703125;0.0157222375273704;0.0497859306633472;0.0042176484130322
1768216480348999400;12.42899951171875;-0.2220001220703125;-0.0455474853515625;0.97161865234375;0.015206916257739;0.0498903281986713;0.0113077815622091
1768216480359000300;12.439000244140624;-0.2251129150390625;-0.0423126220703125;0.9747314453125;0.0189672987908124;0.0527188703417778;0.0166380982846021
1768216480369001500;12.44900146484375;-0.2235260009765625;-0.04241943359375;0.9754638671875;0.0187909975647926;0.0560036152601242;0.0161683168262243
1768216480379001300;12.45900146484375;-0.221832275390625;-0.0459136962890625;0.9744415283203124;0.0173057541251182;0.0626189038157463;0.0090438285842537
1768216480389002500;12.46900244140625;-0.220703125;-0.048828125;0.974212646484375;0.0149232894182205;0.0641651377081871;-0.00103064335417
1768216480399002600;12.479002685546876;-0.22100830078125;-0.0472412109375;0.973724365234375;0.0142108937725424;0.0680802538990974;-0.0054437676444649
1768216480409003500;12.48900341796875;-0.2262115478515625;-0.0450286865234375;0.9741973876953124;0.0127855697646737;0.0753078013658523;-0.0031523837242275
1768216480419004400;12.49900439453125;-0.2220458984375;-0.0438385009765625;0.9775238037109376;0.017299361526966;0.0761152729392051;0.0004564658156596
1768216480429004500;12.509004638671875;-0.2259521484375;-0.0431365966796875;0.972930908203125;0.0217319261282682;0.0876369103789329;-0.0007848335662856
1768216480439005400;12.51900537109375;-0.2210693359375;-0.0396728515625;0.9752044677734376;0.0282715857028961;0.0825004652142524;-0.0003595267480704
1768216480449005300;12.52900537109375;-0.2185211181640625;-0.0421142578125;0.977081298828125;0.0356820970773696;0.0821119099855423;-0.0045161885209381
1768216480459006500;12.53900634765625;-0.217559814453125;-0.0458984375;0.9747314453125;0.0399554073810577;0.0787904188036918;-0.00234757643193
1768216480469007600;12.549007568359375;-0.21038818359375;-0.047943115234375;0.976776123046875;0.0365936979651451;0.0698278173804283;-0.002844522241503
1768216480479007500;12.559007568359377;-0.2080078125;-0.05096435546875;0.980255126953125;0.0319613963365554;0.0626487359404563;-0.0047193877398967
1768216480489008400;12.56900830078125;-0.2078094482421875;-0.0518035888671875;0.9834136962890624;0.0254337210208177;0.0577381327748298;-0.0009640643256716
1768216480499008500;12.579008544921876;-0.20611572265625;-0.0517730712890625;0.985076904296875;0.0207641348242759;0.0542437955737113;-0.0013156015193089
1768216480509009400;12.589009521484376;-0.2032623291015625;-0.0575408935546875;0.9810333251953124;0.0153472647070884;0.0462750867009162;-0.001782453735359
1768216480519009500;12.599009521484374;-0.2037506103515625;-0.0577239990234375;0.976806640625;0.0117914117872715;0.0436105951666832;0.0004988100845366
1768216480529010400;12.609010498046874;-0.1977386474609375;-0.0543212890625;0.9757232666015624;0.0044184504076838;0.0300966501235961;-0.0006897587445564
1768216480539011600;12.619011474609374;-0.19873046875;-0.0528411865234375;0.975189208984375;-0.00038935415796;0.0255631506443023;-0.0065463162027299
1768216480549011500;12.629011474609374;-0.19671630859375;-0.0527801513671875;0.9779052734375;-0.0049476204439997;0.0187260173261165;-0.0075042550452053
1768216480559012400;12.639012451171874;-0.1958160400390625;-0.05328369140625;0.9789276123046876;-0.0111503889784216;0.0110470587387681;-0.0074344803579151
1768216480569012500;12.649012451171876;-0.199554443359375;-0.05181884765625;0.982269287109375;-0.0127173932269215;0.0074909394606947;-0.0049516153521835
1768216480579013600;12.659013671875;-0.20196533203125;-0.0512847900390625;0.9840240478515624;-0.0096113486215472;0.0085953520610928;0.0034392061643302
1768216480589014500;12.6690146484375;-0.2054290771484375;-0.048583984375;0.98468017578125;-0.0030591732356697;0.0195843540132045;0.0089146653190255
1768216480599014400;12.679014404296876;-0.2046966552734375;-0.0500640869140625;0.9871978759765624;0.0022282667923718;0.0214728005230426;0.0118830250576138
1768216480609015600;12.689015625;-0.20599365234375;-0.048309326171875;0.9838104248046876;0.0034392061643302;0.0238707121461629;0.0125043401494622
1768216480619015400;12.699015380859375;-0.203277587890625;-0.0504913330078125;0.9788360595703124;0.0054080812260508;0.0258193463087081;0.0077833547256886
1768216480629016300;12.709016357421875;-0.2044219970703125;-0.0519561767578125;0.976837158203125;0.0103698167949914;0.0279083307832479;0.0055750613100826
1768216480639017500;12.719017578125;-0.2043609619140625;-0.055389404296875;0.9718017578125;0.0125344339758157;0.0227303467690944;0.0019156117923557
1768216480649017600;12.729017578125;-0.20281982421875;-0.05474853515625;0.968658447265625;0.0087285107001662;0.0235711056739091;-0.001726793590933
1768216480659018500;12.7390185546875;-0.2057647705078125;-0.054443359375;0.9723663330078124;0.0021110877860337;0.0206397641450166;-0.0027039074338972
1768216480669018600;12.7490185546875;-0.206207275390625;-0.0532989501953125;0.9761505126953124;-0.0042706448584795;0.0168993547558784;-0.0033952640369534
1768216480679019500;12.75901953125;-0.205902099609375;-0.0479278564453125;0.977294921875;-0.0066120964474976;0.0165629982948303;-0.0051481565460562
1768216480689020400;12.7690205078125;-0.2049407958984375;-0.0489501953125;0.9815826416015624;-0.0099226720631122;0.0106220180168747;-0.0050134006887674
1768216480699020300;12.779020263671876;-0.205810546875;-0.0474395751953125;0.9830780029296876;-0.014136591926217;0.0048424256965518;-0.0058099520392715
1768216480709021700;12.789021728515625;-0.2047576904296875;-0.049407958984375;0.980438232421875;-0.017299361526966;0.0018058895366266;-0.010284861549735
1768216480719021600;12.799021484375;-0.209869384765625;-0.0482635498046875;0.9815521240234376;-0.0185627657920122;0.0054190000519156;-0.0111053818836808
1768216480729022500;12.8090224609375;-0.2100372314453125;-0.04644775390625;0.97705078125;-0.0143757434561848;0.0068065072409808;-0.0088004153221845
1768216480739023400;12.8190234375;-0.2122039794921875;-0.0465087890625;0.9764556884765624;-0.0071908012032508;0.0122513398528099;-0.0087096020579338
1768216480749023500;12.8290234375;-0.2093658447265625;-0.0485382080078125;0.975067138671875;-0.006983074825257;0.0092779202386736;-0.0097386473789811
1768216480759024400;12.8390244140625;-0.2048492431640625;-0.051025390625;0.9750518798828124;-0.0084174536168575;0.0104973819106817;-0.0111575797200202
1768216480769024300;12.849024169921876;-0.2037353515625;-0.05242919921875;0.97869873046875;-0.0131352432072162;0.0135376462712883;-0.0150718940421938
1768216480779025700;12.859025634765626;-0.205963134765625;-0.05206298828125;0.9810638427734376;-0.0159675143659114;0.0148697597905993;-0.0118931448087096
1768216480789026600;12.869026611328126;-0.2053375244140625;-0.0469970703125;0.98150634765625;-0.0162743106484413;0.0187198910862207;-0.0067066387273371
1768216480799026400;12.8790263671875;-0.20556640625;-0.04632568359375;0.9806365966796876;-0.0183113627135753;0.0222666896879673;-0.0057319216430187
1768216480809027300;12.88902734375;-0.205047607421875;-0.0488433837890625;0.981689453125;-0.0187987219542264;0.0214139446616172;-0.0030847394373267
1768216480819027500;12.89902734375;-0.2044525146484375;-0.0517730712890625;0.9815673828125;-0.0195963382720947;0.0205966215580701;-0.0003249056462664
1768216480829028400;12.9090283203125;-0.2072906494140625;-0.0482177734375;0.9816436767578124;-0.0170186646282672;0.0225258152931928;0.0044677192345261
1768216480839029500;12.919029541015624;-0.20916748046875;-0.046630859375;0.9827728271484376;-0.0137722715735435;0.0220451150089502;0.010359164327383
1768216480849029600;12.929029541015623;-0.2036285400390625;-0.048065185546875;0.9812774658203124;-0.0173648763447999;0.0185518469661474;0.0071636368520557
1768216480859030500;12.939030517578123;-0.2025604248046875;-0.0476226806640625;0.9768218994140624;-0.0159102566540241;0.0166993513703346;0.0024887239560484
1768216480869030400;12.949030517578125;-0.2041168212890625;-0.046844482421875;0.9798431396484376;-0.0173020251095294;0.0156114501878619;-0.001228516222909
1768216480879031300;12.95903125;-0.205474853515625;-0.0466766357421875;0.9806671142578124;-0.0161680504679679;0.0186767484992742;-0.0043372241780161
1768216480889032400;12.969032470703125;-0.2072296142578125;-0.04461669921875;0.97869873046875;-0.0120593262836337;0.0189569126814603;-0.0012090750969946
1768216480899032600;12.979032470703125;-0.205963134765625;-0.043975830078125;0.9790496826171876;-0.0131389712914824;0.0208695959299802;0.0005880259559489
1768216480909033500;12.989033447265625;-0.2026519775390625;-0.0457916259765625;0.9816436767578124;-0.0144971832633018;0.0183483809232711;-0.0007547398563474
1768216480919033600;12.99903369140625;-0.201873779296875;-0.046417236328125;0.9811553955078124;-0.016144348308444;0.0147637659683823;0.0004822984628845
1768216480929034500;13.009034423828124;-0.201324462890625;-0.0444183349609375;0.97991943359375;-0.0132526885718107;0.0081998733803629;-0.0002514024090487
1768216480939035400;13.019035400390624;-0.19879150390625;-0.04217529296875;0.9801483154296876;-0.014102236367762;0.0012745888670906;-0.0045177866704761
1768216480949035500;13.029035400390624;-0.2008514404296875;-0.043426513671875;0.9791717529296876;-0.0141416518017649;0.0018873822409659;-0.0058512310497462
1768216480959036700;13.03903662109375;-0.2029266357421875;-0.04461669921875;0.9781036376953124;-0.0140404514968395;0.0033585124183446;-0.0048821070231497
1768216480969036500;13.04903662109375;-0.202117919921875;-0.046417236328125;0.980194091796875;-0.0124055370688438;0.0045622610487043;-0.0053785201162099
1768216480979037400;13.059037353515626;-0.20404052734375;-0.0494384765625;0.9785919189453124;-0.0097567569464445;0.009157545864582;-0.0045129926875233
1768216480989038600;13.06903857421875;-0.204925537109375;-0.0487518310546875;0.9789886474609376;-0.009319731965661;0.015820775181055;-0.0041851578280329
1768216480999038500;13.07903857421875;-0.2030792236328125;-0.0470428466796875;0.9804229736328124;-0.0046959519386291;0.0223865322768688;3.94147828046e-05
1768216481009039400;13.089039306640624;-0.20245361328125;-0.0481109619140625;0.979583740234375;-0.0031947279348969;0.025971146300435;-0.001497761812061
1768216481019039500;13.09903955078125;-0.2003021240234375;-0.0500946044921875;0.9803466796875;-0.0040570595301687;0.0281466823071241;-0.0048054079525172
1768216481029040600;13.10904052734375;-0.1968536376953125;-0.0508575439453125;0.979522705078125;-0.0054674698039889;0.0278508067131042;-0.0053356434218585
1768216481039041500;13.11904150390625;-0.1964874267578125;-0.0512237548828125;0.9801177978515624;-0.0076230322010815;0.0246488880366086;-0.0048442902043461
1768216481049041400;13.12904150390625;-0.194000244140625;-0.050811767578125;0.98370361328125;-0.0085468832403421;0.015207715332508;-0.0043500075116753
1768216481059042600;13.13904248046875;-0.1895599365234375;-0.0496673583984375;0.986328125;-0.0086624640971422;0.0070733558386564;-0.0081804320216178
1768216481069042400;13.14904248046875;-0.1909637451171875;-0.049957275390625;0.9871826171875;-0.0109242871403694;0.0008048072922974;-0.0086523443460464
1768216481079043300;13.159043212890625;-0.1944580078125;-0.048828125;0.985931396484375;-0.0090784495696425;-0.0063633569516241;-0.0051713259890675
1768216481089044500;13.16904443359375;-0.19921875;-0.0462493896484375;0.98419189453125;-0.0058568236418068;-0.009866745211184;-0.0046269758604466
1768216481099044600;13.179044677734376;-0.20416259765625;-0.0456695556640625;0.9815826416015624;-0.0019800602458417;-0.013879862613976;-0.0035406725946813
1768216481109045500;13.18904541015625;-0.2075653076171875;-0.04473876953125;0.980377197265625;-0.0005036037764512;-0.0142114264890551;-0.0035470642615109
1768216481119045400;13.19904541015625;-0.2119140625;-0.04351806640625;0.977813720703125;0.0025129588320851;-0.0115506621077656;-0.0053505566902458
1768216481129046500;13.209046630859374;-0.21307373046875;-0.0435028076171875;0.973663330078125;0.0002106560423271;-0.0029574404470622;-0.0042144525796175
1768216481139047400;13.21904736328125;-0.212890625;-0.041717529296875;0.9749755859375;-0.0020096213556826;0.0028360001742839;-0.0033467945177108
1768216481149047300;13.22904736328125;-0.2113037109375;-0.043914794921875;0.9738922119140624;-0.0051942295394837;0.007888282649219;-0.0069561768323183
1768216481159048400;13.23904833984375;-0.2091522216796875;-0.0431671142578125;0.97723388671875;-0.0044983453117311;0.0107322726398706;-0.0062879896722733
1768216481169048600;13.249048583984376;-0.20709228515625;-0.0402679443359375;0.97906494140625;-0.0035646411124616;0.0113844806328415;-0.0066453856416046
1768216481179049500;13.259049560546876;-0.20562744140625;-0.040985107421875;0.9776153564453124;-0.0015795208746567;0.0085522094741463;-0.0070437947288155
1768216481189050400;13.26905029296875;-0.2006988525390625;-0.0424346923828125;0.977142333984375;-0.0017624800093472;0.0048895636573433;-0.0096116149798035
1768216481199050500;13.279050537109375;-0.1996002197265625;-0.0409088134765625;0.9765472412109376;-0.0021334583871066;0.0002122539444826;-0.0098302597180008
1768216481209051400;13.289051513671875;-0.199127197265625;-0.0438232421875;0.976806640625;-0.0007597998483106;0.00019467707898;-0.0094062853604555
1768216481219051300;13.29905126953125;-0.20147705078125;-0.045318603515625;0.9781646728515624;0.0012719257501885;0.0052110073156654;-0.0074302195571362
1768216481229052400;13.309052490234375;-0.204498291015625;-0.0453033447265625;0.979705810546875;0.00067857344402;0.0050717238336801;-0.0048488173633813
1768216481239052500;13.319052490234377;-0.2015533447265625;-0.0464324951171875;0.9806365966796876;0.0004535363405011;0.0096480995416641;-0.0062570967711508
1768216481249053400;13.329053466796877;-0.2029571533203125;-0.0456695556640625;0.9803314208984376;0.0012564794160425;0.0118745025247335;-0.0080986730754375
1768216481259054300;13.339054443359377;-0.2041473388671875;-0.0460052490234375;0.9830474853515624;0.0018002968281507;0.0140340598300099;-0.0066991816274821
1768216481269054500;13.349054443359377;-0.202484130859375;-0.0452423095703125;0.983978271484375;0.0034842137247323;0.0194424074143171;-0.0033190976828336
1768216481279055600;13.3590556640625;-0.2042236328125;-0.043304443359375;0.98358154296875;0.0061918497085571;0.025887256488204;-0.0027009779587388
1768216481289056500;13.369056396484376;-0.2053070068359375;-0.046661376953125;0.9817047119140624;0.0071769529022276;0.0316846929490566;-0.0044844970107078
1768216481299056600;13.379056640625;-0.2063446044921875;-0.04754638671875;0.9792022705078124;0.009172991849482;0.0383473895490169;-0.0094528906047344
1768216481309057500;13.3890576171875;-0.2073822021484375;-0.0475006103515625;0.978271484375;0.0076664416119456;0.0442553460597991;-0.0140729416161775
1768216481319057400;13.399057373046874;-0.210174560546875;-0.047149658203125;0.9780731201171876;0.0104989800602197;0.0502770170569419;-0.0131403030827641
1768216481329058300;13.409058349609374;-0.209716796875;-0.0456085205078125;0.9810943603515624;0.0139309959486126;0.0570859238505363;-0.0140620227903127
1768216481339058400;13.419058349609376;-0.2089385986328125;-0.0450592041015625;0.982818603515625;0.0173986982554197;0.0619448609650135;-0.0121815651655197
1768216481349059300;13.429059326171876;-0.209991455078125;-0.0426483154296875;0.98236083984375;0.0176530294120311;0.0653169527649879;-0.0129871712997555
1768216481359060200;13.439060302734376;-0.2070465087890625;-0.0436553955078125;0.9832611083984376;0.0156841538846492;0.0675385668873786;-0.0174434389919042
1768216481369060400;13.449060302734376;-0.207916259765625;-0.04327392578125;0.981536865234375;0.0148324752226471;0.0701729655265808;-0.0193673055619001
1768216481379061200;13.459061279296876;-0.2065887451171875;-0.0450439453125;0.9798736572265624;0.0159390196204185;0.072416678071022;-0.0180272031575441
1768216481389061000;13.46906103515625;-0.20770263671875;-0.0433807373046875;0.9815826416015624;0.0151736261323094;0.0751448199152946;-0.0166375655680894
1768216481399062300;13.479062255859375;-0.207489013671875;-0.04388427734375;0.9813690185546876;0.0175417084246873;0.0763890445232391;-0.0130422990769147
1768216481409063400;13.4890634765625;-0.2025146484375;-0.0439910888671875;0.98101806640625;0.0214064884930849;0.0741884782910347;-0.010833472944796
1768216481419063300;13.499063232421875;-0.2003021240234375;-0.0442657470703125;0.977142333984375;0.0249170679599046;0.0769208818674087;-0.0047369645908474
1768216481429064200;13.509064208984377;-0.197540283203125;-0.045745849609375;0.9762725830078124;0.0253415759652853;0.0789960175752639;-0.0013670006301254
1768216481439064300;13.519064208984377;-0.1934051513671875;-0.0479278564453125;0.97882080078125;0.029414614662528;0.073586069047451;0.0041076596826314
1768216481449065200;13.529065185546877;-0.1931610107421875;-0.045074462890625;0.984405517578125;0.0335254706442356;0.0689505711197853;0.0119685120880603
1768216481459066000;13.539066162109377;-0.1939849853515625;-0.0440673828125;0.9841156005859376;0.0375819951295852;0.0731663554906845;0.0262446533888578
1768216481469066200;13.549066162109376;-0.192230224609375;-0.0435943603515625;0.9824676513671876;0.0342876650393009;0.0752990171313285;0.0316077284514904
1768216481479067400;13.5590673828125;-0.1897735595703125;-0.0483245849609375;0.9810638427734376;0.0288745258003473;0.0858035907149314;0.0278409514576196
1768216481489067300;13.5690673828125;-0.1884918212890625;-0.05169677734375;0.9847259521484376;0.0217423141002655;0.0988552048802375;0.0172058846801519
1768216481499068200;13.579068115234374;-0.183074951171875;-0.0543212890625;0.9862213134765624;0.0220256727188825;0.1120021715760231;0.0056829191744327
1768216481509069300;13.5890693359375;-0.1834564208984375;-0.059539794921875;0.9828338623046876;0.0233607161790132;0.1407195627689361;0.0009315737406723
1768216481519069200;13.599069091796874;-0.1771697998046875;-0.0556182861328125;0.98193359375;0.0251556877046823;0.1531219035387039;0.0084744449704885
1768216481529070000;13.609070068359374;-0.1778106689453125;-0.050628662109375;0.9824066162109376;0.0345151014626026;0.1624421775341034;0.0205806419253349
1768216481539070200;13.6190703125;-0.177642822265625;-0.0510101318359375;0.9799957275390624;0.0371694713830947;0.1652086675167083;0.0269746258854866
1768216481549071400;13.6290712890625;-0.1753082275390625;-0.0578460693359375;0.97369384765625;0.0303168930113315;0.1663040220737457;0.0320125259459018
1768216481559072300;13.639072265625;-0.172637939453125;-0.05755615234375;0.9815521240234376;0.0330303870141506;0.1505524963140487;0.0320495441555976
1768216481569072000;13.649072021484375;-0.1702728271484375;-0.0595855712890625;0.9858245849609376;0.0276199094951152;0.136042520403862;0.0317275710403919
1768216481579073300;13.6590732421875;-0.174346923828125;-0.0607757568359375;0.98504638671875;0.020641628652811;0.1198497042059898;0.0310023911297321
1768216481589073200;13.6690732421875;-0.1722412109375;-0.062103271484375;0.9842376708984376;0.0091591440141201;0.1015631109476089;0.0328863114118576
1768216481599074000;13.679073974609375;-0.172882080078125;-0.060760498046875;0.9826812744140624;0.0010226538870483;0.0903466716408729;0.037086647003889
1768216481609075200;13.6890751953125;-0.1749420166015625;-0.0569305419921875;0.99029541015625;-0.0063255401328206;0.0920092836022377;0.036727387458086
1768216481619075300;13.699075439453123;-0.17437744140625;-0.0560455322265625;0.9933319091796876;-0.0076174396090209;0.0963015034794807;0.0267541166394948
1768216481629076200;13.709076171875;-0.1735687255859375;-0.0543670654296875;0.9912109375;-0.0070163640193641;0.0991454944014549;0.0210669357329607
1768216481639076400;13.719076416015625;-0.1738739013671875;-0.053955078125;0.9857177734375;0.0002314286975888;0.0887029692530632;0.0159352906048297
1768216481649077200;13.7290771484375;-0.1719512939453125;-0.058868408203125;0.9721832275390624;-0.0079689770936965;0.0817081779241561;0.0199622567743062
1768216481659078100;13.739078125;-0.1669158935546875;-0.057403564453125;0.98211669921875;-0.0036962011363357;0.0610740073025226;0.0199236404150724
1768216481669078000;13.749078125;-0.1695404052734375;-0.0573272705078125;0.984619140625;-0.0055034225806593;0.0667484030127525;0.0394936129450798
1768216481679079200;13.7590791015625;-0.1761322021484375;-0.0519866943359375;0.983154296875;-0.0060709421522915;0.0702901408076286;0.0552302338182926
1768216481689079300;13.769079345703124;-0.1649932861328125;-0.049774169921875;0.9910125732421876;-0.0073071811348199;0.0671593323349952;0.0470069237053394
1768216481699080200;13.779080078125;-0.1605224609375;-0.05059814453125;0.987579345703125;-0.0085178539156913;0.0662322863936424;0.0316743068397045
1768216481709081000;13.7890810546875;-0.1649169921875;-0.049957275390625;0.9858245849609376;-0.0136724030598998;0.0565868467092514;0.0107796769589185
1768216481719081200;13.799081298828124;-0.159149169921875;-0.0551605224609375;0.97943115234375;-0.0196733027696609;0.0431794300675392;-0.0055223307572305
1768216481729082400;13.809082275390624;-0.1558380126953125;-0.0557098388671875;0.987884521484375;-0.0228557810187339;0.0406989604234695;-0.0158932134509086
1768216481739082200;13.819082275390626;-0.1612091064453125;-0.055419921875;0.983184814453125;-0.0299030374735593;0.0450146123766899;-0.0174884460866451
1768216481749083400;13.82908349609375;-0.164306640625;-0.0558319091796875;0.9827880859375;-0.0308077130466699;0.0476745776832103;-0.0183987151831388
1768216481759084300;13.839084228515626;-0.166717529296875;-0.0577545166015625;0.9831390380859376;-0.031651135534048;0.0565109476447105;-0.0182690192013978
1768216481769084200;13.849084228515624;-0.1628265380859375;-0.0564422607421875;0.98345947265625;-0.0263301413506269;0.0560699254274368;-0.0235079899430274
1768216481779085000;13.8590849609375;-0.1673126220703125;-0.05450439453125;0.9874420166015624;-0.021343370899558;0.0545500591397285;-0.0213186051696538
1768216481789085200;13.869085205078123;-0.1732635498046875;-0.0495452880859375;0.9874114990234376;-0.0169914998114109;0.0499702244997024;-0.0207454916089773
1768216481799086300;13.87908642578125;-0.1790618896484375;-0.0463409423828125;0.990203857421875;-0.0068336711265146;0.053530603647232;-0.0200299005955457
1768216481809086200;13.889086181640623;-0.180572509765625;-0.042327880859375;0.9925994873046876;0.0016106797847896;0.0621888041496276;-0.0230826828628778
1768216481819087400;13.89908740234375;-0.17742919921875;-0.03778076171875;0.9958648681640624;0.0075641763396561;0.0698256865143776;-0.0215068906545639
1768216481829088300;13.909088134765623;-0.1724853515625;-0.036529541015625;0.9956512451171876;0.0108595723286271;0.0747884884476661;-0.0141874579712748
1768216481839088000;13.919088134765625;-0.155059814453125;-0.043304443359375;0.99267578125;0.0089213233441114;0.0751781091094017;-0.0135935731232166
1768216481849089000;13.929089111328125;-0.1457672119140625;-0.0546875;0.99066162109375;0.007758320774883;0.0727011039853096;-0.0174192041158676
1768216481859090400;13.93909033203125;-0.147216796875;-0.061737060546875;0.9814910888671876;0.0046685212291777;0.0653542354702949;-0.0237732399255037
1768216481869090300;13.94909033203125;-0.144195556640625;-0.0635833740234375;0.983856201171875;-0.0014247911749407;0.0549926795065403;-0.0323837734758853
1768216481879091200;13.95909130859375;-0.1529998779296875;-0.0641326904296875;0.982269287109375;-0.0091538168489933;0.0529977045953273;-0.0381074398756027
1768216481889091300;13.96909130859375;-0.1586151123046875;-0.0580291748046875;0.982086181640625;-0.0132721299305558;0.0514043346047401;-0.0349119119346141
1768216481899092200;13.97909228515625;-0.16180419921875;-0.0505828857421875;0.9854736328125;-0.0194519944489002;0.0551918819546699;-0.0213628131896257
1768216481909092000;13.989092041015626;-0.1654052734375;-0.0421600341796875;0.9864959716796876;-0.0190205629914999;0.0632980093359947;-0.0122859608381986
1768216481919093200;13.99909326171875;-0.16473388671875;-0.0371246337890625;0.989410400390625;-0.0162394233047962;0.0675489529967308;-0.0110553139820694
1768216481929094400;14.009094482421874;-0.166290283203125;-0.0413665771484375;0.9933624267578124;-0.0068611018359661;0.0745482668280601;-0.0209686644375324
1768216481939094300;14.01909423828125;-0.1682586669921875;-0.043914794921875;0.9896392822265624;-0.0013965616235509;0.0759259238839149;-0.0280721150338649
1768216481949095200;14.02909521484375;-0.1609039306640625;-0.046966552734375;0.9891815185546876;0.0053865094669163;0.0716430246829986;-0.0313065238296985
1768216481959095300;14.03909521484375;-0.1538238525390625;-0.0536651611328125;0.987457275390625;0.0064736120402812;0.0652698203921318;-0.0291903764009475
1768216481969096200;14.04909619140625;-0.1439971923828125;-0.052978515625;0.98809814453125;0.0063223442994058;0.0602018199861049;-0.023157250136137
1768216481979097000;14.05909716796875;-0.1470489501953125;-0.0475006103515625;0.9940948486328124;0.0126087358221411;0.0647097527980804;-0.01368491910398
1768216481989097200;14.06909716796875;-0.157012939453125;-0.043609619140625;0.9994354248046876;0.0219889227300882;0.0850411280989646;0.0034519892651587
1768216481999098400;14.079098388671875;-0.15869140625;-0.0424041748046875;0.9970703125;0.0279834307730197;0.092823676764965;0.012001534923911
1768216482009098200;14.08909814453125;-0.1522674560546875;-0.0483856201171875;0.9892578125;0.0294934436678886;0.0992946252226829;0.0070760189555585
1768216482019099100;14.09909912109375;-0.1516876220703125;-0.0517425537109375;0.9841461181640624;0.0341537073254585;0.106694221496582;0.0025686188600957
1768216482029100300;14.109100341796877;-0.1548004150390625;-0.0519561767578125;0.9777984619140624;0.0347625091671943;0.1136623844504356;0.0008796420879662
1768216482039100200;14.11910009765625;-0.1447296142578125;-0.0532989501953125;0.9785919189453124;0.033523604273796;0.1094734966754913;-0.0012956279097124
1768216482049101000;14.12910107421875;-0.1373748779296875;-0.0556182861328125;0.97998046875;0.0298516396433115;0.1018704399466514;0.0015819176333025
1768216482059101400;14.139101318359376;-0.1370849609375;-0.054840087890625;0.984619140625;0.0188549142330884;0.100508227944374;0.000697215553373
1768216482069102300;14.149102294921876;-0.1385345458984375;-0.0587158203125;0.9845123291015624;0.0090323770418763;0.1016227677464485;-0.010522149503231
1768216482079103200;14.159103271484376;-0.136871337890625;-0.05877685546875;0.9862518310546876;0.0044709146022796;0.1007047742605209;-0.0190298836678266
1768216482089103000;14.16910302734375;-0.141693115234375;-0.05767822265625;0.9881744384765624;0.0044349622912704;0.1047634333372116;-0.0211284551769495
1768216482099104300;14.179104248046874;-0.1462860107421875;-0.052764892578125;0.99310302734375;0.003009904641658;0.1135215014219284;-0.0134308543056249
1768216482109104000;14.189104248046876;-0.14666748046875;-0.0484161376953125;0.99945068359375;0.012934174388647;0.1266681998968124;0.0011198592837899
1768216482119105300;14.199105224609376;-0.1397552490234375;-0.04638671875;1.001678466796875;0.025007614865899;0.1424801796674728;0.003981692250818
1768216482129106200;14.209106201171876;-0.1256103515625;-0.049957275390625;0.99365234375;0.0257221404463052;0.1393464356660843;-0.0053486926481127
1768216482139106300;14.219106201171876;-0.1203460693359375;-0.0550689697265625;0.9926910400390624;0.0225593708455562;0.1316965073347091;-0.0093743270263075
1768216482149107200;14.229107177734376;-0.1329803466796875;-0.0489959716796875;0.991668701171875;0.0256574265658855;0.1326664388179779;-0.0029411951545625
1768216482159107300;14.239107421875;-0.139312744140625;-0.0535430908203125;0.9857330322265624;0.0230834819376468;0.1273736655712127;0.0046994141303002
1768216482169108200;14.249108154296875;-0.1406097412109375;-0.052154541015625;0.9814605712890624;0.0182168204337358;0.1205589026212692;0.0106321377679705
1768216482179109400;14.259109375;-0.13653564453125;-0.05303955078125;0.987884521484375;0.0106369312852621;0.1132240295410156;0.0150071792304515
1768216482189109200;14.269109130859375;-0.1317596435546875;-0.0533294677734375;0.989593505859375;0.0068581723608076;0.105202317237854;0.0194101836532354
1768216482199110100;14.279110107421875;-0.1221771240234375;-0.05450439453125;0.9987945556640624;0.0108124343678355;0.0923917144536972;0.0127229858189821
1768216482209110300;14.2891103515625;-0.1177215576171875;-0.05517578125;0.995697021484375;0.0181015059351921;0.0911192595958709;0.0013353090034797
1768216482219111200;14.299111083984377;-0.119476318359375;-0.0601654052734375;0.989288330078125;0.0203308369964361;0.0916968956589698;-0.0090302461758255
1768216482229112000;14.309112060546877;-0.123138427734375;-0.06298828125;0.986175537109375;0.0188501197844743;0.0919272601604461;-0.0163835007697343
1768216482239112200;14.3191123046875;-0.1269073486328125;-0.060882568359375;0.9857025146484376;0.0168226566165685;0.0967518463730812;-0.0177931115031242
1768216482249113300;14.32911328125;-0.1280975341796875;-0.0594329833984375;0.987823486328125;0.0194605160504579;0.0994871780276298;-0.0083181168884038
1768216482259113200;14.33911328125;-0.1220703125;-0.0588531494140625;0.9886627197265624;0.0167717896401882;0.1018046587705612;0.0005368932615965
1768216482269114400;14.3491142578125;-0.1170501708984375;-0.0582275390625;0.9918060302734376;0.0193891450762748;0.0969387963414192;0.0120473420247435
1768216482279115300;14.359115234375;-0.11883544921875;-0.0573577880859375;0.9916839599609376;0.0184125620871782;0.086072564125061;0.0193076506257057
1768216482289115100;14.369115234375;-0.1204071044921875;-0.0537567138671875;0.995025634765625;0.0179829951375722;0.0834520161151886;0.0171552840620279
1768216482299116000;14.379115966796874;-0.11505126953125;-0.0521697998046875;0.998809814453125;0.0180325303226709;0.0745733007788658;0.0086009446531534
1768216482309116200;14.3891162109375;-0.109161376953125;-0.0570831298828125;0.9969329833984376;0.0202999450266361;0.0701351463794708;-0.0040083238855004
1768216482319117300;14.399117431640626;-0.0973052978515625;-0.063751220703125;0.9940948486328124;0.0201217792928218;0.0553213134407997;-0.0127317737787961
1768216482329118200;14.4091181640625;-0.0853271484375;-0.0653228759765625;0.990081787109375;0.0129757197573781;0.0377271398901939;-0.0112585136666893
1768216482339118300;14.419118408203126;-0.087799072265625;-0.0679168701171875;0.9931182861328124;0.0100726075470447;0.0265828743577003;0.0052019525319337
1768216482349119200;14.429119140625;-0.09429931640625;-0.06817626953125;0.996856689453125;0.0059335227124392;0.0115623800083994;0.0192884765565395
1768216482359119000;14.439119140625;-0.1043701171875;-0.063568115234375;0.9961395263671876;-0.0008466189028695;-0.009613212198019;0.0198717098683118
1768216482369120000;14.4491201171875;-0.1153411865234375;-0.0652008056640625;0.99237060546875;-0.0076619144529104;-0.0251724645495414;0.0107288109138607
1768216482379121200;14.45912109375;-0.117767333984375;-0.0638580322265625;0.9953155517578124;-0.0120806312188506;-0.0289988946169614;0.0016839167801663
1768216482389121000;14.46912109375;-0.113861083984375;-0.0638427734375;0.99908447265625;-0.0147334057837724;-0.0292460359632968;-0.0035609125625342
1768216482399122000;14.479121826171877;-0.10687255859375;-0.0653228759765625;0.996185302734375;-0.0146644301712512;-0.0210256557911634;-0.0055814529769122
1768216482409122000;14.4891220703125;-0.1045074462890625;-0.06304931640625;0.9898223876953124;-0.012582903727889;-0.0146452551707625;0.0003153182624373
1768216482419123200;14.499123291015623;-0.1048126220703125;-0.06353759765625;0.9850616455078124;-0.0098478365689516;-0.0127661293372511;0.0081125209107995
1768216482429124000;14.5091240234375;-0.111541748046875;-0.059417724609375;0.987091064453125;-0.0112838130444288;-0.0092491582036018;0.0188463926315307
1768216482439124200;14.519124267578125;-0.118927001953125;-0.0568389892578125;0.9922027587890624;-0.0130553478375077;-0.0104363951832056;0.0269882082939147
1768216482449125000;14.529125;-0.1232452392578125;-0.053070068359375;0.996490478515625;-0.016734505072236;-0.0067473850212991;0.0219164844602346
1768216482459125000;14.539125;-0.122650146484375;-0.0501861572265625;0.9980316162109376;-0.0101567637175321;-0.0044741104356944;0.0147911962121725
1768216482469126000;14.5491259765625;-0.118865966796875;-0.048095703125;0.9989471435546876;-0.0012183962389826;-0.003680754918605;0.0106601007282733
1768216482479126300;14.559126220703124;-0.1145172119140625;-0.052337646484375;0.9966888427734376;0.002944124629721;-0.0044615939259529;0.0101125547662377
1768216482489127200;14.569127197265624;-0.11309814453125;-0.0552520751953125;0.9946136474609376;0.0071692294441163;-0.0090214582160115;0.0140023678541183
1768216482499128000;14.579128173828124;-0.1163330078125;-0.0529632568359375;0.9936065673828124;0.0126063395291566;-0.0123091302812099;0.0154846841469407
1768216482509128200;14.589128173828126;-0.1200714111328125;-0.0553741455078125;0.9902191162109376;0.0138044953346252;-0.0180359911173582;0.0172189343720674
1768216482519129000;14.599129150390626;-0.1256561279296875;-0.0572509765625;0.9891815185546876;0.0152838816866278;-0.0206770487129688;0.0134726651012897
1768216482529129000;14.60912890625;-0.1312255859375;-0.0596771240234375;0.9873504638671876;0.0091623393818736;-0.0223404597491025;0.0089615369215607
1768216482539130000;14.619130126953126;-0.1335296630859375;-0.0612030029296875;0.9888916015625;0.0008279767935164;-0.0165366325527429;0.006433664355427
1768216482549131300;14.62913134765625;-0.13665771484375;-0.062835693359375;0.995147705078125;-0.0039228363893926;-0.0107514476403594;0.0046168561093509
1768216482559131100;14.639131103515624;-0.1251983642578125;-0.0608367919921875;0.9965972900390624;-0.0064491108059883;-0.0104728806763887;0.0035712989047169
1768216482569132000;14.649132080078124;-0.12054443359375;-0.061798095703125;0.9985504150390624;-0.0116622485220432;-0.0135533595457673;0.0103706158697605
1768216482579132200;14.659132080078123;-0.12188720703125;-0.0595550537109375;0.9979705810546876;-0.0172077491879463;-0.0174639448523521;0.0234552584588527
1768216482589133000;14.669133056640623;-0.1215057373046875;-0.0558624267578125;0.9958648681640624;-0.014871091581881;-0.021542577072978;0.0342146940529346
1768216482599134200;14.67913427734375;-0.1268463134765625;-0.0540618896484375;0.9943389892578124;-0.0138518996536731;-0.0255780648440122;0.0344828777015209
1768216482609134000;14.689134033203125;-0.1280059814453125;-0.0504608154296875;0.9937896728515624;-0.0088675273582339;-0.0343595705926418;0.0280124600976705
1768216482619135200;14.69913525390625;-0.133209228515625;-0.049835205078125;0.9947509765625;-0.0011171960504725;-0.0309227630496025;0.0225489847362041
1768216482629135000;14.709135009765625;-0.131256103515625;-0.0513458251953125;0.9939727783203124;0.0009723200928419;-0.0291959680616855;0.0128902317956089
1768216482639136000;14.719135986328125;-0.126129150390625;-0.057952880859375;0.9910736083984376;0.0035286883357912;-0.0252254623919725;0.0106555735692381
1768216482649137000;14.729136962890625;-0.128997802734375;-0.058563232421875;0.9918365478515624;0.0050948932766914;-0.0172042865306139;0.013213007710874
1768216482659137000;14.739136962890624;-0.121002197265625;-0.0631866455078125;0.9903564453125;0.0055393748916685;-0.0146878659725189;0.0097650131210684
1768216482669138200;14.74913818359375;-0.1101226806640625;-0.0624237060546875;0.9867401123046876;0.0017696705181151;-0.0162407550960779;0.0063596284016966
1768216482679138300;14.75913818359375;-0.1103668212890625;-0.06732177734375;0.98944091796875;-0.0027467843610793;-0.0258851274847984;0.0028487835079431
1768216482689139200;14.76913916015625;-0.1119537353515625;-0.0685577392578125;0.9895477294921876;-0.0033116408158093;-0.0285176616162061;0.0001797633740352
1768216482699140000;14.77914013671875;-0.11822509765625;-0.0645751953125;0.990692138671875;-0.0037715686485171;-0.025645175948739;-0.0030067088082432
1768216482709140000;14.789139892578126;-0.1263427734375;-0.0640716552734375;0.9895477294921876;-0.0067891962826251;-0.0235194414854049;-0.0031470574904233
1768216482719141000;14.79914111328125;-0.13153076171875;-0.0604705810546875;0.99249267578125;-0.0038735677953809;-0.0174556896090507;-0.00342722190544
1768216482729141000;14.80914111328125;-0.1307525634765625;-0.05340576171875;0.9947357177734376;-0.0011859056539833;-0.011231348849833;-0.0003278351214248
1768216482739142100;14.81914208984375;-0.1265106201171875;-0.0524139404296875;0.9950714111328124;-0.0002599245344754;-0.009801497682929;0.0050634681247174
1768216482749143000;14.82914306640625;-0.121063232421875;-0.050933837890625;0.9898834228515624;0.0037473340053111;-0.0139706768095493;0.0050086071714758
1768216482759143200;14.83914306640625;-0.1187744140625;-0.056915283203125;0.991241455078125;0.0053923684172332;-0.0215955730527639;0.002315352205187
1768216482769144000;14.84914404296875;-0.1183929443359375;-0.0616607666015625;0.9916839599609376;0.0068778796121478;-0.0257290657609701;-0.0016554208705201
1768216482779144000;14.85914404296875;-0.1222686767578125;-0.060760498046875;0.992340087890625;0.0072395368479192;-0.0287221912294626;-0.0035220305435359
1768216482789145000;14.86914501953125;-0.125274658203125;-0.061370849609375;0.994232177734375;0.0067367320880293;-0.0275117848068475;-0.0061250040307641
1768216482799146200;14.879146240234377;-0.126800537109375;-0.06146240234375;0.99365234375;0.0056629455648362;-0.0240448825061321;-0.007285077124834
1768216482809146000;14.88914599609375;-0.12689208984375;-0.061004638671875;0.991058349609375;0.0019510318525135;-0.0196914132684469;-0.0099415807053446
1768216482819147000;14.89914697265625;-0.1284332275390625;-0.0583953857421875;0.990936279296875;0.0013108078856021;-0.011634818278253;-0.0116875488311052
1768216482829147100;14.909147216796876;-0.130035400390625;-0.056060791015625;0.9906768798828124;-0.000997353810817;-0.0071343421004712;-0.0114409402012825
1768216482839148000;14.91914794921875;-0.133209228515625;-0.0545501708984375;0.989532470703125;-3.00937208521e-05;-0.0066816047765314;-0.0088510159403085
1768216482849149000;14.92914892578125;-0.1345062255859375;-0.057830810546875;0.9898223876953124;-0.0028559740167111;-0.0117338877171278;-0.0122888907790184
1768216482859149300;14.9391494140625;-0.135894775390625;-0.0567474365234375;0.9917449951171876;-0.0011821772204712;-0.0170703306794166;-0.0131586790084838
1768216482869150200;14.949150146484374;-0.133880615234375;-0.057830810546875;0.9927825927734376;-0.0018335863715037;-0.021329790353775;-0.0176085550338029
1768216482879150000;14.959150146484374;-0.1300811767578125;-0.0615386962890625;0.99072265625;-0.0017246630741283;-0.0306798815727233;-0.0219084937125444
1768216482889151000;14.96915087890625;-0.127716064453125;-0.06256103515625;0.9907379150390624;-0.0029510487802326;-0.0406531542539596;-0.0254523623734712
1768216482899151000;14.979151123046876;-0.1243743896484375;-0.0607147216796875;0.990875244140625;-0.0042975428514182;-0.047694019973278;-0.0243791099637746
1768216482909152000;14.989152099609376;-0.12841796875;-0.0560760498046875;0.993011474609375;-0.0035257588606327;-0.0425671674311161;-0.0180021692067384
1768216482919153200;14.999153076171876;-0.128875732421875;-0.0579376220703125;0.9917449951171876;-0.0042109903879463;-0.0380877293646335;-0.0144969169050455
1768216482929153300;15.0091533203125;-0.1321868896484375;-0.0587005615234375;0.9926910400390624;-0.0053705307655036;-0.0322117321193218;-0.0142902564257383
1768216482939154200;15.019154296875;-0.1374969482421875;-0.0590972900390625;0.9938812255859376;-0.0051127364858984;-0.0293578878045082;-0.0140827959403395
1768216482949154000;15.029154052734375;-0.13824462890625;-0.0579833984375;0.990875244140625;-0.0013566142879426;-0.0233545918017625;-0.0151685662567615
1768216482959155200;15.0391552734375;-0.1401214599609375;-0.0594024658203125;0.993133544921875;-0.0012468920322135;-0.0146564403548836;-0.0115394769236445
1768216482969156000;15.049156005859375;-0.1381072998046875;-0.0554351806640625;0.9959869384765624;0.0014013553736731;-0.0086353002116084;-0.0094856470823287
1768216482979156000;15.059156005859377;-0.131744384765625;-0.0548095703125;0.9937591552734376;0.0026357304304838;-0.0090440949425101;-0.0152228949591517
1768216482989157000;15.0691572265625;-0.126678466796875;-0.0596160888671875;0.9927978515625;0.0011086739832535;-0.0151904048398137;-0.0208999551832675
1768216482999157200;15.0791572265625;-0.1250152587890625;-0.057830810546875;0.9903411865234376;-0.0002684466307982;-0.0143528403714299;-0.0262124296277761
1768216483009158100;15.089158203125;-0.1264190673828125;-0.059722900390625;0.9925689697265624;-0.000744087214116;-0.0121338944882154;-0.0262824706733226
1768216483019159000;15.099158935546876;-0.1252593994140625;-0.06097412109375;0.991546630859375;-0.0004287689225748;-0.0150939980521798;-0.0263844691216945
1768216483029159200;15.1091591796875;-0.1269378662109375;-0.0611724853515625;0.9908599853515624;-0.0028221518732607;-0.0177518334239721;-0.0225428603589534
1768216483039160000;15.11916015625;-0.12994384765625;-0.0627899169921875;0.992218017578125;-0.0016775251133367;-0.019146529957652;-0.0178927145898342
1768216483049160000;15.129159912109374;-0.1340179443359375;-0.055450439453125;0.9957122802734376;0.0015041533624753;-0.0171470288187265;-0.0155645785853266
1768216483059161000;15.1391611328125;-0.1331787109375;-0.057098388671875;0.9934539794921876;-0.0004173173510935;-0.0167805776000022;-0.0163890924304723
1768216483069162200;15.149162353515624;-0.1355438232421875;-0.0582427978515625;0.9891510009765624;-0.0019515644526109;-0.01017726957798;-0.018335597589612
1768216483079162000;15.159162109375;-0.138275146484375;-0.056060791015625;0.9915618896484376;-0.0011598066193982;-0.0098568918183445;-0.0174729991704225
1768216483089163000;15.1691630859375;-0.134490966796875;-0.055206298828125;0.988800048828125;0.0004527373821474;-0.0131935663521289;-0.0181358605623245
1768216483099163100;15.1791630859375;-0.132232666015625;-0.0575408935546875;0.9890899658203124;-0.0010112022282555;-0.014160294085741;-0.018767561763525
1768216483109164000;15.1891640625;-0.133575439453125;-0.0592041015625;0.9920654296875;-0.0025971147697418;-0.0127365682274103;-0.0181113593280315
1768216483119165200;15.199165283203126;-0.133026123046875;-0.059722900390625;0.990325927734375;-0.0040075248107314;-0.0116891469806432;-0.0137126166373491
1768216483129165000;15.2091650390625;-0.13299560546875;-0.05963134765625;0.991668701171875;-0.0045569348149001;-0.0113117769360542;-0.0119900833815336
1768216483139166200;15.219166259765624;-0.1328125;-0.0615081787109375;0.98883056640625;-0.0058919773437082;-0.01259755063802;-0.0139152826741337
1768216483149166000;15.229166015625;-0.130157470703125;-0.0613555908203125;0.988250732421875;-0.0089245187118649;-0.0121048660948872;-0.014871091581881
1768216483159167000;15.2391669921875;-0.130279541015625;-0.05987548828125;0.9860382080078124;-0.011591674759984;-0.0161928180605173;-0.0127884997054934
1768216483169168000;15.24916796875;-0.13262939453125;-0.0563812255859375;0.98748779296875;-0.013667075894773;-0.0166072063148021;-0.00789893604815
1768216483179168000;15.25916796875;-0.1330413818359375;-0.053466796875;0.9932098388671876;-0.009319731965661;-0.0156953390687704;-0.0056815878488123
1768216483189169200;15.269169189453123;-0.1340179443359375;-0.05694580078125;0.9916534423828124;-0.0140737406909465;-0.0216608196496963;-0.0094164051115512
1768216483199169300;15.279169189453125;-0.1361541748046875;-0.0597991943359375;0.993896484375;-0.0152423363178968;-0.0232118461281061;-0.0154295563697814
1768216483209170200;15.289170166015625;-0.1405029296875;-0.0585784912109375;0.994873046875;-0.0147645650431513;-0.0237439442425966;-0.0185236167162656
1768216483219171000;15.299171142578125;-0.1425933837890625;-0.059539794921875;0.993621826171875;-0.0107280118390917;-0.0205063410103321;-0.0190458633005619
1768216483229171000;15.3091708984375;-0.14532470703125;-0.0580596923828125;0.9946441650390624;-0.0065460498444736;-0.0123309679329395;-0.0139722749590873
1768216483239172000;15.319172119140624;-0.1435394287109375;-0.0585479736328125;0.9964599609375;-0.0002617887221276;-0.0046352320350706;-0.0108044445514678
1768216483249172200;15.329172119140624;-0.13702392578125;-0.0609283447265625;0.992401123046875;-0.0008056062506511;0.002175802597776;-0.0108728874474763
1768216483259173000;15.339173095703124;-0.1308441162109375;-0.062225341796875;0.98919677734375;0.0003709783486556;0.0012996225850656;-0.0126963537186384
1768216483269174000;15.349174072265624;-0.13067626953125;-0.0601806640625;0.98602294921875;-0.000516653235536;0.0047681233845651;-0.0147917289286851
1768216483279174100;15.359174072265626;-0.1307525634765625;-0.057708740234375;0.9873809814453124;-0.0004729774082079;0.0053444318473339;-0.011879296042025
1768216483289175000;15.369175048828126;-0.130859375;-0.0570831298828125;0.9875335693359376;-0.0034083134960383;0.0041790325194597;-0.0097485007718205
1768216483299175000;15.3791748046875;-0.1339263916015625;-0.0557708740234375;0.9905853271484376;-0.0060938452370464;0.003384344978258;-0.0099722063168883
1768216483309176300;15.38917626953125;-0.139251708984375;-0.0591278076171875;0.99005126953125;-0.0077966703101992;-0.0010130665032193;-0.0133325830101966
1768216483319176200;15.39917626953125;-0.1410369873046875;-0.0599822998046875;0.9912872314453124;-0.0107245491817593;-0.005845904815942;-0.0165464859455823
1768216483329177000;15.409177001953124;-0.144805908203125;-0.05731201171875;0.9914093017578124;-0.0101021686568856;-0.0018892465159296;-0.0161954816430807
1768216483339178000;15.419177978515624;-0.14691162109375;-0.055511474609375;0.99066162109375;-0.006850981619209;-0.0002119876153301;-0.0129032814875245
1768216483349178400;15.429178466796875;-0.1429901123046875;-0.0548858642578125;0.9901123046875;-0.0048898300155997;0.0013419669121503;-0.0096060223877429
1768216483359179300;15.43917919921875;-0.14056396484375;-0.0537872314453125;0.9877471923828124;-0.0052434979006648;0.0062879896722733;-0.0126169919967651
1768216483369179100;15.44917919921875;-0.1380157470703125;-0.0555572509765625;0.98760986328125;0.0006652576266787;0.0062352591194212;-0.0137397805228829
1768216483379180300;15.45918017578125;-0.14019775390625;-0.0545196533203125;0.9875640869140624;-3.72842550859e-05;0.0132026206701993;-0.0144489808008074
1768216483389181400;15.469181396484377;-0.1344757080078125;-0.0583953857421875;0.9875640869140624;0.0023398532066494;0.0145837366580963;-0.011404987424612
1768216483399181300;15.479181396484377;-0.1336212158203125;-0.0578460693359375;0.9896087646484376;0.0008724515791982;0.0151589792221784;-0.0058522964827716
1768216483409182200;15.48918212890625;-0.1306915283203125;-0.0552825927734375;0.989990234375;-0.0019507654942572;0.0091676656156778;-0.0010109359864145
1768216483419182300;15.499182373046876;-0.1306610107421875;-0.0544281005859375;0.993316650390625;-0.0004530037112999;0.0093303844332695;0.0019592875614762
1768216483429183200;15.509183349609376;-0.1314849853515625;-0.05633544921875;0.99407958984375;-0.0039161783643066;0.0045553371310234;0.0005179848521947
1768216483439184100;15.51918408203125;-0.125579833984375;-0.054779052734375;0.99005126953125;-0.005012335255742;-0.0022703448776155;-0.0057372478768229
1768216483449184300;15.529184326171874;-0.129913330078125;-0.054229736328125;0.99066162109375;-0.0058863847516477;-0.0086661921814084;-0.0069889337755739
1768216483459185400;15.539185302734374;-0.13116455078125;-0.0565185546875;0.9908447265625;-0.0090214582160115;-0.0127626666799187;-0.0111570470035076
1768216483469185300;15.549185302734376;-0.14013671875;-0.0566253662109375;0.9889984130859376;-0.0081583280116319;-0.0109567772597074;-0.0117256315425038
1768216483479186200;15.559186279296876;-0.1441192626953125;-0.058074951171875;0.9886474609375;-0.0084416875615715;-0.0125562716275453;-0.0157169122248888
1768216483489187300;15.569187255859376;-0.1459197998046875;-0.0579376220703125;0.988983154296875;-0.0059833237901329;-0.0102829979732632;-0.0171765908598899
1768216483499187200;15.579187255859376;-0.1485748291015625;-0.0543365478515625;0.99224853515625;-0.0035542547702789;-0.0066168899647891;-0.0148162301629781
1768216483509188000;15.58918798828125;-0.145721435546875;-0.0496978759765625;0.9934539794921876;0.0006612628931179;0.0010482202051207;-0.0122113926336169
1768216483519188200;15.599188232421875;-0.1450347900390625;-0.051177978515625;0.9943084716796876;0.0005392901366576;0.0037880802992731;-0.0116196377202868
1768216483529189400;15.609189453125;-0.139129638671875;-0.05364990234375;0.990234375;0.0044338968582451;0.0110907340422272;-0.012073440477252
1768216483539190300;15.619190185546875;-0.1381378173828125;-0.054473876953125;0.9904937744140624;0.0041574607603251;0.0152149051427841;-0.0091285174712538
1768216483549190400;15.6291904296875;-0.1346282958984375;-0.0555419921875;0.98822021484375;0.0048293764702975;0.0157683100551366;-0.0067058396525681
1768216483559191300;15.63919140625;-0.1324462890625;-0.0574188232421875;0.9874725341796876;0.0025063008069992;0.0128737203776836;-0.0102880578488111
1768216483569191200;15.649191162109377;-0.1325531005859375;-0.061004638671875;0.986419677734375;-0.0027470507193356;0.0036381443496793;-0.0136668095365166
1768216483579192000;15.659192138671877;-0.1341094970703125;-0.06011962890625;0.98919677734375;-5.21979563927e-05;0.0020186761394143;-0.011984490789473
1768216483589193500;15.669193359375;-0.1407318115234375;-0.0564422607421875;0.9925689697265624;-0.0008362325606867;-0.0036362800747156;-0.0083410209044814
1768216483599193300;15.679193359375;-0.140289306640625;-0.060394287109375;0.989837646484375;-0.0052280514501035;-0.0127490842714905;-0.009507218375802
1768216483609194200;15.6891943359375;-0.140350341796875;-0.0597076416015625;0.98956298828125;-0.0089857717975974;-0.0126111330464482;-0.0183776747435331
1768216483619194400;15.6991943359375;-0.14544677734375;-0.058624267578125;0.99072265625;-0.0079394159838557;-0.0093879094347357;-0.0218078270554542
1768216483629195300;15.7091953125;-0.1446075439453125;-0.0568084716796875;0.9902496337890624;-0.0021454426459968;-0.0106348013505339;-0.0187886022031307
1768216483639196200;15.719196044921874;-0.143951416015625;-0.055908203125;0.993682861328125;0.0001853560097515;-0.0082201128825545;-0.0180016364902257
1768216483649196300;15.7291962890625;-0.141845703125;-0.0595550537109375;0.990936279296875;-0.0005616606795229;-0.0070728231221437;-0.0123309679329395
1768216483659197400;15.739197509765624;-0.13897705078125;-0.0563201904296875;0.9903717041015624;-1.54463341459e-05;0.0006857639527879;-0.0076643112115561
1768216483669197300;15.749197265625;-0.1388702392578125;-0.058349609375;0.99114990234375;0.0002668487431947;0.0027164241764694;-0.0044589308090507
1768216483679198200;15.7591982421875;-0.13629150390625;-0.056427001953125;0.989105224609375;-0.0013014868600293;0.0056554889306426;-0.0025848641525954
1768216483689198300;15.7691982421875;-0.1353302001953125;-0.0581512451171875;0.99127197265625;0.0001712412631604;0.0067444555461406;-0.0016644756542518
1768216483699199200;15.77919921875;-0.1348114013671875;-0.058837890625;0.99212646484375;-0.0014431669842451;0.003065831027925;-0.0048192562535405
1768216483709200400;15.789200439453126;-0.1339569091796875;-0.0606689453125;0.9879150390625;-0.0059729376807808;-0.0046967510133981;-0.0118270982056856
1768216483719200300;15.7992001953125;-0.134765625;-0.06072998046875;0.9864654541015624;-0.0071167652495205;-0.0091471597552299;-0.0164221171289682
1768216483729201400;15.809201416015624;-0.13653564453125;-0.05712890625;0.9863128662109376;-0.0101900529116392;-0.0108119016513228;-0.0172274559736251
1768216483739201300;15.819201171875;-0.1363372802734375;-0.054840087890625;0.9910888671875;-0.0079050613567233;-0.0096627473831176;-0.0129964919760823
1768216483749202200;15.8292021484375;-0.137176513671875;-0.0539703369140625;0.992584228515625;-0.007146060001105;-0.0021214741282165;-0.0107498494908213
1768216483759203000;15.839203125;-0.1375579833984375;-0.0540924072265625;0.99261474609375;-0.0057502975687384;-0.0032591766212135;-0.0083884242922067
1768216483769203200;15.849203125;-0.1410064697265625;-0.053558349609375;0.9915313720703124;-0.0063764066435396;-0.0038578552193939;-0.00734180258587
1768216483779204400;15.859204345703125;-0.14093017578125;-0.053558349609375;0.9923095703125;-0.0057279267348349;-0.0040227049030363;-0.0059822588227689
1768216483789204500;15.86920458984375;-0.1432342529296875;-0.0525665283203125;0.9945831298828124;-0.0032000544015318;-0.0004183826094958;-0.0005589975044131
1768216483799205400;15.879205322265625;-0.144683837890625;-0.049713134765625;0.9945831298828124;0.0027920580469071;0.0100923152640461;0.0023651532828807
1768216483809206300;15.889206298828125;-0.1438446044921875;-0.051239013671875;0.99127197265625;0.0042195124551653;0.013513677753508;0.0002234392159152
1768216483819206100;15.8992060546875;-0.1391754150390625;-0.05364990234375;0.9903411865234376;0.0038895467296242;0.0096089513972401;-0.0016013587592169
1768216483829207300;15.909207275390624;-0.1376953125;-0.0549774169921875;0.9894561767578124;0.0001315601548412;0.0056221992708742;-0.0046000783331692
1768216483839207200;15.919207275390624;-0.137451171875;-0.0572509765625;0.9929962158203124;0.0031925975345075;-0.0011235876008868;-0.004071706905961
1768216483849208300;15.929208251953124;-0.137481689453125;-0.0581817626953125;0.99273681640625;0.0018402442801743;-0.0031204258557409;4.7936900955e-06
1768216483859209200;15.939209228515624;-0.1373291015625;-0.058197021484375;0.9916839599609376;0.0011664645280689;0.0010399643797427;0.0016511598369106
1768216483869209300;15.949209228515626;-0.1375579833984375;-0.0576324462890625;0.9889984130859376;-0.0013318468118086;0.0013986921403557;0.0036525253672152
1768216483879210200;15.959210205078126;-0.1375274658203125;-0.057464599609375;0.98736572265625;-0.001170192961581;0.0037691718898713;0.0022626216523349
1768216483889210000;15.969210205078124;-0.136077880859375;-0.0587005615234375;0.98736572265625;-0.0063985106535255;0.0034621094819158;-0.0045111286453902
1768216483899211300;15.979211181640624;-0.1375885009765625;-0.0567474365234375;0.9890594482421876;-0.0033353429753333;0.0081980088725686;-0.0068179587833583
1768216483909212400;15.98921240234375;-0.1392669677734375;-0.0554962158203125;0.992156982421875;-0.0051713259890675;0.0127568077296018;-0.006050169467926
1768216483919212300;15.99921240234375;-0.140960693359375;-0.0565643310546875;0.9930267333984376;0.0003304982965346;0.0188562460243701;-0.0078952070325613
1768216483929213200;16.009213134765623;-0.144805908203125;-0.0524444580078125;0.99322509765625;0.0020884508267045;0.0218427143990993;-0.0023976438678801
1768216483939213300;16.01921337890625;-0.14227294921875;-0.0562286376953125;0.99566650390625;0.0048597361892461;0.0240182504057884;0.002217347966507
1768216483949214200;16.029214111328123;-0.1386566162109375;-0.05780029296875;0.9931488037109376;0.0057010287418961;0.0221332646906375;0.0019861855544149
1768216483959215000;16.039215087890625;-0.137451171875;-0.055328369140625;0.9937591552734376;0.0060469736345112;0.0224283430725336;0.0065620290115475
1768216483969215200;16.04921533203125;-0.1346282958984375;-0.0586395263671875;0.9891815185546876;0.0074730962514877;0.0206967554986476;0.0064445836469531
1768216483979216400;16.05921630859375;-0.1376953125;-0.058380126953125;0.9863128662109376;0.007980428636074;0.0194685067981481;0.0061468421481549
1768216483989216300;16.06921630859375;-0.1358489990234375;-0.0615692138671875;0.9869842529296876;0.0041806302033364;0.0155331529676914;0.0002037318190559
1768216483999217200;16.079217041015625;-0.137908935546875;-0.06103515625;0.989105224609375;0.0025683525018393;0.007875233888626;-0.002863164525479
1768216484009218300;16.08921826171875;-0.1352386474609375;-0.0612945556640625;0.990264892578125;0.002428536536172;0.0017584852175787;-0.0020546286832541
1768216484019218200;16.09921826171875;-0.140869140625;-0.0593414306640625;0.9848480224609376;0.0009209210984408;0.0037476003635674;0.0003741741238627
1768216484029219000;16.109218994140626;-0.1396484375;-0.05645751953125;0.988189697265625;0.0038530614692717;0.0035888757556676;0.0059902481734752
1768216484039219500;16.119219482421876;-0.139678955078125;-0.0554046630859375;0.98992919921875;0.0053958306089043;0.0017584852175787;0.0064403223805129
1768216484049220400;16.129220458984374;-0.1378021240234375;-0.05474853515625;0.9873199462890624;0.0027233485598117;-0.0055084824562072;0.0021774005144834
1768216484059221200;16.13922119140625;-0.13861083984375;-0.0563507080078125;0.9904937744140624;0.0014444985426962;-0.0045148567296564;-0.003230414353311
1768216484069221400;16.149221435546874;-0.141510009765625;-0.0560455322265625;0.9906463623046876;-0.0038258971180766;-0.0014761901693418;-0.0075332839041948
1768216484079222300;16.15922216796875;-0.1422271728515625;-0.05694580078125;0.9914398193359376;-0.0041489386931061;0.0032783513888716;-0.0067298081703484
1768216484089222100;16.16922216796875;-0.1419525146484375;-0.0545501708984375;0.991607666015625;-0.0018213358707726;0.0110361399129033;-0.0066344668157398
1768216484099223300;16.179223388671875;-0.13873291015625;-0.0543212890625;0.9884033203125;0.0020077570807188;0.0151504566892981;-0.0085463505238294
1768216484109224200;16.18922412109375;-0.133270263671875;-0.0555877685546875;0.9864501953125;0.0046248454600572;0.0126859676092863;-0.0061899852007627
1768216484119224300;16.199224365234375;-0.132598876953125;-0.0547332763671875;0.9888763427734376;0.0038053907919675;0.0143645582720637;-0.0071292822249233
1768216484129225200;16.20922509765625;-0.128662109375;-0.058685302734375;0.988250732421875;0.0015124091878533;0.0047497479245066;-0.0120406839996576
1768216484139225300;16.219225341796875;-0.1300048828125;-0.0605926513671875;0.989959716796875;-0.000629837566521;-0.003524693660438;-0.0119064608588814
1768216484149226200;16.229226318359373;-0.1351318359375;-0.05792236328125;0.9902801513671876;-0.0015241270884871;-0.0044466801919043;-0.0071196947246789
1768216484159226000;16.23922607421875;-0.136077880859375;-0.0573883056640625;0.9925994873046876;-0.0039065908640623;-0.0043705138377845;0.001326254219748
1768216484169227300;16.249227294921877;-0.1380615234375;-0.0533447265625;0.995208740234375;-0.0051622712053358;-0.0034527883399277;0.0095698032528162
1768216484179228400;16.259228515625;-0.138885498046875;-0.0507659912109375;0.9944915771484376;-0.0046959519386291;-0.0023715449497103;0.0109732886776328
1768216484189228300;16.269228271484376;-0.13970947265625;-0.0517425537109375;0.9909210205078124;-0.0044325650669634;-0.0012759204255416;0.004880775231868
1768216484199229200;16.279229248046875;-0.1456298828125;-0.055816650390625;0.990020751953125;-0.0026455842889845;0.0042341598309576;0.0030471889767795
1768216484209229300;16.289229248046876;-0.147125244140625;-0.056610107421875;0.9906158447265624;-0.0029971215408295;0.0082922847941517;0.0005086637684144
1768216484219230200;16.299230224609374;-0.1427154541015625;-0.05810546875;0.98907470703125;-0.0026783409994095;0.010357566177845;-0.0010175938950851
1768216484229231400;16.3092314453125;-0.1391754150390625;-0.057891845703125;0.98974609375;-0.001888713799417;0.0101511711254715;-0.00023196132679
1768216484239231200;16.319231201171874;-0.1366729736328125;-0.05743408203125;0.989013671875;-0.0040029971860349;0.0075985309667885;0.001348891062662
1768216484249232400;16.329232421875;-0.136993408203125;-0.058074951171875;0.9881591796875;-0.0061356569640338;0.0054376423358917;-0.0001659149274928
1768216484259232300;16.339232177734374;-0.1345672607421875;-0.057464599609375;0.9880523681640624;-0.0090451603755354;-0.0020548950415104;-0.0040946099907159
1768216484269233200;16.349233154296876;-0.1326446533203125;-0.057525634765625;0.987762451171875;-0.0112449312582612;-0.0047888960689306;-0.0080105224624276
1768216484279234000;16.359234130859374;-0.1340484619140625;-0.0582275390625;0.9913330078125;-0.009058210067451;-0.0084113283082842;-0.0086795082315802
1768216484289234200;16.369234130859375;-0.13800048828125;-0.0574188232421875;0.99273681640625;-0.0068326061591506;-0.0085982820019125;-0.0078350203111767
1768216484299235300;16.3792353515625;-0.1447906494140625;-0.0565948486328125;0.9919586181640624;-0.0022642195690423;-0.0054986285977065;-0.006531935185194
1768216484309235500;16.3892353515625;-0.1466522216796875;-0.056365966796875;0.992095947265625;-0.0007544735562987;-0.0019829897210001;-0.0054288539104163
1768216484319236400;16.399236328125;-0.14337158203125;-0.05572509765625;0.9920501708984376;0.0002695118892006;0.0009717874927446;-0.002993392990902
1768216484329237200;16.4092373046875;-0.1436309814453125;-0.0557098388671875;0.9907379150390624;0.0010194580536335;0.0071985241957008;-0.0026535736396908
1768216484339237000;16.419237060546877;-0.139556884765625;-0.0565185546875;0.9889373779296876;-0.0008356999605894;0.0049204565584659;-0.0082968119531869
1768216484349238300;16.42923828125;-0.1361236572265625;-0.0596923828125;0.9876708984375;-0.0009752495680004;0.0007789746159687;-0.0141744082793593
1768216484359238100;16.439238037109376;-0.1383819580078125;-0.0609283447265625;0.9901885986328124;-0.0004530037112999;0.0019784623291343;-0.0144175551831722
1768216484369239000;16.449239013671875;-0.1406097412109375;-0.0580291748046875;0.992828369140625;-0.0013422331539914;0.0059018312022089;-0.0120356241241097
1768216484379240000;16.459239990234376;-0.1382293701171875;-0.058746337890625;0.994171142578125;0.0011949603212997;0.0028807413764297;-0.0097492998465895
1768216484389240000;16.469239990234374;-0.138824462890625;-0.05755615234375;0.9952392578125;0.0013851100811734;0.0080691119655966;-0.0040243025869131
1768216484399241200;16.4792412109375;-0.139984130859375;-0.055267333984375;0.9940338134765624;0.0035675705876201;0.0133972978219389;-0.001055677072145
1768216484409241000;16.489240966796874;-0.137359619140625;-0.0577850341796875;0.9922943115234376;0.0032107068691402;0.0159387532621622;0.0008375641773454
1768216484419242200;16.4992421875;-0.136474609375;-0.0559234619140625;0.989166259765625;0.0038972699549049;0.0215433742851018;0.0028517129831016
1768216484429243100;16.5092431640625;-0.136444091796875;-0.0582275390625;0.9864654541015624;0.0031300131231546;0.0234062559902668;0.0046599991619586
1768216484439243000;16.519242919921876;-0.136260986328125;-0.0564422607421875;0.98712158203125;0.0049590724520385;0.0213849171996116;0.0067039751447737
1768216484449244200;16.529244140625;-0.1366729736328125;-0.0554351806640625;0.9879913330078124;0.0034770229831337;0.0173116121441125;0.0092680668458342
1768216484459244300;16.539244384765624;-0.13507080078125;-0.0550994873046875;0.98968505859375;-4.76705827168e-05;0.0079900156706571;0.0113365435972809
1768216484469245200;16.5492451171875;-0.1349639892578125;-0.0540924072265625;0.9949951171875;-0.0012373046483844;0.0026064356788992;0.0108739528805017
1768216484479246000;16.55924609375;-0.13726806640625;-0.05535888671875;0.995330810546875;-0.0034061830956488;0.0005882922559976;0.0097809918224811
1768216484489246200;16.56924609375;-0.1358642578125;-0.05523681640625;0.9938507080078124;-0.0061729410663247;0.0032759543973952;0.0076328860595822
1768216484499247000;16.5792470703125;-0.1374969482421875;-0.0544891357421875;0.9930419921875;-0.0053012883290648;0.0024431839119642;0.0048637310974299
1768216484509247000;16.5892470703125;-0.1358184814453125;-0.05157470703125;0.990142822265625;-0.0044914209283888;0.0028067054226994;0.000573112280108
1768216484519248100;16.599248046875;-0.1359405517578125;-0.0530853271484375;0.9909820556640624;-0.0001360875321552;-0.0004767058417201;-0.0033795514609664
1768216484529249300;16.609249267578125;-0.1396026611328125;-0.0547332763671875;0.990966796875;-0.0027614317368716;0.0034615767654031;-0.0055351140908896
1768216484539249200;16.619249267578127;-0.1368560791015625;-0.06103515625;0.9927215576171876;-0.0008159925346262;-0.0004852279380429;-0.004163319710642
1768216484549250000;16.62925;-0.1387481689453125;-0.06036376953125;0.98907470703125;0.0015600797487422;0.003353452309966;-0.0038208372425287
1768216484559250200;16.639250244140626;-0.1403961181640625;-0.0584259033203125;0.9888458251953124;-0.0008852347382344;0.0039553269743919;-0.0037260286044329
1768216484569251000;16.6492509765625;-0.1397705078125;-0.058135986328125;0.987396240234375;-0.0015755260828882;0.0009036105475388;-0.0046682548709213
1768216484579251000;16.6592509765625;-0.14093017578125;-0.056488037109375;0.9884033203125;-0.001857821131125;0.0004743089957628;0.0004503405361901
1768216484589252400;16.66925244140625;-0.1397552490234375;-0.0566864013671875;0.99066162109375;-0.0049103363417088;-0.0007693872321397;0.0023984429426491
1768216484599253200;16.679253173828126;-0.13836669921875;-0.057373046875;0.9908447265625;-0.0083873597905039;-0.0008122641011141;0.0044581317342817
1768216484609253000;16.689253173828124;-0.138580322265625;-0.0586395263671875;0.99090576171875;-0.0100987069308757;-0.0035140409599989;0.0012026835465803
1768216484619254000;16.69925390625;-0.1357879638671875;-0.0608367919921875;0.991546630859375;-0.0133056854829192;-0.009655556641519;-0.0021880532149225
1768216484629254100;16.709254150390624;-0.13751220703125;-0.058563232421875;0.9977569580078124;-0.0104430532082915;-0.0081822965294122;-0.0010045443195849
1768216484639255000;16.719255126953126;-0.1375732421875;-0.057159423828125;0.9973907470703124;-0.0082800341770052;-0.0138273984193801;0.0012546151410788
1768216484649256200;16.729256103515624;-0.1326904296875;-0.0583648681640625;0.9922637939453124;-0.0090283825993537;-0.0147517817094922;0.0022221414837986
1768216484659256300;16.73925634765625;-0.13653564453125;-0.0589599609375;0.9888763427734376;-0.0077708377502858;-0.0142095619812607;0.0070350063033401
1768216484669257200;16.74925732421875;-0.136962890625;-0.0590972900390625;0.987579345703125;-0.0081479409709572;-0.0174008272588253;0.0126604018732905
1768216484679257000;16.759257080078125;-0.1401214599609375;-0.056610107421875;0.9870452880859376;-0.0096763297915458;-0.0154553893953561;0.011143198236823
1768216484689258000;16.769258056640624;-0.136810302734375;-0.0563507080078125;0.987457275390625;-0.0116017945110797;-0.0164269097149372;0.0058200722560286
1768216484699259100;16.779259033203125;-0.1373748779296875;-0.0565185546875;0.9876556396484376;-0.0126127311959862;-0.0163004100322723;-0.0005001416429877
1768216484709259000;16.789259033203123;-0.140167236328125;-0.05877685546875;0.9894866943359376;-0.0139613552019;-0.0143400570377707;-0.0096632800996303
1768216484719260200;16.79926025390625;-0.1412506103515625;-0.0565643310546875;0.9912261962890624;-0.0156940072774887;-0.0162359606474638;-0.0089178616181015
1768216484729260300;16.80926025390625;-0.1396636962890625;-0.0579071044921875;0.98779296875;-0.0139219406992197;-0.0187025815248489;-0.0064291371963918
1768216484739261200;16.81926123046875;-0.140777587890625;-0.06011962890625;0.9868621826171876;-0.0141158187761902;-0.0187358707189559;-0.0035491946619004
1768216484749262000;16.829261962890627;-0.14312744140625;-0.0536346435546875;0.9881439208984376;-0.0138809280470013;-0.0195065904408693;-0.000703607161995
1768216484759262200;16.83926220703125;-0.13922119140625;-0.0521697998046875;0.991424560546875;-0.0122880917042493;-0.0254859179258346;-0.0026272083632647
1768216484769263000;16.84926318359375;-0.139434814453125;-0.049652099609375;0.9934539794921876;-0.0076451366767287;-0.0247487556189298;-0.0055526909418404
1768216484779263200;16.85926318359375;-0.1445465087890625;-0.050140380859375;0.9932861328125;-0.0079221054911613;-0.0225327387452125;-0.0091365063562989
1768216484789264100;16.86926416015625;-0.14849853515625;-0.0538787841796875;0.9920806884765624;-0.0027611653786152;-0.0115128457546234;-0.0100054964423179
1768216484799265000;16.87926513671875;-0.14984130859375;-0.05377197265625;0.9904632568359376;-0.0017518273089081;-0.0006293049664236;-0.0082201128825545
1768216484809265200;16.88926513671875;-0.147674560546875;-0.0536651611328125;0.9884185791015624;-0.0030447919853031;0.0043220440857112;-0.0074691013433039
1768216484819266000;16.89926611328125;-0.1405487060546875;-0.052734375;0.98431396484375;-0.0034935346338897;0.0036930055357515;-0.0095476983115077
1768216484829266200;16.90926611328125;-0.137115478515625;-0.0572967529296875;0.982635498046875;-0.0053918357007205;-0.0052168662659823;-0.0151219610124826
1768216484839267300;16.919267333984376;-0.1343536376953125;-0.0593414306640625;0.986328125;-0.0074472636915743;-0.0125661259517073;-0.0179600920528173
1768216484849268200;16.929268310546874;-0.1381988525390625;-0.0561065673828125;0.99163818359375;-0.0087855020537972;-0.0150188971310853;-0.0154167730361223
1768216484859268000;16.93926806640625;-0.141021728515625;-0.05682373046875;0.99530029296875;-0.0113842142745852;-0.0151065150275826;-0.0141238085925579
1768216484869269200;16.949269287109374;-0.1456756591796875;-0.056915283203125;0.99505615234375;-0.0119136506691575;-0.0141464453190565;-0.0154466005042195
1768216484879269000;16.95926904296875;-0.14898681640625;-0.056488037109375;0.9954986572265624;-0.0098606199026107;-0.0114497281610965;-0.0167456902563571
1768216484889270000;16.96927001953125;-0.152374267578125;-0.053924560546875;0.9913330078125;-0.0078081218525767;-0.0051399008370935;-0.0159265026450157
1768216484899271200;16.979271240234375;-0.1527557373046875;-0.053070068359375;0.9887847900390624;-0.0046938215382397;-0.0085127940401434;-0.0156897474080324
1768216484909271300;16.989271240234373;-0.157684326171875;-0.052001953125;0.989227294921875;-0.0014492922928184;0.0029694247059524;-0.0183553043752908
1768216484919272200;16.999272216796875;-0.1563262939453125;-0.049224853515625;0.9904632568359376;0.0045247105881571;0.0095263933762907;-0.0204898286610841
1768216484929272000;17.00927197265625;-0.1511993408203125;-0.05120849609375;0.9887542724609376;0.0079359533265233;0.0197920799255371;-0.0187481213361024
1768216484939273200;17.019273193359375;-0.149383544921875;-0.053863525390625;0.9877777099609376;0.0093921702355146;0.0367300510406494;-0.0193665064871311
1768216484949274000;17.029274169921877;-0.14630126953125;-0.0557403564453125;0.988006591796875;0.0114444019272923;0.0445972941815853;-0.019381420686841
1768216484959274000;17.03927392578125;-0.1407928466796875;-0.05462646484375;0.986083984375;0.0073575149290263;0.0469731017947196;-0.0175808575004339
1768216484969275100;17.049275146484376;-0.1401824951171875;-0.055328369140625;0.989593505859375;0.0065756109543144;0.0492623560130596;-0.0186192244291305
1768216484979275300;17.059275146484374;-0.1396942138671875;-0.0574188232421875;0.990936279296875;0.0033915357198566;0.0444628074765205;-0.0223082341253757
1768216484989276200;17.069276123046876;-0.1382598876953125;-0.0561981201171875;0.9926605224609376;0.0018610169645398;0.0409373119473457;-0.0190767552703619
1768216484999276300;17.0792763671875;-0.1401214599609375;-0.0554351806640625;0.995849609375;0.0039646481163799;0.0337643548846244;-0.0147475209087133
1768216485009277200;17.089277099609376;-0.136138916015625;-0.0527191162109375;0.995574951171875;0.0076613817363977;0.0290316510945558;-0.009972739033401
1768216485019278000;17.099278076171874;-0.135345458984375;-0.0499267578125;0.9929046630859376;0.0061284662224352;0.0192176364362239;-0.0070017166435718
1768216485029278000;17.10927783203125;-0.13507080078125;-0.0514373779296875;0.991363525390625;0.0056059542112052;0.0161299668252468;-0.0045257760211825
1768216485039279000;17.119279052734374;-0.136474609375;-0.0520782470703125;0.993255615234375;0.0039199069142341;0.0147358030080795;0.000607200723607
1768216485049279200;17.129279296875;-0.136077880859375;-0.054107666015625;0.9954376220703124;0.0025385250337421;0.0127778472378849;0.0064669540151953
1768216485059280100;17.139280029296874;-0.13507080078125;-0.055938720703125;0.9960479736328124;0.0020594224333763;0.0116217685863375;0.0120380204170942
1768216485069281000;17.149281005859375;-0.1358489990234375;-0.0546417236328125;0.99517822265625;0.0004783037293236;0.0149334091693162;0.0148828094825148
1768216485079281200;17.15928125;-0.1364898681640625;-0.05328369140625;0.9916534423828124;0.0020181434229016;0.0199702456593513;0.0121930167078971
1768216485089282000;17.169281982421875;-0.1381378173828125;-0.053741455078125;0.989593505859375;0.0022852586116641;0.0245120003819465;0.0093980291858315
1768216485099282000;17.179281982421877;-0.1354217529296875;-0.0550689697265625;0.9890899658203124;0.0010013486025854;0.018631475046277;0.006033391226083
1768216485109283300;17.189283447265623;-0.1376800537109375;-0.0548553466796875;0.98480224609375;0.0003797667741309;0.0153595153242349;0.0028628981672227
1768216485119284200;17.1992841796875;-0.133758544921875;-0.055145263671875;0.987945556640625;0.0011145329335704;0.0138220721855759;6.39158679405e-05
1768216485129284000;17.2092841796875;-0.1317901611328125;-0.053466796875;0.989227294921875;0.0025707494933158;0.0121733089908957;0.0003542004269547
1768216485139285000;17.219284912109377;-0.1323394775390625;-0.05401611328125;0.990142822265625;0.0016727314796298;0.0070717576891183;-0.0036868802271783
1768216485149285000;17.22928515625;-0.1312255859375;-0.0570831298828125;0.9877166748046876;-0.0017398431664332;-0.000140082265716;-0.0076272934675216
1768216485159286300;17.239286376953125;-0.1339874267578125;-0.059783935546875;0.9888458251953124;-0.0045497445389628;-0.0091431643813848;-0.0107170930132269
1768216485169287200;17.249287109375;-0.1380157470703125;-0.0587158203125;0.992034912109375;-0.0063519054092466;-0.0113695673644542;-0.0081162499263882
1768216485179287300;17.259287353515624;-0.13836669921875;-0.0557708740234375;0.9951019287109376;-0.0049217878840863;-0.0117898136377334;-0.0065875952132046
1768216485189288200;17.2692880859375;-0.140380859375;-0.054229736328125;0.9935302734375;-0.0027553064282983;-0.0086078690364956;-0.0043366914615035
1768216485199288000;17.2792880859375;-0.1428375244140625;-0.0519561767578125;0.992431640625;-0.00178378529381;-0.0029023129027336;-0.0038717035204172
1768216485209289000;17.2892890625;-0.141937255859375;-0.0567626953125;0.989044189453125;0.0002543318842072;0.0038567897863686;-0.0048767803236842
1768216485219290400;17.299290283203124;-0.1439208984375;-0.059112548828125;0.98883056640625;0.0020162791479378;0.0083711137995123;-0.0065495120361447
1768216485229290200;17.309290283203126;-0.1422119140625;-0.058929443359375;0.9875030517578124;0.0006498112925328;0.0113107115030288;-0.0046882289461791
1768216485239291100;17.319291015625;-0.1400909423828125;-0.0595245361328125;0.98577880859375;0.0010082727530971;0.0095871137455105;-0.0056163403205573
1768216485249291300;17.329291259765625;-0.1372528076171875;-0.056976318359375;0.986602783203125;0.0013369068037718;0.0043108589015901;-0.0049436260014772
1768216485259292200;17.339292236328124;-0.13861083984375;-0.0543975830078125;0.988433837890625;0.002993392990902;0.0018285263795405;-0.0044903559610247
1768216485269293000;17.34929296875;-0.140777587890625;-0.054229736328125;0.9932708740234376;0.0021411816123872;0.0041422806680202;-0.0032687638886272
1768216485279293200;17.359293212890623;-0.1427764892578125;-0.054443359375;0.9953765869140624;0.0024983114562928;0.0107426587492227;-0.0035249600186944
1768216485289294300;17.36929443359375;-0.141204833984375;-0.05645751953125;0.9944610595703124;0.0053747915662825;0.0160378217697143;-0.005037635564804
1768216485299294200;17.379294189453127;-0.1405792236328125;-0.0577239990234375;0.99261474609375;0.0074384752660989;0.0142740104347467;-0.0080970749258995
1768216485309295000;17.389295166015625;-0.13330078125;-0.060546875;0.98748779296875;0.0038810246624052;0.0099450424313545;-0.0165424905717372
1768216485319296000;17.3992958984375;-0.1309051513671875;-0.0624237060546875;0.984222412109375;0.0013646037550643;0.0050940946675837;-0.0188136342912912
1768216485329296100;17.409296142578125;-0.1346588134765625;-0.0602264404296875;0.98858642578125;-0.0014455638593062;0.0050632017664611;-0.0199441462755203
1768216485339297000;17.419297119140627;-0.140472412109375;-0.0598602294921875;0.989288330078125;-0.0005036037764512;0.0086819054558873;-0.0187188256531953
1768216485349297400;17.42929736328125;-0.144561767578125;-0.0599517822265625;0.991729736328125;0.000327036192175;0.0115711688995361;-0.014413827098906
1768216485359298800;17.439298828125;-0.146484375;-0.055511474609375;0.992584228515625;0.0026040389202535;0.0121642546728253;-0.0082779033109545
1768216485369299700;17.4492998046875;-0.1459808349609375;-0.051544189453125;0.9895172119140624;0.0039958069100975;0.0141704138368368;-0.0038141792174428
1768216485379299600;17.459299560546874;-0.1435394287109375;-0.0518798828125;0.98974609375;0.0038469361606985;0.0114081827923655;0.0040083238855004
1768216485389300500;17.469300537109376;-0.1391143798828125;-0.0504150390625;0.9902496337890624;0.0017702031182125;0.0103636914864182;0.004750014282763
1768216485399300600;17.479300537109374;-0.13836669921875;-0.053497314453125;0.9923858642578124;-9.58738019107e-05;0.0084960162639617;0.0009038768475875
1768216485409301500;17.489301513671876;-0.1374664306640625;-0.053619384765625;0.9900360107421876;-0.0009928264189511;0.0116382800042629;-0.0029270802624523
1768216485419302700;17.499302734375;-0.1387176513671875;-0.054107666015625;0.9888916015625;-0.0001448759576305;0.0134385768324136;-0.0047409594990313
1768216485429302800;17.509302734375;-0.1395416259765625;-0.0555267333984375;0.9856719970703124;-0.0013861752813681;0.0178956426680088;-0.0088062742725014
1768216485439303700;17.5193037109375;-0.1372833251953125;-0.056732177734375;0.986297607421875;0.0006237123161554;0.015434349887073;-0.0116140451282262
1768216485449303600;17.529303466796875;-0.13690185546875;-0.05810546875;0.987030029296875;-0.0008532768115401;0.0200392212718725;-0.0124465497210621
1768216485459304400;17.539304443359374;-0.134796142578125;-0.0579071044921875;0.988525390625;-0.0011273160343989;0.0200288351625204;-0.0109703596681356
1768216485469305600;17.5493056640625;-0.1384124755859375;-0.055999755859375;0.99267578125;0.0016330503858625;0.0229543186724185;-0.0072017200291156
1768216485479305500;17.559305419921873;-0.1379241943359375;-0.0546875;0.9907989501953124;-0.0017696705181151;0.0253226663917303;-0.0104180201888084
1768216485489306600;17.569306640625;-0.134918212890625;-0.0535125732421875;0.991973876953125;-0.0006860303110443;0.0273466687649488;-0.009011604823172
1768216485499306800;17.579306640625;-0.1360015869140625;-0.0534820556640625;0.9922943115234376;-0.0002745719102676;0.0316679142415523;-0.008699482306838
1768216485509307600;17.5893076171875;-0.135406494140625;-0.0542449951171875;0.993499755859375;0.0013619405217468;0.0307770874351263;-0.0081458110362291
1768216485519308500;17.59930859375;-0.136871337890625;-0.0554656982421875;0.9903411865234376;0.0012681973166763;0.0319776386022567;-0.0059090219438076
1768216485529308700;17.60930859375;-0.13653564453125;-0.0543365478515625;0.9912261962890624;0.0021201425697654;0.0325965583324432;-0.0019041601335629
1768216485539309600;17.6193095703125;-0.135894775390625;-0.0550689697265625;0.9924163818359376;0.0018290589796379;0.0362320393323898;0.0031838091090321
1768216485549309400;17.629309326171875;-0.133575439453125;-0.0583343505859375;0.9896087646484376;0.0018418421968817;0.026853185147047;0.0039302930235862
1768216485559310600;17.639310546875;-0.128753662109375;-0.0594329833984375;0.988494873046875;0.0027798074297606;0.0191830154508352;-0.0001153148768935
1768216485569311700;17.649311767578126;-0.133056640625;-0.0578765869140625;0.9888153076171876;-0.0008649947121739;0.0116012617945671;-0.0023414511233568
1768216485579311600;17.6593115234375;-0.1313629150390625;-0.058746337890625;0.9915008544921876;-0.0033262881916016;0.0044658547267317;-0.0039798277430236
1768216485589312500;17.6693125;-0.130706787109375;-0.056427001953125;0.992584228515625;-0.0042040660046041;0.0031214910559356;-0.0012295814231038
1768216485599312600;17.679312744140624;-0.132965087890625;-0.056365966796875;0.993560791015625;-0.005641374271363;0.0029140308033674;-0.0047963531687855
1768216485609313500;17.6893134765625;-0.13079833984375;-0.0571441650390625;0.9921112060546876;-0.0042855585925281;0.0032514533959329;-0.0045662559568881
1768216485619313700;17.699313720703124;-0.133880615234375;-0.0555419921875;0.990692138671875;-0.0029004486277699;0.0053263222798705;-0.0062760054133832
1768216485629314600;17.709314453125;-0.1355438232421875;-0.0571441650390625;0.9904022216796876;-0.0015797871164977;0.0054389736615121;-0.0062464443035423
1768216485639315700;17.719315673828124;-0.134765625;-0.0579681396484375;0.9888763427734376;-0.0013164004776626;0.0051577440463006;-0.0070115705020725
1768216485649315600;17.729315673828125;-0.1322479248046875;-0.0569915771484375;0.99066162109375;-0.0004932174342684;0.0022069616243243;-0.006720220670104
1768216485659316500;17.73931640625;-0.13525390625;-0.055816650390625;0.9916839599609376;-0.0005475459038279;0.0031246868893504;-0.0031734227668493
1768216485669316600;17.749316650390625;-0.138427734375;-0.056396484375;0.9921417236328124;-0.0010855044238269;0.0025627599097788;-0.0019177423091605
1768216485679317800;17.75931787109375;-0.1352691650390625;-0.057159423828125;0.99224853515625;0.0009475527331233;0.0004559331864584;-0.0022463763598352
1768216485689318700;17.769318603515625;-0.134368896484375;-0.0557403564453125;0.992218017578125;0.0023438481148332;0.0016522251535207;-0.0017971011111512
1768216485699318500;17.779318603515627;-0.133697509765625;-0.057281494140625;0.9910736083984376;0.0009803095599636;0.0007898935582488;-0.0082334289327263
1768216485709319700;17.789319580078125;-0.13360595703125;-0.05889892578125;0.9891815185546876;-0.0011776498286053;0.0040370859205722;-0.0105660911649465
1768216485719319600;17.799319580078127;-0.134429931640625;-0.0605316162109375;0.988372802734375;-0.0033055155072361;0.0051425639539957;-0.0118646491318941
1768216485729320400;17.809320556640625;-0.1370849609375;-0.0594329833984375;0.9861602783203124;-0.0054392400197684;0.0045675877481698;-0.0140399187803268
1768216485739321600;17.819321533203127;-0.136138916015625;-0.05718994140625;0.989593505859375;-0.0046245791018009;0.0067396615631878;-0.0148732215166091
1768216485749321700;17.82932177734375;-0.136199951171875;-0.0564117431640625;0.992706298828125;-0.0010887002572417;0.0042810314334928;-0.01124919205904
1768216485759322600;17.839322509765626;-0.138397216796875;-0.0548858642578125;0.991363525390625;-0.0003826962492894;0.0066067702136933;-0.0094584831967949
1768216485769322800;17.84932275390625;-0.1383056640625;-0.053955078125;0.992401123046875;-0.0027963190805166;0.003811782458797;-0.004946821834892
1768216485779323600;17.85932373046875;-0.133758544921875;-0.05340576171875;0.993194580078125;-0.0018096179701387;0.006264021154493;-0.0053785201162099
1768216485789324500;17.869324462890624;-0.13214111328125;-0.0564117431640625;0.98974609375;-0.0029217540286481;0.0037497307639569;-0.008258462883532
1768216485799324400;17.879324462890626;-0.13104248046875;-0.0562896728515625;0.988739013671875;-0.0014359764754772;0.0031185615807771;-0.0102060325443744
1768216485809325600;17.88932568359375;-0.13092041015625;-0.058380126953125;0.989959716796875;-0.0039020637050271;0.0022615564521402;-0.0108057763427495
1768216485819325700;17.89932568359375;-0.1325836181640625;-0.0585784912109375;0.9902191162109376;-0.0043635894544422;0.0013606089632958;-0.0116673083975911
1768216485829326600;17.90932666015625;-0.1357421875;-0.0553436279296875;0.99163818359375;-0.0050930292345583;0.0053239255212247;-0.0086374301463365
1768216485839327500;17.919327392578126;-0.1329498291015625;-0.0563507080078125;0.991058349609375;-0.0040336237289011;0.0046149916015565;-0.0050530820153653
1768216485849327600;17.92932763671875;-0.1331329345703125;-0.055145263671875;0.99041748046875;-0.005306614562869;-0.0001115864506573;-0.0026280074380338
1768216485859328500;17.93932861328125;-0.1331939697265625;-0.0537567138671875;0.9929351806640624;-0.0047819721512496;-0.0023936491925269;-0.0020136160310357
1768216485869328400;17.949328369140623;-0.1323699951171875;-0.052520751953125;0.9944610595703124;-0.0057726679369807;-0.006672816351056;-0.0007060039788484
1768216485879329800;17.959329833984373;-0.1360626220703125;-0.0551300048828125;0.995819091796875;-0.0061476412229239;-0.0064935856498777;-0.0010865697404369
1768216485889330700;17.96933056640625;-0.13739013671875;-0.054595947265625;0.9925537109375;-0.0067191552370786;-0.002454369328916;-0.0007829693495295
1768216485899330600;17.97933056640625;-0.134735107421875;-0.0530242919921875;0.992431640625;-0.0037217675708234;0.001604021876119;-0.0018956380663439
1768216485909331500;17.98933154296875;-0.134246826171875;-0.0521087646484375;0.98974609375;-0.0008293083519674;0.0029614351224154;-0.001865011639893
1768216485919331600;17.99933154296875;-0.1345367431640625;-0.05328369140625;0.987274169921875;-0.0004159857635386;0.0053114085458219;-0.0028037759475409
1768216485929332500;18.00933251953125;-0.1372222900390625;-0.054443359375;0.9894256591796876;-0.0001225054147653;0.0076800240203738;-0.0032597091048955
1768216485939333600;18.019333740234377;-0.1400909423828125;-0.0558319091796875;0.992523193359375;-0.0010362359462305;0.0099325254559516;0.0014365090755745
1768216485949333800;18.029333740234375;-0.138519287109375;-0.056854248046875;0.9940032958984376;-0.0039484025910496;0.0118558602407574;0.0014351775171235
1768216485959334700;18.039334716796876;-0.1364898681640625;-0.058563232421875;0.9926300048828124;-0.0024349282030016;0.0098869856446981;-0.0002798982313834
1768216485969334500;18.04933447265625;-0.1345367431640625;-0.0577239990234375;0.994384765625;-0.0014953649369999;0.006059490609914;-0.0008042746339924
1768216485979335400;18.05933544921875;-0.1307525634765625;-0.0575408935546875;0.9920501708984376;-0.0012261193478479;0.0020341223571449;-0.0021052288357168
1768216485989336600;18.06933666992187;-0.1263885498046875;-0.0595855712890625;0.989990234375;-0.0037934065330773;-0.0051532168872654;-0.0060461745597422
1768216485999336700;18.079336669921876;-0.129638671875;-0.059356689453125;0.9897003173828124;-0.0061899852007627;-0.0055209994316101;-0.003573429537937
1768216486009337600;18.089337646484378;-0.133453369140625;-0.0595550537109375;0.989990234375;-0.0074837487190961;-0.0038725025951862;-0.0015065502375364
1768216486019337700;18.099337646484376;-0.13702392578125;-0.054534912109375;0.9902496337890624;-0.0086227832362055;-0.0005459480453282;0.0010599381057545
1768216486029338600;18.10933862304687;-0.1401519775390625;-0.0524139404296875;0.991363525390625;-0.0064405887387692;0.0011685950448736;0.000308394053718
1768216486039338500;18.11933837890625;-0.1407318115234375;-0.0514373779296875;0.9902191162109376;-0.0028330706991255;0.0040418794378638;-0.0003699130611494
1768216486049339600;18.129339599609377;-0.1396636962890625;-0.052734375;0.9913330078125;0.0017457021167501;0.0037729002069681;-0.0048429584130644
1768216486059340800;18.1393408203125;-0.1403350830078125;-0.054046630859375;0.9904022216796876;0.0036940707359462;0.0021859225817024;-0.0053185988217592
1768216486069340700;18.149340576171873;-0.1373748779296875;-0.05706787109375;0.9888458251953124;0.0042290999554097;0.0031105722300708;-0.0093136066570878
1768216486079341600;18.159341552734375;-0.1356201171875;-0.056427001953125;0.9900054931640624;0.0006684534018859;6.15190219832e-05;-0.008330900222063
1768216486089342700;18.1693427734375;-0.1318817138671875;-0.0579986572265625;0.9884490966796876;-5.08663761138e-05;-0.0041771680116653;-0.0095402421429753
1768216486099342600;18.179342529296875;-0.132049560546875;-0.057525634765625;0.98870849609375;-0.0033052491489797;-0.0065668225288391;-0.0125165907666087
1768216486109343500;18.189343505859377;-0.1327056884765625;-0.0584259033203125;0.989105224609375;-0.007547132205218;-0.0033276197500526;-0.0144931888207793
1768216486119343600;18.199343505859375;-0.1334686279296875;-0.0593719482421875;0.9893798828125;-0.0068861357867717;-0.0030652983114123;-0.0107634318992495
1768216486129344800;18.2093447265625;-0.135955810546875;-0.056854248046875;0.989837646484375;-0.0049324408173561;0.0029079054947942;-0.0077623156830668
1768216486139344600;18.2193447265625;-0.139862060546875;-0.05487060546875;0.9898223876953124;-0.0038647793699055;0.0048727858811616;-0.0035686357878148
1768216486149345500;18.229345458984376;-0.13677978515625;-0.0555572509765625;0.99090576171875;-0.0022072279825806;0.0063716126605868;3.43547762895e-05
1768216486159346700;18.2393466796875;-0.1358642578125;-0.0528717041015625;0.9927215576171876;-0.0003885551996063;0.0064645572565495;-0.0001113201360567
1768216486169346600;18.2493466796875;-0.13323974609375;-0.0511016845703125;0.9916534423828124;0.001341700553894;0.0063452473841607;0.0008564725867472
1768216486179347500;18.259347412109378;-0.1338958740234375;-0.0498046875;0.9923858642578124;0.0002790992730297;0.0086014773696661;1.46473857967e-05
1768216486189347600;18.26934765625;-0.132476806640625;-0.05340576171875;0.993408203125;-0.0005225121858529;0.0098672779276967;-0.0025723471771925
1768216486199348700;18.2793486328125;-0.1342926025390625;-0.05413818359375;0.991668701171875;0.001463406952098;0.009589510038495;-0.0045742453075945
1768216486209349600;18.289349609375;-0.134063720703125;-0.05609130859375;0.98858642578125;-0.0003917510039173;0.01014637760818;-0.0071338093839585
1768216486219349500;18.299349609375;-0.1359405517578125;-0.0573577880859375;0.9870758056640624;0.0006921555614098;0.0086177233606576;-0.0078826900571584
1768216486229350700;18.3093505859375;-0.1364288330078125;-0.05755615234375;0.9894561767578124;-0.0005438174703158;0.0077039925381541;-0.005142830312252
1768216486239350500;18.3193505859375;-0.1367340087890625;-0.057586669921875;0.9917449951171876;-0.0007571366732008;0.0032173648942261;-0.0056416406296193
1768216486249351400;18.329351318359375;-0.137542724609375;-0.0556793212890625;0.9914703369140624;0.0003358246176503;0.0044504082761704;-0.0057969028130173
1768216486259352600;18.3393525390625;-0.136016845703125;-0.05450439453125;0.9918670654296876;-0.0002000034000957;0.0018559569725766;-0.0079247681424021
1768216486269352700;18.349352783203123;-0.133087158203125;-0.054931640625;0.988922119140625;-0.0018040252616629;0.0030245520174503;-0.0094960331916809
1768216486279353600;18.359353515625;-0.136260986328125;-0.0550537109375;0.9914093017578124;-0.0033875408116728;0.002241582609713;-0.0074797542765736
1768216486289353700;18.369353759765627;-0.1365814208984375;-0.0557708740234375;0.9931488037109376;-0.0039670448750257;0.0029965888243168;-0.003745203372091
1768216486299354600;18.379354736328125;-0.1358642578125;-0.0521697998046875;0.9922027587890624;-0.0060629523359239;0.0058674765750765;0.0002945456071756
1768216486309355500;18.38935546875;-0.138946533203125;-0.0535125732421875;0.992645263671875;-0.0046631949953734;0.0085562039166688;0.0022205437999218
1768216486319355400;18.39935546875;-0.139739990234375;-0.05517578125;0.992462158203125;-0.002878877101466;0.0115815550088882;0.0029454561881721
1768216486329356500;18.4093564453125;-0.137908935546875;-0.0544586181640625;0.9900054931640624;-0.0014583469601348;0.0119346901774406;-0.0007528756395913
1768216486339356700;18.419356689453124;-0.134185791015625;-0.058685302734375;0.9891204833984376;-0.0025880599860101;0.0073822825215756;-0.0026695525739341
1768216486349357000;18.429357177734374;-0.1324462890625;-0.05682373046875;0.989715576171875;-0.00096699380083;0.0051625375635921;-0.0048695900477468
1768216486359358200;18.439358154296876;-0.1320953369140625;-0.0545196533203125;0.991241455078125;-0.0001203748834086;0.0020072245970368;-0.0103383911773562
1768216486369358300;18.4493583984375;-0.1343231201171875;-0.057037353515625;0.98980712890625;-0.0001422127970727;0.0026338663883507;-0.0101993745192885
1768216486379359200;18.459359130859376;-0.137054443359375;-0.055328369140625;0.989898681640625;0.0006269080913625;0.0074022561311721;-0.0099530322477221
1768216486389359400;18.469359375;-0.1378936767578125;-0.055908203125;0.990753173828125;0.0018871158827096;0.0100041646510362;-0.0073396717198193
1768216486399360300;18.4793603515625;-0.136260986328125;-0.056610107421875;0.9906768798828124;-1.01200121207e-05;0.0120348250493407;-0.0047545414417982
1768216486409361200;18.489361083984377;-0.134033203125;-0.0560455322265625;0.9919586181640624;-0.001857821131125;0.0117389475926756;-0.0032296155113726
1768216486419361000;18.499361083984375;-0.1343231201171875;-0.0567779541015625;0.99285888671875;-0.0033555829431861;0.0107730189338326;-0.0037057886365801
1768216486429362200;18.509362060546874;-0.1339874267578125;-0.0558624267578125;0.991912841796875;-0.002281796419993;0.0120702451094985;-0.0037494644057005
1768216486439362300;18.5193623046875;-0.1349029541015625;-0.0541839599609375;0.992431640625;-0.0014700648607686;0.0137802604585886;-0.0050514838658273
1768216486449363200;18.52936328125;-0.1349029541015625;-0.05499267578125;0.992645263671875;0.000637560733594;0.0156511310487985;-0.0062491074204444
1768216486459364000;18.539364013671875;-0.135650634765625;-0.0525970458984375;0.9903564453125;0.0036655748263001;0.0182647574692964;-2.07726570806e-05
1768216486469364200;18.5493642578125;-0.13385009765625;-0.0535888671875;0.9915924072265624;0.0027662254869937;0.0167816430330276;0.000516653235536
1768216486479365000;18.559365234375;-0.1315460205078125;-0.057769775390625;0.9902496337890624;0.0009725864510983;0.013039369136095;-0.0023350596893578
1768216486489365200;18.569365234375;-0.130279541015625;-0.059295654296875;0.9893341064453124;-0.0005832322640344;0.0101730087772011;-0.0041271005757153
1768216486499366400;18.579366455078127;-0.1328582763671875;-0.056640625;0.9896392822265624;-0.002061819192022;0.0084028057754039;-0.0036211002152413
1768216486509367300;18.5893671875;-0.13372802734375;-0.0528717041015625;0.9904632568359376;-0.0007544735562987;0.0083205141127109;-0.0059234029613435
1768216486519367200;18.5993671875;-0.1319122314453125;-0.054168701171875;0.990142822265625;-0.0006130596739239;0.0068672271445393;-0.0076198363676667
1768216486529368000;18.6093681640625;-0.1324615478515625;-0.0531463623046875;0.9903106689453124;-0.001259675133042;0.0068967882543802;-0.0052813147194683
1768216486539368200;18.6193681640625;-0.133636474609375;-0.0529632568359375;0.992889404296875;0.0005552690709009;0.0053534861654043;-0.0058813248760998
1768216486549369300;18.629369384765624;-0.134033203125;-0.057891845703125;0.9928436279296876;-0.0015403723809868;0.0042045987211167;-0.0065556373447179
1768216486559370200;18.63937036132813;-0.1331634521484375;-0.058990478515625;0.990081787109375;-0.0038908782880753;-0.0001771002134773;-0.0088691255077719
1768216486569370400;18.649370361328124;-0.133819580078125;-0.05633544921875;0.99188232421875;-0.0044615939259529;-0.0010799118317663;-0.007095992565155
1768216486579371300;18.659371337890622;-0.1342620849609375;-0.0527496337890625;0.9923858642578124;-0.0047534760087728;0.0007251787465065;-0.0066075688228011
1768216486589371100;18.66937109375;-0.134857177734375;-0.0509033203125;0.9940185546875;-0.0030852721538394;0.0006982808117754;0.0004351605311967
1768216486599372000;18.6793720703125;-0.1379241943359375;-0.05029296875;0.995361328125;0.0006266417913138;0.0049782469868659;0.0038642466533929
1768216486609373400;18.68937353515625;-0.135650634765625;-0.0534820556640625;0.9932861328125;0.0017989652696996;0.0041340249590575;0.0010764497565105
1768216486619373300;18.699373291015625;-0.1332855224609375;-0.05755615234375;0.9930877685546876;0.0001818939053919;0.0039374837651848;-0.0009808422764763
1768216486629374200;18.709374267578124;-0.134185791015625;-0.057708740234375;0.99163818359375;-0.0002870887692552;0.0051518850959837;-0.0027023095171898
1768216486639374300;18.719374267578125;-0.1326141357421875;-0.058258056640625;0.9883880615234376;-0.0021419804543256;0.0070800138637423;-0.0028112328145653
1768216486649375200;18.729375244140623;-0.1325836181640625;-0.057830810546875;0.9865264892578124;-0.0011456918437033;0.0097104180604219;-0.0054775895550847
1768216486659376000;18.739376220703125;-0.132904052734375;-0.0558624267578125;0.985504150390625;-1.7310547264e-05;0.0114313522353768;-0.0078177088871598
1768216486669376300;18.749376220703127;-0.13238525390625;-0.054107666015625;0.989990234375;0.0033316144254058;0.0108166951686143;-0.0053598778322339
1768216486679377400;18.75937744140625;-0.13189697265625;-0.054534912109375;0.992828369140625;0.0035214978270232;0.0097034936770796;-0.0054490938782691
1768216486689377300;18.769377197265623;-0.1312103271484375;-0.0589599609375;0.9934234619140624;-0.0013278521364554;0.0053095440380275;-0.0032423986122012
1768216486699378200;18.779378173828125;-0.1351470947265625;-0.058135986328125;0.99493408203125;-0.0018269284628331;0.0025347967166453;-0.0058837216347455
1768216486709378300;18.78937841796875;-0.1355743408203125;-0.0590972900390625;0.9959564208984376;-0.0051806471310555;0.0018133464036509;-0.0069175609387457
1768216486719379200;18.799379150390624;-0.1309356689453125;-0.05816650390625;0.9934539794921876;-0.0033968619536608;0.0056400424800813;-0.0047516119666397
1768216486729380000;18.80938012695313;-0.12847900390625;-0.0577545166015625;0.991180419921875;-0.0034463966730982;0.0019869843963533;-0.0031723575666546
1768216486739380200;18.819380126953124;-0.129119873046875;-0.0554046630859375;0.9892730712890624;-0.0044192494824528;0.0011757856700569;0.0009805759182199
1768216486749381400;18.82938134765625;-0.1320343017578125;-0.0549774169921875;0.9907073974609376;-0.0046986150555312;0.0014660701854154;0.0030591732356697
1768216486759381200;18.83938134765625;-0.135498046875;-0.054901123046875;0.991424560546875;-0.0016343819443136;-0.0009113337146118;0.0009552759001962
1768216486769382100;18.84938208007813;-0.137725830078125;-0.0551300048828125;0.9894866943359376;0.0001038632835843;-3.195793397e-06;-0.0016450346447527
1768216486779383300;18.85938330078125;-0.138397216796875;-0.05377197265625;0.9906768798828124;0.0011733887949958;-0.0027491811197251;-0.0023795343004167
1768216486789383200;18.869383056640626;-0.13873291015625;-0.0536041259765625;0.98895263671875;0.0020551613997668;-0.0011363708181306;2.84958241536e-05
1768216486799384000;18.879384033203124;-0.135986328125;-0.05224609375;0.9896240234375;0.0026860642246901;-0.0020181434229016;0.0015829829499125
1768216486809384400;18.889384521484377;-0.1341552734375;-0.0530548095703125;0.9897308349609376;-0.0002498045214451;-0.0018343853298574;-0.0022804648615419
1768216486819385300;18.89938525390625;-0.132659912109375;-0.0557403564453125;0.991455078125;-0.0007139935041777;-0.0014317154418677;-0.0062765381298959
1768216486829386200;18.90938623046875;-0.132049560546875;-0.0550537109375;0.99163818359375;-0.002527339849621;0.0016623451374471;-0.0111229587346315
1768216486839386000;18.91938623046875;-0.1317596435546875;-0.055572509765625;0.98883056640625;-0.0026900589000433;0.0012623383663594;-0.014699850231409
1768216486849387300;18.92938720703125;-0.1354827880859375;-0.0548553466796875;0.9889678955078124;-0.0031875374261289;0.0051755872555077;-0.0135600175708532
1768216486859387100;18.93938720703125;-0.1363677978515625;-0.0555267333984375;0.98919677734375;-0.0007241134881041;0.0070792147889733;-0.0106467856094241
1768216486869388300;18.94938818359375;-0.134307861328125;-0.0562286376953125;0.9897308349609376;-0.0018319884547963;0.0059644156135618;-0.0086992159485816
1768216486879389200;18.95938916015625;-0.1342926025390625;-0.0562591552734375;0.990509033203125;-0.002560363151133;0.0052363071590662;-0.0030554446857422
1768216486889389300;18.969389404296876;-0.131805419921875;-0.0538177490234375;0.9935760498046876;-0.0048663942143321;0.0052634715102612;0.0010088054696097
1768216486899390200;18.97939013671875;-0.13006591796875;-0.0519561767578125;0.99334716796875;-0.0036482643336057;0.0066373962908983;0.0016998957144096
1768216486909390300;18.989390380859376;-0.1331939697265625;-0.051788330078125;0.995513916015625;0.0004279699933249;0.0086715184152126;0.006475209724158
1768216486919391200;18.99939111328125;-0.132720947265625;-0.0516357421875;0.9944305419921876;-6.60463920212e-05;0.0075647090561687;0.006557501386851
1768216486929392400;19.009392333984376;-0.132293701171875;-0.0538482666015625;0.99200439453125;0.000605869165156;0.0035601137205958;0.0024000408593565
1768216486939392300;19.019392333984374;-0.13140869140625;-0.0574798583984375;0.99017333984375;-0.0001579254458192;0.0023270701058208;-0.0031457259319722
1768216486949393200;19.02939306640625;-0.13427734375;-0.0594329833984375;0.9877471923828124;-0.0013443636707961;0.0011965582380071;-0.009148490615189
1768216486959393300;19.03939331054687;-0.133819580078125;-0.059906005859375;0.987518310546875;-0.0028426581993699;0.0024114924017339;-0.0108324075117707
1768216486969394200;19.049394287109376;-0.1357269287109375;-0.0575408935546875;0.9893951416015624;-0.0016471651615574;0.0059388494119048;-0.0123336315155029
1768216486979395000;19.05939501953125;-0.1360015869140625;-0.054779052734375;0.9903564453125;0.0008061388507485;0.0051907673478126;-0.0111056482419371
1768216486989395200;19.069395263671876;-0.1376190185546875;-0.056396484375;0.990264892578125;0.0003523362101987;0.0031515848822891;-0.0104001769796013
1768216486999396400;19.079396240234377;-0.1368865966796875;-0.0570068359375;0.9901580810546876;0.0011345066595822;0.0079548619687557;-0.0073908045887947
1768216487009396200;19.089396240234375;-0.1356353759765625;-0.0545196533203125;0.991851806640625;-0.0014258564915508;0.0091146687045693;-0.0005760417552664
1768216487019397400;19.0993974609375;-0.1349639892578125;-0.0534820556640625;0.9925384521484376;-0.0026538399979472;0.010439857840538;0.0028264129068702
1768216487029398300;19.109398193359375;-0.1337432861328125;-0.0529022216796875;0.9916534423828124;-0.0013744573807343;0.0084733795374631;0.0039886161684989
1768216487039398100;19.119398193359373;-0.131256103515625;-0.0538482666015625;0.9898834228515624;-0.0051508196629583;0.0010727213229984;-0.0018740664236247
1768216487049399000;19.12939892578125;-0.130645751953125;-0.0552978515625;0.9897003173828124;-0.0024237427860498;-0.0048671932891011;-0.0058307247236371
1768216487059399200;19.139399169921877;-0.1360015869140625;-0.05426025390625;0.9912567138671876;-0.0006410228670574;-0.0040543964132666;-0.0049604037776589
1768216487069400300;19.149400390625;-0.1379547119140625;-0.055572509765625;0.9931488037109376;-0.0017092167399823;-0.0034053840208798;-0.0030815436039119
1768216487079401200;19.159401123046877;-0.1347198486328125;-0.0569305419921875;0.9924468994140624;-0.0004295678809285;0.0002199771115556;-0.0033726270776242
1768216487089401300;19.1694013671875;-0.1351318359375;-0.056488037109375;0.9914093017578124;0.0017310547409579;0.0033348102588206;-0.0044429516419768
1768216487099402200;19.17940234375;-0.1359405517578125;-0.0594024658203125;0.98974609375;0.000121440141811;0.004881574306637;-0.0060128848999738
1768216487109402000;19.189402099609374;-0.1339263916015625;-0.059234619140625;0.989013671875;-0.0020506340079009;0.0061582936905324;-0.0087098684161901
1768216487119403000;19.199403076171876;-0.13177490234375;-0.0596771240234375;0.989532470703125;-0.0030389330349862;0.0074523235671222;-0.0096598174422979
1768216487129404400;19.209404296875;-0.133148193359375;-0.0563201904296875;0.992156982421875;-0.0029297433793544;0.007938883267343;-0.0112475948408246
1768216487139404300;19.219404296875;-0.13482666015625;-0.0543365478515625;0.9917144775390624;-0.0005858954391442;0.0084584662690758;-0.0080659156665205
1768216487149405200;19.2294052734375;-0.133331298828125;-0.0543365478515625;0.990570068359375;-0.0019984361715614;0.0067058396525681;-0.0046232477761805
1768216487159405300;19.2394052734375;-0.1332550048828125;-0.05230712890625;0.9918975830078124;-0.0018359832465648;0.0045337653718888;0.0007222492713481
1768216487169406200;19.24940625;-0.131927490234375;-0.0530242919921875;0.99224853515625;-0.0013323795283213;0.0026394589804112;-0.00059042283101
1768216487179407000;19.259406982421876;-0.1343231201171875;-0.05413818359375;0.9907684326171876;-0.0022349248174577;0.0085684545338153;-0.0012527509825304
1768216487189407200;19.2694072265625;-0.1346435546875;-0.0540618896484375;0.99005126953125;-0.0021337247453629;0.0083420854061841;-0.0023089605383574
1768216487199408400;19.279408447265624;-0.1327056884765625;-0.0550994873046875;0.989776611328125;-0.0042794337496161;0.0119517343118786;-0.0050323093309998
1768216487209408300;19.289408203125;-0.13311767578125;-0.056243896484375;0.991455078125;-0.0048498827964067;0.0109658315777778;-0.0067266123369336
1768216487219409200;19.2994091796875;-0.1323394775390625;-0.057403564453125;0.99163818359375;-0.003262638580054;0.0118553275242447;-0.0073633738793432
1768216487229410000;19.30941015625;-0.1334686279296875;-0.057830810546875;0.9907989501953124;-0.0037047234363853;0.0083455480635166;-0.0065279402770102
1768216487239410200;19.31941015625;-0.1339874267578125;-0.057373046875;0.992218017578125;-0.0021334583871066;0.0077721690759062;-0.0034365430474281
1768216487249411300;19.329411376953125;-0.136810302734375;-0.0525360107421875;0.99273681640625;-0.003206712193787;0.0117607852444052;-0.0014333132421597
1768216487259411500;19.339411376953127;-0.1365509033203125;-0.0540008544921875;0.992431640625;-0.0029672940727323;0.010455303825438;0.0006665892433375
1768216487269412400;19.349412353515625;-0.1282958984375;-0.0537261962890625;0.9911651611328124;-0.0023062974214553;0.0051140682771801;-0.0051889028400182
1768216487279412200;19.359412109375;-0.1303558349609375;-0.054168701171875;0.9904937744140624;-0.0014410364674404;0.0028892634436488;-0.0063910540193319
1768216487289413000;19.3694130859375;-0.1336517333984375;-0.0550689697265625;0.9908599853515624;0.0019821908790618;0.0035241609439253;-0.0015555523568764
1768216487299414300;19.379414306640623;-0.1350860595703125;-0.054443359375;0.991485595703125;0.0034828819334506;0.005158809479326;-0.0010197244118899
1768216487309414100;19.3894140625;-0.13330078125;-0.0559234619140625;0.9919281005859376;0.0023241406306624;0.0027257453184574;-0.0022703448776155
1768216487319415300;19.39941528320313;-0.13275146484375;-0.056854248046875;0.9903717041015624;-0.0013693973887711;-3.70179404853e-05;-0.0040112533606588
1768216487329415400;19.40941552734375;-0.1352691650390625;-0.055511474609375;0.990264892578125;2.183792094e-05;-0.0005608617211692;-0.0056957025080919
1768216487339416300;19.419416259765622;-0.1339111328125;-0.0570068359375;0.991302490234375;-0.0022921827621757;0.0013712616637349;-0.0095375785604119
1768216487349417700;19.429417724609376;-0.1335601806640625;-0.057403564453125;0.992523193359375;-0.0029925941489636;0.0022053637076169;-0.0094624776393175
1768216487359417600;19.43941748046875;-0.1360321044921875;-0.05731201171875;0.99224853515625;-0.0020335898734629;0.0048365667462348;-0.0066291405819356
1768216487369418500;19.44941845703125;-0.1360321044921875;-0.0558624267578125;0.9922943115234376;-0.002272475278005;0.0033081786241382;-0.0042778356000781
1768216487379418600;19.45941870117187;-0.132476806640625;-0.0574798583984375;0.9900360107421876;-0.0021379857789725;3.35558288497e-05;-0.0034336135722696
1768216487389419500;19.46941943359375;-0.132476806640625;-0.0548553466796875;0.9909515380859376;-0.0010133327450603;0.000778175657615;-0.001881523290649
1768216487399420700;19.479420654296874;-0.134521484375;-0.052337646484375;0.9925079345703124;-0.002453570254147;0.0056006275117397;0.0006990797701291
1768216487409420800;19.4894208984375;-0.13446044921875;-0.0513153076171875;0.992523193359375;-0.0004663194995373;0.0060184774920344;0.0020450414158403
1768216487419421700;19.499421630859377;-0.1313934326171875;-0.054290771484375;0.9905853271484376;-0.0012801815755665;0.0089053446426987;-0.0005962817813269
1768216487429421600;19.509421630859375;-0.1316680908203125;-0.0556793212890625;0.9893798828125;-0.0024602282792329;0.0004069310089107;-0.0047817057929933
1768216487439422700;19.519422607421873;-0.1312408447265625;-0.0554656982421875;0.9871368408203124;-0.0034080471377819;-0.0033603766933083;-0.0094534223899245
1768216487449423600;19.529423583984375;-0.1356964111328125;-0.056732177734375;0.9907989501953124;-0.0032320122700184;-0.0032336101867258;-0.0117360185831785
1768216487459423500;19.539423583984377;-0.1376190185546875;-0.0560455322265625;0.9933319091796876;-0.0036791570018976;0.0013978932984173;-0.008648082613945
1768216487469424600;19.549424560546875;-0.13751220703125;-0.0588531494140625;0.9930877685546876;-0.0037872814573347;0.0048703891225159;-0.007465639617294
1768216487479424800;19.5594248046875;-0.1361236572265625;-0.0592803955078125;0.9896087646484376;-0.0033878071699291;0.0045819687657058;-0.0064179520122706
1768216487489425700;19.56942578125;-0.1343231201171875;-0.0572662353515625;0.9889068603515624;-0.0019438412273302;0.0044453484006226;-0.0041590584442019
1768216487499426600;19.579426513671876;-0.1339263916015625;-0.0536041259765625;0.988922119140625;0.0003408846096135;0.0048666605725884;0.0003880225704051
1768216487509426700;19.5894267578125;-0.13604736328125;-0.050048828125;0.9912261962890624;0.0035137746017426;0.0079434104263782;0.0030916635878384
1768216487519427600;19.599427490234376;-0.132080078125;-0.0520477294921875;0.9907989501953124;0.0010303769959136;0.0089538134634494;0.0023419838398694
1768216487529427500;19.609427490234378;-0.13134765625;-0.054473876953125;0.9917449951171876;-0.0005949501646682;0.0047289752401411;-0.0036362800747156
1768216487539428600;19.6194287109375;-0.1328277587890625;-0.0553436279296875;0.992156982421875;-0.000401604687795;0.0046855653636157;-0.0026937874499708
1768216487549429800;19.6294296875;-0.13043212890625;-0.0558929443359375;0.9926605224609376;0.0017947042360901;0.002028263406828;-0.007702394388616
1768216487559429600;19.6394296875;-0.1291961669921875;-0.0572967529296875;0.992584228515625;0.0016937704058364;0.0008058725506998;-0.0085157239809632
1768216487569430500;19.64943041992187;-0.126617431640625;-0.05877685546875;0.990997314453125;-0.0012005530297756;-0.0010479538468644;-0.0077215693891048
1768216487579430700;19.6594306640625;-0.12945556640625;-0.059326171875;0.98809814453125;-0.0047108656726777;0.0002098570985253;-0.005714344792068
1768216487589431800;19.669431884765626;-0.1330108642578125;-0.056793212890625;0.9899139404296876;-0.0067633637227118;0.0021044297609478;-0.0041012680158019
1768216487599432700;19.6794326171875;-0.13641357421875;-0.055389404296875;0.990142822265625;-0.0056046224199235;0.0039161783643066;-0.0035382758360356
1768216487609432600;19.6894326171875;-0.1397247314453125;-0.054931640625;0.989227294921875;-0.0061867893673479;0.0030597057193517;-0.0011747203534469
1768216487619433700;19.699433837890624;-0.1388092041015625;-0.0528411865234375;0.991546630859375;-0.0022418489679694;0.0032029838766902;-0.0005584649043157
1768216487629433600;19.70943359375;-0.136444091796875;-0.0520172119140625;0.9916839599609376;-0.0015672702575102;0.0009582053753547;-0.0009046758059412
1768216487639434500;19.7194345703125;-0.1363372802734375;-0.0512542724609375;0.9934234619140624;-0.0002194444678025;0.0002450108295306;-0.0010277138790115
1768216487649435600;19.729435546875;-0.134735107421875;-0.0521240234375;0.9914398193359376;0.0008689894457347;-0.0006841660942882;-0.0028437233995646
1768216487659435800;19.739435791015627;-0.1336212158203125;-0.0548553466796875;0.9889678955078124;-0.0017776599852368;-0.0011092065833508;-0.0062672169879078
1768216487669436700;19.749436767578125;-0.1349029541015625;-0.054931640625;0.9887847900390624;-0.0013478258624672;0.0020839234348386;-0.0090776504948735
1768216487679436800;19.759436767578126;-0.13568115234375;-0.0546875;0.9883575439453124;-0.000883636821527;0.0048328381963074;-0.0093567501753568
1768216487689437700;19.769437744140625;-0.13421630859375;-0.056671142578125;0.98907470703125;-0.0026114957872778;0.0041851578280329;-0.0071812137030065
1768216487699438600;19.7794384765625;-0.1339874267578125;-0.0551300048828125;0.9885101318359376;-0.0040477383881807;0.00476785749197;-0.0041342913173139
1768216487709438500;19.7894384765625;-0.13238525390625;-0.0546875;0.99017333984375;-0.0039300266653299;0.0032772859558463;-0.0022514364682137
1768216487719440000;19.79943994140625;-0.134490966796875;-0.0547943115234375;0.9910736083984376;-0.0010942928493022;0.0083412863314151;-0.0011233213590458
1768216487729439700;19.809439697265624;-0.1349639892578125;-0.0532073974609375;0.9920196533203124;-0.0027411917690187;0.0114505272358655;-0.0016636766958981
1768216487739440600;19.81944067382813;-0.1341552734375;-0.0545196533203125;0.9918975830078124;-0.0021933794487267;0.0105514442548155;-0.0034985947422683
1768216487749441500;19.829441650390624;-0.132568359375;-0.0544891357421875;0.991546630859375;-0.0009970874525606;0.0095471665263175;-0.0050450921989977
1768216487759441700;19.839441650390626;-0.1316375732421875;-0.054351806640625;0.99176025390625;-0.0016769925132393;0.0061881211586296;-0.0042839609086513
1768216487769442600;19.849442626953124;-0.1320037841796875;-0.0549774169921875;0.9936676025390624;-0.0006522081675939;0.0058062239550054;-0.0027723505627363
1768216487779442400;19.8594423828125;-0.134765625;-0.0545654296875;0.9933319091796876;7.0041132858e-05;0.0075125112198293;-0.0043396209366619
1768216487789443800;19.86944384765625;-0.1349029541015625;-0.0568389892578125;0.9908447265625;-0.0016900419723242;0.0050256513059139;-0.0032157669775187
1768216487799444700;19.87944482421875;-0.13494873046875;-0.0554351806640625;0.9904022216796876;-0.0027827369049191;0.0045513422228395;-0.0030570426024496
1768216487809444600;19.889444580078123;-0.1352691650390625;-0.0550689697265625;0.9896087646484376;-0.0007355650886893;0.0033691651187837;-0.0042128544300794
1768216487819445500;19.899445556640625;-0.13653564453125;-0.0561676025390625;0.9900970458984376;0.0007843009079806;0.0047952877357602;-0.0035638420376926
1768216487829445600;19.909445556640627;-0.1348114013671875;-0.055206298828125;0.990997314453125;0.0005560680292546;0.0028746160678565;-0.0076667079702019
1768216487839446500;19.919446533203125;-0.1363067626953125;-0.0553131103515625;0.9912109375;0.0026445188559591;0.0073876087553799;-0.0076661752536892
1768216487849447700;19.92944775390625;-0.13543701171875;-0.056884765625;0.989990234375;-0.00112971290946;0.010840130969882;-0.0076246303506195
1768216487859447800;19.93944775390625;-0.1338653564453125;-0.057098388671875;0.989044189453125;-0.0022085595410317;0.0117599871009588;-0.0067604342475533
1768216487869448700;19.94944873046875;-0.1337890625;-0.0554046630859375;0.989990234375;-0.0008892294717952;0.0078318240121006;-0.0041651837527751
1768216487879448600;19.959448486328125;-0.134033203125;-0.055419921875;0.992645263671875;-0.0032016523182392;0.0040205740369856;-0.0054962318390607
1768216487889449500;19.969449462890623;-0.1361846923828125;-0.0549774169921875;0.9920196533203124;-0.0023752732668071;0.0066600330173969;-0.002591788303107
1768216487899450600;19.97945068359375;-0.1348724365234375;-0.0544891357421875;0.9930877685546876;-0.0021845910232514;0.0071585769765079;-0.0038171086926013
1768216487909450500;19.98945043945313;-0.135772705078125;-0.0559539794921875;0.9927215576171876;-0.0015574166318401;0.0063034361228346;-0.004912999458611
1768216487919451600;19.99945166015625;-0.1326751708984375;-0.054046630859375;0.991455078125;-0.0016082830261439;0.0048690573312342;-0.0043385555036365
1768216487929451800;20.00945166015625;-0.1318511962890625;-0.053314208984375;0.9922027587890624;0.0004583300324156;0.0037792918737977;-0.003883421421051
1768216487939452700;20.01945263671875;-0.131622314453125;-0.0541534423828125;0.9920806884765624;0.0028405275661498;0.0034357442054897;-0.0041840923950076
1768216487949453600;20.02945361328125;-0.1314697265625;-0.05657958984375;0.992034912109375;0.0018756643403321;0.0052317800000309;-0.0059108859859406
1768216487959453700;20.03945361328125;-0.1336212158203125;-0.0581817626953125;0.991455078125;-0.0002655171556398;0.0062733422964811;-0.0083892233669757
1768216487969454600;20.04945458984375;-0.1323394775390625;-0.057952880859375;0.9888458251953124;-0.0013566142879426;0.007981227710843;-0.007857390679419
1768216487979454700;20.059454833984375;-0.1327667236328125;-0.057220458984375;0.9889373779296876;-0.0033342777751386;0.008993761613965;-0.0063582970760762
1768216487989455600;20.06945556640625;-0.134857177734375;-0.0535430908203125;0.990875244140625;-0.0034112429711967;0.0104497112333774;-0.0039244340732693
1768216487999456800;20.079456787109375;-0.1346282958984375;-0.0526885986328125;0.991363525390625;-0.0028250813484191;0.010748784057796;-0.0022154836915433
1768216488009456600;20.08945654296875;-0.1327972412109375;-0.0549774169921875;0.99005126953125;-0.0044402885250747;0.0112132392823696;-0.0018924422329291
1768216488019457500;20.09945751953125;-0.1306304931640625;-0.0562896728515625;0.991424560546875;-0.0017049557063728;0.0091202612966299;-0.0038027276750653
1768216488029457700;20.109457763671877;-0.1326904296875;-0.0547943115234375;0.99139404296875;-0.0004740426666103;0.0069143651053309;-0.0043710460886359
1768216488039458800;20.119458740234375;-0.1332855224609375;-0.0567169189453125;0.990264892578125;-0.0020013656467199;0.0085679218173027;-0.0059135491028428
1768216488049459700;20.129459716796877;-0.1350860595703125;-0.056060791015625;0.991729736328125;-0.0041063278913497;0.0103802029043436;-0.0007486145477741
1768216488059459600;20.13945947265625;-0.1349029541015625;-0.054351806640625;0.992919921875;-0.003402987262234;0.0123408222571015;-0.0024972460232675
1768216488069460700;20.149460693359377;-0.1338653564453125;-0.0551605224609375;0.993255615234375;-0.0023651532828807;0.0134103475138545;-0.0007430219557136
1768216488079460600;20.159460693359375;-0.134674072265625;-0.054931640625;0.9923858642578124;-0.0004037352045997;0.0143949184566736;-0.000235157116549
1768216488089461500;20.16946142578125;-0.132537841796875;-0.05267333984375;0.990386962890625;0.0002681803307496;0.0132356444373726;-0.0016234630020335
1768216488099462700;20.179462646484374;-0.131195068359375;-0.05389404296875;0.9893035888671876;0.0016919062472879;0.0110952612012624;-0.0018130800453945
1768216488109462800;20.189462890625;-0.130218505859375;-0.0532989501953125;0.9894561767578124;0.0012128035305067;0.0074358121491968;-0.001701759872958
1768216488119463700;20.19946362304687;-0.1310577392578125;-0.056060791015625;0.9915008544921876;-0.0021901836153119;0.0040365532040596;-0.0032442628871649
1768216488129463600;20.209463623046876;-0.128631591796875;-0.0566253662109375;0.99249267578125;-0.0040117856115102;0.0005371595616452;-0.0057279267348349
1768216488139464700;20.219464599609378;-0.1313018798828125;-0.0560302734375;0.9928131103515624;-0.0051508196629583;0.0005869606975466;-0.0086981505155563
1768216488149465600;20.229465576171876;-0.1318817138671875;-0.0543975830078125;0.99176025390625;-0.0054291202686727;-0.0007470166892744;-0.007963384501636
1768216488159465500;20.23946557617187;-0.133087158203125;-0.056396484375;0.9909210205078124;-0.0042147189378738;0.0043846284970641;-0.0093511575832962
1768216488169466600;20.249466552734376;-0.1342010498046875;-0.0558929443359375;0.99163818359375;-0.002329733222723;0.0054389736615121;-0.0077724354341626
1768216488179466800;20.259466796875;-0.1345977783203125;-0.0552978515625;0.99053955078125;-0.0044757085852324;0.0087673924863338;-0.0066171563230454
1768216488189467600;20.269467529296875;-0.13385009765625;-0.05450439453125;0.990875244140625;-0.0024418523535132;0.0113477297127246;-0.003981692250818
1768216488199468500;20.279468505859377;-0.13348388671875;-0.05401611328125;0.9932098388671876;-0.0006570018595084;0.0119256349280476;-0.0032882050145417
1768216488209468700;20.28946875;-0.132781982421875;-0.0543060302734375;0.991912841796875;-0.0013363742036744;0.0116617158055305;-0.0032413334120064
1768216488219469600;20.299469482421873;-0.1313018798828125;-0.054412841796875;0.990264892578125;0.0004519384237937;0.0094294548034667;-0.0055316518992185
1768216488229469400;20.309469482421875;-0.1310882568359375;-0.0545501708984375;0.9897003173828124;-0.0002868224401026;0.0057010287418961;-0.0079929456114768
1768216488239470800;20.319470947265625;-0.1313934326171875;-0.0550994873046875;0.9893341064453124;0.0001733717799652;0.0043265712447464;-0.0046554720029234
1768216488249471700;20.3294716796875;-0.128662109375;-0.0554656982421875;0.990966796875;-0.0010279801208525;0.0010588727891445;-0.0057239322923123
1768216488259471600;20.3394716796875;-0.130950927734375;-0.0580291748046875;0.992828369140625;-0.004496481269598;-0.0019129485590383;-0.0078699076548218
1768216488269472500;20.349472412109375;-0.1326141357421875;-0.05780029296875;0.993011474609375;-0.0039931437931954;-0.0024623586796224;-0.0092310486361384
1768216488279472600;20.35947265625;-0.133880615234375;-0.05767822265625;0.993743896484375;-0.0038733014371246;-0.0008849684381857;-0.0103410547599196
1768216488289473500;20.3694736328125;-0.132843017578125;-0.0562286376953125;0.9917449951171876;-0.0044733118265867;0.0001174454009742;-0.0086126625537872
1768216488299474700;20.379474609375;-0.1327362060546875;-0.0537872314453125;0.9918670654296876;-0.002690591616556;0.0024157534353435;-0.0064994446001946
1768216488309474800;20.389474853515622;-0.13348388671875;-0.0531768798828125;0.990020751953125;-0.0012181298807263;0.0071335430257022;-0.0051705273799598
1768216488319475700;20.399475830078124;-0.13458251953125;-0.0518035888671875;0.9912109375;-0.0016700683627277;0.0069865365512669;-0.0044240429997444
1768216488329475600;20.4094755859375;-0.1360626220703125;-0.0542144775390625;0.99285888671875;-0.0010783139150589;0.0080363545566797;-0.0033316144254058
1768216488339476500;20.4194765625;-0.132720947265625;-0.0547027587890625;0.990081787109375;-0.0024474449455738;0.0058682751841843;-0.0024466461036354
1768216488349477000;20.42947705078125;-0.1312713623046875;-0.053070068359375;0.9914093017578124;0.0004402205231599;0.0049462891183793;-0.0022447784431278
1768216488359477000;20.43947705078125;-0.1331024169921875;-0.0545501708984375;0.993377685546875;-0.0009930927772074;0.0024756744969636;-0.0019992350134998
1768216488369478000;20.449477783203125;-0.132232666015625;-0.0573272705078125;0.9913482666015624;-0.0032442628871649;-0.0001203748834086;-0.0023443805985152
1768216488379478000;20.45947802734375;-0.1321258544921875;-0.05657958984375;0.990753173828125;-0.0044674528762698;-0.0005323658697307;-0.0028165590483695
1768216488389479000;20.46947900390625;-0.132781982421875;-0.0552520751953125;0.989227294921875;-0.0040133837610483;0.0023515713401138;-0.0052291168831288
1768216488399480000;20.47947998046875;-0.13165283203125;-0.05279541015625;0.9891815185546876;-0.0036756948102265;0.0060062273405492;-0.0035214978270232
1768216488409480200;20.489480224609373;-0.13397216796875;-0.0519866943359375;0.9920501708984376;-0.0009779128013178;0.0089727221056818;-0.0045556034892797
1768216488419481000;20.499481201171875;-0.1353607177734375;-0.0540008544921875;0.98968505859375;0.0023499734234064;0.0135565549135208;-0.0035467979032546
1768216488429481000;20.50948095703125;-0.1338653564453125;-0.0560150146484375;0.990478515625;0.0040935450233519;0.0121714454144239;-0.0028586371336132
1768216488439481900;20.51948193359375;-0.1324615478515625;-0.0564117431640625;0.992645263671875;-0.0001989381271414;0.008289354853332;-0.0049825082533061
1768216488449483000;20.52948291015625;-0.13079833984375;-0.0583343505859375;0.9939117431640624;-0.0004463458026293;0.0046083340421319;-0.0049795787781476
1768216488459483000;20.53948291015625;-0.12603759765625;-0.0591278076171875;0.995513916015625;-0.0014271880500018;0.0008074704091995;-0.0049103363417088
1768216488469484000;20.549484130859376;-0.1241912841796875;-0.0572662353515625;0.9938507080078124;-0.0037481328472495;0.0015427692560479;-0.0022572954185307
1768216488479484200;20.559484130859374;-0.1273193359375;-0.055877685546875;0.9934844970703124;-0.0026831347495317;-8.68190472829e-05;0.001481250161305
1768216488489485000;20.569485107421876;-0.1310577392578125;-0.054229736328125;0.9915618896484376;-0.0058046258054673;-0.0012969594681635;0.0034226945135742
1768216488499486000;20.57948583984375;-0.1324310302734375;-0.0544281005859375;0.9912109375;-0.0074286214075982;-0.002551042009145;0.0003587277897167
1768216488509486000;20.589486083984376;-0.13427734375;-0.0540313720703125;0.990997314453125;-0.0039854203350842;-0.0056482981890439;-0.0024250745773315
1768216488519487000;20.59948706054687;-0.1371002197265625;-0.05401611328125;0.989990234375;-0.0008735168376006;-0.0034099114127457;-0.0046986150555312
1768216488529487000;20.609487060546876;-0.1401824951171875;-0.05267333984375;0.9904022216796876;7.85632510087e-05;-0.0004846953088417;-0.0013140037190169
1768216488539488000;20.619488037109377;-0.139495849609375;-0.0517730712890625;0.9910430908203124;0.0026256104465574;0.0021611552219837;0.000421578384703
1768216488549489000;20.629489013671876;-0.1347503662109375;-0.0517578125;0.989654541015625;0.0012767193838953;0.0024482440203428;0.0013134710025042
1768216488559489000;20.639489013671874;-0.130645751953125;-0.0540008544921875;0.9898834228515624;-0.0015142733464017;0.0012708604335784;-0.0007472829893231
1768216488569490000;20.649489990234375;-0.1277618408203125;-0.0560760498046875;0.988494873046875;-0.0015446334145963;-0.0013544837711378;-0.0086789755150675
1768216488579490000;20.659489990234373;-0.128021240234375;-0.0573883056640625;0.9886474609375;-0.0036487970501184;-0.0018642127979546;-0.0137238018214702
1768216488589491200;20.6694912109375;-0.131866455078125;-0.0577392578125;0.989166259765625;-0.0047217844985425;0.000672181835398;-0.0111791510134935
1768216488599492000;20.6794921875;-0.13232421875;-0.0559234619140625;0.9916229248046876;-0.0051476238295435;0.0001121190798585;-0.0092025529593229
1768216488609492000;20.689491943359375;-0.1350250244140625;-0.0548095703125;0.9923248291015624;-0.0037097833119332;0.0041508027352392;-0.0042666504159569
1768216488619493000;20.6994931640625;-0.1336517333984375;-0.0510406494140625;0.9915771484375;-0.0019768644124269;0.006410761270672;-0.0002620550512801
1768216488629493000;20.709492919921875;-0.134552001953125;-0.0531768798828125;0.9914703369140624;0.0002223739429609;0.0071601746603846;0.0017273263074457
1768216488639494000;20.719493896484376;-0.133544921875;-0.0547637939453125;0.9925689697265624;0.0013294500531628;0.0076422072015702;0.0038759645540267
1768216488649495000;20.7294951171875;-0.1305389404296875;-0.0561370849609375;0.9928436279296876;0.0019132149172946;0.0048818406648933;0.0005659217131324
1768216488659495200;20.7394951171875;-0.129486083984375;-0.05609130859375;0.9903411865234376;-0.0002101234131259;0.0045518749393522;-0.0012980246683582
1768216488669496000;20.74949609375;-0.12994384765625;-0.053466796875;0.9917144775390624;0.0001957423373823;0.0034373418893665;-0.0022522353101521
1768216488679496000;20.759495849609376;-0.1306304931640625;-0.054718017578125;0.9919281005859376;-0.0016319850692525;0.0020082897972315;-0.0049718553200364
1768216488689497000;20.7694970703125;-0.1323394775390625;-0.0554046630859375;0.9923858642578124;-0.0015294534387066;0.0021449099294841;-0.0087929591536521
1768216488699498000;20.779498046875;-0.1329498291015625;-0.0558013916015625;0.9906768798828124;-0.0004918858758173;0.0011877698125317;-0.0110422642901539
1768216488709497900;20.789497802734378;-0.1357269287109375;-0.0554046630859375;0.9906005859375;-0.0019843212794512;0.0005086637684144;-0.0114958006888628
1768216488719499000;20.7994990234375;-0.13690185546875;-0.0569000244140625;0.990570068359375;0.0013685984304174;0.0018764632986858;-0.0105732819065451
1768216488729499100;20.8094990234375;-0.136138916015625;-0.05523681640625;0.9916534423828124;0.0021715415641665;0.0005318332696333;-0.0061076935380697
1768216488739500000;20.8195;-0.134429931640625;-0.0548553466796875;0.991302490234375;0.0020274645648896;0.0024426514282822;-0.0023901870008558
1768216488749501000;20.8295009765625;-0.13360595703125;-0.0551605224609375;0.9898681640625;-0.0005949501646682;0.0067074373364448;-0.0010926949325948
1768216488759501000;20.8395009765625;-0.134063720703125;-0.0556488037109375;0.9900665283203124;-0.0039918120019137;0.0084536718204617;-0.0011124024167656
1768216488769502000;20.849501953125;-0.1341094970703125;-0.0544586181640625;0.99169921875;-0.0049428269267082;0.0091349091380834;-0.0035329493694007
1768216488779501800;20.859501708984375;-0.133026123046875;-0.054046630859375;0.990936279296875;-0.0034559841733425;0.0062387213110923;-0.0039710393175482
1768216488789503000;20.8695029296875;-0.1352691650390625;-0.0543975830078125;0.9923858642578124;-0.0016503608785569;0.0054813181050121;-0.002225070958957
1768216488799504100;20.879504150390623;-0.1363525390625;-0.0545806884765625;0.9935760498046876;-0.0027081684675067;0.0039899479597806;-0.0008394283941015
1768216488809504000;20.88950390625;-0.1348114013671875;-0.054534912109375;0.9923553466796876;-0.0022048309911042;0.0047201868146657;-0.001023452845402
1768216488819505000;20.8995048828125;-0.132171630859375;-0.056060791015625;0.9908294677734376;-0.0020764668006449;0.0033989925868809;-0.0030674289446324
1768216488829505000;20.909505126953125;-0.1301727294921875;-0.056640625;0.9908905029296876;-0.0005856291390955;-0.0004580637032631;-0.0062685483135282
1768216488839506000;20.919505859375;-0.1305694580078125;-0.0554046630859375;0.991241455078125;-0.0004263720766175;-0.0030924626626074;-0.0060802628286182
1768216488849507000;20.929507080078125;-0.13201904296875;-0.0558319091796875;0.9915924072265624;0.0009001484140753;-0.0005302353529259;-0.0059753344394266
1768216488859507200;20.93950708007813;-0.134185791015625;-0.0548095703125;0.9936676025390624;-0.0018857843242585;0.0002114549861289;-0.0059340554289519
1768216488869508000;20.949508056640624;-0.1348724365234375;-0.054443359375;0.9913177490234376;-0.0005422196118161;0.0028304075822234;-0.0076310215517878
1768216488879508000;20.959508056640622;-0.1359100341796875;-0.05712890625;0.99005126953125;-0.0024727450218051;0.0084099965170025;-0.0060110208578407
1768216488889508900;20.9695087890625;-0.1336669921875;-0.0561676025390625;0.9893798828125;-0.0028250813484191;0.0083266394212841;-0.0056166066788136
1768216488899510000;20.979510009765622;-0.1333160400390625;-0.0561370849609375;0.9928741455078124;-0.0003073287953156;0.0090518184006214;-0.0033622407354414
1768216488909510100;20.98951025390625;-0.1348114013671875;-0.055389404296875;0.9933013916015624;-0.00248579448089;0.0091346427798271;-0.0006175870657898
1768216488919511000;20.99951098632813;-0.1356353759765625;-0.0533905029296875;0.993438720703125;-0.0043257726356387;0.0110135022550821;0.0012002866715192
1768216488929511200;21.00951123046875;-0.134765625;-0.054046630859375;0.992095947265625;-0.0040701092220842;0.0144939878955483;0.0044048684649169
1768216488939512000;21.019511962890626;-0.134368896484375;-0.05255126953125;0.99041748046875;-0.0015102786710485;0.0166386310011148;0.0025694177020341
1768216488949513000;21.029512939453124;-0.1301116943359375;-0.0531463623046875;0.990386962890625;-0.0022399846930056;0.0136004975065588;0.0050173955969512
1768216488959512800;21.039512939453125;-0.1296844482421875;-0.0550537109375;0.991455078125;-0.0026546388398855;0.0120420157909393;0.0054914383217692
1768216488969514200;21.04951416015625;-0.12799072265625;-0.056640625;0.9903564453125;-0.0030447919853031;0.0070800138637423;-0.00145621644333
1768216488979514000;21.05951416015625;-0.127410888671875;-0.0554962158203125;0.98931884765625;-0.0033515882678329;0.0065545719116926;-0.0045167212374508
1768216488989515000;21.069514892578123;-0.13299560546875;-0.0549774169921875;0.98980712890625;-0.0028365328907966;0.0078912125900387;-0.0054192664101719
1768216488999516000;21.079515869140625;-0.13323974609375;-0.055633544921875;0.9913330078125;-0.001930525409989;0.0086965523660182;-0.005681321490556
1768216489009516000;21.08951611328125;-0.13262939453125;-0.0548248291015625;0.99407958984375;0.000713194545824;0.0041939462535083;-0.0057926415465772
1768216489019517000;21.099516845703125;-0.12567138671875;-0.0540771484375;0.991790771484375;-0.0012996225850656;0.0012085424968972;-0.0091785844415426
1768216489029517000;21.10951708984375;-0.1332550048828125;-0.0532989501953125;0.994293212890625;0.0016756609547883;0.0002231729013146;-0.0073761572130024
1768216489039518200;21.119518310546876;-0.1347808837890625;-0.0545501708984375;0.99615478515625;0.002167280530557;0.0005030711181461;-0.0042160502634942
1768216489049519000;21.12951904296875;-0.1350860595703125;-0.0543975830078125;0.9947509765625;0.0029084382113069;0.002086320426315;-0.0005552690709009
1768216489059519000;21.13951904296875;-0.1315155029296875;-0.0541534423828125;0.994903564453125;-0.0002037318190559;0.0015206650132313;-0.0026242788881063
1768216489069520000;21.149519775390623;-0.1291656494140625;-0.0565185546875;0.9900665283203124;-0.0009512811084277;-0.002593119861558;-0.0056064864620566
1768216489079520000;21.15952001953125;-0.1298828125;-0.0565338134765625;0.9869842529296876;-0.0033776871860027;-0.0050573428161442;-0.0084030721336603
1768216489089521000;21.16952099609375;-0.1314697265625;-0.056488037109375;0.988555908203125;-0.0029563750140368;-0.0055734636262059;-0.0069159627892076
1768216489099522000;21.17952197265625;-0.134185791015625;-0.05615234375;0.98968505859375;-0.0011108045000582;0.0007616640650667;-0.0031763522420078
1768216489109522200;21.18952221679687;-0.1361236572265625;-0.056121826171875;0.992401123046875;-8.7884318418e-06;0.0086683230474591;-0.0008852347382344
1768216489119523000;21.199523193359376;-0.1338653564453125;-0.0544891357421875;0.992645263671875;-0.0007201187545433;0.0107168266549706;-0.0005946838646195
1768216489129523000;21.20952294921875;-0.1331024169921875;-0.0560455322265625;0.9884033203125;-0.0002681803307496;0.0098342550918459;-0.0020386497490108
1768216489139524000;21.219524169921876;-0.1313629150390625;-0.0559844970703125;0.9886627197265624;-0.0032810145057737;0.0079612536355853;-0.0048685246147215
1768216489149525000;21.22952490234375;-0.1331787109375;-0.0562896728515625;0.99127197265625;-0.0008002799004316;0.0024679512716829;-0.0072176991961896
1768216489159524900;21.23952490234375;-0.1319732666015625;-0.05517578125;0.99310302734375;0.0020860540680587;9.69390603131e-05;-0.0093966973945498
1768216489169526000;21.249526123046873;-0.134185791015625;-0.056884765625;0.993316650390625;0.0028921929188072;0.002543052425608;-0.0082685826346278
1768216489179526100;21.259526123046875;-0.1360931396484375;-0.05731201171875;0.993133544921875;0.0021174794528633;0.003458913648501;-0.0064291371963918
1768216489189527000;21.269527099609373;-0.13641357421875;-0.0574951171875;0.9943084716796876;0.0001403485948685;0.0052490904927253;-0.0016130766598507
1768216489199528000;21.27952783203125;-0.1342926025390625;-0.0545501708984375;0.99139404296875;-0.0022112226579338;0.0042165829800069;-0.0010732539230957
1768216489209528000;21.289528076171877;-0.130767822265625;-0.055389404296875;0.9881439208984376;-0.0042330943979322;0.0024133566766977;-0.0053236591629683
1768216489219529000;21.299529052734375;-0.12835693359375;-0.0565185546875;0.9885406494140624;-0.0048288437537848;-0.0012402341235429;-0.0083625921979546
1768216489229528800;21.30952880859375;-0.13153076171875;-0.0560455322265625;0.98944091796875;-0.0051795821636915;-0.0023273364640772;-0.0084299696609377
1768216489239530000;21.319530029296875;-0.1348876953125;-0.0532989501953125;0.992889404296875;-0.0027204190846532;-0.000753674597945;-0.002976881340146
1768216489249531100;21.32953125;-0.1365509033203125;-0.053131103515625;0.994842529296875;-0.0025012409314513;0.0020080234389752;0.0001267664629267
1768216489259531000;21.339531005859374;-0.133331298828125;-0.054534912109375;0.9913787841796876;-0.0040719732642173;0.002534530358389;0.0003355582884978
1768216489269532000;21.349531982421876;-0.1323089599609375;-0.0521087646484375;0.9888458251953124;-0.0047803740017116;0.0034898063167929;-0.0031622373498976
1768216489279532000;21.35953198242187;-0.1297607421875;-0.054718017578125;0.9908447265625;-0.0053316485136747;0.0003768372989725;-0.005413407459855
1768216489289533000;21.369532958984376;-0.130615234375;-0.05487060546875;0.9912261962890624;-0.0035143073182553;-0.001757686259225;-0.0060070259496569
1768216489299534000;21.3795341796875;-0.13055419921875;-0.0571136474609375;0.9885406494140624;-0.0020682108588516;0.000384294136893;-0.0063907876610755
1768216489309534000;21.389533935546876;-0.1337432861328125;-0.0578460693359375;0.98675537109375;-0.0036911412607878;0.0031214910559356;-0.0038533278275281
1768216489319535000;21.39953515625;-0.133209228515625;-0.055084228515625;0.989227294921875;-0.0030791468452662;0.0069268820807337;-0.0023694143164902
1768216489329535000;21.409534912109375;-0.132965087890625;-0.0549774169921875;0.9906005859375;-0.0025467809755355;0.0070019830018281;0.0007731156656518
1768216489339536000;21.419535888671874;-0.1302490234375;-0.0560150146484375;0.990142822265625;-0.0007640608819201;0.0073098447173833;-0.0033795514609664
1768216489349537300;21.429537353515624;-0.13287353515625;-0.0558929443359375;0.9920501708984376;-0.0004090615548193;0.0084142573177814;-0.0028756812680512
1768216489359537400;21.439537353515625;-0.1351470947265625;-0.0554656982421875;0.99481201171875;-0.0011824434623122;0.0081135863438248;-0.0030162963084876
1768216489369538300;21.449538330078123;-0.1338348388671875;-0.0543365478515625;0.99566650390625;-0.002739327494055;0.0076456689275801;-0.0003523362101987
1768216489379538200;21.4595380859375;-0.13031005859375;-0.0541839599609375;0.99462890625;-0.0023164174053817;0.0045699845068156;-0.0033156354911625
1768216489389539300;21.469539306640623;-0.12554931640625;-0.0545806884765625;0.9949188232421876;-0.0013355752453207;0.0020514330826699;-0.0078198397532105
1768216489399540500;21.47954052734375;-0.1270294189453125;-0.05670166015625;0.99114990234375;-0.0031766186002641;-0.0014106763992458;-0.0083269057795405
1768216489409540400;21.489540283203127;-0.129730224609375;-0.0575714111328125;0.990386962890625;-0.0014825817197561;0.0019478360190987;-0.0036589170340448
1768216489419541200;21.499541259765625;-0.1361236572265625;-0.0579986572265625;0.990936279296875;-0.0046179210767149;0.0029270802624523;-0.000507598510012
1768216489429541400;21.509541259765623;-0.13458251953125;-0.054351806640625;0.9913330078125;-0.0033446638844907;0.0017283915076404;0.0019105518003925
1768216489439542300;21.519542236328125;-0.138458251953125;-0.052886962890625;0.993255615234375;-0.0008362325606867;-0.0004969458677805;0.0011012171162292
1768216489449543200;21.529543212890623;-0.137298583984375;-0.049346923828125;0.991607666015625;-0.0016620787791907;-0.0017291904659941;-0.0027515781112015
1768216489459543600;21.53954345703125;-0.1367034912109375;-0.051055908203125;0.991180419921875;-0.0006383596919476;-0.0003880225704051;-0.0022418489679694
1768216489469544400;21.54954443359375;-0.1357421875;-0.051177978515625;0.9893951416015624;-0.0008958873804658;0.0006732470938004;-0.0060967747122049
1768216489479544300;21.55954443359375;-0.13275146484375;-0.05364990234375;0.9871978759765624;-0.0028493159916251;0.0011821772204712;-0.0065846657380461
1768216489489545500;21.56954541015625;-0.1337890625;-0.0539093017578125;0.9882659912109376;-0.0025326660834252;0.0037654433399438;-0.0060882526449859
1768216489499546400;21.57954638671875;-0.132080078125;-0.0527801513671875;0.9902191162109376;-0.0029132319614291;0.0027451864443719;-0.0044552022591233
1768216489509546200;21.58954614257813;-0.1305694580078125;-0.0543212890625;0.991058349609375;-0.0022865901701152;0.0040221721865236;-0.0066999807022511
1768216489519547400;21.59954736328125;-0.133056640625;-0.05572509765625;0.9907684326171876;-0.0037220339290797;0.0053257895633578;-0.0090845748782157
1768216489529547500;21.609547607421874;-0.132720947265625;-0.054779052734375;0.9892425537109376;-0.0042488072067499;0.0067204870283603;-0.0094603467732667
1768216489539548400;21.61954833984375;-0.1319580078125;-0.05499267578125;0.9910430908203124;-0.0003952131082769;0.0083663202822208;-0.0087263798341155
1768216489549549300;21.62954931640625;-0.1319580078125;-0.0551605224609375;0.99139404296875;-0.000713194545824;0.0072392709553241;-0.0066200857982039
1768216489559549400;21.639549560546875;-0.131622314453125;-0.054290771484375;0.9926910400390624;7.6432719652e-05;0.0074789552018046;-0.0037955371662974
1768216489569550300;21.64955029296875;-0.12969970703125;-0.053955078125;0.9937896728515624;-0.0017310547409579;0.007546333130449;-0.0007097324123606
1768216489579550200;21.65955029296875;-0.130218505859375;-0.054718017578125;0.992034912109375;-0.0033286849502474;0.0055098137818276;0.0002657834847923
1768216489589551400;21.66955126953125;-0.1288299560546875;-0.05572509765625;0.9918212890625;-0.0025731462519615;0.003687945427373;-0.0016809873050078
1768216489599552500;21.679552490234375;-0.127655029296875;-0.05609130859375;0.9925079345703124;-0.0014825817197561;0.0017342504579573;-0.0058562913909554
1768216489609552400;21.689552490234377;-0.1330108642578125;-0.055450439453125;0.991668701171875;-0.000818655709736;0.0024991102982312;-0.0079063922166824
1768216489619553300;21.69955322265625;-0.1342926025390625;-0.055145263671875;0.9909820556640624;-0.0004199804970994;0.0034216293133795;-0.0073199644684791
1768216489629553400;21.709553466796876;-0.13623046875;-0.055206298828125;0.9896240234375;0.0008474178612232;0.0048520131967961;-0.0078568579629063
1768216489639554300;21.71955419921875;-0.137603759765625;-0.0535430908203125;0.991485595703125;0.001219195080921;0.0056048887781798;-0.0063447151333093
1768216489649555500;21.729555419921876;-0.1342315673828125;-0.055694580078125;0.9899139404296876;0.0002199771115556;0.0057055563665926;-0.008184959180653
1768216489659555300;21.73955541992187;-0.1355133056640625;-0.05743408203125;0.9904327392578124;0.0005757753970101;0.0056451023556292;-0.0074368771165609
1768216489669556500;21.749556396484376;-0.133514404296875;-0.057037353515625;0.99041748046875;4.71379498776e-05;0.0029744845815002;-0.0059819924645125
1768216489679556400;21.759556396484378;-0.1338348388671875;-0.05584716796875;0.990570068359375;-0.0011054781498387;0.0019904465880244;-0.003460245206952
1768216489689557200;21.76955712890625;-0.135101318359375;-0.0555572509765625;0.9927215576171876;-0.0037606498226523;0.0039225700311362;-0.0031763522420078
1768216489699558100;21.77955810546875;-0.13525390625;-0.054107666015625;0.9924774169921876;-0.0058312574401497;0.0035148400347679;-0.0034565166570246
1768216489709558300;21.789558349609376;-0.13714599609375;-0.05340576171875;0.99261474609375;-0.0018138790037482;0.0063380571082234;-0.0025704831350594
1768216489719559400;21.79955932617187;-0.1360321044921875;-0.0518646240234375;0.9915008544921876;-0.003287139814347;0.0041590584442019;-0.0040416130796074
1768216489729559300;21.809559326171875;-0.13153076171875;-0.052703857421875;0.990875244140625;-0.0013728595804423;0.0021728731226176;-0.0031478563323616
1768216489739560400;21.819560546875;-0.1327667236328125;-0.055206298828125;0.9916839599609376;-0.0013677994720637;0.0007313040550798;-0.0062059643678367
1768216489749561300;21.829561279296875;-0.133331298828125;-0.0557403564453125;0.9933319091796876;0.0001496696495451;0.0023752732668071;-0.0037305559962987
1768216489759561200;21.839561279296873;-0.1323394775390625;-0.0566864013671875;0.9924468994140624;-0.0009864348685368;0.004430434666574;-0.004513525404036
1768216489769562400;21.849562255859375;-0.1322784423828125;-0.05889892578125;0.99163818359375;0.0005376922199502;0.0056416406296193;-0.0052986252121627
1768216489779562200;21.859562255859377;-0.132110595703125;-0.0567779541015625;0.9891510009765624;-0.000222906586714;0.0057106162421405;-0.0063588297925889
1768216489789563400;21.8695634765625;-0.1314239501953125;-0.0549468994140625;0.9915618896484376;0.0018490327056497;0.0069465893320739;-0.0075071845203638
1768216489799564300;21.879564208984377;-0.1318359375;-0.05535888671875;0.991912841796875;0.0009656621841713;0.0077322218567132;-0.0077556576579809
1768216489809564400;21.889564453125;-0.1327056884765625;-0.05352783203125;0.991943359375;-0.0019574232865124;0.0078296931460499;-0.0061620222404599
1768216489819565300;21.8995654296875;-0.1334381103515625;-0.054473876953125;0.9921417236328124;-0.0023172164801508;0.0105269430205225;-0.005060538649559
1768216489829565200;21.90956518554687;-0.1348114013671875;-0.0546875;0.9922027587890624;-2.183792094e-05;0.0124071352183818;-0.0038021949585527
1768216489839566600;21.919566650390625;-0.130462646484375;-0.05621337890625;0.989410400390625;-0.001137968734838;0.003998736385256;-0.000818655709736
1768216489849567500;21.9295673828125;-0.1307525634765625;-0.0548248291015625;0.991119384765625;-0.0003944141499232;0.0063926517032086;-0.0014620753936469
1768216489859567400;21.9395673828125;-0.1316070556640625;-0.0543670654296875;0.9911956787109376;-0.0001888181141111;0.0079519329592585;0.0005299690528772
1768216489869568300;21.949568359375;-0.1327056884765625;-0.0530853271484375;0.99127197265625;-1.49137022162e-05;0.0089295795187354;0.0009273127070628
1768216489879568400;21.959568359375;-0.132171630859375;-0.054351806640625;0.9901580810546876;-0.0004751079250127;0.0101477093994617;-0.0006332996999844
1768216489889569300;21.9695693359375;-0.131103515625;-0.0540008544921875;0.9912872314453124;-0.0032256206031888;0.0092909699305891;-0.0028730181511491
1768216489899570400;21.9795703125;-0.1306610107421875;-0.05316162109375;0.992156982421875;-0.0032296155113726;0.0099509013816714;-0.0064893243834376
1768216489909570600;21.989570556640626;-0.13214111328125;-0.0539703369140625;0.9917449951171876;-0.0016266588354483;0.0108348047360777;-0.006097839679569
1768216489919571500;21.999571533203124;-0.1326141357421875;-0.05517578125;0.9918975830078124;-0.0012146678054705;0.0111690312623977;-0.0074094468727707
1768216489929571300;22.0095712890625;-0.131988525390625;-0.056060791015625;0.99127197265625;0.001104679191485;0.0100731402635574;-0.0077673755586147
1768216489939572200;22.019572265625;-0.1314697265625;-0.0543060302734375;0.9903717041015624;-0.0006402239087037;0.0101639544591307;-0.0065955845639109
1768216489949573400;22.029573486328125;-0.1296234130859375;-0.055419921875;0.9923553466796876;0.0006503439508378;0.0050719901919364;-0.0057934406213462
1768216489959573200;22.0395732421875;-0.13031005859375;-0.0531463623046875;0.9911041259765624;-0.0004753742541652;0.0052533512935042;-0.0037249634042382
1768216489969574400;22.049574462890625;-0.1320037841796875;-0.055419921875;0.9911651611328124;-0.0024240091443061;0.0022839268203824;-0.0054831821471452
1768216489979574500;22.059574462890627;-0.133331298828125;-0.0564727783203125;0.99176025390625;-0.0022716764360666;0.0012876383261755;-0.0056943711824715
1768216489989575400;22.069575439453125;-0.1349029541015625;-0.05462646484375;0.991943359375;-0.0027281423099339;0.0022210762836039;-0.0065162223763763
1768216489999576300;22.079576416015627;-0.134857177734375;-0.0542755126953125;0.993072509765625;-0.0026506441645324;0.0040799626149237;-0.0042325616814196
1768216490009576400;22.089576416015625;-0.134552001953125;-0.0535736083984375;0.9931182861328124;-0.0015430354978889;0.0051689292304217;-0.0021656826138496
1768216490019577300;22.099577392578126;-0.132354736328125;-0.053436279296875;0.9913330078125;-0.0019587550777941;0.0051481565460562;-0.0040187099948525
1768216490029577200;22.1095771484375;-0.130950927734375;-0.0560302734375;0.9902191162109376;-0.0005097290268167;0.0045116613619029;-0.0055851815268397
1768216490039578400;22.119578369140623;-0.1306610107421875;-0.0549163818359375;0.9897003173828124;0.0010346380295231;0.0038895467296242;-0.0048426920548081
1768216490049579300;22.129579345703124;-0.1318817138671875;-0.0560302734375;0.9915771484375;-0.0004596615908667;0.0027976506389677;-0.0042298985645174
1768216490059579400;22.13957934570313;-0.1317901611328125;-0.0573272705078125;0.991729736328125;-0.0012618057662621;0.0003177151083946;-0.0050544133409857
1768216490069580300;22.149580322265624;-0.1317291259765625;-0.0551910400390625;0.9911956787109376;-0.0016591493040323;0.0017963021527975;-0.0062254052609205
1768216490079580400;22.159580322265622;-0.135101318359375;-0.0576171875;0.9900970458984376;7.11063985363e-05;0.0094196004793047;-0.0076952041126787
1768216490089581300;22.169581298828124;-0.13372802734375;-0.0528106689453125;0.992828369140625;-0.0031590417493134;0.0036195022985339;-0.0042280345223844
1768216490099582500;22.17958251953125;-0.132171630859375;-0.0539398193359375;0.99365234375;-0.0022280006669461;0.0041830269619822;-0.0031715584918856
1768216490109582300;22.189582275390624;-0.13201904296875;-0.0558929443359375;0.9903717041015624;-0.0023494407068938;0.0057428404688835;-0.0059167449362576
1768216490119583500;22.19958349609375;-0.1328125;-0.0545501708984375;0.99176025390625;-0.0020069582387804;0.003123088972643;-0.005364139098674
1768216490129583400;22.209583251953124;-0.1291656494140625;-0.0535430908203125;0.9902191162109376;-0.0033915357198566;0.0021505025215446;-0.0075820195488631
1768216490139584300;22.219584228515625;-0.1300201416015625;-0.053802490234375;0.9907073974609376;-0.0035033884923905;0.0036048549227416;-0.0075833513401448
1768216490149585200;22.229585205078124;-0.1334075927734375;-0.0529022216796875;0.9915924072265624;-0.0013920343481004;0.0043060649186372;-0.0069820093922317
1768216490159585300;22.239585205078125;-0.1341400146484375;-0.0511932373046875;0.9920654296875;-0.0003744404530152;0.0079335570335388;-0.00202107289806
1768216490169586400;22.24958642578125;-0.133880615234375;-0.05389404296875;0.9930572509765624;-0.0017699368763715;0.0034171019215136;-0.0007763114408589
1768216490179586300;22.25958642578125;-0.1346435546875;-0.0553436279296875;0.9916839599609376;-0.004767058417201;0.0083253076300024;-0.0045393579639494
1768216490189587500;22.26958740234375;-0.1327667236328125;-0.056671142578125;0.99114990234375;-0.004807005636394;0.0053662694990634;-0.0067119649611413
1768216490199588400;22.27958837890625;-0.129425048828125;-0.0564117431640625;0.99090576171875;-0.004473578184843;0.0040983385406434;-0.0026921895332634
1768216490209588200;22.289588134765623;-0.131683349609375;-0.0547637939453125;0.9912872314453124;-0.0028399948496371;0.005576126743108;-0.0021907163318246
1768216490219589000;22.299589111328125;-0.131500244140625;-0.0561370849609375;0.989288330078125;-0.0025076323654502;0.0047854343429207;-0.0015494271647185
1768216490229589500;22.309589599609374;-0.13348388671875;-0.055450439453125;0.98699951171875;-0.0012197277974337;0.0091679319739341;-0.005520200356841
1768216490239590400;22.31959033203125;-0.1324462890625;-0.0561065673828125;0.988616943359375;-0.0018263958627358;0.0088155958801507;-0.0063098273240029
1768216490249591300;22.32959130859375;-0.1327667236328125;-0.05419921875;0.9901275634765624;-0.0021291973534971;0.0080523341894149;-0.0011891013709828
1768216490259591400;22.33959130859375;-0.13104248046875;-0.054962158203125;0.99267578125;-0.0010881676571443;0.0093759251758456;-0.0024876587558537
1768216490269592300;22.34959228515625;-0.1284027099609375;-0.0569915771484375;0.995086669921875;-0.0011600729776546;0.0052142031490802;-0.0040362868458032
1768216490279592200;22.35959228515625;-0.129669189453125;-0.057220458984375;0.9960174560546876;-0.0022104235831648;0.0041678468696773;-0.0047324374318122
1768216490289593300;22.36959326171875;-0.1298370361328125;-0.05584716796875;0.9960784912109376;-0.0022522353101521;0.0014429006259888;-0.0023286680225282
1768216490299594500;22.379594482421876;-0.1269989013671875;-0.055389404296875;0.9933624267578124;-0.001514539704658;9.24116902751e-05;-0.0003981425834354
1768216490309594400;22.38959448242187;-0.1283721923828125;-0.0529632568359375;0.9900054931640624;-0.0052144695073366;0.000253799255006;0.0002074602525681
1768216490319595300;22.39959521484375;-0.128143310546875;-0.0526580810546875;0.9915771484375;-0.0036863475106656;0.001432514283806;-0.0020050939638167
1768216490329595400;22.409595458984377;-0.1315155029296875;-0.053131103515625;0.9896240234375;-0.0027760791126638;0.0070248860865831;-0.0032224250026047
1768216490339596300;22.41959619140625;-0.1367950439453125;-0.0542755126953125;0.9911956787109376;-0.0017667410429567;0.0055228634737432;-0.0047809067182242
1768216490349596700;22.4295966796875;-0.13543701171875;-0.0571136474609375;0.989776611328125;0.0002045307774096;0.0037569212727248;-0.0074616447091102
1768216490359596800;22.4395966796875;-0.136077880859375;-0.0537567138671875;0.9895172119140624;0.0008609999786131;0.0046943537890911;-0.0099809952080249
1768216490369597700;22.44959765625;-0.13482666015625;-0.0505523681640625;0.9927520751953124;0.0035712989047169;0.0044645234011113;-0.0060762683860957
1768216490379597600;22.45959765625;-0.13427734375;-0.0509185791015625;0.99237060546875;0.0003368898760527;0.0071034496650099;-0.0045649241656064
1768216490389598700;22.4695986328125;-0.1299591064453125;-0.0529022216796875;0.9906768798828124;-0.0017238641157746;0.0071244887076318;-0.0106675578281283
1768216490399599900;22.479599853515627;-0.1300811767578125;-0.0556640625;0.98992919921875;-0.0026439863722771;0.011003915220499;-0.0149152996018528
1768216490409599700;22.489599853515625;-0.1318817138671875;-0.05645751953125;0.9878387451171876;-0.0029979203827679;0.0103157544508576;-0.0139895854517817
1768216490419600600;22.4996005859375;-0.12908935546875;-0.0567779541015625;0.987030029296875;-0.0015435680979862;0.0061281998641788;-0.011928298510611
1768216490429600800;22.509600830078124;-0.12890625;-0.0557708740234375;0.9897918701171876;-6.81769233779e-05;0.0010255833622068;-0.0118585238233208
1768216490439601700;22.5196015625;-0.132110595703125;-0.05487060546875;0.9907684326171876;0.000202400246053;-0.0007888282998465;-0.0025361282750964
1768216490449602800;22.529602783203124;-0.1327362060546875;-0.0557098388671875;0.994537353515625;-0.0032783513888716;-0.0010655306978151;-0.0014942996203899
1768216490459603000;22.53960302734375;-0.1318206787109375;-0.054107666015625;0.9948577880859376;-0.0043452135287225;0.000770452490542;2.02400242415e-05
1768216490469603800;22.549603759765624;-0.129150390625;-0.05157470703125;0.99468994140625;-0.0038557245861738;0.0013137373607605;0.0002471413463354
1768216490479603700;22.559603759765626;-0.1287078857421875;-0.052154541015625;0.9918670654296876;-0.0052935653366148;0.0006354302167892;-0.0015462313313037
1768216490489604600;22.5696044921875;-0.129547119140625;-0.0528717041015625;0.9929046630859376;-0.0036320190411061;0.0014128069160506;-0.001759816892445
1768216490499605800;22.579605712890626;-0.1302337646484375;-0.0542755126953125;0.9929351806640624;-0.0013275857781991;0.0009571401169523;-0.0043923514895141
1768216490509606000;22.58960595703125;-0.1319427490234375;-0.055023193359375;0.9907379150390624;-0.0012343751732259;0.0022825952619314;-0.0032410670537501
1768216490519606800;22.599606689453125;-0.134552001953125;-0.0539093017578125;0.991455078125;0.0023654196411371;0.0060363207012414;-0.0019536949694156
1768216490529607000;22.60960693359375;-0.1317901611328125;-0.056396484375;0.9889068603515624;-0.0008426241693086;0.0025662221014499;-0.0047537423670291
1768216490539607800;22.61960791015625;-0.130157470703125;-0.0568695068359375;0.9887847900390624;-0.0033185649663209;0.0045907571911811;-0.0077604511752724
1768216490549608700;22.629608642578123;-0.133026123046875;-0.0570068359375;0.988128662109375;-0.0044597294181585;0.0015813850332051;-0.0074485950171947
1768216490559608600;22.639608642578125;-0.1333465576171875;-0.0559234619140625;0.9918975830078124;-0.0055433697998523;0.0014674017438665;-0.0067878649570047
1768216490569610000;22.64960986328125;-0.133209228515625;-0.0546875;0.9939727783203124;-0.0037007285282015;0.001153415068984;-0.0061500379815697
1768216490579609900;22.65960986328125;-0.1354217529296875;-0.056549072265625;0.9912872314453124;-0.0037966023664921;0.0042123217135667;-0.0045971488580107
1768216490589610800;22.66961083984375;-0.13470458984375;-0.056793212890625;0.990386962890625;-0.0034599788486957;0.0059399143792688;-0.0062357918359339
1768216490599611600;22.679611572265625;-0.134857177734375;-0.0553741455078125;0.989227294921875;-0.0042786346748471;0.0071777515113353;-0.0040434775874018
1768216490609611800;22.68961181640625;-0.1355133056640625;-0.0530853271484375;0.9904632568359376;-0.0066581689752638;0.0112095111981034;-0.002280997345224
1768216490619612700;22.69961279296875;-0.13677978515625;-0.053558349609375;0.99188232421875;-0.0038112497422844;0.0190812833607196;0.0013885721564292
1768216490629612800;22.70961279296875;-0.138275146484375;-0.0526580810546875;0.99224853515625;0.0005030711181461;0.0207702592015266;0.0019518306944519
1768216490639614000;22.719614013671876;-0.13421630859375;-0.0536346435546875;0.9941558837890624;-0.0023670175578445;0.0193414743989706;0.0041161817498505
1768216490649614800;22.72961474609375;-0.1302490234375;-0.054229736328125;0.98834228515625;-0.0026445188559591;0.0156884156167507;-0.001915079075843
1768216490659614700;22.73961474609375;-0.1264190673828125;-0.053466796875;0.9941558837890624;4.47411075583e-05;0.0080507360398769;-0.0012769857421517
1768216490669615900;22.74961596679687;-0.1279296875;-0.05322265625;0.994720458984375;0.0032503881957381;0.0023979102261364;-0.0022303974255919
1768216490679615700;22.75961572265625;-0.1290283203125;-0.0526885986328125;0.9931488037109376;0.0049289786256849;0.0033886062446981;-0.0043318979442119
1768216490689616600;22.76961669921875;-0.1318817138671875;-0.05389404296875;0.99249267578125;0.0037521275226026;0.0040514669381082;-0.0006290386663749
1768216490699617800;22.77961767578125;-0.130523681640625;-0.0576629638671875;0.9922027587890624;0.0009851033100858;0.0018977685831487;-0.0068789450451731
1768216490709618000;22.789617919921874;-0.1288604736328125;-0.05731201171875;0.9908294677734376;-0.0019433086272329;0.000351537251845;-0.0088435588404536
1768216490719618800;22.799618896484375;-0.1283416748046875;-0.058013916015625;0.9900665283203124;-0.0040868869982659;-0.0015534218400716;-0.0127147296443581
1768216490729618700;22.80961865234375;-0.1322479248046875;-0.0571746826171875;0.9918212890625;-0.0054610781371593;-0.0027683558873832;-0.0143275400623679
1768216490739619800;22.819619873046875;-0.1322479248046875;-0.0556488037109375;0.991424560546875;-0.0023909860756248;0.0006093312404118;-0.0135757299140095
1768216490749620700;22.829620849609373;-0.13433837890625;-0.0518035888671875;0.9915313720703124;4.76705827168e-05;0.0044554686173796;-0.0085945529863238
1768216490759620600;22.83962060546875;-0.1342315673828125;-0.0515899658203125;0.993743896484375;0.0009643306257203;0.0058096856810152;-0.0048506814055144
1768216490769621800;22.849621826171877;-0.1317596435546875;-0.0509796142578125;0.9905242919921876;0.0025363946333527;0.0080126523971557;-0.0019528960110619
1768216490779622000;22.859621826171875;-0.1280364990234375;-0.0523834228515625;0.99176025390625;-0.0004676510870922;0.0052168662659823;-0.0014389059506356
1768216490789622800;22.869622802734376;-0.129730224609375;-0.055572509765625;0.9941864013671876;-0.0006788397440686;0.003344397759065;-0.000121440141811
1768216490799623700;22.879623779296875;-0.1311187744140625;-0.05548095703125;0.9932098388671876;-0.0013033510185778;0.0051470915786921;0.0021598236635327
1768216490809623800;22.889623779296876;-0.132904052734375;-0.0556640625;0.99169921875;-0.0031057784799486;0.0032583775464445;0.0024338630028069
1768216490819624700;22.899624755859374;-0.1296234130859375;-0.0562896728515625;0.9885711669921876;-0.0060744038783013;0.0026048377621918;-0.0035020567011088
1768216490829624600;22.90962451171875;-0.1319732666015625;-0.0552520751953125;0.98785400390625;-0.0058126151561737;0.004153998568654;-0.0045739789493381
1768216490839625700;22.91962573242187;-0.1322021484375;-0.0525054931640625;0.99090576171875;-0.0022599585354328;0.0048181908205151;-0.004513525404036
1768216490849627000;22.929626953125;-0.1321258544921875;-0.0530548095703125;0.9906768798828124;-0.0018881811993196;0.0073162359185516;-0.0043212450109422
1768216490859626800;22.939626708984378;-0.134429931640625;-0.0529632568359375;0.9940948486328124;0.0014548848848789;0.0083386236801743;-0.0043137883767485
1768216490869627600;22.949627685546876;-0.1332550048828125;-0.055145263671875;0.9934844970703124;-0.0001376854343106;0.0065015750005841;-0.0052432315424084
1768216490879627800;22.959627685546874;-0.1336822509765625;-0.055328369140625;0.991363525390625;0.0003723099071066;0.0059463060460984;-0.0046906257048249
1768216490889629000;22.96962890625;-0.1343841552734375;-0.0548553466796875;0.991241455078125;-0.0005920206895098;0.006876281928271;-0.0031036478467285
1768216490899628800;22.97962890625;-0.131683349609375;-0.0552215576171875;0.992034912109375;-0.0032048479188233;0.0032309470698237;-0.0033065807074308
1768216490909629700;22.989629638671875;-0.12896728515625;-0.05474853515625;0.9944610595703124;-0.0032786175142973;0.0005281048361212;-0.0041263019666075
1768216490919630800;22.999630859375;-0.131072998046875;-0.0551605224609375;0.9921722412109376;-0.0036759611684828;0.0004319647268857;-0.0079777650535106
1768216490929630700;23.009630615234375;-0.133575439453125;-0.054107666015625;0.99139404296875;-0.0026149577461183;0.0014410364674404;-0.0072059812955558
1768216490939631600;23.019631591796873;-0.1340179443359375;-0.0545196533203125;0.989471435546875;-0.0017805894603952;0.0030498520936816;-0.0080182449892163
1768216490949632800;23.0296328125;-0.1334686279296875;-0.054046630859375;0.988189697265625;-0.0008367652189917;0.0046224487014114;-0.0065340655855834
1768216490959633000;23.0396328125;-0.1312255859375;-0.0527191162109375;0.989532470703125;0.0005680522299371;0.005421929527074;-0.0048397625796496
1768216490969633800;23.0496337890625;-0.1301116943359375;-0.0525360107421875;0.9929046630859376;0.0031694280914962;0.0058080879971385;-0.0024852619972079
1768216490979634000;23.059634033203125;-0.129638671875;-0.0550079345703125;0.9922943115234376;-0.0014034858904778;0.0036719664931297;-0.0030224213842302
1768216490989634800;23.069634765625;-0.1291046142578125;-0.0572509765625;0.9944305419921876;-0.002084988867864;0.0023853934835642;-0.0064347297884523
1768216490999634700;23.079634765625;-0.1323089599609375;-0.057098388671875;0.993316650390625;-0.0018216022290289;0.0037657096982002;-0.0089697930961847
1768216491009635600;23.08963549804687;-0.132049560546875;-0.056610107421875;0.9915313720703124;-0.0031683626584708;0.0041089910082519;-0.0076232985593378
1768216491019637000;23.099636962890624;-0.129974365234375;-0.0550384521484375;0.9898529052734376;-7.72316707298e-05;0.0056877131573855;-0.0075782909989356
1768216491029636900;23.109636962890622;-0.1305084228515625;-0.054046630859375;0.9907989501953124;-0.0002399508084636;0.0058642807416617;-0.0064443172886967
1768216491039637800;23.1196376953125;-0.1301116943359375;-0.0521392822265625;0.992279052734375;0.0018849853659048;0.0036426717415452;-0.0064698834903538
1768216491049638000;23.12963793945313;-0.131805419921875;-0.0521087646484375;0.99200439453125;0.0008375641773454;0.0054735951125621;-0.0049047437496483
1768216491059638800;23.139638671875;-0.133697509765625;-0.05218505859375;0.9927978515625;0.000431165768532;0.0018343853298574;-0.0050240531563758
1768216491069639700;23.1496396484375;-0.1338348388671875;-0.0529022216796875;0.99432373046875;-0.0021118866279721;0.0039294939488172;-0.0026831347495317
1768216491079639600;23.1596396484375;-0.1345672607421875;-0.0516357421875;0.9942626953125;-0.0012903015594929;0.0036860811524093;0.0001611212501302
1768216491089641000;23.169640869140625;-0.13092041015625;-0.0542144775390625;0.993499755859375;-0.0008223841432482;0.0043417513370513;-0.0013574132462963
1768216491099640800;23.179640869140623;-0.130126953125;-0.0555267333984375;0.9903411865234376;-0.0009347695158794;0.0099975066259503;-0.0023875238839536
1768216491109641700;23.189641845703125;-0.1313934326171875;-0.0545806884765625;0.986480712890625;-0.0005978796398267;0.0099623529240489;-0.0062949135899543
1768216491119642600;23.199642578125;-0.1315460205078125;-0.0561981201171875;0.985687255859375;-0.0009198558400385;0.0057979677803814;-0.0071465927176177
1768216491129642800;23.209642822265625;-0.131744384765625;-0.0557098388671875;0.987396240234375;-0.0025031049735844;0.0051849083974957;-0.0088070733472704
1768216491139643600;23.2196435546875;-0.132049560546875;-0.0545196533203125;0.989837646484375;-0.0020663465838879;0.0057811900041997;-0.006794789340347
1768216491149643800;23.229643798828125;-0.132080078125;-0.05450439453125;0.992950439453125;-0.0025632926262915;0.0063537694513797;-0.0045564020983874
1768216491159645000;23.23964501953125;-0.1340179443359375;-0.05255126953125;0.9968414306640624;0.0034863441251218;0.0114055201411247;-0.0017038905061781
1768216491169645800;23.249645751953125;-0.132415771484375;-0.05279541015625;0.9959564208984376;0.0025446503423154;0.011347196996212;-0.0006668555433861
1768216491179645700;23.259645751953126;-0.1280975341796875;-0.054931640625;0.9961090087890624;0.0037654433399438;0.0096198702231049;0.0017198694404214
1768216491189646800;23.269646728515625;-0.12481689453125;-0.0553131103515625;0.993133544921875;0.0020493024494498;0.0047944886609911;7.7231670729e-06
1768216491199646700;23.279646728515623;-0.1220703125;-0.0572357177734375;0.98974609375;-0.0018612833227962;-0.0030967236962169;-0.0019816581625491
1768216491209647600;23.289647705078124;-0.124053955078125;-0.05780029296875;0.9893035888671876;-0.0052536176517605;-0.0034139060880988;-0.002821619156748
1768216491219648800;23.299648681640623;-0.13006591796875;-0.0543212890625;0.99176025390625;-0.0049691922031342;-0.0052703958936035;-0.0035888757556676
1768216491229649000;23.30964892578125;-0.1340789794921875;-0.05401611328125;0.9941558837890624;-0.0029262814205139;-0.0038490667939186;-0.001856489572674
1768216491239649800;23.31964990234375;-0.1382598876953125;-0.053375244140625;0.992767333984375;-0.001489505986683;0.0001075917098205;-0.0028969866689294
1768216491249649700;23.329649658203124;-0.138763427734375;-0.05511474609375;0.9908294677734376;0.0006692523602396;-0.0003864246828015;-0.0046299053356051
1768216491259650800;23.33965087890625;-0.1352081298828125;-0.0543060302734375;0.9887847900390624;-0.0007347661303356;0.0022453111596405;-0.0012213257141411
1768216491269651700;23.349651611328124;-0.132080078125;-0.0516204833984375;0.9900360107421876;0.0023270701058208;0.0018655443564057;-0.0016397082945331
1768216491279651800;23.35965185546875;-0.1309356689453125;-0.054412841796875;0.9894866943359376;-2.63652946159e-05;0.0016136092599481;-0.0038016624748706
1768216491289652700;23.36965283203125;-0.130859375;-0.05389404296875;0.989532470703125;0.0011238539591431;0.0041172471828758;-0.0040032635442912
1768216491299652900;23.37965283203125;-0.13214111328125;-0.0550079345703125;0.9890289306640624;-0.0015939018921926;0.0041252365335822;-0.0046560047194361
1768216491309653800;23.38965380859375;-0.1297149658203125;-0.055267333984375;0.9888916015625;-0.0016226640436798;0.0047817057929933;-0.0045846318826079
1768216491319654700;23.399654541015625;-0.12957763671875;-0.05364990234375;0.991119384765625;-0.0039228363893926;0.0023403859231621;-0.0036895433440804
1768216491329654800;23.40965478515625;-0.1312713623046875;-0.05389404296875;0.9908447265625;-0.0047438889741897;0.0047976844944059;-0.0053018210455775
1768216491339656000;23.419656005859373;-0.1306610107421875;-0.05291748046875;0.9911956787109376;-0.0023803333751857;0.0043862261809408;-0.0028863339684903
1768216491349655800;23.42965576171875;-0.133087158203125;-0.051239013671875;0.9932403564453124;0.0019012306584045;0.008413191884756;-0.000941960082855
1768216491359656700;23.43965673828125;-0.133056640625;-0.05157470703125;0.9920501708984376;0.002577407285571;0.0097972368821501;0.0026306705549359
1768216491369657900;23.449657958984375;-0.1288299560546875;-0.0540771484375;0.9915008544921876;0.0010042780777439;0.0069628343917429;-0.0002141181466868
1768216491379657700;23.45965771484375;-0.1287841796875;-0.057037353515625;0.9900054931640624;-0.0003637878107838;0.0072517874650657;-0.0041353562846779
1768216491389659000;23.469658935546875;-0.1300811767578125;-0.0570220947265625;0.9896087646484376;0.0005986785981804;0.0057007623836398;-0.0041518681682646
1768216491399659000;23.479658935546876;-0.12890625;-0.056732177734375;0.990753173828125;-5.40621695108e-05;0.00046392265358;-0.0035510589368641
1768216491409660000;23.489659912109374;-0.1297607421875;-0.0557708740234375;0.9913330078125;-0.0021076255943626;-0.0029009813442826;-0.0043257726356387
1768216491419660800;23.499660888671876;-0.133056640625;-0.0539703369140625;0.9921722412109376;-0.004489024169743;-0.0033718282356858;-0.0034447987563908
1768216491429660700;23.50966064453125;-0.1348114013671875;-0.05328369140625;0.992218017578125;-0.0049763829447329;-0.0001949433935806;-0.0036376116331666
1768216491439661800;23.519661865234376;-0.13507080078125;-0.053680419921875;0.991363525390625;-0.0010415622964501;0.0065377941355109;-0.005487177055329
1768216491449662000;23.529661865234377;-0.1341400146484375;-0.0552215576171875;0.991302490234375;-0.000582699663937;0.0057031596079468;-0.0077908113598823
1768216491459662800;23.539662841796876;-0.13250732421875;-0.0552978515625;0.9908294677734376;0.0023667511995881;0.0053620086982846;-0.0075284899212419
1768216491469663700;23.549663818359377;-0.133209228515625;-0.0549774169921875;0.9901580810546876;0.0024181501939892;0.0071519189514219;-0.0065684206783771
1768216491479663900;23.559663818359375;-0.1328887939453125;-0.054656982421875;0.9920196533203124;0.0029992519412189;0.0031675638165324;-0.0034282873384654
1768216491489664800;23.569664794921874;-0.129608154296875;-0.0572967529296875;0.990875244140625;-0.0004703142330981;0.0050586746074259;-0.0033425334841012
1768216491499665000;23.579664794921875;-0.132781982421875;-0.0566253662109375;0.991943359375;-0.0026884609833359;0.0067961206659674;-0.0037476003635674
1768216491509666000;23.589666015625;-0.1315460205078125;-0.054412841796875;0.9918670654296876;-0.0028439897578209;0.0062951799482107;-0.0080771008506417
1768216491519667000;23.5996669921875;-0.1330108642578125;-0.053924560546875;0.9925994873046876;-0.0029987194575369;0.0046589341945946;-0.0088257156312465
1768216491529666800;23.609666748046877;-0.1321563720703125;-0.0555572509765625;0.99053955078125;-0.0033273533917963;-0.0009938917355611;-0.00636229198426
1768216491539668000;23.61966796875;-0.1310577392578125;-0.0546722412109375;0.9916839599609376;-0.0018514295807108;-0.0013233247445896;-0.0037172401789575
1768216491549667800;23.629667724609376;-0.1326446533203125;-0.0535736083984375;0.994720458984375;0.0007850998663343;-0.000572579621803;-0.0026730147656053
1768216491559668700;23.639668701171875;-0.1335296630859375;-0.0548248291015625;0.9926910400390624;0.0013478258624672;0.0062208781018853;-3.62189894076e-05
1768216491569670000;23.649669921875;-0.131195068359375;-0.0530242919921875;0.9918365478515624;0.0006348976166918;0.0099612874910235;-0.001792041119188
1768216491579670000;23.659669921875;-0.1299285888671875;-0.0540008544921875;0.9879913330078124;-0.0017062872648239;0.008804677054286;-0.0060347230173647
1768216491589671000;23.6696708984375;-0.1280517578125;-0.055084228515625;0.9870147705078124;0.0003121224872302;0.007243531756103;-0.0088374335318803
1768216491599670800;23.6796708984375;-0.12908935546875;-0.0547637939453125;0.98956298828125;-0.0026988473255187;0.0030767500866204;-0.0095905754715204
1768216491609672000;23.689671875;-0.13153076171875;-0.0558013916015625;0.9922332763671876;-0.0024562333710491;0.0011797803454101;-0.006065615452826
1768216491619672800;23.6996728515625;-0.1345672607421875;-0.0548553466796875;0.99456787109375;-0.0012341088149696;0.0048088701441884;-0.0037918086163699
1768216491629672700;23.709672607421876;-0.1346893310546875;-0.0557098388671875;0.9932861328125;-0.0007118629291653;0.0095807220786809;-0.0007488809060305
1768216491639673900;23.719673828125;-0.131805419921875;-0.0549774169921875;0.9916229248046876;-0.0024381240364164;0.0070461914874613;-0.0004063983797095
1768216491649674000;23.729674072265624;-0.1279754638671875;-0.054840087890625;0.990203857421875;-0.0025915219448506;0.0061686797998845;-0.0011145329335704
1768216491659675000;23.7396748046875;-0.12884521484375;-0.0518341064453125;0.990142822265625;-0.000630370224826;0.0066403257660567;-0.0028655612841248
1768216491669674800;23.7496748046875;-0.129791259765625;-0.052734375;0.98992919921875;0.0013861752813681;0.0061718756332993;-0.0018048242200165
1768216491679676000;23.759676025390625;-0.13079833984375;-0.0548553466796875;0.9916839599609376;0.0008194546680897;0.00534043693915;-0.0031776838004589
1768216491689676800;23.7696767578125;-0.1332244873046875;-0.053863525390625;0.991668701171875;0.0055297878570854;0.022726884111762;-0.0043950146064162
1768216491699676700;23.7796767578125;-0.1289520263671875;-0.0596160888671875;0.99114990234375;-0.0041705104522407;0.0035936695057898;-0.0048437574878335
1768216491709677800;23.789677734375;-0.12469482421875;-0.0572509765625;0.9935150146484376;-0.0052107409574091;0.0043569314293563;-0.0061274007894098
1768216491719678000;23.799677978515625;-0.1328582763671875;-0.05316162109375;0.99237060546875;-0.0034234935883432;0.0054360441863536;-0.0060315271839499
1768216491729678800;23.809678955078127;-0.1314849853515625;-0.0527801513671875;0.9921417236328124;-0.0014631407102569;0.0060357884503901;-0.0061420481652021
1768216491739679700;23.8196796875;-0.1320037841796875;-0.05340576171875;0.991546630859375;-0.0002980077115353;0.0059740031138062;-0.0030652983114123
1768216491749679900;23.829679931640623;-0.1319580078125;-0.05438232421875;0.993408203125;6.391586794e-06;0.0048962216824293;-0.0023209447972476
1768216491759680800;23.8396806640625;-0.131866455078125;-0.0548095703125;0.9923858642578124;-0.0017238641157746;0.0064280717633664;-0.0005185174522921
1768216491769680600;23.8496806640625;-0.130767822265625;-0.0532379150390625;0.991058349609375;-0.000769120932091;0.011094463057816;-0.0033241575583815
1768216491779682000;23.85968212890625;-0.12945556640625;-0.05474853515625;0.99017333984375;-0.0029686256311833;0.0054237940348684;-0.0035457327030599
1768216491789683000;23.86968286132813;-0.12823486328125;-0.054473876953125;0.9907989501953124;-0.002584597794339;0.0029782131314277;-0.0090169310569763
1768216491799682800;23.879682861328124;-0.13262939453125;-0.054229736328125;0.9918212890625;-0.0021289309952408;0.0047497479245066;-0.0075726984068751
1768216491809683700;23.88968359375;-0.1323699951171875;-0.054595947265625;0.99102783203125;-0.0038250982761383;0.0034778220579028;-0.0081316959112882
1768216491819683800;23.899683837890624;-0.1324005126953125;-0.0547027587890625;0.992156982421875;-0.0036144421901553;0.0050496198236942;-0.0094931041821837
1768216491829684700;23.90968481445313;-0.131134033203125;-0.0555267333984375;0.989898681640625;-0.0032485239207744;0.003165166825056;-0.0093144057318568
1768216491839686000;23.919685791015624;-0.132110595703125;-0.05352783203125;0.9904632568359376;-0.0018695390317589;0.0017848504940047;-0.0086302394047379
1768216491849686000;23.92968603515625;-0.131591796875;-0.05584716796875;0.99334716796875;-0.001449025934562;-0.0014788532862439;-0.0062613580375909
1768216491859687000;23.93968701171875;-0.1328125;-0.0566558837890625;0.993133544921875;-0.002469282830134;-0.0001331580569967;-0.0025537051260471
1768216491869686800;23.949686767578125;-0.131195068359375;-0.0546722412109375;0.99273681640625;-0.0003185140667483;-0.0010575412306934;-0.005446430761367
1768216491879687700;23.959687744140624;-0.128326416015625;-0.05474853515625;0.9915618896484376;0.0001147822404163;0.0019848539959639;-0.0078198397532105
1768216491889689000;23.969689208984377;-0.127349853515625;-0.0554046630859375;0.9908905029296876;-0.0007811051327735;-0.0027068369090557;-0.0085008097812533
1768216491899689000;23.97968896484375;-0.1294403076171875;-0.0542449951171875;0.99212646484375;-0.0011624698527157;-0.0052498895674943;-0.011608718894422
1768216491909689900;23.98968994140625;-0.1319580078125;-0.0540924072265625;0.992767333984375;-0.0001241033023688;-0.0043143210932612;-0.0101019022986292
1768216491919690000;23.99968994140625;-0.1346588134765625;-0.05389404296875;0.9952545166015624;0.0013861752813681;-0.0019358517602086;-0.0048496164381504
1768216491929691000;24.00969091796875;-0.13323974609375;-0.0536651611328125;0.99444580078125;-0.0005696501466445;-0.0040602553635835;-0.0015113438712432
1768216491939691800;24.01969189453125;-0.1310882568359375;-0.054840087890625;0.9926300048828124;-0.0026953853666782;-0.0019896477460861;-0.0021438447292894
1768216491949691600;24.029691650390625;-0.1317291259765625;-0.0546875;0.992919921875;-0.0021563614718616;-0.0006378270918503;-0.0026596989482641
1768216491959693000;24.039693115234375;-0.12945556640625;-0.054534912109375;0.990509033203125;-0.0015832493081688;-0.0019893813878297;-0.0026716832071542
1768216491969693000;24.04969287109375;-0.12847900390625;-0.053131103515625;0.9891204833984376;0.0015430354978889;0.001089232857339;-0.0032266860362142
1768216491979693800;24.05969384765625;-0.1302032470703125;-0.0515594482421875;0.9888916015625;0.0021662150975316;0.0036695697344839;-0.0030418625101447
1768216491989694700;24.06969482421875;-0.1308746337890625;-0.0521240234375;0.989837646484375;0.0013435647124424;0.0083253076300024;-0.0030764837283641
1768216491999694800;24.07969482421875;-0.1310577392578125;-0.0543365478515625;0.99102783203125;0.0014357101172208;0.002697782125324;-0.0030509172938764
1768216492009695700;24.08969580078125;-0.1319427490234375;-0.054931640625;0.990234375;-0.0039966059848666;0.0029169602785259;-0.0042924829758703
1768216492019695900;24.09969580078125;-0.1296234130859375;-0.0556488037109375;0.990966796875;-0.0015701997326686;-0.0002095907693728;-0.0046352320350706
1768216492029697000;24.109697021484376;-0.1313934326171875;-0.0570220947265625;0.9947662353515624;-0.0015084143960848;-0.0041278996504843;-0.0036000611726194
1768216492039698000;24.11969799804687;-0.1318359375;-0.058624267578125;0.993621826171875;-0.0014207963831722;-0.0059553608298301;-0.0027651600539684
1768216492049697800;24.12969775390625;-0.1277618408203125;-0.059295654296875;0.995635986328125;-0.0030320088844746;-0.005527124274522;-0.0026871294248849
1768216492059699000;24.139698974609377;-0.1276397705078125;-0.059722900390625;0.9915771484375;-0.0036173716653138;-0.0077226343564689;-0.0032381375785917
1768216492069698800;24.14969873046875;-0.1291046142578125;-0.057220458984375;0.988525390625;-0.0035100462846457;-0.0059210062026977;-0.0007478156476281
1768216492079699700;24.15969970703125;-0.132049560546875;-0.055511474609375;0.990081787109375;-0.0043931505642831;-0.0068752164952456;0.0016498282784596
1768216492089700900;24.169700927734375;-0.1355743408203125;-0.05279541015625;0.9913787841796876;-0.0018189389957115;-0.0042746397666633;0.0035023230593651
1768216492099701000;24.179700927734373;-0.1357574462890625;-0.0522308349609375;0.993194580078125;-0.0003331614425405;-0.0048195226117968;0.0011584750609472
1768216492109702000;24.189701904296875;-0.138275146484375;-0.0529022216796875;0.991943359375;-0.0005645901546813;-0.0060935788787901;0.0020892499014735
1768216492119701800;24.19970166015625;-0.1373748779296875;-0.0517425537109375;0.9898834228515624;-0.0018556906143203;-0.0060959756374359;0.0009787116432562
1768216492129703000;24.209702880859375;-0.1346282958984375;-0.0549163818359375;0.9869232177734376;0.0002551308425609;-0.0101865911856293;-0.0007022755453363
1768216492139703800;24.219703857421877;-0.1337738037109375;-0.0556793212890625;0.9899444580078124;-0.0029859361238777;-0.013014867901802;-0.0008929579053074
1768216492149703700;24.22970361328125;-0.131866455078125;-0.0560760498046875;0.9906463623046876;-0.0020836573094129;-0.0116579877212643;-0.0038149782922118
1768216492159704800;24.239704833984376;-0.1331329345703125;-0.0546112060546875;0.9903411865234376;-0.0053593451157212;-0.0089383674785494;-0.0024559672456234
1768216492169705000;24.249705078125;-0.1320953369140625;-0.055328369140625;0.9893646240234376;-0.0055356468074023;-0.0078893480822443;-0.0030847394373267
1768216492179705900;24.259705810546876;-0.132965087890625;-0.054473876953125;0.991363525390625;-0.005182777531445;-0.0105349328368902;-0.0033971283119171
1768216492189706800;24.269706787109374;-0.132965087890625;-0.054443359375;0.991851806640625;-0.0030754182953387;-0.0097769973799586;-0.0021361215040087
1768216492199707000;24.279706787109376;-0.1316070556640625;-0.052001953125;0.9927825927734376;-0.0032019184436649;-0.0113458652049303;-0.0004175836511421
1768216492209707800;24.28970776367187;-0.130340576171875;-0.0543365478515625;0.993438720703125;-0.0034045851789414;-0.0119229722768068;0.0005795038305222
1768216492219708000;24.2997080078125;-0.131927490234375;-0.05377197265625;0.9931488037109376;-0.0001736380945658;-0.0093921702355146;-0.0003257046046201
1768216492229708800;24.309708740234377;-0.13128662109375;-0.054473876953125;0.9914398193359376;-0.0011717908782884;-0.0083865607157349;-0.0022264027502387
1768216492239710000;24.3197099609375;-0.1304473876953125;-0.0547943115234375;0.990478515625;-0.0016029566759243;-0.008699482306838;-0.0019172097090631
1768216492249709800;24.329709716796874;-0.13018798828125;-0.0543670654296875;0.9922637939453124;-0.0011595403775572;-0.0090430295094847;-0.001562210265547
1768216492259710700;24.339710693359375;-0.130889892578125;-0.0544281005859375;0.99267578125;-0.0028692898340523;-0.0089767174795269;-0.0037894118577241
1768216492269710800;24.3497109375;-0.1329193115234375;-0.0556488037109375;0.9920806884765624;-0.0026407905388623;-0.0073314160108566;-0.003712979145348
1768216492279712000;24.3597119140625;-0.1331634521484375;-0.055816650390625;0.9915618896484376;-0.0037819549906998;-0.0071330107748508;-0.0046876962296664
1768216492289711900;24.3697119140625;-0.1347198486328125;-0.053924560546875;0.991241455078125;-0.0028567728586494;-0.0068006482906639;-0.0047912932932376
1768216492299713000;24.379713134765623;-0.1355438232421875;-0.0527191162109375;0.990020751953125;-0.0021446435712277;-0.0102513059973716;-0.0033300165086984
1768216492309714000;24.3897138671875;-0.13323974609375;-0.0540618896484375;0.9883880615234376;-0.0029353362042456;-0.0173457004129886;-0.0059684100560843
1768216492319713800;24.3997138671875;-0.13525390625;-0.0553131103515625;0.9931793212890624;-0.0031430625822395;-0.0215468369424343;-0.0055572181008756
1768216492329714700;24.409714599609377;-0.1390533447265625;-0.0538482666015625;0.9934539794921876;-0.0027044401504099;-0.0238701794296503;-0.0002876213984563
1768216492339715800;24.4197158203125;-0.137420654296875;-0.0559234619140625;0.993011474609375;-0.0055393748916685;-0.0257216077297925;0.0011371697764843
1768216492349716000;24.429716064453125;-0.13671875;-0.0557708740234375;0.99420166015625;-0.0080273002386093;-0.0261266753077507;0.0020985708106309
1768216492359716600;24.439716552734374;-0.136444091796875;-0.0537261962890625;0.9942474365234376;-0.0093548856675624;-0.0276563949882984;0.0016253271605819
1768216492369716700;24.449716796875;-0.137847900390625;-0.0519561767578125;0.9912261962890624;-0.008436094969511;-0.0289608109742403;0.000250603450695
1768216492379717600;24.45971752929687;-0.13922119140625;-0.0528411865234375;0.9892425537109376;-0.0102177504450082;-0.0279746428132057;-0.0030487868934869
1768216492389717500;24.469717529296876;-0.1393890380859375;-0.053009033203125;0.9881591796875;-0.011968245729804;-0.0329270586371421;-0.0064629591070115
1768216492399718400;24.479718505859378;-0.1356048583984375;-0.05743408203125;0.9884033203125;-0.011952000670135;-0.0396675169467926;-0.0108920624479651
1768216492409719800;24.4897197265625;-0.1347198486328125;-0.0604095458984375;0.9873504638671876;-0.0127520142123103;-0.0476383604109287;-0.0118936775252223
1768216492419719700;24.4997197265625;-0.1331634521484375;-0.0597991943359375;0.9884185791015624;-0.0156476683914661;-0.0578342713415622;-0.0112020540982484
1768216492429720600;24.509720458984376;-0.13311767578125;-0.058868408203125;0.9903564453125;-0.0166687257587909;-0.0667137801647186;-0.0081607243046164
1768216492439720700;24.519720703125;-0.1355133056640625;-0.0562286376953125;0.9926910400390624;-0.0181491766124963;-0.0743517279624939;-0.0077806916087865
1768216492449721600;24.5297216796875;-0.135101318359375;-0.0544891357421875;0.992340087890625;-0.0180423837155103;-0.0799824520945549;-0.0136763975024223
1768216492459722500;24.539722412109377;-0.1347808837890625;-0.0525665283203125;0.992523193359375;-0.0200056657195091;-0.0809592977166175;-0.0179462432861328
1768216492469722600;24.54972265625;-0.1338958740234375;-0.052001953125;0.99188232421875;-0.0226664301007986;-0.0769539028406143;-0.0219806656241416
1768216492479723800;24.559723876953125;-0.133758544921875;-0.0558929443359375;0.989013671875;-0.0261889938265085;-0.0877535566687583;-0.0208730567246675
1768216492489723600;24.5697236328125;-0.13861083984375;-0.05712890625;0.9898223876953124;-0.0279144551604986;-0.0822394788265228;-0.0213822536170482
1768216492499724500;24.579724609375;-0.14105224609375;-0.0562591552734375;0.9910888671875;-0.0279221776872873;-0.0854632332921028;-0.0115868812426924
1768216492509725700;24.5897255859375;-0.1447601318359375;-0.05413818359375;0.994171142578125;-0.0221503097563982;-0.0839444324374198;0.0013116068439558
1768216492519725600;24.5997255859375;-0.148834228515625;-0.0533447265625;0.9944305419921876;-0.0188229568302631;-0.0797755196690559;0.0157030634582042
1768216492529726500;24.6097265625;-0.1469879150390625;-0.0565032958984375;0.9971466064453124;-0.0213439036160707;-0.0876217260956764;0.0251514259725809
1768216492539726600;24.6197265625;-0.1484222412109375;-0.0534820556640625;0.9977569580078124;-0.0208176635205745;-0.0805108249187469;0.0299110263586044
1768216492549727700;24.629727783203126;-0.1441650390625;-0.049285888671875;0.994903564453125;-0.0226842742413282;-0.0856986567378044;0.0199204441159963
1768216492559728600;24.639728759765624;-0.135498046875;-0.0474853515625;0.992218017578125;-0.0248302482068538;-0.086549274623394;0.0106148272752761
1768216492569728500;24.649728515625;-0.1369781494140625;-0.048797607421875;0.986602783203125;-0.0285613369196653;-0.0879642069339752;0.0004932174342684
1768216492579729700;24.659729736328124;-0.1406402587890625;-0.0477752685546875;0.986572265625;-0.0284798443317413;-0.0852610990405082;-0.0037827540654689
1768216492589729500;24.6697294921875;-0.1460113525390625;-0.04937744140625;0.979736328125;-0.0297456458210945;-0.0873562097549438;-0.0116689065471291
1768216492599730400;24.67973046875;-0.14959716796875;-0.046478271484375;0.9779815673828124;-0.0236989371478557;-0.0857114419341087;-0.0119040636345744
1768216492609731600;24.68973168945313;-0.1676177978515625;-0.046722412109375;0.9843597412109376;-0.0172026883810758;-0.0744156464934349;0.0007384945638477
1768216492619731700;24.699731689453124;-0.17181396484375;-0.0440673828125;0.9837646484375;-0.0121333617717027;-0.0547561906278133;0.0092310486361384
1768216492629732600;24.709732666015626;-0.1619720458984375;-0.048614501953125;0.982177734375;-0.0106624979525804;-0.0404659323394298;0.0069641661830246
1768216492639732500;24.719732421875;-0.1591644287109375;-0.0552520751953125;0.985198974609375;-0.0146561739966273;-0.0338359922170639;-0.001325188903138
1768216492649733600;24.729733642578125;-0.1591033935546875;-0.057098388671875;0.9832000732421876;-0.0183174889534711;-0.0389812216162681;-0.0051284492947161
1768216492659734500;24.739734619140624;-0.162078857421875;-0.0547332763671875;0.984649658203125;-0.0193523932248353;-0.0448558889329433;-0.0066517773084342
1768216492669734700;24.749734619140625;-0.16925048828125;-0.05194091796875;0.9913177490234376;-0.0187641009688377;-0.0485323816537857;-0.0040373522788286
1768216492679735600;24.759735595703123;-0.1646575927734375;-0.0470428466796875;0.9974822998046876;-0.0166980195790529;-0.058713648468256;-0.0022216090001165
1768216492689735700;24.769735595703125;-0.1662139892578125;-0.043975830078125;0.997711181640625;-0.0144660249352455;-0.0554155893623828;0.0002018676022998
1768216492699736600;24.779736572265627;-0.164703369140625;-0.047088623046875;0.9886932373046876;-0.016252739354968;-0.0507721006870269;-0.008673382923007
1768216492709737500;24.789737548828125;-0.159271240234375;-0.0488739013671875;0.9828643798828124;-0.0178256016224622;-0.0491041615605354;-0.0116699719801545
1768216492719737600;24.799737548828126;-0.163726806640625;-0.0475006103515625;0.9819488525390624;-0.0165864340960979;-0.0474620573222637;-0.0098763331770896
1768216492729738800;24.80973876953125;-0.164520263671875;-0.0459442138671875;0.984466552734375;-0.0157536622136831;-0.0445419028401374;-0.004848551005125
1768216492739738600;24.819738525390623;-0.1715087890625;-0.047393798828125;0.9859466552734376;-0.01316240709275;-0.0372903794050216;0.0002852245524991
1768216492749739500;24.829739501953124;-0.1663055419921875;-0.0488433837890625;0.9868927001953124;-0.0119048627093434;-0.0251785907894372;-0.0021827267482876
1768216492759740700;24.83974072265625;-0.1692962646484375;-0.0481719970703125;0.985626220703125;-0.0117365503683686;-0.0133413719013333;-0.0032029838766902
1768216492769740500;24.849740478515624;-0.1669921875;-0.0463714599609375;0.9839019775390624;-0.0133909061551094;-0.0126918265596032;-0.009360478259623
1768216492779741400;24.85974145507813;-0.16546630859375;-0.043548583984375;0.980499267578125;-0.0193566530942916;-0.0125203188508749;-0.0107048423960804
1768216492789741600;24.869741455078124;-0.1673583984375;-0.04150390625;0.9846649169921876;-0.017747838050127;-0.0206655971705913;-0.013212208636105
1768216492799742700;24.87974267578125;-0.16522216796875;-0.04290771484375;0.9911041259765624;-0.0190040506422519;-0.0274593215435743;-0.0115293571725487
1768216492809743600;24.88974365234375;-0.172760009765625;-0.0449371337890625;0.99151611328125;-0.0177406482398509;-0.0201034042984247;-0.0080302292481064
1768216492819743700;24.89974365234375;-0.1753387451171875;-0.045806884765625;0.98974609375;-0.0174040235579013;-0.0080206422135233;-0.0025545042008161
1768216492829744600;24.90974462890625;-0.172576904296875;-0.0432586669921875;0.98687744140625;-0.0173169393092393;-0.0009736517095007;-0.0011984225129708
1768216492839744500;24.91974462890625;-0.1605987548828125;-0.0418243408203125;0.9880523681640624;-0.0143195511773228;-0.008772718720138;-0.001963814953342
1768216492849745400;24.929745361328123;-0.161468505859375;-0.04315185546875;0.9861602783203124;-0.0153177035972476;-0.0122516062110662;-0.0038868836127221
1768216492859746800;24.939746826171874;-0.1645050048828125;-0.043212890625;0.9835205078125;-0.0130308475345373;-0.0146654956042766;-0.0057156761176884
1768216492869746700;24.94974658203125;-0.162628173828125;-0.043212890625;0.988677978515625;-0.0130928987637162;-0.0159797649830579;-0.0062190135940909
1768216492879747600;24.95974755859375;-0.1693267822265625;-0.0457763671875;0.988128662109375;-0.0110736899077892;-0.0104896584525704;-0.0031696942169219
1768216492889747700;24.969747802734375;-0.1719207763671875;-0.0467071533203125;0.9886016845703124;-0.0133277894929051;0.0013691311469301;0.0005784385721199
1768216492899748600;24.97974853515625;-0.16876220703125;-0.0501556396484375;0.9879150390625;-0.0121618574485182;0.010561297647655;0.003760915948078
1768216492909748500;24.98974853515625;-0.162261962890625;-0.051239013671875;0.98931884765625;-0.0088361017405986;0.0175795257091522;0.0060629523359239
1768216492919749400;24.999749267578125;-0.16058349609375;-0.051116943359375;0.987457275390625;-0.0071740234270691;0.0192168373614549;0.0114891435950994
1768216492929750800;25.009750732421875;-0.1583404541015625;-0.0536041259765625;0.987823486328125;-0.0045329662971198;0.0206693261861801;0.0170463621616363
1768216492939750700;25.019750732421876;-0.16046142578125;-0.051788330078125;0.9876251220703124;-0.0044962149113416;0.0202048700302839;0.0238755047321319
1768216492949751600;25.02975146484375;-0.1614227294921875;-0.0509490966796875;0.9883575439453124;-0.0024229439441114;0.0199380218982696;0.0212712008506059
1768216492959751700;25.039751708984376;-0.163848876953125;-0.04864501953125;0.988800048828125;0.0002623213513288;0.0229982603341341;0.0205268468707799
1768216492969752600;25.04975268554687;-0.1638031005859375;-0.0468902587890625;0.98602294921875;-0.000303866690956;0.0213564205914735;0.0156205045059323
1768216492979753500;25.05975341796875;-0.1611480712890625;-0.04510498046875;0.986053466796875;-0.0022743395529687;0.0171222612261772;0.0089221224188804
1768216492989753600;25.069753662109378;-0.16253662109375;-0.04656982421875;0.984222412109375;-0.0052360408008098;0.0115389442071318;0.0014945659786462
1768216492999754800;25.079754638671876;-0.1625823974609375;-0.0455474853515625;0.9844970703125;-0.0081623224541544;0.0082155857235193;-0.0046629286371171
1768216493009754600;25.089754638671874;-0.165679931640625;-0.0440521240234375;0.98736572265625;-0.0039294939488172;0.0090576773509383;-0.0105304047465324
1768216493019755500;25.099755615234375;-0.1683197021484375;-0.0426177978515625;0.987640380859375;-0.0037784930318593;0.0100848581641912;-0.0117352195084095
1768216493029756700;25.109756591796874;-0.1697235107421875;-0.0462799072265625;0.98779296875;-0.0030972564127296;0.0099152149632573;-0.0167693924158811
1768216493039756500;25.119756591796875;-0.168731689453125;-0.0488739013671875;0.9847564697265624;-0.004561994690448;0.0078893480822443;-0.0192658398300409
1768216493049757700;25.1297578125;-0.170654296875;-0.0459442138671875;0.9860687255859376;-0.0044517400674521;0.0115211009979248;-0.0120635870844125
1768216493059757800;25.1397578125;-0.1704254150390625;-0.0389556884765625;0.988067626953125;-0.0038216360844671;0.0131727932021021;-0.003810983384028
1768216493069758700;25.1497587890625;-0.1667327880859375;-0.037994384765625;0.9886932373046876;-0.0014333132421597;0.014069746248424;0.0002828277065418
1768216493079759600;25.159759521484375;-0.1638336181640625;-0.0375213623046875;0.987701416015625;-0.0023795343004167;0.0088403634727001;0.0046741138212382
1768216493089759500;25.169759521484377;-0.1591033935546875;-0.047607421875;0.9862060546875;-0.0044562672264873;0.0045185852795839;-0.0060613546520471
1768216493099760600;25.1797607421875;-0.1602630615234375;-0.0459747314453125;0.982086181640625;-0.0016551546286791;0.011837750673294;-0.0159677807241678
1768216493109760500;25.189760498046876;-0.1611175537109375;-0.046356201171875;0.9824981689453124;0.0013755226973444;0.0135419080033898;-0.0168373025953769
1768216493119761700;25.19976171875;-0.1568756103515625;-0.0468902587890625;0.983245849609375;0.0030272151343524;0.0155738992616534;-0.0122175179421901
1768216493129762600;25.209762451171876;-0.15850830078125;-0.0407867431640625;0.9884033203125;0.0049303099513053;0.015763783827424;-0.0156668443232774
1768216493139762700;25.2197626953125;-0.162811279296875;-0.041656494140625;0.9897613525390624;0.0072416677139699;0.0323528796434402;-0.0167033467441797
1768216493149763600;25.229763671875;-0.161041259765625;-0.0403594970703125;0.9915008544921876;0.0052245892584323;0.0255706068128347;-0.014870292507112
1768216493159763500;25.239763427734378;-0.15533447265625;-0.0366058349609375;0.99566650390625;0.0103370593860745;0.0302971862256526;-0.012795690447092
1768216493169764600;25.2497646484375;-0.16448974609375;-0.040496826171875;0.9891204833984376;0.0150798829272389;0.0438446849584579;-0.0122010065242648
1768216493179765800;25.259765869140622;-0.158721923828125;-0.0424957275390625;0.989532470703125;0.0173038896173238;0.0394552648067474;-0.0106193544343113
1768216493189765600;25.269765625;-0.1514739990234375;-0.045684814453125;0.9876556396484376;0.0161528699100017;0.0290481634438037;-0.0118912803009152
1768216493199766500;25.2797666015625;-0.1551666259765625;-0.047760009765625;0.9885101318359376;0.0172807201743125;0.0257775355130434;-0.0078126490116119
1768216493209766700;25.2897666015625;-0.156494140625;-0.0504913330078125;0.9849853515625;0.0095263933762907;0.0248595438897609;-0.0069878683425486
1768216493219767600;25.299767578125;-0.155670166015625;-0.049407958984375;0.9882965087890624;0.0063079632818698;0.0233101155608892;-0.0070754862390458
1768216493229768400;25.3097685546875;-0.1564483642578125;-0.0493316650390625;0.9882049560546876;0.001252484624274;0.0223082341253757;-0.0070800138637423
1768216493239768600;25.3197685546875;-0.159942626953125;-0.0461578369140625;0.989654541015625;0.0012721919920295;0.0245261155068874;-0.0055614793673157
1768216493249769700;25.329769775390623;-0.161712646484375;-0.045166015625;0.990264892578125;-0.0006767092272639;0.0241559352725744;-0.0011853729374706
1768216493259769600;25.33976953125;-0.1590728759765625;-0.04443359375;0.9867401123046876;-0.0023094932548701;0.0219649542123079;-0.0014199974248185
1768216493269770500;25.3497705078125;-0.161376953125;-0.0455322265625;0.9876861572265624;0.0011704593198373;0.0258646197617054;-0.0014213290996849
1768216493279771600;25.359771728515625;-0.161468505859375;-0.0465545654296875;0.9879150390625;0.0047494815662503;0.023026755079627;-0.0053207296878099
1768216493289771500;25.369771484375;-0.1572265625;-0.049957275390625;0.986083984375;0.0039468049071729;0.0182072333991527;-0.0074746944010257
1768216493299772400;25.3797724609375;-0.1588134765625;-0.049957275390625;0.9873809814453124;0.0075631109066307;0.0170982927083969;-0.0065854648128151
1768216493309772500;25.3897724609375;-0.1592254638671875;-0.04730224609375;0.988311767578125;0.0083348955959081;0.0131554827094078;-0.005675462540239
1768216493319773700;25.399773681640625;-0.15887451171875;-0.0487213134765625;0.9849090576171876;0.0077284933067858;0.0129663981497287;-0.007710117381066
1768216493329774600;25.409774658203126;-0.1606597900390625;-0.050750732421875;0.9869842529296876;0.0048328381963074;0.0111357420682907;-0.0077788271009922
1768216493339774700;25.419774658203124;-0.161468505859375;-0.0501251220703125;0.9886627197265624;0.0036581179592758;0.0096228001639246;-0.0072789518162608
1768216493349775600;25.429775634765623;-0.1609649658203125;-0.0510406494140625;0.9874267578125;0.0003326288133393;0.0100659495219588;-0.0068192901089787
1768216493359775500;25.439775390625;-0.1600189208984375;-0.0518951416015625;0.9864959716796876;-0.0042464104481041;0.0132135404273867;-0.0058024954050779
1768216493369776400;25.4497763671875;-0.1563568115234375;-0.0487823486328125;0.98736572265625;-0.0073034530505537;0.0169771183282136;-0.0084392912685871
1768216493379777800;25.45977783203125;-0.1560516357421875;-0.0474853515625;0.9860687255859376;-0.0022623552940785;0.0195766314864158;-0.0089657977223396
1768216493389777700;25.469777587890626;-0.15936279296875;-0.0473175048828125;0.9846954345703124;-0.0001877528557088;0.017478859052062;-0.0063841296359896
1768216493399778600;25.479778564453124;-0.1574554443359375;-0.0489654541015625;0.9875335693359376;-0.0008796420879662;0.0118992701172828;-0.0025598304346203
1768216493409778700;25.48977880859375;-0.1584014892578125;-0.0489349365234375;0.9889678955078124;-0.0019166769925504;0.0125450864434242;0.0014181332662701
1768216493419779600;25.499779541015624;-0.159393310546875;-0.0465240478515625;0.99163818359375;-0.0012729909503832;0.0143871949985623;0.0014580807182937
1768216493429780500;25.509780517578125;-0.1591796875;-0.045989990234375;0.9912261962890624;0.0001488707057433;0.0180956460535526;-0.0011161308502778
1768216493439780600;25.519780517578123;-0.1573944091796875;-0.0462188720703125;0.9861907958984376;-0.0022375879343599;0.0200413521379232;-0.0047164582647383
1768216493449781800;25.52978173828125;-0.156982421875;-0.0470123291015625;0.9868927001953124;-0.0035033884923905;0.0222925227135419;-0.0062136873602867
1768216493459781600;25.53978173828125;-0.15765380859375;-0.0464324951171875;0.9887542724609376;-0.0046030078083276;0.0240645892918109;-0.0074528562836349
1768216493469782500;25.549782470703125;-0.1563720703125;-0.0472869873046875;0.986572265625;-0.0047449539415538;0.0252235978841781;-0.0045201834291219
1768216493479782700;25.55978271484375;-0.155670166015625;-0.0443267822265625;0.9903411865234376;-0.0057249972596764;0.0254512969404459;-0.0014897723449394
1768216493489783600;25.569783447265625;-0.1546478271484375;-0.0439453125;0.99005126953125;-0.0014674017438665;0.0260403882712125;0.0003278351214248
1768216493499784700;25.57978466796875;-0.1541748046875;-0.0455474853515625;0.98956298828125;-0.0026013758033514;0.0247104056179523;-0.0006655239267274
1768216493509784600;25.58978466796875;-0.154205322265625;-0.0457763671875;0.9895477294921876;0.0019347865600138;0.0207212567329406;-0.0012708604335784
1768216493519785700;25.59978564453125;-0.153411865234375;-0.04766845703125;0.9864501953125;-0.0006434197421185;0.0152987949550151;-0.0029001825023442
1768216493529785600;25.60978564453125;-0.152587890625;-0.050506591796875;0.988037109375;-0.004202201962471;0.0128217888996005;-0.0054488275200128
1768216493539786500;25.61978637695313;-0.1575927734375;-0.049468994140625;0.9896240234375;-0.0057700048200786;0.0152766909450292;-0.0036565200425684
1768216493549787600;25.62978759765625;-0.158172607421875;-0.04888916015625;0.987457275390625;-0.0044394894503057;0.0146979857236146;-0.0042224419303238
1768216493559787500;25.63978759765625;-0.153594970703125;-0.0455322265625;0.9873199462890624;-0.0068624336272478;0.013825268484652;-0.003637877991423
1768216493569788700;25.64978857421875;-0.1529693603515625;-0.0452728271484375;0.9898834228515624;-0.0038938077632337;0.0141453798860311;-0.0076917419210076
1768216493579788800;25.659788818359377;-0.1550140380859375;-0.044891357421875;0.9883880615234376;-0.0017944378778338;0.0146026443690061;-0.0032266860362142
1768216493589789700;25.669789794921876;-0.1551971435546875;-0.0423583984375;0.9918212890625;-0.0006894923863001;0.0145176900550723;0.0004807005752809
1768216493599790600;25.67979052734375;-0.1556854248046875;-0.04290771484375;0.9908294677734376;-0.001929193851538;0.0158926807343959;0.0012604740913957
1768216493609790500;25.68979052734375;-0.1542205810546875;-0.0460662841796875;0.9875640869140624;-0.0045963497832417;0.0153568517416715;0.0009171926649287
1768216493619791600;25.69979150390625;-0.154205322265625;-0.04656982421875;0.986968994140625;-0.0033182986080646;0.0159848257899284;-0.0001821602199925
1768216493629791500;25.70979150390625;-0.152618408203125;-0.04736328125;0.98980712890625;-0.0023590279743075;0.0108161624521017;-0.0028165590483695
1768216493639792600;25.719792724609373;-0.149810791015625;-0.047882080078125;0.9878082275390624;-0.0010258496040478;0.0080882860347628;-0.0024687503464519
1768216493649793500;25.72979345703125;-0.14984130859375;-0.0472412109375;0.9872589111328124;-0.000390685716411;0.0048011466860771;-0.0070062442682683
1768216493659793700;25.739793701171877;-0.1526641845703125;-0.047607421875;0.987060546875;-0.0009787116432562;0.0059646819718182;-0.0080323601141572
1768216493669794600;25.749794677734375;-0.1550140380859375;-0.0474853515625;0.9882049560546876;6.73779723001e-05;0.0062672169879078;-0.0083271721377968
1768216493679794400;25.75979443359375;-0.1576080322265625;-0.0492095947265625;0.987457275390625;-0.002520149340853;0.0107200220227241;-0.0104214819148182
1768216493689795600;25.769795654296875;-0.15753173828125;-0.0469970703125;0.9888458251953124;-0.0041231061331927;0.0168090742081403;-0.0117991352453827
1768216493699796700;25.779796630859376;-0.15704345703125;-0.0467071533203125;0.9899444580078124;-0.005256547126919;0.0218198113143444;-0.0055553540587425
1768216493709796600;25.789796630859374;-0.1560211181640625;-0.0441741943359375;0.9893035888671876;0.0005888249143026;0.0240981448441743;-0.0044434843584895
1768216493719797500;25.799797607421876;-0.1543426513671875;-0.047210693359375;0.991302490234375;0.0026700852904468;0.0250981617718935;-0.0009345032158307
1768216493729797600;25.80979760742187;-0.15179443359375;-0.04864501953125;0.9922943115234376;0.0050767841748893;0.0236193090677261;-0.002763562137261
1768216493739798500;25.819798583984376;-0.153228759765625;-0.048919677734375;0.9897308349609376;0.0054706656374037;0.0260393228381872;-0.002536660991609
1768216493749799400;25.82979931640625;-0.1502838134765625;-0.0497894287109375;0.9904327392578124;0.0041406829841434;0.02216761931777;-0.0041436124593019
1768216493759799800;25.8397998046875;-0.1503753662109375;-0.05047607421875;0.988616943359375;0.0003291667089797;0.0179268028587102;-0.0033089776989072
1768216493769800700;25.84980078125;-0.1546478271484375;-0.04534912109375;0.990264892578125;-0.0001067927587428;0.0166556760668754;-0.0026245452463626
1768216493779800600;25.859800537109376;-0.1541290283203125;-0.043182373046875;0.9893951416015624;0.0058219362981617;0.0120633207261562;-0.0020967067684978
1768216493789801500;25.869801513671874;-0.1523895263671875;-0.0439453125;0.9871063232421876;0.0051241880282759;0.0119730392470955;-0.0037217675708234
1768216493799802600;25.879802734375;-0.1539154052734375;-0.0428466796875;0.986846923828125;0.0059833237901329;0.0135333854705095;-0.0031537152826786
1768216493809802500;25.889802490234377;-0.1553955078125;-0.042633056640625;0.990234375;0.0075857480987906;0.0166519470512866;-0.0021680793724954
1768216493819803600;25.8998037109375;-0.1560821533203125;-0.0464630126953125;0.98822021484375;0.0083442162722349;0.0230121091008186;-0.0028844696935266
1768216493829803800;25.9098037109375;-0.157073974609375;-0.0455322265625;0.9885101318359376;0.0042695798911154;0.0273344181478023;-0.002510295715183
1768216493839804700;25.9198046875;-0.151458740234375;-0.0488128662109375;0.9856719970703124;-0.0008322378271259;0.0238797664642334;-0.0068714884109795
1768216493849805600;25.9298056640625;-0.15252685546875;-0.048828125;0.9819488525390624;-0.0010996191995218;0.0262616984546184;-0.010391654446721
1768216493859805700;25.9398056640625;-0.147857666015625;-0.047821044921875;0.981201171875;-0.0015390408225357;0.022595589980483;-0.0111043164506554
1768216493869806600;25.949806640625;-0.146240234375;-0.0489349365234375;0.98651123046875;-0.0035401401109993;0.0134340496733784;-0.0113469306379556
1768216493879806500;25.959806396484375;-0.1481475830078125;-0.04949951171875;0.9896697998046876;-0.0048759817145764;0.0068206219002604;-0.0087367659434676
1768216493889807600;25.9698076171875;-0.14849853515625;-0.0487060546875;0.992431640625;-0.0048898300155997;0.0080858897417783;-0.0025228124577552
1768216493899808800;25.979808837890623;-0.151641845703125;-0.0448455810546875;0.9918212890625;-0.0026122946292161;0.0098497010767459;0.0011592740193009
1768216493909808600;25.98980859375;-0.150909423828125;-0.0437164306640625;0.992584228515625;0.0025691515766084;0.0116294920444488;0.004137753508985
1768216493919809500;25.9998095703125;-0.1491851806640625;-0.044219970703125;0.9919891357421876;0.0041175135411322;0.0090779168531298;0.0063098273240029
1768216493929809700;26.0098095703125;-0.1484832763671875;-0.048095703125;0.9880828857421876;-5.11326943524e-05;0.0099333245307207;0.0044591967016458
1768216493939810600;26.019810546875;-0.1475982666015625;-0.0503692626953125;0.9879150390625;0.0012506204657256;0.0097186733037233;0.0005110605852678
1768216493949810400;26.029810546875;-0.1497802734375;-0.0495452880859375;0.9886627197265624;0.0015438344562426;0.0065127601847052;-0.002462092321366
1768216493959811600;26.0398115234375;-0.15203857421875;-0.048980712890625;0.988494873046875;-0.0017020262312144;0.0096174739301204;-0.0062768044881522
1768216493969812700;26.049812744140624;-0.152618408203125;-0.048431396484375;0.98895263671875;-0.0010442254133522;0.0104619618505239;-0.0078310249373316
1768216493979812600;26.0598125;-0.15252685546875;-0.049041748046875;0.9877471923828124;0.0002721750643104;0.0092499572783708;-0.0092821819707751
1768216493989813500;26.0698134765625;-0.1519012451171875;-0.047943115234375;0.9849853515625;0.0024229439441114;0.0115820877254009;-0.0099298628047108
1768216493999813600;26.079813720703125;-0.1529998779296875;-0.048675537109375;0.9874114990234376;0.0024682176299393;0.0112723615020513;-0.0051508196629583
1768216494009814500;26.089814453125;-0.1515045166015625;-0.0481414794921875;0.9913177490234376;0.0025598304346203;0.0095626125112175;-0.0044828988611698
1768216494019815700;26.099815673828125;-0.150177001953125;-0.04815673828125;0.9900970458984376;0.0019020296167582;0.0104627609252929;-0.0008945558220148
1768216494029815600;26.109815673828123;-0.1505889892578125;-0.04876708984375;0.9918670654296876;-0.0009275790071114;0.0091908350586891;-0.0019414444686844
1768216494039816700;26.119816650390625;-0.1507415771484375;-0.0498199462890625;0.9904937744140624;-0.002585396869108;0.0072453957982361;-0.0053564156405627
1768216494049816600;26.129816650390627;-0.1537322998046875;-0.04937744140625;0.990875244140625;-0.0005605954211205;0.0070613715797662;-0.0063809338025748
1768216494059817500;26.1398173828125;-0.154571533203125;-0.047088623046875;0.9905548095703124;-0.001062867580913;0.0067266123369336;-0.0020250675734132
1768216494069818600;26.149818603515627;-0.15301513671875;-0.0477294921875;0.9894866943359376;0.0004053331213071;0.0060906494036316;-0.0011440940434113
1768216494079818500;26.159818603515625;-0.1516876220703125;-0.0479736328125;0.9869842529296876;-0.0004556668573059;0.008477640338242;-0.0016253271605819
1768216494089819600;26.169819580078126;-0.1505279541015625;-0.0482025146484375;0.9874114990234376;-0.0007874967413954;0.0110502541065216;-0.0034413367975503
1768216494099819800;26.17981982421875;-0.1510467529296875;-0.04681396484375;0.987701416015625;-5.326322138898831e-07;0.0141653539612889;-0.003770237090066
1768216494109820700;26.189820556640623;-0.151824951171875;-0.046295166015625;0.9895477294921876;0.0039215045981109;0.0203697197139263;-0.003311374457553
1768216494119821600;26.199821533203124;-0.1509246826171875;-0.047149658203125;0.989166259765625;0.0034141724463552;0.0232310201972723;-0.004481301177293
1768216494129821400;26.20982153320313;-0.14874267578125;-0.0467987060546875;0.98883056640625;0.0033838124945759;0.0248520858585834;-0.0086147934198379
1768216494139822600;26.219822509765624;-0.14697265625;-0.0499267578125;0.9863128662109376;0.0011544802691787;0.0180953796952962;-0.0106960535049438
1768216494149822700;26.22982275390625;-0.1468048095703125;-0.0478973388671875;0.990264892578125;0.0001286306796828;0.0117107182741165;-0.0067417924292385
1768216494159823600;26.23982373046875;-0.147674560546875;-0.0480499267578125;0.991546630859375;-0.0021861889399588;0.0099961748346686;-0.0078725703060626
1768216494169824500;26.249824462890626;-0.1479339599609375;-0.05010986328125;0.99041748046875;-0.0022980417124927;0.0120657179504632;-0.0067407269962131
1768216494179824600;26.25982470703125;-0.14947509765625;-0.0472412109375;0.9907073974609376;-0.0031768847256898;0.0145826712250709;-0.0034330808557569
1768216494189825500;26.269825439453125;-0.14813232421875;-0.0428009033203125;0.9900665283203124;0.000361124635674;0.0154601829126477;-0.0004687163454946
1768216494199825400;26.279825439453123;-0.1481475830078125;-0.043487548828125;0.99041748046875;0.002053297124803;0.0156034603714942;-0.0028346686158329
1768216494209826800;26.289826904296874;-0.14776611328125;-0.0468292236328125;0.989410400390625;0.0033055155072361;0.0127165941521525;-0.0019180085510015
1768216494219827700;26.29982763671875;-0.1450653076171875;-0.04766845703125;0.9888916015625;0.0011813782621175;0.0073404707945883;-0.0029087045695632
1768216494229827600;26.30982763671875;-0.147125244140625;-0.0491485595703125;0.9894561767578124;0.0011566109023988;0.0071913339197635;-0.0025467809755355
1768216494239828500;26.319828369140627;-0.14910888671875;-0.0489501953125;0.9915924072265624;0.0006929545197635;0.0067170248366892;-0.0018977685831487
1768216494249828600;26.32982861328125;-0.14739990234375;-0.047821044921875;0.9893035888671876;-0.0003483414766378;0.0122960805892944;-0.0035681033041328
1768216494259829500;26.33982958984375;-0.1495819091796875;-0.04669189453125;0.98748779296875;-0.0010242518037557;0.0126995500177145;-0.0030320088844746
1768216494269830700;26.34983056640625;-0.1488800048828125;-0.0487060546875;0.98876953125;-0.0006857639527879;0.0122321648523211;-0.0046293730847537
1768216494279830800;26.359830810546875;-0.1497802734375;-0.049652099609375;0.9886627197265624;0.0003121224872302;0.0126401614397764;-0.0033856767695397
1768216494289831700;26.369831787109376;-0.1490478515625;-0.0493316650390625;0.989715576171875;-4.71379498776e-05;0.0150274187326431;-0.002291117561981
1768216494299831600;26.37983154296875;-0.1496429443359375;-0.048370361328125;0.9904022216796876;0.0006719155353493;0.0155105162411928;-0.0021680793724954
1768216494309832400;26.38983251953125;-0.147857666015625;-0.04705810546875;0.9895172119140624;2.76968748949e-05;0.015516641549766;-0.0060589578934013
1768216494319833600;26.39983349609375;-0.14642333984375;-0.04693603515625;0.989501953125;0.0049753175117075;0.014682007022202;-0.0070347399450838
1768216494329833500;26.40983349609375;-0.14776611328125;-0.04840087890625;0.9911041259765624;0.0033244239166378;0.0140585610643029;-0.0104864630848169
1768216494339834600;26.41983471679687;-0.14434814453125;-0.0489959716796875;0.98895263671875;0.003933488857001;0.0106563726440072;-0.0121362917125225
1768216494349834800;26.429834716796876;-0.147003173828125;-0.04827880859375;0.990386962890625;-0.0009598032338544;0.0062011703848838;-0.0103953825309872
1768216494359836400;26.43983642578125;-0.1488189697265625;-0.051177978515625;0.990814208984375;-0.0027348001021891;0.0073886741884052;-0.0076501965522766
1768216494369836300;26.449836181640624;-0.1478118896484375;-0.050445556640625;0.990264892578125;-0.0037007285282015;0.0065034395083785;-0.0070991883985698
1768216494379837200;26.45983715820313;-0.148651123046875;-0.0488128662109375;0.9901580810546876;-0.0033574472181499;0.0071657677181065;-0.0068927933461964
1768216494389838300;26.46983837890625;-0.1494140625;-0.04681396484375;0.9898223876953124;-0.0022692794445902;0.0079932119697332;-0.0098342550918459
1768216494399838500;26.47983837890625;-0.1486358642578125;-0.0453643798828125;0.991729736328125;0.0003254382754676;0.0080755036324262;-0.0104110958054661
1768216494409839400;26.48983935546875;-0.1495819091796875;-0.04718017578125;0.9903411865234376;0.0032815469894558;0.0089338403195142;-0.0121554657816886
1768216494419839500;26.499839599609373;-0.1510009765625;-0.04736328125;0.9893798828125;0.006844856776297;0.0096465023234486;-0.0085902921855449
1768216494429840400;26.50984033203125;-0.1492767333984375;-0.0466156005859375;0.99139404296875;0.0048789111897349;0.0098747350275516;0.0001733717799652
1768216494439841300;26.51984130859375;-0.1456298828125;-0.047760009765625;0.990997314453125;0.0084286388009786;0.0127746509388089;0.0026743463240563
1768216494449841200;26.529841064453127;-0.145721435546875;-0.0447845458984375;0.98931884765625;0.0083769727498292;0.0215726699680089;0.001800563186407
1768216494459842600;26.539842529296877;-0.143585205078125;-0.048370361328125;0.9860382080078124;0.0016269250772893;0.0070704263634979;-0.00192306865938
1768216494469842400;26.549842529296875;-0.1383209228515625;-0.0547027587890625;0.986785888671875;-0.0025055019650608;0.0008412926108576;-0.008338357321918
1768216494479843300;26.55984326171875;-0.1480560302734375;-0.051177978515625;0.9870452880859376;-0.0030360035598278;0.0069921296089887;-0.0113274892792105
1768216494489844200;26.56984423828125;-0.1481781005859375;-0.0511627197265625;0.9872283935546876;-0.003908721730113;0.0072288843803107;-0.0102550340816378
1768216494499844400;26.57984423828125;-0.148590087890625;-0.049713134765625;0.9893035888671876;-0.0058725364506244;0.0082198465242981;-0.0112055167555809
1768216494509845200;26.58984521484375;-0.14874267578125;-0.0489501953125;0.9909820556640624;-0.0033886062446981;0.0099170794710516;-0.0075806877575814
1768216494519845000;26.59984521484375;-0.148223876953125;-0.04742431640625;0.994659423828125;0.0017366473330184;0.0095218662172555;-0.0030277478508651
1768216494529846500;26.60984643554687;-0.1444854736328125;-0.0468597412109375;0.9958343505859376;0.0042037996463477;0.0105945877730846;-0.0021563614718616
1768216494539847400;26.619847412109376;-0.1438140869140625;-0.0496368408203125;0.9921875;0.0040405481122434;0.0065300711430609;-0.00234757643193
1768216494549847300;26.629847412109378;-0.143402099609375;-0.0512847900390625;0.9911651611328124;0.0019156117923557;0.0019965718965977;-0.0009898969437927
1768216494559848200;26.63984814453125;-0.1446075439453125;-0.050140380859375;0.98870849609375;0.0001603222917765;-7.66990415286e-05;0.000982972793281
1768216494569848300;26.64984838867187;-0.1459808349609375;-0.047332763671875;0.9886474609375;-0.0035446672700345;0.0040770331397652;-0.0013781858142465
1768216494579849200;26.65984912109375;-0.14892578125;-0.048492431640625;0.989654541015625;-0.0026772757992148;-0.0016285229939967;-0.0008594020619057
1768216494589850400;26.669850341796874;-0.150604248046875;-0.04595947265625;0.9865875244140624;-0.0026642263401299;0.0015041533624753;-0.0005792375304736
1768216494599850500;26.6798505859375;-0.1507110595703125;-0.046630859375;0.9873199462890624;-0.0053558833897113;0.0020421119406819;-0.0011896340874955
1768216494609851400;26.689851318359377;-0.1482696533203125;-0.047088623046875;0.989044189453125;-0.0048938249237835;0.0054341801442205;-0.0020501012913882
1768216494619851300;26.699851318359375;-0.1474151611328125;-0.0479278564453125;0.989654541015625;-0.0037015276029706;0.003786748740822;-0.0014532869681715
1768216494629852400;26.709852294921873;-0.1458740234375;-0.048797607421875;0.9886932373046876;-0.0016133430181071;0.0026908579748123;-0.0035702337045222
1768216494639853300;26.719853271484375;-0.146270751953125;-0.046875;0.9873809814453124;-0.0007568703731521;0.0067172911949455;-0.0042781019583344
1768216494649853400;26.729853515625;-0.14495849609375;-0.048004150390625;0.9862213134765624;-0.0041742385365068;0.003524693660438;-4.12789959227e-05
1768216494659854300;26.739854248046875;-0.143157958984375;-0.0480804443359375;0.9882659912109376;-0.0053351107053458;0.0035699673462659;-0.0012535499408841
1768216494669854500;26.7498544921875;-0.1434173583984375;-0.048828125;0.990997314453125;-0.0052445628680288;0.0006745787104591;-0.0010420948965474
1768216494679855400;26.75985546875;-0.14434814453125;-0.05059814453125;0.990875244140625;-0.0044205812737345;-0.0001131843455368;-0.0038581213448196
1768216494689856300;26.769856201171876;-0.1455535888671875;-0.04840087890625;0.98931884765625;-0.0021206750534474;-0.0035870117135345;-0.0056506949476897
1768216494699856400;26.7798564453125;-0.146697998046875;-0.047943115234375;0.9906158447265624;-0.0024202808272093;-0.0024423850700259;-0.003933488857001
1768216494709857500;26.789857421875;-0.1475982666015625;-0.047821044921875;0.993255615234375;-0.0029790119733661;0.0020378509070724;0.0007744472241029
1768216494719857400;26.799857421875;-0.1493988037109375;-0.047637939453125;0.99285888671875;-0.0011081412667408;0.0043489420786499;0.001832521171309
1768216494729858300;26.8098583984375;-0.146759033203125;-0.0482177734375;0.990264892578125;-0.0028194885235279;0.0047145942226052;-0.0009704558760859
1768216494739859500;26.819859375;-0.14410400390625;-0.0500640869140625;0.98895263671875;-0.0046299053356051;0.0005558017292059;-0.0047452202998101
1768216494749859300;26.829859375;-0.143157958984375;-0.04931640625;0.9875640869140624;-0.0022106899414211;-0.0033356093335896;-0.0087506147101521
1768216494759860200;26.83986010742187;-0.1478424072265625;-0.05010986328125;0.988800048828125;0.00369593501091;0.0017885789275169;-0.009066198952496
1768216494769860400;26.8498603515625;-0.1499481201171875;-0.0487060546875;0.98895263671875;0.0015174691798165;0.0045079328119754;-0.0042530680075287
1768216494779861500;26.859861572265626;-0.1523590087890625;-0.0475616455078125;0.9896392822265624;0.0020271982066333;0.0084254425019025;-0.0008543420699425
1768216494789862400;26.8698623046875;-0.152862548828125;-0.0507659912109375;0.989776611328125;0.0002279665932292;0.0085921566933393;0.0015696671325713
1768216494799862300;26.8798623046875;-0.1483612060546875;-0.0509796142578125;0.9879150390625;-0.0009166600648313;0.0072896042838692;-0.0020658141002058
1768216494809863400;26.889863525390624;-0.14459228515625;-0.048736572265625;0.98748779296875;-0.0013278521364554;0.0038219024427235;-0.0083673857152462
1768216494819863300;26.89986328125;-0.1441650390625;-0.0505218505859375;0.986541748046875;-0.0016578177455812;0.0044144559651613;-0.0116073871031403
1768216494829864200;26.9098642578125;-0.14849853515625;-0.048828125;0.99078369140625;-0.0001933454914251;0.0058376491069793;-0.0110744889825582
1768216494839864300;26.9198642578125;-0.1504364013671875;-0.0461578369140625;0.9903411865234376;-0.000222906586714;0.0121770380064845;-0.0071822791360318
1768216494849865500;26.929865478515627;-0.151123046875;-0.0467529296875;0.990142822265625;-0.000728108221665;0.0158093236386775;-0.0068075722083449
1768216494859866400;26.939866455078125;-0.1489105224609375;-0.0448760986328125;0.9917144775390624;-0.0023012375459074;0.0122670521959662;-0.001546763931401
1768216494869866500;26.949866455078126;-0.14739990234375;-0.04461669921875;0.993865966796875;-0.0035129757598042;0.0090805804356932;-0.0037601171061396
1768216494879867400;26.959867431640625;-0.147247314453125;-0.046844482421875;0.992401123046875;-0.004423510748893;0.009010006673634;-0.0060786651447415
1768216494889867300;26.9698671875;-0.148590087890625;-0.0465087890625;0.9906768798828124;-0.0014074806822463;0.0056514940224587;-0.0050155310891568
1768216494899868200;26.9798681640625;-0.14886474609375;-0.0465850830078125;0.9899749755859376;-0.0012713931500911;0.0070701600052416;-0.0082326298579573
1768216494909869300;26.989869384765623;-0.149749755859375;-0.050384521484375;0.988555908203125;-0.0015017564874142;0.0134231308475136;-0.0083572659641504
1768216494919869400;26.999869384765624;-0.15142822265625;-0.0477142333984375;0.9891357421875;-0.0009800433181226;0.0120792994275689;-0.0045952843502163
1768216494929870300;27.00987036132813;-0.1490631103515625;-0.047698974609375;0.9874114990234376;-0.0024011060595512;0.012957077473402;-0.0030362699180841
1768216494939870500;27.019870361328124;-0.14642333984375;-0.0472869873046875;0.98907470703125;-0.0016013587592169;0.0144175551831722;-0.0041452101431787
1768216494949871400;27.029871337890626;-0.1445465087890625;-0.0482330322265625;0.9914703369140624;-0.0016098808264359;0.0133504262194037;-0.0044080642983317
1768216494959872300;27.039872314453124;-0.145538330078125;-0.0493011474609375;0.9896240234375;-0.0026700852904468;0.0118417460471391;-0.0054810517467558
1768216494969872100;27.0498720703125;-0.145233154296875;-0.0487213134765625;0.990570068359375;-0.003998736385256;0.0094411727041006;-0.0050733219832181
1768216494979873500;27.05987353515625;-0.145843505859375;-0.0482940673828125;0.9886627197265624;-0.0033704966772347;0.0091000217944383;-0.0040735709480941
1768216494989873400;27.069873291015625;-0.1446685791015625;-0.0512847900390625;0.9882965087890624;-0.0034077810123562;0.0077215693891048;-0.003149454249069
1768216494999874300;27.079874267578123;-0.144317626953125;-0.049072265625;0.988525390625;-0.0033286849502474;0.0082185147330164;-0.0025246767327189
1768216495009875200;27.089875244140625;-0.14593505859375;-0.0496368408203125;0.988739013671875;-0.0032575787045061;0.0084789721295237;-0.00318114599213
1768216495019875300;27.099875244140627;-0.145233154296875;-0.048614501953125;0.9915313720703124;-0.0023315974976867;0.0104254763573408;0.0013638047967106
1768216495029876500;27.10987646484375;-0.1472930908203125;-0.0493011474609375;0.9937286376953124;0.0017893778858706;0.0116097843274474;0.0036831516772508
1768216495039876400;27.11987646484375;-0.1452484130859375;-0.0509490966796875;0.991851806640625;-0.0017989652696996;0.015516641549766;0.0033377397339791
1768216495049877500;27.12987744140625;-0.1429595947265625;-0.050994873046875;0.9893035888671876;-0.0001749696821207;0.01325055770576;0.0003901530872099
1768216495059878400;27.13987841796875;-0.1410369873046875;-0.0503997802734375;0.98870849609375;-0.0002990729990415;0.0146891977638006;-0.0031971249263733
1768216495069878300;27.149878173828125;-0.1399993896484375;-0.0502166748046875;0.9894256591796876;-0.0010114685865119;0.009966081008315;-0.0070065106265246
1768216495079879200;27.159879150390623;-0.1429290771484375;-0.050506591796875;0.9876861572265624;-0.0002644518972374;0.0139408493414521;-0.0113895405083894
1768216495089879300;27.16987939453125;-0.1445465087890625;-0.04888916015625;0.990264892578125;0.0016285229939967;0.0126111330464482;-0.0105551723390817
1768216495099880400;27.17988037109375;-0.1481781005859375;-0.0489959716796875;0.9918365478515624;-0.00033928672201;0.0151936002075672;-0.0092419674620032
1768216495109881300;27.18988134765625;-0.1473236083984375;-0.0471649169921875;0.991241455078125;-0.0005470133037306;0.0166365001350641;-0.0072155687958002
1768216495119881500;27.19988159179687;-0.1452484130859375;-0.0479278564453125;0.9889068603515624;-0.0010631339391693;0.0157723054289817;-0.0049372343346476
1768216495129882400;27.20988232421875;-0.1434173583984375;-0.049072265625;0.989471435546875;-0.0020279970485717;0.0143842659890651;-0.0059606870636343
1768216495139882200;27.21988232421875;-0.143646240234375;-0.0458526611328125;0.9905853271484376;-0.0005523395957425;0.0132715972140431;-0.000191481274669
1768216495149883400;27.22988330078125;-0.14312744140625;-0.04779052734375;0.9909210205078124;-0.0022274679504334;0.0076565882191061;-0.0005060005933046
1768216495159884500;27.239884521484377;-0.1441497802734375;-0.04840087890625;0.9903717041015624;-0.0039569246582686;0.0061207432299852;-0.0054597463458776
1768216495169884400;27.249884521484375;-0.1451873779296875;-0.04913330078125;0.9891815185546876;-0.0023398532066494;0.0067849354818463;-0.0056014265865087
1768216495179885300;27.25988525390625;-0.14715576171875;-0.0465545654296875;0.9893646240234376;-0.0010498181218281;0.0074624437838792;-0.0051694619469344
1768216495189885400;27.269885498046875;-0.14678955078125;-0.045074462890625;0.9902801513671876;-0.0010298443958163;0.0086347674950957;-0.0018988338997587
1768216495199886300;27.27988623046875;-0.1456756591796875;-0.044647216796875;0.9902801513671876;-0.0010383664630353;0.0097594195976853;0.0001089232900994
1768216495209887200;27.28988720703125;-0.146148681640625;-0.047088623046875;0.990631103515625;-0.0004119910299777;0.0090883038938045;-0.0041739721782505
1768216495219887400;27.299887451171877;-0.1449127197265625;-0.049652099609375;0.9902496337890624;-0.0020003002136945;0.00804487708956;-0.0045209820382297
1768216495229888500;27.309888427734375;-0.144622802734375;-0.0501708984375;0.9909820556640624;-0.0014879080699756;0.0087125310674309;-0.0047191213816404
1768216495239888400;27.319888427734377;-0.1442718505859375;-0.049407958984375;0.9879913330078124;-0.0002980077115353;0.0090667316690087;-0.0065929214470088
1768216495249889300;27.32988916015625;-0.1396942138671875;-0.0470123291015625;0.9881591796875;0.0002186455240007;0.0064339307136833;-0.0087253144010901
1768216495259889400;27.339889404296876;-0.1394805908203125;-0.0457763671875;0.9891357421875;0.001064199139364;0.0032850091811269;-0.0083293030038475
1768216495269890300;27.349890380859375;-0.14410400390625;-0.044952392578125;0.9908447265625;0.0025459819007664;0.0061220745556056;-0.0034037861041724
1768216495279891200;27.35989111328125;-0.14630126953125;-0.045440673828125;0.9909820556640624;0.00323893642053;0.0101019022986292;0.0006402239087037
1768216495289891300;27.36989135742187;-0.142822265625;-0.0484466552734375;0.99212646484375;0.0020983046852052;0.0079820267856121;0.0021323929540812
1768216495299892500;27.379892578125;-0.139404296875;-0.049896240234375;0.9918212890625;0.001284708851017;0.0042860913090407;-0.0016168050933629
1768216495309892400;27.389892333984378;-0.1407928466796875;-0.0518646240234375;0.9900360107421876;-0.0031483890488743;0.002225870033726;-0.0073559172451496
1768216495319893200;27.399893310546876;-0.143829345703125;-0.0534820556640625;0.9921112060546876;-0.0008021441171877;0.0035124430432915;-0.0089657977223396
1768216495329894400;27.409894287109378;-0.1433868408203125;-0.05267333984375;0.99224853515625;0.0002031991898547;0.0069702914915978;-0.0059268651530146
1768216495339894300;27.419894287109376;-0.1447296142578125;-0.0500946044921875;0.989471435546875;0.0014937670202925;0.010038785636425;-0.002918291836977
1768216495349895200;27.42989526367187;-0.14312744140625;-0.0513153076171875;0.9874114990234376;0.0007619303651154;0.0104792723432183;-0.0033177661243826
1768216495359894800;27.439894775390623;-0.142120361328125;-0.0476837158203125;0.98712158203125;-0.002462092321366;0.012851882725954;-0.0013440974289551
1768216495369895700;27.449895751953125;-0.14117431640625;-0.045501708984375;0.98779296875;-0.0017134778900071;0.0109146991744637;-0.0047436226159334
1768216495379896600;27.459896484375;-0.1452484130859375;-0.0458221435546875;0.9900054931640624;-0.0006085322820581;0.0068555092439055;-0.0048565403558313
1768216495389896700;27.469896728515625;-0.14691162109375;-0.0467071533203125;0.9893951416015624;-0.0028674255590885;0.0029973878990858;-0.0037766287568956
1768216495399897900;27.47989794921875;-0.1479644775390625;-0.0470428466796875;0.99053955078125;-0.0041337586008012;0.0010823087068274;-0.0022836606949567
1768216495409897700;27.489897705078125;-0.1503448486328125;-0.0471038818359375;0.9910125732421876;-0.0012823120923712;0.0033396040089428;-0.0028439897578209
1768216495419898600;27.499898681640627;-0.1514434814453125;-0.0464630126953125;0.99188232421875;-0.0013923005899414;0.0035436020698398;0.0012197277974337
1768216495429899800;27.509899658203125;-0.1504669189453125;-0.0463409423828125;0.9893035888671876;-0.0001507349224993;0.0088813761249184;-0.0017499631503596
1768216495439899600;27.519899658203126;-0.1480560302734375;-0.0459442138671875;0.98583984375;-0.0012412993237376;0.009703760035336;0.0011499529937282
1768216495449900500;27.529900634765625;-0.1432647705078125;-0.0461883544921875;0.98779296875;-0.0024501082953065;0.0078808264806866;0.0006213154993019
1768216495459900700;27.539900634765623;-0.14093017578125;-0.0474853515625;0.98956298828125;-0.0064067663624882;0.0075969332829117;-0.0018772622570395
1768216495469901800;27.54990185546875;-0.1399993896484375;-0.049835205078125;0.989959716796875;-0.0070547135546803;0.0032826124224811;-0.0035084483679383
1768216495479902700;27.55990283203125;-0.14227294921875;-0.050079345703125;0.9911651611328124;-0.0052554821595549;0.0029617014806717;-0.0054956991225481
1768216495489902800;27.56990283203125;-0.1434783935546875;-0.050750732421875;0.98944091796875;-0.004881574306637;0.0029981867410242;-0.0072826803661882
1768216495499903700;27.57990380859375;-0.1453857421875;-0.0500640869140625;0.9879913330078124;-0.003263437654823;0.0047822385095059;-0.0066248793154954
1768216495509903600;27.589903564453124;-0.1463623046875;-0.049285888671875;0.9905242919921876;-0.0041915490292012;0.0083181168884038;-0.0041753039695322
1768216495519904500;27.599904541015626;-0.14508056640625;-0.0491180419921875;0.9903106689453124;-0.0036583843175321;0.0077820229344069;-0.0026565031148493
1768216495529906000;27.609906005859376;-0.1429901123046875;-0.04937744140625;0.99066162109375;-0.0020114856306463;0.0094813862815499;-0.0042610578238964
1768216495539905800;27.61990576171875;-0.1446533203125;-0.0500640869140625;0.990966796875;-0.0006764429272152;0.0149270175024867;-0.0064416541717946
1768216495549906700;27.62990673828125;-0.1464996337890625;-0.049041748046875;0.99072265625;0.001513474388048;0.0182040371000766;-0.0081063956022262
1768216495559906800;27.63990673828125;-0.143463134765625;-0.0488128662109375;0.9898223876953124;-0.00075314193964;0.0181017722934484;-0.0055995625443756
1768216495569907700;27.64990771484375;-0.1426544189453125;-0.0492706298828125;0.9866180419921876;-0.0004175836511421;0.0169006865471601;-0.0085932221263647
1768216495579908600;27.65990869140625;-0.1396942138671875;-0.0501861572265625;0.98876953125;0.0017933726776391;0.012956278398633;-0.0086677903309464
1768216495589908700;27.66990869140625;-0.1419219970703125;-0.0519256591796875;0.9905548095703124;0.0004961469094268;0.0102249402552843;-0.0099575594067573
1768216495599910000;27.679909912109373;-0.1439361572265625;-0.051727294921875;0.99200439453125;0.002184324664995;0.011338141746819;-0.0080669810995459
1768216495609909800;27.68990966796875;-0.1461944580078125;-0.049072265625;0.9933624267578124;-0.0011494202772155;0.0133546879515051;-0.0028072381392121
1768216495619910700;27.69991064453125;-0.1459503173828125;-0.0492095947265625;0.9915618896484376;-0.0033872744534164;0.0194373466074466;-0.0035547874867916
1768216495629911600;27.70991162109375;-0.14154052734375;-0.0504302978515625;0.9903717041015624;-0.0040368195623159;0.0184999145567417;-0.0067045078612864
1768216495639911700;27.71991162109375;-0.1407318115234375;-0.04937744140625;0.9881134033203124;-0.0055303201079368;0.0156503319740295;-0.0096089513972401
1768216495649912800;27.729912841796875;-0.1400146484375;-0.047393798828125;0.98974609375;-0.0025491777341812;0.0116744991391897;-0.0088744517415761
1768216495659912700;27.73991259765625;-0.142913818359375;-0.047637939453125;0.990875244140625;0.000868723145686;0.013398895971477;-0.0085554048418998
1768216495669913900;27.749913818359374;-0.14654541015625;-0.0454559326171875;0.993194580078125;0.0022682142443954;0.0125557389110326;-0.0080206422135233
1768216495679914800;27.759914794921876;-0.1458282470703125;-0.0456390380859375;0.9928436279296876;0.0028378644492477;0.0126857012510299;-0.0036197684239596
1768216495689914600;27.76991455078125;-0.14544677734375;-0.0467376708984375;0.989990234375;0.0049010151997208;0.015032478608191;-0.0111469272524118
1768216495699915500;27.77991552734375;-0.141326904296875;-0.047760009765625;0.99053955078125;0.0037960698828101;0.0126612000167369;-0.0125080682337284
1768216495709915600;27.78991552734375;-0.1439971923828125;-0.0483856201171875;0.988067626953125;0.0034772893413901;0.01419198513031;-0.0139653505757451
1768216495719916800;27.799916748046876;-0.1405792236328125;-0.047637939453125;0.98919677734375;0.001644235686399;0.0144804054871201;-0.0127980867400765
1768216495729917000;27.8099169921875;-0.1439971923828125;-0.047149658203125;0.9915618896484376;0.003238403936848;0.0188890025019645;-0.00739187002182
1768216495739917800;27.819917724609375;-0.1441192626953125;-0.0478515625;0.9900665283203124;0.0035467979032546;0.0221718810498714;-0.0088859032839536
1768216495749918700;27.829918701171874;-0.1412200927734375;-0.0496826171875;0.989654541015625;0.000835433602333;0.0202634595334529;-0.0110353408381342
1768216495759918600;27.839918701171875;-0.1395263671875;-0.0497894287109375;0.9883270263671876;-0.0021339908707886;0.0158234369009733;-0.0112451976165175
1768216495769919700;27.849919677734373;-0.1405181884765625;-0.04766845703125;0.9903564453125;0.0011299792677164;0.0133717320859432;-0.0092395711690187
1768216495779919600;27.859919677734375;-0.1410064697265625;-0.0476531982421875;0.9929962158203124;0.0004982774262316;0.0160468779504299;-0.0097418427467346
1768216495789920800;27.869920654296877;-0.1433868408203125;-0.0482940673828125;0.99322509765625;0.0026394589804112;0.0190216284245252;-0.0080685792490839
1768216495799921700;27.879921630859375;-0.1425628662109375;-0.048187255859375;0.99139404296875;0.0003368898760527;0.023692013695836;-0.0097823236137628
1768216495809921800;27.889921875;-0.143310546875;-0.049072265625;0.990234375;-0.0001592570333741;0.0253775287419557;-0.0115538584068417
1768216495819922700;27.899922607421875;-0.1417999267578125;-0.049530029296875;0.9882659912109376;0.000582699663937;0.0286745224148035;-0.0118691762909293
1768216495829922600;27.909922607421876;-0.1392059326171875;-0.049224853515625;0.9881744384765624;0.0019281286513432;0.0243681892752647;-0.0093519566580653
1768216495839923700;27.919923828125;-0.1389312744140625;-0.0489959716796875;0.9906005859375;5.08663761138e-05;0.0233583189547061;-0.0095359804108738
1768216495849924900;27.9299248046875;-0.140777587890625;-0.04901123046875;0.992218017578125;0.0020746025256812;0.0230427347123622;-0.0080014672130346
1768216495859924700;27.9399248046875;-0.1408843994140625;-0.0496063232421875;0.993255615234375;0.0020793962758034;0.0271075181663036;-0.0044504082761704
1768216495869925600;27.949925537109376;-0.1398468017578125;-0.0480194091796875;0.9917144775390624;0.0023182816803455;0.0266105718910694;-0.0014732606941834
1768216495879925800;27.95992578125;-0.1390838623046875;-0.049285888671875;0.990386962890625;0.0001736380945658;0.0257394518703222;-0.0008695221040397
1768216495889926700;27.9699267578125;-0.14044189453125;-0.0496978759765625;0.990570068359375;0.0010287790792062;0.0264539774507284;-0.0038048583082854
1768216495899927600;27.979927490234378;-0.1371307373046875;-0.0495758056640625;0.989593505859375;0.0016913736471906;0.0261770095676183;-0.0082803005352616
1768216495909928000;27.989927978515624;-0.1353912353515625;-0.0474700927734375;0.98968505859375;0.0040261670947074;0.0208610724657773;-0.0082390215247869
1768216495919928800;27.9999287109375;-0.1370849609375;-0.0467987060546875;0.991668701171875;0.0044839642941951;0.0194333530962467;-0.0081021348014473
1768216495929928700;28.0099287109375;-0.1373291015625;-0.0490570068359375;0.991973876953125;0.0012186624808236;0.0177196078002452;-0.0109948609024286
1768216495939929600;28.0199296875;-0.137664794921875;-0.0515289306640625;0.9913787841796876;0.0004868258547503;0.0177979059517383;-0.013570137321949
1768216495949930800;28.0299306640625;-0.1373748779296875;-0.0520172119140625;0.991851806640625;0.0020775320008397;0.013080115430057;-0.0113091133534908
1768216495959930600;28.0399306640625;-0.13751220703125;-0.049468994140625;0.991668701171875;-0.0003198456543032;0.010367153212428;-0.0103815346956253
1768216495969931800;28.049931884765623;-0.1375274658203125;-0.048553466796875;0.9925537109375;0.0003408846096135;0.0107565075159072;-0.0089381011202931
1768216495979932000;28.059931884765625;-0.1382293701171875;-0.0496063232421875;0.9923858642578124;0.0005331648280844;0.0106158927083015;-0.0079671125859022
1768216495989932800;28.069932861328127;-0.1384735107421875;-0.04901123046875;0.9915924072265624;-0.0015699334908276;0.0145150264725089;-0.0087567400187253
1768216495999933700;28.07993359375;-0.1415252685546875;-0.047149658203125;0.992034912109375;0.0016383767360821;0.0198874212801456;-0.0081673823297023
1768216496009933800;28.089933837890623;-0.140777587890625;-0.0462646484375;0.990203857421875;0.0032152342610061;0.0243687219917774;-0.0053662694990634
1768216496019934700;28.099934814453125;-0.1385345458984375;-0.0468902587890625;0.9930877685546876;0.0029638318810611;0.0242371633648872;-0.0047470848076045
1768216496029934600;28.1099345703125;-0.1348724365234375;-0.0502166748046875;0.990692138671875;0.0040003340691328;0.0227993223816156;-0.0068275458179414
1768216496039935700;28.119935791015624;-0.1333465576171875;-0.0526123046875;0.9885711669921876;0.0009408948244526;0.0173052214086055;-0.0057990332134068
1768216496049937000;28.12993701171875;-0.1336517333984375;-0.0531158447265625;0.9899139404296876;-0.0006719155353493;0.0176463723182678;-0.0082563320174813
1768216496059936800;28.139936767578124;-0.1343231201171875;-0.051055908203125;0.989715576171875;-0.0008942894637584;0.0156881492584943;-0.0074485950171947
1768216496069937700;28.149937744140622;-0.1348724365234375;-0.049346923828125;0.9920654296875;-0.0009022789890877;0.0158237032592296;-0.0068975873291492
1768216496079937800;28.159937744140624;-0.1340789794921875;-0.0484161376953125;0.9920501708984376;0.0009845705935731;0.0160271693021059;-0.0083527388051152
1768216496089938700;28.16993872070313;-0.13433837890625;-0.0487518310546875;0.9926300048828124;0.002250104676932;0.016659403219819;-0.0096153430640697
1768216496099938600;28.1799384765625;-0.1348876953125;-0.048187255859375;0.9916839599609376;0.0043806335888803;0.0178833920508623;-0.0089112035930156
1768216496109939700;28.189939697265626;-0.1339569091796875;-0.0511016845703125;0.992095947265625;0.0046208505518734;0.018739067018032;-0.00604351144284
1768216496119940900;28.19994091796875;-0.13494873046875;-0.0515289306640625;0.99285888671875;0.0062280683778226;0.017396567389369;-0.0046983486972749
1768216496129940700;28.209940673828125;-0.13079833984375;-0.05218505859375;0.9916534423828124;0.0022274679504334;0.0150625724345445;-0.0056309876963496
1768216496139941600;28.219941650390624;-0.1284942626953125;-0.0530548095703125;0.9903717041015624;0.0018306568963453;0.0101335942745208;-0.0064387246966362
1768216496149941800;28.229941650390625;-0.1284332275390625;-0.0519866943359375;0.9921875;0.0015092133544385;0.0075846826657652;-0.0059684100560843
1768216496159942700;28.239942626953123;-0.1322479248046875;-0.051025390625;0.991363525390625;-0.002510828198865;0.0056943711824715;-0.0049430932849645
1768216496169943800;28.24994384765625;-0.1322174072265625;-0.049102783203125;0.992156982421875;-0.0028210864402353;0.0002894856152124;-0.0055718654766678
1768216496179943700;28.259943603515627;-0.1330718994140625;-0.048187255859375;0.991668701171875;-0.0023126890882849;-0.0050288471393287;0.000761397765018
1768216496189944800;28.26994482421875;-0.1343536376953125;-0.046966552734375;0.9916839599609376;-0.0018751317402347;-0.0093575492501258;0.0006633934099227
1768216496199944700;28.27994482421875;-0.1374969482421875;-0.0476837158203125;0.9910736083984376;-8.60201034811e-05;-0.007259510923177;0.0030999195296317
1768216496209945600;28.289945556640625;-0.13592529296875;-0.04791259765625;0.9908294677734376;-0.0015707324491813;-0.0075564533472061;0.0027971181552857
1768216496219946500;28.299946533203126;-0.13421630859375;-0.0498504638671875;0.9890289306640624;-0.0001853560097515;-0.0041891522705554;2.58326617768e-05
1768216496229946600;28.309946533203124;-0.1341552734375;-0.05126953125;0.98968505859375;-0.0031510521657764;-0.0024021712597459;-0.0025217472575604
1768216496239947800;28.31994775390625;-0.135223388671875;-0.0511474609375;0.99005126953125;-0.0044690505601465;-0.0007475492893718;-0.0041436124593019
1768216496249948000;28.329947998046876;-0.13580322265625;-0.0499420166015625;0.9897613525390624;-0.0060059609822928;0.0003547330561559;-0.0038948729634284
1768216496259948800;28.33994873046875;-0.136199951171875;-0.0478973388671875;0.9903106689453124;-0.00421072402969;0.0025803367607295;-0.0044352286495268
1768216496269949700;28.34994970703125;-0.13690185546875;-0.0469970703125;0.9932861328125;-0.0012823120923712;0.0089836409315466;-0.0031225562561303
1768216496279949600;28.359949462890626;-0.1364593505859375;-0.0474853515625;0.9911651611328124;0.0022924491204321;0.0084464820101857;0.0021046961192041
1768216496289950700;28.36995068359375;-0.1353759765625;-0.04791259765625;0.9912872314453124;-2.15716045204e-05;0.0088414279744029;0.0010687265312299
1768216496299950800;28.379950927734377;-0.1343231201171875;-0.0501708984375;0.9912261962890624;-0.0016346483025699;0.0054839812219142;0.0024999093730002
1768216496309951700;28.38995166015625;-0.13458251953125;-0.050689697265625;0.9903106689453124;-0.0014269216917455;0.0039771646261215;0.0016865798970684
1768216496319952600;28.39995263671875;-0.135650634765625;-0.0512847900390625;0.9902801513671876;-0.001880191732198;0.0008889631717465;0.0007914914749562
1768216496329952800;28.409952880859375;-0.135101318359375;-0.0518951416015625;0.9899444580078124;-0.0002982740406878;-0.0011419634101912;0.0017526262672618
1768216496339953700;28.41995361328125;-0.1355743408203125;-0.0518035888671875;0.990264892578125;-0.0048594698309898;-0.0047923582606017;0.0028088360559195
1768216496349953500;28.42995361328125;-0.129669189453125;-0.0529937744140625;0.98974609375;-0.0058264639228582;-0.0066866646520793;-0.0008420915110036
1768216496359955500;28.43995556640625;-0.1440277099609375;-0.0424652099609375;0.9932861328125;-0.0016961672808974;0.0025329324416816;-0.0023960459511727
1768216496369956600;28.44995654296875;-0.135772705078125;-0.0543365478515625;0.989410400390625;-0.0029220203869044;-0.0042101913131773;-0.0043510724790394
1768216496379956500;28.45995654296875;-0.138671875;-0.052001953125;0.9886322021484376;-0.0028378644492477;-0.0018407768802717;-0.0057513625361025
1768216496389957600;28.46995751953125;-0.139923095703125;-0.05120849609375;0.9901885986328124;-0.0023624901659786;-0.0020940436515957;-0.0048536108806729
1768216496399957800;28.479957763671877;-0.139373779296875;-0.0514678955078125;0.9911041259765624;0.0002886866568587;-0.000645816558972;-0.0050192596390843
1768216496409958700;28.489958740234375;-0.1377105712890625;-0.0499725341796875;0.990966796875;0.0014032195322215;-0.0017707358347252;-0.0053170011378824
1768216496419959600;28.49995947265625;-0.1375274658203125;-0.048675537109375;0.992340087890625;0.0003273024922236;-0.0001057274930644;-0.0038714371621608
1768216496429959400;28.50995947265625;-0.1377105712890625;-0.04595947265625;0.992279052734375;-0.001005609636195;0.0024860608391463;-0.0028258801903575
1768216496439960800;28.5199609375;-0.138214111328125;-0.047607421875;0.9917144775390624;-0.0003965446958318;0.0016564861871302;-0.0004862932255491
1768216496449960700;28.529960693359374;-0.1372528076171875;-0.0480499267578125;0.99212646484375;-0.0010066748363897;0.0013646037550643;-0.0022703448776155
1768216496459961600;28.539961669921876;-0.1385345458984375;-0.049224853515625;0.9931640625;-0.0002996056282427;0.0039390814490616;-0.0037489319220185
1768216496469961700;28.54996166992187;-0.1405487060546875;-0.0500946044921875;0.9906463623046876;-0.0021462414879351;0.0021499700378626;-0.0034658377990126
1768216496479962600;28.559962646484376;-0.1380157470703125;-0.04913330078125;0.9908905029296876;-0.0021624867804348;-0.0002639192680362;-0.0056040897034108
1768216496489963500;28.56996362304687;-0.1367340087890625;-0.0483245849609375;0.990570068359375;0.0008016114588826;-0.0016745956381782;-0.0051391017623245
1768216496499963600;28.579963623046876;-0.136749267578125;-0.0498199462890625;0.9915771484375;0.0009736517095007;-0.0002767024270724;-0.0061953114345669
1768216496509964800;28.58996484375;-0.135955810546875;-0.0518646240234375;0.9914703369140624;0.0024897893890738;0.0012040151050314;-0.0062584285624325
1768216496519964700;28.599964599609375;-0.1370697021484375;-0.0515289306640625;0.9897003173828124;0.0006924218614585;0.0023180153220891;-0.0077362167648971
1768216496529965600;28.609965576171874;-0.1371917724609375;-0.051055908203125;0.991119384765625;-0.0017214673571288;0.0052549494430422;-0.0025363946333527
1768216496539966500;28.619966552734375;-0.13677978515625;-0.04949951171875;0.9922637939453124;-0.0006402239087037;0.0068752164952456;-7.9894834925e-06
1768216496549966600;28.629966552734373;-0.1346893310546875;-0.0494842529296875;0.993316650390625;-0.0019680759869515;0.0079479375854134;-0.0013190637109801
1768216496559967500;28.639967529296875;-0.135223388671875;-0.0503387451171875;0.9901580810546876;-0.0015912387752905;0.0050032804720103;-0.0043217777274549
1768216496569967600;28.649967529296877;-0.1341400146484375;-0.0498809814453125;0.9900970458984376;-0.0018895127577707;0.0030834078788757;-0.004489024169743
1768216496579968800;28.65996875;-0.13690185546875;-0.04949951171875;0.9893341064453124;-1.22505407489e-05;0.004438956733793;-0.0056917080655694
1768216496589969700;28.6699697265625;-0.1379852294921875;-0.0496063232421875;0.989410400390625;-0.0012000204296782;0.0045398906804621;-0.0042290999554097
1768216496599969500;28.679969482421875;-0.1368408203125;-0.04962158203125;0.9907073974609376;-0.0022042985074222;0.0047904942184686;-0.0026173547375947
1768216496609970700;28.689970703125;-0.1366119384765625;-0.050872802734375;0.990631103515625;-0.0023057649377733;0.0047113983891904;-0.0017206683987751
1768216496619970600;28.699970458984374;-0.1383056640625;-0.049072265625;0.9915008544921876;-0.0023782027419656;0.0070435283705592;-0.0009898969437927
1768216496629971500;28.709971435546876;-0.13726806640625;-0.047943115234375;0.9921417236328124;-0.0020386497490108;0.0094635430723428;-0.0001874865411082
1768216496639972600;28.71997265625;-0.136688232421875;-0.050933837890625;0.99176025390625;-0.000278832972981;0.0095423720777034;-0.0019582223612815
1768216496649972700;28.72997265625;-0.136077880859375;-0.050201416015625;0.990875244140625;-0.0012389025650918;0.0109399994835257;-0.0031350732315331
1768216496659973600;28.7399736328125;-0.137451171875;-0.05206298828125;0.990234375;-0.0027177559677511;0.0092739257961511;-0.0065646921284496
1768216496669973500;28.749973388671876;-0.136962890625;-0.051849365234375;0.989593505859375;0.0015203986549749;0.0134854484349489;-0.0034487936645746
1768216496679974700;28.759974609375;-0.134246826171875;-0.0490264892578125;0.9902191162109376;-0.0017454357584938;0.0064046359620988;-0.0045651905238628
1768216496689975600;28.7699755859375;-0.1352996826171875;-0.0510406494140625;0.9902496337890624;-0.0005083974683657;0.0047675911337137;-0.0099010998383164
1768216496699975400;28.77997534179687;-0.1378173828125;-0.0504608154296875;0.991363525390625;-0.0032365396618843;0.0055332495830953;-0.0068642976693809
1768216496709976600;28.7899765625;-0.1377105712890625;-0.04754638671875;0.9951629638671876;5.7790595747e-05;0.0049007488414645;-0.0028778119012713
1768216496719976700;28.799976806640625;-0.1395416259765625;-0.0491790771484375;0.9932098388671876;-0.0008599347202107;0.0093735279515385;0.0003699130611494
1768216496729977600;28.8099775390625;-0.1374969482421875;-0.048492431640625;0.9916534423828124;0.0002716424351092;0.0085279745981097;0.0014444985426962
1768216496739978500;28.819978515625;-0.1324310302734375;-0.05084228515625;0.9890899658203124;-0.0021513015963137;0.0042647859081625;-0.0036655748263001
1768216496749978600;28.829978515625;-0.133880615234375;-0.0508575439453125;0.9879608154296876;-0.002901780186221;0.0029414615128189;-0.0073990602977573
1768216496759979500;28.8399794921875;-0.136260986328125;-0.0501556396484375;0.9918975830078124;-0.0014833806781098;-0.0006327670416794;-0.0089732548221945
1768216496769979600;28.849979736328127;-0.138397216796875;-0.0489959716796875;0.9924468994140624;-0.0016032229177653;0.0020469056908041;-0.00895940605551
1768216496779980500;28.85998046875;-0.1402587890625;-0.04888916015625;0.993896484375;-0.0016492956783622;0.0064821341075003;-0.0072525865398347
1768216496789981700;28.869981689453127;-0.1403350830078125;-0.049713134765625;0.994781494140625;-0.0011158644920215;0.0086070699617266;-0.0084209153428673
1768216496799981600;28.879981689453125;-0.138092041015625;-0.04949951171875;0.994049072265625;0.0004181162803433;0.0079748360440135;-0.0041518681682646
1768216496809982500;28.889982421875;-0.13385009765625;-0.0481414794921875;0.9915618896484376;0.0002934803487733;0.010545851662755;-0.002288986928761
1768216496819982600;28.899982666015624;-0.131927490234375;-0.048370361328125;0.98931884765625;0.0003933488915208;0.0047393613494932;-0.0018128136871382
1768216496829983700;28.909983642578126;-0.1337738037109375;-0.04901123046875;0.9892425537109376;0.0004255731473676;0.0016136092599481;-0.0054669370874762
1768216496839984600;28.919984619140624;-0.1358489990234375;-0.0513763427734375;0.9903411865234376;0.0008008125587366;0.0038863508962094;-0.0037052559200674
1768216496849984800;28.92998486328125;-0.138031005859375;-0.04949951171875;0.991363525390625;-0.0010990865994244;0.0060522998683154;-0.0006146575906313
1768216496859985700;28.939985595703124;-0.1390533447265625;-0.049652099609375;0.9915313720703124;-0.001627724035643;0.0098656797781586;-0.0005502090789377
1768216496869985500;28.94998559570313;-0.136627197265625;-0.050750732421875;0.9894256591796876;-0.0026770094409585;0.0095122782513499;-0.0042786346748471
1768216496879986400;28.959986328125;-0.1335296630859375;-0.051727294921875;0.9908294677734376;0.001178448786959;0.0059574912302196;-0.0091817807406187
1768216496889987600;28.96998754882813;-0.133819580078125;-0.052032470703125;0.992645263671875;-0.0014104101574048;0.0045374939218163;-0.0099540967494249
1768216496899987700;28.97998779296875;-0.13690185546875;-0.052764892578125;0.9896697998046876;0.0028791434597223;0.0089149316772818;-0.0072848107665777
1768216496909988600;28.989988525390626;-0.134552001953125;-0.054412841796875;0.9929046630859376;0.0027707528788596;0.0054368432611227;-0.0008740494376979
1768216496919988700;28.99998876953125;-0.1344451904296875;-0.05218505859375;0.9935455322265624;-0.0001499359641456;0.0035310853272676;0.0032011196017265
1768216496929989600;29.00998974609375;-0.1339263916015625;-0.050018310546875;0.991912841796875;-0.0031246868893504;0.0019446401856839;0.004758536349982
1768216496939989500;29.019989501953123;-0.1341552734375;-0.049774169921875;0.99200439453125;-0.0048530786298215;-0.0014024205738678;0.0005004079430364
1768216496949990400;29.029990478515625;-0.1349639892578125;-0.0494537353515625;0.9904327392578124;-0.0083040026947855;-0.0035225632600486;-0.0027188211679458
1768216496959991800;29.03999169921875;-0.1359710693359375;-0.048309326171875;0.9911041259765624;-0.0068376660346984;-0.0099423788487911;-0.0065292720682919
1768216496969991700;29.04999169921875;-0.1384429931640625;-0.046905517578125;0.99310302734375;-0.0032906017731875;-0.0062752063386142;-0.0017611484508961
1768216496979992600;29.05999267578125;-0.1396331787109375;-0.04779052734375;0.9923858642578124;0.0009060074225999;-0.0047484161332249;-3.67516222468e-05
1768216496989992700;29.06999267578125;-0.139007568359375;-0.0489501953125;0.989959716796875;0.0033388049341738;-0.001301220501773;0.0002010686584981
1768216496999993600;29.07999365234375;-0.13787841796875;-0.04974365234375;0.988861083984375;9.10801099962e-05;0.0026911243330687;-0.0015137407463043
1768216497009994500;29.089994384765625;-0.1360931396484375;-0.0501251220703125;0.988616943359375;-0.0019736685790121;0.0023731428664177;-0.0042408178560435
1768216497019994600;29.09999462890625;-0.1337127685546875;-0.050933837890625;0.988739013671875;-0.0024977787397801;0.0016173376934602;-0.007162039168179
1768216497029995800;29.109995849609376;-0.1328582763671875;-0.0497283935546875;0.9888458251953124;-0.002853843383491;-0.0006665892433375;-0.0085625955834984
1768216497039995600;29.11999560546875;-0.13397216796875;-0.0517120361328125;0.9905548095703124;-0.0031792817171663;-0.0007763114408589;-0.0064072990790009
1768216497049996500;29.12999658203125;-0.136260986328125;-0.0510406494140625;0.99237060546875;-0.0028988507110625;0.0032895365729928;-0.0025230788160115
1768216497059997400;29.13999755859375;-0.136962890625;-0.04931640625;0.99359130859375;-0.0018245317041873;0.0053063482046127;0.0002479403046891
1768216497069997600;29.14999755859375;-0.139129638671875;-0.0489501953125;0.992218017578125;-0.0007494135061278;0.0058387145400047;0.0019646140281111
1768216497079998500;29.15999853515625;-0.1356201171875;-0.04876708984375;0.990264892578125;0.00211135414429;0.0071404674090445;0.0012138688471168
1768216497089998600;29.16999853515625;-0.1324310302734375;-0.051544189453125;0.9898529052734376;-5.80569103476e-05;0.0032264196779578;-0.0004764395125675
1768216497099999700;29.179999755859377;-0.13140869140625;-0.0509033203125;0.9888458251953124;0.0008271778351627;0.0018471685471013;-0.0049388320185244
1768216497110000600;29.190000732421876;-0.1343994140625;-0.05126953125;0.99078369140625;-0.0010394317796453;0.0038157771341502;-0.0050842408090829
1768216497120000500;29.20000048828125;-0.1357879638671875;-0.051177978515625;0.9938812255859376;0.0004428836982697;-3.00937208521e-05;-0.0027169568929821
1768216497130001700;29.210001708984375;-0.1387176513671875;-0.0507965087890625;0.9920196533203124;-0.0006873618694953;-0.0015795208746567;-0.0034290861804038
1768216497140001500;29.22000146484375;-0.137939453125;-0.0509033203125;0.990753173828125;-8.735168376e-05;-0.0035944685805588;-0.0079545956104993
1768216497150002700;29.230002685546875;-0.139190673828125;-0.0496063232421875;0.9920501708984376;0.0017856494523584;-0.0033811493776738;-0.0077194385230541
1768216497160003600;29.240003662109373;-0.14013671875;-0.0484161376953125;0.9925689697265624;0.0023672839161008;-0.0014815165195614;-0.0041542649269104
1768216497170003700;29.250003662109375;-0.140594482421875;-0.0478668212890625;0.991485595703125;0.003319896524772;0.0040991376154124;-0.0004354268312454
1768216497180004600;29.260004638671877;-0.1400146484375;-0.04803466796875;0.99530029296875;0.0026730147656053;0.0115120466798543;0.0036570527590811
1768216497190004500;29.27000439453125;-0.1363525390625;-0.04864501953125;0.9920806884765624;0.0022133530583232;0.0064110276289284;0.0101522365584969
1768216497200005600;29.280005615234376;-0.134613037109375;-0.04815673828125;0.9889984130859376;-0.0009488842915743;0.0071756211109459;0.0047478834167122
1768216497210006800;29.2900068359375;-0.134521484375;-0.0516510009765625;0.9882965087890624;-0.0013558153295889;0.00375372543931;-0.004030960611999
1768216497220006700;29.300006591796876;-0.1375732421875;-0.05078125;0.988861083984375;0.0003949467791244;0.0068371333181858;-0.0091434307396411
1768216497230007600;29.310007568359374;-0.13922119140625;-0.0485382080078125;0.99029541015625;-0.0019944412633776;0.0064656222239136;-0.0087617998942732
1768216497240007700;29.320007568359376;-0.1406097412109375;-0.05181884765625;0.9902191162109376;0.0008524778531864;0.0089823100715875;-0.0064906561747193
1768216497250008600;29.33000854492187;-0.1400604248046875;-0.050537109375;0.9906768798828124;0.0013092099688947;0.0108630340546369;-0.0022221414837986
1768216497260009500;29.340009521484376;-0.1370391845703125;-0.05010986328125;0.990875244140625;-0.0013211942277848;0.007939682342112;-0.0013393036788329
1768216497270009600;29.350009521484377;-0.134368896484375;-0.0575408935546875;0.9878997802734376;-0.0010210559703409;7.7231670729e-06;-0.001676726154983
1768216497280010800;29.3600107421875;-0.13824462890625;-0.0429534912109375;0.9954986572265624;0.0011664645280689;0.0083759082481265;-0.0024825986474752
1768216497290010600;29.3700107421875;-0.13787841796875;-0.053955078125;0.9910888671875;0.0028967203106731;0.0026120282709598;-0.0030834078788757
1768216497300011500;29.380011474609375;-0.137054443359375;-0.0515899658203125;0.989532470703125;0.0023433153983205;0.0101133538410067;-0.0025318672414869
1768216497310011600;29.39001171875;-0.137481689453125;-0.04949951171875;0.9912872314453124;-0.0007819040911272;0.0090816458687186;-4.39421564806e-05
1768216497320012500;29.400012451171875;-0.136444091796875;-0.0569610595703125;0.9888763427734376;-0.0036410738248378;0.0077567230910062;-0.0030021814163774
1768216497330013400;29.410013427734373;-0.136138916015625;-0.0504302978515625;0.9907989501953124;-0.00514442846179;0.0092177335172891;-0.0058741346001625
1768216497340013600;29.420013671875;-0.137237548828125;-0.0509490966796875;0.990447998046875;-0.0053569483570754;0.0069628343917429;-0.0065260762348771
1768216497350014700;29.4300146484375;-0.1343231201171875;-0.050537109375;0.9893646240234376;-0.0046219159848988;0.009787649847567;-0.0098363850265741
1768216497360014300;29.440014404296875;-0.138916015625;-0.049774169921875;0.99053955078125;-0.0048871668986976;0.0123988790437579;-0.0044179176911711
1768216497370015500;29.450015380859377;-0.1386871337890625;-0.050048828125;0.99200439453125;-0.0036173716653138;0.0133365783840417;-0.0055809202603995
1768216497380016600;29.4600166015625;-0.1369781494140625;-0.04791259765625;0.9911041259765624;-0.0014090784825384;0.014257232658565;-0.0021041636355221
1768216497390016500;29.4700166015625;-0.1355133056640625;-0.0482635498046875;0.9910736083984376;0.0002098570985253;0.0131967617198824;-0.001195226679556
1768216497400017400;29.480017333984375;-0.13531494140625;-0.0487823486328125;0.99029541015625;0.0028543761000037;0.017822939902544;0.0008394283941015
1768216497410017500;29.490017578125;-0.1340179443359375;-0.0496063232421875;0.990081787109375;0.0002263686910737;0.0106537099927663;0.0003067961661145
1768216497420018400;29.50001831054687;-0.13397216796875;-0.0516204833984375;0.9925079345703124;-0.0026522420812398;0.0078035946935415;-0.0032221586443483
1768216497430019300;29.510019287109376;-0.133331298828125;-0.053802490234375;0.99188232421875;-0.0035025894176214;0.0041257692500948;-0.007023821119219
1768216497440019500;29.52001953125;-0.1362762451171875;-0.05224609375;0.990447998046875;-0.0040421457961201;0.0055391085334122;-0.0051545482128858
1768216497450020600;29.5300205078125;-0.1374969482421875;-0.0503387451171875;0.99200439453125;-0.0054014232009649;0.0057953046634793;-0.0013797837309539
1768216497460020500;29.5400205078125;-0.1339569091796875;-0.0540771484375;0.99090576171875;-0.0062246061861515;0.0016594156622886;-0.0012077435385435
1768216497470021400;29.550021484375;-0.1360931396484375;-0.047332763671875;0.99224853515625;-0.0010743191232904;0.0068688248284161;-0.0028138959314674
1768216497480022500;29.5600224609375;-0.1365203857421875;-0.04901123046875;0.990875244140625;-0.0012460930738598;0.0043287021107971;-0.0032724924385547
1768216497490022400;29.5700224609375;-0.134185791015625;-0.0504302978515625;0.9895477294921876;-0.0027670243289321;0.0060634850524365;-0.0041318945586681
1768216497500023300;29.580023193359377;-0.135009765625;-0.04986572265625;0.990692138671875;-0.0037779603153467;0.0067993164993822;-0.002805107505992
1768216497510023700;29.590023681640623;-0.1360931396484375;-0.049560546875;0.993072509765625;-0.0028871328104287;0.0073812170885503;-0.0019555592443794
1768216497520024600;29.600024658203125;-0.13653564453125;-0.04876708984375;0.989349365234375;-0.0076901437714695;0.006531935185194;-0.0014237258583307
1768216497530025500;29.610025390625;-0.136688232421875;-0.0496673583984375;0.9915313720703124;0.0005336974863894;0.0153049202635884;-0.0020801951177418
1768216497540025600;29.620025634765625;-0.1363525390625;-0.048065185546875;0.9891357421875;0.0014663364272564;0.0148838749155402;0.0023638217244297
1768216497550026500;29.630026611328127;-0.1343536376953125;-0.050384521484375;0.9903564453125;-0.0017278589075431;0.0077716368250548;0.0003230414295103
1768216497560026400;29.6400263671875;-0.1312103271484375;-0.05047607421875;0.990570068359375;-0.000654871284496;0.0053252568468451;-0.0027662254869937
1768216497570027500;29.650027587890627;-0.1339874267578125;-0.0509185791015625;0.991973876953125;-0.0046839676797389;0.0023827301338315;-0.0012567456578835
1768216497580028400;29.6600283203125;-0.1359100341796875;-0.052215576171875;0.9952545166015624;-0.0028746160678565;0.0037766287568956;-0.0049963565543293
1768216497590028500;29.670028564453126;-0.1382293701171875;-0.0524749755859375;0.9940185546875;-0.0020674120169132;0.0052509545348584;-0.0060696103610098
1768216497600029400;29.680029541015625;-0.136383056640625;-0.0510711669921875;0.9925689697265624;0.0012783173006027;0.0055476306006312;-0.0046655917540192
1768216497610029600;29.690029541015623;-0.137237548828125;-0.0490570068359375;0.990081787109375;0.0024660872295498;0.0058786617591977;-0.0023438481148332
1768216497620030500;29.700030517578124;-0.134033203125;-0.049713134765625;0.988677978515625;0.0016176040517166;0.0075458004139363;-0.0028799423016607
1768216497630031600;29.710031494140622;-0.1339874267578125;-0.0506439208984375;0.9894866943359376;-0.0014785870444029;0.0084965489804744;-0.0055039548315107
1768216497640031500;29.720031494140624;-0.13677978515625;-0.0498809814453125;0.9917144775390624;0.0014682007022202;0.0128675950691103;-0.0053372411057353
1768216497650032600;29.73003271484375;-0.1380462646484375;-0.0491485595703125;0.990447998046875;-0.0002053297212114;0.0152849461883306;-0.0065457834862172
1768216497660032500;29.740032470703124;-0.134246826171875;-0.05029296875;0.991424560546875;-0.0006679208017885;0.015166969038546;-0.0064722802489995
1768216497670033400;29.750033447265626;-0.13433837890625;-0.0505523681640625;0.991943359375;3.30231960106e-05;0.0123155219480395;-0.0070632356218993
1768216497680033500;29.760033447265624;-0.1290435791015625;-0.053253173828125;0.9915313720703124;-0.0016415724530816;0.0014010890154168;-0.0063702813349664
1768216497690034400;29.770034423828125;-0.1259765625;-0.0542449951171875;0.9928436279296876;-0.0019409117521718;-0.0058709387667477;-0.0045276400633156
1768216497700035600;29.78003564453125;-0.1305999755859375;-0.0512542724609375;0.993743896484375;-0.0033225596416741;-0.0031784826423972;-0.0020458402577787
1768216497710035500;29.790035400390625;-0.1327056884765625;-0.05059814453125;0.992034912109375;-0.0047627971507608;-0.0025691515766084;0.0003834952076431
1768216497720036600;29.80003662109375;-0.134307861328125;-0.0479278564453125;0.9922027587890624;-0.0043968791142106;0.0010311759542673;0.0001368864759569
1768216497730037500;29.81003759765625;-0.1387939453125;-0.0479736328125;0.9910430908203124;-0.0042738406918942;0.0006327670416794;-0.0022708773612976
1768216497740037400;29.820037353515627;-0.13909912109375;-0.04779052734375;0.9910736083984376;-0.0009723200928419;0.0044972798787057;-0.0009129316313192
1768216497750038300;29.830038330078125;-0.1381072998046875;-0.0454254150390625;0.9876251220703124;0.001227184664458;0.0037225666455924;-0.0027430558111518
1768216497760038400;29.840038330078126;-0.1360015869140625;-0.04833984375;0.9882965087890624;0.0020503676496446;0.0043095271103084;-0.0043566650710999
1768216497770039600;29.85003955078125;-0.1370086669921875;-0.0506439208984375;0.9909515380859376;0.0016668725293129;0.0037752971984446;-0.0083825653418898
1768216497780039400;29.860039306640623;-0.13739013671875;-0.050750732421875;0.9918670654296876;-0.0007739146240055;0.0050237872637808;-0.0066696205176413
1768216497790040600;29.87004052734375;-0.1343231201171875;-0.05108642578125;0.992156982421875;-0.0031417310237884;0.0046892939135432;-0.0040120519697666
1768216497800041500;29.88004150390625;-0.1354522705078125;-0.049163818359375;0.9929351806640624;-0.0060453754849731;0.0045761098153889;-0.0010745854815468
1768216497810041300;29.890041259765624;-0.1319580078125;-0.049560546875;0.993011474609375;-0.0059364521875977;0.0035848810803145;-0.0008495483780279
1768216497820042500;29.90004248046875;-0.131500244140625;-0.049072265625;0.991668701171875;-0.0018050905782729;0.004440554883331;0.0020865867845714
1768216497830042400;29.91004248046875;-0.133880615234375;-0.049407958984375;0.9902801513671876;-0.0025198829825967;0.0056006275117397;0.0005014732014387
1768216497840043500;29.92004345703125;-0.1334686279296875;-0.0497894287109375;0.9889984130859376;0.0009765811264514;0.0050216563977301;-0.0021691448055207
1768216497850044400;29.93004443359375;-0.1335906982421875;-0.0511627197265625;0.9883575439453124;-0.0004029362753499;0.0086616650223732;-0.002830141223967
1768216497860044500;29.94004443359375;-0.1322174072265625;-0.051727294921875;0.9890899658203124;-0.0017768610268831;0.0052903695032;-0.0042405514977872
1768216497870045400;29.95004541015625;-0.132354736328125;-0.0509185791015625;0.9912872314453124;-0.0018072210950776;0.005470132920891;-0.002020540414378
1768216497880045300;29.96004541015625;-0.1304168701171875;-0.052886962890625;0.9935760498046876;-0.0043156524188816;0.0040219058282673;-0.0044940845109522
1768216497890046500;29.97004638671875;-0.133392333984375;-0.053619384765625;0.9933624267578124;-0.0010849718237295;0.0061268685385584;-0.0049614692106842
1768216497900047600;29.980047607421874;-0.1382293701171875;-0.0510101318359375;0.9927978515625;0.0012785836588591;0.0092361085116863;-0.0037140443455427
1768216497910047500;29.990047607421875;-0.138763427734375;-0.050018310546875;0.9915771484375;0.001366734271869;0.0132047515362501;9.5074850833e-05
1768216497920048400;30.00004833984375;-0.13714599609375;-0.0484771728515625;0.9886322021484376;-0.000197872868739;0.0084470147266983;0.0013305152533575
1768216497930048500;30.010048583984375;-0.1319427490234375;-0.050384521484375;0.9882354736328124;-0.0011371697764843;0.0075311530381441;-0.0046093990094959
1768216497940049400;30.02004931640625;-0.1320648193359375;-0.0504150390625;0.989410400390625;-0.0004253068182151;-0.000446612102678;-0.0070184948854148
1768216497950050600;30.030050537109375;-0.13348388671875;-0.049774169921875;0.993499755859375;-0.0018109495285898;-0.002160090021789;-0.0088930940255522
1768216497960050700;30.04005078125;-0.1371612548828125;-0.0499725341796875;0.9936370849609376;0.0004010720585938;0.0004346278728917;-0.0090763196349143
1768216497970051600;30.050051513671875;-0.139007568359375;-0.0493621826171875;0.992950439453125;8.36232575238e-05;0.0046623959206044;-0.0070706927217543
1768216497980051500;30.060051513671876;-0.138397216796875;-0.0502166748046875;0.991607666015625;6.20516511844e-05;0.010015083476901;-0.0042927493341267
1768216497990052400;30.07005224609375;-0.1364898681640625;-0.050140380859375;0.991912841796875;0.0002932140196207;0.0111160343512892;-0.0026256104465574
1768216498000053500;30.080053466796876;-0.1317596435546875;-0.04937744140625;0.9885711669921876;-0.0010482202051207;0.0076051889918744;-0.0042024683207273
1768216498010053400;30.09005346679687;-0.132354736328125;-0.0506744384765625;0.9892120361328124;-0.003156644757837;0.0051755872555077;-0.0083615267649292
1768216498020054500;30.100054443359376;-0.13543701171875;-0.0488433837890625;0.9907073974609376;-0.0062166168354451;0.0032320122700184;-0.0099644837900996
1768216498030054700;30.1100546875;-0.136871337890625;-0.0510711669921875;0.9922637939453124;-0.0063745421357452;0.0030972564127296;-0.0117456056177616
1768216498040055600;30.1200556640625;-0.138763427734375;-0.05218505859375;0.9941864013671876;-0.0045825014822185;0.007407050114125;-0.0125647941604256
1768216498050055400;30.130055419921874;-0.139556884765625;-0.049468994140625;0.99072265625;-0.0028450549580156;0.0117458719760179;-0.0097730020061135
1768216498060056300;30.140056396484376;-0.138946533203125;-0.0491790771484375;0.9915771484375;0.0007709851488471;0.0114199006929993;-0.0060472399927675
1768216498070057500;30.150057373046874;-0.1355438232421875;-0.047760009765625;0.9903717041015624;0.0014916365034878;0.011984490789473;-0.0019062906503677
1768216498080057300;30.160057373046875;-0.1328887939453125;-0.0483551025390625;0.991790771484375;0.0001041295981849;0.0077961375936865;0.0003976099542342
1768216498090058500;30.17005859375;-0.12982177734375;-0.0513763427734375;0.9932861328125;-0.0017355820164084;0.0088808434084057;-0.0034597124904394
1768216498100059400;30.180059326171875;-0.13104248046875;-0.05108642578125;0.9919891357421876;-0.0023257385473698;0.0057849185541272;-0.0072166337631642
1768216498110059500;30.1900595703125;-0.1322021484375;-0.052398681640625;0.99102783203125;-0.0034450651146471;0.0049542784690856;-0.0086451536044478
1768216498120060400;30.200060302734375;-0.136444091796875;-0.0513153076171875;0.990447998046875;-0.0019278622930869;0.0088419606909155;-0.0079348888248205
1768216498130060500;30.210060546875;-0.13531494140625;-0.050201416015625;0.988739013671875;-0.0032088428270071;0.0085162566974759;-0.0045633264817297
1768216498140061400;30.2200615234375;-0.133941650390625;-0.0487060546875;0.9917449951171876;-0.0013709953054785;0.0084233125671744;-0.0023023027461022
1768216498150061300;30.230061279296876;-0.1349029541015625;-0.0485687255859375;0.9907379150390624;-0.0007776430575177;0.0132204638794064;-0.000199204441742
1768216498160062500;30.2400625;-0.1349945068359375;-0.0491790771484375;0.9913330078125;0.001750495750457;0.0184679571539163;-0.0009182579233311
1768216498170063600;30.250063720703125;-0.13665771484375;-0.0499114990234375;0.992279052734375;0.004081028047949;0.0228568464517593;-0.0015989618841558
1768216498180063500;30.2600634765625;-0.1332550048828125;-0.0527191162109375;0.989349365234375;0.0027656927704811;0.0209689307957887;-0.0050885020755231
1768216498190064400;30.270064453125;-0.131378173828125;-0.0527801513671875;0.9906005859375;0.0008884305134415;0.0154620464891195;-0.004850149154663
1768216498200064500;30.280064453125;-0.132171630859375;-0.0521392822265625;0.9912261962890624;-0.0007696535321883;0.0110023170709609;-0.0027707528788596
1768216498210065400;30.2900654296875;-0.1315460205078125;-0.0509796142578125;0.99237060546875;-0.00375372543931;0.0072086444124579;-0.0038820898625999
1768216498220066600;30.300066650390622;-0.13275146484375;-0.05047607421875;0.9921112060546876;-0.0015808524331077;0.0079415459185838;-0.0064917216077446
1768216498230066400;30.31006640625;-0.132293701171875;-0.0497283935546875;0.9914398193359376;-0.0021824603900313;0.0083008063957095;-0.0073862774297595
1768216498240067600;30.32006762695313;-0.134002685546875;-0.048919677734375;0.990966796875;-0.0015052186790853;0.0106462528929114;-0.0071617728099226
1768216498250067500;30.3300673828125;-0.1344146728515625;-0.0503692626953125;0.9904327392578124;-0.0013283847365528;0.0113977966830134;-0.0073231603018939
1768216498260068400;30.340068359375;-0.13427734375;-0.0489044189453125;0.9924468994140624;0.0023094932548701;0.0138255339115858;-0.005215800832957
1768216498270069200;30.3500693359375;-0.136932373046875;-0.04736328125;0.9923858642578124;0.0026450515724718;0.0199846271425485;-4.60726878372e-05
1768216498280069600;30.360069580078125;-0.13043212890625;-0.044342041015625;0.99481201171875;0.004376106429845;0.0113309510052204;-0.0010700580896809
1768216498290070500;30.370070556640623;-0.1314544677734375;-0.0496673583984375;0.9930419921875;0.0050980891101062;0.0052871736697852;-0.0034069819375872
1768216498300070400;30.3800703125;-0.131500244140625;-0.0503387451171875;0.9891510009765624;0.0028352013323456;0.0020194749813526;-0.0055558867752552
1768216498310071600;30.390071533203123;-0.1325531005859375;-0.0532073974609375;0.99163818359375;-0.0012362393317744;0.0017060210229828;-0.0084707159548997
1768216498320072400;30.400072509765625;-0.1321868896484375;-0.054534912109375;0.9912261962890624;-0.0046978159807622;0.0008532768115401;-0.0089900325983762
1768216498330072300;30.410072265625;-0.1331787109375;-0.0507659912109375;0.9923553466796876;-0.0054408381693065;0.0027667579706758;-0.0076709692366421
1768216498340073500;30.420073486328125;-0.1342010498046875;-0.049163818359375;0.992767333984375;-0.0031654331833124;0.0082137212157249;-0.0072051822207868
1768216498350073600;30.430073486328126;-0.1359405517578125;-0.0496063232421875;0.99322509765625;-0.0034200313966721;0.0094648748636245;-0.0091503551229834
1768216498360074000;30.440073974609376;-0.13555908203125;-0.04986572265625;0.993255615234375;-0.0005368932615965;0.0125408256426453;-0.0085487468168139
1768216498370075000;30.45007495117187;-0.1341400146484375;-0.0498199462890625;0.99102783203125;0.0027049726340919;0.0135874478146433;-0.0023401195649057
1768216498380075000;30.460074951171876;-0.1294708251953125;-0.0500030517578125;0.99066162109375;0.0034919367171823;0.0111264204606413;-0.0012277172645553
1768216498390076000;30.470075927734374;-0.127593994140625;-0.0505523681640625;0.9886932373046876;0.0011864382540807;0.004765460267663;-0.0033622407354414
1768216498400076000;30.480075927734376;-0.1269989013671875;-0.051361083984375;0.991424560546875;0.002035453915596;0.0047843689098954;-0.0037284255959093
1768216498410077200;30.4900771484375;-0.1307525634765625;-0.0500640869140625;0.9922027587890624;0.0002402171230642;0.0030826090369373;-0.0033715618774294
1768216498420078000;30.500078125;-0.133941650390625;-0.050537109375;0.992279052734375;-0.0015456987312063;0.0045201834291219;-0.005583849735558
1768216498430078000;30.510077880859377;-0.1318511962890625;-0.05230712890625;0.9915008544921876;-0.001343032112345;0.0081343594938516;-0.0088185248896479
1768216498440078800;30.520078857421876;-0.1336822509765625;-0.0499267578125;0.989654541015625;0.0004109257424715;0.0094968322664499;-0.0113826170563697
1768216498450079000;30.530078857421874;-0.13226318359375;-0.05218505859375;0.9898529052734376;-0.0004607268783729;0.0074680363759398;-0.010072873905301
1768216498460079900;30.540079833984375;-0.1312255859375;-0.05377197265625;0.9927978515625;-0.0018202705541625;0.0039009982720017;-0.0104832667857408
1768216498470081000;30.5500810546875;-0.130340576171875;-0.0522003173828125;0.9949493408203124;-0.0023062974214553;0.0021198762115091;-0.005756955128163
1768216498480081200;30.5600810546875;-0.13031005859375;-0.0526123046875;0.993621826171875;-0.0025486452504992;0.0021827267482876;0.0019992350134998
1768216498490082000;30.57008203125;-0.12860107421875;-0.05059814453125;0.9923248291015624;-0.001603755634278;-0.0012895026011392;0.0036152412649244
1768216498500082000;30.58008203125;-0.1300048828125;-0.0519866943359375;0.9919281005859376;-0.0035752938129007;-0.0008543420699425;0.0019124159589409
1768216498510083000;30.5900830078125;-0.1322174072265625;-0.050506591796875;0.9904022216796876;-0.0034426683560013;-0.0015598133904859;0.000422111043008
1768216498520083000;30.6000830078125;-0.1352386474609375;-0.048858642578125;0.9907684326171876;-0.0041619879193603;-0.0023190807551145;-0.0009209210984408
1768216498530083800;30.610083740234376;-0.136993408203125;-0.0480194091796875;0.9911346435546876;-0.0033902039285749;-0.0007973504252731;-0.0043449471704661
1768216498540085000;30.6200849609375;-0.1376953125;-0.0484771728515625;0.9908447265625;-0.0034514567814767;-0.0007020092452876;-0.0032458608038723
1768216498550085000;30.630085205078124;-0.1348114013671875;-0.0490570068359375;0.9890899658203124;-0.0008753810543566;-0.0001179780374513;-0.0056541571393609
1768216498560086000;30.6400859375;-0.13262939453125;-0.05096435546875;0.989410400390625;-0.0033334787003695;0.0007816377910785;-0.0093948328867554
1768216498570086000;30.6500859375;-0.130706787109375;-0.053955078125;0.9892120361328124;-0.0062855929136276;-0.0016844493802636;-0.010316819883883
1768216498580087000;30.66008715820313;-0.132781982421875;-0.05255126953125;0.9892730712890624;-0.0061625544913113;0.000664458668325;-0.0106585035100579
1768216498590088000;30.670087890625;-0.1335601806640625;-0.0521392822265625;0.988922119140625;-0.0039723711088299;0.0018945727497339;-0.0080158486962318
1768216498600087800;30.680087890625;-0.1320037841796875;-0.0507354736328125;0.99072265625;-0.0056829191744327;-0.0007728493656031;-0.0047345678322017
1768216498610089000;30.6900888671875;-0.13232421875;-0.0491485595703125;0.992584228515625;-0.0055209994316101;-0.0005856291390955;0.0012538161827251
1768216498620089000;30.70008911132813;-0.1338043212890625;-0.0492401123046875;0.9941864013671876;-0.0041595911607146;0.0011187939671799;0.0024929849896579
1768216498630090000;30.710090087890624;-0.1309967041015625;-0.04791259765625;0.9925384521484376;-0.0012942962348461;0.0026415893808007;0.0042075281962752
1768216498640091000;30.7200908203125;-0.1313934326171875;-0.0490875244140625;0.990325927734375;-0.0021387846209108;0.0016996293561533;-0.000720917712897
1768216498650091000;30.730091064453124;-0.1297149658203125;-0.0499420166015625;0.9901123046875;-0.0035830168053507;0.000190149701666;-0.000401604687795
1768216498660092000;30.740091796875;-0.1282501220703125;-0.0501251220703125;0.990570068359375;-0.0039689089171588;-0.0019763319287449;-0.0050195259973406
1768216498670091800;30.750091796875;-0.13134765625;-0.050506591796875;0.990631103515625;-0.0033214944414794;-0.0029547770973294;-0.0059897154569625
1768216498680093000;30.760093017578125;-0.1317138671875;-0.052337646484375;0.9909210205078124;-0.003156644757837;-0.0035119105596095;-0.0051079429686069
1768216498690094000;30.770093994140623;-0.13519287109375;-0.050323486328125;0.99298095703125;-0.0014298511669039;-0.0018764632986858;-0.003164634341374
1768216498700094000;30.780093994140625;-0.138153076171875;-0.0490875244140625;0.993865966796875;-0.0043239081278443;0.0032839439809322;-0.0019241338595747
1768216498710094800;30.7900947265625;-0.137451171875;-0.0497589111328125;0.99334716796875;-0.0018263958627358;0.0052767875604331;-0.0038754320703446
1768216498720095000;30.800094970703125;-0.1361541748046875;-0.0507354736328125;0.987335205078125;-0.0037438718136399;0.0081711104139685;-0.0080302292481064
1768216498730095900;30.810095947265623;-0.1337127685546875;-0.049285888671875;0.9883880615234376;-0.0031886028591543;0.0044109937734901;-0.0060395165346562
1768216498740097000;30.820096923828125;-0.1320343017578125;-0.0489349365234375;0.9906005859375;-0.0023401195649057;0.002027730923146;-0.0069127669557929
1768216498750097200;30.83009716796875;-0.134857177734375;-0.0483856201171875;0.9914093017578124;-0.0006468818173743;0.0075593828223645;-0.0036397422663867
1768216498760098000;30.84009814453125;-0.136505126953125;-0.051300048828125;0.9921417236328124;-0.0015899071004241;0.0106387957930564;-0.0017603494925424
1768216498770098000;30.850097900390622;-0.1360321044921875;-0.0509185791015625;0.99163818359375;-0.0040738373063504;0.0105860652402043;-0.0011163970921188
1768216498780098800;30.860098876953124;-0.1334381103515625;-0.0509033203125;0.9914398193359376;-0.0062999739311635;0.0098893819376826;-0.0063383234664797
1768216498790100000;30.870099853515622;-0.1327972412109375;-0.04876708984375;0.989532470703125;-0.0050416300073266;0.0074541876092553;-0.007040066178888
1768216498800100000;30.88010009765625;-0.13360595703125;-0.0478057861328125;0.9912567138671876;-0.0034711640328168;0.0003384877636563;-0.0060831923037767
1768216498810101000;30.89010107421875;-0.133026123046875;-0.04791259765625;0.993438720703125;-0.0041247038170695;-0.0031851406674832;-0.0066666910424828
1768216498820101000;30.90010107421875;-0.13592529296875;-0.0483245849609375;0.9953765869140624;-0.0003962783666793;-0.0011438276851549;-0.0069772158749401
1768216498830102000;30.91010205078125;-0.1383209228515625;-0.04998779296875;0.993377685546875;0.0009624664089642;0.0047311056405305;-0.0035039209760725
1768216498840102000;30.920101806640623;-0.136688232421875;-0.0509490966796875;0.99285888671875;0.002052764641121;0.0074448669329285;-0.0015398397808894
1768216498850102800;30.930102783203125;-0.13494873046875;-0.0497283935546875;0.9916229248046876;0.0016042882343754;0.0067852018401026;-0.0032365396618843
1768216498860104200;30.940104248046875;-0.131561279296875;-0.0501708984375;0.9897308349609376;0.0001158475060947;0.0072488579899072;-0.0019979034550487
1768216498870104000;30.95010400390625;-0.1281585693359375;-0.0500640869140625;0.9911346435546876;-0.0020415792241692;0.0033153691329061;-0.0039220373146235
1768216498880105000;30.96010498046875;-0.131927490234375;-0.0518798828125;0.991302490234375;-0.0019502328941598;0.0038266961928457;-0.0076999976299703
1768216498890105000;30.97010498046875;-0.1342315673828125;-0.0532073974609375;0.99041748046875;-0.0045223138295114;0.0048019457608461;-0.0086877644062042
1768216498900106000;30.98010595703125;-0.1345367431640625;-0.0516815185546875;0.9909210205078124;-0.0070203589275479;0.0077178408391773;-0.0068911956623196
1768216498910107000;30.99010693359375;-0.1360321044921875;-0.0517120361328125;0.9903717041015624;-0.0044650556519627;0.0115701034665107;-0.0077894800342619
1768216498920107000;31.00010693359375;-0.13397216796875;-0.049407958984375;0.99090576171875;-0.0040378849953413;0.0128316422924399;-0.0020437098573893
1768216498930108200;31.010108154296876;-0.1317596435546875;-0.048492431640625;0.9912109375;-0.0018437063554301;0.0109064439311623;0.0001233043585671
1768216498940108000;31.02010791015625;-0.1282196044921875;-0.0474090576171875;0.989990234375;-0.0006617955514229;0.0074328826740384;0.0021510352380573
1768216498950109000;31.03010888671875;-0.1294097900390625;-0.0485076904296875;0.993499755859375;-0.0016098808264359;0.0057497648522257;0.0007896272582001
1768216498960109800;31.04010986328125;-0.1313629150390625;-0.0495452880859375;0.9943389892578124;-0.0032983249984681;0.0045963497832417;0.0020357202738523
1768216498970110000;31.05010986328125;-0.131988525390625;-0.0488739013671875;0.99591064453125;-0.0060722734779119;0.0072587118484079;-0.0040240362286567
1768216498980110800;31.06011083984375;-0.134124755859375;-0.0515289306640625;0.994049072265625;-0.0052150022238492;0.0111943315714597;-0.0033712955191731
1768216498990111000;31.070111083984376;-0.13128662109375;-0.0525360107421875;0.992034912109375;-0.0035401401109993;0.0045319013297557;-0.0047484161332249
1768216499000112000;31.08011206054687;-0.1307830810546875;-0.053009033203125;0.9904632568359376;-0.0021941782906651;0.0001704423048067;-0.0077543258666992
1768216499010113000;31.090113037109376;-0.129974365234375;-0.0501251220703125;0.9923248291015624;-0.0024719461798667;-0.0006130596739239;-0.0086139943450689
1768216499020113000;31.10011279296875;-0.132080078125;-0.049468994140625;0.992919921875;-0.000549410120584;0.0001067927587428;-0.0068485848605632
1768216499030114000;31.110114013671875;-0.133636474609375;-0.0532684326171875;0.992919921875;-0.0021901836153119;0.0029095034115016;-0.0070062442682683
1768216499040114000;31.120114013671873;-0.134185791015625;-0.051666259765625;0.991912841796875;-0.004595817066729;0.0052727926522493;-0.0057308562099933
1768216499050114800;31.13011474609375;-0.1346588134765625;-0.0506134033203125;0.9912872314453124;-0.0045497445389628;0.0082616582512855;-0.0034495925065129
1768216499060116000;31.140115966796873;-0.1319732666015625;-0.050140380859375;0.9905548095703124;-0.0055793225765228;0.0046533411368727;-0.0043484093621373
1768216499070116000;31.1501162109375;-0.1284637451171875;-0.0502166748046875;0.990936279296875;-0.009828396141529;-0.005780657287687;-0.0066688214428722
1768216499080117000;31.160116943359377;-0.1324462890625;-0.0454864501953125;0.9925384521484376;-0.0054767909459769;0.0044863610528409;-0.0055710668675601
1768216499090116900;31.170116943359375;-0.13519287109375;-0.044525146484375;0.9916229248046876;-0.0025497104506939;0.0033691651187837;0.001333178486675
1768216499100118000;31.180117919921877;-0.1336517333984375;-0.0464935302734375;0.994232177734375;-0.0012066783383488;0.0053279199637472;0.0057625477202236
1768216499110119000;31.190118896484375;-0.132415771484375;-0.05035400390625;0.9940948486328124;-0.0021750037558376;0.0027047062758356;-0.0012719257501885
1768216499120119000;31.200119140625;-0.132659912109375;-0.0503387451171875;0.99176025390625;-0.0008021441171877;-0.0010839065071195;-0.0064696171320974
1768216499130120000;31.210119873046875;-0.133453369140625;-0.0500030517578125;0.9916229248046876;-0.0030983216129243;-0.0048181908205151;-0.0105999140068888
1768216499140120000;31.2201201171875;-0.1313323974609375;-0.051849365234375;0.99212646484375;-0.0030426615849137;-0.0078872181475162;-0.0097812581807374
1768216499150121000;31.230120849609374;-0.1322784423828125;-0.050750732421875;0.9926605224609376;-0.0029811426065862;-0.0074382089078426;-0.0072912024334073
1768216499160121900;31.240121826171876;-0.132965087890625;-0.0482635498046875;0.9929351806640624;-0.0042112567462027;-0.0076882797293365;-0.0018959043081849
1768216499170122000;31.2501220703125;-0.1301116943359375;-0.048248291015625;0.9930267333984376;-0.0095469001680612;-0.0155254304409027;0.0049811764620244
1768216499180123100;31.260123046875;-0.12738037109375;-0.0515899658203125;0.9948272705078124;-0.0032083101104944;-0.0097090862691402;-0.0072557823732495
1768216499190123000;31.270123046875;-0.13604736328125;-0.0477447509765625;0.98980712890625;-0.0032916669733822;-0.007643005810678;-0.0057662762701511
1768216499200124000;31.2801240234375;-0.1372528076171875;-0.0499420166015625;0.9876861572265624;-0.0047638625837862;-0.0027792749460786;-0.0107328053563833
1768216499210124000;31.2901240234375;-0.1397247314453125;-0.05108642578125;0.98724365234375;-0.0050584082491695;0.0014373080339282;-0.0048711877316236
1768216499220125000;31.300125;-0.138092041015625;-0.046539306640625;0.989990234375;-0.0075330175459384;0.0026714168488979;-0.0022439796011894
1768216499230125800;31.310125732421874;-0.13458251953125;-0.048858642578125;0.9942169189453124;-0.0052299154922366;0.0009422263829037;0.0029521139804273
1768216499240126000;31.3201259765625;-0.1292266845703125;-0.0509185791015625;0.99420166015625;-0.009280583821237;-0.0071311462670564;0.0031880701426416
1768216499250127000;31.330127197265625;-0.1254119873046875;-0.05035400390625;0.99407958984375;-0.0108965896070003;-0.0206371005624532;0.0316098593175411
1768216499260127000;31.340126953125;-0.1190338134765625;-0.0515899658203125;0.996002197265625;-0.0184165574610233;-0.0173486303538084;-0.0073292856104671
1768216499270128000;31.350128173828125;-0.1362762451171875;-0.049285888671875;0.994781494140625;-0.0130715938284993;-0.0208448283374309;0.0035603800788521
1768216499280129000;31.36012890625;-0.1367645263671875;-0.04302978515625;0.9920196533203124;-0.0134183373302221;-0.0137986363843083;-0.0002287655370309
1768216499290129000;31.37012890625;-0.137908935546875;-0.0494232177734375;0.988311767578125;-0.0094294548034667;-0.0170431658625602;-0.0004223773430567
1768216499300129800;31.3801298828125;-0.1351165771484375;-0.0489959716796875;0.986724853515625;-0.0071601746603846;-0.0154713680967688;-0.005617672111839
1768216499310130000;31.3901298828125;-0.138946533203125;-0.050506591796875;0.9865570068359376;-0.0078770974650979;-0.0155872153118252;-0.0095791239291429
1768216499320131000;31.400131103515623;-0.1405181884765625;-0.0514678955078125;0.98736572265625;-0.0085466168820858;-0.0176562257111072;-0.0113107115030288
1768216499330132000;31.410132080078125;-0.1401824951171875;-0.0514984130859375;0.98919677734375;-0.0076102488674223;-0.0143768088892102;-0.0193478651344776
1768216499340132000;31.42013208007813;-0.14044189453125;-0.051513671875;0.989959716796875;-0.0041907504200935;-0.0110723581165075;-0.0244725868105888
1768216499350133000;31.430133056640624;-0.14337158203125;-0.0477294921875;0.9895477294921876;-0.0034991272259503;-0.0026652915403246;-0.022439794614911
1768216499360133000;31.440133056640622;-0.1414947509765625;-0.0477752685546875;0.99053955078125;-0.0003850930952467;-0.0041755703277885;-0.0195089858025312
1768216499370134000;31.450134033203124;-0.138031005859375;-0.0459747314453125;0.9914398193359376;-0.0013523531379178;-0.0001302285818383;-0.0077066556550562
1768216499380135200;31.46013525390625;-0.1343841552734375;-0.037933349609375;0.9960479736328124;-0.0027483822777867;-0.0086014773696661;0.0203846339136362
