timestamp;acc_z;acc_y;acc_x;gyro_z;gyro_y;gyro_x
1767708902719721000;-0.0098419189453125;0.0099334716796875;0.996185302734375;0.008193481713533401;0.022458171471953392;-0.007096791639924049
1767708902729720800;-0.0080413818359375;0.0092010498046875;0.9982147216796875;0.007735684048384428;0.020013654604554176;0.0007701861904934049
1767708902739720700;-0.0090179443359375;0.008270263671875;0.9996795654296875;0.007766043767333031;0.011236408725380898;-0.0032498554792255163
1767708902749721900;-0.0069732666015625;0.0048675537109375;0.9998321533203125;0.012693158350884914;0.009486446157097816;-0.011189005337655544
1767708902759721700;-0.00433349609375;0.0068359375;1.004302978515625;0.016268718987703323;0.005369198974221945;-0.020314592868089676
1767708902769721900;-0.007720947265625;0.005950927734375;1.0072784423828125;0.015983493998646736;0.0024027039762586355;-0.016988305374979973
1767708902779721700;-0.0139007568359375;0.006378173828125;1.0047607421875;0.018142251297831535;0.00010519486386328936;-0.010779676958918571
1767708902789722600;-0.013427734375;0.009735107421875;1.00299072265625;0.01853480190038681;0.002843989757820964;-0.0032256206031888723
1767708902799722800;-0.0093994140625;0.0112152099609375;0.9995574951171875;0.021090904250741005;0.007030212786048651;-0.003913515247404575
1767708902809722600;-0.0064544677734375;0.0088653564453125;1.0016021728515625;0.021258417516946793;0.017121994867920876;0.0017507621087133884
1767708902819722800;-0.0083770751953125;0.00909423828125;1.0015411376953125;0.017528926953673363;0.018504176288843155;0.0034874093253165483
1767708902829722600;-0.0021820068359375;0.0085601806640625;1.001556396484375;0.0137227363884449;0.014515292830765247;-0.004306331276893616
1767708902839723800;-0.00115966796875;0.0094146728515625;1.000030517578125;0.013561614789068699;0.011862251907587051;-0.010100836865603924
1767708902849724000;-0.0074615478515625;0.007781982421875;0.9970245361328125;0.009387110359966755;0.020418722182512283;-0.011254518292844296
1767708902859723800;-0.0131378173828125;0.0084991455078125;0.9947509765625;0.008975119329988956;0.023749537765979767;-0.010967696085572243
1767708902869724000;-0.0074462890625;0.0082244873046875;0.9999237060546875;0.008347677998244762;0.018568623811006546;-0.013003416359424591
1767708902879724800;-0.0027923583984375;0.00567626953125;1.0006103515625;0.008315187878906727;0.01332778949290514;-0.014586399309337139
1767708902889724700;-0.0058441162109375;0.007904052734375;1.002105712890625;0.010010023601353168;0.01004917174577713;-0.011885154992341995
1767708902899724800;-0.0060577392578125;0.0083160400390625;1.0019378662109375;0.01077142171561718;0.009792443364858627;-0.008610532619059086
1767708902909724700;-0.007080078125;0.01092529296875;1.000701904296875;0.011994345113635063;0.01296426821500063;-0.007224090863019228
1767708902919724800;-0.008941650390625;0.0120391845703125;0.9997100830078125;0.01022547297179699;0.01643143780529499;-0.005360144190490246
1767708902929725700;-0.00897216796875;0.0099639892578125;0.999786376953125;0.009063003584742546;0.018622154369950294;-0.006929545197635889
1767708902939725600;-0.0082550048828125;0.0114288330078125;0.999969482421875;0.007982558570802212;0.024748222902417183;-0.004282363224774599
1767708902949725700;-0.01220703125;0.0106353759765625;0.99945068359375;0.00612420542165637;0.030117422342300415;0.0013851100811734796
1767708902959725600;-0.011138916015625;0.007781982421875;0.9959564208984375;0.0037148434203118086;0.03575107455253601;0.007685350254178047
1767708902969726000;-0.0101776123046875;0.0097808837890625;0.9953155517578125;-0.004048271104693413;0.03527223691344261;0.017076721414923668
1767708902979726800;-0.0076751708984375;0.0105438232421875;0.99072265625;-0.011114968918263912;0.043954409658908844;0.019784091040492058
1767708902989726700;-0.00152587890625;0.009429931640625;0.9904937744140625;-0.00920228660106659;0.0547785609960556;0.012809005565941334
1767708902999726800;0.0003509521484375;0.0067596435546875;0.9983673095703125;-0.006704241503030062;0.058765310794115067;0.007841943763196468
1767708903009726700;-0.0009002685546875;0.0055084228515625;1.00604248046875;-0.003915912006050348;0.06102047860622406;0.00364719913341105
1767708903019727600;-0.0054473876953125;0.00555419921875;1.0096435546875;-0.0014112089993432164;0.06054243817925453;0.010497648268938065
1767708903029727700;-0.0093231201171875;0.006561279296875;1.01055908203125;-0.00407437002286315;0.05499933660030365;0.027284618467092514
1767708903039727600;-0.00628662109375;0.008758544921875;1.0093231201171875;-0.00737189594656229;0.053708501160144806;0.02532240003347397
1767708903049727700;0.00518798828125;0.0086669921875;1.00994873046875;-0.004185956437140703;0.03982650861144066;0.008647018112242222
1767708903059727600;0.0044403076171875;0.0093841552734375;1.01031494140625;-0.002752376953139901;0.029988525435328484;0.008892827667295933
1767708903069728500;-0.009765625;0.0131988525390625;1.0066070556640625;-0.0032027175184339285;0.03251133859157562;0.019364643841981888
1767708903079729000;-0.01251220703125;0.01519775390625;1.0034027099609375;-0.0034200313966721296;0.03753379359841347;0.036672525107860565
1767708903089728800;-0.01123046875;0.01702880859375;0.99749755859375;-0.00506799528375268;0.04958060383796692;0.04481274634599686
1767708903099729000;-0.0075836181640625;0.0155181884765625;0.992706298828125;-0.004491953644901514;0.05824173614382744;0.04511101916432381
1767708903109729800;-0.0012359619140625;0.0142669677734375;0.9939422607421875;-0.002079928759485483;0.061229802668094635;0.0356791689991951
1767708903119729700;0.005615234375;0.01092529296875;0.9966888427734375;-0.0019947076216340065;0.06443225592374802;0.024461401626467705
1767708903129729800;0.0072784423828125;0.00653076171875;0.9975128173828125;-0.003553189570084214;0.07286861538887024;0.015677763149142265
1767708903139729700;0.0049896240234375;0.00543212890625;1.0001678466796875;-0.006798517424613237;0.06729541718959808;0.012494486756622791
1767708903149729800;0.0052947998046875;0.0032806396484375;1.0028533935546875;-0.006104231346398592;0.05013613775372505;0.0178743377327919
1767708903159730700;0.004791259765625;0.008758544921875;1.0055694580078125;-0.00105354655534029;0.040660079568624496;0.03209375590085983
1767708903169730600;-0.001220703125;0.016448974609375;1.0109405517578125;0.011806059628725052;0.03961292281746864;0.04343855381011963
1767708903179730700;-0.003814697265625;0.01519775390625;1.011444091796875;0.028870264068245888;0.04692729562520981;0.05372900888323784
1767708903189730600;-0.007232666015625;0.0179901123046875;1.0096435546875;0.031071100383996964;0.04865781590342522;0.05374312400817871
1767708903199731700;-0.00103759765625;-0.0030517578125;1.0046539306640625;0.02617621049284935;0.042560774832963943;0.05396096780896187
1767708903209731800;0.009674072265625;-0.0011444091796875;0.9993133544921875;0.022536734119057655;0.043470777571201324;0.04952014982700348
1767708903219731700;0.0139007568359375;0.009857177734375;0.995819091796875;0.022358302026987076;0.04840455204248428;0.03743205964565277
1767708903229731800;0.0124969482421875;0.0094146728515625;0.99505615234375;0.025047030299901962;0.06144418567419052;0.02514529973268509
1767708903239731700;0.0032958984375;0.0070953369140625;0.9971160888671875;0.027354925870895386;0.08086129277944565;0.02726544253528118
1767708903249732600;-0.0052642822265625;0.0035247802734375;0.997650146484375;0.026161829009652138;0.10477913916110992;0.04820001870393753
1767708903259732700;-0.0106048583984375;0.006622314453125;1.0025482177734375;0.03320722281932831;0.12152297049760818;0.06873725354671478
1767708903269732600;0.0002899169921875;0.008453369140625;1.00494384765625;0.03880571946501732;0.09780432283878326;0.06423171609640121
1767708903279732700;0.024139404296875;0.0058135986328125;1.0023193359375;0.031149929389357567;0.0525958314538002;0.037394244223833084
1767708903289732600;0.038055419921875;0.0023193359375;0.999969482421875;0.016208797693252563;-0.006028864067047834;0.0025574336759746075
1767708903299733800;0.0415191650390625;0.0007171630859375;0.99737548828125;0.01152802538126707;-0.027588218450546265;-0.02268959954380989
1767708903309733600;0.02105712890625;0.0095672607421875;0.998809814453125;0.004340420011430979;-0.012799418531358242;-0.013770140707492828
1767708903319733500;0.001373291015625;0.0111236572265625;0.99786376953125;0.00723607512190938;-0.013354421593248844;0.011289140209555626
1767708903329734000;-0.00146484375;0.0071258544921875;1.00408935546875;-0.0010090717114508152;-0.004978513345122337;0.039265379309654236
1767708903339734800;-0.0057373046875;0.0069732666015625;1.0007781982421875;-0.0020841897930949926;0.0038400120101869106;0.063911072909832
1767708903349734700;-0.001373291015625;0.0050201416015625;1.001861572265625;-0.0006607302348129451;0.00817936658859253;0.07085872441530228
1767708903359734800;0.008056640625;0.0055999755859375;1.005401611328125;0.0013590110465884209;-0.003579022129997611;0.06482453644275665
1767708903369734700;0.0213165283203125;0.0072479248046875;1.0111541748046875;0.008348743431270123;-0.014940333552658558;0.05047063156962395
1767708903379734800;0.0268402099609375;0.005828857421875;1.0121917724609375;0.005449626594781876;-0.013760553672909737;0.03184288367629051
1767708903389736000;0.0259857177734375;0.0026397705078125;1.0046844482421875;0.004736165516078472;-0.019116437062621117;0.00549303600564599
1767708903399735800;0.03192138671875;0.00054931640625;1.002777099609375;-0.0009643306257203221;-0.022555110976099968;-0.008772718720138073
1767708903409736000;0.0232391357421875;-0.0031585693359375;1.0001220703125;-0.0028386632911860943;-0.025624403730034828;-0.0101375887170434
1767708903419735800;0.0171661376953125;-0.00238037109375;1.0007171630859375;-0.008215852081775665;-0.027162645012140274;-0.006922088097780943
1767708903429737000;0.0124359130859375;-0.0030517578125;0.999908447265625;-0.012927516363561153;-0.025109080597758293;-0.00948245171457529
1767708903439736800;0.0108489990234375;-0.0056304931640625;0.9953765869140625;-0.01967996172606945;-0.023419838398694992;-0.011321363970637321
1767708903449737000;0.0032806396484375;-0.0023040771484375;0.990814208984375;-0.019120164215564728;-0.0056954361498355865;-0.0023329290561378
1767708903459736800;-0.0022430419921875;0.00640869140625;0.9873199462890625;-0.016465792432427406;0.021204354241490364;0.006150037981569767
1767708903469736700;-0.0035858154296875;0.0077362060546875;0.9855194091796875;-0.013569071888923645;0.033314015716314316;0.018748387694358826
1767708903479737900;-0.002960205078125;0.007080078125;0.9869842529296875;-0.013917679898440838;0.0341036431491375;0.024688567966222763
1767708903489737700;0.0070648193359375;0.00689697265625;0.9934844970703125;-0.010247311554849148;0.03160399943590164;0.01738112047314644
1767708903499737900;0.01171875;0.0059814453125;1.0034942626953125;-0.00666269613429904;0.03506584092974663;0.006216350477188826
1767708903509738000;0.0055084228515625;0.0081939697265625;1.0103302001953125;-0.0031523837242275476;0.038176149129867554;0.0009334379574283957
1767708903519739000;0.002685546875;0.0084075927734375;1.013702392578125;-0.003913515247404575;0.03558063134551048;-0.010688863694667816
1767708903529739000;0.0081329345703125;0.0094757080078125;1.01470947265625;-0.003457848448306322;0.015115569345653057;-0.01992523856461048
1767708903539739000;0.01226806640625;0.0095367431640625;1.0119781494140625;-0.0062704128213226795;0.0005067995516583323;-0.017102021723985672
1767708903549739000;0.01007080078125;0.00830078125;1.004364013671875;-0.0031129689887166023;-0.015471368096768856;-0.01673317328095436
1767708903559739000;0.0118560791015625;0.0080718994140625;1.00445556640625;-0.0018764632986858487;-0.0249029528349638;-0.011659319512546062
1767708903569739800;0.010284423828125;0.0059051513671875;1.0058441162109375;0.00044661210267804563;-0.03749491274356842;-0.0028455876745283604
1767708903579740000;0.0050048828125;0.003662109375;1.0059051513671875;0.003847202518954873;-0.038115959614515305;0.007737015374004841
1767708903589739800;-0.0027313232421875;0.005126953125;1.0041656494140625;0.007604124024510384;-0.02906334213912487;0.010822554118931293
1767708903599740000;-0.0001373291015625;0.004150390625;1.0034637451171875;0.005679191090166569;-0.02762177400290966;0.0044195158407092094
1767708903609741000;0.0005035400390625;0.0039825439453125;0.99920654296875;0.004734035115689039;-0.03026336431503296;-0.0006093312404118478
1767708903619741000;-0.0026397705078125;0.00628662109375;0.9947967529296875;0.006127400789409876;-0.02629711851477623;-0.006271744146943092
1767708903629741000;-0.004486083984375;0.00616455078125;0.9970550537109375;0.0073111760430037975;-0.025983396917581558;-0.016259929165244102
1767708903639741000;0.0001220703125;0.0019683837890625;0.9994049072265625;0.0036338833160698414;-0.03452042490243912;-0.024276044219732285
1767708903649741000;0.0005950927734375;-0.0004730224609375;1.000213623046875;-0.0024714134633541107;-0.031383223831653595;-0.02388961985707283
1767708903659742000;-0.0029754638671875;-0.0001220703125;0.999237060546875;-0.00640756543725729;-0.03638570383191109;-0.02377430535852909
1767708903669741800;0.0001983642578125;0.00177001953125;1.0043792724609375;-0.010413758456707;-0.04561994969844818;-0.011317369528114796
1767708903679742000;-0.0058441162109375;0.003875732421875;1.007110595703125;-0.016227705404162407;-0.05113109573721886;0.002969424705952406
1767708903689741800;-0.006500244140625;0.00274658203125;1.003570556640625;-0.020373715087771416;-0.06045402213931084;0.00564030883833766
1767708903699742700;-0.00494384765625;0.004852294921875;1.00372314453125;-0.02490348555147648;-0.061951253563165665;0.003742007538676262
1767708903709742800;-0.001251220703125;0.0048828125;1.006927490234375;-0.024106135591864586;-0.060266535729169846;-0.0018293253378942609
1767708903719742700;-0.002899169921875;0.00408935546875;1.0040283203125;-0.025194834917783737;-0.06121169030666351;0.002624545246362686
1767708903729742800;-0.010498046875;0.0055999755859375;1.0020294189453125;-0.02124456875026226;-0.05192551389336586;0.007003581151366234
1767708903739742700;-0.0135040283203125;0.0087127685546875;1.0013427734375;-0.019638948142528534;-0.04758962243795395;0.01429291907697916
1767708903749743900;-0.0155181884765625;0.0086822509765625;0.9990692138671875;-0.02003762312233448;-0.0550970733165741;0.02273700386285782
1767708903759744000;-0.0153961181640625;0.007110595703125;0.9977874755859375;-0.021269602701067924;-0.05829606205224991;0.028735240921378136
1767708903769744000;-0.017486572265625;0.0074462890625;0.9979095458984375;-0.025056084617972374;-0.057854510843753815;0.032585106790065765
1767708903779744000;-0.0203094482421875;0.0096282958984375;0.9991912841796875;-0.03086337447166443;-0.05348586291074753;0.030670294538140297
1767708903789743900;-0.0216064453125;0.010223388671875;0.9957733154296875;-0.037211816757917404;-0.051001399755477905;0.0341811403632164
1767708903799744800;-0.020721435546875;0.0088043212890625;0.99847412109375;-0.03983156755566597;-0.044984519481658936;0.04765327274799347
1767708903809745000;-0.0203094482421875;0.0086517333984375;1.0058746337890625;-0.04181376099586487;-0.04247715324163437;0.07727907598018646
1767708903819744800;-0.0219573974609375;0.0082855224609375;1.0085601806640625;-0.05018700286746025;-0.026566630229353905;0.1128610372543335
1767708903829745000;-0.0179290771484375;0.0121002197265625;1.001983642578125;-0.05540333688259125;-0.01804637908935547;0.1351567506790161
1767708903839745800;0.0004730224609375;0.0122222900390625;0.9989013671875;-0.0581999234855175;-0.011118963360786438;0.13725905120372772
1767708903849745700;0.008453369140625;0.0145416259765625;0.996978759765625;-0.057909637689590454;-0.0049188584089279175;0.12225134670734406
1767708903859745800;0.0125579833984375;0.0149688720703125;0.9972381591796875;-0.06143193691968918;0.021578794345259666;0.12817713618278503
1767708903869746000;-0.0006561279296875;0.009124755859375;0.998687744140625;-0.08738470822572708;0.09167718887329102;0.21411468088626862
1767708903879746000;-0.024810791015625;0.0081329345703125;0.9993438720703125;-0.1075749322772026;0.1313827931880951;0.3307078778743744
1767708903889747000;-0.0028228759765625;0.0229034423828125;1.0068511962890625;-0.11682195961475372;0.09978864341974258;0.33436015248298645
1767708903899746800;0.0330963134765625;0.0253753662109375;1.0125885009765625;-0.10536131262779236;0.09191740304231644;0.2758563458919525
1767708903909747000;0.0279693603515625;0.0255126953125;1.0001373291015625;-0.07672886550426483;0.1007218137383461;0.2107846736907959
1767708903919746800;0.0299530029296875;0.0272216796875;0.9860687255859375;-0.04969644919037819;0.07105420529842377;0.1342286467552185
1767708903929747700;0.0347137451171875;0.0256500244140625;0.979461669921875;-0.0302583035081625;0.013361611403524876;0.06706558912992477
1767708903939747800;0.0259246826171875;0.019927978515625;0.9861602783203125;-0.02961035631597042;-0.032218921929597855;0.03592151403427124
1767708903949747700;0.007598876953125;0.0112457275390625;1.009613037109375;-0.03492283076047897;-0.042518433183431625;0.03952557221055031
1767708903959747800;-0.0020599365234375;0.006866455078125;1.024993896484375;-0.04729507863521576;-0.06006280332803726;0.041007619351148605
1767708903969747700;-0.00469970703125;0.0052642822265625;1.02545166015625;-0.05078861117362976;-0.08032573014497757;0.03900519013404846
1767708903979748900;-0.0088958740234375;0.0053558349609375;1.0214080810546875;-0.048051148653030396;-0.08793704956769943;0.038417164236307144
1767708903989749000;-0.0058135986328125;0.0058135986328125;1.0080413818359375;-0.04116048663854599;-0.10783059149980545;0.020423516631126404
1767708903999748900;0.00653076171875;0.013031005859375;0.99603271484375;-0.03458620607852936;-0.12801282107830048;-0.004945490043610334
1767708904009749000;0.0134429931640625;0.01507568359375;0.99041748046875;-0.026074742898344994;-0.13952088356018066;-0.03416622430086136
1767708904019750000;0.0159759521484375;0.014801025390625;0.9926910400390625;-0.010703776963055134;-0.1334986686706543;-0.053523145616054535
1767708904029749800;0.00628662109375;0.0201416015625;0.993927001953125;0.010636931285262108;-0.12156904488801956;-0.06685865670442581
1767708904039750000;0.004486083984375;0.0223388671875;0.9961395263671875;0.015396267175674438;-0.14328818023204803;-0.08632423728704453
1767708904049749800;0.0138397216796875;0.022064208984375;0.9981231689453125;-0.03819532319903374;-0.27995920181274414;-0.12972231209278107
1767708904059750000;0.014862060546875;0.0291900634765625;1.025543212890625;0.0028812738601118326;-0.18307368457317352;-0.02202753722667694
1767708904069750800;-0.0562896728515625;0.018463134765625;1.0142364501953125;0.013258014805614948;-0.1766757071018219;0.02749420888721943
1767708904079750700;-0.01995849609375;0.025115966796875;0.9871978759765625;0.02454608865082264;-0.18162518739700317;0.014363759197294712
1767708904089750800;-0.01031494140625;0.0216217041015625;0.9968109130859375;0.028842832893133163;-0.17004257440567017;0.026732811704277992
1767708904099750700;-0.0257568359375;0.0234832763671875;0.997650146484375;0.029439382255077362;-0.09436485171318054;0.07798907160758972
1767708904109752000;-0.037689208984375;0.0262908935546875;1.0020751953125;0.02786758355796337;-0.05064213648438454;0.08787818998098373
1767708904119752000;-0.0102996826171875;0.0262451171875;1.001922607421875;0.013848970644176006;-0.05116225406527519;0.070868581533432
1767708904129751800;-0.0108184814453125;0.0206298828125;0.9950714111328125;-0.006570018362253904;-0.05659909546375275;0.06964725255966187
1767708904139752000;-0.0252227783203125;0.0165863037109375;0.9884033203125;-0.028916602954268456;-0.0575900599360466;0.07241294533014297
1767708904149751800;-0.02880859375;0.015350341796875;0.9793243408203125;-0.04813157767057419;-0.06688608974218369;0.06899664551019669
1767708904159753000;-0.018890380859375;0.0120697021484375;0.976165771484375;-0.05774452164769173;-0.09534862637519836;0.07100173830986023
1767708904169752800;-0.007720947265625;0.009307861328125;0.9744720458984375;-0.06772418320178986;-0.10237403959035873;0.07213810831308365
1767708904179752700;-0.0089874267578125;0.0089874267578125;0.994110107421875;-0.06424982845783234;-0.1042632907629013;0.05007515102624893
1767708904189752800;0.00042724609375;0.0109100341796875;1.0118255615234375;-0.05300436168909073;-0.08919592201709747;0.026972495019435883
1767708904199753700;-0.0091552734375;0.01708984375;1.0207366943359375;-0.027409520000219345;-0.05537697300314903;-0.017904166132211685
1767708904209753900;-0.0160369873046875;0.0156707763671875;1.026947021484375;-0.01890072040259838;-0.03941851109266281;-0.03446369990706444
1767708904219753700;-0.0234375;0.0189361572265625;1.017333984375;-0.010075803846120834;-0.024761272594332695;-0.04054263234138489
1767708904229753900;-0.0174102783203125;0.0232696533203125;1.0206298828125;-0.0005233111442066729;0.07980641722679138;-0.09383328258991241
1767708904239754000;0.01373291015625;0.033843994140625;1.0191650390625;-0.0073532541282474995;0.06057706102728844;-0.11507066339254379
1767708904249755000;-0.0170135498046875;0.0208892822265625;0.9923553466796875;-0.020680245012044907;-0.010899253189563751;-0.03971146047115326
1767708904259755000;-0.057037353515625;0.0315399169921875;1.0069580078125;-0.023145532235503197;-0.03141225129365921;0.014148576185107231
1767708904269755000;-0.0349273681640625;0.0328826904296875;1.025360107421875;-0.02160862274467945;-0.03482003137469292;0.031922779977321625
1767708904279754800;-0.0249176025390625;0.0325775146484375;1.017608642578125;-0.013037238270044327;-0.040830519050359726;0.026374615728855133
1767708904289756000;-0.0220947265625;0.0338897705078125;1.0128936767578125;-0.006371612660586834;-0.07295224070549011;0.019962523132562637
1767708904299755800;-0.0249786376953125;0.02471923828125;1.0074310302734375;0.00025486451340839267;-0.1014816164970398;0.022038722410798073
1767708904309756000;-0.0316162109375;0.024871826171875;1.0040740966796875;0.005637645721435547;-0.1104908213019371;0.017716679722070694
1767708904319755800;-0.0311737060546875;0.0230712890625;1.0000457763671875;0.011958392336964607;-0.09426525235176086;0.007279750891029835
1767708904329756000;-0.03118896484375;0.0208282470703125;0.994903564453125;0.0207686610519886;-0.04616323485970497;-0.021155884489417076
1767708904339757000;-0.01861572265625;0.0196380615234375;1.001007080078125;0.036433640867471695;-0.02333834581077099;-0.05642732232809067
1767708904349757400;-0.0117034912109375;0.015869140625;1.0106048583984375;0.04018763452768326;-0.017297230660915375;-0.07937551289796829
1767708904359757300;-0.021575927734375;0.016754150390625;1.0033111572265625;0.0462588407099247;-0.027968784794211388;-0.07261881232261658
1767708904369757400;-0.03460693359375;0.0172271728515625;0.9999542236328125;0.05044160038232803;-0.04193413257598877;-0.07465159893035889
1767708904379758300;-0.0243377685546875;0.02008056640625;1.0043182373046875;0.06016533449292183;-0.05407894775271416;-0.09338533878326416
1767708904389758500;-0.0200042724609375;0.0217742919921875;1.0058441162109375;0.06409935653209686;-0.054485347121953964;-0.10622310638427734
1767708904399758300;-0.0318450927734375;0.02056884765625;0.9986572265625;0.06326552480459213;-0.04641224071383476;-0.08435323089361191
1767708904409758200;-0.03802490234375;0.025146484375;0.997467041015625;0.05859833210706711;-0.04652702063322067;-0.06341252475976944
1767708904419759400;-0.032562255859375;0.0236358642578125;0.995574951171875;0.04813849925994873;-0.04126328229904175;-0.0507822223007679
1767708904429759200;-0.0384521484375;0.02117919921875;0.983917236328125;0.04242974892258644;-0.013982128351926804;-0.05862309783697128
1767708904439759400;-0.040130615234375;0.0189056396484375;0.980499267578125;0.03690448775887489;0.013059609569609165;-0.059726979583501816
1767708904449759200;-0.0438079833984375;0.0211181640625;0.9782867431640625;0.01865810714662075;0.04014608636498451;-0.0379047729074955
1767708904459759400;-0.051116943359375;0.020599365234375;0.9713897705078125;-0.018666628748178482;0.08184453099966049;-0.0060179452411830425
1767708904469760500;-0.055999755859375;0.035186767578125;0.9481658935546875;-0.050089798867702484;0.07958324253559113;0.04011386260390282
1767708904479760400;-0.0565032958984375;0.0053558349609375;0.972869873046875;-0.04048404470086098;0.03514467179775238;0.04244599491357803
1767708904489760500;-0.0303802490234375;-0.0105133056640625;1.0208282470703125;-0.027951207011938095;0.0304401982575655;0.034378211945295334
1767708904499760400;-0.0307769775390625;0.0062713623046875;1.0320892333984375;-0.00535428524017334;0.034685008227825165;0.030822627246379852
1767708904509761300;-0.0240631103515625;0.0135498046875;1.037811279296875;0.007770837750285864;0.02245284430682659;0.014902516268193722
1767708904519761400;-0.011871337890625;0.018402099609375;1.024169921875;0.014767760410904884;-0.004939364735037088;0.0031521173659712076
1767708904529761300;-0.016815185546875;0.021881103515625;1.0150604248046875;0.018172612413764;-0.03699183836579323;-0.003153981640934944
1767708904539761400;-0.02789306640625;0.0181732177734375;1.0084228515625;0.012240687385201454;-0.0676639974117279;0.014611433260142803
1767708904549761300;-0.043731689453125;0.0169830322265625;0.9989776611328125;0.00634817685931921;-0.07339858263731003;0.03196272626519203
1767708904559762200;-0.0400848388671875;0.0198516845703125;0.9970550537109375;0.004201669245958328;-0.06684534251689911;0.03880119323730469
1767708904569762300;-0.03277587890625;0.0157318115234375;0.9928436279296875;0.00418515782803297;-0.07073275744915009;0.031000526621937752
1767708904579762200;-0.0281829833984375;0.010589599609375;0.993011474609375;0.0035923379473388195;-0.08020509034395218;0.024533571675419807
1767708904589762300;-0.0375518798828125;0.0120697021484375;0.992767333984375;0.0041273669339716434;-0.08395428955554962;0.03447648510336876
1767708904599763500;-0.05023193359375;0.0147247314453125;0.989654541015625;0.0029356025625020266;-0.07474055141210556;0.047687094658613205
1767708904609763300;-0.051361083984375;0.0168914794921875;0.9904327392578125;0.004544684197753668;-0.06228361278772354;0.05361369252204895
1767708904619763500;-0.044158935546875;0.019622802734375;0.993988037109375;0.007665376644581556;-0.05733359605073929;0.050149720162153244
1767708904629763300;-0.0400543212890625;0.0200653076171875;0.996337890625;0.008615059778094292;-0.057009223848581314;0.0458092987537384
1767708904639763500;-0.0429534912109375;0.0173797607421875;0.995208740234375;0.006572415120899677;-0.06693588942289352;0.05158383026719093
1767708904649764400;-0.04693603515625;0.0182647705078125;0.9946136474609375;0.002682868391275406;-0.08418039232492447;0.06921315938234329
1767708904659764200;-0.0532684326171875;0.01898193359375;0.997039794921875;-0.006915696896612644;-0.09543997049331665;0.08226823806762695
1767708904669764400;-0.0494232177734375;0.0169830322265625;0.9964599609375;-0.011863583698868752;-0.10794483870267868;0.09045027196407318
1767708904679764200;-0.049774169921875;0.016510009765625;1.00433349609375;-0.014452708885073662;-0.09437496960163116;0.09175548702478409
1767708904689765000;-0.04205322265625;0.01513671875;1.009124755859375;-0.013139237649738789;-0.07444014400243759;0.06999693065881729
1767708904699765200;-0.0326080322265625;0.0150146484375;1.0141448974609375;-0.011867045424878597;-0.060809023678302765;0.04622209072113037
1767708904709765000;-0.0365142822265625;0.0152740478515625;1.00628662109375;-0.014446050859987736;-0.04987035319209099;0.033299632370471954
1767708904719765500;-0.0467987060546875;0.0152740478515625;1.000640869140625;-0.012939234264194965;-0.045215949416160583;0.030769895762205124
1767708904729765400;-0.0510406494140625;0.015228271484375;1.002105712890625;-0.00857271533459425;-0.03972850367426872;0.029352828860282898
1767708904739766300;-0.0555572509765625;0.01470947265625;1.004150390625;-0.004845355171710253;-0.030593594536185265;0.02359187789261341
1767708904749766400;-0.0537109375;0.011077880859375;1.001708984375;-0.005064267199486494;-0.023333817720413208;0.015562980435788631
1767708904759766300;-0.05413818359375;0.01080322265625;0.9981842041015625;-0.001767273643054068;-0.014488928020000458;0.01130724884569645
1767708904769766400;-0.0553741455078125;0.0130157470703125;0.9922027587890625;-0.002126800362020731;-0.012971725314855576;0.007503456436097622
1767708904779767300;-0.0585479736328125;0.016204833984375;0.9894866943359375;-0.0028431906830519438;0.0014474280178546906;0.0059841228649020195
1767708904789767200;-0.0567169189453125;0.0172882080078125;0.990264892578125;0.0005334311863407493;0.012053733691573143;-0.0034298852551728487
1767708904799767300;-0.049652099609375;0.015869140625;0.996429443359375;0.0007819040911272168;0.010369017720222473;-0.014065485447645187
1767708904809767200;-0.0507965087890625;0.014007568359375;1.00323486328125;-0.002743055811151862;0.011620703153312206;-0.021099692210555077
1767708904819767300;-0.0548248291015625;0.0141143798828125;1.0020751953125;-0.005061870440840721;0.01498321071267128;-0.025614816695451736
1767708904829768400;-0.0584564208984375;0.016387939453125;1.000213623046875;-0.0022053637076169252;0.01751427911221981;-0.021747106686234474
1767708904839768300;-0.0562591552734375;0.01739501953125;1.004730224609375;-0.00014381069922819734;0.023211846128106117;-0.027774905785918236
1767708904849768400;-0.05157470703125;0.0167083740234375;1.0041656494140625;0.00119602563790977;0.02449708618223667;-0.022891201078891754
1767708904859768300;-0.0554046630859375;0.0166015625;1.0003509521484375;0.002326803747564554;0.017884191125631332;-0.010979680344462395
1767708904869769200;-0.055938720703125;0.016082763671875;0.9986572265625;0.0028461201582103968;0.005113801918923855;-0.007876299321651459
1767708904879769300;-0.04766845703125;0.01641845703125;0.999786376953125;0.00395665830001235;-0.008309595286846161;-0.011711517348885536
1767708904889769200;-0.045074462890625;0.0176544189453125;0.9996337890625;0.003611512714996934;-0.015906793996691704;-0.009334912523627281
1767708904899769300;-0.0500640869140625;0.0168609619140625;0.9980621337890625;0.004870389122515917;-0.010252105072140694;-0.006711432244628668
1767708904909770200;-0.053375244140625;0.015869140625;0.9993133544921875;0.007218498270958662;-0.00663366774097085;-0.023933028802275658
1767708904919770400;-0.0427093505859375;0.014495849609375;1.0037841796875;0.0100238723680377;-0.011096060276031494;-0.03292838856577873
1767708904929770200;-0.0510711669921875;0.0119781494140625;1.0042572021484375;0.007764712441712618;-0.008886968716979027;-0.02455274760723114
1767708904939770000;-0.0561676025390625;0.010528564453125;1.000274658203125;0.004279966000467539;-0.009660083800554276;-0.013630058616399765
1767708904949770200;-0.0543212890625;0.015899658203125;1.001251220703125;0.004551874939352274;-0.013411945663392544;-0.011799934320151806
1767708904959771400;-0.050994873046875;0.0159912109375;1.001190185546875;0.005678924731910229;-0.008612928912043571;-0.02190343476831913
1767708904969771300;-0.0474700927734375;0.0151214599609375;0.9990386962890625;0.00033156355493701994;-0.008535430766642094;-0.022418489679694176
1767708904979771400;-0.0499725341796875;0.0141143798828125;0.9963531494140625;-0.002977147698402405;-0.012011655606329441;-0.013902232982218266
1767708904989771300;-0.050201416015625;0.01507568359375;0.996917724609375;-0.0041153826750814915;-0.016702547669410706;-0.006894125137478113
1767708904999772400;-0.04986572265625;0.0163116455078125;0.9957275390625;-0.008713330142199993;-0.016163790598511696;-0.003891677362844348
1767708905009772300;-0.04840087890625;0.0157928466796875;0.9980621337890625;-0.014772821217775345;-0.02430027909576893;-0.0041276332922279835
1767708905019772400;-0.049285888671875;0.015228271484375;1.000244140625;-0.016703879460692406;-0.0345209576189518;-0.006052832584828138
1767708905029772300;-0.05230712890625;0.0137176513671875;1.0006866455078125;-0.019466109573841095;-0.032594162970781326;-0.007901865057647228
1767708905039772200;-0.054473876953125;0.0143280029296875;0.9985504150390625;-0.018747854977846146;-0.029258819296956062;-0.006670952308923006
1767708905049773300;-0.0536956787109375;0.0167694091796875;0.999176025390625;-0.019815249368548393;-0.02984018623828888;-0.0022471752017736435
1767708905059773200;-0.0526885986328125;0.01800537109375;0.9991912841796875;-0.0180000402033329;-0.026020148769021034;0.001657551503740251
1767708905069773300;-0.05535888671875;0.0195159912109375;0.998809814453125;-0.015330486930906773;-0.019294336438179016;0.0022120214998722076
1767708905079773400;-0.0541229248046875;0.021484375;0.99847412109375;-0.014196778647601604;-0.015031147748231888;0.004038683604449034
1767708905089774300;-0.0536346435546875;0.021331787109375;0.99932861328125;-0.01577017456293106;-0.009692841209471226;0.00043649208964779973
1767708905099774500;-0.051025390625;0.0187835693359375;1.0030059814453125;-0.018215755000710487;-0.005527124274522066;0.002511360915377736
1767708905109774300;-0.0548858642578125;0.01788330078125;1.0040740966796875;-0.017139306291937828;-0.005854959599673748;0.0033894050866365433
1767708905119774500;-0.0529937744140625;0.01788330078125;1.0045166015625;-0.016682308167219162;-0.0026229473296552896;0.00044581317342817783
1767708905129774300;-0.04913330078125;0.02081298828125;1.0008697509765625;-0.01555232796818018;0.0008849684381857514;0.00015180018090177327
1767708905139775200;-0.0535430908203125;0.0241546630859375;0.9978790283203125;-0.018486598506569862;-0.0011883024126291275;0.002923884429037571
1767708905149775400;-0.0557403564453125;0.0236663818359375;0.9941864013671875;-0.015785887837409973;0.00216594897210598;0.0113413380458951
1767708905159775200;-0.058013916015625;0.0205841064453125;0.9935150146484375;-0.012110458686947823;0.012753346003592014;0.013942713849246502
1767708905169775400;-0.0592498779296875;0.018402099609375;0.9954986572265625;-0.007457383442670107;0.012289423495531082;0.013341904617846012
1767708905179776500;-0.0561676025390625;0.0156097412109375;0.9997100830078125;-0.006579605862498283;0.0062792012467980385;0.010230266489088535
1767708905189776400;-0.0432586669921875;0.014251708984375;1.0042572021484375;-0.004574778024107218;0.009765811264514923;0.006487726699560881
1767708905199776500;-0.0443267822265625;0.016693115234375;1.0050506591796875;-0.0062677497044205666;0.00851705577224493;0.010208428837358952
1767708905209776400;-0.05145263671875;0.0182342529296875;0.9985809326171875;-0.006852047052234411;0.013263873755931854;0.010222277604043484
1767708905219777300;-0.056488037109375;0.0198211669921875;0.998626708984375;-0.008407066576182842;0.016169382259249687;0.005511678289622068
1767708905229777400;-0.06103515625;0.0181884765625;1.00030517578125;-0.00663526589050889;0.010932542383670807;0.007861917838454247
1767708905239777300;-0.0603179931640625;0.0167236328125;0.998291015625;-0.005178783088922501;0.01059192419052124;0.008731972426176071
1767708905249777400;-0.0603485107421875;0.01495361328125;0.9963531494140625;-0.0012072109384462237;0.008450210094451904;0.005446697119623423
1767708905259777300;-0.0569305419921875;0.014617919921875;0.996002197265625;-0.0004756405542138964;0.006022738758474588;0.008096275851130486
1767708905269778200;-0.0590667724609375;0.016815185546875;0.9974212646484375;0.001401089015416801;0.0023606258910149336;0.011363974772393703
1767708905279778300;-0.0579986572265625;0.01934814453125;1.0008697509765625;0.004710865672677755;0.0009752495680004358;0.008400408551096916
1767708905289778200;-0.0551300048828125;0.0193939208984375;1.0030059814453125;0.002183259464800358;0.006070409435778856;-0.001026382320560515
1767708905299778300;-0.0550689697265625;0.0193023681640625;1.00335693359375;0.0038192393258213997;0.003765709698200226;-0.0027654264122247696
1767708905309779500;-0.057281494140625;0.0193328857421875;1.0014801025390625;0.0012740562669932842;0.0004945489927195013;0.0007773766992613673
1767708905319779300;-0.0572357177734375;0.0187225341796875;1.0005340576171875;0.0023031015880405903;-0.007863515987992287;0.004827778320759535
1767708905329779500;-0.0578460693359375;0.01806640625;1.00140380859375;0.003994208760559559;-0.011847072280943394;0.010434797964990139
1767708905339779300;-0.057403564453125;0.017486572265625;1.000762939453125;0.005149488337337971;-0.016993630677461624;0.008460063487291336
1767708905349780500;-0.0534820556640625;0.0175323486328125;1.002899169921875;0.005033374298363924;-0.013728861697018147;0.00624138442799449
1767708905359780600;-0.0548248291015625;0.018096923828125;0.9997100830078125;0.007620369084179401;-0.01366308145225048;0.0014889733865857124
1767708905369780500;-0.0551910400390625;0.0187225341796875;0.999908447265625;0.009688845835626125;-0.015490276739001274;-0.0007590008899569511
1767708905379780600;-0.057098388671875;0.018798828125;0.99969482421875;0.010477940551936626;-0.007093862164765596;-0.008624913170933723
1767708905389780500;-0.05615234375;0.017974853515625;0.999114990234375;0.011924037709832191;-0.009150355122983456;-0.0038895467296242714
1767708905399781400;-0.06024169921875;0.0183868408203125;0.999908447265625;0.010264355689287186;-0.006946056615561247;-0.0028937908355146646
1767708905409781500;-0.059967041015625;0.019439697265625;0.9964447021484375;0.009755425155162811;-0.004257062915712595;-0.0035095135681331158
1767708905419781400;-0.0576934814453125;0.0182037353515625;0.9960174560546875;0.007394000422209501;-0.003942277282476425;-0.005090366117656231
1767708905429781800;-0.0566558837890625;0.01983642578125;0.99664306640625;0.005239236634224653;-0.00920148752629757;-0.00481259822845459
1767708905439782700;-0.0576171875;0.0202789306640625;1.0003509521484375;0.004022704903036356;-0.012919261120259762;0.0022538332268595695
1767708905449782500;-0.0594635009765625;0.0236358642578125;1.00042724609375;0.001859685406088829;-0.009807622991502285;0.0029973878990858793
1767708905459782700;-0.0535736083984375;0.0206298828125;0.9979705810546875;-0.0010724549647420645;-0.009369799867272377;-0.004391552414745092
1767708905469782500;-0.0519866943359375;0.02044677734375;0.999542236328125;-0.001529187080450356;-0.011786085553467274;-0.003640541108325124
1767708905479783400;-0.058837890625;0.02081298828125;1.00189208984375;-0.002377936616539955;-0.01383964903652668;-0.00011478224041638896
1767708905489783600;-0.059478759765625;0.02008056640625;0.9984588623046875;-0.00043223105603829026;-0.012989035807549953;0.002767290687188506
1767708905499783400;-0.0555877685546875;0.019775390625;1.0001220703125;0.005515939090400934;-0.013222594745457172;0.0018628811230883002
1767708905509783600;-0.053558349609375;0.021697998046875;1.0009918212890625;0.005526059307157993;-0.020016318187117577;-0.0006191849242895842
1767708905519783400;-0.0547027587890625;0.020050048828125;0.9990692138671875;0.00612393906340003;-0.01635606959462166;-0.0026072347536683083
1767708905529784600;-0.056488037109375;0.019805908203125;0.99932861328125;0.008156463503837585;-0.01611878164112568;-0.007530886679887772
1767708905539784700;-0.056549072265625;0.0193939208984375;1.0002288818359375;0.00415453128516674;-0.013282516039907932;-0.003674097126349807
1767708905549784600;-0.0623931884765625;0.0189208984375;0.999359130859375;0.0019680759869515896;-0.014319817535579205;-0.0010157296201214194
1767708905559784700;-0.0592041015625;0.01947021484375;0.9990081787109375;0.002400306984782219;-0.00965688843280077;-0.002802977105602622
1767708905569785600;-0.0594940185546875;0.0188446044921875;0.999114990234375;0.0011792477453127503;-0.0018967032665386796;-0.004078897647559643
1767708905579785500;-0.0622406005859375;0.018646240234375;0.998077392578125;-0.0002487392339389771;0.004391286056488752;0.00012303804396651685
1767708905589785600;-0.0615386962890625;0.02008056640625;0.99786376953125;-0.0023166837636381388;0.007859254255890846;-0.000008255799002654385
1767708905599785500;-0.0611572265625;0.02130126953125;0.9986572265625;-0.001005343277938664;0.009463543072342873;-0.001210939371958375
1767708905609786600;-0.0595855712890625;0.019012451171875;1.0012664794921875;-0.0003307645965833217;0.006926882080733776;-0.0016706009628251195
1767708905619786500;-0.0592803955078125;0.0198974609375;1.0013580322265625;-0.0004394215648062527;0.008957276120781898;-0.0016823188634589314
1767708905629786400;-0.061065673828125;0.0205535888671875;1.000579833984375;-0.0018700717482715845;0.006954312324523926;-0.000360059377271682
1767708905639786500;-0.0569915771484375;0.01953125;0.9982452392578125;-0.002587793627753854;0.004349474795162678;0.0004854942671954632
1767708905649786400;-0.0565948486328125;0.0202484130859375;0.994384765625;-0.0035750274546444416;0.005032575689256191;0.005424859002232552
1767708905659787800;-0.058837890625;0.0191650390625;0.9951629638671875;-0.0062483083456754684;0.007065898738801479;0.0057494984939694405
1767708905669787600;-0.0580596923828125;0.0186309814453125;0.9975738525390625;-0.005185973364859819;0.009491506032645702;-0.0013851100811734796
1767708905679787500;-0.0554046630859375;0.017822265625;0.998260498046875;-0.006429403554648161;0.01480531133711338;-0.0038959383964538574
1767708905689787600;-0.0594635009765625;0.0171051025390625;0.9996185302734375;-0.005452822428196669;0.013287842273712158;-0.0020783308427780867
1767708905699788500;-0.058990478515625;0.0181884765625;1.0029449462890625;-0.00495081627741456;0.01341860368847847;-0.00044314999831840396
1767708905709788700;-0.0597381591796875;0.0197296142578125;1.001251220703125;-0.004932973068207502;0.014342454262077808;0.002703907433897257
1767708905719788500;-0.058990478515625;0.020904541015625;1.0011138916015625;-0.006198240909725428;0.017613880336284637;0.0038991342298686504
1767708905729788400;-0.057037353515625;0.021148681640625;1.00140380859375;-0.004773183725774288;0.018855713307857513;0.003698598127812147
1767708905739788500;-0.05584716796875;0.018798828125;0.999267578125;-0.005056277383118868;0.016346748918294907;0.004355067387223244
1767708905749789400;-0.0550994873046875;0.01617431640625;1.0001983642578125;-0.001761148450896144;0.011020692996680737;0.004954544827342033
1767708905759789600;-0.0542144775390625;0.015899658203125;1.0018157958984375;-0.00006684534309897572;0.009689378552138805;0.0059628174640238285
1767708905769789400;-0.0533294677734375;0.016265869140625;1.0001220703125;0.0018077536951750517;0.009246761910617352;-0.001817607437260449
1767708905779789600;-0.0518341064453125;0.015899658203125;0.9983673095703125;0.0020383833907544613;0.011855061165988445;-0.009170861914753914
1767708905789790700;-0.0533599853515625;0.014434814453125;0.9990081787109375;0.0005882922559976578;0.008806008845567703;-0.011259312741458416
1767708905799790600;-0.0542449951171875;0.0139923095703125;0.9976654052734375;0.0035931370221078396;0.009019593708217144;-0.005736448802053928
1767708905809790700;-0.0589752197265625;0.01287841796875;0.996124267578125;0.0030330740846693516;0.008245679549872875;-0.0034256239887326956
1767708905819790600;-0.058258056640625;0.0137786865234375;1.0014495849609375;0.0012069445801898837;0.0022620889358222485;-0.004441353492438793
1767708905829791500;-0.04534912109375;0.0138702392578125;1.00531005859375;-0.004267981741577387;-0.007388674188405275;-0.006177468225359917
1767708905839791600;-0.0441436767578125;0.0165557861328125;1.0042572021484375;-0.005958290304988623;-0.00811971165239811;-0.004117247182875872
1767708905849791500;-0.0530548095703125;0.0198516845703125;0.999542236328125;-0.007906392216682434;-0.005963882897049189;-0.006997722201049328
1767708905859791600;-0.056243896484375;0.0194549560546875;0.9972686767578125;-0.005570800509303808;-0.0034378746058791876;-0.006256830412894487
1767708905869792500;-0.059661865234375;0.0179595947265625;0.9961700439453125;-0.005286907311528921;-0.0017089504981413484;-0.004369448404759169
1767708905879792400;-0.0615386962890625;0.0171661376953125;0.9980316162109375;-0.001704689348116517;0.0007281082216650248;-0.0067511131055653095
1767708905889792800;-0.0596771240234375;0.0167694091796875;0.996612548828125;0.0031902005430310965;0.010580206289887428;-0.005528722424060106
1767708905899792600;-0.0595703125;0.018310546875;0.99334716796875;0.005015797447413206;0.015324627980589867;-0.0028823392931371927
1767708905909792800;-0.056976318359375;0.018707275390625;0.996002197265625;0.00564137427136302;0.017314808443188667;0.0006439523422159255
1767708905919793700;-0.054351806640625;0.0189056396484375;0.996795654296875;0.0001030643325066194;0.022494656965136528;0.001035436987876892
1767708905929793500;-0.0574493408203125;0.0184326171875;0.9963226318359375;-0.001989913871511817;0.02702549286186695;0.0016588830621913075
1767708905939793700;-0.055084228515625;0.0179595947265625;0.9983978271484375;-0.004535097163170576;0.022457905113697052;0.0010692591313272715
1767708905949793500;-0.0545501708984375;0.0167999267578125;1.00164794921875;-0.0067694890312850475;0.02468297630548477;-0.0029763488564640284
1767708905959794400;-0.0557861328125;0.0177154541015625;1.00042724609375;-0.005517537239938974;0.02840767242014408;-0.003510046284645796
1767708905969794600;-0.054443359375;0.0171051025390625;1.000244140625;-0.005571599118411541;0.027574103325605392;0.0034525219816714525
1767708905979794400;-0.0530853271484375;0.0162200927734375;1.0035552978515625;-0.0019076223252341151;0.024393755942583084;0.005085572600364685
1767708905989794600;-0.053375244140625;0.0158538818359375;1.0031280517578125;0.00037630466977134347;0.02323608100414276;0.008008657954633236
1767708905999795700;-0.05279541015625;0.0191497802734375;1.0007171630859375;0.002650644164532423;0.015985624864697456;-0.00008309062832267955
1767708906009795600;-0.045928955078125;0.0173187255859375;1.000213623046875;0.003884486621245742;0.012702745385468006;-0.004059989005327225
1767708906019795700;-0.0489044189453125;0.0159454345703125;0.9962615966796875;0.004068511072546244;0.012605806812644005;-0.010135192424058914
1767708906029795600;-0.0511627197265625;0.0159759521484375;0.9973907470703125;0.005369198974221945;0.010962902568280697;-0.009918943047523499
1767708906039796500;-0.0522918701171875;0.012939453125;1.001007080078125;0.00404614070430398;0.010424677282571793;-0.008377771824598312
1767708906049796600;-0.0539093017578125;0.013275146484375;1.0016326904296875;0.003299922915175557;0.014791728928685188;-0.009190568700432777
1767708906059796500;-0.057403564453125;0.0157623291015625;1.001068115234375;0.0006988134700804949;0.017485782504081726;-0.004804342519491911
1767708906069796600;-0.0572052001953125;0.0183563232421875;1;-0.005113535560667515;0.020728981122374535;0.0018421085551381111
1767708906079796500;-0.0586090087890625;0.0210113525390625;0.9991912841796875;-0.0033041839487850666;0.02648353949189186;0.001517202821560204
1767708906089797400;-0.0550537109375;0.022613525390625;0.9971771240234375;-0.007790278643369675;0.028655612841248512;0.000502804818097502
1767708906099797500;-0.053863525390625;0.021392822265625;0.9992828369140625;-0.004914863966405392;0.034573156386613846;-0.0041526672430336475
1767708906109797400;-0.0552978515625;0.022003173828125;0.9999847412109375;-0.0020391824655234814;0.032218124717473984;0.0011025486746802926
1767708906119797500;-0.0563507080078125;0.02020263671875;1.0009918212890625;0.0007544735562987626;0.0356765054166317;0.00041864890954457223
1767708906129798700;-0.055419921875;0.01849365234375;1.0015716552734375;0.006136455573141575;0.04225717484951019;-0.002133724745362997
1767708906139798500;-0.0531463623046875;0.018096923828125;1.0014190673828125;0.00914689339697361;0.0408552885055542;0.003718838095664978
1767708906149798700;-0.0555419921875;0.0176239013671875;1.0019073486328125;0.010153568349778652;0.04414855316281319;0.006703975144773722
1767708906159798500;-0.0555267333984375;0.0174407958984375;1.000518798828125;0.009518403559923172;0.04415760561823845;0.003757720347493887
1767708906169799700;-0.0516204833984375;0.01641845703125;1.003082275390625;0.007503989152610302;0.043231360614299774;0.000645550258923322
1767708906179799600;-0.05352783203125;0.0145721435546875;0.9983367919921875;0.0031579763162881136;0.040594831109046936;-0.0017560884589329362
1767708906189799400;-0.054290771484375;0.0135345458984375;0.99700927734375;0.0025510420091450214;0.039574574679136276;-0.004741758108139038
1767708906199799600;-0.0530242919921875;0.0137481689453125;0.99993896484375;-0.0009829727932810783;0.037521541118621826;-0.005152151454240084
1767708906209799400;-0.0472259521484375;0.013916015625;0.999847412109375;-0.0031166973058134317;0.034513235092163086;-0.012795424088835716
1767708906219800600;-0.043487548828125;0.013031005859375;0.9996337890625;-0.0032056469935923815;0.032580845057964325;-0.019234415143728256
1767708906229800400;-0.0434112548828125;0.01141357421875;1.0002899169921875;-0.006061088293790817;0.027881965041160583;-0.02479988895356655
1767708906239800600;-0.0475921630859375;0.0121307373046875;0.99884033203125;-0.005465338937938213;0.02592693828046322;-0.021495439112186432
1767708906249800700;-0.0523529052734375;0.0147705078125;0.998504638671875;-0.005139900837093592;0.02376897819340229;-0.02352423407137394
1767708906259801600;-0.051788330078125;0.0177154541015625;0.9998016357421875;-0.005856557283550501;0.026327211409807205;-0.020848821848630905
1767708906269801700;-0.0513763427734375;0.018524169921875;0.999542236328125;-0.0054735951125621796;0.02990676648914814;-0.02202354371547699
1767708906279801600;-0.050323486328125;0.0185089111328125;0.999908447265625;-0.003478354774415493;0.027239343151450157;-0.018849054351449013
1767708906289801500;-0.053375244140625;0.0189361572265625;0.9982757568359375;-0.00035127095179632306;0.024321051314473152;-0.01053120382130146
1767708906299802600;-0.052703857421875;0.0215301513671875;0.99920654296875;-0.000004793690095539205;0.025480326265096664;-0.009743707254529
1767708906309802500;-0.0447540283203125;0.02056884765625;0.997406005859375;0.0006671218434348702;0.020329240709543228;-0.005915679503232241
1767708906319802600;-0.0435791015625;0.0191192626953125;0.997222900390625;-0.0028455876745283604;0.014599449001252651;-0.0013294500531628728
1767708906329802500;-0.0459747314453125;0.01953125;0.996856689453125;-0.006402239203453064;0.013112340122461319;0.00008655273268232122
1767708906339803400;-0.0475921630859375;0.0185546875;0.996917724609375;-0.0073447320610284805;0.02375752665102482;0.003162237349897623
1767708906349803300;-0.050201416015625;0.0186004638671875;0.994384765625;-0.008895223960280418;0.03021169826388359;0.0047148605808615685
1767708906359803100;-0.05023193359375;0.016510009765625;0.9955902099609375;-0.011030014604330063;0.0349997952580452;0.007390804588794708
1767708906369803300;-0.049530029296875;0.016693115234375;0.997894287109375;-0.014096643775701523;0.0391806922852993;0.007539675105363131
1767708906379803100;-0.0445709228515625;0.01727294921875;0.99786376953125;-0.011844408698379993;0.042689938098192215;0.013364807702600956
1767708906389804000;-0.04345703125;0.0147705078125;1.0004730224609375;-0.011481952853500843;0.032534241676330566;0.019599268212914467
1767708906399804200;-0.0432586669921875;0.01727294921875;0.9997406005859375;-0.011419101618230343;0.023984694853425026;0.0333331897854805
1767708906409804000;-0.047119140625;0.0202484130859375;0.99591064453125;-0.011745339259505272;0.021145498380064964;0.04134184867143631
1767708906419804200;-0.0484619140625;0.022003173828125;0.99420166015625;-0.013891047798097134;0.029763488098978996;0.03711434453725815
1767708906429805000;-0.04534912109375;0.0198211669921875;0.9958038330078125;-0.008929046802222729;0.04741385579109192;0.016033561900258064
1767708906439805000;-0.0368804931640625;0.01568603515625;1.003143310546875;-0.006706106010824442;0.06360027939081192;-0.0012061456218361855
1767708906449805000;-0.035919189453125;0.0083770751953125;1.0032958984375;-0.0019630161114037037;0.07026883959770203;-0.011843076907098293
1767708906459805000;-0.0395355224609375;0.0067138671875;1.0082855224609375;-0.0007366303470917046;0.06191796064376831;-0.012774384580552578
1767708906469806000;-0.0372467041015625;0.0085906982421875;1.009979248046875;0.0007313040550798178;0.0548001304268837;-0.012180766090750694
1767708906479806200;-0.041015625;0.0135650634765625;1.00927734375;0.001597630325704813;0.053648848086595535;-0.014673484489321709
1767708906489806000;-0.0458984375;0.0153961181640625;1.0044708251953125;0.0002695118892006576;0.058287009596824646;-0.01618828997015953
1767708906499806200;-0.0512542724609375;0.0178680419921875;1.0017852783203125;-0.0014884406700730324;0.056350890547037125;-0.010524280369281769
1767708906509807000;-0.0547332763671875;0.018707275390625;0.9992523193359375;-0.003916444722563028;0.051297809928655624;-0.0029177593532949686
1767708906519807000;-0.0504608154296875;0.0183258056640625;0.9953155517578125;-0.004119910299777985;0.047869253903627396;-0.00042450788896530867
1767708906529807000;-0.042816162109375;0.01873779296875;0.995941162109375;-0.0019481023773550987;0.0472993366420269;-0.006311425473541021
1767708906539807000;-0.0337677001953125;0.0181732177734375;0.99957275390625;-0.0012242551892995834;0.03425650671124458;-0.0075455340556800365
1767708906549807000;-0.0329132080078125;0.0163726806640625;1.0025634765625;-0.00038216362008824944;0.02840900421142578;-0.0044227116741240025
1767708906559808000;-0.04144287109375;0.020416259765625;1.006134033203125;0.005814213305711746;0.025256887078285217;0.003832821501418948
1767708906569808100;-0.0432586669921875;0.01959228515625;1.009429931640625;0.00720491586253047;0.028379177674651146;0.006669087801128626
1767708906579808000;-0.0420379638671875;0.020050048828125;1.008331298828125;0.006406234111636877;0.02863484062254429;0.005405950825661421
1767708906589807900;-0.040771484375;0.018157958984375;1.0064849853515625;0.005241101142019033;0.017782991752028465;0.010966897010803223
1767708906599809300;-0.0406951904296875;0.0153045654296875;1.0016021728515625;-0.0007590008899569511;0.0070278155617415905;0.015411446802318096
1767708906609809200;-0.03717041015625;0.0164337158203125;0.99615478515625;0.0002878876985050738;-0.002335858531296253;0.019578494131565094
1767708906619809000;-0.0358428955078125;0.0167388916015625;0.999603271484375;0.0037318875547498465;-0.01931537501513958;0.018665030598640442
1767708906629809200;-0.0293731689453125;0.015869140625;1.0062103271484375;0.007253651972860098;-0.03158189356327057;0.01606711745262146
1767708906639810000;-0.0335693359375;0.014373779296875;1.00787353515625;0.005172657780349255;-0.01781068928539753;0.009492305107414722
1767708906649810200;-0.03509521484375;0.0142974853515625;1.0054168701171875;0.008980978280305862;-0.022779613733291626;0.011215636506676674
1767708906659810000;-0.0361785888671875;0.0155487060546875;1.0071868896484375;0.008223574608564377;-0.036724723875522614;0.014057761989533901
1767708906669810200;-0.0390777587890625;0.014007568359375;1.00213623046875;0.007513576187193394;-0.03996392711997032;0.010924020782113075
1767708906679811000;-0.0384521484375;0.014007568359375;0.997467041015625;0.008067513816058636;-0.038491733372211456;0.004000334069132805
1767708906689811000;-0.03778076171875;0.0168914794921875;0.997100830078125;0.004486627411097288;-0.03429299220442772;0.0009472863748669624
1767708906699811300;-0.0352325439453125;0.015777587890625;1.000579833984375;0.002823483431711793;-0.034928955137729645;-0.00484349112957716
1767708906709811200;-0.029083251953125;0.0142822265625;1.001922607421875;0.0020900487434118986;-0.03274036943912506;-0.007664577569812536
1767708906719811300;-0.03973388671875;0.0144195556640625;0.9987640380859375;-0.005166266113519669;-0.1402905285358429;0.09027823060750961
1767708906729812200;-0.0743865966796875;0.02374267578125;1.0044403076171875;-0.00606508320197463;-0.025013741105794907;0.027168504893779755
1767708906739812000;-0.0018310546875;0.0246429443359375;0.99761962890625;0.0019089538836851716;-0.038111165165901184;-0.00620995881035924
1767708906749812200;-0.028900146484375;0.01483154296875;0.9929962158203125;0.00017443705291952938;-0.04975983127951622;0.01067927572876215
1767708906759812000;-0.0440826416015625;0.02294921875;1.0070343017578125;0.002412024885416031;-0.038669098168611526;0.012938168831169605
1767708906769813000;-0.03814697265625;0.0155792236328125;1.0006103515625;0.00818229652941227;-0.02298201434314251;0.002927080262452364
1767708906779813000;-0.0310211181640625;0.0180206298828125;1.002105712890625;0.015410381369292736;-0.005696235224604607;-0.014613031409680843
1767708906789813000;-0.025604248046875;0.014068603515625;1.005035400390625;0.018202705308794975;-0.004365986213088036;-0.01900484971702099
1767708906799813000;-0.0348358154296875;0.01287841796875;0.9991912841796875;0.01781175471842289;-0.014256699942052364;-0.012595154345035553
1767708906809814300;-0.0427703857421875;0.0162506103515625;0.996734619140625;0.021229920908808708;-0.016169115900993347;-0.003307912265881896
1767708906819814100;-0.043609619140625;0.01849365234375;0.9962005615234375;0.0075940038077533245;-0.09178505092859268;0.05390797182917595
1767708906829814300;-0.0745391845703125;0.019256591796875;0.9935302734375;0.010396447964012623;-0.021685054525732994;0.03573083132505417
1767708906839814100;-0.0244598388671875;0.02435302734375;1.001312255859375;0.01629854552447796;-0.0018937737913802266;-0.014023673720657825
1767708906849815000;-0.027740478515625;0.0144500732421875;0.993865966796875;0.00863157119601965;-0.009409480728209019;-0.0065710837952792645
1767708906859815200;-0.04998779296875;0.019561767578125;1.0035400390625;0.009886985644698143;-0.008286692202091217;-0.0012215919559821486
1767708906869815000;-0.043975830078125;0.0147247314453125;0.99932861328125;0.008665925823152065;0.005354018881917;-0.005873868241906166
1767708906879815200;-0.043548583984375;0.0157470703125;0.998382568359375;0.00911253783851862;-0.0030035129748284817;-0.002858903491869569
1767708906889816000;-0.045013427734375;0.0148468017578125;0.998382568359375;0.000480434246128425;-0.060087572783231735;0.0342373326420784
1767708906899816000;-0.0701751708984375;0.0140380859375;0.9921722412109375;0.005148422904312611;-0.03157417103648186;0.047501739114522934
1767708906909816000;-0.0347747802734375;0.0228271484375;1.0048370361328125;0.010878746397793293;0.001886317040771246;-0.0073503246530890465
1767708906919816000;-0.026092529296875;0.008331298828125;0.9967803955078125;0.007996407337486744;-0.004502340219914913;-0.010055297054350376
1767708906929816000;-0.0426177978515625;0.01629638671875;1.002197265625;0.004510862287133932;-0.00842837244272232;-0.004826979245990515
1767708906939817200;-0.045806884765625;0.0115203857421875;0.9980621337890625;0.0034938009921461344;-0.005260542035102844;-0.0023347933311015368
1767708906949817000;-0.05535888671875;0.0144500732421875;0.99261474609375;0.004032026045024395;0.0008652610122226179;0.002089249901473522
1767708906959817200;-0.0537261962890625;0.0139617919921875;0.99884033203125;0.0019566244445741177;0.004220045171678066;0.00794287770986557
1767708906969817000;-0.0503997802734375;0.0140228271484375;1.00238037109375;0.0001174454009742476;0.007926899008452892;0.005875199567526579
1767708906979818000;-0.046356201171875;0.0166473388671875;1.00054931640625;-0.0019462381023913622;0.012645754031836987;0.0019385149935260415
1767708906989818000;-0.0434417724609375;0.0172576904296875;1.00225830078125;0.000639691308606416;0.010747719556093216;-0.0012996225850656629
1767708906999818000;-0.0423583984375;0.01654052734375;1.000762939453125;-0.0011853729374706745;0.004041613079607487;0.0022708773612976074
1767708907009818000;-0.0438690185546875;0.013671875;0.9993438720703125;-0.0049556102603673935;-0.004531634971499443;0.009502957575023174
1767708907019819000;-0.0478973388671875;0.011932373046875;0.997467041015625;-0.007234210614115;-0.007722367998212576;0.016821857541799545
1767708907029819100;-0.047271728515625;0.0120697021484375;0.992919921875;-0.012972258031368256;-0.002368615474551916;0.017179785296320915
1767708907039819000;-0.0489959716796875;0.0153656005859375;0.9927978515625;-0.01122202817350626;0.0023909860756248236;0.009810286574065685
1767708907049819000;-0.04302978515625;0.01495361328125;0.99993896484375;-0.013199691660702229;0.009013468399643898;0.001113201375119388
1767708907059820300;-0.0409088134765625;0.012359619140625;1.000244140625;-0.01179354265332222;0.019328691065311432;-0.003462908323854208
1767708907069820200;-0.048919677734375;0.0109100341796875;0.9970855712890625;-0.010041715577244759;0.031862325966358185;-0.006535930093377829
1767708907079820000;-0.0530548095703125;0.0107421875;0.9982147216796875;-0.008557535707950592;0.020120447501540184;-0.004793157335370779
1767708907089820200;-0.0428924560546875;0.0084991455078125;1.004150390625;-0.00945289060473442;0.0022056300658732653;-0.0022426480427384377
1767708907099821000;-0.0364990234375;0.0106658935546875;1.0052490234375;-0.011204184964299202;-0.010073672980070114;-0.0011065434664487839
1767708907109821200;-0.043060302734375;0.013885498046875;1.0007781982421875;-0.01671799272298813;-0.013187707401812077;0.0002913498319685459
1767708907119821000;-0.04754638671875;0.015594482421875;0.998626708984375;-0.02244698628783226;-0.016922790557146072;0.002671683207154274
1767708907129821200;-0.05078125;0.01800537109375;0.9983978271484375;-0.022368421778082848;-0.018636267632246017;0.0010096043115481734
1767708907139822000;-0.052703857421875;0.0196990966796875;0.998809814453125;-0.02160835638642311;-0.011686217039823532;-0.002858637133613229
1767708907149822000;-0.0540618896484375;0.0179443359375;0.9981689453125;-0.020592892542481422;-0.0002844255941454321;-0.006433397997170687
1767708907159822000;-0.0535125732421875;0.0172271728515625;0.99957275390625;-0.020048808306455612;0.007978564128279686;-0.008282430469989777
1767708907169822200;-0.0520782470703125;0.0178375244140625;1.0020599365234375;-0.013426059857010841;0.014631407335400581;-0.010208428837358952
1767708907179822000;-0.0460968017578125;0.017303466796875;1.00372314453125;-0.012298477813601494;0.013087039813399315;-0.013492106460034847
1767708907189823200;-0.043853759765625;0.0192108154296875;1.0011444091796875;-0.013529391027987003;0.007428088691085577;-0.009559150785207748
1767708907199823000;-0.049041748046875;0.0194244384765625;0.9982757568359375;-0.013439375907182693;0.0017747305100783706;-0.0017422399250790477
1767708907209823200;-0.0530853271484375;0.0198974609375;0.9970550537109375;-0.014547783881425858;-0.0008609999786131084;0.005588643718510866
1767708907219823000;-0.0539093017578125;0.020355224609375;0.9999847412109375;-0.01871350035071373;-0.003054911969229579;0.01672864705324173
1767708907229824000;-0.0555877685546875;0.0204620361328125;1.000518798828125;-0.016708938404917717;-0.006000634748488665;0.026639066636562347
1767708907239824100;-0.0531768798828125;0.020233154296875;1.0019073486328125;-0.021407287567853928;-0.008498147130012512;0.030719297006726265
1767708907249824000;-0.0494537353515625;0.0201568603515625;1.0018157958984375;-0.019306054338812828;-0.012469985522329807;0.027641747146844864
1767708907259824000;-0.0460968017578125;0.0195465087890625;1.002105712890625;-0.013767477124929428;-0.01679549179971218;0.02010020799934864
1767708907269825300;-0.041839599609375;0.0172271728515625;0.9959564208984375;-0.01098713744431734;-0.02461479790508747;0.010960238985717297
1767708907279825200;-0.0427703857421875;0.01483154296875;0.9919586181640625;-0.013013004325330257;-0.03550766035914421;0.01895984262228012
1767708907289825300;-0.051055908203125;0.0182647705078125;0.992645263671875;-0.014088388532400131;-0.038001976907253265;0.030478812754154205
1767708907299825200;-0.05645751953125;0.0159149169921875;0.992950439453125;-0.01254934724420309;-0.03050917387008667;0.026455575600266457
1767708907309826000;-0.056488037109375;0.015472412109375;0.9950408935546875;-0.008324242196977139;-0.00893836747854948;0.007268565706908703
1767708907319826200;-0.04290771484375;0.012176513671875;1.0029144287109375;-0.006406234111636877;0.00580915343016386;-0.015898538753390312
1767708907329826000;-0.0439605712890625;0.0097198486328125;1.0043487548828125;-0.005820871330797672;0.009039035066962242;-0.021285580471158028
1767708907339826200;-0.0529022216796875;0.01470947265625;1.000946044921875;-0.008402273058891296;0.013529124669730663;-0.018637066707015038
1767708907349827600;-0.0579376220703125;0.016082763671875;0.9986572265625;-0.009195628575980663;0.018205102533102036;-0.013550695963203907
1767708907359827500;-0.060943603515625;0.0186309814453125;0.9958038330078125;-0.01098367478698492;0.02292262576520443;-0.008901615627110004
1767708907369827600;-0.05712890625;0.022216796875;0.9956207275390625;-0.0086028091609478;0.021573735401034355;-0.004225371405482292
1767708907379827500;-0.054107666015625;0.021636962890625;0.998931884765625;-0.00899855513125658;0.023983895778656006;0.004002464935183525
1767708907389828600;-0.04962158203125;0.0229949951171875;1.0005950927734375;-0.00355851580388844;0.025913355872035027;0.0009137305896729231
1767708907399828700;-0.0429534912109375;0.0210113525390625;1.0036163330078125;0.00003941478280466981;0.022161494940519333;-0.0068155620247125626
1767708907409828600;-0.04425048828125;0.0197906494140625;1.006011962890625;0.004009921569377184;0.021225659176707268;-0.005412076134234667
1767708907419828700;-0.05426025390625;0.0198211669921875;1.003509521484375;0.006720487028360367;0.021952437236905098;-0.005419532768428326
1767708907429829600;-0.0546875;0.0192718505859375;1.0024566650390625;0.007514108903706074;0.02219238691031933;-0.008742891252040863
1767708907439829500;-0.0516357421875;0.0169830322265625;1.0013275146484375;0.006306897848844528;0.01864772103726864;-0.012508334591984749
1767708907449829600;-0.0501556396484375;0.015289306640625;1.0008697509765625;0.0041555967181921005;0.01450091227889061;-0.012429239228367805
1767708907459829500;-0.052734375;0.0155487060546875;0.999755859375;0.0018399780383333564;0.016039153560996056;-0.014611699618399143
1767708907469829600;-0.0528564453125;0.0133056640625;0.999237060546875;0.0016929714474827051;0.017909491434693336;-0.016589095816016197
1767708907479830500;-0.0539398193359375;0.01483154296875;0.9989166259765625;-0.000046339002437889576;0.02611921913921833;-0.016829313710331917
1767708907489830400;-0.053558349609375;0.016082763671875;0.9983978271484375;0.002400839701294899;0.028072914108633995;-0.018380871042609215
1767708907499830800;-0.0530548095703125;0.015594482421875;1.0005645751953125;0.004904477391391993;0.03068254515528679;-0.016274310648441315
1767708907509830700;-0.0509033203125;0.018463134765625;1.0006866455078125;0.007248591631650925;0.02791125886142254;-0.01787939853966236
1767708907519831600;-0.0473480224609375;0.0187835693359375;1.0058441162109375;0.009097890928387642;0.01906610280275345;-0.01751747541129589
1767708907529831700;-0.0506439208984375;0.0187835693359375;1.0069732666015625;0.007449127733707428;0.015149392187595367;-0.015981363132596016
1767708907539831600;-0.0537872314453125;0.018646240234375;1.003509521484375;0.009781258180737495;0.013193832710385323;-0.016834907233715057
1767708907549831700;-0.052093505859375;0.0179290771484375;1.0021209716796875;0.007405451964586973;0.013309147208929062;-0.013712350279092789
1767708907559832600;-0.05487060546875;0.0179901123046875;1.0005645751953125;0.005148689262568951;0.013164271600544453;-0.010565558448433876
1767708907569832400;-0.0531463623046875;0.0153656005859375;0.997528076171875;0.0025238776579499245;0.01218609232455492;-0.002481533447280526
1767708907579832600;-0.0533599853515625;0.01776123046875;0.9950103759765625;0.0006697850185446441;0.012015383690595627;0.0017387778498232365
1767708907589832400;-0.053375244140625;0.0192718505859375;0.9934234619140625;-0.0005488775204867125;0.012064119800925255;0.0012695288751274347
1767708907599833600;-0.0498809814453125;0.019683837890625;0.997100830078125;0.0034708979073911905;0.014133129268884659;-0.005765477195382118
1767708907609833700;-0.047027587890625;0.017242431640625;1.0013885498046875;0.005894108209758997;0.02461346797645092;-0.013175456784665585
1767708907619833600;-0.04608154296875;0.012542724609375;1.003814697265625;0.007045126520097256;0.028976790606975555;-0.013688914477825165
1767708907629833700;-0.04620361328125;0.0107269287109375;1.0037841796875;0.008798818103969097;0.02558152563869953;-0.012775982730090618
1767708907639834600;-0.044097900390625;0.0116729736328125;0.99957275390625;0.009376191534101963;0.020229903981089592;-0.015981096774339676
1767708907649834800;-0.0431671142578125;0.01385498046875;0.9997406005859375;0.009765544906258583;0.017619207501411438;-0.019937755540013313
1767708907659834600;-0.0462493896484375;0.014404296875;0.999420166015625;0.010958641767501831;0.02105894684791565;-0.01804478093981743
1767708907669834500;-0.0493621826171875;0.0142822265625;0.9977569580078125;0.010957043617963791;0.02659272775053978;-0.020924989134073257
1767708907679835600;-0.0492706298828125;0.011383056640625;0.99969482421875;0.01233629509806633;0.02256709337234497;-0.026911508291959763
1767708907689835500;-0.0408935546875;0.0107574462890625;1.00372314453125;0.010877414606511593;0.011394334957003593;-0.026022013276815414
1767708907699835600;-0.033355712890625;0.010894775390625;1.0022735595703125;0.004569185432046652;0.007748466916382313;-0.021764684468507767
1767708907709835500;-0.0342559814453125;0.01513671875;0.9988250732421875;0.0025563682429492474;0.011152786202728748;-0.015672435984015465
1767708907719836700;-0.0417327880859375;0.0193328857421875;0.996063232421875;-0.0005842975224368274;0.012943761423230171;-0.01269981637597084
1767708907729836800;-0.0467376708984375;0.0202178955078125;0.9935455322265625;-0.0044349622912704945;0.016347015276551247;-0.007685350254178047
1767708907739836700;-0.051544189453125;0.0195770263671875;0.99273681640625;-0.005898635368794203;0.020086092874407768;-0.008755408227443695
1767708907749836800;-0.0431976318359375;0.015625;0.9960784912109375;-0.008154865354299545;0.022236330434679985;-0.012041216716170311
1767708907759837700;-0.0427703857421875;0.0130462646484375;0.9994049072265625;-0.005841909907758236;0.01961684413254261;-0.009123191237449646
1767708907769837600;-0.0411834716796875;0.0144195556640625;1.001190185546875;-0.0065199509263038635;0.018861571326851845;0.0035689021460711956
1767708907779837700;-0.03948974609375;0.0148162841796875;1.0013275146484375;0.00009454221435589716;0.016031164675951004;0.013497965410351753
1767708907789837600;-0.034393310546875;0.015228271484375;0.999786376953125;0.0011744539951905608;-0.009321862831711769;0.024984978139400482
1767708907799838500;-0.027069091796875;0.0193939208984375;1.0004425048828125;-0.0005803027888759971;-0.024232635274529457;0.03610634058713913
1767708907809838600;-0.033447265625;0.0188140869140625;0.998199462890625;-0.0065654912032186985;-0.02257375232875347;0.04147526994347572
1767708907819838500;-0.037353515625;0.0197296142578125;0.996673583984375;-0.011012171395123005;-0.009268066845834255;0.03133155778050423
1767708907829838600;-0.038299560546875;0.0158233642578125;1.0007476806640625;-0.01702984981238842;0.007171093951910734;0.01973988302052021
1767708907839839700;-0.0433197021484375;0.01226806640625;1.0008392333984375;-0.019996611401438713;0.026704847812652588;0.017365140840411186
1767708907849839600;-0.04425048828125;0.0090484619140625;0.9998626708984375;-0.022362830117344856;0.031327828764915466;0.005558549892157316
1767708907859839700;-0.039825439453125;0.0095367431640625;1.001617431640625;-0.019041335210204124;0.03361841291189194;-0.005585447885096073
1767708907869839600;-0.045989990234375;0.01422119140625;0.9991302490234375;-0.021523667499423027;0.04041746258735657;-0.00758042186498642
1767708907879839700;-0.048797607421875;0.0164642333984375;0.9994964599609375;-0.02105175517499447;0.037281591445207596;-0.003450924064964056
1767708907889840600;-0.0479888916015625;0.0183258056640625;0.9989013671875;-0.0199795663356781;0.04249872267246246;-0.006971090566366911
1767708907899840500;-0.0455169677734375;0.019927978515625;0.9932098388671875;-0.018458636477589607;0.05483102425932884;-0.002662894781678915
1767708907909840600;-0.0488128662109375;0.023529052734375;0.99139404296875;-0.0132111432030797;0.05862149968743324;-0.0007555388147011399
1767708907919840500;-0.040374755859375;0.0279388427734375;0.9923553466796875;-0.008670187555253506;0.058823902159929276;0.002977946773171425
1767708907929841400;-0.0380859375;0.027008056640625;0.99603271484375;-0.00580915343016386;0.06569299101829529;0.010122142732143402
1767708907939841500;-0.0402069091796875;0.0258941650390625;0.99639892578125;-0.004653341136872768;0.07422256469726562;0.016817595809698105
1767708907949841400;-0.037261962890625;0.0261077880859375;0.9945831298828125;0.00021784658019896597;0.08176250755786896;0.019703397527337074
1767708907959841500;-0.0394439697265625;0.0242462158203125;0.9957733154296875;0.001740109408274293;0.09059461206197739;0.02454262785613537
1767708907969842700;-0.0399169921875;0.0236663818359375;0.9993896484375;0.003236006945371628;0.09521253407001495;0.02509097196161747
1767708907979842600;-0.0402984619140625;0.0231475830078125;1.0031585693359375;0.002814162289723754;0.08791440725326538;0.03892635926604271
1767708907989842700;-0.0440826416015625;0.0227813720703125;1.0040130615234375;0.0064863949082791805;0.0851559042930603;0.047932371497154236
1767708907999842600;-0.041290283203125;0.0209503173828125;0.9989471435546875;0.0034434671979397535;0.07856857776641846;0.04844236746430397
1767708908009843700;-0.0359954833984375;0.0205841064453125;0.99993896484375;-0.0002492718631401658;0.08137821406126022;0.04168938845396042
1767708908019843600;-0.038604736328125;0.0214080810546875;1.005218505859375;-0.004954278469085693;0.08300087600946426;0.022818762809038162
1767708908029843500;-0.0352020263671875;0.0160980224609375;1.0122833251953125;-0.00638013519346714;0.0745549276471138;0.005323925521224737
1767708908039843600;-0.0389251708984375;0.015869140625;1.0167999267578125;-0.005228051450103521;0.07605428993701935;0.00430153775960207
1767708908049844500;-0.0389251708984375;0.01397705078125;1.02227783203125;0.0013438310706987977;0.06566183269023895;-0.0034794199746102095
1767708908059844600;-0.031219482421875;0.014129638671875;1.0210723876953125;0.009269132278859615;0.04861387610435486;-0.0075785573571920395
1767708908069844700;-0.0326080322265625;0.0178680419921875;1.0158538818359375;0.013286510482430458;0.04062971845269203;0.0051681301556527615
1767708908079844600;-0.0400543212890625;0.023529052734375;1.0074005126953125;0.01624368503689766;0.03370523452758789;0.007994011044502258
1767708908089845800;-0.037933349609375;0.0243988037109375;1.0037689208984375;0.01847381517291069;0.038303978741168976;0.0059718722477555275
1767708908099845600;-0.04339599609375;0.026611328125;0.9985198974609375;0.024690432474017143;0.05299663916230202;-0.006573214195668697
1767708908109845800;-0.0414886474609375;0.0214996337890625;0.9958953857421875;0.025201493874192238;0.06627782434225082;-0.013858291320502758
1767708908119845600;-0.0399017333984375;0.0170135498046875;0.989410400390625;0.02189677581191063;0.07260416448116302;-0.013876667246222496
1767708908129846500;-0.0361785888671875;0.0142822265625;0.9866790771484375;0.013432984240353107;0.06863418966531754;-0.005918875336647034
1767708908139846700;-0.03265380859375;0.010711669921875;0.99066162109375;0.0026261431630700827;0.06624586880207062;0.0035116442013531923
1767708908149846500;-0.0336151123046875;0.0122222900390625;0.9876556396484375;-0.003320429241284728;0.06880249828100204;0.0056954361498355865
1767708908159846700;-0.02862548828125;0.012237548828125;0.989776611328125;-0.009187639690935612;0.06648235768079758;-0.007844074629247189
1767708908169847600;-0.0197601318359375;0.0118408203125;0.997222900390625;-0.015813050791621208;0.06624773144721985;-0.02111673727631569
1767708908179847700;-0.0170440673828125;0.0143280029296875;1.002899169921875;-0.018030932173132896;0.06667622923851013;-0.021879466250538826
1767708908189847800;-0.0233154296875;0.016021728515625;1.0045166015625;-0.01737925596535206;0.06834976375102997;-0.015308382920920849
1767708908199847700;-0.0251007080078125;0.018646240234375;1.002685546875;-0.014737134799361229;0.07285290211439133;-0.004591822158545256
1767708908209848600;-0.02825927734375;0.0210418701171875;0.9964447021484375;-0.014388793148100376;0.08027806133031845;0.006401706486940384
1767708908219848700;-0.030303955078125;0.0203399658203125;0.994415283203125;-0.013104350306093693;0.08271698653697968;0.012572516687214375
1767708908229848600;-0.0303192138671875;0.0201568603515625;0.9959869384765625;-0.011657188646495342;0.0917365774512291;0.015629293397068977
1767708908239848700;-0.02459716796875;0.0191802978515625;1.0009613037109375;-0.0035020567011088133;0.09499628841876984;0.01528920792043209
1767708908249849600;-0.0112762451171875;0.021270751953125;0.99969482421875;0.0011941614793613553;0.10542389750480652;0.0076211681589484215
1767708908259849500;-0.0094757080078125;0.020599365234375;0.998992919921875;0.005046423990279436;0.12221325933933258;-0.0005645901546813548
1767708908269849600;-0.01507568359375;0.01763916015625;0.9971923828125;0.0067812069319188595;0.14362747967243195;-0.0018647453980520368
1767708908279849500;-0.01806640625;0.0178070068359375;0.9974822998046875;0.008236091583967209;0.14533668756484985;0.0016732640797272325
1767708908289850600;-0.01153564453125;0.0167236328125;1.00201416015625;0.01095597818493843;0.13204538822174072;0.00971521157771349
1767708908299850800;0.0007781982421875;0.01458740234375;0.999114990234375;0.00860201008617878;0.11303947120904922;0.020063189789652824
1767708908309850600;0.0127716064453125;0.016448974609375;1.0023345947265625;0.010772486217319965;0.10942183434963226;0.017044497653841972
1767708908319850800;0.020782470703125;0.014862060546875;1.0080108642578125;0.0032352081034332514;0.10073087364435196;0.00950721837580204
1767708908329851600;0.017547607421875;0.01409912109375;1.0108795166015625;-0.002064748667180538;0.09137359261512756;0.008412392809987068
1767708908339851500;0.0056915283203125;0.01708984375;1.0112762451171875;-0.00660384027287364;0.08403844386339188;0.008825182914733887
1767708908349851100;-0.0006561279296875;0.016845703125;1.010284423828125;-0.009911753237247467;0.07420764863491058;0.0049582733772695065
1767708908359851000;-0.0013427734375;0.015289306640625;1.0103759765625;-0.012506204657256603;0.07911559194326401;0.0012865731259807944
1767708908369852200;-0.0058746337890625;0.013763427734375;1.009674072265625;-0.01136690378189087;0.0830666571855545;0.005847502965480089
1767708908379852000;-0.0060882568359375;0.0155487060546875;1.00836181640625;-0.009843575768172741;0.07291149348020554;0.005067463032901287
1767708908389852200;-0.0042572021484375;0.0177459716796875;1.005218505859375;-0.0035390746779739857;0.07312934100627899;0.011956794187426567
1767708908399852000;-0.0059661865234375;0.014801025390625;1.000885009765625;-0.0015361113473773003;0.0726262629032135;0.01877501979470253
1767708908409853000;0.001861572265625;0.016448974609375;0.996551513671875;-0.004332962911576033;0.06413770467042923;0.012664396315813065
1767708908419853000;0.004852294921875;0.01397705078125;0.9914398193359375;-0.01125398650765419;0.06363117694854736;0.0023696806747466326
1767708908429853000;0.0066375732421875;0.0121917724609375;0.993743896484375;-0.018989935517311096;0.06283196061849594;-0.006566556170582771
1767708908439853000;0.00750732421875;0.0131072998046875;0.998504638671875;-0.023239275440573692;0.06071474775671959;-0.011977567337453365
1767708908449854200;0.006500244140625;0.0130615234375;1.0042724609375;-0.03104553371667862;0.06101062148809433;-0.01432221382856369
1767708908459854000;0.004119873046875;0.012664794921875;1.0067596435546875;-0.03151505067944527;0.06558433920145035;-0.022946061566472054
1767708908469854200;0.0073089599609375;0.013946533203125;1.0092926025390625;-0.029404759407043457;0.06435928493738174;-0.03230494260787964
1767708908479854000;0.007354736328125;0.0142364501953125;1.008392333984375;-0.0275016650557518;0.05542410910129547;-0.035772643983364105
1767708908489855000;0.0019683837890625;0.01544189453125;1.0017852783203125;-0.02654186263680458;0.04908791929483414;-0.033968087285757065
1767708908499855000;-0.00262451171875;0.01422119140625;0.999786376953125;-0.018966766074299812;0.05439399927854538;-0.034027475863695145
1767708908509855000;-0.0033416748046875;0.0135345458984375;0.994964599609375;-0.015200524590909481;0.060320064425468445;-0.03599821403622627
1767708908519855000;0.0025787353515625;0.0147247314453125;0.9925994873046875;-0.012949087657034397;0.06205644831061363;-0.04886847361922264
1767708908529855000;0.0068817138671875;0.0201416015625;1.0007476806640625;-0.008732771500945091;0.06376193463802338;-0.057912036776542664
1767708908539856000;0.005859375;0.01947021484375;1.005828857421875;-0.00746271014213562;0.061523813754320145;-0.059973057359457016
1767708908549856000;0.002716064453125;0.0208740234375;1.008026123046875;-0.008647283539175987;0.05741828680038452;-0.04939284920692444
1767708908559856000;0.0019989013671875;0.022369384765625;1.0062255859375;-0.006131129339337349;0.04863065108656883;-0.03723445534706116
1767708908569856300;0.0065155029296875;0.02325439453125;1.003875732421875;-0.005164402071386576;0.03804032504558563;-0.030374683439731598
1767708908579857200;0.006561279296875;0.0227508544921875;1.000457763671875;-0.005459479987621307;0.029817815870046616;-0.020606208592653275
1767708908589857000;0.0052947998046875;0.02313232421875;0.997772216796875;-0.0035270904190838337;0.020054934546351433;-0.013303288258612156
1767708908599857200;0.007049560546875;0.022491455078125;1.0007781982421875;-0.00029587719473056495;0.02263500541448593;-0.003187004942446947
1767708908609857000;0.004241943359375;0.021881103515625;1.0053558349609375;-0.00030173614504747093;0.026279008015990257;-0.005892776418477297
1767708908619858000;0.0070953369140625;0.02105712890625;1.009765625;0.0029909962322562933;0.028610339388251305;-0.017369668930768967
1767708908629858000;0.012908935546875;0.0191802978515625;1.011566162109375;0.0033872744534164667;0.024703215807676315;-0.019543606787919998
1767708908639858000;0.0095977783203125;0.0172576904296875;1.0095977783203125;0.004355067387223244;0.020113257691264153;-0.015459916554391384
1767708908649858000;0.0098114013671875;0.017364501953125;1.00634765625;0.005161472596228123;0.011843076907098293;-0.010095776990056038
1767708908659859200;0.0092620849609375;0.0153656005859375;1.002655029296875;0.0070491209626197815;0.009329586289823055;-0.006365221459418535
1767708908669859000;0.00897216796875;0.017974853515625;1.0016632080078125;0.002645584288984537;0.012665728107094765;-0.007033142261207104
1767708908679859200;0.0147705078125;0.017120361328125;1.002899169921875;0.001847434788942337;0.01786661520600319;-0.01805010624229908
1767708908689859000;0.022186279296875;0.0150146484375;1.004302978515625;0.0014263890916481614;0.024176176637411118;-0.03194648027420044
1767708908699860000;0.01824951171875;0.016265869140625;1.00299072265625;-0.0007986819837242365;0.023359118029475212;-0.030012227594852448
1767708908709860000;0.0060577392578125;0.0187530517578125;0.9991607666015625;0.004225371405482292;0.02479243092238903;-0.02388855442404747
1767708908719860000;0.000701904296875;0.0197601318359375;0.9997100830078125;0.007544735446572304;0.02298547700047493;-0.018987540155649185
1767708908729860000;0.0051116943359375;0.017242431640625;1.0003509521484375;0.014758972451090813;0.015338475815951824;-0.01672731526196003
1767708908739861000;0.0122222900390625;0.0174560546875;1.0004730224609375;0.01068007480353117;0.010578874498605728;-0.013185310177505016
1767708908749861000;0.013702392578125;0.0165557861328125;0.99810791015625;0.008920790627598763;0.004037352278828621;-0.0014594122767448425
1767708908759861000;0.0132293701171875;0.021087646484375;0.9988250732421875;0.0106505136936903;-0.0023731428664177656;0.006600644905120134
1767708908769860900;0.0186309814453125;0.021240234375;1.00335693359375;0.009384979493916035;-0.005471464246511459;0.001614940818399191
1767708908779862300;0.020751953125;0.020172119140625;1.000762939453125;0.00678227236494422;-0.0027955202385783195;-0.006491188891232014
1767708908789862100;0.016326904296875;0.01898193359375;0.997161865234375;0.004704740364104509;-0.0009568737586960196;-0.0011976235546171665
1767708908799862300;0.00885009765625;0.0177154541015625;0.99554443359375;0.0009882990270853043;0.0037209687288850546;0.007419033907353878
1767708908809862100;0.0032196044921875;0.0161895751953125;0.9903564453125;0.0021654162555933;0.008547415025532246;0.00797110702842474
1767708908819863000;0.005889892578125;0.01666259765625;0.986968994140625;-0.0011946940794587135;0.013852432370185852;0.0065404572524130344
1767708908829863200;0.0153656005859375;0.0153656005859375;0.9907684326171875;-0.0010258496040478349;0.017466075718402863;-0.002719353651627898
1767708908839863000;0.018096923828125;0.0139312744140625;0.9961090087890625;-0.0030597057193517685;0.022052837535738945;-0.00458782771602273
1767708908849863200;0.01190185546875;0.014862060546875;0.9997100830078125;-0.002326537622138858;0.017583254724740982;0.006704774219542742
1767708908859864000;0.0074615478515625;0.0180816650390625;1.00390625;-0.0020032296888530254;0.012346947565674782;0.011729360558092594
1767708908869864000;0.00640869140625;0.01800537109375;1.00531005859375;-0.0003701793903019279;0.009498430415987968;0.01182177197188139
1767708908879864000;0.0052337646484375;0.019775390625;1.0055389404296875;0.0019859191961586475;0.006440322380512953;0.012229502201080322
1767708908889864000;0.007568359375;0.0184173583984375;1.006500244140625;0.0037348170299082994;0.006215285509824753;0.008904545567929745
1767708908899865000;0.0061798095703125;0.0146026611328125;1.0072479248046875;0.002766757970675826;0.005215268116444349;0.010601511225104332
1767708908909865200;0.0033111572265625;0.013275146484375;1.0071563720703125;0.00012144014181103557;-0.01275494322180748;0.024225978180766106
1767708908919865000;0.0069580078125;0.013092041015625;1.0088958740234375;-0.0026937874499708414;-0.024336231872439384;0.023971378803253174
1767708908929865200;0.01116943359375;0.01409912109375;1.005035400390625;-0.0007060039788484573;-0.022943399846553802;0.017941715195775032
1767708908939866000;0.00750732421875;0.01715087890625;1.0026702880859375;0.0028573055751621723;-0.01888633891940117;0.010178867727518082
1767708908949866000;0.0085906982421875;0.017913818359375;1.005859375;0.008709069341421127;-0.013286510482430458;-0.0012474246323108673
1767708908959866000;0.0045318603515625;0.01739501953125;1.002899169921875;0.010971425101161003;-0.0003581951605156064;-0.007388141471892595
1767708908969866000;-0.00244140625;0.0175628662109375;1.0017242431640625;0.012588229961693287;0.010041449218988419;-0.006611031014472246
1767708908979867000;-0.003692626953125;0.019500732421875;1.002655029296875;0.014637266285717487;0.009870474226772785;0.0002884203568100929
1767708908989867000;-0.003204345703125;0.0180206298828125;1.0001678466796875;0.013881194405257702;0.009572199545800686;0.010427340865135193
1767708908999867000;-0.0049896240234375;0.01995849609375;0.99725341796875;0.015165637247264385;0.005333246197551489;0.013516074977815151
1767708909009868000;0.001312255859375;0.0217742919921875;0.9932098388671875;0.012775982730090618;0.002049568807706237;0.016762735322117805
1767708909019868200;0.0060577392578125;0.0207672119140625;0.994964599609375;0.01263776421546936;0.002186188939958811;0.018486332148313522
1767708909029868000;0.00262451171875;0.020599365234375;0.998504638671875;0.010718690231442451;-0.0049558766186237335;0.02244299091398716
1767708909039868200;0.0048065185546875;0.0209197998046875;0.9998931884765625;0.009327189065515995;-0.012900352478027344;0.02093404345214367
1767708909049869000;0.0078125;0.018157958984375;0.99908447265625;0.010637464001774788;-0.012172776274383068;0.01378319039940834
1767708909059869000;0.0072174072265625;0.015045166015625;0.998382568359375;0.010002566501498222;-0.01552116870880127;0.012566924095153809
1767708909069869000;0.0047149658203125;0.0152740478515625;1.0036468505859375;0.009777262806892395;-0.02154950052499771;0.006560697220265865
1767708909079869000;0.0096588134765625;0.0124664306640625;1.0033416748046875;0.007134342100471258;-0.024880049750208855;-0.0023521038237959146
1767708909089870000;0.00579833984375;0.0131378173828125;1.0021820068359375;0.0028783443849533796;-0.02544890157878399;-0.0073226275853812695
1767708909099870000;0.001953125;0.0133514404296875;1.003021240234375;0.00023675501870457083;-0.02352902851998806;-0.0019353191601112485
1767708909109870000;-0.00286865234375;0.0167236328125;1.002349853515625;0.001490571303293109;-0.024527447298169136;0.0006301039247773588
1767708909119870000;-0.0015411376953125;0.0192413330078125;0.999969482421875;0.00415346585214138;-0.01685168407857418;-0.012989834882318974
1767708909129871000;0.0043792724609375;0.0163116455078125;0.9990997314453125;0.004502606578171253;-0.01188169326633215;-0.02315911464393139
1767708909139871200;0.0041351318359375;0.014862060546875;1.00140380859375;0.0054632085375487804;-0.009272860363125801;-0.028545623645186424
1767708909149871000;0.0027313232421875;0.0146484375;1.0018157958984375;0.004744155332446098;-0.004257329273968935;-0.030991205945611
1767708909159871000;0.0031280517578125;0.0154876708984375;1.0027008056640625;0.003103115363046527;0.0008029430755414069;-0.027595940977334976
1767708909169872100;0.0023651123046875;0.01788330078125;1.00396728515625;0.0014106763992458582;-0.0035803536884486675;-0.019650399684906006
1767708909179872000;0.0066070556640625;0.01922607421875;1.0062255859375;0.002231196267530322;-0.010786334984004498;-0.011871573515236378
1767708909189872000;0.00518798828125;0.021148681640625;1.00433349609375;0.0028783443849533796;-0.01817367784678936;-0.0036575854755938053
1767708909199872000;0.0036468505859375;0.024078369140625;1.0059051513671875;0.005899700801819563;-0.020909009501338005;0.0070616379380226135
1767708909209873000;0.00518798828125;0.02294921875;1.005859375;0.00863130483776331;-0.02395060658454895;0.016151273623108864
1767708909219873000;0.005767822265625;0.0204010009765625;1.0089263916015625;0.008816927671432495;-0.030705181881785393;0.01372433453798294
1767708909229873200;0.0094451904296875;0.014862060546875;1.007537841796875;0.005297826137393713;-0.033940389752388;0.002189118415117264
1767708909239873300;0.00714111328125;0.0121307373046875;1.0030975341796875;0.0038211036007851362;-0.0323888324201107;-0.007837682962417603
1767708909249874200;0.005401611328125;0.012054443359375;0.9975128173828125;0.0023555660154670477;-0.038486938923597336;-0.007607319392263889
1767708909259874000;0.00970458984375;0.0118865966796875;0.9956512451171875;0.0001448759576305747;-0.044252149760723114;-0.009399360977113247
1767708909269874200;0.0098114013671875;0.0116424560546875;0.9952545166015625;-0.004850947763770819;-0.04441620036959648;-0.006841660942882299
1767708909279874000;0.00335693359375;0.01348876953125;0.9924468994140625;-0.005622199270874262;-0.04640717804431915;0.0008362325606867671
1767708909289875000;0.0033111572265625;0.0145416259765625;0.9940643310546875;-0.005172924138605595;-0.05162404477596283;-0.004222175572067499
1767708909299875000;0.0053863525390625;0.0139007568359375;0.9969024658203125;-0.007202252745628357;-0.04544204846024513;-0.005856025032699108
1767708909309875000;0.0043487548828125;0.0167999267578125;0.9965667724609375;-0.007208644412457943;-0.03647838160395622;-0.014488928020000458
1767708909319875000;0.004791259765625;0.01312255859375;1.000946044921875;-0.00570049649104476;-0.025561818853020668;-0.030162429437041283
1767708909329876000;0.006011962890625;0.0140380859375;1.002166748046875;-0.003962517250329256;-0.013981595635414124;-0.04276876896619797
1767708909339876000;0.005767822265625;0.0127410888671875;1.000152587890625;-0.005590774118900299;-0.0011286477092653513;-0.043483562767505646
1767708909349875700;-0.0016326904296875;0.013397216796875;1.002227783203125;-0.0039292280562222;0.013891580514609814;-0.043419912457466125
1767708909359875600;-0.004119873046875;0.0152435302734375;1.0014801025390625;-0.007976699620485306;0.02183445915579796;-0.033965155482292175
1767708909369876700;-0.005950927734375;0.0179443359375;0.9982757568359375;-0.007764712441712618;0.01455763727426529;-0.0227990560233593
1767708909379876600;-0.0041046142578125;0.0189056396484375;0.9969482421875;-0.012269449420273304;0.004547613672912121;-0.017139306291937828
1767708909389876700;-0.0023040771484375;0.01824951171875;1.000030517578125;-0.01703091524541378;0.0032684975303709507;-0.02003362961113453
1767708909399876900;-0.0029296875;0.0197296142578125;0.998687744140625;-0.017257817089557648;0.0070190271362662315;-0.014986938796937466
1767708909409877800;-0.0030517578125;0.0203399658203125;0.9985504150390625;-0.015166702680289745;0.005190767347812653;-0.013155216351151466
1767708909419878000;0.0011138916015625;0.0207977294921875;1.0034027099609375;-0.013221795670688152;0.003722566645592451;-0.011167965829372406
1767708909429877800;-0.0024871826171875;0.018890380859375;1.0016021728515625;-0.009097091853618622;-0.005046956706792116;-0.001344363670796156
1767708909439877600;-0.0026702880859375;0.01776123046875;1.0040130615234375;-0.004555603489279747;-0.020558005198836327;0.0038099181838333607
1767708909449878800;0.0004119873046875;0.016937255859375;1.003631591796875;-0.0023933828342705965;-0.02118038572371006;0.002808303339406848
1767708909459878700;-0.0001373291015625;0.016387939453125;0.9989776611328125;-0.0011486213188618422;-0.018871426582336426;0.0002956108655780554
1767708909469878800;-0.0010833740234375;0.017242431640625;0.9998626708984375;-0.00014674017438665032;-0.019755061715841293;-0.0013792511308565736
1767708909479878700;-0.000579833984375;0.0166168212890625;1.0019989013671875;0.0016759273130446672;-0.01793106272816658;-0.0005739112384617329
1767708909489879800;-0.0028076171875;0.0163421630859375;1.000244140625;0.0038490667939186096;-0.012819658033549786;-0.0010748518398031592
1767708909499880000;-0.0085601806640625;0.0142364501953125;1.0032958984375;0.0051894355565309525;-0.015168832615017891;0.0013611416798084974
1767708909509879800;-0.0102386474609375;0.010833740234375;1.0069427490234375;0.004734567832201719;-0.021820610389113426;0.006691724993288517
1767708909519880000;-0.0043792724609375;0.0102081298828125;1.008209228515625;0.005155880004167557;-0.0241391584277153;0.007260309532284737
1767708909529880800;-0.0019683837890625;0.01104736328125;1.007568359375;0.0024767396971583366;-0.02341105043888092;0.0005512743373401463
1767708909539880700;0.0005340576171875;0.0147705078125;1.0063934326171875;-0.0025150892324745655;-0.022102639079093933;-0.0020003002136945724
1767708909549880800;-0.0041351318359375;0.016448974609375;1.0040283203125;-0.004165982827544212;-0.02250690758228302;0.0018407768802717328
1767708909559880700;-0.01092529296875;0.016082763671875;1.0025634765625;-0.0035979305393993855;-0.024838769808411598;0.0010700580896809697
1767708909569881600;-0.01104736328125;0.01580810546875;1.00543212890625;-0.0006122607155703008;-0.024729048833251;-0.002752643311396241
1767708909579881700;-0.01043701171875;0.0163726806640625;1.0059967041015625;0.0007515440811403096;-0.01798805594444275;0.0002990729990415275
1767708909589881600;-0.0099334716796875;0.0160675048828125;1.0054168701171875;0.005209143273532391;-0.018435467034578323;0.0005185174522921443
1767708909599881700;-0.0052642822265625;0.0156707763671875;1.00323486328125;0.0046365633606910706;-0.021378258243203163;0.002603239845484495
1767708909609883000;-0.0040740966796875;0.016876220703125;0.9989166259765625;0.007690676487982273;-0.01980353146791458;0.0015190670965239406
1767708909619882800;-0.00311279296875;0.015899658203125;0.9965362548828125;0.005147890187799931;-0.016077237203717232;-0.0005989448982290924
1767708909629883000;-0.002655029296875;0.0172271728515625;0.99224853515625;0.0046967510133981705;-0.01401461847126484;-0.003371029393747449
1767708909639882800;-0.0013580322265625;0.016845703125;0.9916229248046875;0.004276237916201353;-0.009397496469318867;-0.00749067310243845
1767708909649883600;-0.000946044921875;0.016357421875;0.99456787109375;0.006825948134064674;-0.008232097141444683;-0.008801480755209923
1767708909659883800;-0.0027008056640625;0.0176849365234375;0.9989013671875;0.0054666707292199135;-0.009692841209471226;-0.006902647204697132
1767708909669883600;-0.0027313232421875;0.017425537109375;1.0012054443359375;0.004633633885532618;-0.010232397355139256;-0.010509898886084557
1767708909679883800;0.0005035400390625;0.0144500732421875;1.00244140625;0.0020639498252421618;-0.006881874520331621;-0.01558188907802105
1767708909689884700;-0.0035400390625;0.0151824951171875;1.0012969970703125;-0.0028240159153938293;-0.005813414230942726;-0.01811056025326252
1767708909699884500;-0.0030975341796875;0.0159912109375;1.00091552734375;-0.0025092302821576595;-0.0014146711910143495;-0.022047245875000954
1767708909709884700;-0.00396728515625;0.0137176513671875;1.0030059814453125;-0.0007041397620923817;-0.0029736857395619154;-0.020773189142346382
1767708909719884500;-0.00738525390625;0.014617919921875;1.0010833740234375;-0.0009361011325381696;-0.00352868833579123;-0.014749119058251381
1767708909729885700;-0.0080718994140625;0.017181396484375;0.99993896484375;0.0027081684675067663;-0.00407623453065753;-0.013132313266396523
1767708909739885800;-0.0045166015625;0.01641845703125;1.0015106201171875;0.003053047927096486;-0.00920574925839901;-0.01312032900750637
1767708909749885700;-0.006591796875;0.0182037353515625;1.0003662109375;0.00011211907985853031;-0.003954794257879257;-0.013765080831944942
1767708909759885800;-0.010040283203125;0.018463134765625;0.997589111328125;-0.0017771273851394653;0.010352506302297115;-0.02015426941215992
1767708909769886700;-0.00946044921875;0.01861572265625;1.000091552734375;-0.004412857815623283;0.021410483866930008;-0.02965669520199299
1767708909779886800;-0.0070343017578125;0.018310546875;0.9996337890625;-0.006707703694701195;0.024396685883402824;-0.02544250898063183
1767708909789886700;-0.0101318359375;0.0189971923828125;0.9971771240234375;-0.008521316573023796;0.029978938400745392;-0.018514296039938927
1767708909799886600;-0.0084381103515625;0.021942138671875;0.9999847412109375;-0.009488577023148537;0.028623389080166817;-0.015751799568533897
1767708909809887700;-0.0017242431640625;0.022216796875;1.0015411376953125;-0.009516539983451366;0.02147866040468216;-0.021984394639730453
1767708909819887600;0.004608154296875;0.01971435546875;1.0020904541015625;-0.010732538998126984;0.014794126152992249;-0.026993799954652786
1767708909829887700;0.0040130615234375;0.01922607421875;1.0032196044921875;-0.012339490465819836;0.0033726270776242018;-0.03074965626001358
1767708909839889000;-0.0016021728515625;0.0170440673828125;1.0050811767578125;-0.014268950559198856;0.0043960800394415855;-0.028926189988851547
1767708909849888800;-0.00909423828125;0.0186614990234375;1.000946044921875;-0.016259929165244102;0.004378503188490868;-0.02467738278210163
1767708909859889000;-0.00836181640625;0.017974853515625;1.0005950927734375;-0.01966957561671734;0.0023217438720166683;-0.02544836886227131
1767708909869888800;-0.00469970703125;0.015838623046875;1.00177001953125;-0.02149144373834133;0.010313889943063259;-0.02684146724641323
1767708909879889700;-0.010284423828125;0.0149993896484375;0.996978759765625;-0.02159850299358368;0.014695323072373867;-0.029281189665198326
1767708909889889800;-0.0096588134765625;0.0133056640625;0.99774169921875;-0.01852414943277836;0.016349678859114647;-0.026869431138038635
1767708909899889700;-0.0090484619140625;0.010589599609375;0.999542236328125;-0.014781609177589417;0.02082059346139431;-0.020073842257261276
1767708909909889800;-0.00640869140625;0.0108795166015625;0.99951171875;-0.01575659215450287;0.01673237420618534;-0.01624288596212864
1767708909919890700;-0.0027618408203125;0.0127105712890625;1.0015106201171875;-0.01506816502660513;0.013941914774477482;-0.013529923744499683
1767708909929890600;-0.003662109375;0.0141448974609375;1.003387451171875;-0.014027934521436691;0.011234811507165432;-0.011576761491596699
1767708909939890700;-0.005340576171875;0.015899658203125;1.0012664794921875;-0.013108078390359879;0.012737899087369442;-0.012346947565674782
1767708909949890600;-0.0081329345703125;0.0172882080078125;0.9992523193359375;-0.01341940276324749;0.022107433527708054;-0.016042616218328476
1767708909959891700;-0.010406494140625;0.0177459716796875;0.996185302734375;-0.011229218915104866;0.038957785815000534;-0.01703570783138275
1767708909969891800;-0.007720947265625;0.01727294921875;0.9966583251953125;-0.010492055676877499;0.05072496086359024;-0.018250109627842903
1767708909979891700;-0.0030975341796875;0.0171356201171875;1.0031890869140625;-0.008919725194573402;0.05101098492741585;-0.022413164377212524
1767708909989891800;0.0002593994140625;0.018341064453125;1.0113677978515625;-0.006988401059061289;0.040887244045734406;-0.02173032984137535
1767708909999892700;-0.0043182373046875;0.018218994140625;1.010101318359375;-0.008189752697944641;0.038422755897045135;-0.015536881983280182
1767708910009892600;-0.00946044921875;0.0219879150390625;1.004608154296875;-0.0060086240991950035;0.0410504974424839;-0.006678941659629345
1767708910019892700;-0.0104217529296875;0.0234527587890625;1.00091552734375;-0.002959570847451687;0.03771568834781647;-0.01450011320412159
1767708910029892600;-0.0021209716796875;0.02252197265625;0.99981689453125;-0.00048363005043938756;0.023988157510757446;-0.024233967065811157
1767708910039893500;0.0035400390625;0.0165252685546875;1.004669189453125;-0.0037409423384815454;0.00993119366466999;-0.02527925744652748
1767708910049893600;0.0078582763671875;0.0160675048828125;1.0040435791015625;-0.00407516909763217;0.005694104824215174;-0.016822656616568565
1767708910059893800;0.00311279296875;0.018035888671875;0.9999542236328125;-0.003855458227917552;0.0010250506456941366;-0.014099041000008583
1767708910069894000;0.0041656494140625;0.0188446044921875;0.9978179931640625;-0.006074137985706329;-0.00555082643404603;-0.01390090212225914
1767708910079894800;0.0006561279296875;0.0206298828125;0.9952850341796875;-0.006352171767503023;-0.0004346278728917241;-0.015528359450399876
1767708910089894700;-0.006195068359375;0.0199737548828125;0.9976348876953125;-0.006371879018843174;0.00839721318334341;-0.011019893921911716
1767708910099894800;-0.010711669921875;0.019256591796875;1.003143310546875;-0.0055004931055009365;0.010961304418742657;-0.0007603325066156685
1767708910109894700;-0.00537109375;0.0178375244140625;1.008056640625;-0.00589570589363575;0.00746004655957222;-0.0001371527905575931
1767708910119895800;0.00811767578125;0.015899658203125;1.0098114013671875;-0.008413191884756088;-0.002112419344484806;-0.005876797717064619
1767708910129895700;0.0135650634765625;0.015350341796875;1.00640869140625;-0.012254003435373306;-0.002526274649426341;-0.01552356593310833
1767708910139895600;0.00811767578125;0.015380859375;1.0006561279296875;-0.01432301290333271;-0.004526042379438877;-0.02231489308178425
1767708910149895700;0.0031890869140625;0.01934814453125;1.0008392333984375;-0.013796239160001278;-0.007771902717649937;-0.026613501831889153
1767708910159896600;-0.0015411376953125;0.01776123046875;1.002655029296875;-0.016804546117782593;-0.014971492812037468;-0.02274765633046627
1767708910169897000;-0.0023651123046875;0.01678466796875;1.001739501953125;-0.012793026864528656;-0.012616192921996117;-0.016099873930215836
1767708910179896800;-0.0091400146484375;0.018646240234375;1.0020294189453125;-0.017421867698431015;-0.0043902210891246796;-0.016538230702280998
1767708910189897700;-0.0079345703125;0.0174560546875;0.9954071044921875;-0.013456686399877071;0.003923102747648954;-0.013655091635882854
1767708910199897900;-0.008056640625;0.020904541015625;0.99700927734375;-0.011749600060284138;0.01077008992433548;-0.01618562825024128
1767708910209897700;-0.0047454833984375;0.0212860107421875;0.997161865234375;-0.011489409022033215;0.016983777284622192;-0.020927386358380318
1767708910219897900;-0.0028076171875;0.0192413330078125;0.993896484375;-0.01278929878026247;0.014721155166625977;-0.017173660919070244
1767708910229898800;-0.005096435546875;0.0228118896484375;0.993438720703125;-0.010276872664690018;0.011592740193009377;-0.00526666734367609
1767708910239898600;-0.003753662109375;0.02264404296875;0.9947662353515625;-0.009550095535814762;0.01011202298104763;0.004221110139042139
1767708910249898800;-0.0014495849609375;0.022918701171875;1.0004730224609375;-0.008933307603001595;0.009644105099141598;0.0057737333700060844
1767708910259898600;0.0011138916015625;0.0184478759765625;1.006072998046875;-0.008557002991437912;0.004933239426463842;0.003923901356756687
1767708910269899800;-0.000823974609375;0.0187835693359375;1.006134033203125;-0.008517853915691376;0.0018168084789067507;0.007309312000870705
1767708910279900000;-0.00146484375;0.017486572265625;1.000885009765625;-0.011571701616048813;0.0021971079986542463;0.000990962260402739
1767708910289899800;0.0047454833984375;0.017333984375;1.001312255859375;-0.011001517996191978;-0.004712729714810848;-0.009464608505368233
1767708910299900000;0.0084686279296875;0.013427734375;1.0081787109375;-0.01284815464168787;-0.00666429428383708;-0.014372281730175018
1767708910309900800;0.0068817138671875;0.0103607177734375;1.0041961669921875;-0.014145912602543831;-0.0006599313346669078;-0.015112906694412231
1767708910319900700;0.0025482177734375;0.0117034912109375;0.9985809326171875;-0.013465208932757378;0.0016128103015944362;-0.014874286949634552
1767708910329900800;0.0005340576171875;0.0131988525390625;1.0000457763671875;-0.016881512477993965;-0.0010974886827170849;-0.013785586692392826
1767708910339900700;-0.0023345947265625;0.0146636962890625;0.9980316162109375;-0.01960699073970318;0.0020548950415104628;-0.012606872245669365
1767708910349902300;-0.004730224609375;0.0183258056640625;0.997589111328125;-0.017942780628800392;0.0011060107499361038;-0.012031096033751965
1767708910359902500;-0.00244140625;0.0198516845703125;1.00018310546875;-0.021215273067355156;-0.004822984803467989;-0.014719557948410511
1767708910369902300;0.002960205078125;0.0182952880859375;1.0004119873046875;-0.024219851940870285;-0.012074505910277367;-0.0190820824354887
1767708910379902500;0.0009765625;0.0191192626953125;1.00042724609375;-0.022639798000454903;-0.011695804074406624;-0.01581464894115925
1767708910389903600;-0.004486083984375;0.0184478759765625;1.0003814697265625;-0.02383582480251789;-0.01332672405987978;-0.012035624124109745
1767708910399903500;-0.0030517578125;0.018951416015625;1.0022125244140625;-0.023300262168049812;-0.006963899824768305;-0.010863566771149635
1767708910409903600;-0.002349853515625;0.02069091796875;1.001251220703125;-0.01961924135684967;-0.003251453395932913;-0.014252172783017159
1767708910419903500;-0.00390625;0.019805908203125;1.0041046142578125;-0.01739283837378025;0.0009733853512443602;-0.013654293492436409
1767708910429904400;-0.00787353515625;0.02069091796875;1.0014495849609375;-0.014343253336846828;0.0005763080553151667;-0.008115450851619244
1767708910439904500;-0.007537841796875;0.0242767333984375;1.002044677734375;-0.010353571735322475;0.002516420790925622;-0.0028242822736501694
1767708910449904400;-0.0034637451171875;0.0245361328125;1.0033111572265625;-0.008919725194573402;-0.0022069616243243217;-0.0009480853332206607
1767708910459904500;0.0010833740234375;0.0233154296875;1.00433349609375;-0.011296330019831657;0.00039015308720991015;-0.0023872575256973505
1767708910469905400;-0.0006256103515625;0.0194091796875;1.002410888671875;-0.012136823497712612;0.002910302486270666;-0.003638144349679351
1767708910479905300;-0.002166748046875;0.0190277099609375;1.0018463134765625;-0.016040751710534096;0.0005099953268654644;-0.00046099317842163146
1767708910489905700;-0.0032958984375;0.01739501953125;1.0010528564453125;-0.017061540856957436;-0.0009675264009274542;0.00027057717670686543
1767708910499906600;-0.0002899169921875;0.0181884765625;0.9997100830078125;-0.01666739396750927;0.0008237157016992569;-0.004854676313698292
1767708910509906400;0.001251220703125;0.01885986328125;0.998046875;-0.015267369337379932;-0.0026314693968743086;-0.011113104410469532
1767708910519906600;0.0034332275390625;0.018951416015625;0.9994049072265625;-0.014575746841728687;-0.005570800509303808;-0.012634036131203175
1767708910529906400;0.001220703125;0.02020263671875;1.000274658203125;-0.01263989508152008;-0.004780374001711607;-0.00857484620064497
1767708910539907300;-0.0000762939453125;0.023651123046875;0.999298095703125;-0.011419101618230343;-0.007979363203048706;-0.008895756676793098
1767708910549907500;0.001434326171875;0.025543212890625;1.0030364990234375;-0.011070228181779385;-0.0038277613930404186;-0.004987035412341356
1767708910559907300;0.001434326171875;0.0264434814453125;1.00469970703125;-0.008009190671145916;-0.0036456012167036533;-0.004800347611308098
1767708910569907500;0.005828857421875;0.0260467529296875;1.0038909912109375;-0.011451326310634613;-0.009676329791545868;-0.0027134947013109922
1767708910579908400;0.0000152587890625;0.026031494140625;1.0008544921875;-0.011070494540035725;-0.004514058120548725;-0.001555818715132773
1767708910589908500;-0.00274658203125;0.0263671875;0.998809814453125;-0.012655074708163738;0.0024770060554146767;-0.007473895326256752
1767708910599908600;-0.0011444091796875;0.0244903564453125;0.9991302490234375;-0.01489239651709795;0.006281065288931131;-0.011289671994745731
1767708910609908500;-0.005523681640625;0.02557373046875;1.00091552734375;-0.01414431445300579;0.010905911214649677;-0.0012737899087369442
1767708910619909600;-0.012115478515625;0.027862548828125;0.999969482421875;-0.0145299406722188;0.014212758280336857;0.01218609232455492
1767708910629909500;-0.0134429931640625;0.0291290283203125;0.9963531494140625;-0.0143520412966609;0.019356653094291687;0.021748971194028854
1767708910639909600;-0.0072021484375;0.0282440185546875;0.9962615966796875;-0.013338175602257252;0.019352925941348076;0.02665318176150322
1767708910649909500;-0.0019683837890625;0.0261688232421875;0.9984130859375;-0.00923397857695818;0.015560850501060486;0.027417242527008057
1767708910659910400;-0.000335693359375;0.0266876220703125;1.0029449462890625;-0.011963185854256153;0.012980513274669647;0.027295004576444626
1767708910669910500;0.0007171630859375;0.0268402099609375;0.9998779296875;-0.016016250476241112;0.013067332096397877;0.02244911715388298
1767708910679910400;0.0072174072265625;0.02740478515625;0.9991607666015625;-0.00959963072091341;0.010479272343218327;0.006075202953070402
1767708910689910500;0.009429931640625;0.0235595703125;1.0069580078125;-0.006400641519576311;0.01835663616657257;-0.00820866134017706
1767708910699911700;0.007354736328125;0.02044677734375;1.010772705078125;-0.0011353056179359555;0.019887154921889305;-0.013104616664350033
1767708910709911600;0.002227783203125;0.01666259765625;1.013336181640625;0.0019632822368294;0.00974610447883606;-0.00965502392500639
1767708910719911700;0.0035552978515625;0.01416015625;1.00640869140625;-0.007201720029115677;-0.010162089951336384;-0.005910885985940695
1767708910729912600;0.00872802734375;0.0196990966796875;0.996734619140625;-0.00583791546523571;-0.018032530322670937;-0.011596734635531902
1767708910739912400;0.00885009765625;0.025421142578125;1.0038909912109375;-0.003944674041122198;-0.020841898396611214;-0.02100701443850994
1767708910749912600;0.0037841796875;0.026458740234375;1.0042724609375;-0.003989148885011673;-0.019116703420877457;-0.021393172442913055
1767708910759912400;-0.001800537109375;0.02923583984375;0.996795654296875;-0.008714395575225353;-0.02502439357340336;-0.022775886580348015
1767708910769913300;0.0002899169921875;0.0282135009765625;0.9927215576171875;-0.008287491276860237;-0.03295661881566048;-0.02684519626200199
1767708910779913500;0.002655029296875;0.0276947021484375;0.99700927734375;-0.007978830486536026;-0.029860960319638252;-0.0344272144138813
1767708910789913300;-0.0024871826171875;0.0263671875;1.002593994140625;-0.00794554129242897;-0.0232952032238245;-0.03379444777965546
1767708910799913500;-0.0113372802734375;0.027740478515625;0.996612548828125;-0.00999218039214611;-0.015592541545629501;-0.029271336272358894
1767708910809914600;-0.0106048583984375;0.03057861328125;0.994140625;-0.011801266111433506;-0.019359316676855087;-0.024514930322766304
1767708910819914500;-0.005462646484375;0.0307769775390625;0.995513916015625;-0.011114169843494892;-0.01913214847445488;-0.0210709311068058
1767708910829914600;-0.00775146484375;0.03118896484375;1.0032806396484375;-0.012443353421986103;-0.016694026067852974;-0.01420396938920021
1767708910839914500;-0.00543212890625;0.029541015625;1.0026397705078125;-0.014153103344142437;-0.0275083240121603;-0.01629801280796528
1767708910849915400;0.002105712890625;0.0294342041015625;1.0043182373046875;-0.018986741080880165;-0.04483591392636299;-0.023076556622982025
1767708910859915500;0.0053863525390625;0.025970458984375;1.0060577392578125;-0.010702711530029774;-0.04234639182686806;-0.024226244539022446
1767708910869915400;0.00042724609375;0.0260162353515625;1.0084991455078125;-0.008766327053308487;-0.040353816002607346;-0.02623293548822403
1767708910879916500;-0.0023040771484375;0.0279693603515625;1.01129150390625;-0.004445348400622606;-0.032470591366291046;-0.02971528470516205
1767708910889916400;-0.000518798828125;0.0276641845703125;1.0093231201171875;-0.0046160570345819;-0.022895196452736855;-0.031688421964645386
1767708910899916300;-0.0070343017578125;0.0246429443359375;1.0014495849609375;-0.0017172062071040273;-0.008670985698699951;-0.030498255044221878
1767708910909916400;-0.0133514404296875;0.0279541015625;0.996978759765625;0.0014301175251603127;-0.0024972460232675076;-0.024021446704864502
1767708910919917600;-0.0152740478515625;0.0302581787109375;1.0002899169921875;0.002560895634815097;0.007415838539600372;-0.016538230702280998
1767708910929917700;-0.01300048828125;0.0276336669921875;1.000640869140625;0.00007057376933516935;0.008464325219392776;-0.013798370026051998
1767708910939917600;-0.005828857421875;0.0286712646484375;0.99774169921875;0.0026229473296552896;0.00013156015484128147;-0.016024772077798843
1767708910949917400;-0.00091552734375;0.0306396484375;1.0032958984375;0.001674595638178289;-0.0011832424206659198;-0.020191820338368416
1767708910959918600;-0.0032958984375;0.0296173095703125;1.0016632080078125;-0.0011001517996191978;0.00022157499915920198;-0.020981181412935257
1767708910969918500;-0.005279541015625;0.027984619140625;0.9963531494140625;-0.0014120079576969147;-0.002642122097313404;-0.013068930245935917
1767708910979918600;-0.0095672607421875;0.030731201171875;0.9985198974609375;-0.00044022052315995097;-0.0017811221769079566;-0.0028751487843692303
1767708910989918500;-0.010833740234375;0.0301361083984375;0.998779296875;-0.001285241567529738;0.0029087045695632696;-0.000027430558475316502
1767708910999919400;-0.0057525634765625;0.0301666259765625;1.0014801025390625;-0.0005624596378766;0.004973985720425844;0.003919374197721481
1767708911009919500;-0.0061187744140625;0.03192138671875;1.0030975341796875;-0.002007490722462535;0.0008495483780279756;0.010492854751646519
1767708911019919400;-0.0043182373046875;0.0314788818359375;1.00390625;-0.0012359730899333954;0.0006186523241922259;0.012232697568833828
1767708911029919500;-0.0057830810546875;0.028564453125;1.00341796875;-0.002404035534709692;0.005649363622069359;0.009316802956163883
1767708911039920600;-0.0072784423828125;0.0289459228515625;0.9972076416015625;-0.0035230957437306643;0.012524846941232681;0.010663829743862152
1767708911049920500;-0.005401611328125;0.0302886962890625;0.995849609375;-0.0032738239970058203;0.008731439709663391;0.010907774791121483
1767708911059920600;-0.0052337646484375;0.0287322998046875;0.999237060546875;0.00009747169679030776;0.0073042516596615314;0.012998090125620365
1767708911069920500;-0.008514404296875;0.0294952392578125;0.9999847412109375;-0.0004679173871409148;0.007873103022575378;0.018022676929831505
1767708911079921400;-0.0117645263671875;0.0276947021484375;1.0019683837890625;-0.00037710359902121127;0.010937602259218693;0.023624636232852936
1767708911089921500;-0.011505126953125;0.0293121337890625;1.0009613037109375;-0.0030210898257791996;0.01998782344162464;0.023541811853647232
1767708911099921400;-0.007415771484375;0.02874755859375;0.997406005859375;-0.00564030883833766;0.02232714369893074;0.022431273013353348
1767708911109922300;-0.002532958984375;0.027618408203125;1.0004730224609375;-0.005014199763536453;0.00797536876052618;0.01666259951889515
1767708911119922400;0.0024261474609375;0.0290985107421875;1.0008392333984375;-0.005935120861977339;0.0033537186682224274;0.01236558984965086
1767708911129922300;-0.0012969970703125;0.026947021484375;1.004241943359375;-0.0070643010549247265;-0.001350755337625742;0.009767675772309303
1767708911139922400;0.000823974609375;0.0259246826171875;1.006439208984375;-0.006237389519810677;-0.008023039437830448;0.009559150785207748
1767708911149923600;-0.0053253173828125;0.0266265869140625;1.0040740966796875;-0.00669332267716527;-0.007771636825054884;0.014928615652024746
1767708911159923500;-0.010711669921875;0.0253448486328125;0.99859619140625;-0.006474144756793976;0.0007241134881041944;0.013699833303689957
1767708911169923600;-0.00714111328125;0.0284423828125;0.9987945556640625;-0.005608084611594677;-0.001802693703211844;0.006569752003997564
1767708911179923500;-0.0034637451171875;0.023712158203125;1.0005035400390625;-0.008099472150206566;0.002989931032061577;-0.0013291836949065328
1767708911189924400;-0.0034027099609375;0.0228118896484375;0.9984283447265625;-0.00881160143762827;0.0017531589837744832;0.0018881811993196607
1767708911199924500;-0.002655029296875;0.02581787109375;0.999176025390625;-0.008025435730814934;-0.0014479606179520488;-0.000669518718495965
1767708911209924400;-0.0001678466796875;0.025238037109375;0.9998931884765625;-0.00663446681573987;-0.0007097324123606086;-0.007868842221796513
1767708911219924500;-0.003387451171875;0.0269927978515625;1.0030670166015625;-0.002895122393965721;0.0035603800788521767;-0.006262423470616341
1767708911229925400;-0.01068115234375;0.0284881591796875;1.0035400390625;-0.0006109291571192443;0.005538842175155878;0.0006330333999358118
1767708911239925500;-0.01171875;0.0291595458984375;1.0014495849609375;0.0023467775899916887;0.013014068827033043;-0.0007017429452389479
1767708911249925400;-0.0059814453125;0.0278472900390625;1.001708984375;0.004043211229145527;0.016439693048596382;-0.001806155894882977
1767708911259926500;-0.006011962890625;0.0265655517578125;0.99932861328125;0.002793389605358243;0.01679735630750656;0.005227785091847181
1767708911269926700;-0.008148193359375;0.025787353515625;0.9998321533203125;0.005575594026595354;0.01684875413775444;0.01152802538126707
1767708911279926500;-0.0041656494140625;0.02557373046875;1.002166748046875;0.008357532322406769;0.007425159215927124;0.00875274557620287
1767708911289926700;0.0027923583984375;0.025665283203125;1.004119873046875;0.006334328558295965;0.0033334787003695965;-0.00013608753215521574
1767708911299927600;0.001190185546875;0.0279998779296875;1.0041351318359375;0.006632602773606777;0.005334844347089529;-0.00827710423618555
1767708911309927400;-0.0056610107421875;0.0279541015625;1.006103515625;0.007001450285315514;0.006133792456239462;-0.004004595335572958
1767708911319927600;-0.011016845703125;0.0286102294921875;1.0041656494140625;0.008083226159214973;0.004804342519491911;0.0060211410745978355
1767708911329927400;-0.0133514404296875;0.02752685546875;1.000762939453125;0.009925068356096745;0.006013683974742889;0.011777297593653202
1767708911339928300;-0.0106048583984375;0.0265350341796875;0.9997711181640625;0.008746087551116943;0.0019542276859283447;0.011575163342058659
1767708911349929000;-0.0017852783203125;0.025726318359375;0.9994354248046875;0.00481339730322361;-0.000922252656891942;0.010000968351960182
1767708911359928800;0.0058746337890625;0.0261383056640625;0.996978759765625;0.0065412563271820545;-0.004571049474179745;0.00458729499951005
1767708911369929000;-0.0001678466796875;0.027496337890625;1.000762939453125;0.0002889529860112816;0.0000018642127770363004;0.0043745082803070545
1767708911379929900;-0.0097503662109375;0.027252197265625;0.9951629638671875;0.0004673847579397261;0.004547347314655781;0.004677842371165752
1767708911389929700;-0.015380859375;0.02813720703125;0.99346923828125;0.000037017940485384315;0.007947138510644436;0.0059809270314872265
1767708911399929900;-0.01641845703125;0.027618408203125;0.99658203125;0.0002287655370309949;0.011784753762185574;0.012501144781708717
1767708911409929700;-0.0140838623046875;0.0271759033203125;0.9984588623046875;0.0014183996245265007;0.016650082543492317;0.013936055824160576
1767708911419930600;-0.0078125;0.026641845703125;1.0019378662109375;0.0016245282022282481;0.013243899680674076;0.015848470851778984
1767708911429931000;-0.0059051513671875;0.027862548828125;1.0030670166015625;0.0018224010709673166;0.011744007468223572;0.018012555316090584
1767708911439931000;-0.005157470703125;0.0295562744140625;1.0032806396484375;-0.0002348908019484952;0.0121839614585042;0.016025038436055183
1767708911449931800;-0.0041961669921875;0.0288848876953125;1.0028076171875;-0.0015880429418757558;0.009301356039941311;0.010252105072140694
1767708911459932000;-0.0018768310546875;0.0261688232421875;1.003387451171875;-0.0016964336391538382;0.0083085298538208;0.0065415226854383945
1767708911469931800;-0.003509521484375;0.0236968994140625;1.0027008056640625;-0.004056526813656092;0.006145776715129614;0.00421391986310482
1767708911479932000;-0.0077667236328125;0.0249481201171875;1.00152587890625;-0.0020477045327425003;0.008802013471722603;0.0011254518758505583
1767708911489932800;-0.0048370361328125;0.023345947265625;1.00274658203125;-0.00033875409280881286;0.002868224401026964;-0.0040855552069842815
1767708911499932700;0.001312255859375;0.023712158203125;1.00531005859375;0.0046453517861664295;-0.004999818746000528;-0.008226504549384117
1767708911509932800;-0.0006256103515625;0.023040771484375;1.006103515625;0.007505586836487055;-0.007648864760994911;-0.009439041838049889
1767708911519932700;-0.0060882568359375;0.0231475830078125;1.005828857421875;0.005964948330074549;-0.009589243680238724;-0.015426626428961754
1767708911529933800;-0.0071258544921875;0.0212860107421875;1.002899169921875;0.006731139495968819;-0.0037832865491509438;-0.016230368986725807
1767708911539934000;-0.0113983154296875;0.0211181640625;0.998504638671875;0.006308495998382568;0.002412823960185051;-0.018218152225017548
1767708911549933800;-0.0130157470703125;0.02410888671875;0.996307373046875;0.006569485645741224;0.001939580193720758;-0.011578358709812164
1767708911559934000;-0.0117645263671875;0.02532958984375;0.9949188232421875;0.006109823938459158;0.005755091086030006;-0.007174289785325527
1767708911569934800;-0.0113525390625;0.027130126953125;0.994415283203125;0.002694586291909218;0.010268882848322392;-0.008665925823152065
1767708911579934700;-0.0076141357421875;0.030303955078125;0.999755859375;0.0005209143273532391;0.012783439829945564;-0.011898737400770187
1767708911589934800;-0.0068511962890625;0.0305633544921875;1.003143310546875;-0.0007044061203487217;0.011393269523978233;-0.01492355577647686
1767708911599935700;-0.0066070556640625;0.0292816162109375;1.002960205078125;-0.0022450448013842106;0.01245187595486641;-0.01728231832385063
1767708911609936000;-0.00775146484375;0.02667236328125;1.0042266845703125;-0.0005725796218030155;0.012630041688680649;-0.017371267080307007
1767708911619935700;-0.0047149658203125;0.0261077880859375;1.0076904296875;0.00003222424857085571;0.006361226551234722;-0.015564844943583012
1767708911629935600;-0.0031280517578125;0.0247039794921875;1.005645751953125;0.0003102582704741508;-0.0013851100811734796;-0.014272945001721382
1767708911639937000;-0.0057830810546875;0.0234222412109375;1.0007171630859375;0.0027651600539684296;-0.0059630838222801685;-0.00881133507937193
1767708911649937000;-0.0092010498046875;0.0243682861328125;1.0014190673828125;0.005276787560433149;-0.005605954211205244;-0.0028543761000037193
1767708911659937000;-0.011810302734375;0.0239410400390625;1.0009918212890625;0.003713511861860752;-0.002651443239301443;-0.006255765445530415
1767708911669937000;-0.0108489990234375;0.0239715576171875;1.000213623046875;0.002528405049815774;0.0020210728980600834;-0.009344765916466713
1767708911679937800;-0.0111083984375;0.0245513916015625;0.9997100830078125;0.0038149782922118902;0.006113019771873951;-0.005855492316186428
1767708911689938000;-0.0091094970703125;0.0242156982421875;0.997314453125;0.004590490832924843;0.005125519819557667;-0.009687514975667
1767708911699937800;-0.004852294921875;0.024505615234375;0.9996337890625;0.002968092914670706;0.0065255435183644295;-0.009411611594259739
1767708911709938000;-0.0055084228515625;0.0236968994140625;1.004608154296875;0.0014229270163923502;-0.004014182835817337;-0.007837416604161263
1767708911719938800;-0.001708984375;0.0238800048828125;1.007049560546875;0.0012756541837006807;-0.008547947742044926;-0.010603642091155052
1767708911729938700;-0.00445556640625;0.0253753662109375;1.005340576171875;0.00441019469872117;-0.0054456316865980625;-0.02214391715824604
1767708911739938800;-0.00738525390625;0.0248260498046875;1.0049591064453125;0.0038988678716123104;-0.006070942152291536;-0.024877386167645454
1767708911749940000;-0.0083770751953125;0.0245208740234375;1.0043182373046875;0.005185441114008427;-0.014507836662232876;-0.026379942893981934
1767708911759939800;-0.0050811767578125;0.0236053466796875;1.00018310546875;0.0054365769028663635;-0.016872189939022064;-0.024327710270881653
1767708911769940000;-0.0070037841796875;0.02410888671875;0.99822998046875;0.006371879018843174;-0.017598435282707214;-0.019230153411626816
1767708911779939800;-0.00775146484375;0.023681640625;0.997894287109375;0.00592420157045126;-0.018483668565750122;-0.010426808148622513
1767708911789940700;-0.0120849609375;0.026397705078125;1.001495361328125;0.005422462243586779;-0.017247164621949196;-0.0037803570739924908
1767708911799940900;-0.013824462890625;0.026153564453125;1.0014190673828125;0.005146026145666838;-0.016031431034207344;-0.0021552962716668844
1767708911809940700;-0.0112762451171875;0.0269317626953125;1.0029144287109375;0.0048738508485257626;-0.012301141396164894;-0.008791361004114151
1767708911819940900;-0.0106048583984375;0.0266265869140625;1.0027618408203125;0.003606186481192708;-0.007786816451698542;-0.007987885735929012
1767708911829941800;-0.01171875;0.0248870849609375;1.00006103515625;0.001216531964018941;-0.0006934871198609471;-0.009346097707748413
1767708911839941600;-0.012054443359375;0.0251007080078125;0.9996795654296875;0.0005187837523408234;0.006735400762408972;-0.005169195588678122
1767708911849941800;-0.0118560791015625;0.024200439453125;0.9998626708984375;0.001148355077020824;0.004008323885500431;-0.0008474178612232208
1767708911859941600;-0.0078887939453125;0.0243682861328125;0.9995269775390625;0.000969923275988549;0.006974020041525364;-0.003085272153839469
1767708911869942800;-0.0088958740234375;0.0264129638671875;0.99871826171875;0.00011078749957960099;0.009839048609137535;-0.0027238810434937477
1767708911879943000;-0.011627197265625;0.027191162109375;0.9988250732421875;-0.0007371630053967237;0.008806274272501469;-0.003949734382331371
1767708911889942800;-0.0111236572265625;0.02532958984375;0.99981689453125;0.00017097493400797248;0.010448645800352097;0.0008727178792469203
1767708911899944000;-0.0133209228515625;0.0258026123046875;0.9996185302734375;0.00048123320448212326;0.012587963603436947;0.0038450718857347965
1767708911909943800;-0.006317138671875;0.0240020751953125;0.9999542236328125;0.00011345066013745964;0.01185080036520958;-0.00021278657368384302
1767708911919944000;-0.001617431640625;0.023193359375;0.9987030029296875;0.00013022858183830976;0.011204984039068222;-0.0004394215648062527
1767708911929943800;-0.00469970703125;0.0227813720703125;0.998992919921875;0.001972337020561099;0.013748835772275925;-0.004262122791260481
1767708911939944700;-0.0082550048828125;0.0232086181640625;0.9998931884765625;0.0007387608638964593;0.020539363846182823;-0.003549461020156741
1767708911949944800;-0.0108795166015625;0.022125244140625;0.9998779296875;0.0036618465092033148;0.02539324015378952;0.000045806369598722085
1767708911959944700;-0.0121307373046875;0.0216522216796875;1.001617431640625;0.00370072852820158;0.024158332496881485;0.0020519655663520098
1767708911969944800;-0.009979248046875;0.0216522216796875;1.003662109375;0.0012929646763950586;0.014780810102820396;0.0032498554792255163
1767708911979946000;-0.00115966796875;0.0230255126953125;1.006072998046875;-0.0008910936885513365;0.003621100215241313;0.0017651431262493134
1767708911989945900;0.0004730224609375;0.024078369140625;1.0055084228515625;-0.006475742440670729;0.0033601103350520134;-0.0013720606220886111
1767708911999946000;-0.0037841796875;0.022918701171875;1.00482177734375;-0.00990323070436716;0.005600095260888338;-0.004056793171912432
1767708912009945900;-0.007965087890625;0.0198822021484375;0.998565673828125;-0.011009241454303265;0.014508103020489216;-0.002501773415133357
1767708912019946800;-0.01300048828125;0.022064208984375;0.9979095458984375;-0.011416705325245857;0.011867311783134937;-0.0022130869328975677
1767708912029947000;-0.011016845703125;0.019256591796875;1.00103759765625;-0.008833172731101513;0.00726483715698123;0.0015869776252657175
1767708912039946800;-0.0091400146484375;0.0228424072265625;1.000732421875;-0.005583050660789013;0.005330583080649376;0.006759102921932936
1767708912049947600;-0.006500244140625;0.0247802734375;1.00225830078125;-0.003471164032816887;0.0035393410362303257;0.007814247161149979
1767708912059947800;-0.0043792724609375;0.02618408203125;1.0032958984375;-0.0032168321777135134;0.0017755294684320688;0.004584631882607937
1767708912069947600;-0.008270263671875;0.025177001953125;1.001983642578125;-0.0021489046048372984;0.0027949875220656395;-0.0014977618120610714
1767708912079947800;-0.0105133056640625;0.023284912109375;1.0013580322265625;-0.0023587618488818407;0.00509782275184989;-0.003564907470718026
1767708912089949000;-0.00897216796875;0.0224456787109375;0.999786376953125;-0.004804076161235571;0.007586546707898378;-0.00640916358679533
1767708912099948800;-0.008880615234375;0.0223846435546875;0.996795654296875;-0.0049252500757575035;0.012618057429790497;-0.004248274490237236
1767708912109949000;-0.009307861328125;0.0239410400390625;0.9969940185546875;-0.0025984463281929493;0.01582237333059311;-0.0018154769204556942
1767708912119948800;-0.0030975341796875;0.024169921875;0.9983673095703125;-0.0016077503096312284;0.02076147124171257;-0.00803209375590086
1767708912129949700;-0.0010986328125;0.0235595703125;1.002716064453125;-0.004323109518736601;-0.001748897833749652;0.0007984156836755574
1767708912139949800;-0.0088653564453125;0.0244140625;1.002471923828125;-0.00498064374551177;0.0041465419344604015;0.004311923868954182
1767708912149949700;-0.009063720703125;0.0263824462890625;0.9987335205078125;-0.0036551884841173887;0.010348244570195675;0.002071140334010124
1767708912159949800;-0.0084381103515625;0.02703857421875;1.0006866455078125;-0.0024085629265755415;0.016568856313824654;-0.00036618465674109757
1767708912169950700;-0.0074310302734375;0.02642822265625;0.9994659423828125;0.00007723167072981596;0.026982881128787994;-0.001966744428500533
1767708912179950600;-0.0069732666015625;0.0243988037109375;1.0019073486328125;0.0012173309223726392;0.024996962398290634;0.0024168186355382204
1767708912189950700;-0.004058837890625;0.0248870849609375;1.00537109375;-0.0001651159836910665;0.021928735077381134;0.0022479742765426636
1767708912199952000;-0.0037994384765625;0.02349853515625;1.0019683837890625;0.0011528824688866735;0.017796041443943977;0.001026115962304175
1767708912209952000;-0.0009613037109375;0.0239105224609375;1.0027618408203125;0.0015877765836194158;0.013393836095929146;-0.0011147991754114628
1767708912219951900;-0.003021240234375;0.0239410400390625;1.0051422119140625;0.004997421521693468;0.0029406624380499125;0.007169762160629034
1767708912229951700;-0.0070343017578125;0.0234222412109375;1.0043792724609375;-0.002511360915377736;0.012629508972167969;0.011946141719818115
1767708912239953000;-0.0106964111328125;0.02874755859375;0.9934844970703125;0.00014327807002700865;0.01624208688735962;0.004474376793950796
1767708912249952800;-0.0068511962890625;0.0255889892578125;0.9983673095703125;0.00152359448838979;0.02106613665819168;0.004066380672156811
1767708912259953000;-0.00921630859375;0.0249786376953125;0.9991302490234375;0.003614708548411727;0.017367005348205566;0.0073623089119791985
1767708912269952800;-0.0051116943359375;0.0279083251953125;1.0036163330078125;0.007475226651877165;0.018753448501229286;0.012896090745925903
1767708912279953700;-0.00311279296875;0.0262298583984375;1.0035247802734375;0.007998538203537464;0.01305454969406128;0.015447932295501232
1767708912289953800;-0.0009002685546875;0.026763916015625;1.00616455078125;0.010262224823236465;0.00691995769739151;0.011246263049542904
1767708912299953700;-0.0033416748046875;0.0244903564453125;1.00244140625;0.008619320578873158;0.01179247722029686;0.009194031357765198
1767708912309954800;-0.0067138671875;0.023040771484375;1.0002593994140625;0.007249923422932625;0.018642393872141838;0.00600436283275485
1767708912319955000;-0.0069732666015625;0.020751953125;0.997406005859375;0.0051777176558971405;0.024152474477887154;0.0035422705113887787
1767708912329954800;-0.0010528564453125;0.0223236083984375;0.997222900390625;0.0046328348107635975;0.023253390565514565;0.0013936321483924985
1767708912339955000;0.00146484375;0.022369384765625;0.9989166259765625;0.0037910097744315863;0.0198016669601202;-0.0003531351685523987
1767708912349954600;-0.0015869140625;0.0240631103515625;1.0005950927734375;0.003379551460966468;0.014549647457897663;0.0015760586829856038
1767708912359954700;-0.0067138671875;0.0238494873046875;1.0010528564453125;0.0046160570345819;0.015929166227579117;0.0030533140525221825
1767708912369954600;-0.0087432861328125;0.02606201171875;0.9990692138671875;0.005948969163000584;0.017652230337262154;0.0011406318517401814
1767708912379954700;-0.00701904296875;0.026214599609375;1.00146484375;0.0032589102629572153;0.01823333278298378;0.0010751180816441774
1767708912389955600;-0.00592041015625;0.0258026123046875;1.0011444091796875;0.004476773552596569;0.017411481589078903;-0.002226136391982436
1767708912399955500;-0.00457763671875;0.0257110595703125;0.9998016357421875;0.0023616913240402937;0.016143282875418663;-0.0024833977222442627
1767708912409955600;-0.0039520263671875;0.025115966796875;1.0002899169921875;0.0026109630707651377;0.018981413915753365;-0.005501025356352329
1767708912419955500;-0.000213623046875;0.0250091552734375;0.9987030029296875;0.0005560680292546749;0.01660534180700779;-0.007378287613391876
1767708912429956600;-0.0010528564453125;0.0229339599609375;1.001373291015625;-0.000467118457891047;0.016162991523742676;-0.006338589824736118
1767708912439956700;-0.004730224609375;0.020965576171875;1.0012359619140625;-0.0011970909545198083;0.017854364588856697;-0.00227806787006557
1767708912449956600;-0.0066375732421875;0.022796630859375;1.002471923828125;-0.0008748483960516751;0.018459169194102287;0.004811000544577837
1767708912459957500;-0.00799560546875;0.024017333984375;1.0032806396484375;0.00007936220208648592;0.018728414550423622;0.010701379738748074
1767708912469957600;-0.0047607421875;0.0254669189453125;1.00091552734375;0.0018277274211868644;0.017353422939777374;0.010180998593568802
1767708912479957500;0.003509521484375;0.0245361328125;1.00091552734375;0.0017411747248843312;0.01690894179046154;0.0052325790748000145
1767708912489957600;0.0079345703125;0.0231170654296875;1.001800537109375;0.0008769789128564298;0.011781824752688408;-0.004714594222605228
1767708912499958500;0.00653076171875;0.02392578125;1.005279541015625;0.0019491675775498152;-0.0009925601771101356;-0.009898170828819275
1767708912509958400;0.00054931640625;0.024200439453125;1.0048065185546875;0.0017438378417864442;-0.00421418622136116;-0.010336526669561863
1767708912519958500;-0.0041961669921875;0.0233612060546875;1.0048980712890625;0.0006609965930692852;-0.0020788635592907667;-0.012839099392294884
1767708912529958400;-0.0053558349609375;0.0229339599609375;1.00469970703125;-0.0009259810904040933;0.002201635157689452;-0.013549364171922207
1767708912539959600;-0.005889892578125;0.02423095703125;1.00146484375;0.0020125508308410645;0.007655256427824497;-0.011859589256346226
1767708912549959700;-0.0028533935546875;0.024017333984375;0.996368408203125;0.002383529208600521;0.006350839976221323;-0.012957876548171043
1767708912559959600;-0.003082275390625;0.0223236083984375;0.9950408935546875;0.001990180229768157;0.018383001908659935;-0.012555738911032677
1767708912569960700;-0.0023040771484375;0.02099609375;0.9944000244140625;0.0010282464791089296;0.026806579902768135;-0.011811652220785618
1767708912579960600;-0.00341796875;0.0174102783203125;0.99755859375;0.00239205127581954;0.02774667553603649;-0.0028607675340026617
1767708912589960400;-0.0106964111328125;0.0176849365234375;1.0017242431640625;0.004622448701411486;0.018064487725496292;0.00398728484287858
1767708912599960600;-0.0023345947265625;0.019622802734375;1.0046234130859375;0.0025153555907309055;0.014484932646155357;0.004562527406960726
1767708912609961500;0.0060882568359375;0.0229339599609375;1.004364013671875;-0.0029385320376604795;0.014678810723125935;-0.0026285399217158556
1767708912619961600;0.004974365234375;0.0242156982421875;1.002960205078125;-0.007282680366188288;0.016096411272883415;-0.00812344066798687
1767708912629961500;-0.0026092529296875;0.024993896484375;1.003265380859375;-0.009041964076459408;0.01739763282239437;-0.005646700505167246
1767708912639961600;-0.00836181640625;0.0239715576171875;1.004180908203125;-0.00956793874502182;0.01733504794538021;-0.0020777983590960503
1767708912649962800;-0.008758544921875;0.02276611328125;1.0014495849609375;-0.00920361839234829;0.014366156421601772;-0.0038541266694664955
1767708912659962600;-0.003448486328125;0.022186279296875;1.002655029296875;-0.008491755463182926;0.012022308073937893;-0.006678408943116665
1767708912669962800;0.0006866455078125;0.0222625732421875;1.0016021728515625;-0.007358047645539045;0.007428355049341917;-0.008227836340665817
1767708912679962600;0.0000152587890625;0.0267791748046875;0.9976348876953125;-0.0065567027777433395;0.016709737479686737;-0.003763046581298113
1767708912689963500;-0.001373291015625;0.02850341796875;0.9952392578125;-0.007361776195466518;0.02215217426419258;-0.003100185887888074
1767708912699963600;-0.0001068115234375;0.0255889892578125;0.9943389892578125;-0.008728244341909885;0.027028953656554222;0.0007986819837242365
1767708912709963500;-0.0001068115234375;0.025177001953125;0.9940032958984375;-0.009674998000264168;0.028600485995411873;0.0052048820070922375
1767708912719964400;0.00140380859375;0.023406982421875;0.99603271484375;-0.008249407634139061;0.03007933869957924;0.010666492395102978
1767708912729964500;-0.000457763671875;0.0235137939453125;0.99853515625;-0.0062576294876635075;0.03370150551199913;0.013324061408638954
1767708912739964400;-0.00140380859375;0.022247314453125;1.0047760009765625;-0.0035960664972662926;0.028863605111837387;0.01501170638948679
1767708912749964500;0.002899169921875;0.0210418701171875;1.006622314453125;-0.0015949672088027;0.01792120933532715;0.012442555278539658
1767708912759965700;0.0058135986328125;0.0203857421875;1.006927490234375;0.0010961571242660284;0.014521684497594833;0.0033156354911625385
1767708912769965600;0.0037994384765625;0.0208892822265625;1.0077667236328125;0.003355849301442504;0.016748353838920593;-0.0049135321751236916
1767708912779965700;0.00494384765625;0.021026611328125;1.0042572021484375;0.0026109630707651377;0.015469769947230816;-0.00794287770986557
1767708912789965600;0.0063323974609375;0.0205230712890625;1.005950927734375;0.0017504957504570484;0.011202054098248482;-0.016885239630937576
1767708912799966500;0.0059051513671875;0.0196533203125;1.0055999755859375;0.0001704423048067838;0.006804642733186483;-0.018140388652682304
1767708912809966600;0.00054931640625;0.020233154296875;1.00384521484375;-0.0022865901701152325;0.011056912131607533;-0.020426178351044655
1767708912819966500;-0.0002288818359375;0.0219573974609375;0.998748779296875;-0.001433845958672464;0.0205159280449152;-0.023139940574765205
1767708912829967600;-0.0001678466796875;0.022064208984375;0.998382568359375;-0.003935352899134159;0.01854172721505165;-0.018140388652682304
1767708912839967500;0.0009613037109375;0.0233001708984375;0.99725341796875;-0.002679938916116953;0.026379942893981934;-0.01997637189924717
1767708912849967400;0.005096435546875;0.02569580078125;0.9958038330078125;-0.0013432984706014395;0.02322143316268921;-0.0177552942186594
1767708912859967500;0.001678466796875;0.025115966796875;0.99859619140625;0.0009094694978557527;0.022236064076423645;-0.004710599314421415
1767708912869968600;-0.0014190673828125;0.0257415771484375;1.0008697509765625;-0.0014152037911117077;0.023782560601830482;-0.001639441936276853
1767708912879968800;-0.001739501953125;0.025848388671875;0.9973907470703125;0.0014895059866830707;0.03792740777134895;0.007006510626524687
1767708912889968600;-0.0059814453125;0.0283355712890625;1.000091552734375;-0.003724697045981884;0.03188655897974968;0.0052381716668605804
1767708912899968500;0.0058135986328125;0.021392822265625;0.9969482421875;0.0010452907299622893;0.02491893246769905;0.00691969133913517
1767708912909969700;0.0042572021484375;0.0250244140625;1.0015106201171875;-0.0013936321483924985;0.021072793751955032;0.005905826110392809
1767708912919969500;0.009002685546875;0.021148681640625;0.997344970703125;-0.00007430219557136297;0.008700813166797161;0.00475320965051651
1767708912929969700;0.0104522705078125;0.023345947265625;0.9990997314453125;-0.000716922979336232;0.00872211903333664;0.0025276062078773975
1767708912939970600;0.0074310302734375;0.0212554931640625;0.9997100830078125;-0.0023177489638328552;0.006870955694466829;-0.0032354744616895914
1767708912949970400;0.007293701171875;0.0226898193359375;1.0028533935546875;-0.012174907140433788;-0.004257062915712595;0.001407214323990047
1767708912959970600;0.005828857421875;0.0195159912109375;1.0056610107421875;-0.009946640580892563;-0.0067484499886631966;0.0019917781464755535
1767708912969970400;0.0055999755859375;0.0223236083984375;1.00433349609375;-0.013718475587666035;0.00038456046604551375;0.0008013451588340104
1767708912979971600;0.0023956298828125;0.018157958984375;0.99951171875;-0.009307747706770897;-0.0020032296888530254;0.005577990785241127
1767708912989971700;0.0039520263671875;0.0260772705078125;1.002838134765625;-0.00806458480656147;-0.001984054921194911;0.011831891722977161
1767708912999971600;0.002685546875;0.02490234375;1.0013275146484375;-0.0054765245877206326;-0.004518851637840271;0.012553076259791851
1767708913009971700;0.0059051513671875;0.0235443115234375;1.004150390625;-0.0052442969754338264;-0.001796834752894938;0.010584200732409954
1767708913019972600;0.001556396484375;0.02435302734375;0.9992523193359375;-0.004926315508782864;0.000441818410763517;0.012211658991873264
1767708913029972500;-0.001373291015625;0.02545166015625;0.99896240234375;-0.0025981799699366093;-0.002514290390536189;0.013917679898440838
1767708913039972600;-0.0000457763671875;0.023956298828125;0.99920654296875;-0.0035332157276570797;0.001856223214417696;0.016082562506198883
1767708913049972500;0.000518798828125;0.025115966796875;0.999481201171875;-0.0008764463127590716;0.007865912280976772;0.012528575025498867
1767708913059973400;0.004119873046875;0.025390625;0.9979095458984375;-0.004277036525309086;0.0124220484867692;0.004997687879949808
1767708913069973500;0.00897216796875;0.0235137939453125;0.9997100830078125;-0.007005711551755667;0.019876236096024513;0.000461259507574141
1767708913079973400;0.007476806640625;0.0222625732421875;0.9994964599609375;-0.0031997880432754755;0.02695891261100769;-0.010441722348332405
1767708913089974500;0.010833740234375;0.0217132568359375;1.003814697265625;-0.006489857099950314;0.02364674024283886;-0.014275874942541122
1767708913099974700;0.0087127685546875;0.0204010009765625;1.0059814453125;-0.00580782163888216;0.018063688650727272;-0.006721019744873047
1767708913109974500;0.0039520263671875;0.023223876953125;1.006072998046875;-0.004381965380162001;0.009181514382362366;0.003032541600987315
1767708913119974700;0.004638671875;0.0250396728515625;1.00372314453125;-0.003695135936141014;0.009137571789324284;0.0014567491598427296
1767708913129975600;0.004425048828125;0.0221710205078125;1.0007171630859375;0.0016018913593143225;0.008845956064760685;-0.003528155852109194
1767708913139975400;0.0046234130859375;0.023101806640625;0.9996185302734375;0.003500725142657757;0.01734064146876335;-0.0037851508241146803
1767708913149975600;0.005584716796875;0.0230865478515625;0.99859619140625;0.0023811322171241045;0.024563666433095932;-0.0008367652189917862
1767708913159976400;0.0070037841796875;0.025299072265625;0.9933929443359375;0.0003406183095648885;0.04195943474769592;-0.008955145254731178
1767708913169976600;0.0111846923828125;0.027191162109375;0.992340087890625;0.0003741741238627583;0.04640611261129379;-0.012710468843579292
1767708913179976400;0.006561279296875;0.0242919921875;0.999725341796875;-0.0015065502375364304;0.046976298093795776;-0.009224923327565193
1767708913189976600;0.0034942626953125;0.02288818359375;1.0040283203125;-0.00041492050513625145;0.046117961406707764;-0.009856625460088253
1767708913199977700;0.0047149658203125;0.019744873046875;1.0073699951171875;0.002947586588561535;0.04470568522810936;-0.010840130969882011
1767708913209977600;0.005889892578125;0.0196990966796875;1.009033203125;-0.0003992078418377787;0.029023662209510803;-0.011797270737588406
1767708913219977700;0.01226806640625;0.01708984375;1.0083160400390625;-0.0013379721203818917;0.014200507663190365;-0.008762865327298641
1767708913229977600;0.0103912353515625;0.0211639404296875;1.00653076171875;-0.0013435647124424577;0.0062544336542487144;-0.0054450989700853825
1767708913239978500;0.0052642822265625;0.0234527587890625;1.0051422119140625;-0.0035028557758778334;0.0000250337143370416;0.0021369203459471464
1767708913249978600;0.005889892578125;0.024261474609375;1.00146484375;-0.0037800907157361507;0.003400324145331979;-0.007325024344027042
1767708913259978500;0.0032806396484375;0.024566650390625;1.0012664794921875;-0.003242398612201214;0.004596882499754429;-0.004228300880640745
1767708913269979400;0.00067138671875;0.0251922607421875;0.9984588623046875;-0.0006652576266787946;0.002228266792371869;-0.006958040874451399
1767708913279979500;0.0096588134765625;0.02581787109375;1.0008392333984375;0.0013606089632958174;0.0040975394658744335;-0.0188413318246603
1767708913289979400;0.0110321044921875;0.0241241455078125;1.0023345947265625;0.006473612040281296;0.01834944635629654;-0.027716316282749176
1767708913299979500;0.0087432861328125;0.0212249755859375;1.0022125244140625;0.010142914950847626;0.031067105010151863;-0.03930879011750221
1767708913309980700;0.0157623291015625;0.020599365234375;0.9993133544921875;0.010819357819855213;0.04535869136452675;-0.03831329941749573
1767708913319980500;0.0059356689453125;0.02069091796875;0.9975738525390625;0.015141136012971401;0.05528828874230385;-0.03003726154565811
1767708913329980700;0.00640869140625;0.0250091552734375;1.003082275390625;0.01786741428077221;0.05335323512554169;-0.034757714718580246
1767708913339980500;0.0166778564453125;0.021209716796875;0.9998321533203125;0.017258882522583008;0.045824479311704636;-0.04038843512535095
1767708913349981400;0.01031494140625;0.0263671875;1.0015869140625;0.014914766885340214;0.039445411413908005;-0.03166711702942848
1767708913359982000;0.006439208984375;0.0251922607421875;1.00518798828125;0.016565660014748573;0.02761431783437729;-0.030462834984064102
1767708913369982000;0.009765625;0.02410888671875;1.007080078125;0.01293603889644146;0.029581326991319656;-0.030044184997677803
1767708913379982000;0.0101776123046875;0.0238189697265625;1.002471923828125;0.010159160941839218;0.019824039191007614;-0.030908914282917976
1767708913389983200;0.0120849609375;0.020965576171875;1.000335693359375;0.008087221533060074;0.0013222594279795885;-0.022911973297595978
1767708913399983000;0.0086517333984375;0.019775390625;1.0011444091796875;0.006136189214885235;-0.007819573394954205;-0.011521100997924805
1767708913409983200;0.0059814453125;0.0190277099609375;0.9997406005859375;0.004225371405482292;-0.008815329521894455;-0.013230318203568459
1767708913419984100;0.00836181640625;0.019683837890625;0.996551513671875;0.001466336427256465;-0.01498347707092762;-0.010428672656416893
1767708913429984000;0.00848388671875;0.0219573974609375;0.9979705810546875;-0.00242081331089139;-0.021679995581507683;-0.0044352286495268345
1767708913439984000;0.0073394775390625;0.0231781005859375;0.9998626708984375;-0.007041131611913443;-0.02797730639576912;0.00487278588116169
1767708913449984000;0.0049591064453125;0.0233612060546875;0.9967803955078125;-0.010274741798639297;-0.0297299325466156;0.009066198952496052
1767708913459985000;0.0063934326171875;0.0243682861328125;0.99151611328125;-0.011365040205419064;-0.02473464049398899;-0.00070493872044608
1767708913469985000;0.01544189453125;0.023345947265625;0.99554443359375;-0.010105897672474384;-0.012170912697911263;-0.01435150858014822
1767708913479985000;0.0178680419921875;0.0213775634765625;0.9988555908203125;-0.010351440869271755;-0.007458981592208147;-0.024811074137687683
1767708913489986300;0.015350341796875;0.0205230712890625;1.00079345703125;-0.01022653840482235;-0.010064352303743362;-0.018311096355319023
1767708913499986200;0.0052032470703125;0.022979736328125;0.9980316162109375;-0.008599613793194294;-0.010906443931162357;-0.004194744862616062
1767708913509986000;-0.002471923828125;0.0251922607421875;0.9965057373046875;-0.008093879558146;-0.01314909104257822;-0.0023313311394304037
1767708913519986200;0.0083160400390625;0.0237884521484375;0.9996490478515625;-0.008390022441744804;-0.012427108362317085;-0.00012250541476532817
1767708913529987000;0.0079193115234375;0.025115966796875;1.00079345703125;-0.00911546777933836;-0.011770639568567276;0.007622765842825174
1767708913539987200;0.0070953369140625;0.026824951171875;1.0001678466796875;-0.011003382503986359;-0.01104359608143568;0.010238256305456161
1767708913549987000;0.0095367431640625;0.0243682861328125;0.9986572265625;-0.012044412083923817;-0.009796171449124813;0.006146575789898634
1767708913559987000;0.0106353759765625;0.02349853515625;1.000396728515625;-0.014658304862678051;-0.013413277454674244;0.007437942549586296
1767708913569988000;0.0100555419921875;0.0234832763671875;1.00323486328125;-0.015409848652780056;-0.01266812440007925;0.004151069093495607
1767708913579988000;0.013092041015625;0.0223236083984375;1.00360107421875;-0.014037256129086018;-0.007105047348886728;-0.006095176562666893
1767708913589988000;0.014678955078125;0.019989013671875;1.0048065185546875;-0.012131497263908386;-0.004572913981974125;-0.011228952556848526
1767708913599989200;0.009765625;0.0220184326171875;1.005035400390625;-0.011942679062485695;-0.007425159215927124;-0.005666940473020077
1767708913609989000;0.00384521484375;0.0237579345703125;1.0041351318359375;-0.010508300736546516;-0.008935438469052315;0.0022325278259813786
1767708913619989200;0.0019989013671875;0.0242462158203125;1.001190185546875;-0.008044610731303692;-0.012347480282187462;0.00577879324555397
1767708913629989000;0.0016937255859375;0.024505615234375;1.0018463134765625;-0.007163636852055788;-0.008389489725232124;0.0022423816844820976
1767708913639990000;0.0056610107421875;0.02227783203125;1.0040740966796875;-0.0062826634384691715;-0.0019382486352697015;-0.004166249185800552
1767708913649990100;0.00946044921875;0.02142333984375;1.0019989013671875;-0.00800413079559803;0.0006689860601909459;-0.008695220574736595
1767708913659990000;0.0080718994140625;0.0229644775390625;0.99993896484375;-0.006713029928505421;0.0002926813904196024;-0.002811499172821641
1767708913669990100;0.004638671875;0.024444580078125;0.999053955078125;-0.006399842444807291;0.0005685848882421851;0.005650694947689772
1767708913679991000;0.00628662109375;0.025299072265625;1.0005645751953125;-0.004994226153939962;0.004214984830468893;0.00660517206415534
1767708913689991000;0.008880615234375;0.0229339599609375;1.004150390625;-0.009543970227241516;0.006097307428717613;0.0029473204631358385
1767708913699991000;0.010833740234375;0.021514892578125;1.0006561279296875;-0.005426457151770592;0.009153018705546856;0.0018546254141256213
1767708913709992200;0.0054931640625;0.0267486572265625;1.001556396484375;-0.007435013074427843;0.005285841878503561;0.006042446009814739
1767708913719992000;0.006378173828125;0.025726318359375;0.9990692138671875;-0.007861118763685226;0.0010524812387302518;0.0032237565610557795
1767708913729992200;0.0064239501953125;0.0266876220703125;0.9987640380859375;-0.008050736039876938;0.0043838294222950935;0.006195844151079655
1767708913739992000;0.0033721923828125;0.0258026123046875;0.9994659423828125;-0.006172674708068371;0.0004857605672441423;0.005967611446976662
1767708913749993000;0.0077056884765625;0.021881103515625;1.005401611328125;-0.0051686628721654415;-0.00424374733120203;0.006703975144773722
1767708913759993000;0.009490966796875;0.019134521484375;1.0027008056640625;0.0001030643325066194;-0.003968376200646162;0.010624414309859276
1767708913769993000;0.0086517333984375;0.024749755859375;1.0037689208984375;0.0027164241764694452;-0.00430100504308939;0.006108492612838745
1767708913779993000;0.01080322265625;0.02288818359375;0.9994354248046875;0.003683418035507202;0.00001651159800530877;-0.0005912217311561108
1767708913789994000;0.006103515625;0.022857666015625;0.99853515625;0.006666957400739193;0.013169864192605019;-0.005948170088231564
1767708913799994000;0.004241943359375;0.0206298828125;1.0021209716796875;0.009796704165637493;0.018806977197527885;-0.007762315683066845
1767708913809994000;0.0054168701171875;0.018890380859375;1.00408935546875;0.0051990230567753315;0.009736782871186733;-0.011739213950932026
1767708913819995100;0.0125885009765625;0.0179901123046875;1.0061798095703125;0.001603489276021719;0.0036719664931297302;-0.013223127461969852
1767708913829995300;0.0165252685546875;0.0196533203125;1.0046539306640625;-0.002951315138489008;-0.0011134676169604063;-0.01125398650765419
1767708913839995100;0.009857177734375;0.0229034423828125;1.002655029296875;-0.0073327478021383286;-0.006518353242427111;-0.008359129540622234
1767708913849995300;0.0057373046875;0.025482177734375;1.0000457763671875;-0.008893893100321293;-0.009497098624706268;-0.006584133021533489
1767708913859996200;0.0022125244140625;0.0267486572265625;1.001007080078125;-0.00914476253092289;-0.009441439062356949;-0.004565456882119179
1767708913869996000;-0.00238037109375;0.0264892578125;1.0015869140625;-0.003952663857489824;-0.010935205966234207;0.0029856697656214237
1767708913879996200;-0.000579833984375;0.0268096923828125;1.00439453125;0.00021837920940015465;-0.009534116834402084;0.0071178306825459
1767708913889996000;0.0028839111328125;0.0256195068359375;1.0020294189453125;0.0031313446816056967;-0.009298427030444145;0.006083725020289421
1767708913899997000;0.004150390625;0.02728271484375;0.998016357421875;0.005754824727773666;-0.004591555800288916;0.0037787591572850943
1767708913909997000;0.00262451171875;0.0245819091796875;0.9982147216796875;0.007014766335487366;-0.000601075473241508;0.0012000204296782613
1767708913919997000;0.0065155029296875;0.0227813720703125;0.997100830078125;0.004566255956888199;0.0009158611064776778;-0.004039482679218054
1767708913929998000;0.00518798828125;0.02117919921875;0.995697021484375;0.002130262553691864;0.0041396175511181355;-0.007166832685470581
1767708913939998200;0.00152587890625;0.0216217041015625;1.0010833740234375;0.001925199176184833;0.011187407188117504;-0.012073706835508347
1767708913949998000;0.0059051513671875;0.0203399658203125;1.0037994384765625;0.0014359764754772186;0.004039749037474394;-0.013438044115900993
1767708913959998200;0.0092620849609375;0.0193939208984375;1.0038909912109375;0.0015675366157665849;0.0036788906436413527;-0.010902182199060917
1767708913969999000;0.005096435546875;0.021209716796875;1.0042724609375;0.004126301966607571;0.0027081684675067663;-0.012493154965341091
1767708913979999000;0.0093231201171875;0.0193023681640625;1.005340576171875;0.004865861497819424;-0.004760134033858776;-0.012628976255655289
1767708913989999000;0.0058441162109375;0.0228729248046875;1.0034942626953125;0.003768639173358679;-0.006767358630895615;-0.007546066772192717
1767708914000000000;0.000885009765625;0.026092529296875;1.000213623046875;0.0030927290208637714;-0.004163586068898439;-0.00424188282340765
1767708914010000000;0.003631591796875;0.0259246826171875;0.9994964599609375;0.005784918554127216;-0.007443535141646862;-0.008814264088869095
1767708914020000000;0.004180908203125;0.0256805419921875;1.000030517578125;0.003742007538676262;-0.0041220407001674175;-0.009255549870431423
1767708914029999900;0.0021209716796875;0.023590087890625;0.9981536865234375;0.0028250813484191895;-0.0006815029191784561;-0.011464109644293785
1767708914040001300;0.0030670166015625;0.0240936279296875;0.9988861083984375;0.0011046791914850473;0.002710299100726843;-0.013126987032592297
1767708914050001200;0.008758544921875;0.022216796875;0.99853515625;-0.0010311759542673826;0.003581951605156064;-0.013209811411798
1767708914060001000;0.00494384765625;0.0234375;0.99859619140625;-0.0009643306257203221;0.008155664429068565;-0.007044593803584576
1767708914070001200;0.0029754638671875;0.02398681640625;1.0005645751953125;-0.0035835495218634605;0.008729576133191586;-0.007419832982122898
1767708914080002000;0.0043792724609375;0.0242919921875;1.001495361328125;-0.00529489666223526;0.011005779728293419;-0.00854581780731678
1767708914090002200;0.0058746337890625;0.0257568359375;1.0023345947265625;-0.0020775320008397102;0.011786085553467274;-0.008831308223307133
1767708914100002000;0.004119873046875;0.02581787109375;1.0036163330078125;-0.0004958806093782187;0.01091842819005251;-0.009682188741862774
1767708914110003000;0.0036163330078125;0.0251922607421875;1.002166748046875;0.002826146548613906;0.007339139468967915;-0.007069360930472612
1767708914120003000;0.0060272216796875;0.025482177734375;1.0010223388671875;0.004709533881396055;0.00387276872061193;-0.0014024205738678575
1767708914130003000;0.0080413818359375;0.0248870849609375;0.9987030029296875;0.004895688965916634;-0.0015345134306699038;-0.00042450788896530867
1767708914140003000;0.008331298828125;0.0244293212890625;1.0001983642578125;0.002578738844022155;-0.0008074704091995955;-0.004585164599120617
1767708914150004200;0.00567626953125;0.0232086181640625;1.000030517578125;-0.0009685916593298316;0.0036967338528484106;-0.0067961206659674644
1767708914160004000;0.005462646484375;0.0232696533203125;0.9990386962890625;-0.0017539578257128596;0.003108175238594413;-0.006578540429472923
1767708914170004200;0.004730224609375;0.0243377685546875;0.999664306640625;0.0005193164106458426;0.005507150664925575;-0.005341236013919115
1767708914180004000;0.0040435791015625;0.0256805419921875;1.000030517578125;-0.0011646003695204854;0.012400743551552296;-0.004869057331234217
1767708914190005000;0.0028839111328125;0.025665283203125;1.0013580322265625;0.0007068029372021556;0.010601511225104332;-0.001979261403903365
1767708914200005000;0.0032196044921875;0.024322509765625;1.0020751953125;-0.0008972189389169216;0.010704576037824154;-0.0031726236920803785
1767708914210005000;0.0046539306640625;0.0229949951171875;1.0042266845703125;-0.0011491540353745222;0.007046990562230349;-0.008154066279530525
1767708914220006000;0.0094757080078125;0.0233612060546875;1.0037384033203125;-0.0004090615548193455;0.000031957933970261365;-0.01038419734686613
1767708914230006000;0.006072998046875;0.0218963623046875;1.00115966796875;0.0013821806060150266;-0.001249555149115622;-0.01124919205904007
1767708914240006000;0.004730224609375;0.021575927734375;1.001739501953125;0.002080195117741823;0.002439455594867468;-0.011902199126780033
1767708914250006000;0.002685546875;0.02130126953125;0.9996490478515625;0.002240783767774701;0.003837615018710494;-0.009284045547246933
1767708914260007200;0.0015411376953125;0.0223541259765625;0.999237060546875;0.0030506509356200695;0.006330600008368492;-0.007475493010133505
1767708914270007000;0.0025482177734375;0.021942138671875;0.999359130859375;0.0017659420846030116;0.010785535909235477;-0.007756190374493599
1767708914280007200;0.0030670166015625;0.0221405029296875;0.9984130859375;0.001996039180085063;0.01281885989010334;-0.008155930787324905
1767708914290008000;0.00469970703125;0.023345947265625;0.999755859375;-0.001017061178572476;0.01293151080608368;-0.007167099043726921
1767708914300008000;0.005523681640625;0.0252227783203125;1.0000457763671875;-0.0031667647417634726;0.009769273921847343;-0.008584699593484402
1767708914310008000;0.006439208984375;0.0255279541015625;0.998992919921875;-0.004750014282763004;0.009938384406268597;-0.0084877610206604
1767708914320008000;0.0078887939453125;0.02569580078125;0.9990081787109375;-0.006156429648399353;0.009291502647101879;-0.004168912302702665
1767708914330009000;0.008880615234375;0.028228759765625;0.998077392578125;-0.006098106037825346;0.009003082290291786;-0.006103698629885912
1767708914340009000;0.010650634765625;0.025726318359375;0.998687744140625;-0.008285626769065857;0.010941597633063793;-0.008519452065229416
1767708914350009000;0.0019378662109375;0.02001953125;1.0009918212890625;-0.009371397085487843;0.014637532643973827;-0.0019387812353670597
1767708914360008700;0.0040740966796875;0.0207672119140625;0.99957275390625;-0.005025917664170265;0.019047992303967476;0.002727875951677561
1767708914370009600;0.0078277587890625;0.025360107421875;1.001800537109375;-0.005101817660033703;0.006299973931163549;0.0016873788554221392
1767708914380009700;0.0107421875;0.0217132568359375;0.999542236328125;-0.004573978949338198;0.008537028916180134;-0.004532699938863516
1767708914390009600;0.0097198486328125;0.02569580078125;0.9972686767578125;-0.002412557601928711;0.024042751640081406;-0.012899819761514664
1767708914400010500;0.004608154296875;0.0269012451171875;0.999603271484375;0.00041998049709945917;0.02413303218781948;-0.011226022616028786
1767708914410010600;0.0009307861328125;0.0215911865234375;1.009490966796875;-0.002513491315767169;0.01913747563958168;-0.002779008587822318
1767708914420010500;-0.0004425048828125;0.0225982666015625;1.007843017578125;-0.0035633095540106297;0.01477788109332323;-0.007756456732749939
1767708914430010600;0.019012451171875;0.023529052734375;1.0028839111328125;-0.003608316881582141;0.0031374699901789427;-0.018263159319758415
1767708914440011500;0.02386474609375;0.0245208740234375;1.0098114013671875;-0.007093595806509256;-0.000245543458731845;-0.014725948683917522
1767708914450011400;0.0084228515625;0.0283050537109375;1.0024261474609375;-0.009766077622771263;0.0014365090755745769;-0.008547681383788586
1767708914460011800;-0.000946044921875;0.02752685546875;0.99725341796875;-0.010478206910192966;0.003195793367922306;-0.003186472225934267
1767708914470011600;-0.00518798828125;0.0261993408203125;0.9970855712890625;-0.011365572921931744;0.009958624839782715;0.0022447784431278706
1767708914480012500;-0.004241943359375;0.0266265869140625;0.9974517822265625;-0.008922921493649483;0.013714213855564594;0.012495552189648151
1767708914490012700;0.0022430419921875;0.02716064453125;1.00042724609375;-0.006462959107011557;0.011707521975040436;0.018924422562122345
1767708914500012500;0.00823974609375;0.0267486572265625;1.0006561279296875;-0.0049553439021110535;0.0052171326242387295;0.013538978062570095
1767708914510013700;0.0113067626953125;0.023345947265625;0.999603271484375;-0.003943609073758125;0.003946538548916578;0.012484099715948105
1767708914520013600;0.005584716796875;0.02386474609375;1.000732421875;-0.0022120214998722076;0.0025995115283876657;0.012478240765631199
1767708914530013400;0.007049560546875;0.0211639404296875;1.0029144287109375;-0.003451190423220396;0.003698598127812147;0.013587714172899723
1767708914540013600;0.0074462890625;0.0218658447265625;1.00201416015625;-0.0017185378819704056;0.003293797606602311;0.01404870767146349
1767708914550014500;0.0059356689453125;0.0226593017578125;1.0009613037109375;0.00022184131375979632;0.00782862864434719;0.011576228775084019
1767708914560014800;0.003326416015625;0.0228271484375;0.99969482421875;-0.0003733751946128905;0.01074026245623827;0.009909622371196747
1767708914570014700;0.0029144287109375;0.0228271484375;0.99981689453125;0.0033132387325167656;0.01648123934864998;0.006625944748520851
1767708914580015600;0.00616455078125;0.0221099853515625;1.0012664794921875;0.0012122709304094315;0.020494090393185616;0.002290851203724742
1767708914590015700;0.00830078125;0.019775390625;1.0030059814453125;0.004514324478805065;0.017952369526028633;0.006204898934811354
1767708914600015600;0.003204345703125;0.0205535888671875;1.0009002685546875;0.004463191609829664;0.01991431973874569;0.012889167293906212
1767708914610015700;0.0059661865234375;0.0196685791015625;0.999298095703125;0.0007811051327735186;0.016889501363039017;0.008275773376226425
1767708914620016600;0.012603759765625;0.0199127197265625;1.0035858154296875;0.004456799943000078;0.005176119972020388;0.007179616019129753
1767708914630016500;0.0089874267578125;0.020477294921875;1.0062255859375;0.002683134749531746;0.0023451796732842922;0.008037686347961426
1767708914640016600;0.0091552734375;0.0177001953125;1.002777099609375;0.0037768951151520014;0.007380950730293989;-0.002432531211525202
1767708914650016500;0.014068603515625;0.020233154296875;1.0054168701171875;0.0020969731267541647;0.0003933488915208727;-0.007003847509622574
1767708914660017400;0.0101318359375;0.02130126953125;1.003631591796875;0.0014154701493680477;-0.00245090713724494;-0.00666349520906806
1767708914670017800;0.007537841796875;0.021331787109375;1.00164794921875;0.0006133259739726782;-0.0017856494523584843;-0.008275240659713745
1767708914680017700;0.007720947265625;0.02032470703125;1.0028076171875;-0.002026399364694953;-0.007035006303340197;-0.007386809680610895
1767708914690018600;0.0089111328125;0.020294189453125;1.0005340576171875;-0.005597165785729885;-0.007421697489917278;-0.007553257513791323
1767708914700018700;0.0082550048828125;0.0181427001953125;0.9984130859375;-0.004148139618337154;-0.01251153089106083;-0.015594406053423882
1767708914710018600;0.0092926025390625;0.0220184326171875;1.002227783203125;-0.0018064221367239952;-0.012617524713277817;-0.012624715454876423
1767708914720018700;0.00634765625;0.0251007080078125;0.996063232421875;0.0010029464028775692;-0.009440906345844269;-0.010445983149111271
1767708914730019600;0.0048980712890625;0.024688720703125;0.9955902099609375;0.0008910936885513365;-0.007209443487226963;-0.005568936001509428
1767708914740019500;0.006591796875;0.0243682861328125;0.9974822998046875;0.0017073525814339519;-0.0015883093001320958;-0.00634924229234457
1767708914750019600;0.0081939697265625;0.0232696533203125;0.9992218017578125;0.0006013417732901871;0.0010953581659123302;-0.00646828580647707
1767708914760019500;0.0073394775390625;0.02239990234375;1.0003204345703125;-0.0004495415778364986;0.006500776391476393;-0.007869108580052853
1767708914770020600;0.0061492919921875;0.0238037109375;1.0015716552734375;-0.002156894188374281;0.007278419099748135;-0.00865953415632248
1767708914780020700;0.0071258544921875;0.0244293212890625;1.0035858154296875;-0.0015941682504490018;0.007764712441712618;-0.011545335873961449
1767708914790020600;0.00799560546875;0.0238494873046875;1.0048675537109375;-0.0021257351618260145;0.013158945366740227;-0.01486150361597538
1767708914800021800;0.00531005859375;0.0236358642578125;0.9991302490234375;-0.006102900020778179;0.021434186026453972;-0.016932377591729164
1767708914810021600;0.007965087890625;0.0230255126953125;0.9972686767578125;-0.012382101267576218;0.029232187196612358;-0.028977589681744576
1767708914820021500;0.0149993896484375;0.0203399658203125;0.9941864013671875;-0.015978433191776276;0.02081340178847313;-0.029035646468400955
1767708914830021600;0.0081024169921875;0.020599365234375;1.0023040771484375;-0.015157381072640419;0.020830979570746422;-0.025496838614344597
1767708914840022500;0.0065765380859375;0.019989013671875;1.0027618408203125;-0.01823759265244007;0.01443779468536377;-0.030644994229078293
1767708914850022700;0.009979248046875;0.0222015380859375;0.999786376953125;-0.014877216890454292;0.012436429969966412;-0.03364504501223564
1767708914860022500;0.0057373046875;0.0225677490234375;1.0069427490234375;-0.012192750349640846;0.01721254177391529;-0.03484932705760002
1767708914870023400;0.0054473876953125;0.02789306640625;1.0072479248046875;-0.00574843306094408;0.015310246497392654;-0.03765656426548958
1767708914880023800;0.0093231201171875;0.0284271240234375;1.002655029296875;-0.005574794951826334;0.0013704627053812146;-0.03213103860616684
1767708914890023700;0.00701904296875;0.03009033203125;1.0037994384765625;-0.0031824775505810976;-0.0012508867075666785;-0.022001439705491066
1767708914900023800;0.0004730224609375;0.03076171875;1.00213623046875;-0.0008277104352600873;-0.00024154871061909944;-0.005671733990311623
1767708914910024700;-0.0035400390625;0.0313262939453125;1.00244140625;-0.0012836436508223414;-0.0024607607629150152;0.010165286250412464
1767708914920024600;0.001190185546875;0.03216552734375;1.0007171630859375;0.0009717874927446246;0.0005882922559976578;0.016042083501815796
1767708914930024700;0.0098724365234375;0.030517578125;1.001922607421875;0.00045300371129997075;-0.0010729875648394227;0.016879115253686905
1767708914940025600;0.01043701171875;0.0293121337890625;1.00360107421875;-0.001606418751180172;-0.0034328147303313017;0.01589108258485794
1767708914950025500;0.0080108642578125;0.0291900634765625;1.0004730224609375;-0.004313788376748562;-0.006160157732665539;0.011947207152843475
1767708914960025600;0.01043701171875;0.0256805419921875;1.00164794921875;-0.004607002250850201;-0.010716826654970646;0.012227104976773262
1767708914970025500;0.009307861328125;0.0241241455078125;0.9997711181640625;-0.002323608146980405;-0.015307850204408169;0.014482536353170872
1767708914980026600;0.0108184814453125;0.0220947265625;0.999298095703125;-0.003406449221074581;-0.019343603402376175;0.014817029237747192
1767708914990026800;0.013641357421875;0.0207061767578125;1.0009613037109375;-0.003718571737408638;-0.02780526503920555;0.007480286993086338
1767708915000026600;0.014129638671875;0.0220489501953125;0.9989776611328125;-0.004051466938108206;-0.010339456610381603;-0.0030096382834017277
1767708915010026800;0.0079498291015625;0.022216796875;0.997528076171875;-0.0014378406340256333;-0.0001994707708945498;-0.008203068748116493
1767708915020027600;0.0055389404296875;0.020355224609375;0.9987945556640625;-0.002680471632629633;0.005114867351949215;-0.010235860012471676
1767708915030027500;0.0037384033203125;0.0202789306640625;0.999298095703125;-0.0011550129856914282;0.01142789050936699;-0.004096208140254021
1767708915040027600;-0.000823974609375;0.0211181640625;1.0008087158203125;-0.003695135936141014;0.006206230726093054;-0.003123355330899358
1767708915050028500;0.0084686279296875;0.0206451416015625;1.002227783203125;-0.005391303449869156;0.007226753979921341;-0.00015472965606022626
1767708915060028700;0.01568603515625;0.0239715576171875;1.0038299560546875;-0.0073074474930763245;0.006517554167658091;-0.0018900453578680754
1767708915070028500;0.01434326171875;0.025970458984375;1.0034027099609375;-0.00902438722550869;0.004708202555775642;-0.001005609636195004
1767708915080028400;0.0073089599609375;0.0267333984375;1.0047607421875;-0.008447280153632164;0.0027177559677511454;0.0017145430902019143
1767708915090029800;0.0033721923828125;0.0278778076171875;1.0055389404296875;-0.0026756778825074434;-0.0005017395596951246;-0.000740625080652535
1767708915100029700;0.005584716796875;0.025909423828125;1.0063018798828125;-0.0008535431115888059;-0.0029885992407798767;-0.006800648290663958
1767708915110029800;0.0074005126953125;0.0224609375;1.005615234375;0.003882888937368989;-0.004229366313666105;-0.0020501012913882732
1767708915120029700;0.001678466796875;0.0234222412109375;1.000244140625;0.003397660795599222;0.0033507891930639744;0.0002663161139935255
1767708915130030600;0.0025482177734375;0.024169921875;0.993072509765625;0.00281948852352798;0.014995727688074112;0.0005968143814243376
1767708915140030700;0.0042572021484375;0.0218353271484375;0.9926605224609375;0.0014881744282320142;0.01589108258485794;0.0015925703337416053
1767708915150030600;0.005279541015625;0.023529052734375;0.9961090087890625;-0.002112419344484806;0.018271680921316147;-0.0019955066964030266
1767708915160031500;0.007568359375;0.022247314453125;0.9958953857421875;-0.006202768534421921;0.017425594851374626;-0.0011310444679111242
1767708915170031600;0.0072479248046875;0.023193359375;0.9976348876953125;-0.0036218990571796894;0.012258796952664852;-0.0021606225054711103
1767708915180031500;0.0064239501953125;0.023956298828125;0.9996795654296875;-0.00115421402733773;0.011353855021297932;-0.000913197931367904
1767708915190031600;0.005767822265625;0.0233154296875;0.9984588623046875;0.001070857048034668;0.00863237027078867;0.0013992248568683863
1767708915200032800;0.00946044921875;0.0218963623046875;1.00439453125;0.0030900659039616585;0.0025840650778263807;0.0015006912872195244
1767708915210032600;0.0135345458984375;0.0223236083984375;1.0073699951171875;0.004263720940798521;0.0015310513554140925;0.003285275539383292
1767708915220032800;0.0098419189453125;0.0226898193359375;1.0061187744140625;0.0050099384970963;0.0019156117923557758;-0.003965446725487709
1767708915230033700;0.011993408203125;0.02374267578125;1.0052490234375;0.0036008600145578384;-0.0004977448261342943;-0.008672583848237991
1767708915240033500;0.009857177734375;0.02288818359375;1.0051422119140625;0.004928978625684977;-0.004890096373856068;-0.008803078904747963
1767708915250033700;0.0055999755859375;0.0223541259765625;1.00494384765625;0.0031963258516043425;-0.008932508528232574;-0.0057188719511032104
1767708915260033500;0.00823974609375;0.020294189453125;1.0053863525390625;0.0009832390351220965;-0.009675264358520508;-0.007791077718138695
1767708915270034400;0.00872802734375;0.0203094482421875;1.0013580322265625;0.0004886900424025953;-0.014736602082848549;-0.0043308325111866
1767708915280034600;0.0048980712890625;0.019622802734375;0.99725341796875;-0.005970008205622435;-0.016923056915402412;0.0046426886692643166
1767708915290034400;0.0030059814453125;0.0194091796875;0.9973907470703125;-0.002350239548832178;-0.020830979570746422;0.00905900914222002
1767708915300034600;0.00006103515625;0.0212249755859375;0.995635986328125;-0.0070919981226325035;-0.04396452754735947;0.030951524153351784
1767708915310035700;-0.004302978515625;0.02581787109375;0.9951171875;-0.005852296482771635;-0.02056759223341942;0.01696193963289261
1767708915320035600;0.017486572265625;0.0283203125;0.998321533203125;-0.002442118711769581;0.007130613550543785;-0.012734970077872276
1767708915330035700;0.0162506103515625;0.0228118896484375;0.99945068359375;-0.000919323181733489;0.0038661109283566475;-0.017348630353808403
1767708915340036600;0.008148193359375;0.0240936279296875;1.00567626953125;0.0009355684742331505;0.001568069215863943;-0.016347814351320267
1767708915350036700;0.006195068359375;0.020782470703125;1.0044708251953125;0.0022913836874067783;-0.0011883024126291275;-0.013158945366740227
1767708915360037400;0.002471923828125;0.0207366943359375;1.003265380859375;0.0023244069889187813;0.0014176006661728024;-0.00583844818174839
1767708915370037500;0.001983642578125;0.022979736328125;1.0008087158203125;0.003958788700401783;0.008126103319227695;-0.009154882282018661
1767708915380038400;0.0078277587890625;0.0245361328125;1.0023193359375;0.0022828616201877594;0.013044162653386593;-0.011981561779975891
1767708915390038500;0.006500244140625;0.02630615234375;1.0025787353515625;0.001475657569244504;0.01167263463139534;-0.008955677971243858
1767708915400038400;0.00469970703125;0.02716064453125;1.002838134765625;0.0034378746058791876;0.007733553647994995;-0.00800093449652195
1767708915410039600;0.010101318359375;0.0262451171875;1.0038909912109375;0.0023193468805402517;0.004397145472466946;-0.014184528030455112
1767708915420039400;0.011993408203125;0.0244903564453125;1.0044403076171875;-0.001142496126703918;-0.0018698053900152445;-0.01671932451426983
1767708915430039300;0.007720947265625;0.0227203369140625;1.0027923583984375;-0.0030248183757066727;-0.002953445538878441;-0.01816568709909916
1767708915440039400;0.007568359375;0.0241851806640625;1.0034942626953125;-0.0020636834669858217;-0.000565122754778713;-0.019625898450613022
1767708915450040300;0.004913330078125;0.0235595703125;1.0030517578125;-0.0008700547041371465;-0.0013084110105410218;-0.012970926240086555
1767708915460040400;0.0013427734375;0.0252838134765625;0.9976959228515625;0.0008783105295151472;0.0021462414879351854;-0.007634750101715326
1767708915470040300;0.007476806640625;0.025238037109375;0.9984283447265625;0.0020959076937288046;0.0009816411184147;-0.011395932175219059
1767708915480040400;0.0094451904296875;0.0237274169921875;0.997650146484375;0.001978462329134345;0.004248807206749916;-0.010580739006400108
1767708915490041600;0.005462646484375;0.025146484375;0.9957122802734375;0.0006407565670087934;0.0063007730059325695;-0.01070883683860302
1767708915500041500;0.00213623046875;0.021759033203125;0.994842529296875;-0.00018562232435215265;0.01053466647863388;-0.008779909461736679
1767708915510041600;0.004791259765625;0.022552490234375;0.998870849609375;-0.00010839065362233669;0.012321380898356438;-0.005768939387053251
1767708915520042500;0.0051422119140625;0.02362060546875;0.99969482421875;0.0010255833622068167;0.01558109000325203;-0.009725331328809261
1767708915530042400;0.0090789794921875;0.0242156982421875;1.0025634765625;-0.0005004079430364072;0.014311561360955238;-0.011012704111635685
1767708915540042500;0.008331298828125;0.0251617431640625;1.0041046142578125;0.0004868258547503501;0.011654791422188282;-0.007758853491395712
1767708915550042400;0.0059814453125;0.02557373046875;0.99859619140625;-0.0018708707066252828;0.011313906870782375;-0.006388657260686159
1767708915560043300;0.0065765380859375;0.0266265869140625;1.0002593994140625;-0.0018935075495392084;0.01124839298427105;-0.0006644586683250964
1767708915570043400;0.0043487548828125;0.0276031494140625;0.99908447265625;-0.0003384877636563033;0.013560550287365913;-0.006025135517120361
1767708915580043500;0.00933837890625;0.0254974365234375;1.00018310546875;-0.001422128058038652;0.013803696259856224;-0.01309156697243452
1767708915590044400;0.0089263916015625;0.023468017578125;1.0019683837890625;-0.0026724820490926504;0.011480621062219143;-0.005914348177611828
1767708915600044500;0.0039825439453125;0.0225982666015625;1.0043487548828125;-0.0029790119733661413;0.010304835624992847;-0.0035414716694504023
1767708915610044400;0.0091552734375;0.020599365234375;1.00482177734375;-0.0020777983590960503;0.010541058145463467;0.003963849041610956
1767708915620044500;0.00799560546875;0.0244140625;1.001983642578125;-0.0026969832833856344;0.010276872664690018;0.01173308864235878
1767708915630045400;0.006500244140625;0.026458740234375;0.998626708984375;-0.00481366366147995;0.010647584684193134;0.005621666554361582
1767708915640045300;0.00872802734375;0.02642822265625;0.9993438720703125;-0.0032767534721642733;0.015852199867367744;0.0037553233560174704
1767708915650045400;0.00537109375;0.027618408203125;0.9980621337890625;-0.0008876316132955253;0.018031464889645576;0.010668623261153698
1767708915660045300;0.00286865234375;0.0248260498046875;1.001556396484375;0.000969656917732209;0.020144416019320488;0.009267534129321575
1767708915670046200;0.005279541015625;0.0197601318359375;1.0018310546875;-0.0007358313887380064;0.012764264829456806;0.006013417616486549
1767708915680046600;0.01239013671875;0.0179901123046875;1.0032501220703125;-0.0028756812680512667;0.006426474079489708;0.007533550262451172
1767708915690046500;0.016326904296875;0.019775390625;1.00140380859375;-0.006087453570216894;0.005091431550681591;0.0029031119775027037
1767708915700047600;0.015350341796875;0.02191162109375;0.9986724853515625;-0.006931941956281662;0.00860387459397316;-0.0049369679763913155
1767708915710047500;0.009429931640625;0.023345947265625;0.9982147216796875;-0.005244030617177486;0.007192132994532585;-0.004437359049916267
1767708915720047400;0.000762939453125;0.0236968994140625;1.00274658203125;-0.011639611795544624;0.011226821690797806;0.001210939371958375
1767708915730047500;-0.0030059814453125;0.02667236328125;0.9978179931640625;-0.004667988512665033;0.016831444576382637;0.007364972028881311
1767708915740048400;0.0035552978515625;0.0242767333984375;1.0027618408203125;-0.0021699436474591494;0.02051779255270958;0.00726536987349391
1767708915750048500;0.007904052734375;0.026123046875;1.00537109375;0.00022610237647313625;0.014752048067748547;0.008229699917137623
1767708915760048400;0.0099639892578125;0.0281219482421875;1.005706787109375;0.003945473115891218;0.014507303945720196;0.010121343657374382
1767708915770049300;0.0069122314453125;0.0278778076171875;1.0027618408203125;0.005234709475189447;0.023576699197292328;0.00956900417804718
1767708915780049400;0.009735107421875;0.027679443359375;1.0008392333984375;0.004697549622505903;0.022706644609570503;0.003507116809487343
1767708915790049500;0.0134735107421875;0.02447509765625;1.003204345703125;0.002005626680329442;0.02316630631685257;0.007786284200847149
1767708915800049700;0.005523681640625;0.022003173828125;1.000640869140625;0.0026056368369609118;0.030953921377658844;0.01185266487300396
1767708915810050600;0.0063018798828125;0.0224761962890625;0.9990692138671875;0.005458681378513575;0.03178402781486511;0.01762479916214943
1767708915820050400;0.006622314453125;0.021514892578125;0.9994354248046875;0.0037316211964935064;0.03009292110800743;0.020802482962608337
1767708915830050600;0.0042724609375;0.021270751953125;0.9994964599609375;0.00541447289288044;0.0277932807803154;0.021017400547862053
1767708915840051500;0.0060882568359375;0.022735595703125;0.999664306640625;0.00436065997928381;0.029859894886612892;0.01841229759156704
1767708915850051300;0.0099334716796875;0.0225372314453125;0.99957275390625;0.004799016285687685;0.0309818834066391;0.013558153063058853
1767708915860051500;0.01654052734375;0.023681640625;1.001129150390625;0.0023276028223335743;0.027894748374819756;0.007035272661596537
1767708915870051300;0.0123138427734375;0.0224151611328125;1.001373291015625;0.0009502158500254154;0.023482156917452812;0.011079815216362476
1767708915880052200;0.0087738037109375;0.0237579345703125;1.0005950927734375;0.001636246219277382;0.01883067935705185;0.013363209553062916
1767708915890052600;0.009552001953125;0.023712158203125;0.9996185302734375;-0.0011124024167656898;0.021289842203259468;0.006530869752168655
1767708915900052500;0.01171875;0.0223541259765625;1.000244140625;-0.00038242992013692856;0.03032940998673439;-0.00640729907900095
1767708915910052600;0.0123748779296875;0.02362060546875;1.0009765625;-0.000907338981050998;0.03334091231226921;-0.01309103425592184
1767708915920053500;0.0127716064453125;0.024932861328125;0.998809814453125;-0.00404667342081666;0.03634921833872795;-0.009836118668317795
1767708915930053400;0.0104217529296875;0.024261474609375;0.9992523193359375;-0.0029236183036118746;0.0413501039147377;-0.004608067683875561
1767708915940053500;0.007171630859375;0.0251922607421875;1.0009307861328125;-0.005132444202899933;0.04162813723087311;0.001942243310622871
1767708915950054400;0.0070343017578125;0.0283050537109375;1.000762939453125;-0.0021065603941679;0.045104894787073135;0.007582818623632193
1767708915960054300;0.0104217529296875;0.027984619140625;1.001312255859375;-0.003451456781476736;0.04729960486292839;0.008416920900344849
1767708915970054400;0.014923095703125;0.0273590087890625;1.002044677734375;-0.0008500810363329947;0.04526734724640846;0.011352256871759892
1767708915980054300;0.0167694091796875;0.0267181396484375;1.005828857421875;-0.0010045443195849657;0.042335737496614456;0.012529640458524227
1767708915990055400;0.0157928466796875;0.0255126953125;1.0045318603515625;-0.003197657410055399;0.04249419644474983;0.014613031409680843
1767708916000055600;0.0104522705078125;0.0249176025390625;1.0036773681640625;-0.005818474106490612;0.03436329960823059;0.015519305132329464
1767708916010055400;0.0100555419921875;0.0242462158203125;1.0036163330078125;-0.0019116170005872846;0.03632524982094765;0.0149224903434515
1767708916020056600;0.0124053955078125;0.0226593017578125;0.999237060546875;-0.007450459524989128;0.02448616735637188;0.01697179302573204
1767708916030056400;0.0225677490234375;0.0213775634765625;1.0035858154296875;-0.006066680885851383;0.026548519730567932;0.014160027727484703
1767708916040056600;0.019378662109375;0.0245208740234375;1.0001068115234375;-0.00478277076035738;0.028854550793766975;0.012513660825788975
1767708916050056400;0.0203704833984375;0.02093505859375;1.000640869140625;-0.0032466596458107233;0.02876799926161766;0.012685168534517288
1767708916060057300;0.020477294921875;0.0233917236328125;1.0030364990234375;-0.0009049421059899032;0.020299945026636124;0.013392770662903786
1767708916070057500;0.0158843994140625;0.0234375;1.0048675537109375;-0.002889263443648815;0.022245118394494057;0.010390322655439377
1767708916080057300;0.0160675048828125;0.023406982421875;1.00103759765625;-0.0027915253303945065;0.018386997282505035;0.012283564545214176
1767708916090057500;0.0181427001953125;0.022918701171875;1.00164794921875;-0.0011179950088262558;0.018507370725274086;0.010429738089442253
1767708916100058600;0.018646240234375;0.0240936279296875;0.99761962890625;-0.000672181835398078;0.021498899906873703;0.0059907808899879456
1767708916110058500;0.0161895751953125;0.026580810546875;0.9956512451171875;0.0010367685463279486;0.030290260910987854;-0.0014884406700730324
1767708916120058600;0.016387939453125;0.0258941650390625;0.9956512451171875;-0.005801696330308914;0.034033868461847305;-0.0006375607335940003
1767708916130059500;0.0195159912109375;0.024322509765625;0.997802734375;-0.006176403257995844;0.032585639506578445;0.0067849354818463326
1767708916140059400;0.0194091796875;0.0262298583984375;1.0006561279296875;-0.011563978157937527;0.023976173251867294;0.016864733770489693
1767708916150059500;0.0189361572265625;0.0261993408203125;1.0042877197265625;-0.013309679925441742;0.01996598392724991;0.020189689472317696
1767708916160059400;0.01995849609375;0.0253753662109375;1.003936767578125;-0.01452780980616808;0.018671954050660133;0.018323879688978195
1767708916170060300;0.020172119140625;0.0259857177734375;1.0039825439453125;-0.016149941831827164;0.017917215824127197;0.014135526493191719
1767708916180060400;0.021240234375;0.0239105224609375;1.00250244140625;-0.017246099188923836;0.03219814971089363;0.014602910727262497
1767708916190060300;0.0160675048828125;0.0251007080078125;1.001495361328125;-0.013383716344833374;0.03666267171502113;0.013878530822694302
1767708916200061400;0.0177154541015625;0.0257720947265625;1.001556396484375;-0.009010805748403072;0.035171836614608765;0.014207432046532631
1767708916210061600;0.02056884765625;0.0251312255859375;0.99627685546875;-0.00703926756978035;0.0349702350795269;0.011957859620451927
1767708916220061400;0.019622802734375;0.024993896484375;0.9993743896484375;-0.0017259946325793862;0.0313965380191803;0.008481369353830814
1767708916230061600;0.0219268798828125;0.0239105224609375;1.0061492919921875;0.0033004553988575935;0.025857962667942047;0.004911934491246939
1767708916240062500;0.0256195068359375;0.0225372314453125;1.00634765625;0.004086886998265982;0.022611569613218307;-0.005615541245788336
1767708916250062600;0.027557373046875;0.0233306884765625;1.0047149658203125;0.0038725025951862335;0.022974291816353798;-0.015076687559485435
1767708916260062500;0.0230712890625;0.02239990234375;1.005340576171875;-0.0005336974863894284;0.022578014060854912;-0.016693759709596634
1767708916270062300;0.019927978515625;0.01800537109375;1.00140380859375;0.0019680759869515896;0.02852538414299488;-0.0130540169775486
1767708916280063500;0.0182952880859375;0.0204315185546875;0.998687744140625;-0.0017707358347252011;0.04102573171257973;-0.016117451712489128
1767708916290063400;0.017486572265625;0.0143280029296875;0.9994964599609375;0.000871652620844543;0.04086194559931755;-0.020197680220007896
1767708916300063500;0.022064208984375;0.018402099609375;1.000213623046875;-0.0011049455497413874;0.0359145924448967;-0.018802182748913765
1767708916310064600;0.0284881591796875;0.0189056396484375;1.0007781982421875;-0.0027446537278592587;0.025238776579499245;-0.02528378553688526
1767708916320064500;0.0302734375;0.021759033203125;1.00439453125;-0.004960403777658939;0.020608872175216675;-0.029345106333494186
1767708916330064600;0.024566650390625;0.023040771484375;1.0025634765625;-0.0018796591321006417;0.01894306391477585;-0.033301230520009995
1767708916340064500;0.02349853515625;0.02490234375;1.0031280517578125;-0.0035800873301923275;0.012541624717414379;-0.036988113075494766
1767708916350065400;0.020904541015625;0.0250701904296875;1.00030517578125;0.0010266485624015331;0.0040887510403990746;-0.02462039142847061
1767708916360064800;0.0175628662109375;0.0297088623046875;0.998199462890625;0.0006684534018859267;0.012621785514056683;-0.02799222059547901
1767708916370064600;0.019561767578125;0.024658203125;0.997650146484375;0.001383512164466083;0.013889983296394348;-0.02605769969522953
1767708916380065800;0.0189056396484375;0.028533935546875;0.99481201171875;0.0028045750223100185;0.018933743238449097;-0.019388346001505852
1767708916390065700;0.018829345703125;0.032318115234375;0.99249267578125;0.0015153386630117893;0.028835643082857132;-0.01528734341263771
1767708916400065500;0.0247650146484375;0.0274810791015625;0.9940185546875;0.00010120012302650139;0.029869215562939644;-0.01631319336593151
1767708916410065700;0.02801513671875;0.03070068359375;0.9947052001953125;-0.0006732470938004553;0.03129294142127037;-0.01239515095949173
1767708916420066600;0.0255584716796875;0.02880859375;0.99737548828125;-0.0013928331900388002;0.03403865918517113;-0.011690211482346058
1767708916430066700;0.0236358642578125;0.0287017822265625;0.9994659423828125;0.0011291803093627095;0.03939241170883179;-0.0070216902531683445
1767708916440066600;0.024078369140625;0.0267333984375;1.00244140625;0.0009267800487577915;0.03784032166004181;0.002740659052506089
1767708916450066700;0.0240325927734375;0.024169921875;1.006744384765625;0.00233266269788146;0.03158589079976082;0.012495817616581917
1767708916460067800;0.030487060546875;0.0244140625;1.0063629150390625;0.003694869577884674;0.021402493119239807;0.008758604526519775
1767708916470067700;0.0380096435546875;0.02166748046875;1.00421142578125;0.005062935408204794;0.007123156916350126;-0.004031759686768055
1767708916480067800;0.036468505859375;0.02197265625;1.0045928955078125;0.006412093061953783;0.006431001238524914;-0.016401343047618866
1767708916490068700;0.02825927734375;0.01995849609375;1.0026092529296875;0.007300257217139006;0.013396232388913631;-0.02852059155702591
1767708916500068600;0.030029296875;0.01959228515625;1.0005340576171875;0.008183361031115055;0.022178007289767265;-0.041361819952726364
1767708916510068700;0.0235137939453125;0.0184478759765625;1.0037689208984375;0.0046448190696537495;0.030952323228120804;-0.03877296298742294
1767708916520068600;0.020263671875;0.02081298828125;1.0019989013671875;-0.00036991306114941835;0.030194386839866638;-0.030310235917568207
1767708916530069500;0.0189361572265625;0.022705078125;0.9977569580078125;-0.003108175238594413;0.029532859101891518;-0.019276225939393044
1767708916540069600;0.0204010009765625;0.0288543701171875;0.998992919921875;-0.002156894188374281;0.03093314915895462;-0.011811652220785618
1767708916550069500;0.0254058837890625;0.033935546875;0.993682861328125;-0.0026117621455341578;0.03677958622574806;-0.014156565070152283
1767708916560070700;0.028228759765625;0.03094482421875;0.9957275390625;-0.0017867147689685225;0.03771382197737694;-0.011582354083657265
1767708916570070800;0.0306396484375;0.0286865234375;0.9962615966796875;-0.009324525482952595;0.04469157010316849;-0.016461797058582306
1767708916580070700;0.0341033935546875;0.0262451171875;0.9873809814453125;-0.007493069861084223;0.052793972194194794;-0.03253903612494469
1767708916590070800;0.03619384765625;0.02532958984375;0.9982757568359375;-0.009999371133744717;0.0472404807806015;-0.03369484469294548
1767708916600071700;0.0228118896484375;0.02130126953125;0.9935150146484375;-0.021434186026453972;0.048892706632614136;-0.02750912308692932
1767708916610071600;0.0341796875;0.0247039794921875;0.9954986572265625;-0.014367753639817238;0.04470568522810936;-0.043045736849308014
1767708916620071700;0.034210205078125;0.0200347900390625;0.99249267578125;-0.0003254382754676044;0.041680335998535156;-0.06054137274622917
1767708916630072600;0.041259765625;0.0191802978515625;1.00201416015625;0.0013305152533575892;0.014402374625205994;-0.05368746444582939
1767708916640072700;0.0353851318359375;0.020233154296875;1.0225677490234375;-0.00446825148537755;-0.00785818975418806;-0.03374677896499634
1767708916650072600;0.0296630859375;0.024871826171875;1.020111083984375;-0.003430151380598545;-0.0070669641718268394;-0.02425127662718296
1767708916660072700;0.020965576171875;0.0315399169921875;1.0115966796875;-0.01200899202376604;-0.01034451648592949;-0.0054458980448544025
1767708916670073900;0.0272674560546875;0.031036376953125;1.00445556640625;-0.013376791961491108;-0.01756647601723671;-0.0011054781498387456
1767708916680073700;0.0305633544921875;0.03125;1.00567626953125;-0.015848470851778984;-0.017467141151428223;0.004809668753296137
1767708916690073900;0.0237579345703125;0.03021240234375;0.9933929443359375;-0.013832991011440754;-0.011448662728071213;0.010369284078478813
1767708916700073700;0.0224609375;0.0321044921875;0.9923858642578125;-0.009672867134213448;-0.00035739620216190815;-0.0003563309437595308
1767708916710074600;0.0296173095703125;0.02581787109375;0.99359130859375;-0.00941933412104845;0.0016026903176680207;-0.006612096447497606
1767708916720074800;0.02960205078125;0.0279541015625;0.99700927734375;-0.006165483966469765;0.00461579067632556;-0.008839298039674759
1767708916730074600;0.0282440185546875;0.0240325927734375;0.997711181640625;-0.00669332267716527;0.014857242815196514;-0.005340703297406435
1767708916740075500;0.0269927978515625;0.02423095703125;0.995819091796875;-0.005421929527074099;0.024882180616259575;0.0025417208671569824
1767708916750075600;0.024444580078125;0.0257110595703125;0.9969329833984375;-0.0092321140691638;0.00923397857695818;0.005501558072865009
1767708916760075800;0.0359344482421875;0.0233917236328125;1.0067596435546875;-0.010305368341505527;-0.019278356805443764;-0.0023094932548701763
1767708916770076000;0.0377197265625;0.0230255126953125;1.0074615478515625;-0.007685083895921707;-0.020355338230729103;-0.010507768020033836
1767708916780076800;0.0294952392578125;0.0256500244140625;1.0062255859375;-0.008796420879662037;-0.018505508080124855;-0.01122256089001894
1767708916790076700;0.0233917236328125;0.0243377685546875;1.00653076171875;-0.00888057705014944;-0.0005150553770363331;-0.004676776938140392
1767708916800076800;0.014801025390625;0.02740478515625;0.9976348876953125;-0.009639577940106392;0.019340408965945244;0.005188636481761932
1767708916810077700;0.0097503662109375;0.0302734375;0.997894287109375;-0.007719704881310463;0.039741288870573044;0.00920601561665535
1767708916820077600;0.0162506103515625;0.0290985107421875;0.9967193603515625;-0.010657438077032566;0.05506298691034317;0.010448379442095757
1767708916830077700;0.0230712890625;0.02703857421875;0.9998626708984375;-0.009429454803466797;0.06313902139663696;0.010939466767013073
1767708916840077600;0.028594970703125;0.02423095703125;0.998443603515625;-0.005868541542440653;0.06130543351173401;0.012798619456589222
1767708916850078500;0.036529541015625;0.0240936279296875;1.00177001953125;-0.0022069616243243217;0.029507292434573174;0.014939001761376858
1767708916860078600;0.0412750244140625;0.027008056640625;1.001129150390625;0.002683933824300766;0.018328141421079636;0.018638664856553078
1767708916870078700;0.0316925048828125;0.0284881591796875;0.99285888671875;0.002659432590007782;0.021628329530358315;0.021333783864974976
1767708916880080000;0.0308990478515625;0.0280303955078125;0.9983367919921875;0.003410177771002054;0.026511767879128456;0.016140088438987732
1767708916890079700;0.0296783447265625;0.0242462158203125;1.001861572265625;0.00794367678463459;0.03512496501207352;0.01630866527557373
1767708916900079600;0.0260467529296875;0.022857666015625;1.0082855224609375;0.007131146267056465;0.028735507279634476;0.017612017691135406
1767708916910079700;0.032012939453125;0.017730712890625;1.00634765625;0.0030980552546679974;0.01890098676085472;0.015781093388795853
1767708916920080600;0.0381927490234375;0.0185546875;1.004547119140625;-0.0009334379574283957;0.02002563886344433;0.004591289907693863
1767708916930080800;0.03857421875;0.021087646484375;1.00238037109375;-0.006767092272639275;0.021616345271468163;0.0018556906143203378
1767708916940080600;0.02935791015625;0.025299072265625;1.0001220703125;-0.01164680253714323;0.021219002082943916;0.007986820302903652
1767708916950081500;0.02508544921875;0.03009033203125;0.9986114501953125;-0.014393853023648262;0.012346414849162102;0.0034072482958436012
1767708916960081700;0.030364990234375;0.031097412109375;1.0026397705078125;-0.008817194029688835;0.01824025623500347;0.0012500877492129803
1767708916970081800;0.02386474609375;0.027099609375;1.0005645751953125;-0.006476541515439749;0.033546507358551025;0.002546514617279172
1767708916980082000;0.0237274169921875;0.0259552001953125;0.9958953857421875;-0.0012564794160425663;0.033493246883153915;0.0035459990613162518
1767708916990082800;0.0328826904296875;0.0251922607421875;1.002349853515625;0.0005392901366576552;0.023370036855340004;0.0008916263468563557
1767708917000082700;0.0336456298828125;0.0231781005859375;1.0034942626953125;-0.00037736992817372084;0.014057761989533901;0.004217914305627346
1767708917010082800;0.03143310546875;0.0234375;1.003021240234375;-0.0005376922199502587;0.011176754720509052;0.007442203816026449
1767708917020082700;0.0339813232421875;0.0247802734375;0.995635986328125;0.0016753945965319872;0.024569258093833923;0.014376542530953884
1767708917030083600;0.03173828125;0.0276947021484375;0.99462890625;0.0013145363191142678;0.02317669242620468;0.01661359705030918
1767708917040083700;0.0376129150390625;0.0276031494140625;1.000732421875;0.003655987558886409;0.013591974973678589;0.009442503564059734
1767708917050083600;0.043731689453125;0.0245208740234375;1.004974365234375;-0.0007797735743224621;0.007666441611945629;-0.002758235903456807
1767708917060084500;0.042694091796875;0.022247314453125;1.0096282958984375;-0.006967628374695778;0.008641424588859081;-0.006598247680813074
1767708917070084600;0.036895751953125;0.0194549560546875;1.007537841796875;-0.006099704187363386;0.006840062793344259;-0.010830809362232685
1767708917080084700;0.0333709716796875;0.0222320556640625;1.000885009765625;-0.009272327646613121;0.02021472342312336;-0.010445983149111271
1767708917090084900;0.0303955078125;0.021392822265625;0.992401123046875;-0.00782543234527111;0.022704247385263443;-0.007167898118495941
1767708917100085800;0.0325469970703125;0.0210723876953125;0.991455078125;-0.003918308764696121;0.022785207256674767;-0.00487278588116169
1767708917110085600;0.0317535400390625;0.0232086181640625;0.9904327392578125;0.0000031957933970261365;0.02791259065270424;-0.0028996497858315706
1767708917120085800;0.031341552734375;0.0217132568359375;0.9980621337890625;0.0005515406373888254;0.026814837008714676;0.0007387608638964593
1767708917130086700;0.0366973876953125;0.024566650390625;1.004730224609375;-0.00035606464371085167;0.02130715362727642;0.002153431996703148
1767708917140086500;0.0357666015625;0.0263519287109375;1.0046539306640625;-0.0003075950953643769;0.019175026565790176;0.0008415589109063148
1767708917150086700;0.0365753173828125;0.0268707275390625;1.00579833984375;-0.0008258462767116725;0.007740743923932314;-0.00376011710613966
1767708917160086500;0.03863525390625;0.0258941650390625;1.0019073486328125;-0.0043958136811852455;0.0017808558186516166;-0.005917011294513941
1767708917170087700;0.039825439453125;0.0240478515625;0.999725341796875;-0.0058656120672822;-0.004290618933737278;-0.014161358587443829
1767708917180087800;0.0457916259765625;0.0229644775390625;1.001220703125;-0.0047835698351264;-0.01044465135782957;-0.02213859185576439
1767708917190087700;0.040802001953125;0.02252197265625;1.00262451171875;-0.0036461339332163334;-0.017555290833115578;-0.023999875411391258
1767708917200088800;0.0398712158203125;0.022613525390625;1.002685546875;0.00001944107498275116;-0.021342573687434196;-0.020230969414114952
1767708917210088700;0.0312652587890625;0.02337646484375;0.9989776611328125;0.0013366405619308352;-0.019276492297649384;-0.010969826951622963
1767708917220088800;0.02850341796875;0.0267181396484375;0.9977874755859375;0.004795287735760212;-0.015472699888050556;-0.00755006168037653
1767708917230088700;0.031158447265625;0.026275634765625;0.999359130859375;0.005314071662724018;-0.008353536948561668;-0.008251804858446121
1767708917240089600;0.032989501953125;0.0256195068359375;0.9996795654296875;0.0038373488932847977;-0.005820604972541332;-0.007955661043524742
1767708917250089700;0.030487060546875;0.026947021484375;0.9981689453125;0.0003355582884978503;0.0013944311067461967;-0.0070491209626197815
1767708917260089600;0.03155517578125;0.0257720947265625;0.9987640380859375;-0.0010080065112560987;0.008282963186502457;-0.006966030225157738
1767708917270090500;0.0351409912109375;0.024658203125;0.9989013671875;-0.004131628200411797;0.007325024344027042;-0.0074017234146595
1767708917280090600;0.040069580078125;0.0242156982421875;0.99908447265625;-0.005115932319313288;-0.001957689644768834;-0.014574681408703327
1767708917290090800;0.0416412353515625;0.0237579345703125;1.0017852783203125;-0.0052019525319337845;-0.010972489602863789;-0.01780403032898903
1767708917300091000;0.0345611572265625;0.0227203369140625;1.0043487548828125;-0.005769205745309591;-0.011451059952378273;-0.011826565489172935
1767708917310091800;0.02862548828125;0.023895263671875;1.00067138671875;-0.001407214323990047;-0.008828379213809967;-0.010384730063378811
1767708917320091600;0.026824951171875;0.024261474609375;0.998443603515625;-0.002112152986228466;-0.006621949840337038;-0.009150887839496136
1767708917330091800;0.029937744140625;0.0253753662109375;0.9983367919921875;0.0007566040731035173;-0.0017480988753959537;-0.014000770635902882
1767708917340092700;0.03564453125;0.0253143310546875;0.999603271484375;-0.0008133294177241623;0.00026738137239590287;-0.019092202186584473
1767708917350092500;0.0341339111328125;0.0238189697265625;1.00164794921875;-0.0019805929623544216;0.002487658755853772;-0.016621055081486702
1767708917360093400;0.0298919677734375;0.0255889892578125;1.0046844482421875;-0.0013560815714299679;0.001368598430417478;-0.010541058145463467
1767708917370093300;0.03106689453125;0.026092529296875;1.0031585693359375;-0.0027601001784205437;-0.00811997801065445;-0.005612878128886223
1767708917380094500;0.0350494384765625;0.0265960693359375;1.0026092529296875;-0.003823766717687249;-0.015134477987885475;0.0003022687742486596
1767708917390094600;0.032623291015625;0.0271759033203125;1.0031890869140625;-0.0029470541048794985;-0.012809804640710354;0.005903695244342089
1767708917400094500;0.031097412109375;0.028900146484375;0.999420166015625;-0.00261895265430212;-0.009779660031199455;0.0016021577175706625
1767708917410095400;0.0353546142578125;0.0289154052734375;1.000732421875;-0.004427505191415548;-0.011719239875674248;-0.0038362834602594376
1767708917420095500;0.0323333740234375;0.02984619140625;1.0018463134765625;-0.0029403960797935724;-0.007638478651642799;-0.004824049770832062
1767708917430095400;0.0265045166015625;0.027496337890625;0.9971923828125;-0.00264824740588665;-0.007993744686245918;-0.00042583944741636515
1767708917440095500;0.027740478515625;0.0233917236328125;1.000946044921875;-0.0022559636272490025;-0.005972937680780888;0.0003171824791934341
1767708917450096400;0.0357666015625;0.0232391357421875;1.001373291015625;0.0004964132094755769;-0.0036996633280068636;0.0003203782835043967
1767708917460096300;0.0386199951171875;0.0239715576171875;0.9997100830078125;-0.0010431602131575346;-0.007879228331148624;0.0009635316673666239
1767708917470096400;0.0324859619140625;0.027984619140625;0.9979248046875;0.001984853995963931;-0.004857339430600405;0.0006559365428984165
1767708917480097500;0.02703857421875;0.0284881591796875;0.9970703125;0.008199340663850307;0.01079565566033125;-0.00242107966914773
1767708917490097400;0.02679443359375;0.024993896484375;0.9964141845703125;0.003397128311917186;0.019892215728759766;-0.002269812161102891
1767708917500097500;0.02960205078125;0.0232391357421875;0.9989471435546875;0.003054911969229579;0.0073135728016495705;-0.002389388158917427
1767708917510097400;0.035125732421875;0.0211181640625;1.0047149658203125;0.0007395598222501576;-0.011452658101916313;0.0033217607997357845
1767708917520098600;0.039947509765625;0.0222320556640625;1.00665283203125;-0.0028756812680512667;-0.014162424020469189;0.00469595193862915
1767708917530098400;0.040802001953125;0.025360107421875;1.00274658203125;-0.005983323790132999;-0.00814953912049532;-0.00047377636656165123
1767708917540098300;0.0357513427734375;0.0271759033203125;1.0017242431640625;-0.005645368713885546;-0.012540292926132679;-0.003961984533816576
1767708917550098400;0.0348663330078125;0.0299835205078125;0.999755859375;-0.004566522315144539;-0.014772821217775345;-0.008886968716979027
1767708917560099300;0.030426025390625;0.0279998779296875;1.0008087158203125;-0.0027513117529451847;-0.016704678535461426;-0.0044288369826972485
1767708917570099500;0.0272064208984375;0.02789306640625;1.00439453125;-0.0011416971683502197;-0.021444305777549744;0.00009667274571256712
1767708917580099300;0.0308837890625;0.0261077880859375;1.0034637451171875;0.0004063983797095716;-0.019327625632286072;-0.001603755634278059
1767708917590100500;0.030517578125;0.0269622802734375;1.003204345703125;0.004933239426463842;-0.01835397258400917;-0.00021145498612895608
1767708917600100600;0.0268402099609375;0.028656005859375;1.00091552734375;0.00481206551194191;-0.017101222649216652;0.010371414013206959
1767708917610100500;0.025787353515625;0.025054931640625;0.996978759765625;0.0027624969370663166;-0.012809538282454014;0.012868127785623074
1767708917620100600;0.030120849609375;0.0225677490234375;0.995635986328125;-0.00040266994619742036;-0.005110339727252722;0.007735950406640768
1767708917630101500;0.0315704345703125;0.0216827392578125;0.9942474365234375;0.0004889564006589353;-0.0019896477460861206;0.010351707227528095
1767708917640101400;0.032318115234375;0.025543212890625;0.9979248046875;0.0047119311057031155;0.0014000238152220845;0.004914597608149052
1767708917650101500;0.0361480712890625;0.0235443115234375;1.000457763671875;0.006662430241703987;0.002870887517929077;-0.004177967086434364
1767708917660102400;0.0395660400390625;0.0220489501953125;1.0037841796875;0.004583566449582577;0.0010641991393640637;-0.00812210887670517
1767708917670102300;0.032989501953125;0.0240478515625;1.0015716552734375;0.0016053534345701337;-0.008223840966820717;-0.007020092569291592
1767708917680102400;0.029754638671875;0.0242919921875;1.0002899169921875;-0.00010093380114994943;-0.003972903825342655;-0.00854688324034214
1767708917690102300;0.0285797119140625;0.02435302734375;0.9981689453125;0.0015363775892183185;0.004549478180706501;-0.010882741771638393
1767708917700103400;0.0312347412109375;0.023529052734375;0.996826171875;-0.0018602180061861873;0.00141041015740484;-0.007385478354990482
1767708917710103600;0.030059814453125;0.0254669189453125;1.0009765625;-0.0020610203500837088;-0.002111886627972126;-0.003692739177495241
1767708917720103400;0.0285797119140625;0.0264434814453125;1.00201416015625;-0.0003784351865760982;-0.0020034960471093655;-0.006983873434364796
1767708917730104300;0.034454345703125;0.0250701904296875;1.001983642578125;0.0014056164072826505;-0.0014594122767448425;-0.009159942157566547
1767708917740104400;0.0303802490234375;0.0254669189453125;1.001220703125;-0.0007651261985301971;-0.0013108078856021166;-0.003388606244698167
1767708917750104300;0.0293426513671875;0.027618408203125;1.0001373291015625;-0.0015004249289631844;-0.002561694709584117;-0.005191832315176725
1767708917760104400;0.0311279296875;0.025787353515625;0.9994659423828125;-0.0038282941095530987;-0.0025033713318407536;-0.007711715530604124
1767708917770105300;0.0301971435546875;0.02459716796875;1.002044677734375;-0.004963066894561052;-0.007949003018438816;-0.005075718741863966
1767708917780105500;0.0301361083984375;0.0255584716796875;1.0030517578125;-0.00455613574013114;-0.010191917419433594;-0.00133903743699193
1767708917790105300;0.0311279296875;0.027099609375;0.999786376953125;-0.005585714243352413;-0.00827843602746725;-0.0036338833160698414
1767708917800106500;0.0295257568359375;0.0272979736328125;0.996795654296875;-0.002691923175007105;-0.0073473951779305935;-0.0025683525018393993
1767708917810106600;0.02789306640625;0.02752685546875;0.9982452392578125;-0.0016109461430460215;-0.00794420950114727;-0.003477289341390133
1767708917820106500;0.032684326171875;0.0256805419921875;0.99945068359375;-0.003206445835530758;-0.009761017747223377;-0.011292335577309132
1767708917830106600;0.0348358154296875;0.0249481201171875;0.9991302490234375;-0.004027764778584242;-0.012139753438532352;-0.009995375759899616
1767708917840107500;0.027679443359375;0.026031494140625;0.9981689453125;-0.00905634555965662;-0.014444452710449696;-0.001680454588495195
1767708917850107400;0.024810791015625;0.0241546630859375;1.0010986328125;-0.005627525504678488;-0.009971673600375652;0.001549693406559527
1767708917860107500;0.0250244140625;0.0287017822265625;0.9990081787109375;-0.0062280683778226376;-0.007049920037388802;0.003948402591049671
1767708917870108400;0.0284271240234375;0.0276641845703125;1.001129150390625;-0.006720220670104027;-0.006445115897804499;0.00566933723166585
1767708917880108300;0.0304718017578125;0.0295257568359375;1.00286865234375;-0.004363855812698603;0.00088976213010028;0.008220379240810871
1767708917890108400;0.0318603515625;0.029266357421875;1.0012969970703125;-0.0007488809060305357;0.003099386813119054;0.008172442205250263
1767708917900108300;0.030181884765625;0.0285491943359375;0.998870849609375;-0.0023899206425994635;-0.004483431577682495;0.008523712866008282
1767708917910109400;0.0277862548828125;0.0277557373046875;1.00103759765625;-0.0037151097785681486;-0.0024258734192699194;0.0024458470288664103
1767708917920109600;0.027435302734375;0.0274658203125;0.9993438720703125;-0.0008338357438333333;0.0028671592008322477;-0.00436119269579649
1767708917930109400;0.026397705078125;0.0269775390625;0.99951171875;-0.0025686188600957394;0.005931125953793526;-0.003948668949306011
1767708917940110300;0.0262908935546875;0.0233001708984375;1.0020294189453125;-0.0007531419396400452;0.003945206757634878;-0.005344697739928961
1767708917950110500;0.0300750732421875;0.024566650390625;1.0021209716796875;-0.0025680861435830593;0.0012543488992378116;-0.0021470405627042055
1767708917960110300;0.0272064208984375;0.0249176025390625;1.0015106201171875;-0.001764344167895615;-0.0015371765475720167;0.0016074840677902102
1767708917970110500;0.028594970703125;0.0270843505859375;1.0024261474609375;0.0012772521004080772;-0.0012564794160425663;-0.0032567796297371387
1767708917980111400;0.0311279296875;0.0271148681640625;1.0006103515625;0.002394714392721653;-0.0004117247008252889;-0.006001433357596397
1767708917990111200;0.0348968505859375;0.0297698974609375;1.00201416015625;0.0003408846096135676;-0.009433715604245663;-0.0005257080192677677
1767708918000111400;0.0302886962890625;0.0298004150390625;1.002777099609375;0.0005052016349509358;-0.014038320630788803;0.00475320965051651
1767708918010112500;0.0212554931640625;0.029998779296875;0.9989471435546875;-0.00030892668291926384;-0.009616674855351448;0.008802013471722603
1767708918020112600;0.0160064697265625;0.030059814453125;0.9987030029296875;-0.0015273229219019413;-0.0004809668753296137;0.01035383716225624
1767708918030112500;0.021820068359375;0.0286712646484375;0.995849609375;-0.003525226376950741;0.004547347314655781;0.008154332637786865
1767708918040112400;0.026947021484375;0.02618408203125;0.998046875;-0.00224957219325006;0.007380684372037649;0.003959055058658123
1767708918050113500;0.03240966796875;0.0221099853515625;1.00030517578125;-0.004058391321450472;0.006392651703208685;0.0015773903578519821
1767708918060113400;0.0367889404296875;0.0218658447265625;1.0016937255859375;-0.004156661685556173;0.0028668928425759077;0.0001840244367485866
1767708918070113500;0.03863525390625;0.0239105224609375;1.000579833984375;-0.0011653993278741837;0.000011451592399680521;0.0014066817238926888
1767708918080114400;0.0382080078125;0.0249481201171875;1.0002593994140625;-0.004629106726497412;0.013667608611285686;0.0031284152064472437
1767708918090114300;0.0562744140625;0.026458740234375;1.000518798828125;-0.0020421119406819344;-0.007556453347206116;-0.0014559502014890313
1767708918100114400;0.0370330810546875;0.025909423828125;1.0028228759765625;0.002481267089024186;-0.016157398000359535;-0.0016458334866911173
1767708918110114300;-0.00262451171875;0.0215606689453125;1.0017852783203125;0.0032261533197015524;-0.01708471029996872;0.005960420705378056
1767708918120115500;-0.0031890869140625;0.0206298828125;1.0106658935546875;0.0008191883680410683;-0.014738732017576694;0.01227690652012825
1767708918130115600;0.0126190185546875;0.02215576171875;1.010009765625;-0.0023821976501494646;-0.015904931351542473;0.011065434664487839
1767708918140115500;0.0270538330078125;0.02685546875;1.0027313232421875;-0.0021427792962640524;-0.01631159521639347;0.0015387744642794132
1767708918150115600;0.0356292724609375;0.0253143310546875;0.994049072265625;-0.007580687757581472;0.0007443535141646862;-0.003771568648517132
1767708918160116500;0.037841796875;0.0302734375;0.9886322021484375;-0.005959355738013983;0.007678692229092121;-0.008175904862582684
1767708918170116400;0.037841796875;0.0279693603515625;0.9912109375;-0.006327670533210039;0.009220396168529987;-0.008171110413968563
1767708918180116500;0.034088134765625;0.024627685546875;0.9975433349609375;-0.005310343112796545;0.0037859496660530567;-0.0062672169879078865
1767708918190117400;0.0276031494140625;0.02490234375;1.0014495849609375;-0.0015845808666199446;0.004845088813453913;-0.006104231346398592
1767708918200117200;0.0215301513671875;0.0263671875;1.0028076171875;0.0027286747936159372;0.005290369503200054;-0.0004013383586425334
1767708918210117400;0.01971435546875;0.0270538330078125;1.0038299560546875;0.005351355765014887;0.0037894118577241898;0.0014274542918428779
1767708918220117200;0.025054931640625;0.028411865234375;1.0098419189453125;0.004608334042131901;0.0014658038271591067;-0.0054336474277079105
1767708918230118400;0.0267333984375;0.0272979736328125;1.006622314453125;0.002103364560753107;-0.0011382350930944085;-0.006168147549033165
1767708918240118500;0.023681640625;0.027496337890625;1.0035247802734375;0.0021901836153119802;-0.005134574603289366;-0.00038535939529538155
1767708918250118400;0.0274658203125;0.024871826171875;1.0023651123046875;0.0020775320008397102;-0.014576013199985027;0.0038842204958200455
1767708918260119600;0.0272064208984375;0.02410888671875;1.0006103515625;0.0023640880826860666;-0.01774490810930729;0.0021204089280217886
1767708918270119400;0.0283660888671875;0.025238037109375;1.0022430419921875;0.002260491019114852;-0.01684582605957985;0.003941744565963745
1767708918280119300;0.027374267578125;0.0252685546875;0.9991455078125;0.004179831128567457;-0.013525928370654583;0.005980127956718206
1767708918290119400;0.02386474609375;0.02679443359375;0.99658203125;0.002877012826502323;-0.007435279432684183;0.012091017328202724
1767708918300120300;0.0213775634765625;0.0264434814453125;0.995574951171875;0.0014314490836113691;-0.00845447089523077;0.011522166430950165
1767708918310120400;0.0229339599609375;0.026031494140625;0.9975128173828125;0.0029289445374161005;-0.010122941806912422;0.0070608388632535934
1767708918320120300;0.02435302734375;0.025543212890625;1.0003814697265625;0.0014045510906726122;-0.008451009169220924;0.0014703312190249562
1767708918330121500;0.0270843505859375;0.021942138671875;1.001220703125;0.003069559345021844;-0.0065130265429615974;-0.0035430695861577988
1767708918340121600;0.0260009765625;0.023956298828125;1.0030364990234375;-0.001401355373673141;-0.006589459255337715;-0.0039017973467707634
1767708918350121500;0.02392578125;0.022369384765625;0.9990386962890625;-0.0010391654213890433;-0.01059085875749588;-0.0015614113071933389
1767708918360121600;0.0261688232421875;0.0272064208984375;1.00390625;-0.003949734382331371;-0.017058612778782845;-0.004735100548714399
1767708918370123000;0.028289794921875;0.0245361328125;1.0019989013671875;-0.004709800239652395;-0.015874570235610008;-0.003933222498744726
1767708918380123000;0.0240020751953125;0.02838134765625;1.00115966796875;-0.000803209375590086;-0.023421170189976692;-0.00005858954318682663
1767708918390123000;0.028167724609375;0.026885986328125;1.0030975341796875;-0.003724164329469204;-0.020126307383179665;-0.0009139968897216022
1767708918400124000;0.024017333984375;0.0276947021484375;0.9993896484375;-0.002112685702741146;-0.010387127287685871;-0.00233266269788146
1767708918410123800;0.0229644775390625;0.0274810791015625;1.0003662109375;0.00013875069271307439;-0.012028699740767479;-0.0028826056513935328
1767708918420124000;0.023773193359375;0.0277862548828125;1.0032806396484375;0.005306082312017679;-0.015331019647419453;-0.004591822158545256
1767708918430123800;0.021575927734375;0.0283660888671875;1.0050811767578125;0.009031311608850956;-0.011994877830147743;-0.006081860978156328
1767708918440124700;0.0212249755859375;0.030914306640625;1.0040283203125;0.016106531023979187;-0.01540825143456459;-0.006777212489396334
1767708918450124800;0.0221710205078125;0.026947021484375;1.0052642822265625;0.019405921921133995;-0.02436233125627041;0.002394448034465313
1767708918460124700;0.020111083984375;0.02740478515625;1.00787353515625;0.02219425141811371;-0.028308337554335594;0.009580189362168312
1767708918470125800;0.0166015625;0.024932861328125;1.0063629150390625;0.011085674166679382;-0.019662650302052498;0.01387027557939291
1767708918480126000;0.013885498046875;0.0193328857421875;0.9852752685546875;0.008867793716490269;-0.008866994641721249;0.000368847802747041
1767708918490125800;0.020111083984375;0.0225982666015625;0.9967803955078125;0.005291168577969074;-0.008786567486822605;0.0015654060989618301
1767708918500126000;0.0210723876953125;0.022796630859375;0.9962310791015625;0.0015246596885845065;-0.004310326185077429;-0.0002798982313834131
1767708918510126800;0.0222320556640625;0.023681640625;0.99835205078125;-0.00046578687033616006;0.0007054713787510991;-0.001157143502496183
1767708918520126700;0.0228729248046875;0.0233154296875;0.9974517822265625;-0.001788312685675919;0.003460245206952095;0.00003408846168895252
1767708918530126800;0.021514892578125;0.02496337890625;1.000152587890625;-0.002912699244916439;-0.0019867182709276676;-0.0012026835465803742
1767708918540127700;0.025421142578125;0.0233612060546875;1.00146484375;-0.00072597770486027;-0.0075721656903624535;-0.0019068233668804169
1767708918550127900;0.018646240234375;0.0230560302734375;1.0002593994140625;0.0012580773327499628;-0.006667756475508213;0.0005065332516096532
1767708918560127700;0.016693115234375;0.0238037109375;1.0010223388671875;0.0014325142838060856;-0.007791077718138695;-0.0002740392810665071
1767708918570127600;0.016510009765625;0.0235748291015625;0.999420166015625;-0.002922020386904478;-0.008590292185544968;0.003852262394502759
1767708918580129000;0.017120361328125;0.0243682861328125;0.9987945556640625;-0.0026407905388623476;-0.005113801918923855;0.00364746549166739
1767708918590129000;0.0170135498046875;0.0245208740234375;0.9982452392578125;-0.004000600427389145;-0.0046940878964960575;0.002591255819424987
1767708918600128800;0.019866943359375;0.0245513916015625;0.998382568359375;-0.0038075214251875877;-0.003276220755651593;0.0023337281309068203
1767708918610130000;0.0213165283203125;0.0249481201171875;0.997650146484375;-0.005892510060220957;-0.0011028150329366326;-0.001288171042688191
1767708918620129800;0.020721435546875;0.024658203125;0.99884033203125;-0.006761499680578709;-0.00008096009696600959;-0.00466559175401926
1767708918630130000;0.0240631103515625;0.0247955322265625;0.999847412109375;-0.0070397998206317425;-0.0065039717592298985;-0.003997404593974352
1767708918640129800;0.026153564453125;0.0252532958984375;1.00177001953125;-0.007745271548628807;-0.008189752697944641;-0.006713562645018101
1767708918650130700;0.0204010009765625;0.02581787109375;1.0018463134765625;-0.0054735951125621796;-0.007924235425889492;-0.005222192499786615
1767708918660130800;0.0194549560546875;0.0246734619140625;1.000518798828125;-0.00552312983199954;-0.006325806491076946;-0.0036970002111047506
1767708918670130700;0.0179443359375;0.0225677490234375;1.004425048828125;-0.005642172880470753;-0.011421232484281063;-0.0021497036796063185
1767708918680131800;0.020233154296875;0.0239105224609375;1.006439208984375;-0.0006229133578017354;-0.0094480961561203;0.0016016251174733043
1767708918690132000;0.018280029296875;0.0255889892578125;1.00341796875;-0.002264485927298665;-0.01449744962155819;-0.0022144184913486242
1767708918700131800;0.020782470703125;0.027557373046875;1.0039215087890625;0.0006620618514716625;-0.013226322829723358;-0.007704258430749178
1767708918710132000;0.0207977294921875;0.02569580078125;1.0043182373046875;0.0011954930378124118;-0.007582818623632193;-0.009068063460290432
1767708918720132900;0.0160369873046875;0.0244140625;1.00299072265625;0.0012008192716166377;-0.00574816670268774;-0.0049036783166229725
1767708918730132700;0.016082763671875;0.022857666015625;1.0023040771484375;0.0023755396250635386;-0.016462329775094986;-0.002147839404642582
1767708918740132900;0.023712158203125;0.0223388671875;1.0039825439453125;-0.0012452941155061126;-0.024203605949878693;-0.003921238239854574
1767708918750132700;0.02410888671875;0.022979736328125;1.0084228515625;-0.004778243601322174;-0.025590049102902412;-0.0008977515972219408
1767708918760133600;0.0170745849609375;0.0241241455078125;1.00091552734375;-0.007763380650430918;-0.01968235895037651;-0.0006119944155216217
1767708918770133800;0.012725830078125;0.02716064453125;0.997344970703125;-0.009757556021213531;-0.0220941174775362;0.0007044061203487217
1767708918780133600;0.0148773193359375;0.0265655517578125;0.997894287109375;-0.008470982313156128;-0.02635171264410019;0.002620816696435213
1767708918790134800;0.015838623046875;0.025726318359375;0.998138427734375;-0.003540938952937722;-0.027337081730365753;0.005257346201688051
1767708918800135000;0.01483154296875;0.028076171875;1.0038299560546875;-0.001008539111353457;-0.03702166676521301;0.003555586328729987
1767708918810134800;0.0208740234375;0.022247314453125;0.99786376953125;0.0041247038170695305;-0.02292928472161293;-0.00027856664382852614
1767708918820135000;0.01629638671875;0.0250091552734375;0.99951171875;0.002862099092453718;-0.019953468814492226;0.0006708502769470215
1767708918830135800;0.01519775390625;0.0224609375;0.9981842041015625;0.0018184063956141472;-0.017315074801445007;0.0014495585346594453
1767708918840136000;0.01446533203125;0.02197265625;0.9984130859375;7.989483492565341e-7;-0.013760553672909737;0.0028884646017104387
1767708918850135800;0.01605224609375;0.02203369140625;0.9984130859375;-0.00227913330309093;-0.009433449245989323;-0.00043010051012970507
1767708918860136700;0.0185546875;0.0233612060546875;0.9960784912109375;-0.005600361619144678;-0.00714552728459239;-0.00421258807182312
1767708918870136800;0.016387939453125;0.0227203369140625;0.9982452392578125;-0.005042695440351963;-0.0036519928835332394;-0.00564110791310668
1767708918880136700;0.0175628662109375;0.022796630859375;1.0020904541015625;-0.0026695525739341974;-0.007782289292663336;-0.004735899157822132
1767708918890136800;0.017669677734375;0.0216827392578125;1.0041046142578125;0.0013422331539914012;-0.013822604902088642;-0.0019917781464755535
1767708918900138000;0.0174713134765625;0.0225372314453125;1.0054931640625;0.002448510378599167;-0.01329982653260231;0.00010199906682828441
1767708918910137900;0.016876220703125;0.022216796875;1.0014801025390625;0.0013555489713326097;-0.011315771378576756;-0.0004996090428903699
1767708918920138000;0.0139312744140625;0.0225677490234375;0.9980010986328125;0.0024770060554146767;-0.004314587451517582;-0.002517486223950982
1767708918930139000;0.0140380859375;0.0231170654296875;0.996856689453125;0.0019153454340994358;-0.0024927188642323017;-0.00046578687033616006
1767708918940138800;0.0158843994140625;0.022491455078125;0.998870849609375;-0.0002721750643104315;-0.0038245655596256256;-0.004251736681908369
1767708918950139000;0.0181121826171875;0.0234375;1.0010986328125;-0.0023156185634434223;-0.0036647759843617678;-0.00612340634688735
1767708918960138800;0.0186309814453125;0.02386474609375;1.0008392333984375;-0.003692206460982561;-0.004273840691894293;-0.011316304095089436
1767708918970139600;0.01959228515625;0.024017333984375;0.9992218017578125;-0.004222708288580179;-0.006284793838858604;-0.012822854332625866
1767708918980139800;0.0177764892578125;0.0243377685546875;0.9998779296875;-0.003820304526016116;-0.006089317612349987;-0.010817760601639748
1767708918990139600;0.01385498046875;0.02581787109375;0.99859619140625;-0.004924451000988483;-0.0037768951151520014;-0.011983426287770271
1767708919000140800;0.0143890380859375;0.0264129638671875;1.001007080078125;-0.00347489258274436;-0.002043443499132991;-0.012382101267576218
1767708919010141000;0.0140533447265625;0.0262603759765625;1.0022125244140625;-0.0025334651581943035;0.0005994775565341115;-0.010452374815940857
1767708919020140800;0.0159912109375;0.0267333984375;1.0044097900390625;-0.003153715282678604;-0.002341983839869499;-0.006248041987419128
1767708919030141000;0.0172882080078125;0.02716064453125;1.005615234375;-0.0005856291390955448;-0.005146825220435858;-0.0009387642494402826
1767708919040141800;0.015167236328125;0.0297088623046875;1.009765625;-0.002429601736366749;-0.012269183062016964;-0.0023193468805402517
1767708919050141700;0.013427734375;0.024139404296875;0.9979248046875;-0.0006293049664236605;0.0015126754296943545;-0.0023254721891134977
1767708919060141800;0.009185791015625;0.0261688232421875;1.00146484375;-0.0029824741650372744;0.006927680689841509;0.0008692557457834482
1767708919070142700;0.0141143798828125;0.023712158203125;0.999176025390625;-0.0019971043802797794;0.010599381290376186;0.0014732606941834092
1767708919080142800;0.019012451171875;0.0232391357421875;1.0006866455078125;0.00016591492749284953;0.0156133146956563;-0.005422994960099459
1767708919090142700;0.0214691162109375;0.02130126953125;1.003173828125;-0.0008455536444671452;0.012444951571524143;-0.009884055703878403
1767708919100142600;0.0198516845703125;0.023406982421875;1.003326416015625;-0.0014482269762083888;0.008082161657512188;-0.006231264211237431
1767708919110144000;0.014617919921875;0.024566650390625;1.0052337646484375;-0.0014314490836113691;0.011461712419986725;-0.005030444823205471
1767708919120144000;0.0101165771484375;0.024200439453125;1.0028533935546875;-0.00185089698061347;0.013758422806859016;-0.006112753413617611
1767708919130144000;0.011749267578125;0.02459716796875;1.0009002685546875;0.00032676986302249134;0.009489641524851322;-0.004328702110797167
1767708919140145000;0.0194854736328125;0.021392822265625;0.9991302490234375;-0.00013928332191426307;0.0004902879591099918;-0.004421113524585962
1767708919150144800;0.0224151611328125;0.0212554931640625;0.998779296875;0.0007518103811889887;0.0008820389630272985;-0.0027427896857261658
1767708919160145000;0.0222320556640625;0.0216217041015625;0.996490478515625;0.0012751214671880007;0.004889297299087048;-0.0007243797881528735
1767708919170144800;0.0204010009765625;0.0211639404296875;0.9944915771484375;0.0006993460701778531;0.005677326582372189;0.004237622022628784
1767708919180145700;0.021270751953125;0.0226593017578125;0.99609375;-0.001389637473039329;0.00869229156523943;0.0030341395176947117
1767708919190145800;0.020599365234375;0.0236053466796875;0.9962921142578125;-0.001799764228053391;0.011477425694465637;0.0023150858469307423
1767708919200145700;0.01666259765625;0.026092529296875;0.994903564453125;-0.0038719698786735535;0.013952833600342274;-0.0016713999211788177
1767708919210146800;0.020050048828125;0.0263214111328125;0.99615478515625;-0.004888232331722975;0.016227705404162407;-0.0012964267516508698
1767708919220147000;0.017608642578125;0.0260467529296875;0.995208740234375;-0.0031372036319226027;0.019894879311323166;0.0002990729990415275
1767708919230146800;0.0170745849609375;0.02471923828125;0.9989013671875;-0.0036477316170930862;0.021741781383752823;0.0028674255590885878
1767708919240147000;0.0177764892578125;0.0231475830078125;0.999755859375;-0.002528937766328454;0.02359933592379093;0.0013827132061123848
1767708919250147800;0.0174102783203125;0.0224761962890625;1.0026397705078125;-0.0054847802966833115;0.023876037448644638;0.004319647327065468
1767708919260147700;0.0137481689453125;0.0240325927734375;1.0036773681640625;-0.004880775231868029;0.021936191245913506;0.008616391569375992
1767708919270147800;0.0162811279296875;0.0272674560546875;1.0040283203125;-0.001856489572674036;0.020206201821565628;0.014330470003187656
1767708919280148700;0.018096923828125;0.0277557373046875;1.0032806396484375;-0.00046152580762282014;0.018678080290555954;0.014646853320300579
1767708919290148600;0.01995849609375;0.024810791015625;1.0043182373046875;-0.00011771172285079956;0.013636982999742031;0.011204184964299202
1767708919300148700;0.0184783935546875;0.0224609375;1.0037384033203125;-0.0012397015234455466;0.008943160995841026;0.008785502053797245
1767708919310148600;0.0183868408203125;0.0185546875;1.00177001953125;-0.0017563547007739544;0.009135175496339798;0.007383347954601049
1767708919320150000;0.0218658447265625;0.0200653076171875;0.99908447265625;-0.0020519655663520098;0.011012437753379345;0.0025510420091450214
1767708919330150000;0.0231475830078125;0.0231475830078125;0.9980926513671875;-0.0023462448734790087;0.016028767451643944;0.0011526161106303334
1767708919340149800;0.0235443115234375;0.0248260498046875;0.993682861328125;0.005860019475221634;0.02327948994934559;-0.001219461439177394
1767708919350151000;0.0228424072265625;0.02301025390625;1.0074615478515625;0.003388339886441827;0.020730046555399895;0.001285241567529738
1767708919360150300;0.019805908203125;0.0192413330078125;1.001861572265625;0.004220577888190746;0.01739816553890705;0.00015286543930415064
1767708919370150400;0.0164031982421875;0.0193328857421875;1.003204345703125;0.0009068063227459788;0.008673649281263351;0.00047617321251891553
1767708919380150300;0.02447509765625;0.0171966552734375;1.00933837890625;0.0003094593121204525;0.0015622102655470371;0.0009709885343909264
1767708919390151200;0.025299072265625;0.0198211669921875;1.0070648193359375;-0.003412574529647827;0.003421895671635866;-0.000464188982732594
1767708919400151300;0.019287109375;0.0236053466796875;1.00274658203125;-0.0031403994653373957;0.009015332907438278;-0.0024493092205375433
1767708919410151200;0.0142059326171875;0.02520751953125;0.999176025390625;-0.00418382603675127;0.014426076784729958;-0.006508499383926392
1767708919420152300;0.01239013671875;0.02587890625;1.0001373291015625;-0.0037081853952258825;0.014812768436968327;-0.003968109842389822
1767708919430152400;0.0131683349609375;0.0278167724609375;1.0012054443359375;-0.002926813904196024;0.013197294436395168;-0.0027142937760800123
1767708919440152300;0.0179443359375;0.026031494140625;1.002655029296875;-0.004040548112243414;0.01221671886742115;0.0007512777228839695
1767708919450152400;0.0187225341796875;0.023162841796875;1.000640869140625;-0.0036543896421790123;0.009500294923782349;-0.00029294771957211196
1767708919460153300;0.0201416015625;0.026123046875;0.9979095458984375;-0.004091148264706135;0.011098723858594894;0.00024154871061909944
1767708919470153200;0.0200958251953125;0.023284912109375;0.994110107421875;-0.0021971079986542463;0.01366441324353218;-0.00037683729897253215
1767708919480153300;0.021209716796875;0.0250701904296875;0.9954833984375;-0.0038096518255770206;0.018758773803710938;-0.0017057546647265553
1767708919490153200;0.0234832763671875;0.02520751953125;0.995941162109375;-0.002600044244900346;0.02160302922129631;0.001686579897068441
1767708919500154400;0.0201416015625;0.02337646484375;0.9969940185546875;-0.0032916669733822346;0.021084511652588844;0.008102933876216412
1767708919510154200;0.0202484130859375;0.023040771484375;0.9995574951171875;-0.0034621094819158316;0.021709822118282318;0.011054514907300472
1767708919520154000;0.019622802734375;0.022979736328125;1.0011749267578125;-0.001472461735829711;0.02287282608449459;0.013892912305891514
1767708919530155500;0.02081298828125;0.02447509765625;1.003662109375;0.0008420915110036731;0.022120747715234756;0.010920558124780655
1767708919540155400;0.0226593017578125;0.0220947265625;1.0016021728515625;-0.0006543386843986809;0.02316763624548912;0.0070190271362662315
1767708919550155500;0.0212860107421875;0.0228118896484375;1.002166748046875;0.000030360035452758893;0.020849354565143585;0.0012985573848709464
1767708919560155400;0.023406982421875;0.02197265625;1.0045166015625;-0.00024101608141791075;0.01660134643316269;-0.00010199906682828441
1767708919570156300;0.021148681640625;0.021514892578125;1.00640869140625;-0.0008484831196255982;0.019054384902119637;-0.003495398908853531
1767708919580156400;0.020233154296875;0.0220947265625;1.003570556640625;-0.0010921623324975371;0.01870551146566868;-0.007223824504762888
1767708919590156300;0.0216827392578125;0.0221710205078125;1.00323486328125;-0.0022767363116145134;0.015806393697857857;-0.009094960987567902
1767708919600157200;0.0200347900390625;0.0238189697265625;0.9998626708984375;-0.003653324441984296;0.017554491758346558;-0.008331965655088425
1767708919610157300;0.0204620361328125;0.025299072265625;0.9986114501953125;-0.00628905463963747;0.015920110046863556;-0.008035289123654366
1767708919620157200;0.022430419921875;0.02593994140625;1.0007476806640625;-0.0068059745244681835;0.011546667665243149;-0.006506102625280619
1767708919630158300;0.021270751953125;0.0269012451171875;0.9984893798828125;-0.007808654569089413;0.011601794511079788;-0.0036762275267392397
1767708919640158500;0.0190887451171875;0.0298004150390625;0.999603271484375;-0.0030506509356200695;0.013220197521150112;-0.003946272190660238
1767708919650158300;0.0188751220703125;0.0291748046875;0.9991455078125;-0.0035800873301923275;0.01483673695474863;-0.005447229836136103
1767708919660158500;0.0185699462890625;0.027801513671875;0.998077392578125;-0.0008127967594191432;0.014547251164913177;-0.006982542108744383
1767708919670159400;0.021484375;0.0263671875;1.0016021728515625;0.0007491472060792148;0.011907259002327919;-0.006248041987419128
1767708919680159200;0.0230865478515625;0.02459716796875;1.0021514892578125;0.000892691605258733;0.015355519950389862;-0.005626726895570755
1767708919690159400;0.0232391357421875;0.02349853515625;1.003936767578125;-0.0005464806454256177;0.015959791839122772;-0.005231513641774654
1767708919700160300;0.02557373046875;0.0234222412109375;1.0020294189453125;-0.003102049930021167;0.01847381517291069;-0.009316802956163883
1767708919710160100;0.025482177734375;0.022979736328125;1.000274658203125;-0.0031308121979236603;0.019830962643027306;-0.010324276052415371
1767708919720160300;0.0222625732421875;0.0237884521484375;1.001434326171875;-0.004706604406237602;0.017884191125631332;-0.009820939041674137
1767708919730160000;0.025390625;0.0241851806640625;1.0023345947265625;-0.005829393398016691;0.014586132951080799;-0.010277404449880123
1767708919740161500;0.030242919921875;0.024688720703125;1.0040435791015625;-0.004649346694350243;0.011518171988427639;-0.011482751928269863
1767708919750161400;0.0272979736328125;0.0255584716796875;1.00439453125;-0.005382515024393797;0.003385410411283374;-0.0067961206659674644
1767708919760161300;0.0206146240234375;0.0272064208984375;1.0039215087890625;-0.004502340219914913;-0.0016703346045687795;-0.006871754303574562
1767708919770162400;0.0185089111328125;0.0278778076171875;1.00189208984375;-0.004816326778382063;-0.00282002124004066;-0.006187854800373316
1767708919780162300;0.02239990234375;0.027587890625;1.00244140625;-0.003011502558365464;-0.0005941512063145638;-0.0046267095021903515
1767708919790162400;0.02508544921875;0.02752685546875;1.0003509521484375;-0.004338289611041546;-0.0014421016676351428;-0.006294913589954376
1767708919800162300;0.0257720947265625;0.02679443359375;0.9991302490234375;-0.003457848448306322;0.002558232517912984;-0.0046272422187030315
1767708919810163200;0.0216064453125;0.0255889892578125;0.997314453125;-0.0034437335561960936;0.0048829056322574615;-0.006964965257793665
1767708919820163300;0.02142333984375;0.0260162353515625;0.99847412109375;-0.0037886130157858133;0.0067657604813575745;-0.004655472002923489
1767708919830163200;0.0232696533203125;0.02783203125;0.997528076171875;-0.004532699938863516;0.010842793621122837;-0.002825613832101226
1767708919840163300;0.0233154296875;0.0272674560546875;1.0002899169921875;-0.002606169320642948;0.009363940916955471;-0.0005784385721199214
1767708919850164500;0.025543212890625;0.028717041015625;1.0028839111328125;-0.000794420950114727;0.007256048731505871;0.003922570031136274
1767708919860164400;0.0247039794921875;0.029541015625;1.00244140625;-0.0011555455857887864;0.00628905463963747;0.008928780443966389
1767708919870164500;0.0243682861328125;0.029876708984375;1.0003204345703125;-0.0024229439441114664;0.005203017964959145;0.008992696180939674
1767708919880165400;0.0254058837890625;0.0272979736328125;1.0000152587890625;-0.005102616734802723;0.004041613079607487;0.00854714959859848
1767708919890165200;0.0254974365234375;0.0271759033203125;1.0011444091796875;-0.007098922040313482;0.0032591766212135553;0.006609699688851833
1767708919900165400;0.02471923828125;0.0283203125;0.9990997314453125;-0.007272027432918549;0.0035539884120225906;0.007813980802893639
1767708919910166300;0.0244903564453125;0.028350830078125;0.9989471435546875;-0.006675213109701872;0.005910353269428015;0.005681321490556002
1767708919920166100;0.0248260498046875;0.024688720703125;0.99932861328125;-0.006947388406842947;0.010037720203399658;0.0011211908422410488
1767708919930166300;0.0258026123046875;0.02447509765625;1.000335693359375;-0.004431233741343021;0.010398845188319683;0.0024895230308175087
1767708919940166100;0.027587890625;0.025146484375;1.0008697509765625;-0.004913798533380032;0.007632353343069553;0.0025843314360827208
1767708919950167300;0.0284881591796875;0.0253753662109375;0.9986114501953125;-0.007290403358638287;0.005862416233867407;0.0018642127979546785
1767708919960167400;0.02734375;0.02728271484375;0.99774169921875;-0.005336175672709942;0.00845846626907587;0.0015965650090947747
1767708919970167300;0.0257568359375;0.0290069580078125;0.998870849609375;-0.0020836573094129562;0.012720322236418724;0.0028871328104287386
1767708919980167400;0.0236053466796875;0.02728271484375;0.9990692138671875;-0.00021198761533014476;0.017299894243478775;0.002531068166717887
1767708919990168300;0.0222015380859375;0.02410888671875;1.0016326904296875;-0.0013116068439558148;0.007156446576118469;-0.0003062635369133204
1767708920000168400;0.0257415771484375;0.02313232421875;1.003692626953125;-0.0019126823171973228;0.0007366303470917046;-0.00018482338055036962
1767708920010168300;0.028564453125;0.0225067138671875;1.0035247802734375;-0.002832005498930812;-0.0016588830621913075;0.004253334365785122
1767708920020169200;0.02978515625;0.0232696533203125;1.0020751953125;-0.003626692807301879;-0.003082342678681016;0.00845500361174345
1767708920030169300;0.025299072265625;0.0249176025390625;0.9993133544921875;-0.005245628301054239;-0.007982558570802212;0.007980694994330406
1767708920040169200;0.0211334228515625;0.02655029296875;0.995391845703125;-0.006543120369315147;-0.011276623234152794;0.008608401753008366
1767708920050169300;0.0180206298828125;0.025604248046875;0.9931793212890625;-0.0024983114562928677;-0.0119117870926857;0.012019111774861813
1767708920060170500;0.0159149169921875;0.02349853515625;0.9939117431640625;0.0004500742070376873;-0.008858206681907177;0.011120561510324478
1767708920070170400;0.0186004638671875;0.0236968994140625;0.994232177734375;0.0025952504947781563;-0.00726403808221221;0.0038597192615270615
1767708920080170500;0.023040771484375;0.0220794677734375;0.9969482421875;-0.0005209143273532391;-0.005120459944009781;-0.0008277104352600873
1767708920090171400;0.0260162353515625;0.0225067138671875;0.993560791015625;0.0017361147329211235;0.0008519452530890703;-0.010363691486418247
1767708920100171300;0.0266876220703125;0.0248260498046875;1.000732421875;0.001068193931132555;0.00115421402733773;-0.011020959354937077
1767708920110171400;0.026611328125;0.027008056640625;1.00787353515625;-0.0016551546286791563;-0.0043707797303795815;-0.013732323423027992
1767708920120172300;0.0254974365234375;0.0257720947265625;1.0108184814453125;-0.0010831075487658381;-0.010584733448922634;-0.013917147181928158
1767708920130172200;0.024200439453125;0.02471923828125;1.0142364501953125;0.0019462381023913622;-0.01565512642264366;-0.011655590496957302
1767708920140172300;0.0194091796875;0.0250701904296875;1.0137939453125;0.0036280243657529354;-0.019719641655683517;-0.005811550188809633
1767708920150172200;0.014312744140625;0.025634765625;1.010162353515625;0.0038932752795517445;-0.023134613409638405;-0.0018458369886502624
1767708920160173300;0.015899658203125;0.023773193359375;1.00341796875;0.006106095854192972;-0.02172420360147953;-0.0024833977222442627
1767708920170173400;0.0142669677734375;0.02423095703125;0.9990234375;0.007564975414425135;-0.013067598454654217;-0.0020969731267541647
1767708920180173300;0.01422119140625;0.02484130859375;0.9967041015625;0.009586314670741558;-0.007433947641402483;-0.0032831449061632156
1767708920190174500;0.0155181884765625;0.024871826171875;0.99566650390625;0.010342119261622429;0.0009723200928419828;-0.007419832982122898
1767708920200174300;0.01605224609375;0.02435302734375;0.995513916015625;0.009384979493916035;0.005280782002955675;-0.00817830115556717
1767708920210174200;0.015380859375;0.0241241455078125;0.9958038330078125;0.007765245158225298;0.0012282498646527529;-0.01050244178622961
1767708920220174300;0.01678466796875;0.0255889892578125;0.99993896484375;0.004483165219426155;-0.0035888757556676865;-0.013017797842621803
1767708920230175200;0.0180206298828125;0.024169921875;1.00311279296875;0.002460494404658675;-0.009465939365327358;-0.008440623059868813
1767708920240175400;0.0163421630859375;0.0243072509765625;1.0068817138671875;0.002385925967246294;-0.012601811438798904;-0.008376440964639187
1767708920250175200;0.018310546875;0.0238800048828125;1.006805419921875;0.0008711199625395238;-0.019144665449857712;-0.009186574257910252
1767708920260176400;0.0210418701171875;0.0240936279296875;1.0063629150390625;0.005393700208514929;-0.017916150391101837;-0.0056863813661038876
1767708920270176500;0.0144500732421875;0.026092529296875;1.0039215087890625;0.006050968077033758;-0.01327106449753046;0.0013345100451260805
1767708920280176400;0.0149993896484375;0.0271453857421875;1.0050811767578125;0.007379885762929916;-0.009166866540908813;-0.0000327568814100232
1767708920290176500;0.0178985595703125;0.0261383056640625;1.004638671875;0.009948237799108028;-0.011241735890507698;-0.0008072041091509163
1767708920300177400;0.019683837890625;0.0246734619140625;1.0019989013671875;0.008732771500945091;-0.015895076096057892;-0.004163053352385759
1767708920310177300;0.0188446044921875;0.0218353271484375;1.0020751953125;0.009558618068695068;-0.018909242004156113;-0.002653307281434536
1767708920320177400;0.0170745849609375;0.0223541259765625;0.9997406005859375;0.008957009762525558;-0.0166157279163599;-0.0023699470330029726
1767708920330178300;0.01617431640625;0.02288818359375;0.99639892578125;0.009044627659022808;-0.018571820110082626;-0.007010238710790873
1767708920340178200;0.018157958984375;0.0233154296875;0.995208740234375;0.005191832315176725;-0.016498282551765442;-0.012580506503582
1767708920350178300;0.0184478759765625;0.023101806640625;0.9940643310546875;0.0037294907961040735;-0.010880877263844013;-0.01830390654504299
1767708920360178000;0.0181884765625;0.021087646484375;0.997283935546875;0.003964648116379976;-0.006983074825257063;-0.018317488953471184
1767708920370179000;0.017547607421875;0.021270751953125;0.998291015625;0.004447478801012039;-0.005328985396772623;-0.019103653728961945
1767708920380179200;0.0187530517578125;0.0227813720703125;0.99969482421875;0.007408914156258106;-0.006160157732665539;-0.017496967688202858
1767708920390179000;0.020111083984375;0.0231475830078125;1.001983642578125;0.007425159215927124;-0.005036836490035057;-0.018672486767172813
1767708920400180200;0.017913818359375;0.0252838134765625;1.0023040771484375;0.01044198777526617;-0.002588059986010194;-0.011927765794098377
1767708920410180000;0.0166778564453125;0.0271453857421875;1.0008697509765625;0.010252105072140694;-0.003971039317548275;-0.013483584858477116
1767708920420180000;0.0200347900390625;0.0259246826171875;0.9997100830078125;0.011600463651120663;-0.008639827370643616;-0.015164039097726345
1767708920430180000;0.0167999267578125;0.0266571044921875;0.9994964599609375;0.013774667866528034;-0.007737548090517521;-0.013852698728442192
1767708920440181000;0.016571044921875;0.02545166015625;0.9994354248046875;0.012736834585666656;-0.011419367976486683;-0.016211992129683495
1767708920450181000;0.0193634033203125;0.020263671875;0.9997711181640625;0.007756190374493599;-0.012139487080276012;-0.014431403949856758
1767708920460181000;0.014801025390625;0.020294189453125;1.000823974609375;0.007640609052032232;-0.010043312795460224;-0.009153816848993301
1767708920470182100;0.012939453125;0.0197296142578125;0.9979095458984375;0.0081514036282897;-0.00815220270305872;-0.008392686024308205
1767708920480182300;0.01788330078125;0.0196685791015625;0.9954071044921875;0.007484281435608864;-0.00040080572944134474;-0.010831342078745365
1767708920490182100;0.017486572265625;0.019317626953125;0.997894287109375;0.008501076139509678;-0.002019474981352687;-0.008374842815101147
1767708920500182300;0.015838623046875;0.020904541015625;0.9993896484375;0.006939132697880268;-0.0025156219489872456;-0.007588677573949099
1767708920510183200;0.0158843994140625;0.0230255126953125;0.9981231689453125;0.008320780470967293;-0.0046908920630812645;-0.007489341776818037
1767708920520183000;0.01446533203125;0.0244293212890625;0.9988555908203125;0.009106678888201714;-0.0070278155617415905;-0.011026818305253983
1767708920530183200;0.01361083984375;0.0199432373046875;1.00103759765625;0.00990269798785448;-0.008592689409852028;-0.010412161238491535
1767708920540184000;0.0123291015625;0.016754150390625;1.001129150390625;0.010613761842250824;-0.01335761696100235;-0.007770038675516844
1767708920550184000;0.0130462646484375;0.0160675048828125;1.00262451171875;0.013025254011154175;-0.015275625512003899;-0.003884486621245742
1767708920560184000;0.011199951171875;0.0185546875;0.9994354248046875;0.012474779039621353;-0.01341540738940239;-0.0030301446095108986
1767708920570185200;0.009033203125;0.0223541259765625;0.996978759765625;0.012861203402280807;-0.008891229517757893;-0.0015070828376337886
1767708920580185000;0.00885009765625;0.024383544921875;0.9973602294921875;0.014649515971541405;-0.0049135321751236916;-0.008199074305593967
1767708920590185200;0.010833740234375;0.021148681640625;1.001373291015625;0.019050922244787216;-0.0034165694378316402;-0.014733405783772469
1767708920600185000;0.0072479248046875;0.0165863037109375;1.005340576171875;0.020081833004951477;-0.004025634378194809;-0.016895892098546028
1767708920610186000;0.0070648193359375;0.0123443603515625;1.0108795166015625;0.020652547478675842;-0.010555438697338104;-0.02063204161822796
1767708920620186000;0.016876220703125;0.0102691650390625;1.01513671875;0.021163608878850937;-0.020053336396813393;-0.027419107034802437
1767708920630186000;0.0187530517578125;0.0137481689453125;1.01715087890625;0.023305589333176613;-0.02208346500992775;-0.031742747873067856
1767708920640187100;0.012542724609375;0.0185546875;1.0150909423828125;0.02365472912788391;-0.024512533098459244;-0.03087269514799118
1767708920650187000;0.0096588134765625;0.0212554931640625;1.0124664306640625;0.020659739151597023;-0.030008232221007347;-0.029207685962319374
1767708920660187000;0.0087127685546875;0.0201568603515625;1.007598876953125;0.016889767721295357;-0.030827688053250313;-0.027604462578892708
1767708920670187000;0.0061187744140625;0.01849365234375;1.003326416015625;0.008988435380160809;-0.026825755834579468;-0.023375896736979485
1767708920680188200;0.0088653564453125;0.0178680419921875;0.99920654296875;0.0014002900570631027;-0.027247067540884018;-0.027043068781495094
1767708920690188300;0.014190673828125;0.01629638671875;0.998687744140625;-0.0036567864008247852;-0.024387897923588753;-0.03402188420295715
1767708920700188200;0.01123046875;0.01776123046875;0.992828369140625;-0.010762100107967854;-0.018314825370907784;-0.03719450533390045
1767708920710189000;0.01080322265625;0.0178985595703125;0.994049072265625;-0.019040802493691444;-0.017234114930033684;-0.04071440547704697
1767708920720189200;0.0079193115234375;0.016998291015625;0.99365234375;-0.02346164919435978;-0.011991415172815323;-0.04664553329348564
1767708920730189000;0.0067291259765625;0.017852783203125;0.9940032958984375;-0.026573820039629936;-0.010056628845632076;-0.05512716621160507
1767708920740189200;0.0083770751953125;0.0184173583984375;0.9977264404296875;-0.029165875166654587;-0.008101335726678371;-0.0666450709104538
1767708920750190000;0.012664794921875;0.0166778564453125;1.000518798828125;-0.030377879738807678;-0.011745871976017952;-0.07523936033248901
1767708920760190000;0.0142669677734375;0.0158233642578125;1.0053558349609375;-0.025607891380786896;-0.020848024636507034;-0.07723486423492432
1767708920770190000;0.01483154296875;0.0204315185546875;1.009246826171875;-0.02117745764553547;-0.032710809260606766;-0.08128979802131653
1767708920780191200;0.0157470703125;0.02178955078125;1.0174407958984375;-0.012266785837709904;-0.05113589018583298;-0.08438359200954437
1767708920790191000;0.009552001953125;0.02081298828125;1.0286102294921875;-0.015840481966733932;-0.051911402493715286;-0.07831397652626038
1767708920800191200;0.0070648193359375;0.021759033203125;1.0107879638671875;-0.010458233766257763;-0.052438441663980484;-0.08483473211526871
1767708920810191000;0.0092926025390625;0.0252227783203125;1.008819580078125;-0.010467554442584515;-0.062014900147914886;-0.08258862048387527
1767708920820192000;0.008819580078125;0.025787353515625;1.0023345947265625;-0.01221725158393383;-0.06594172865152359;-0.07509768009185791
1767708920830192000;0.0021820068359375;0.0257568359375;0.9946136474609375;-0.018739067018032074;-0.05681481212377548;-0.06944272667169571
1767708920840192000;0.001739501953125;0.0262451171875;0.9919586181640625;-0.026096582412719727;-0.055569253861904144;-0.06682243943214417
1767708920850193000;0.006103515625;0.0257110595703125;0.9945831298828125;-0.032888706773519516;-0.04556269198656082;-0.06416220963001251
1767708920860193000;0.001220703125;0.0287017822265625;0.9910736083984375;-0.03392680734395981;-0.028982382267713547;-0.052974533289670944
1767708920870193000;-0.00390625;0.031158447265625;0.990478515625;-0.03453826904296875;-0.022815832868218422;-0.038967106491327286
1767708920880194300;-0.00238037109375;0.0370635986328125;0.9912261962890625;-0.033670078963041306;-0.017538780346512794;-0.02497219480574131
1767708920890194200;-0.0009613037109375;0.043914794921875;0.991973876953125;-0.03074273280799389;-0.01321034412831068;-0.017163807526230812
1767708920900194000;0.0025787353515625;0.045318603515625;0.99560546875;-0.02749474160373211;-0.010852115228772163;-0.008418784476816654
1767708920910194200;-0.0001983642578125;0.044189453125;1.000640869140625;-0.02412344515323639;-0.01107235811650753;0.006925816647708416
1767708920920195000;-0.00146484375;0.0433502197265625;1.002532958984375;-0.01955905370414257;-0.015724634751677513;0.024983113631606102
1767708920930195200;-0.00390625;0.0423431396484375;1.0030059814453125;-0.018557971343398094;-0.018727615475654602;0.042146652936935425
1767708920940195000;-0.00543212890625;0.0398712158203125;1.002685546875;-0.016231168061494827;-0.02070794068276882;0.05812349170446396
1767708920950196000;0.0008392333984375;0.040252685546875;1.003662109375;-0.015182415023446083;-0.021515944972634315;0.06524797528982162
1767708920960196000;0.0033721923828125;0.03668212890625;1.00360107421875;-0.012834838591516018;-0.02508830837905407;0.07467556744813919
1767708920970196000;0.002960205078125;0.0348358154296875;1.004852294921875;-0.013138438574969769;-0.026520557701587677;0.09313047677278519
1767708920980196000;0.000244140625;0.0316314697265625;1.0016021728515625;-0.010371680371463299;-0.025042502209544182;0.10323983430862427
1767708920990197200;0.004547119140625;0.0303497314453125;0.9983673095703125;-0.0070397998206317425;-0.025355957448482513;0.11133291572332382
1767708921000197000;0.0070953369140625;0.0274505615234375;0.9963226318359375;-0.004605937283486128;-0.0234049241989851;0.11797457188367844
1767708921010197200;0.003387451171875;0.0288848876953125;0.9949493408203125;-0.0036607813090085983;-0.01423672679811716;0.12834732234477997
1767708921020198100;0.0016632080078125;0.0289764404296875;0.9907379150390625;-0.003847468877211213;0.00046605319948866963;0.12707193195819855
1767708921030198000;0.0010986328125;0.02960205078125;0.9884490966796875;-0.002519350266084075;0.012614062055945396;0.12947437167167664
1767708921040198100;0.00457763671875;0.0254669189453125;0.9885406494140625;-0.004751345608383417;0.01985626295208931;0.11842811107635498
1767708921050199000;0.009613037109375;0.021514892578125;0.9920806884765625;-0.006999053526669741;0.030786940827965736;0.11076166480779648
1767708921060199000;0.00811767578125;0.0168914794921875;0.989776611328125;-0.008405735716223717;0.040775660425424576;0.0956421047449112
1767708921070199000;0.01190185546875;0.0120849609375;0.9942169189453125;-0.011113104410469532;0.04093971103429794;0.08105970174074173
1767708921080199000;0.0131072998046875;0.009979248046875;0.9999237060546875;-0.008886169642210007;0.04749534651637077;0.06725600361824036
1767708921090200000;0.0106201171875;0.00897216796875;1.0055694580078125;-0.00751996785402298;0.05333166569471359;0.053553506731987
1767708921100200200;0.0041656494140625;0.0130462646484375;1.0076446533203125;-0.0028700886759907007;0.05910752713680267;0.04619678854942322
1767708921110200000;0.00421142578125;0.0157623291015625;1.0086669921875;0.003518834710121155;0.06193793565034866;0.04087179899215698
1767708921120201200;0.002197265625;0.0192108154296875;1.0087432861328125;0.006858971435576677;0.054479219019412994;0.037279460579156876
1767708921130201000;0.004730224609375;0.0189666748046875;1.0147857666015625;0.01113174669444561;0.04604259133338928;0.02521081455051899
1767708921140201200;0.0059661865234375;0.0213470458984375;1.01361083984375;0.018918031826615334;0.04066913202404976;0.01950472593307495
1767708921150201000;0.0050048828125;0.02093505859375;1.0129852294921875;0.02744467370212078;0.03560300171375275;0.020381171256303787
1767708921160202000;0.0050201416015625;0.0225067138671875;1.010986328125;0.034575555473566055;0.022534603253006935;0.03461390361189842
1767708921170202000;0.0015411376953125;0.0242767333984375;1.0095367431640625;0.040831852704286575;0.010779676958918571;0.04700346291065216
1767708921180202000;0.0045013427734375;0.02630615234375;1.0064544677734375;0.04617095738649368;0.008983108215034008;0.06023937091231346
1767708921190203100;0.0076141357421875;0.0282440185546875;1.0056610107421875;0.05235615000128746;0.0024088292848318815;0.06810475140810013
1767708921200203300;0.006439208984375;0.029083251953125;1.00408935546875;0.05457109957933426;0.00036671728594228625;0.07676961272954941
1767708921210203100;0.0022125244140625;0.029815673828125;0.9969024658203125;0.0564611442387104;0.0020301276817917824;0.08418066054582596
1767708921220203300;0.0007781982421875;0.025848388671875;0.9931182861328125;0.05589202791452408;-0.008697884157299995;0.08277317881584167
1767708921230204200;0.0110626220703125;0.0225677490234375;0.99755859375;0.05052495747804642;-0.022639531642198563;0.08736047148704529
1767708921240204000;0.0157470703125;0.0178070068359375;0.9974822998046875;0.04306890815496445;-0.020339360460639;0.08049537241458893
1767708921250204200;0.0104827880859375;0.01544189453125;0.999420166015625;0.04092692583799362;-0.01347346417605877;0.07455679029226303
1767708921260205000;0.0032806396484375;0.0178070068359375;0.9951019287109375;0.03712792694568634;-0.014377874322235584;0.07529634982347488
1767708921270205000;-0.0022430419921875;0.0195465087890625;0.9958953857421875;0.036315396428108215;-0.013206616044044495;0.07278446108102798
1767708921280205000;-0.0013580322265625;0.019989013671875;0.997955322265625;0.04104676842689514;-0.008955145254731178;0.07293492555618286
1767708921290206200;-0.001861572265625;0.02313232421875;0.995452880859375;0.042333874851465225;-0.012388226576149464;0.07856564968824387
1767708921300206000;0.0053558349609375;0.021514892578125;0.9980621337890625;0.04429236426949501;-0.006992395501583815;0.08819111436605453
1767708921310206200;0.00396728515625;0.0185699462890625;0.999755859375;0.04446094110608101;-0.004168113227933645;0.09357282519340515
1767708921320206000;0.0073089599609375;0.01629638671875;1.0010833740234375;0.04074876010417938;0.003635747591033578;0.07992465794086456
1767708921330207200;0.0099639892578125;0.010101318359375;1.0012359619140625;0.04078444838523865;0.006683735176920891;0.06994286179542542
1767708921340207000;0.00750732421875;0.0138397216796875;1.0048065185546875;0.041732266545295715;-0.011936820112168789;0.0525905080139637
1767708921350207000;0.0139923095703125;0.0083770751953125;1.007720947265625;0.030337132513523102;-0.006740460637956858;0.05077236518263817
1767708921360208400;-0.001068115234375;0.0146331787109375;1.00030517578125;0.02761857770383358;-0.001743305241689086;0.050044525414705276
1767708921370208500;0.0062255859375;0.01007080078125;1.000335693359375;0.01703411154448986;-0.012467854656279087;0.05061204358935356
1767708921380208400;0.0146331787109375;0.009124755859375;1.00177001953125;0.01392886508256197;-0.015337144955992699;0.041855838149785995
1767708921390208800;0.01318359375;0.0087127685546875;1.0025177001953125;0.008834504522383213;-0.01811881549656391;0.037872813642024994
1767708921400209700;0.0077667236328125;0.00885009765625;0.9982757568359375;0.0017006946727633476;-0.012355735525488853;0.029829800128936768
1767708921410209500;0.0042572021484375;0.01092529296875;0.99871826171875;0.002091380301862955;-0.0028788771014660597;0.017252756282687187
1767708921420209700;0.0006103515625;0.0132598876953125;1.0003509521484375;0.00180855265352875;0.010744256898760796;0.008407066576182842
1767708921430210600;-0.0035247802734375;0.012664794921875;0.9991607666015625;0.0028674255590885878;0.01980086974799633;0.004764928016811609
1767708921440210700;0.0023345947265625;0.0118560791015625;0.999603271484375;0.0032589102629572153;0.018866898491978645;0.002432797569781542
1767708921450210600;0.0138092041015625;0.01275634765625;1.0037841796875;-0.0016026903176680207;0.015912920236587524;0.0018186726374551654
1767708921460211500;0.015350341796875;0.012420654296875;1.0037841796875;-0.009950901381671429;0.009189769625663757;0.0005190501105971634
1767708921470211600;0.01068115234375;0.015533447265625;0.9965667724609375;-0.019398732110857964;0.008651012554764748;-0.0021795309148728848
1767708921480211500;0.00775146484375;0.0181427001953125;0.9923248291015625;-0.02147306688129902;0.013010607101023197;-0.015222628600895405
1767708921490211800;0.0069427490234375;0.019683837890625;0.99945068359375;-0.016767261549830437;0.009486446157097816;-0.010348777286708355
1767708921500212700;0.004974365234375;0.0194091796875;1.00384521484375;-0.011022024787962437;-0.0006173207075335085;-0.011913917027413845
1767708921510212600;0.0107879638671875;0.0206451416015625;0.9984130859375;-0.01356454472988844;-0.00905394833534956;-0.013437245041131973
1767708921520212700;0.0107269287109375;0.0179290771484375;0.9970550537109375;-0.019763318821787834;-0.029254557564854622;-0.014050304889678955
1767708921530213600;0.009521484375;0.019805908203125;0.9959869384765625;-0.004757204558700323;-0.03434545546770096;-0.008474711328744888
1767708921540213500;-0.0007171630859375;0.02490234375;1.00262451171875;-0.007096791639924049;-0.02689153514802456;0.0014540859265252948
1767708921550213600;-0.00848388671875;0.0201568603515625;0.9949798583984375;-0.009631321765482426;-0.025289110839366913;0.017786987125873566
1767708921560213500;-0.0074005126953125;0.0221099853515625;0.99468994140625;-0.01341567374765873;-0.022542594000697136;0.021869879215955734
1767708921570214400;-0.004302978515625;0.024200439453125;0.9979705810546875;-0.014243383891880512;-0.014867895282804966;0.01894333027303219
1767708921580214500;-0.004058837890625;0.022735595703125;0.998077392578125;-0.018205102533102036;-0.002609365154057741;0.010966897010803223
1767708921590214400;-0.00152587890625;0.023162841796875;1.0003509521484375;-0.020538032054901123;-0.002487392397597432;0.006207029335200787
1767708921600215600;-0.0019378662109375;0.02294921875;1.005157470703125;-0.01667911186814308;0.0036421390250325203;0.014186658896505833
1767708921610215700;-0.005401611328125;0.02099609375;1.00665283203125;-0.018728414550423622;0.0034474621061235666;0.02315804921090603
1767708921620215600;-0.0037994384765625;0.0185699462890625;1.0089569091796875;-0.021274661645293236;0.0022090920247137547;0.025832662358880043
1767708921630215700;0.00262451171875;0.0187225341796875;1.011932373046875;-0.019523100927472115;0.0003307645965833217;0.02678074687719345
1767708921640216600;0.003814697265625;0.0164794921875;1.0131683349609375;-0.016870327293872833;0.0010657970560714602;0.03271826356649399
1767708921650216700;0.0068511962890625;0.0173797607421875;1.0102081298828125;-0.015203453600406647;-0.00908670574426651;0.03341042250394821
1767708921660216600;0.0087432861328125;0.01776123046875;1.006988525390625;-0.014010890386998653;-0.014416489750146866;0.03489593043923378
1767708921670217500;0.0051727294921875;0.02008056640625;1.0038604736328125;-0.011810586787760258;-0.011129883117973804;0.03253690525889397
1767708921680217600;0.0010833740234375;0.0180816650390625;1.00274658203125;-0.012812468223273754;-0.008921856060624123;0.030900657176971436
1767708921690217500;-0.001251220703125;0.016357421875;1.0001983642578125;-0.012502741999924183;-0.0018796591321006417;0.028147215023636818
1767708921700218600;-0.0017852783203125;0.0155029296875;0.9970703125;-0.011545602232217789;0.0029827402904629707;0.023126358166337013
1767708921710218800;0.0002288818359375;0.0137939453125;0.9937744140625;-0.009885920211672783;0.0018141453620046377;0.01954866759479046
1767708921720218600;0.002410888671875;0.0117340087890625;0.9951629638671875;-0.009846772067248821;-0.002412823960185051;0.0188453271985054
1767708921730218800;-0.0020294189453125;0.0106353759765625;0.996917724609375;-0.008653941564261913;-0.0031217574141919613;0.0159416813403368
1767708921740219600;-0.0024261474609375;0.013336181640625;1.000457763671875;-0.006146842148154974;-0.005940180737525225;0.012296879664063454
1767708921750219500;-0.00408935546875;0.0157012939453125;1.0077056884765625;-0.005066397599875927;-0.007938350550830364;0.013921674340963364
1767708921760219600;-0.0073394775390625;0.0175933837890625;1.0079803466796875;-0.00033662354690022767;-0.006426207721233368;0.015783490613102913
1767708921770220500;-0.009246826171875;0.0162811279296875;1.0067901611328125;0.001023452845402062;-0.002920954953879118;0.0156567245721817
1767708921780220400;-0.0063018798828125;0.0160369873046875;1.0043182373046875;0.0029995182994753122;-0.005322327371686697;0.01721201092004776
1767708921790220500;-0.0028228759765625;0.0172576904296875;1.0017547607421875;0.0007555388147011399;-0.010568222030997276;0.02064216136932373
1767708921800220400;-0.00042724609375;0.0178375244140625;0.999908447265625;-0.005712480284273624;-0.006603308022022247;0.022963905707001686
1767708921810221600;-0.00341796875;0.0181732177734375;0.9946441650390625;-0.005901564843952656;-0.0038128476589918137;0.027763187885284424
1767708921820221700;-0.004364013671875;0.0191497802734375;0.996856689453125;-0.006187322083860636;-0.006452839355915785;0.03104260377585888
1767708921830221600;-0.0005340576171875;0.0161895751953125;0.998779296875;-0.006916495505720377;-0.013312876224517822;0.03671859949827194
1767708921840222700;-0.0007476806640625;0.01434326171875;1.0000762939453125;-0.010604707524180412;-0.016566192731261253;0.038484539836645126
1767708921850222600;0.007476806640625;0.01336669921875;1.0042572021484375;-0.012559734284877777;-0.015776831656694412;0.03230787068605423
1767708921860222500;0.0139007568359375;0.01275634765625;1.0048980712890625;-0.01846609264612198;0.00213585514575243;0.013441240414977074
1767708921870223600;0.0111083984375;0.0112457275390625;1.00177001953125;-0.017115870490670204;0.011196195147931576;0.0024562333710491657
1767708921880223500;0.00054931640625;0.0131072998046875;1.003997802734375;-0.017233848571777344;0.011480354703962803;0.0070576430298388
1767708921890223600;-0.0071258544921875;0.0146942138671875;0.9974517822265625;-0.01612650603055954;0.006480802316218615;0.016636766493320465
1767708921900223500;-0.0083160400390625;0.017578125;0.9993743896484375;-0.018278872594237328;0.0051628039218485355;0.026040654629468918
1767708921910224600;-0.0085601806640625;0.01959228515625;0.9967041015625;-0.009913084097206593;0.011381018906831741;0.025656893849372864
1767708921920224800;-0.00115966796875;0.021728515625;0.998779296875;-0.00965662207454443;0.016016250476241112;0.021459219977259636
1767708921930224600;0.00140380859375;0.0200653076171875;0.9959869384765625;-0.004340686369687319;0.021134845912456512;0.019687684252858162
1767708921940225500;0.0009002685546875;0.0222625732421875;0.9973297119140625;-0.00119575927965343;0.030953921377658844;0.013222062028944492
1767708921950225700;0.0025634765625;0.0182647705078125;0.9994659423828125;-0.0014631407102569938;0.042097121477127075;0.011139203794300556
1767708921960225500;0.0023193359375;0.0167083740234375;1.0005035400390625;-0.0012029499048367143;0.039797212928533554;0.014248178340494633
1767708921970225700;0.0044708251953125;0.015106201171875;1.005767822265625;-0.009534649550914764;0.023478427901864052;0.02105122245848179
1767708921980226600;0.002716064453125;0.0152587890625;1.0076141357421875;-0.003727360162883997;0.030956584960222244;0.02269066497683525
1767708921990226400;0.001373291015625;0.014984130859375;1.00299072265625;-0.0029976540245115757;0.02761192061007023;0.020708207041025162
1767708922000226600;0.001617431640625;0.0171356201171875;1.0029144287109375;-0.00047936898772604764;0.019112708047032356;0.020749753341078758
1767708922010227700;0.003326416015625;0.01629638671875;1.002197265625;-0.004591023549437523;0.021508486941456795;0.014071344397962093
1767708922020227600;0.0019989013671875;0.017822265625;0.9988861083984375;0.002625077962875366;0.034091923385858536;0.0052237906493246555
1767708922030227700;0.0059661865234375;0.0193328857421875;1.006744384765625;0.013009808026254177;0.047694552689790726;-0.011966114863753319
1767708922040228600;0.0121917724609375;0.0152435302734375;1.0094757080078125;0.020048808306455612;0.05048181489109993;-0.020446419715881348
1767708922050228500;0.0109405517578125;0.0154876708984375;1.0089111328125;0.024384168907999992;0.04399062693119049;-0.012948555871844292
1767708922060228600;0.0057830810546875;0.0198516845703125;1.003326416015625;0.022358302026987076;0.028430309146642685;-0.0008375641773454845
1767708922070228500;0.00103759765625;0.0184173583984375;0.997344970703125;0.017680460587143898;0.025844380259513855;0.0011201255256310105
1767708922080229600;0.00189208984375;0.0186004638671875;0.9923858642578125;0.013248959556221962;0.025613218545913696;0.001526257605291903
1767708922090229500;0.0058135986328125;0.0196380615234375;0.9977264404296875;0.0062634884379804134;0.01534433476626873;0.010850517079234123
1767708922100229400;0.0019683837890625;0.0161285400390625;0.995361328125;0.0026964505668729544;0.01131097786128521;0.020172113552689552
1767708922110230800;0.002105712890625;0.017120361328125;0.9949798583984375;-0.0011270497925579548;0.010458500124514103;0.031246602535247803
1767708922120230700;0.0032196044921875;0.0148162841796875;0.9994354248046875;-0.0025068335235118866;0.001097755040973425;0.03765203803777695
1767708922130230800;0.0063934326171875;0.01568603515625;0.995574951171875;0.0018250643042847514;-0.006022738758474588;0.038172684609889984
1767708922140230700;0.004547119140625;0.0174102783203125;0.9998016357421875;0.00166633992921561;-0.008015582337975502;0.03710795193910599
1767708922150231600;0.0044708251953125;0.0166473388671875;1.0041656494140625;-0.00023409185814671218;-0.005077849142253399;0.03231586143374443
1767708922160231700;0.007232666015625;0.013458251953125;0.9980926513671875;-0.002490854589268565;-0.0017686053179204464;0.03104819729924202
1767708922170231600;0.002471923828125;0.0125732421875;0.9976959228515625;-0.006690659560263157;0.003961718175560236;0.02924070879817009
1767708922180232400;0.00390625;0.010223388671875;0.999725341796875;-0.002841060282662511;0.007494668010622263;0.02804441750049591
1767708922190232600;0.0029296875;0.011505126953125;1.000823974609375;-0.009089634753763676;0.0017915084026753902;0.022646190598607063
1767708922200232400;0.005096435546875;0.0113372802734375;0.9996185302734375;-0.009255549870431423;0.004416320007294416;0.019627230241894722
1767708922210233600;0.004791259765625;0.0149383544921875;1.0053253173828125;-0.007200388703495264;0.0006916229031048715;0.016947824507951736
1767708922220233700;0.00299072265625;0.0157623291015625;1.0031890869140625;-0.011427624151110649;0.006174272391945124;0.015476960688829422
1767708922230233600;0.00250244140625;0.0159454345703125;1.0035552978515625;-0.009150621481239796;0.008217183873057365;0.011200456880033016
1767708922240233700;0.010986328125;0.01678466796875;1.004547119140625;-0.0069489860907197;0.010959972627460957;0.0040823593735694885
1767708922250234600;0.009002685546875;0.0159454345703125;1.0028533935546875;-0.006136721931397915;0.015224759466946125;0.0012607404496520758
1767708922260234500;0.0010528564453125;0.01568603515625;1.0014801025390625;-0.007493336219340563;0.01840723678469658;0.0020442423410713673
1767708922270234600;-0.0005950927734375;0.013885498046875;0.9996185302734375;-0.003908987622708082;0.02310984581708908;0.00046605319948866963
1767708922280235500;0.003570556640625;0.01727294921875;1.000091552734375;-0.004702077247202396;0.022823557257652283;0.007495999336242676
1767708922290235400;0.008331298828125;0.017608642578125;1.004730224609375;-0.0035393410362303257;0.015335546806454659;0.012225240468978882
1767708922300235500;0.014892578125;0.019195556640625;1.00677490234375;-0.004457066301256418;0.013696104288101196;0.005085838492959738
1767708922310235400;0.010528564453125;0.019805908203125;1.0024261474609375;-0.004175570327788591;0.011434814892709255;-0.0018138790037482977
1767708922320236800;0.0044097900390625;0.01751708984375;1.0005950927734375;-0.0009651295840740204;0.012879046611487865;0.0016966998809948564
1767708922330236700;0.000274658203125;0.017486572265625;1.0002288818359375;-0.0014000238152220845;0.00993039458990097;0.00737429317086935
1767708922340236500;-0.0010223388671875;0.0173797607421875;0.9997711181640625;-0.0002561961009632796;0.012397280894219875;0.007553523872047663
1767708922350237700;0.0016632080078125;0.01763916015625;0.9994354248046875;-0.0016887104138731956;0.02051353082060814;0.009404420852661133
1767708922360237000;0.002349853515625;0.0216827392578125;1.000274658203125;-0.0010511496802791953;0.026605777442455292;0.01019537914544344
1767708922370237200;0.0096588134765625;0.022003173828125;1.0004119873046875;-0.003964648116379976;0.024994032457470894;0.0028660940006375313
1767708922380237000;0.012054443359375;0.0173187255859375;1.0002288818359375;-0.002442385070025921;0.021103421226143837;-0.0007819040911272168
1767708922390238000;0.0064239501953125;0.015899658203125;0.9975738525390625;-0.002700977958738804;0.02328401803970337;0.0017062872648239136
1767708922400238000;0.0030670166015625;0.0166015625;0.997467041015625;-0.0023550332989543676;0.019159313291311264;0.008333563804626465
1767708922410238000;0.005035400390625;0.01873779296875;0.9983673095703125;-0.003186738584190607;0.01810949482023716;0.015079083852469921
1767708922420238800;0.007232666015625;0.0220184326171875;0.994720458984375;-0.002507632365450263;0.023199861869215965;0.013524863868951797
1767708922430239000;0.0122222900390625;0.0231781005859375;0.9983673095703125;-0.0008689894457347691;0.036792103201150894;0.003906857222318649
1767708922440238800;0.0153045654296875;0.0205078125;1.000518798828125;0.002612294629216194;0.04045448079705238;-0.004277036525309086
1767708922450240300;0.014984130859375;0.018951416015625;1.002593994140625;0.0052173989824950695;0.03430870547890663;-0.005868807900696993
1767708922460240100;0.010284423828125;0.0139007568359375;1.0086822509765625;0.006187322083860636;0.02226242795586586;-0.0044996771030128
1767708922470240000;0.012603759765625;0.01177978515625;1.0113677978515625;0.0024945829063653946;0.017489511519670486;0.002385659608989954
1767708922480240000;0.0115509033203125;0.0143280029296875;1.0084075927734375;0.00022370553051587194;0.014431137591600418;-0.006645918358117342
1767708922490241000;0.0184783935546875;0.0146331787109375;1.0113525390625;0.00020160128769930452;0.017103087157011032;-0.019352925941348076
1767708922500241200;0.012237548828125;0.0171051025390625;1.010223388671875;-0.003489806316792965;0.0059540290385484695;-0.02159583941102028
1767708922510241000;0.00225830078125;0.01873779296875;1.00482177734375;-0.005373726598918438;0.007565508130937815;-0.016087356954813004
1767708922520242000;-0.006011962890625;0.0218353271484375;1.001312255859375;-0.002207760466262698;0.0161864273250103;-0.015529424883425236
1767708922530242000;-0.001129150390625;0.02001953125;1.00115966796875;-0.002757969545200467;0.01696034148335457;-0.014553642831742764
1767708922540242000;0.003173828125;0.02081298828125;0.99884033203125;-0.0024596955627202988;0.02093351073563099;-0.004541222471743822
1767708922550242000;0.0063018798828125;0.022857666015625;0.9974212646484375;-0.0018301242962479591;0.017460215836763382;0.001076982356607914
1767708922560243200;0.0117950439453125;0.023681640625;0.99664306640625;-0.003091131104156375;0.014329404570162296;0.000016777914424892515
1767708922570243000;0.01348876953125;0.025115966796875;0.9964447021484375;-0.003468234557658434;0.016648750752210617;-0.0009651295840740204
1767708922580243200;0.0111541748046875;0.0237884521484375;0.99822998046875;-0.006179599091410637;0.01631692238152027;-0.0010008158860728145
1767708922590244000;0.010406494140625;0.022674560546875;0.9990692138671875;-0.00950721837580204;0.01727858930826187;0.003703924361616373
1767708922600244000;0.007415771484375;0.022430419921875;0.997894287109375;-0.00794394314289093;0.020483171567320824;0.00888057705014944
1767708922610244000;0.0081939697265625;0.022674560546875;1.00225830078125;-0.005814213305711746;0.018701516091823578;0.009883789345622063
1767708922620245000;0.0142059326171875;0.0213623046875;1.003021240234375;-0.008071241900324821;0.012288091704249382;0.011767443269491196
1767708922630244900;0.0201873779296875;0.020172119140625;0.9977874755859375;-0.0058669438585639;0.004830707795917988;0.006293315906077623
1767708922640245000;0.0191192626953125;0.018310546875;1.0048065185546875;-0.006759102921932936;0.0065223476849496365;-0.0013784521725028753
1767708922650244900;0.012176513671875;0.0175018310546875;1.0030364990234375;-0.0047060721553862095;0.01255121175199747;-0.006642722524702549
1767708922660246000;0.009796142578125;0.019195556640625;0.9990386962890625;-0.009520268067717552;0.012652412056922913;-0.011632154695689678
1767708922670246100;0.0100860595703125;0.01800537109375;1.0020904541015625;-0.006344981025904417;0.009436111897230148;-0.012416722252964973
1767708922680246000;0.0070953369140625;0.0193634033203125;1.001617431640625;-0.008635831996798515;0.006131928414106369;-0.010399644263088703
1767708922690247200;0.00823974609375;0.0196990966796875;1.0012664794921875;-0.00977566558867693;0.0065593658946454525;-0.007409446872770786
1767708922700247000;0.0123291015625;0.0211029052734375;1.0024566650390625;-0.012706208042800426;0.0038458709605038166;0.002433063928037882
1767708922710247000;0.0150909423828125;0.02105712890625;1.003326416015625;-0.014989336021244526;-0.006690925918519497;0.00279019377194345
1767708922720247000;0.019195556640625;0.0220947265625;1.00299072265625;-0.031497206538915634;-0.02268773503601551;-0.004759867675602436
1767708922730248000;0.020172119140625;0.0154571533203125;1.0041351318359375;-0.017413610592484474;-0.037513021379709244;-0.00443895673379302
1767708922740248000;0.0102691650390625;0.0340728759765625;1.001434326171875;-0.009672867134213448;-0.019216038286685944;-0.00031904669594950974
1767708922750248000;0.006683349609375;0.02593994140625;0.99542236328125;-0.00959510263055563;-0.035474635660648346;-0.005677592940628529
1767708922760249000;0.011749267578125;0.02716064453125;1.0013275146484375;-0.006642988882958889;-0.025902437046170235;0.005756955128163099
1767708922770249200;0.006072998046875;0.0252532958984375;0.9990234375;-0.010626012459397316;-0.023313045501708984;0.004067179746925831
1767708922780249000;0.00543212890625;0.0184478759765625;0.9986572265625;-0.010820156894624233;-0.014572285115718842;0.010816162452101707
1767708922790249200;0.004974365234375;0.02264404296875;1.0026092529296875;-0.010089918039739132;-0.014547783881425858;0.00933118350803852
1767708922800250000;0.01104736328125;0.020263671875;1.001617431640625;-0.008325307630002499;-0.013952833600342274;0.0046876962296664715
1767708922810250000;0.009735107421875;0.0171661376953125;1.004241943359375;-0.008588694036006927;-0.015037006698548794;0.0024024376180022955
1767708922820250000;0.003936767578125;0.01690673828125;1.0066986083984375;-0.011449728161096573;-0.01050403993576765;0.00506932707503438
1767708922830251000;0.0007781982421875;0.0203857421875;1.0036773681640625;-0.0087820403277874;-0.003912982530891895;0.007472563534975052
1767708922840251000;0.0037994384765625;0.0218048095703125;1.0019073486328125;-0.010033459402620792;0.011447598226368427;0.004833370912820101
1767708922850251000;0.0067901611328125;0.0206756591796875;1.0009613037109375;-0.009156746789813042;0.018978217616677284;0.00015180018090177327
1767708922860252200;0.00994873046875;0.0211944580078125;1.0017547607421875;-0.008714129216969013;0.01489079836755991;-0.0027710190042853355
1767708922870252000;0.007476806640625;0.0213623046875;1.0006103515625;-0.0054094125516712666;0.014226872473955154;-0.000185888638952747
1767708922880252200;0.0048065185546875;0.0227508544921875;0.999664306640625;-0.0032226911280304193;0.008957808837294579;0.003578755771741271
1767708922890252000;0.0083465576171875;0.02392578125;0.9998626708984375;-0.000032490566809428856;0.0028181569650769234;0.004555869847536087
1767708922900253200;0.0104827880859375;0.022674560546875;1.0016326904296875;0.0002561961009632796;-0.00003808320252574049;0.005599029827862978
1767708922910253000;0.0053253173828125;0.021942138671875;1.003143310546875;-0.00415399856865406;-0.001985120354220271;0.006970824208110571
1767708922920253000;0.005462646484375;0.0245208740234375;1.0011444091796875;-0.003567836945876479;-0.006018743850290775;0.013130183331668377
1767708922930254000;0.0052947998046875;0.025482177734375;1.0014495849609375;-0.0070429956540465355;-0.010143714025616646;0.017246099188923836
1767708922940254000;0.006591796875;0.022186279296875;1.0020294189453125;-0.003513242118060589;-0.010675014927983284;0.016518788412213326
1767708922950254000;0.006744384765625;0.0224761962890625;1.0025787353515625;-0.00484189298003912;-0.008785502053797245;0.017412545159459114
1767708922960254000;0.0052490234375;0.0246429443359375;1.0020294189453125;-0.003879160387441516;-0.008808138780295849;0.017177654430270195
1767708922970255000;0.008575439453125;0.021728515625;1.0025177001953125;-0.0009960222523659468;-0.00818229652941227;0.023560186848044395
1767708922980255200;0.009307861328125;0.02313232421875;0.9989776611328125;-0.0009749832679517567;-0.004893824923783541;0.020253073424100876
1767708922990255000;0.0133056640625;0.0222930908203125;0.996826171875;-0.0006934871198609471;-0.0007850998663343489;0.014030065387487411
1767708923000256000;0.010711669921875;0.0178375244140625;0.99517822265625;-0.004278901033103466;0.005374258849769831;0.013116867281496525
1767708923010256100;0.007537841796875;0.0189666748046875;0.996307373046875;-0.004786499310284853;0.0027545075863599777;0.013203686103224754
1767708923020256000;0.0092315673828125;0.01959228515625;1.000274658203125;-0.004967061802744865;0.004144411068409681;0.013621802441775799
1767708923030257000;0.010040283203125;0.0192718505859375;0.9996185302734375;-0.004989698529243469;0.00830906257033348;0.015868445858359337
1767708923040257000;0.0047454833984375;0.0223846435546875;0.999755859375;-0.003568103304132819;0.009758355095982552;0.01432034932076931
1767708923050257000;0.0072784423828125;0.022064208984375;0.9979400634765625;-0.0027827369049191475;0.016138490289449692;0.006794789340347052
1767708923060257000;0.0090484619140625;0.0213775634765625;0.9994354248046875;-0.0024767396971583366;0.021225128322839737;0.004939631093293428
1767708923070258200;0.0043182373046875;0.020416259765625;1.002166748046875;0.00005832322858623229;0.023922909051179886;0.008788165636360645
1767708923080258000;0.0050811767578125;0.0174102783203125;1.0041961669921875;-0.0026501116808503866;0.015222894959151745;0.005823268089443445
1767708923090258200;0.0162353515625;0.0165863037109375;1.005035400390625;-0.005084507167339325;0.008793225511908531;-0.001820536912418902
1767708923100259000;0.0172119140625;0.0194244384765625;1.0057830810546875;-0.010466489009559155;0.005474926438182592;-0.006983074825257063
1767708923110259000;0.01251220703125;0.0210113525390625;1.002899169921875;-0.014255368150770664;0.004306331276893616;-0.007376689929515123
1767708923120259000;0.0052337646484375;0.023101806640625;0.9998016357421875;-0.013462278991937637;0.007014499977231026;-0.008498147130012512
1767708923130259000;0;0.0243682861328125;0.999298095703125;-0.010764497332274914;0.012693691067397594;-0.005901831202208996
1767708923140260000;-0.00439453125;0.0234222412109375;0.9981231689453125;-0.00920361839234829;0.02022058330476284;0.0041212416253983974
1767708923150260000;-0.0009613037109375;0.0272064208984375;0.999114990234375;-0.004739894066005945;0.02148052491247654;0.007184942252933979
1767708923160259800;0.00830078125;0.02764892578125;1.0026397705078125;0.0004892227007076144;0.016380837187170982;0.002028263406828046
1767708923170261200;0.01361083984375;0.025360107421875;1.002777099609375;0.00009454221435589716;0.011783422902226448;-0.0034993935842067003
1767708923180261000;0.0120086669921875;0.0256500244140625;0.9991455078125;0.00007376955909421667;0.010579407215118408;-0.0014831144362688065
1767708923190261200;0.009246826171875;0.025848388671875;0.9976043701171875;-0.0035750274546444416;0.015247928909957409;0.0003653856983873993
1767708923200261000;0.011505126953125;0.0240020751953125;0.997955322265625;-0.004061587154865265;0.017243701964616776;-0.0019744676537811756
1767708923210262000;0.0125885009765625;0.0240936279296875;1.0009613037109375;-0.0046331011690199375;0.012930446304380894;0.00015526228526141495
1767708923220262100;0.009246826171875;0.0215606689453125;1.0023345947265625;-0.0030149647500365973;0.008955677971243858;0.00443975580856204
1767708923230262000;0.0081024169921875;0.0219268798828125;1.0047454833984375;-0.0041340249590575695;0.006164152640849352;-0.000755805114749819
1767708923240263000;0.009185791015625;0.0208587646484375;1.003082275390625;-0.004619519226253033;0.006691458635032177;-0.0022831279784440994
1767708923250263000;0.0041961669921875;0.02301025390625;1.002471923828125;-0.00487092137336731;0.005393167492002249;-0.001912948559038341
1767708923260263000;0.0063018798828125;0.0236968994140625;1.00238037109375;-0.004363855812698603;0.009701895527541637;-0.00759879732504487
1767708923270264000;0.009521484375;0.024566650390625;1.0012054443359375;-0.003055977402254939;0.010776747949421406;-0.008583900518715382
1767708923280264200;0.00885009765625;0.0240631103515625;1.0020294189453125;-0.002968891989439726;0.006615824531763792;-0.004670917987823486
1767708923290264000;0.008758544921875;0.0228271484375;1.001220703125;-0.00440939562395215;-0.0010748518398031592;-0.0018016285030171275
1767708923300264200;0.009613037109375;0.022216796875;1.002838134765625;-0.004703408572822809;-0.0031792817171663046;-0.0038488004356622696
1767708923310265000;0.0109100341796875;0.0197601318359375;1.0030364990234375;-0.006613960489630699;-0.005320463329553604;-0.007821171544492245
1767708923320265000;0.0133209228515625;0.0206451416015625;1.00238037109375;-0.00631888210773468;-0.006493585649877787;-0.016077503561973572
1767708923330265000;0.0138092041015625;0.0207672119140625;1.0003814697265625;-0.006024869158864021;-0.0029459886718541384;-0.016350211575627327
1767708923340266000;0.008026123046875;0.0209197998046875;0.9996185302734375;-0.005372394807636738;-0.003665042342618108;-0.011919243261218071
1767708923350265900;0.0053863525390625;0.023834228515625;0.999114990234375;-0.0038181741256266832;-0.0029609024059027433;-0.007011570502072573
1767708923360266000;0.0073394775390625;0.0250701904296875;0.998779296875;-0.003884486621245742;-0.00216568261384964;-0.008451808243989944
1767708923370265900;0.009796142578125;0.024627685546875;0.9981231689453125;-0.0029286781791597605;-0.0006964165950194001;-0.012111257761716843
1767708923380267300;0.009613037109375;0.0258026123046875;0.9987030029296875;-0.005411010701209307;-0.0003379551344551146;-0.00848403200507164
1767708923390267100;0.0078582763671875;0.02532958984375;0.9985504150390625;-0.00177952426020056;0.0031457259319722652;-0.004614459350705147
1767708923400267000;0.0068359375;0.024749755859375;1.0031280517578125;-0.0008649947121739388;-0.005919408053159714;-0.004904477391391993
1767708923410268200;0.0139312744140625;0.0211334228515625;0.999542236328125;-0.0046876962296664715;0.0008285093936137855;0.0012658004416152835
1767708923420268000;0.009429931640625;0.0247344970703125;1.00140380859375;-0.005259476602077484;-0.0015931029338389635;0.0007531419396400452
1767708923430268200;0.0188751220703125;0.024810791015625;1.00555419921875;-0.004454935900866985;-0.0057164751924574375;-0.008443285711109638
1767708923440269000;0.0187835693359375;0.0230560302734375;1.0087738037109375;-0.0073386067524552345;-0.014374678023159504;-0.005334311630576849
1767708923450269000;0.0114288330078125;0.0225067138671875;1.006927490234375;-0.007125820033252239;-0.01600639708340168;0.0037001960445195436
1767708923460269000;0.0069427490234375;0.0248870849609375;1.004669189453125;-0.003935885615646839;-0.021267471835017204;0.0009507485083304346
1767708923470269000;0.011627197265625;0.02423095703125;1.003204345703125;-0.001228782464750111;-0.019955597817897797;-0.0027337349019944668
1767708923480270000;0.00909423828125;0.0231475830078125;1.00140380859375;-0.00015712650201749057;-0.018991533666849136;-0.0030370689928531647
1767708923490270200;0.006103515625;0.0234375;0.9999237060546875;-0.00216488353908062;-0.01678111031651497;-0.006061354652047157
1767708923500270000;0.0072784423828125;0.0233001708984375;0.996307373046875;-0.002538258908316493;-0.011345865204930305;-0.006172674708068371
1767708923510271000;0.00811767578125;0.022491455078125;0.994537353515625;-0.00330338510684669;-0.010824152268469334;-0.0033867419697344303
1767708923520271000;0.0072479248046875;0.0229034423828125;0.9949493408203125;-0.002566488226875663;-0.011998339556157589;-0.003049319377169013
1767708923530271000;0.0096435546875;0.0227203369140625;0.9948883056640625;-0.005513275973498821;-0.015535283833742142;-0.006420881487429142
1767708923540271000;0.0084381103515625;0.0244140625;1.0007781982421875;-0.0051960935816168785;-0.02063443884253502;-0.010612164624035358
1767708923550272000;0.0081024169921875;0.020660400390625;0.996673583984375;-0.004235757514834404;-0.009697102010250092;-0.008051535114645958
1767708923560272000;0.0037078857421875;0.0247039794921875;1.001312255859375;-0.00532658863812685;-0.010131996124982834;-0.013406086713075638
1767708923570272000;0.0087432861328125;0.02410888671875;1.0025634765625;-0.0016591493040323257;-0.012356800958514214;-0.01236612256616354
1767708923580273200;0.006317138671875;0.0269927978515625;1.0007476806640625;0.00031878036679700017;-0.014841530472040176;-0.010105098597705364
1767708923590273000;0.0058135986328125;0.027587890625;1.001068115234375;0.0031068436801433563;-0.021925805136561394;-0.003454652614891529
1767708923600273200;0.000030517578125;0.0261383056640625;1.007476806640625;0.004481301177293062;-0.015473498031497002;0.000949150591623038
1767708923610273000;-0.0017852783203125;0.02447509765625;1.00018310546875;0.005644303746521473;-0.011629492044448853;-0.0023638217244297266
1767708923620274200;0.0008087158203125;0.0232391357421875;1.0029449462890625;0.005431783385574818;-0.004761465825140476;0.002272208919748664
1767708923630274000;0.0032958984375;0.0238800048828125;1.000701904296875;0.0036432044580578804;-0.0004519384237937629;-0.0002247707889182493
1767708923640274000;0.010955810546875;0.0228271484375;0.9991302490234375;0.0006303702248260379;-0.00628932099789381;-0.0014660701854154468
1767708923650275000;0.0085601806640625;0.023284912109375;0.99969482421875;-0.00018508969515096396;-0.0004189152386970818;0.0006151901907287538
1767708923660275000;0.0026397705078125;0.023590087890625;1.0002593994140625;-0.0006708502769470215;0.005163602996617556;0.0024469124618917704
1767708923670275000;-0.0008087158203125;0.0210418701171875;0.9979095458984375;0.002796319080516696;0.005677592940628529;0.006921821739524603
1767708923680276200;0.000213623046875;0.02264404296875;1.000244140625;0.0027363980188965797;0.000023968450477696024;0.0012623383663594723
1767708923690276000;0.0096893310546875;0.019927978515625;1.0039215087890625;-0.0006199838826432824;-0.006551376078277826;-0.006985471583902836
1767708923700276200;0.0117950439453125;0.021728515625;1.0060882568359375;-0.0016844493802636862;-0.011589543893933296;-0.012093148194253445
1767708923710276000;0.0114898681640625;0.023162841796875;1.0056915283203125;-0.003934554290026426;-0.016771523281931877;-0.014491857029497623
1767708923720277000;0.001220703125;0.0254669189453125;0.998626708984375;-0.005120992194861174;-0.006107160821557045;-0.012224708683788776
1767708923730277000;-0.0028839111328125;0.0266265869140625;0.9982452392578125;-0.005438441410660744;-0.003628556849434972;-0.010854511521756649
1767708923740277000;-0.002532958984375;0.02557373046875;1.0023956298828125;-0.0028431906830519438;-0.0032959282398223877;-0.0019600866362452507
1767708923750278000;-0.0043182373046875;0.0266876220703125;1.00250244140625;-0.0006186523241922259;-0.0029430591966956854;0.002156361471861601
1767708923760278000;-0.002166748046875;0.0262451171875;1.0017547607421875;0.0036133769899606705;-0.0004444815858732909;0.000806138850748539
1767708923770278000;0.0022430419921875;0.0275726318359375;1.003082275390625;0.0034011229872703552;-0.004532167688012123;-0.0007752461824566126
1767708923780278000;0.0052337646484375;0.0244140625;1.0005035400390625;0.003379817819222808;-0.0028660940006375313;-0.0029374666046351194
1767708923790279200;0.0041961669921875;0.0220947265625;0.999969482421875;-0.00043782367720268667;0.001657018787227571;-0.008465389721095562
1767708923800279000;0.00189208984375;0.0218963623046875;0.997833251953125;-0.0027230822015553713;0.010396181605756283;-0.009187373332679272
1767708923810279200;-0.0004425048828125;0.0220947265625;0.9961090087890625;-0.0026133600622415543;0.010760501958429813;-0.00487172044813633
1767708923820280000;0.003082275390625;0.0232086181640625;0.997894287109375;-0.003001915058121085;0.016043148934841156;-0.0021640846971422434
1767708923830280200;0.002227783203125;0.023406982421875;0.9991912841796875;-0.003043726785108447;0.018786471337080002;-0.0002388855500612408
1767708923840280000;0.003997802734375;0.0218658447265625;1.00201416015625;-0.0021912488155066967;0.009786584414541721;-0.0005821670056320727
1767708923850280000;0.0074920654296875;0.0217742919921875;1.0051422119140625;-0.0017504957504570484;-0.0031257520895451307;0.003040530951693654
1767708923860281000;0.0076751708984375;0.0231475830078125;1.0051727294921875;-0.00005965480886516161;-0.006973753683269024;-0.0016735304379835725
1767708923870281000;0.0068511962890625;0.022247314453125;1.0008087158203125;-0.0006391586503013968;-0.013542707078158855;-0.008234494365751743
1767708923880281000;0.007781982421875;0.02008056640625;1.0021209716796875;-0.002469549188390374;-0.019476762041449547;-0.006743922829627991
1767708923890282200;0.0052490234375;0.02349853515625;1.004119873046875;-0.0033475933596491814;-0.016982445493340492;-0.007120227441191673
1767708923900282000;0.00299072265625;0.0243377685546875;1.0026702880859375;-0.0033217607997357845;-0.013688115403056145;-0.00956953689455986
1767708923910282200;0.0044708251953125;0.0228729248046875;1.0030975341796875;-0.004423776641488075;-0.007453921716660261;-0.012470518238842487
1767708923920283100;0.003387451171875;0.0236053466796875;0.99871826171875;-0.003172091208398342;-0.0009129316313192248;-0.015352324582636356
1767708923930283000;0.00164794921875;0.024566650390625;1.0005035400390625;-0.002061286708340049;0.004741491749882698;-0.014562697149813175
1767708923940283100;0.0001373291015625;0.0238800048828125;1.0003204345703125;-0.0013145363191142678;0.004119643941521645;-0.011632953770458698
1767708923950283000;0.0036468505859375;0.0234375;1.0006561279296875;-0.00024447820032946765;-0.000910268456209451;-0.004071440547704697
1767708923960284000;0.0036773681640625;0.02423095703125;1.0040283203125;0.003718305379152298;-0.0036341496743261814;-0.0012189288390800357
1767708923970284000;0.006378173828125;0.0239105224609375;1.0045623779296875;0.0021015002857893705;-0.01022920198738575;-0.0002769687562249601
1767708923980284000;0.0076141357421875;0.0220947265625;1.0050811767578125;0.002412024885416031;-0.012024705298244953;-0.002983539365231991
1767708923990285000;0.004547119140625;0.0237579345703125;1.0036468505859375;0.0021169467363506556;-0.007493069861084223;-0.006925017572939396
1767708924000285200;0.0031585693359375;0.02227783203125;0.998077392578125;0.004563592839986086;-0.004661330953240395;-0.007993211969733238
1767708924010285000;0.0054473876953125;0.023529052734375;0.9962921142578125;0.0002716424351092428;-0.0016666061710566282;-0.010290986858308315
1767708924020285200;0.00555419921875;0.0218658447265625;0.9972381591796875;-0.001118527608923614;0.0023041670210659504;-0.007734884973615408
1767708924030286000;0.00347900390625;0.022308349609375;0.9982757568359375;-0.002590723102912307;0.004078631289303303;-0.00836845114827156
1767708924040286000;0.001556396484375;0.023712158203125;0.9975128173828125;-0.0007475492893718183;0.009898170828819275;-0.010548247955739498
1767708924050286000;0.003814697265625;0.023651123046875;0.99835205078125;-0.00047883635852485895;0.004866926930844784;-0.014453507959842682
1767708924060287000;0.005615234375;0.02203369140625;1.0022125244140625;-0.0005052016349509358;-0.00381471193395555;-0.008730640634894371
1767708924070287000;0.0037994384765625;0.0235748291015625;1.003204345703125;0.00013875069271307439;-0.004210990387946367;-0.005654689855873585
1767708924080287000;0.0017547607421875;0.024261474609375;1.0008697509765625;-0.0016010924009606242;0.00039974047103896737;-0.006535930093377829
1767708924090288000;0.0015716552734375;0.0251312255859375;1.001220703125;-0.0022186795249581337;0.004111654590815306;-0.007614243775606155
1767708924100288300;0.0017242431640625;0.0243377685546875;1.0012054443359375;-0.0016551546286791563;0.0041486723348498344;-0.008799883536994457
1767708924110288100;0.001922607421875;0.02520751953125;1.0013885498046875;-0.004252535756677389;0.007120760157704353;-0.009639045223593712
1767708924120288300;0.00115966796875;0.02459716796875;1.001007080078125;-0.0031726236920803785;0.008854744024574757;-0.010931210592389107
1767708924130289200;0.0034332275390625;0.0238494873046875;1.0005950927734375;0.0004170510219410062;0.01512888539582491;-0.01537576038390398
1767708924140289000;0.004791259765625;0.024169921875;1.001617431640625;0.000031957933970261365;0.012538961134850979;-0.015664180740714073
1767708924150289200;0.0050506591796875;0.0225677490234375;1.001434326171875;-0.0008527441532351077;0.007244597189128399;-0.012897688895463943
1767708924160290000;0.0052032470703125;0.021697998046875;1.00042724609375;-0.0020695424173027277;0.004848551005125046;-0.0065678879618644714
1767708924170290000;0.00372314453125;0.0224456787109375;0.9983062744140625;-0.0020487697329372168;0.0073327478021383286;-0.0005510080372914672
1767708924180290000;0.001007080078125;0.024658203125;0.99658203125;-0.003623230615630746;0.009471000172197819;0.0003382214636076242
1767708924190290000;0.0016326904296875;0.022552490234375;0.996673583984375;-0.0034384073223918676;0.006229400169104338;-0.0006556702428497374
1767708924200291000;0.0032806396484375;0.022003173828125;1.0005950927734375;-0.002912699244916439;0.009209743700921535;-0.0031707596499472857
1767708924210291200;0.0031890869140625;0.0222625732421875;1.0005645751953125;-0.0031675638165324926;0.007492537144571543;0.0020823257509618998
1767708924220291000;0.00299072265625;0.02374267578125;0.9992828369140625;-0.0011491540353745222;0.007404386531561613;0.0024711471050977707
1767708924230292000;0.003509521484375;0.025146484375;1.000732421875;-0.0018303906545042992;0.006620352156460285;-0.0006852313526906073
1767708924240292000;0.001983642578125;0.02679443359375;1.0015869140625;0.0008037420338951051;0.01233629509806633;-0.0054482948035001755
1767708924250292000;0.002960205078125;0.0247955322265625;1.0037384033203125;0.0004146541759837419;0.013853231444954872;-0.007607585750520229
1767708924260292000;0.0016937255859375;0.021484375;1.0062255859375;0.0009552759001962841;0.015331552363932133;-0.012153069488704205
1767708924270293000;0.001434326171875;0.0182952880859375;1.006866455078125;-0.0011558119440451264;0.005629123654216528;-0.013317137025296688
1767708924280292900;0.0086669921875;0.0156707763671875;1.0083160400390625;-0.003787281457334757;-0.009574863128364086;-0.01593635603785515
1767708924290293000;0.0141143798828125;0.0173187255859375;1.0074310302734375;-0.006828611250966787;-0.023014504462480545;-0.018516426905989647
1767708924300294100;0.0077056884765625;0.0216827392578125;1.0055084228515625;-0.006843791343271732;-0.02244618721306324;-0.017366206273436546
1767708924310294300;-0.00347900390625;0.0245513916015625;1.0007781982421875;-0.006518086884170771;-0.018151307478547096;-0.012938168831169605
1767708924320294100;-0.008453369140625;0.0279541015625;0.998443603515625;-0.005549228750169277;-0.009334379807114601;-0.008599880151450634
1767708924330295000;-0.01080322265625;0.028350830078125;0.99755859375;-0.00296329939737916;-0.0034932682756334543;-0.0057436395436525345
1767708924340295200;-0.0059967041015625;0.0272216796875;0.998291015625;0.001820270554162562;-0.00021198761533014476;-0.00836978293955326
1767708924350295000;0.0005645751953125;0.02593994140625;1.0001983642578125;0.0029606360476464033;-0.0007225155713967979;-0.012231365777552128
1767708924360295200;0.0023345947265625;0.02337646484375;1.0036773681640625;0.00224930583499372;-0.007701063062995672;-0.01913134939968586
1767708924370295800;0.002960205078125;0.0207977294921875;1.0025177001953125;-0.00002902845517382957;-0.005320196971297264;-0.01872255466878414
1767708924380295700;-0.0037384033203125;0.0207061767578125;0.9977569580078125;-0.002005360322073102;0.001192829804494977;-0.01582024246454239
1767708924390295800;-0.001953125;0.02069091796875;0.9982757568359375;-0.0051683965139091015;0.0019952403381466866;-0.011751198209822178
1767708924400296700;-0.00128173828125;0.02117919921875;0.9989471435546875;-0.006490922532975674;0.004207261838018894;-0.009125054813921452
1767708924410296600;-0.002288818359375;0.0219268798828125;0.999786376953125;-0.0062941149808466434;0.003632818115875125;-0.009675797075033188
1767708924420296700;0.0000762939453125;0.021942138671875;1.0018157958984375;-0.006053365301340818;0.0009672601008787751;-0.007803328335285187
1767708924430296600;0.0017242431640625;0.020751953125;1.0027313232421875;-0.0052083441987633705;-0.002514556748792529;-0.009513610042631626
1767708924440297700;0.0032958984375;0.021087646484375;1.0032806396484375;-0.0067452541552484035;-0.00279125920496881;-0.01480770856142044
1767708924450297600;0.0044708251953125;0.021820068359375;1.0030364990234375;-0.007438208907842636;0.0007512777228839695;-0.023969514295458794
1767708924460297500;0.003997802734375;0.021209716796875;1.0019073486328125;-0.009156746789813042;0.0030565098859369755;-0.03068174608051777
1767708924470299000;0.0006866455078125;0.0205230712890625;1.0020294189453125;-0.006360427476465702;0.004342816770076752;-0.03159014880657196
1767708924480298800;-0.001983642578125;0.0202484130859375;1.000579833984375;-0.007518370170146227;0.004412058740854263;-0.030882015824317932
1767708924490298600;-0.0033721923828125;0.022064208984375;1.0028228759765625;-0.003972637467086315;0.005376921966671944;-0.02562653459608555
1767708924500298800;-0.0033416748046875;0.023956298828125;1.0052337646484375;-0.00242081331089139;0.0004037352045997977;-0.021313544362783432
1767708924510299600;0.0024261474609375;0.02301025390625;1.00299072265625;0.0003347593592479825;-0.007283479440957308;-0.019589679315686226
1767708924520299800;0.0035247802734375;0.0256195068359375;1.0032501220703125;0.0018956380663439631;-0.009100288152694702;-0.016158463433384895
1767708924530299600;-0.0001068115234375;0.0258636474609375;1.0019378662109375;0.003019491909071803;-0.008620918728411198;-0.012676646932959557
1767708924540300500;0.000091552734375;0.02581787109375;1.000946044921875;0.007801730185747147;-0.011972772888839245;-0.008986304514110088
1767708924550300700;0.0021209716796875;0.0247039794921875;1.001190185546875;0.008697884157299995;-0.00977273564785719;-0.007833422161638737
1767708924560300500;0.0003204345703125;0.023834228515625;1.0000152587890625;0.009662481024861336;-0.007134608458727598;-0.006057359743863344
1767708924570301700;-0.0014495849609375;0.0246124267578125;1.0000457763671875;0.010861968621611595;-0.00129695946816355;-0.006729009095579386
1767708924580301800;-0.000885009765625;0.023223876953125;1.000152587890625;0.008294681087136269;0.002121474128216505;-0.008129033260047436
1767708924590301700;0.0015411376953125;0.021148681640625;1.000579833984375;0.004530569538474083;0.0006082659820094705;-0.012589561752974987
1767708924600301800;0.00250244140625;0.019561767578125;1.0003204345703125;0.0030575753189623356;0.00008628641808172688;-0.014426343142986298
1767708924610302700;0.005035400390625;0.02044677734375;0.999725341796875;0.003154247999191284;0.0005315669695846736;-0.01552489772439003
1767708924620302600;0.004180908203125;0.019866943359375;0.9994964599609375;0.003608316881582141;-0.00020746025256812572;-0.012888368219137192
1767708924630302700;0.000518798828125;0.02166748046875;0.9997100830078125;0.00640916358679533;-0.00026045716367661953;-0.006903446279466152
1767708924640303600;-0.0000152587890625;0.025054931640625;1.0018310546875;0.008717059157788754;-0.0005430185701698065;-0.009681922383606434
1767708924650303500;0.0040435791015625;0.0236053466796875;1.001953125;0.009017730131745338;0.0018703379901126027;-0.009795372374355793
1767708924660303600;-0.0023040771484375;0.024566650390625;1.001434326171875;0.009506153874099255;-0.001270061475224793;-0.010025469586253166
1767708924670303500;-0.0006103515625;0.0243377685546875;1.002044677734375;0.008372978307306767;-0.003085005795583129;-0.011056645773351192
1767708924680304600;-0.001373291015625;0.02349853515625;1.0009918212890625;0.007480286993086338;-0.0027475832030177116;-0.007400924805551767
1767708924690304800;0.000274658203125;0.0238494873046875;0.998748779296875;0.008097341284155846;-0.003212304785847664;-0.013516874052584171
1767708924700304600;0.002197265625;0.0217437744140625;0.999603271484375;0.005981726106256247;-0.003930825740098953;-0.015361113473773003
1767708924710305800;-0.0048828125;0.020599365234375;1.0005340576171875;0.0047060721553862095;-0.002374474424868822;-0.00552392890676856
1767708924720305700;-0.0052642822265625;0.0199432373046875;1.001708984375;0.0037880802992731333;0.00030306773260235786;-0.004957740660756826
1767708924730305800;-0.00030517578125;0.02191162109375;1.0012054443359375;0.005279450677335262;0.0027915253303945065;-0.012446283362805843
1767708924740305700;-0.0013275146484375;0.0237274169921875;1.0015411376953125;0.004138552118092775;0.005298625212162733;-0.014989868737757206
1767708924750306600;-0.002197265625;0.0237579345703125;1.003509521484375;0.003329484025016427;0.004434429574757814;-0.011590342968702316
1767708924760306700;-0.0013275146484375;0.0245513916015625;1.00213623046875;0.00410526292398572;0.0012628709664568305;-0.0070677632465958595
1767708924770306600;-0.0035552978515625;0.0274200439453125;1.003326416015625;0.002986468840390444;0.00364719913341105;-0.00842730700969696
1767708924780307700;-0.0032806396484375;0.027801513671875;1.0016632080078125;0.004177168011665344;0.004828577395528555;-0.00851758848875761
1767708924790307800;-0.0054473876953125;0.025787353515625;1.0040130615234375;0.0033891387283802032;0.0028812738601118326;-0.0076182386837899685
1767708924800307700;-0.000213623046875;0.0226593017578125;1.0053558349609375;0.001790975802578032;0.001148355077020824;0.00012303804396651685
1767708924810308600;-0.000457763671875;0.021820068359375;1.0028533935546875;0.0014737932942807674;-0.003969441633671522;0.00729519734159112
1767708924820308700;0.0041351318359375;0.0218353271484375;0.9989776611328125;-0.00017337177996523678;-0.0048799761570990086;0.013941648416221142
1767708924830308600;0.0062103271484375;0.024871826171875;0.9959259033203125;0.00008415588672505692;-0.005148955620825291;0.011997274123132229
1767708924840308700;0.006256103515625;0.0263671875;0.997100830078125;0.0019560917280614376;-0.0015417039394378662;0.003373692510649562
1767708924850309600;0.0038604736328125;0.0247650146484375;0.9988861083984375;0.0028133634477853775;0.0018663433147594333;0.0020783308427780867
1767708924860309500;-0.001312255859375;0.0213623046875;1.00048828125;0.0034320156555622816;0.003484213724732399;0.003963049966841936
1767708924870309600;-0.0021820068359375;0.0189208984375;1.0036163330078125;0.0023273364640772343;-0.003967311233282089;0.0066650933586061
1767708924880310800;0.0038604736328125;0.0169219970703125;1.0063934326171875;0.0005744438385590911;-0.01091736275702715;0.005723399575799704
1767708924890310700;0.0057373046875;0.0194091796875;1.00372314453125;-0.003469299990683794;-0.01558268815279007;0.005155347287654877
1767708924900310800;0.00579833984375;0.0209808349609375;1.0023651123046875;-0.003174487967044115;-0.016471117734909058;-0.002522279741242528
1767708924910310700;-0.001251220703125;0.019744873046875;1.0026702880859375;-0.004322843160480261;-0.013726198114454746;-0.0009321063989773393
1767708924920311800;-0.0100860595703125;0.022369384765625;1.00079345703125;0.0005826996639370918;-0.010916563682258129;0.0016029566759243608
1767708924930311700;-0.0106353759765625;0.0222015380859375;1.0021514892578125;-0.0012253203894942999;-0.005905559752136469;0.0026674221735447645
1767708924940311600;-0.00677490234375;0.0227508544921875;1.0005950927734375;0.002743588527664542;-0.0028967203106731176;-0.002034122357144952
1767708924950312700;-0.001800537109375;0.0224761962890625;1.0021820068359375;0.006828078534454107;-0.007483216468244791;-0.006602242588996887
1767708924960312600;-0.0015869140625;0.02032470703125;1.0006256103515625;0.007538610137999058;-0.010605240240693092;-0.003466104157269001
1767708924970312700;-0.0064239501953125;0.0202484130859375;1.0002899169921875;0.0067601678892970085;-0.006631537340581417;0.00033103092573583126
1767708924980313900;-0.005126953125;0.01776123046875;0.999176025390625;0.004770786967128515;-0.0031135017052292824;-0.002924949862062931
1767708924990313700;-0.0023345947265625;0.017913818359375;0.9983367919921875;0.0032447953708469868;-0.00017843178648035973;-0.008442486636340618
1767708925000313900;0.001922607421875;0.0198822021484375;1.00103759765625;0.0005779059720225632;0.0003073287953156978;-0.010978614911437035
1767708925010313700;0.0002288818359375;0.02069091796875;1.0028076171875;0.002139050979167223;-0.0019084211671724916;-0.009168997406959534
1767708925020314600;-0.0030364990234375;0.01971435546875;1.0027008056640625;0.0006636597099713981;-0.0014527543680742383;-0.007819839753210545
1767708925030314800;-0.004180908203125;0.02008056640625;1.0015106201171875;0.0002271676348755136;-0.002323608146980405;-0.00624165078625083
1767708925040314600;-0.0073089599609375;0.018646240234375;1.0002899169921875;0.00140987744089216;0.001416269107721746;-0.00481419637799263
1767708925050315500;-0.0051727294921875;0.01995849609375;0.9965362548828125;0.0015425028977915645;0.006456567905843258;-0.002380866091698408
1767708925060315600;-0.0001678466796875;0.0216064453125;0.997100830078125;0.000004261057711119065;0.006718622520565987;-0.004493551794439554
1767708925070315500;0.0000457763671875;0.0220947265625;1.0001678466796875;0.0007693872321397066;0.0052323127165436745;-0.006699181627482176
1767708925080315600;-0.0021820068359375;0.0229949951171875;1.002166748046875;-0.0006921555614098907;0.0027305390685796738;-0.0065681543201208115
1767708925090316800;-0.003631591796875;0.0229034423828125;1.0022430419921875;-0.0015837819082662463;0.001817873795516789;-0.007115433923900127
1767708925100316700;-0.0007171630859375;0.022125244140625;1.0001678466796875;-0.0015970977256074548;0.003707652911543846;-0.0109855392947793
1767708925110316800;0.0002899169921875;0.01983642578125;0.9994964599609375;-0.004185690078884363;0.006608367897570133;-0.011297661811113358
1767708925120317700;-0.0009307861328125;0.019866943359375;1.0006256103515625;-0.0037710361648350954;0.008729841560125351;-0.0076086511835455894
1767708925130317600;-0.0015716552734375;0.0207061767578125;1.001373291015625;-0.004715126473456621;0.007257113698869944;-0.0016293219523504376
1767708925140317700;0.000091552734375;0.0218963623046875;1.0028228759765625;-0.0036828855518251657;0.0026911243330687284;0.0010902981739491224
1767708925150317600;0.00018310546875;0.0223236083984375;1.0028076171875;-0.0022796657867729664;0.0004780374001711607;0.00033688987605273724
1767708925160318700;-0.0005035400390625;0.0216064453125;1.0030059814453125;0.0004138552176300436;-0.0013608753215521574;-0.003156378399580717
1767708925170318600;0.001678466796875;0.021087646484375;1.00213623046875;-0.0002713761059567332;-0.002529470482841134;0.0007968177669681609
1767708925180318700;-0.002044677734375;0.020416259765625;1.0029144287109375;0.0006524744676426053;-0.0017145430902019143;-0.00033875409280881286
1767708925190319900;-0.0031280517578125;0.0199127197265625;0.9994049072265625;-0.0009914948605000973;0.001570998691022396;-0.00013555490295402706
1767708925200319700;-0.0021514892578125;0.018951416015625;0.9994659423828125;-0.003795803524553776;0.0014692660188302398;-0.0003145193331874907
1767708925210320000;-0.002105712890625;0.0196685791015625;0.998016357421875;-0.002588059986010194;0.006533532869070768;-0.004479969386011362
1767708925220319700;-0.0018157958984375;0.0200347900390625;0.9966888427734375;-0.00424294825643301;0.010859837755560875;-0.010943194851279259
1767708925230320600;-0.002593994140625;0.0187835693359375;0.998138427734375;-0.00657694274559617;0.013004481792449951;-0.011407117359340191
1767708925240320800;-0.001251220703125;0.018646240234375;0.999755859375;-0.004956675227731466;0.011010306887328625;-0.012140818871557713
1767708925250320600;-0.0021209716796875;0.021575927734375;1.001861572265625;-0.004960137419402599;0.004687163513153791;-0.012106730602681637
1767708925260321500;-0.0034637451171875;0.0185699462890625;1.0024261474609375;-0.0027534421533346176;0.004220843780785799;-0.0107695572078228
1767708925270321700;-0.0018768310546875;0.0196685791015625;1.0012664794921875;-0.003462641965597868;0.001255946815945208;-0.011442271992564201
1767708925280321500;-0.0020294189453125;0.0201873779296875;0.9988555908203125;-0.003680754918605089;0.0017385114915668964;-0.012746687978506088
1767708925290322700;-0.00506591796875;0.020294189453125;0.998870849609375;-0.0024112260434776545;0.0006362291751429439;-0.011394867673516273
1767708925300322800;-0.004852294921875;0.0198211669921875;0.9981231689453125;-0.0028698223177343607;-0.0005012069013901055;-0.01158608216792345
1767708925310322700;-0.0039825439453125;0.0210418701171875;0.997802734375;-0.0016298545524477959;-0.006238454952836037;-0.010837467387318611
1767708925320322800;-0.005340576171875;0.0211944580078125;0.9998016357421875;-0.002189651131629944;-0.013852166011929512;-0.012780776247382164
1767708925330323700;-0.0092010498046875;0.02264404296875;1.0000762939453125;-0.0006151901907287538;-0.013856160454452038;-0.015470302663743496
1767708925340323600;-0.0090179443359375;0.0235748291015625;0.9989013671875;-0.002180329989641905;-0.0029177593532949686;-0.021013671532273293
1767708925350323700;-0.009246826171875;0.02398681640625;0.9995269775390625;-0.0063798688352108;0.006220878101885319;-0.01564420759677887
1767708925360324600;-0.00732421875;0.0236358642578125;1.0047760009765625;-0.006281331647187471;0.0022301310673356056;-0.011114436201751232
1767708925370325800;-0.0067596435546875;0.0238037109375;1.0070037841796875;-0.005578523501753807;-0.003567304229363799;-0.00678307143971324
1767708925380326000;-0.0110015869140625;0.02459716796875;1.0063323974609375;-0.006615558639168739;-0.006572415120899677;-0.005329784471541643
1767708925390325800;-0.0100860595703125;0.023681640625;1.005615234375;-0.004218180663883686;-0.011477159336209297;-0.003626959165558219
1767708925400326700;-0.0122528076171875;0.0230255126953125;1.0095367431640625;-0.0029827402904629707;-0.01672491803765297;0.004544950556010008
1767708925410326800;-0.01275634765625;0.02239990234375;1.00732421875;0.0029553098138421774;-0.016162725165486336;0.00854581780731678
1767708925420326700;-0.0082244873046875;0.0246124267578125;1.0145111083984375;0.0022775353863835335;-0.02135349251329899;0.018139323219656944
1767708925430327600;-0.010833740234375;0.0231781005859375;1.008544921875;0.0015536881983280182;-0.02196015976369381;0.021809957921504974
1767708925440327700;-0.0071258544921875;0.0246124267578125;1.0008392333984375;0.002496713539585471;-0.025041703134775162;0.015469503588974476
1767708925450327600;-0.0045318603515625;0.025787353515625;1.0050811767578125;0.00242081331089139;-0.022407570853829384;0.013912620022892952
1767708925460327700;-0.0111083984375;0.023193359375;0.9998321533203125;0.003103115363046527;-0.012375176884233952;0.014958709478378296
1767708925470328800;-0.01507568359375;0.018524169921875;0.9967193603515625;0.0020642161834985018;-0.01071176677942276;0.017189638689160347
1767708925480328700;-0.0078582763671875;0.012908935546875;0.9974517822265625;-0.0019262643763795495;-0.014190653339028358;0.017907360568642616
1767708925490328800;-0.0006103515625;0.0136871337890625;0.998931884765625;-0.004995823837816715;-0.01793559081852436;0.015924371778964996
1767708925500329700;0.0011749267578125;0.01593017578125;0.9989013671875;-0.007424360606819391;-0.01744663529098034;0.00830693170428276
1767708925510329600;-0.004364013671875;0.0178070068359375;0.9978179931640625;-0.009764746762812138;-0.013567473739385605;0.0008932242053560913
1767708925520329700;-0.0161590576171875;0.022491455078125;0.9968719482421875;-0.00878869742155075;-0.006458431947976351;0.0012863067677244544
1767708925530330600;-0.0174560546875;0.0226287841796875;0.9981689453125;-0.007121559232473373;-0.0007981493836268783;0.0031044469214975834
1767708925540330800;-0.0137176513671875;0.022613525390625;0.9999237060546875;-0.0046693203039467335;0.001663144095800817;0.005531918257474899
1767708925550330600;-0.00885009765625;0.021881103515625;1.0013275146484375;-0.005570534151047468;-0.005998237524181604;0.01002413872629404
1767708925560330800;-0.0050506591796875;0.0216522216796875;1.0034637451171875;-0.004449609667062759;-0.014229802414774895;0.009985788725316525
1767708925570331600;-0.0045166015625;0.022552490234375;1.0043792724609375;-0.00484189298003912;-0.015363509766757488;0.011441472917795181
1767708925580331800;-0.0029144287109375;0.0232391357421875;1.001983642578125;-0.0070371367037296295;-0.011389008723199368;0.012767992913722992
1767708925590332000;-0.0001678466796875;0.02374267578125;0.999114990234375;-0.008986570872366428;-0.006228334736078978;0.010773018933832645
1767708925600332800;0.000732421875;0.02117919921875;0.999908447265625;-0.009045959450304508;-0.007715177722275257;0.010586597956717014
1767708925610332700;-0.00311279296875;0.01922607421875;0.9999237060546875;-0.011120561510324478;-0.007967911660671234;0.013500895351171494
1767708925620332800;-0.0062713623046875;0.0190582275390625;0.9992523193359375;-0.0073109096847474575;-0.005059739574790001;0.01426149345934391
1767708925630332700;-0.0045928955078125;0.0206756591796875;0.99627685546875;-0.006557235028594732;-0.00022556974727194756;0.009759154170751572
1767708925640333600;-0.0005035400390625;0.0195465087890625;0.9961090087890625;-0.0046243127435445786;0.0015592807903885841;0.007988683879375458
1767708925650333700;-0.002532958984375;0.0194091796875;0.9972991943359375;-0.006351905409246683;0.007099454756826162;0.005139101762324572
1767708925660333600;-0.0066070556640625;0.016998291015625;0.994354248046875;-0.0073234266601502895;0.007586546707898378;-0.0007076018955558538
1767708925670334500;-0.0061798095703125;0.01678466796875;0.9960479736328125;-0.010491789318621159;0.008928247727453709;-0.00965795386582613
1767708925680334800;-0.0083465576171875;0.018218994140625;0.996551513671875;-0.01254269015043974;0.014371749013662338;-0.014385596849024296
1767708925690334700;-0.01019287109375;0.018463134765625;0.997802734375;-0.01110671367496252;0.01673423871397972;-0.014577611349523067
1767708925700335600;-0.0070648193359375;0.0174102783203125;0.997833251953125;-0.012767726555466652;0.016518522053956985;-0.01594487763941288
1767708925710335700;-0.003265380859375;0.018218994140625;0.9980316162109375;-0.011326423846185207;0.018488995730876923;-0.017835456877946854
1767708925720335600;-0.0041656494140625;0.020538330078125;0.997711181640625;-0.01224441546946764;0.020240556448698044;-0.023443806916475296
1767708925730335700;0.0003662109375;0.0214691162109375;0.999908447265625;-0.013293168507516384;0.023496802896261215;-0.027959195896983147
1767708925740336600;0.0010833740234375;0.0196075439453125;1.0035552978515625;-0.011750399135053158;0.021401695907115936;-0.025110412389039993
1767708925750336800;0.001129150390625;0.02032470703125;1.00531005859375;-0.010144246742129326;0.015967248007655144;-0.02262754738330841
1767708925760336600;-0.002197265625;0.020904541015625;1.0080718994140625;-0.00785818975418806;0.008926915936172009;-0.019413111731410027
1767708925770337500;-0.0048370361328125;0.021697998046875;1.00933837890625;-0.006740993354469538;0.0020730046089738607;-0.01907196082174778
1767708925780337700;-0.0043487548828125;0.023651123046875;1.0084381103515625;-0.006741259712725878;0.0009211873984895647;-0.018081266433000565
1767708925790337800;-0.004425048828125;0.0268096923828125;1.0045013427734375;-0.007684551179409027;0.002730805426836014;-0.0195515975356102
1767708925800337700;-0.0063323974609375;0.0253143310546875;0.9996185302734375;-0.008262723684310913;0.005906624719500542;-0.027060380205512047
1767708925810338800;-0.002166748046875;0.024017333984375;0.997528076171875;-0.009732255712151527;0.00705711031332612;-0.03207191452383995
1767708925820338700;-0.0044403076171875;0.02410888671875;0.99603271484375;-0.011443602852523327;0.010793259367346764;-0.03133049234747887
1767708925830338800;-0.007537841796875;0.02484130859375;0.9949493408203125;-0.010391920804977417;0.018991000950336456;-0.03165379911661148
1767708925840339700;-0.0071258544921875;0.0235748291015625;0.9952545166015625;-0.008589226752519608;0.02226828783750534;-0.028677716851234436
1767708925850339600;-0.00885009765625;0.0218353271484375;0.996917724609375;-0.005842442624270916;0.02383742295205593;-0.024440094828605652
1767708925860339700;-0.0055389404296875;0.0203094482421875;1.001251220703125;-0.004099936690181494;0.02028796076774597;-0.025053154677152634
1767708925870339600;-0.0047149658203125;0.0217437744140625;1.0045318603515625;-0.0027893949300050735;0.017139306291937828;-0.022360699251294136
1767708925880340500;-0.0048980712890625;0.0239105224609375;1.0042724609375;-0.0008122641011141241;0.014026602730154991;-0.01936810463666916
1767708925890340900;-0.0020904541015625;0.02532958984375;1.00421142578125;-0.00030413299100473523;0.01284815464168787;-0.020379306748509407
1767708925900340700;-0.0016021728515625;0.024658203125;1.0020904541015625;-0.0017329188995063305;0.007450459524989128;-0.021456556394696236
1767708925910341600;-0.002838134765625;0.021575927734375;1.002471923828125;-0.0006838997360318899;0.008334895595908165;-0.020983578637242317
1767708925920341800;-0.004791259765625;0.0196685791015625;1.0026702880859375;-0.004096208140254021;0.013175989501178265;-0.01918887533247471
1767708925930341600;-0.00616455078125;0.0200653076171875;1.0029296875;-0.0026045716367661953;0.017114005982875824;-0.019949739798903465
1767708925940342800;-0.008392333984375;0.0213623046875;1.0024566650390625;-0.004165716469287872;0.02136947028338909;-0.01515897922217846
1767708925950342700;-0.0087432861328125;0.0216827392578125;1.0041961669921875;-0.0034442662727087736;0.023388147354125977;-0.01841522566974163
1767708925960342500;-0.0035400390625;0.0199737548828125;1.0034942626953125;-0.0010181264951825142;0.009207346476614475;-0.018984876573085785
1767708925970342700;0.0008087158203125;0.02056884765625;1.00543212890625;-0.00009134642459684983;0.01079725380986929;-0.010413758456707
1767708925980343600;-0.0093231201171875;0.0210723876953125;1.0015716552734375;0.001817341079004109;0.021890118718147278;-0.013962420634925365
1767708925990343700;-0.0010223388671875;0.021087646484375;0.9991302490234375;0.0007717840489931405;0.015188007615506649;-0.012804744765162468
1767708926000343800;-0.0003509521484375;0.0178985595703125;0.99810791015625;0.00301762786693871;0.01913774199783802;-0.009210010059177876
1767708926010344700;-0.00323486328125;0.0170135498046875;0.9965972900390625;0.002734533743932843;0.0205145962536335;-0.011463576927781105
1767708926020344800;0.002410888671875;0.014984130859375;0.9989013671875;0.0032354744616895914;0.017115071415901184;-0.01275734044611454
1767708926030344700;0.0047454833984375;0.0166015625;0.9990997314453125;0.002281530061736703;0.016338227316737175;-0.01612544059753418
1767708926040344800;0.0019989013671875;0.0202178955078125;0.998779296875;0.0023459785152226686;0.019954001531004906;-0.01811029389500618
1767708926050345700;-0.0013275146484375;0.022552490234375;1.000152587890625;0.004706338047981262;0.025913355872035027;-0.015075888484716415
1767708926060345600;-0.0039825439453125;0.02191162109375;1.0035552978515625;0.0076035913079977036;0.0292377807199955;-0.013830594718456268
1767708926070345700;-0.00384521484375;0.0186309814453125;1.00439453125;0.006725280545651913;0.023507989943027496;-0.017591776326298714
1767708926080346600;-0.0000762939453125;0.01593017578125;1.0057525634765625;0.007369499187916517;0.019224029034376144;-0.01787780039012432
1767708926090346500;0.000091552734375;0.0150146484375;1.0060577392578125;0.0060030315071344376;0.013059609569609165;-0.010369816794991493
1767708926100347000;0.0058135986328125;0.0184326171875;1.0019683837890625;0.0030839405953884125;0.01056236308068037;-0.024744760245084763
1767708926110347800;0.00433349609375;0.021514892578125;1.001800537109375;0.004070375580340624;0.01962004043161869;-0.02780499868094921
1767708926120347600;-0.00677490234375;0.0248260498046875;1.0012054443359375;0.0046360306441783905;0.025227591395378113;-0.023549534380435944
1767708926130347800;-0.005523681640625;0.0233154296875;1.000091552734375;0.004554538056254387;0.01944320648908615;-0.017300426959991455
1767708926140347600;-0.005767822265625;0.021575927734375;1.0032806396484375;0.006084257736802101;0.01829405315220356;-0.019702864810824394
1767708926150348500;-0.004608154296875;0.021759033203125;1.0027313232421875;0.008041414432227612;0.026991937309503555;-0.018072742968797684
1767708926160348700;-0.0019073486328125;0.022857666015625;1.0025634765625;0.010882741771638393;0.032642632722854614;-0.013737649656832218
1767708926170348500;-0.0012664794921875;0.023162841796875;0.9985809326171875;0.011313906870782375;0.03368126600980759;-0.014260162599384785
1767708926180349700;0.001556396484375;0.0240325927734375;0.9937286376953125;0.01130751520395279;0.038963910192251205;-0.018193650990724564
1767708926190349600;0.0050048828125;0.020172119140625;0.99713134765625;0.009161540307104588;0.03712766245007515;-0.024947427213191986
1767708926200349700;0.0052337646484375;0.019287109375;0.99871826171875;0.006874950136989355;0.03544560819864273;-0.022010760381817818
1767708926210349800;0.0000457763671875;0.0198211669921875;0.999755859375;0.003656253917142749;0.03305142745375633;-0.01671932451426983
1767708926220350700;-0.000579833984375;0.019805908203125;1.0034942626953125;0.0035337484441697598;0.029825540259480476;-0.01372460089623928
1767708926230350800;-0.000701904296875;0.019500732421875;1.00445556640625;0.005304484162479639;0.03056829608976841;-0.013373595662415028
1767708926240350700;-0.0014190673828125;0.0205535888671875;1.0037994384765625;0.0051681301556527615;0.028206337243318558;-0.01245400682091713
1767708926250351600;0.00323486328125;0.0170745849609375;1.001983642578125;0.007830758579075336;0.028546156361699104;-0.015452992171049118
1767708926260351700;0.0048065185546875;0.01934814453125;1.0025177001953125;0.0112236263230443;0.02768142893910408;-0.01865837350487709
1767708926270351600;0.0042572021484375;0.020538330078125;1.0012969970703125;0.01056023221462965;0.02731630951166153;-0.01847381517291069
1767708926280351700;0.0003814697265625;0.0224609375;1.000091552734375;0.012396481819450855;0.033677536994218826;-0.016029300168156624
1767708926290352600;-0.000091552734375;0.0233306884765625;0.9985809326171875;0.01176051888614893;0.038121286779642105;-0.015304121188819408
1767708926300352500;0.00616455078125;0.0224761962890625;0.9986572265625;0.008164453320205212;0.03887283056974411;-0.024091754108667374
1767708926310353000;0.0107269287109375;0.020050048828125;1.0028533935546875;0.00361683894880116;0.0344700925052166;-0.02875787764787674
1767708926320353800;0.009552001953125;0.0189208984375;1.00177001953125;-0.0003709783486556262;0.029936859384179115;-0.026522420346736908
1767708926330353700;0.0048065185546875;0.0203704833984375;1.000579833984375;0.00043356261448934674;0.03123861365020275;-0.021393172442913055
1767708926340353800;0.0026702880859375;0.0223541259765625;1.0009765625;-0.0018471685471013188;0.032172318547964096;-0.017481256276369095
1767708926350354700;0.003082275390625;0.025115966796875;1.0023956298828125;0.00017204020696226507;0.03635933995246887;-0.01732839085161686
1767708926360354600;0.003814697265625;0.023223876953125;1.0032958984375;0.0018993664998561144;0.03557397425174713;-0.016209596768021584
1767708926370354200;0.00244140625;0.024078369140625;1.00238037109375;0.003207244910299778;0.036192625761032104;-0.006405435036867857
1767708926380354000;0.00445556640625;0.022796630859375;1.0013275146484375;0.004927114117890596;0.030407439917325974;0.0002711098059080541
1767708926390355200;0.0064849853515625;0.0210113525390625;1.002105712890625;0.004513525404036045;0.02618446573615074;-0.001282045734114945
1767708926400355000;0.006866455078125;0.021514892578125;1.006103515625;0.005495699122548103;0.025053953751921654;-0.0019896477460861206
1767708926410355200;0.0072021484375;0.02044677734375;1.0065460205078125;0.003157177474349737;0.022293588146567345;-0.0054735951125621796
1767708926420356000;0.005462646484375;0.0190887451171875;1.005645751953125;0.004566255956888199;0.017250359058380127;-0.003681021276861429
1767708926430356000;0.00567626953125;0.0213470458984375;1.004852294921875;0.0041132522746920586;0.01398452464491129;0.0022205437999218702
1767708926440356000;0.00579833984375;0.0219879150390625;1.0031890869140625;0.0006559365428984165;0.012382900342345238;0.006658968050032854
1767708926450356000;0.006134033203125;0.0205078125;1.001007080078125;-0.0014183996245265007;0.009489641524851322;0.005144428461790085
1767708926460356900;0.008148193359375;0.020294189453125;0.999053955078125;-0.0020213392563164234;0.011345865204930305;0.003841343568637967
1767708926470357200;0.005279541015625;0.02001953125;0.9939727783203125;-0.0024650217965245247;0.01509852521121502;0.006588127929717302
1767708926480357000;0.00323486328125;0.019622802734375;0.99365234375;-0.00023808660625945777;0.013653228059411049;0.020927919074892998
1767708926490358000;0.0060882568359375;0.0204315185546875;0.9926910400390625;0.00133850472047925;0.01503807120025158;0.02178572304546833
1767708926500358100;0.0044708251953125;0.022430419921875;0.996246337890625;0.004724713973701;0.014174141921103;0.025053687393665314
1767708926510358000;0.005096435546875;0.022186279296875;0.999481201171875;0.005376123357564211;0.009019860066473484;0.023937024176120758
1767708926520359000;0.0078277587890625;0.0208892822265625;1.0040283203125;0.006872553378343582;0.008154332637786865;0.019363312050700188
1767708926530359000;0.0070343017578125;0.020538330078125;1.0050506591796875;0.006806507240980864;0.013609818182885647;0.015920376405119896
1767708926540359000;0.0079193115234375;0.0197601318359375;1.0017242431640625;0.007231281138956547;0.01696966215968132;0.015205850824713707
1767708926550359000;0.0115966796875;0.019439697265625;1.0031890869140625;0.0051681301556527615;0.01822427660226822;0.012055597268044949
1767708926560360000;0.012969970703125;0.016265869140625;1.0008087158203125;0.0016437029698863626;0.019782759249210358;0.009762349538505077
1767708926570360000;0.013031005859375;0.015350341796875;0.99969482421875;0.0015712650492787361;0.01859845221042633;0.008745821192860603
1767708926580360200;0.010406494140625;0.0165252685546875;1.0023956298828125;0.002895655110478401;0.019106050953269005;0.012343218550086021
1767708926590361000;0.01153564453125;0.0197296142578125;1.0020751953125;0.004441619850695133;0.02328241989016533;0.01124999113380909
1767708926600361200;0.01019287109375;0.02166748046875;1.0011138916015625;0.0051742554642260075;0.024658741429448128;0.011351990513503551
1767708926610361000;0.009613037109375;0.01983642578125;1.002349853515625;0.006879211403429508;0.0236443430185318;0.013146694749593735
1767708926620362000;0.009979248046875;0.0179290771484375;0.9999542236328125;0.006702111102640629;0.02605397067964077;0.01299303025007248
1767708926630362000;0.01129150390625;0.01959228515625;1.000335693359375;0.006389988586306572;0.02725106105208397;0.014786402694880962
1767708926640362000;0.01214599609375;0.0208892822265625;0.9977264404296875;0.005600095260888338;0.025404425337910652;0.014799985103309155
1767708926650362000;0.01055908203125;0.0240936279296875;0.9968414306640625;0.006067746318876743;0.03368658944964409;0.008490423671901226
1767708926660363000;0.010040283203125;0.02410888671875;0.997650146484375;0.006339122075587511;0.0486982986330986;0.0021547635551542044
1767708926670363000;0.007598876953125;0.0203399658203125;1.000732421875;0.0070552462711930275;0.054310109466314316;0.0026551715563982725
1767708926680363300;0.010467529296875;0.0193634033203125;1.005523681640625;0.007678958587348461;0.04869456961750984;0.005539641249924898
1767708926690364200;0.012298583984375;0.015777587890625;1.007904052734375;0.0019033611752092838;0.030888672918081284;0.005959089379757643
1767708926700364000;0.019012451171875;0.01409912109375;1.008544921875;-0.0029049760196357965;0.013964817859232426;0.0027337349019944668
1767708926710364200;0.01947021484375;0.0182037353515625;1.00537109375;-0.007032875902950764;0.005505020264536142;-0.0036368127912282944
1767708926720364000;0.0146331787109375;0.0203857421875;1.0044097900390625;-0.009198292158544064;0.0017512947088107467;-0.003197923768311739
1767708926730365000;0.0074462890625;0.0217132568359375;1.0024871826171875;-0.00911679957062006;-0.00686190091073513;0.002805373864248395
1767708926740365000;0.00433349609375;0.0200042724609375;1.0017242431640625;-0.006048038601875305;-0.008171643130481243;0.010863566771149635
1767708926750365000;0.000946044921875;0.0203704833984375;1.0009613037109375;-0.0035172367934137583;-0.009280583821237087;0.0187811441719532
1767708926760366000;0.00286865234375;0.02081298828125;0.997039794921875;0.00045087316539138556;-0.005387308541685343;0.01708737388253212
1767708926770366000;0.0077362060546875;0.022857666015625;0.996551513671875;0.002039981307461858;-0.0004450142150744796;0.01685727760195732
1767708926780366000;0.0093231201171875;0.022125244140625;0.997100830078125;0.0004293015517760068;0.006656038574874401;0.014943529851734638
1767708926790367200;0.011627197265625;0.0220947265625;0.9958648681640625;-0.003028813051059842;0.014327273704111576;0.01787061057984829
1767708926800367000;0.0123291015625;0.019378662109375;0.995330810546875;-0.00469541922211647;0.018459169194102287;0.018019746989011765
1767708926810367200;0.0143890380859375;0.0185089111328125;0.997344970703125;-0.007472297176718712;0.017857028171420097;0.01184866949915886
1767708926820367000;0.017059326171875;0.0187530517578125;1.0006103515625;-0.007635549176484346;0.009103483520448208;0.004435494542121887
1767708926830368000;0.014862060546875;0.0167694091796875;1.003265380859375;-0.005547364708036184;0.00621182331815362;0.0014644722687080503
1767708926840368000;0.0098876953125;0.0175323486328125;1.002838134765625;-0.003745469730347395;0.0054339137859642506;0.004325239919126034
1767708926850368000;0.0093231201171875;0.018463134765625;1.0051422119140625;-0.0041305627673864365;0.006657636258751154;0.002365685999393463
1767708926860369000;0.0100860595703125;0.0169677734375;1.004638671875;-0.0064776064828038216;0.009769273921847343;-0.002841326640918851
1767708926870369000;0.0112762451171875;0.01507568359375;1.001708984375;-0.006970291491597891;0.009371663443744183;-0.004208060912787914
1767708926880369000;0.0120697021484375;0.0162506103515625;1.003326416015625;-0.008170312270522118;0.00791704561561346;-0.001549959764815867
1767708926890369300;0.01129150390625;0.0189361572265625;1.002777099609375;-0.007224623579531908;0.005995308049023151;-0.0029430591966956854
1767708926900370200;0.011993408203125;0.017486572265625;1.0031280517578125;-0.00570049649104476;0.010192450135946274;-0.005375057924538851
1767708926910370000;0.0091400146484375;0.0202178955078125;0.9991455078125;-0.00544430036097765;0.006758037488907576;-0.0041010016575455666
1767708926920370200;0.011474609375;0.0195770263671875;1.005615234375;-0.01678084395825863;0.008678709156811237;-0.001374457380734384
1767708926930371000;0.007781982421875;0.023956298828125;0.990447998046875;-0.01763278990983963;0.019762519747018814;-0.001392300589941442
1767708926940371000;0.00933837890625;0.0220794677734375;0.995758056640625;-0.011406052857637405;0.007388141471892595;-0.000940095866099
1767708926950371000;0.0151214599609375;0.0308380126953125;1.0036773681640625;-0.014822621829807758;0.011888617649674416;-0.0016042882343754172
1767708926960372000;0.013092041015625;0.018798828125;1.0030670166015625;-0.014827948063611984;0.006746053230017424;-0.010011621750891209
1767708926970371800;0.01348876953125;0.021270751953125;1.0051727294921875;-0.007541539613157511;0.0020240023732185364;-0.00027510453946888447
1767708926980372000;0.008087158203125;0.0221099853515625;1.00872802734375;-0.006019809283316135;0.0036330842413008213;0.005602758377790451
1767708926990372000;0.0069732666015625;0.0199737548828125;1.004638671875;-0.007388407830148935;0.000791491474956274;0.01176557969301939
1767708927000373200;0.01300048828125;0.019012451171875;0.995635986328125;0.00036964676110073924;-0.0011771172285079956;0.006105829495936632
1767708927010373000;0.01763916015625;0.0217437744140625;1.0032958984375;0.00026285400963388383;-0.008913333527743816;0.005675196181982756
1767708927020373000;0.01495361328125;0.022186279296875;1.002593994140625;0.0008990831556729972;-0.012024438939988613;0.005131911486387253
1767708927030374100;0.0138092041015625;0.021240234375;1.0010986328125;-0.00036964676110073924;-0.012622584588825703;0.0017893778858706355
1767708927040374000;0.0135955810546875;0.0208740234375;1.0004425048828125;-0.0007526093395426869;-0.013030847534537315;-0.002156095113605261
1767708927050374100;0.0126495361328125;0.020538330078125;1.0006866455078125;-0.001279116258956492;-0.009771670214831829;-0.006432066671550274
1767708927060374000;0.010986328125;0.02099609375;1.0015106201171875;0.00009427589975530282;-0.0028884646017104387;-0.006944458931684494
1767708927070375000;0.0091400146484375;0.0198516845703125;1.0011749267578125;0.000570981705095619;-0.0005502090789377689;-0.0019185412675142288
1767708927080375000;0.01324462890625;0.0195770263671875;1.0022125244140625;0.00039175100391730666;-0.00785792339593172;-0.00034940673504024744
1767708927090375000;0.01519775390625;0.0194549560546875;1.0037689208984375;0.00043888893560506403;-0.00948245171457529;-0.002034655073657632
1767708927100376000;0.011688232421875;0.0191650390625;1.003814697265625;0.0020096213556826115;-0.0043619913049042225;-0.000176301269675605
1767708927110376200;0.010528564453125;0.0185089111328125;1.0008697509765625;0.0033401367254555225;-0.004707669839262962;0.0008620652370154858
1767708927120376000;0.01031494140625;0.0183563232421875;1.000457763671875;0.0032296155113726854;-0.003138801548629999;0.005028314422816038
1767708927130377000;0.0120391845703125;0.0180511474609375;0.998779296875;0.0007137271459214389;-0.0070366039872169495;0.0020482372492551804
1767708927140377000;0.0129547119140625;0.0213775634765625;1.0020904541015625;0.0002998719282913953;0.0013486248208209872;0.010749050416052341
1767708927150377000;0.0169677734375;0.02069091796875;0.999298095703125;-0.001139033935032785;0.0024029703345149755;0.008386560715734959
1767708927160377000;0.0219268798828125;0.0218505859375;0.9970550537109375;-0.00180881901178509;-0.002767024328932166;0.007271495182067156
1767708927170378000;0.017852783203125;0.0236968994140625;0.997161865234375;-0.0028727517928928137;-0.003808320267125964;0.006454969756305218
1767708927180377900;0.0137939453125;0.0251922607421875;0.9932403564453125;-0.0002846919232979417;0.005183043889701366;0.0028519791085273027
1767708927190378000;0.0118560791015625;0.0281219482421875;0.99615478515625;0.008212389424443245;0.013509416952729225;0.0019449065439403057
1767708927200379100;0.0120086669921875;0.0291595458984375;1.0013275146484375;0.0049071405082941055;0.01938062161207199;-0.0006522081675939262
1767708927210379000;0.01702880859375;0.0113067626953125;0.9970245361328125;0.004626177251338959;0.0067575047723948956;0.0023877902422100306
1767708927220379100;0.0207366943359375;0.015594482421875;1.0065765380859375;0.0011440940434113145;0.0009653958841226995;0.01113387756049633
1767708927230379000;0.0184326171875;0.0145111083984375;1.00335693359375;0.0014594122767448425;-0.00245143985375762;0.006864031311124563
1767708927240380200;0.01904296875;0.017608642578125;1.0011138916015625;-0.0002767024270724505;-0.00031425300403498113;-0.0023214775137603283
1767708927250380000;0.014678955078125;0.0193634033203125;0.9979705810546875;-0.00035446672700345516;0.006191316992044449;-0.004945223685353994
1767708927260380000;0.0064544677734375;0.0197296142578125;0.9969329833984375;0.0018162758788093925;0.003916977439075708;-0.0006956176948733628
1767708927270381000;0.0089874267578125;0.0198822021484375;1.00213623046875;0.0033747577108442783;0.003652791725471616;-0.0028250813484191895
1767708927280381000;0.00909423828125;0.017425537109375;1.006103515625;0.0006048039067536592;-0.005073588341474533;-0.0031784826423972845
1767708927290381000;0.0175323486328125;0.0183563232421875;1.0039520263671875;-0.004197141621261835;-0.01185106672346592;-0.0072930664755403996
1767708927300382200;0.0200958251953125;0.0182342529296875;1.003082275390625;-0.005974003113806248;-0.012577843852341175;-0.012164254672825336
1767708927310382000;0.0169219970703125;0.01983642578125;1.0004730224609375;-0.0076153092086315155;-0.01537815760821104;-0.010452641174197197
1767708927320382200;0.0085906982421875;0.0232391357421875;0.996917724609375;-0.004508465528488159;-0.013581855222582817;-0.00672155199572444
1767708927330382000;0.0049591064453125;0.023406982421875;0.9975128173828125;-0.0011414308100938797;-0.009091765619814396;-0.003078347770497203
1767708927340383000;0.003082275390625;0.022674560546875;0.99737548828125;0.0035776905715465546;-0.004060255363583565;0.0025331987999379635
1767708927350383000;0.007293701171875;0.0231170654296875;0.9985504150390625;0.005081577692180872;-0.006591323763132095;0.004240285139530897
1767708927360383000;0.0118255615234375;0.0221405029296875;1.0010986328125;0.012340023182332516;0.0002942793071269989;0.006549512036144733
1767708927370384400;0.0111846923828125;0.024139404296875;1.0048370361328125;-0.003952131140977144;-0.00315930787473917;0.003940146882086992
1767708927380384500;0.0091094970703125;0.0167388916015625;0.9895477294921875;-0.0017323862994089723;0.004508731886744499;-0.000013315805517777335
1767708927390384400;0.0089111328125;0.02410888671875;0.998321533203125;-0.006679208017885685;0.008744489401578903;-0.006918360013514757
1767708927400385300;0.0131072998046875;0.0173797607421875;0.9964599609375;-0.007363640237599611;0.009163937531411648;-0.0034266894217580557
1767708927410385400;0.0099334716796875;0.0169219970703125;1.00091552734375;-0.008226504549384117;0.008756740018725395;-0.004186489153653383
1767708927420385300;0.0096282958984375;0.0187225341796875;1.0021514892578125;-0.0054155378602445126;0.007695736363530159;0.00017230652156285942
1767708927430385400;0.0111846923828125;0.0205841064453125;1.0046234130859375;-0.0019688750617206097;0.0026130937039852142;0.0009068063227459788
1767708927440386600;0.0104522705078125;0.0218353271484375;1.006256103515625;-0.0016674051294103265;0.0002798982313834131;0.003582750679925084
1767708927450386400;0.0079345703125;0.0234832763671875;1.0046844482421875;-0.000969656917732209;0.0009534116834402084;0.006070409435778856
1767708927460386600;0.0073394775390625;0.022552490234375;1.0007171630859375;-0.00010386328358436003;0.006369215901941061;0.0025510420091450214
1767708927470387500;0.00738525390625;0.0230560302734375;1.000946044921875;0.0006170544074848294;0.013139504007995129;-0.007710916455835104
1767708927480387300;0.0088043212890625;0.020294189453125;1.0026092529296875;-0.0010037453612312675;0.012018313631415367;-0.011856392957270145
1767708927490387500;0.0098114013671875;0.018035888671875;1.0015869140625;-0.0024916534312069416;0.011001517996191978;-0.013323795050382614
1767708927500387300;0.0073089599609375;0.0179443359375;1.0002288818359375;-0.0018780612153932452;0.0093892402946949;-0.0156474020332098
1767708927510388500;0.0110626220703125;0.0179595947265625;0.99945068359375;-0.004602208733558655;0.00612367270514369;-0.012543488293886185
1767708927520388400;0.008056640625;0.0186004638671875;0.9993743896484375;-0.00478410255163908;0.004811266902834177;-0.006582801695913076
1767708927530388500;0.0081787109375;0.022186279296875;1.0023193359375;0.000565389113035053;0.009735718369483948;-0.007162838242948055
1767708927540389600;0.0103759765625;0.02197265625;1.006591796875;-0.008810802362859249;0.008593488484621048;0.004579039290547371
1767708927550389500;0.0053253173828125;0.0208740234375;0.997772216796875;-0.005888249259442091;0.0028937908355146646;0.001970472978428006
1767708927560389600;0.011627197265625;0.0216064453125;1.00384521484375;-0.008315720595419407;-0.00024288028362207115;0.004548945464193821
1767708927570389500;0.0102081298828125;0.019439697265625;1.0038299560546875;-0.003245061729103327;-0.005592105444520712;0.003108974313363433
1767708927580390400;0.0118560791015625;0.0202484130859375;1.00537109375;-0.0049705239944159985;-0.011624432168900967;-0.0041033984161913395
1767708927590390500;0.01263427734375;0.0200042724609375;1.004547119140625;-0.0043803672306239605;-0.014081730507314205;-0.009588445536792278
1767708927600390400;0.0132293701171875;0.0194091796875;1.00543212890625;-0.0062248725444078445;-0.010987670160830021;-0.015539544634521008
1767708927610391300;0.011322021484375;0.0175933837890625;1.001373291015625;-0.008284561336040497;-0.012916863895952702;-0.01684502698481083
1767708927620391400;0.011566162109375;0.0192718505859375;0.9998321533203125;-0.00827683787792921;-0.01107315719127655;-0.016165386885404587
1767708927630391300;0.0071258544921875;0.0177154541015625;0.99896240234375;-0.011237740516662598;-0.008530370891094208;-0.015785621479153633
1767708927640392400;0.005828857421875;0.0193023681640625;1.000213623046875;-0.011113637126982212;-0.004662395920604467;-0.014692925848066807
1767708927650392600;0.0076446533203125;0.0218048095703125;0.999725341796875;-0.012180233374238014;-0.006797985173761845;-0.01450117863714695
1767708927660392400;0.0111846923828125;0.0204925537109375;0.9991607666015625;-0.00965529028326273;-0.006843791343271732;-0.015570970252156258
1767708927670392600;0.0099334716796875;0.0225982666015625;1.001129150390625;-0.008462727069854736;-0.0111634386703372;-0.011680091731250286
1767708927680393500;0.0075225830078125;0.02313232421875;1.001556396484375;-0.007879761047661304;-0.01618482917547226;-0.009945308789610863
1767708927690393300;0.004852294921875;0.0229949951171875;1.001678466796875;-0.00890720821917057;-0.014357633888721466;-0.007836351171135902
1767708927700393500;0.0038604736328125;0.02288818359375;1.0003662109375;-0.010538927279412746;-0.010427873581647873;-0.007053382229059935
1767708927710394400;0.0049285888671875;0.0228118896484375;0.999114990234375;-0.011057178489863873;-0.008393218740820885;-0.005209941882640123
1767708927720394500;0.00543212890625;0.0222015380859375;1.0009307861328125;-0.010280068032443523;-0.005270129535347223;-0.0019656792283058167
1767708927730394400;0.004302978515625;0.0222015380859375;0.9997711181640625;-0.01196957752108574;-0.004058391321450472;-0.002350239548832178
1767708927740395500;0.0063323974609375;0.021820068359375;1.0014801025390625;-0.012663064524531364;-0.003579288488253951;-0.0034346787724643946
1767708927750395600;0.00799560546875;0.0214691162109375;1.0000762939453125;-0.013333382084965706;-0.0009177253232337534;-0.0018636800814419985
1767708927760395500;0.0085296630859375;0.022247314453125;0.9989471435546875;-0.012238822877407074;0.000434361572843045;-0.001303084660321474
1767708927770395400;0.0122528076171875;0.0245819091796875;1.0003204345703125;-0.013018596917390823;-0.0019001654582098126;-0.006943393498659134
1767708927780396500;0.0113067626953125;0.022430419921875;1.0032958984375;-0.013918745331466198;-0.0036195022985339165;-0.007214237004518509
1767708927790396400;0.0081939697265625;0.0203704833984375;1.0034942626953125;-0.013568272814154625;-0.010283263400197029;-0.0025129588320851326
1767708927800396500;0.0089874267578125;0.0200042724609375;1.0044097900390625;-0.014401043765246868;-0.011117099784314632;0.0014327806420624256
1767708927810397400;0.0112457275390625;0.0190277099609375;1.00164794921875;-0.011180749163031578;-0.01582583412528038;-0.0004471447318792343
1767708927820397300;0.0124664306640625;0.0205230712890625;0.9992218017578125;-0.008725048042833805;-0.014989336021244526;-0.0026589001063257456
1767708927830397400;0.012786865234375;0.02386474609375;0.9989471435546875;-0.007002249360084534;-0.008705074898898602;-0.007796670310199261
1767708927840397300;0.0110015869140625;0.0242462158203125;0.998046875;-0.001942776027135551;-0.001582982949912548;-0.01113307848572731
1767708927850398500;0.0040130615234375;0.019866943359375;1.0008544921875;0.0012572783743962646;0.0002812298189383;-0.004867193289101124
1767708927860398600;-0.002471923828125;0.0196990966796875;1.002166748046875;-0.0017092167399823666;-0.004947354551404715;-0.001752093667164445
1767708927870398500;0.006744384765625;0.0192108154296875;1.0043487548828125;-0.004322310443967581;-0.013970943167805672;-0.004780107643455267
1767708927880399400;0.0157928466796875;0.020538330078125;1.0053253173828125;-0.010790063068270683;-0.015294267795979977;-0.007485346868634224
1767708927890399500;0.0124969482421875;0.0244903564453125;1.0058135986328125;-0.0046698530204594135;-0.0179331935942173;-0.014392521232366562
1767708927900399400;0.009246826171875;0.022552490234375;0.9979095458984375;-0.00301762786693871;-0.002840527566149831;-0.011091000400483608
1767708927910400500;-0.0014190673828125;0.0209503173828125;0.9954833984375;-0.006795587949454784;-0.01164547074586153;-0.004659466445446014
1767708927920400400;0.0016937255859375;0.0244293212890625;1.00775146484375;-0.00375958438962698;-0.016920659691095352;0.00199284334667027
1767708927930400300;0.00335693359375;0.0228729248046875;1.0025634765625;-0.0021523667965084314;-0.016628777608275414;-0.0019502328941598535
1767708927940400400;0.0055084228515625;0.0217437744140625;1.0013427734375;-0.0015190670965239406;-0.016538497060537338;-0.011641476303339005
1767708927950401500;0.0093994140625;0.0211944580078125;1.0004425048828125;0.00005885586142539978;-0.01902003027498722;-0.013050021603703499
1767708927960401400;0.006195068359375;0.0233917236328125;0.996795654296875;0.0006415555253624916;-0.013273460790514946;-0.013981062918901443
1767708927970401500;0.0047149658203125;0.0211639404296875;0.9950103759765625;-0.002354234457015991;-0.010216152295470238;-0.009837716817855835
1767708927980402400;0.0014190673828125;0.0231170654296875;0.9953155517578125;-0.0032866070978343487;-0.0076059880666434765;-0.0068152956664562225
1767708927990402600;0.0016326904296875;0.0236053466796875;0.9973602294921875;-0.004023769870400429;-0.0059835901483893394;-0.004542021080851555
1767708928000402400;0.0023040771484375;0.024322509765625;0.9980010986328125;-0.0008969526388682425;-0.0006319681415334344;-0.005504753906279802
1767708928010403300;0.0034332275390625;0.02392578125;1.001861572265625;0.00033902039285749197;0.0012093414552509785;-0.004861334338784218
1767708928020403500;0.004180908203125;0.023590087890625;1.0015869140625;0.0008676578872837126;-0.0028269453905522823;-0.004417917691171169
1767708928030403300;0.0048370361328125;0.022003173828125;1.00335693359375;0.00041332258842885494;-0.005149221979081631;-0.005381982307881117
1767708928040403500;0.0040283203125;0.0215606689453125;1.0030975341796875;-0.0019172097090631723;-0.005381982307881117;-0.006925283931195736
1767708928050404600;0.0025787353515625;0.022003173828125;1.00152587890625;-0.0039145806804299355;-0.0028360001742839813;-0.007690942846238613
1767708928060404500;0.0011138916015625;0.02252197265625;1.0029754638671875;-0.0060083577409386635;0.0003028014034498483;-0.006470948923379183
1767708928070404600;0.0009765625;0.0244903564453125;1.002105712890625;-0.006196909584105015;0.0024804682470858097;-0.006706638727337122
1767708928080405500;0.0027313232421875;0.023834228515625;1.0025634765625;-0.006136455573141575;0.0030154972337186337;-0.004059456288814545
1767708928090405400;0.002166748046875;0.0244903564453125;1.0011749267578125;-0.005566272884607315;-0.0017230651574209332;-0.002659698948264122
1767708928100405500;0.00250244140625;0.0247802734375;1.0002899169921875;-0.005204082932323217;-0.003099919529631734;0.0026442527305334806
1767708928110406400;-0.0016937255859375;0.025543212890625;0.9988861083984375;-0.0034288198221474886;-0.00003062635369133204;0.007790278643369675
1767708928120406300;-0.0028228759765625;0.0261383056640625;0.99822998046875;-0.002877012826502323;0.0016322514275088906;0.00836925022304058
1767708928130406400;-0.0015106201171875;0.0231475830078125;0.999176025390625;-0.0025840650778263807;0.002936401404440403;0.012208462692797184
1767708928140406300;-0.0017852783203125;0.0222015380859375;1.0005645751953125;-0.0012112056137993932;0.00253532943315804;0.0131522873416543
1767708928150407700;0.0015106201171875;0.021331787109375;1.0013275146484375;-0.0032929987646639347;0.0008815063047222793;0.013974671252071857
1767708928160407600;0.0015411376953125;0.0205535888671875;1.00286865234375;-0.0014682007022202015;-0.0024596955627202988;0.01116317231208086
1767708928170407400;0.00384521484375;0.0206451416015625;1.0042724609375;0.0006215817993506789;-0.009333847090601921;0.006490922532975674
1767708928180408600;0.0023956298828125;0.0186004638671875;1.0056610107421875;-0.0024493092205375433;-0.001787779969163239;0.012220180593430996
1767708928190408400;-0.001495361328125;0.018463134765625;1.003662109375;-0.0010298443958163261;0.00001704423084447626;0.003412840887904167
1767708928200408600;0.0070648193359375;0.0186309814453125;1.0055694580078125;0.0011339739430695772;-0.006356965284794569;0.0020157466642558575
1767708928210408400;0.004364013671875;0.01934814453125;1.0060272216796875;-0.00039947417099028826;-0.008332764729857445;-0.00264798104763031
1767708928220409300;0.002685546875;0.0187225341796875;1.0045928955078125;-0.0021137509029358625;-0.006428338121622801;-0.008009723387658596
1767708928230409500;0.0013580322265625;0.0197296142578125;1.0012359619140625;-0.0031015174463391304;-0.0067750816233456135;-0.006170277949422598
1767708928240409300;-0.0001220703125;0.0210418701171875;1.0009918212890625;-0.00436012726277113;-0.005934321787208319;-0.007162039168179035
1767708928250410500;0.0001678466796875;0.0218963623046875;0.9994049072265625;-0.003227218519896269;-0.0043870252557098866;-0.003641073824837804
1767708928260410600;-0.0041046142578125;0.019989013671875;1.0000457763671875;-0.0037819549906998873;-0.003096190979704261;-0.002201369032263756
1767708928270410500;-0.000701904296875;0.0197906494140625;0.99945068359375;-0.002590723102912307;-0.002609365154057741;-0.0008295746520161629
1767708928280411400;0.0024566650390625;0.021514892578125;1.0005645751953125;-0.005299424286931753;-0.002882871776819229;-0.0015848471084609628
1767708928290411500;0.0052032470703125;0.02020263671875;0.998931884765625;-0.003463441040366888;-0.00401578051969409;-0.003611512714996934
1767708928300411400;0.0048980712890625;0.02252197265625;0.9990997314453125;-0.003963849041610956;-0.004593153949826956;-0.005074919667094946
1767708928310411500;0.0019378662109375;0.0230712890625;1.0010833740234375;-0.0030242856591939926;-0.008225172758102417;-0.004584898240864277
1767708928320412400;0.0005035400390625;0.026275634765625;1.001068115234375;-0.00293293921276927;-0.0073194317519664764;-0.003930559381842613
1767708928330412300;0.0018310546875;0.0251312255859375;1.0005340576171875;-0.004637628793716431;-0.006444317288696766;-0.002005626680329442
1767708928340412400;0.0003204345703125;0.025421142578125;0.9972991943359375;-0.005595833994448185;-0.004285026341676712;0.0009233179152943194
1767708928350413300;0.001983642578125;0.027679443359375;0.996002197265625;-0.005826730281114578;-0.00044767739018425345;0.0020359866321086884
1767708928360413400;0.000762939453125;0.02545166015625;0.99725341796875;-0.004761998075991869;0.0015744607662782073;0.004727643448859453
1767708928370413600;0.00262451171875;0.0218505859375;1.00152587890625;-0.006341785658150911;-0.0013259878614917397;0.004733236040920019
1767708928380414500;0.00469970703125;0.021728515625;1.003509521484375;-0.007742075715214014;-0.002953978255391121;0.007387342397123575
1767708928390414600;0.0039520263671875;0.021728515625;1.00335693359375;-0.006589991971850395;-0.003955593332648277;0.0070555126294493675
1767708928400414500;0.0037994384765625;0.02618408203125;1.0010223388671875;-0.00694818701595068;-0.002189384773373604;0.004086620640009642
1767708928410414300;0.005157470703125;0.0266265869140625;0.999725341796875;-0.006208893842995167;-0.0030538467690348625;0.002567820018157363
1767708928420415500;0.000213623046875;0.0269622802734375;0.99945068359375;-0.0031318773981183767;0.0005893575726076961;0.00015952334797475487
1767708928430415400;0.00006103515625;0.0234527587890625;1.0006256103515625;0.000051399008953012526;0.002487658755853772;-0.0025033713318407536
1767708928440415500;-0.0031280517578125;0.021240234375;1.0030059814453125;-0.00035899411886930466;0.0025893915444612503;-0.0011086739832535386
1767708928450416400;0.000091552734375;0.019989013671875;1.0035858154296875;-0.005349225364625454;-0.004150802735239267;0.003094060579314828
1767708928460416500;0.0101776123046875;0.021087646484375;1.0026702880859375;-0.008856874890625477;-0.006511695217341185;-0.0046607982367277145
1767708928470416600;0.009490966796875;0.02435302734375;0.9990081787109375;-0.011687815189361572;-0.003132942598313093;-0.011383149772882462
1767708928480417500;0.00299072265625;0.0257720947265625;1.00030517578125;-0.012411928735673428;-0.0037792918737977743;-0.009100021794438362
1767708928490417400;-0.0018768310546875;0.0245361328125;1.0009918212890625;-0.009672867134213448;-0.005802495405077934;-0.008535963483154774
1767708928500417500;-0.0048675537109375;0.0240478515625;1.0009765625;-0.00737189594656229;-0.008656072430312634;-0.00481313094496727
1767708928510417400;-0.0044403076171875;0.02313232421875;1.0024261474609375;-0.005425391718745232;-0.011956794187426567;0.0006072007236070931
1767708928520418300;-0.0020599365234375;0.024627685546875;1.0039825439453125;-0.0006838997360318899;-0.011058243922889233;0.0014407701091840863
1767708928530418400;0.002777099609375;0.0245208740234375;1.002166748046875;-0.0010604707058519125;-0.009283512830734253;-0.0032927324064075947
1767708928540418300;0.0002899169921875;0.0242156982421875;0.998870849609375;-0.002948652021586895;-0.003893541404977441;0.000642354425508529
1767708928550419500;-0.00164794921875;0.026275634765625;0.995513916015625;-0.004533765371888876;-0.0026205505710095167;0.0010495517635717988
1767708928560419300;0.0017547607421875;0.0246124267578125;0.9954833984375;-0.006645918358117342;-0.00020666129421442747;0.001398425898514688
1767708928570419500;0.0036773681640625;0.0237579345703125;0.997589111328125;-0.004679972771555185;-0.0013872405979782343;0.001118527608923614
1767708928580419600;0.005401611328125;0.0222015380859375;1.00238037109375;-0.005782521795481443;-0.0064962487667799;-0.0015960324089974165
1767708928590420500;0.00421142578125;0.0217132568359375;1.0030364990234375;-0.0027276095934212208;-0.0074605792760849;-0.0040975394658744335
1767708928600420400;0.0024871826171875;0.0230560302734375;1.0029296875;-0.0025718146935105324;-0.008617723360657692;-0.008008391596376896
1767708928610420500;0.0008544921875;0.023223876953125;1.003509521484375;-0.0029225528705865145;-0.009651562198996544;-0.007423028815537691
1767708928620421400;-0.0014801025390625;0.02410888671875;1.00189208984375;-0.0033507891930639744;-0.007713579572737217;-0.008204933255910873
1767708928630421500;-0.0024871826171875;0.0251617431640625;1.0012359619140625;-0.004974518436938524;-0.009279518388211727;-0.009157279506325722
1767708928640421400;-0.004547119140625;0.024871826171875;0.99847412109375;-0.006420881487429142;-0.007684817537665367;-0.006179332733154297
1767708928650422300;-0.0058135986328125;0.0268096923828125;1.0006866455078125;-0.004969991277903318;-0.006718356627970934;-0.010232663713395596
1767708928660422400;-0.000762939453125;0.0269012451171875;1.0007781982421875;-0.004060255363583565;-0.0038448055274784565;-0.01477468479424715
1767708928670422500;-0.00030517578125;0.024078369140625;1.0023040771484375;-0.005197957623749971;-0.006006493698805571;-0.013351758010685444
1767708928680422700;-0.0021514892578125;0.0250701904296875;1.001861572265625;-0.0038480013608932495;-0.0031529164407402277;-0.008688030764460564
1767708928690423600;-0.00140380859375;0.02447509765625;1.0003509521484375;-0.0023369237314909697;-0.0004487426485866308;-0.006584133021533489
1767708928700423400;-0.0008087158203125;0.0255126953125;0.999420166015625;-0.0014088122406974435;0.0003475425182841718;-0.005619269795715809
1767708928710423600;-0.002838134765625;0.027618408203125;0.9984283447265625;-0.0020841897930949926;0.0027196200098842382;-0.0005291700945235789
1767708928720424400;-0.0019378662109375;0.0267791748046875;0.9970245361328125;-0.0016442356863990426;-0.003388073528185487;-0.0023012375459074974
1767708928730424300;0.0064697265625;0.024932861328125;1.005859375;-0.00341577036306262;-0.023690681904554367;-0.004774781409651041
1767708928740424400;0.00372314453125;0.02337646484375;1.00091552734375;-0.005031776614487171;-0.010957576334476471;-0.001865277998149395
1767708928750425300;-0.005645751953125;0.0265045166015625;0.999786376953125;-0.004446680191904306;-0.010661166161298752;-0.001981658162549138
1767708928760425200;0.000244140625;0.0228271484375;1.0036773681640625;-0.00512685114517808;-0.01489506009966135;-0.0037593182642012835
1767708928770425600;0.0030364990234375;0.0245819091796875;1.0020904541015625;-0.0059897154569625854;-0.008834504522383213;-0.0059870523400604725
1767708928780425500;-0.0045318603515625;0.024627685546875;1.001953125;-0.005147890187799931;-0.006193447392433882;-0.0012088088551536202
1767708928790426400;-0.0067596435546875;0.0256195068359375;1.00286865234375;-0.004233094397932291;-0.0046267095021903515;-0.004821120295673609
1767708928800426500;-0.001983642578125;0.0251312255859375;1.001220703125;-0.004280765075236559;-0.0019888486713171005;-0.004293282050639391
1767708928810426400;-0.00189208984375;0.02471923828125;1.0003204345703125;-0.0034437335561960936;-0.0007025419035926461;-0.004026965703815222
1767708928820427500;0.0006256103515625;0.0251312255859375;1.0007171630859375;-0.0017869811272248626;-0.0020687435753643513;-0.00526693370193243
1767708928830427400;-0.000396728515625;0.0250396728515625;1.001953125;-0.004347876645624638;-0.001639441936276853;-0.006615824531763792
1767708928840427500;-0.0012664794921875;0.0237579345703125;1.002777099609375;-0.0025358619168400764;-0.002380866091698408;-0.0075718993321061134
1767708928850428400;-0.0012664794921875;0.02435302734375;1.00396728515625;-0.0024285365361720324;-0.0036570527590811253;-0.0065077003091573715
1767708928860428300;-0.004913330078125;0.0256805419921875;1.0036773681640625;-0.005536711774766445;-0.0046967510133981705;-0.00452843913808465
1767708928870428400;-0.0049285888671875;0.025360107421875;1.003631591796875;-0.0037774275988340378;-0.006786000914871693;-0.0017710020765662193
1767708928880428500;-0.002838134765625;0.026123046875;1.0026397705078125;-0.003743072971701622;-0.006053897552192211;-0.002695119008421898
1767708928890429400;-0.0014495849609375;0.0279541015625;1.00103759765625;-0.0024024376180022955;-0.006087719928473234;-0.0010037453612312675
1767708928900429600;-0.0037689208984375;0.0265045166015625;0.9990386962890625;-0.0019156117923557758;-0.005274656694382429;0.0014554174849763513
1767708928910429400;-0.0016021728515625;0.028472900390625;0.999755859375;-0.003400590270757675;-0.0005837649223394692;0.002005360322073102
1767708928920430300;-0.0032501220703125;0.0277099609375;0.998565673828125;-0.004077299498021603;0.003421362955123186;0.002922286745160818
1767708928930430500;-0.0041351318359375;0.02752685546875;0.9991912841796875;-0.005559614859521389;0.0046576024033129215;0.0004628573951777071
1767708928940430300;0.0008544921875;0.02838134765625;0.9983062744140625;-0.005818208213895559;0.008401207625865936;-0.0016647420125082135
1767708928950431200;-0.0004119873046875;0.0267486572265625;0.9983367919921875;-0.005440571811050177;0.008618255145847797;-0.004562793765217066
1767708928960431400;-0.00042724609375;0.0229949951171875;0.999267578125;-0.00444055488333106;0.00923291314393282;-0.003221093211323023
1767708928970431200;-0.003265380859375;0.0202484130859375;1.001129150390625;-0.0036333505995571613;0.007200921420007944;0.00017603494052309543
1767708928980431600;-0.002410888671875;0.02178955078125;1.001434326171875;-0.0049159289337694645;0.0049127331003546715;0.00279046013019979
1767708928990432500;0.000244140625;0.024505615234375;1.0009918212890625;-0.005147091578692198;0.00023222764139063656;-0.0005752427969127893
1767708929000432400;0.0002899169921875;0.0274505615234375;0.9989776611328125;-0.004072239622473717;0.0008042746339924634;-0.002692455891519785
1767708929010432500;-0.0026397705078125;0.0299224853515625;0.9974212646484375;-0.002630936913192272;0.009298427030444145;-0.006313289515674114
1767708929020433400;-0.007904052734375;0.026458740234375;0.99981689453125;-0.0004572647449094802;0.015120895579457283;-0.0046549392864108086
1767708929030433500;-0.0108795166015625;0.024017333984375;1.00213623046875;-0.000404534162953496;0.011682488955557346;-0.0005840312223881483
1767708929040433400;-0.0048980712890625;0.0200347900390625;1.003082275390625;-0.0033960631117224693;0.0032708945218473673;-0.0016527577536180615
1767708929050434300;0.005126953125;0.0210113525390625;1.0053863525390625;-0.006750048138201237;-0.003799265483394265;-0.00304638990201056
1767708929060434400;0.003875732421875;0.0228424072265625;1.00408935546875;-0.011199391447007656;-0.004061054438352585;-0.0023284016642719507
1767708929070434300;-0.00250244140625;0.0268096923828125;1.00048828125;-0.007430219557136297;-0.0027419906109571457;-0.0033193640410900116
1767708929080434400;-0.0078887939453125;0.029266357421875;1.0002593994140625;-0.008023039437830448;0.0013366405619308352;-0.003828826593235135
1767708929090435600;-0.01080322265625;0.0281219482421875;1.000244140625;-0.006503439508378506;0.0025920546613633633;-0.0009467537747696042
1767708929100435500;-0.0092926025390625;0.027984619140625;1.0025787353515625;-0.0023422501981258392;0.0012626046082004905;-0.00012410330236889422
1767708929110435600;-0.00439453125;0.02691650390625;1.0037078857421875;0.0011385013349354267;0.0006854976527392864;-0.0033361418172717094
1767708929120436500;-0.003021240234375;0.0246429443359375;1.0010528564453125;-0.00010066748654935509;0.00216514989733696;-0.008729841560125351
1767708929130436400;-0.00286865234375;0.0238800048828125;0.9984130859375;0.0006458165589720011;0.0019867182709276676;-0.010162356309592724
1767708929140436500;-0.001251220703125;0.022857666015625;0.996978759765625;-0.004092213232070208;0.005850698333233595;-0.00945182517170906
1767708929150437400;-0.001617431640625;0.0234832763671875;0.9975128173828125;-0.005209409166127443;0.012986638583242893;-0.008097074925899506
1767708929160437200;-0.0046844482421875;0.024169921875;0.9988555908203125;-0.0062706791795790195;0.01715528406202793;-0.007723699789494276
1767708929170437400;-0.004364013671875;0.0231475830078125;1.0019683837890625;-0.0028599686920642853;0.013786652125418186;-0.0049649314023554325
1767708929180437200;-0.003204345703125;0.0252532958984375;1.00457763671875;0.00010626012954162434;0.00854315422475338;0.0012383698485791683
1767708929190438400;-0.0032958984375;0.02716064453125;1.00421142578125;-0.0004577973741106689;0.0037116475868970156;0.0012029499048367143
1767708929200438500;-0.0027008056640625;0.027435302734375;1.0023193359375;0.0018588864477351308;0.0025427863001823425;-0.0036096484400331974
1767708929210438400;-0.0034027099609375;0.027740478515625;1.00189208984375;0.003841609926894307;-0.005569468718022108;-0.005102350376546383
1767708929220439600;-0.00189208984375;0.02545166015625;1.00347900390625;0.0004569984448608011;0.0023281353060156107;-0.0022173479665070772
1767708929230439400;-0.00897216796875;0.021759033203125;1.002044677734375;-0.001461010193452239;0.01474512368440628;-0.010359962470829487
1767708929240439300;-0.0035552978515625;0.0240020751953125;1.000946044921875;-0.002522812457755208;0.008622250519692898;-0.014606107026338577
1767708929250440400;-0.0036773681640625;0.0228118896484375;1.00262451171875;-0.0034498588647693396;0.0043590618297457695;-0.013376259244978428
1767708929260440300;-0.0050506591796875;0.0224609375;1.0013885498046875;-0.006081594619899988;0.0049494849517941475;-0.013316870667040348
1767708929270440400;-0.0043487548828125;0.022857666015625;1.0036468505859375;-0.005888249259442091;0.000645550258923322;-0.014925952069461346
1767708929280440300;-0.0048370361328125;0.0267333984375;1.0030975341796875;-0.005285841878503561;0.00001651159800530877;-0.009463010355830193
1767708929290441500;-0.006683349609375;0.0277099609375;1.0009307861328125;-0.0044352286495268345;0.00041731735109351575;-0.00532525684684515
1767708929300441600;-0.007904052734375;0.027862548828125;0.9981536865234375;-0.0024644893128424883;0.0025486452504992485;-0.0010610034223645926
1767708929310441500;-0.0053558349609375;0.0272674560546875;0.9992218017578125;0.0008460862445645034;0.001722532557323575;0.000532365869730711
1767708929320442400;-0.0056610107421875;0.0257720947265625;1.0017547607421875;0.003174221608787775;0.004729507956653833;0.00008255799184553325
1767708929330442500;-0.004150390625;0.028076171875;1.0003204345703125;0.0024319987278431654;0.00436039362102747;-0.0014972290955483913
1767708929340442400;-0.0038299560546875;0.0272216796875;0.9999542236328125;0.003974767867475748;0.005916478578001261;0.0008178567513823509
1767708929350443300;-0.00311279296875;0.0252838134765625;1.0041961669921875;0.002513757674023509;0.006158560048788786;0.0013028184184804559
1767708929360443400;-0.0029296875;0.0263671875;1.003570556640625;0.00023302659974433482;0.009553557261824608;0.002625077962875366
1767708929370443500;-0.0030059814453125;0.0251312255859375;1.000579833984375;-0.0011821772204712033;0.009152752347290516;0.00021172130072955042
1767708929380443600;-0.00177001953125;0.02410888671875;0.99993896484375;-0.003093794221058488;0.008645952679216862;-0.003204315435141325
1767708929390444500;-0.0012359619140625;0.0244293212890625;0.999755859375;-0.002353968098759651;0.007151386234909296;-0.008594021201133728
1767708929400444400;-0.000091552734375;0.0229339599609375;1.001708984375;-0.00224957219325006;0.006129531655460596;-0.0076150428503751755
1767708929410444500;-0.000396728515625;0.0233306884765625;1.001129150390625;-0.0006886934279464185;0.007879761047661304;-0.009396164678037167
1767708929420445700;-0.0021209716796875;0.0244140625;1.0009002685546875;-0.0009992180857807398;0.012006063014268875;-0.005264004226773977
1767708929430445600;-0.0034332275390625;0.0247955322265625;1.0001068115234375;-0.0010671286145225167;0.012088887393474579;-0.005673864856362343
1767708929440445700;-0.0024871826171875;0.0260009765625;1.0013427734375;-0.0012215919559821486;0.01125292107462883;-0.0018985675415024161
1767708929450446600;-0.0031890869140625;0.02752685546875;0.9991912841796875;-0.001713744131848216;0.012430837377905846;-0.00021145498612895608
1767708929460446700;-0.0048675537109375;0.0278778076171875;0.998321533203125;-0.00043302998528815806;0.015280152671039104;-0.0018168084789067507
1767708929470446600;-0.004241943359375;0.0281982421875;1.0013885498046875;0.0009025452891364694;0.015413844026625156;-0.0029609024059027433
1767708929480446500;-0.0004730224609375;0.028839111328125;1.0009765625;0.0001816275907913223;0.01564553938806057;-0.0057588196359574795
1767708929490447600;0.000823974609375;0.025604248046875;1.001190185546875;0.0012130698887631297;0.013348562642931938;-0.007991613820195198
1767708929500447500;0.0007476806640625;0.0246734619140625;1.00042724609375;0.00011877698125317693;0.010817494243383408;-0.003930559381842613
1767708929510447600;0.000579833984375;0.0242919921875;1.0022125244140625;-0.0030474551022052765;0.01398638915270567;-0.0016881778137758374
1767708929520448500;-0.0002593994140625;0.0235443115234375;1.0006561279296875;-0.0016218650853261352;0.016086557880043983;-0.002222407842054963
1767708929530448600;-0.001922607421875;0.0250396728515625;1.0003814697265625;-0.002406698651611805;0.014706241898238659;0.00008229167724493891
1767708929540448800;-0.003387451171875;0.02862548828125;1.0011444091796875;-0.0038453382439911366;0.017078852280974388;-0.0021662150975316763
1767708929550449700;-0.0030670166015625;0.0300750732421875;0.998931884765625;-0.002971821464598179;0.019109245389699936;-0.001448759576305747
1767708929560449500;-0.0035552978515625;0.028045654296875;0.9983673095703125;-0.001318264752626419;0.017529726028442383;-0.0018373148050159216
1767708929570449700;-0.0007476806640625;0.0240020751953125;1.0029144287109375;-0.0013230583863332868;0.01389850489795208;-0.000049801110435510054
1767708929580449500;-0.00054931640625;0.022674560546875;1.0029754638671875;-0.0018487664638087153;0.01583089493215084;0.007036071736365557
1767708929590450400;0.0004119873046875;0.0239105224609375;1.001007080078125;-0.0008591357618570328;0.01369530614465475;0.009315204806625843
1767708929600450600;0.0029449462890625;0.0271453857421875;0.999755859375;-0.0017813884187489748;0.010274209082126617;0.005335643421858549
1767708929610450400;0.004638671875;0.028717041015625;0.9980010986328125;0.0010695254895836115;0.0179947130382061;-0.0008556736283935606
1767708929620451300;-0.001434326171875;0.0269317626953125;0.9984283447265625;0.0022029669489711523;0.027589550241827965;-0.0016391756944358349
1767708929630451700;-0.0059051513671875;0.02484130859375;0.99993896484375;0.004697815980762243;0.02659912034869194;0.00034408041392453015
1767708929640451600;-0.004791259765625;0.0216217041015625;1.00299072265625;0.0016479641199111938;0.021446436643600464;-0.0014764565275982022
1767708929650452700;0.0018463134765625;0.0191192626953125;1.00457763671875;-0.0017134778900071979;0.01811428926885128;0.0007310376968234777
1767708929660452600;0.004791259765625;0.0223388671875;1.0044708251953125;-0.005489573813974857;0.015483618713915348;0.0034703651908785105
1767708929670452500;0.0018463134765625;0.0235443115234375;1.0029296875;-0.0051963599398732185;0.01284282747656107;-0.002272741636261344
1767708929680452600;-0.0010528564453125;0.025787353515625;1.0018310546875;-0.0043745082803070545;0.012556005269289017;-0.0017646105261519551
1767708929690453500;-0.009674072265625;0.0251312255859375;1.0023193359375;-0.003620034782215953;0.010786601342260838;0.0046331011690199375
1767708929700453600;-0.008880615234375;0.026275634765625;1.0032501220703125;-0.00026285400963388383;0.01158608216792345;0.0038924762047827244
1767708929710453500;-0.0049896240234375;0.026123046875;1.0035400390625;0.004229898564517498;0.013048424385488033;0.0017251957906410098
1767708929720454400;-0.001312255859375;0.025360107421875;1.002899169921875;0.004563859198242426;0.012014850974082947;0.0007566040731035173
1767708929730454800;0.0028533935546875;0.0240936279296875;0.9997711181640625;0.003760383464396;0.012168781831860542;-0.0017558221006765962
1767708929740454700;0.0077362060546875;0.02520751953125;0.9978790283203125;0.0038131140172481537;0.009666741825640202;-0.005935120861977339
1767708929750455600;0.0055694580078125;0.0245361328125;0.99664306640625;0.00004926848123432137;0.011666509322822094;-0.0013345100451260805
1767708929760455700;0.0009613037109375;0.0245208740234375;0.9959564208984375;-0.00026738137239590287;0.013217002153396606;-0.00443922309204936
1767708929770455600;0.003143310546875;0.0246734619140625;1;-0.00007616640505148098;0.01004837267100811;-0.007022755686193705
1767708929780456400;0.00177001953125;0.02117919921875;1.0036468505859375;0.0011944277212023735;0.009981261566281319;-0.0029148298781365156
1767708929790456600;-0.00244140625;0.0207366943359375;1.00457763671875;0.0010551444720476866;0.010301905684173107;-0.00031638352083973587
1767708929800456400;-0.0007171630859375;0.0233917236328125;1.00482177734375;0.002375007141381502;0.005767075344920158;-0.001535312389023602
1767708929810456600;0.0021514892578125;0.0232391357421875;1.0044097900390625;0.002416019793599844;0.005369998048990965;-0.001059405505657196
1767708929820457500;0.0016326904296875;0.02386474609375;1.0042266845703125;0.004986236337572336;0.006334861274808645;-0.008628908544778824
1767708929830457300;0.0029144287109375;0.022796630859375;1.0019378662109375;0.0029321403708308935;0.004638161510229111;-0.01757766120135784
1767708929840457700;0.0021209716796875;0.0212249755859375;1.0028228759765625;0.000985103310085833;0.0066650933586061;-0.01738804578781128
1767708929850458600;-0.0008392333984375;0.0214385986328125;1.0029296875;-0.0019084211671724916;0.006258961278945208;-0.01321167591959238
1767708929860458500;-0.0021820068359375;0.025390625;1.0013427734375;-0.003178216516971588;0.008273376151919365;-0.012663863599300385
1767708929870458600;0.000030517578125;0.0284271240234375;0.999267578125;-0.001475391210988164;0.011522965505719185;-0.011748002842068672
1767708929880459500;0.002777099609375;0.0274658203125;0.9985198974609375;-0.0026911243330687284;0.009908823296427727;-0.008556736633181572
1767708929890459600;0.0042266845703125;0.027984619140625;0.99761962890625;0.0010167949367314577;0.009304285980761051;-0.005167864263057709
1767708929900459500;0.0023956298828125;0.0273590087890625;0.9986114501953125;0.0015329155139625072;0.011513377539813519;-0.0014988270122557878
1767708929910459400;0.002227783203125;0.027679443359375;0.9993743896484375;0.0022924491204321384;0.01582583412528038;-0.0012772521004080772
1767708929920460500;0.004119873046875;0.0274658203125;0.9996490478515625;0.004429901950061321;0.019892482087016106;-0.004987834487110376
1767708929930460400;0.004608154296875;0.02557373046875;0.9994354248046875;0.0016194682102650404;0.017429323866963387;-0.005060005933046341
1767708929940460800;0.0062713623046875;0.0254058837890625;1.00018310546875;0.0003920173039659858;0.014100106433033943;-0.003875964554026723
1767708929950461700;0.00555419921875;0.0229644775390625;0.999237060546875;0.0024373249616473913;0.01599894091486931;-0.0037880802992731333
1767708929960461600;0.0050201416015625;0.0224151611328125;0.998779296875;0.0012924320762977004;0.016702014952898026;-0.00577852688729763
1767708929970461700;0.005828857421875;0.0215606689453125;1.0004730224609375;0.0018996327416971326;0.01775023527443409;-0.007399326656013727
1767708929980462600;0.0051727294921875;0.021759033203125;1.0008544921875;0.0020682108588516712;0.019815249368548393;-0.004802212119102478
1767708929990462500;0.004730224609375;0.0228271484375;1.00225830078125;-0.00008655273268232122;0.018681542947888374;-0.004118045791983604
1767708930000462600;0.0076751708984375;0.024078369140625;1.00390625;-0.00006125270738266408;0.01643463410437107;-0.007208378054201603
1767708930010462500;0.007293701171875;0.02398681640625;1.00396728515625;-0.0010998855577781796;0.012773319147527218;-0.009770605713129044
1767708930020463400;0.0041961669921875;0.0235748291015625;1.0016326904296875;-0.001493234420195222;0.014340856112539768;-0.008045143447816372
1767708930030463500;0.0035247802734375;0.02410888671875;1.0031890869140625;-0.0018074874533340335;0.017718011513352394;-0.012225240468978882
1767708930040463400;0.0036468505859375;0.023895263671875;0.999847412109375;-0.0004719121498055756;0.023538881912827492;-0.012171711772680283
1767708930050464500;0.0018157958984375;0.024169921875;0.9990692138671875;-0.00037710359902121127;0.02876400388777256;-0.010054764337837696
1767708930060464600;0.001983642578125;0.0249481201171875;0.9984130859375;0.00006684534309897572;0.0288766548037529;-0.00782383419573307
1767708930070464500;0.00567626953125;0.0229339599609375;0.9981536865234375;-0.001606418751180172;0.026370620355010033;-0.007134075742214918
1767708930080465700;0.0069580078125;0.02288818359375;1.0019683837890625;-0.0035774242132902145;0.023369237780570984;-0.006265352945774794
1767708930090465500;0.0058135986328125;0.0232696533203125;1.00128173828125;-0.004206729121506214;0.024645425379276276;-0.004670385736972094
1767708930100465700;0.00665283203125;0.02374267578125;1.0007476806640625;-0.0025425199419260025;0.0223268773406744;-0.004815527703613043
1767708930110465500;0.0083770751953125;0.0263671875;1.0005645751953125;-0.004163319710642099;0.024596955627202988;-0.0027366643771529198
1767708930120466400;0.00640869140625;0.0260162353515625;0.9986114501953125;-0.001973402453586459;0.02401212602853775;-0.004519650712609291
1767708930130466600;0.0062713623046875;0.0254364013671875;1.0013580322265625;-0.003953995183110237;0.02544490620493889;-0.007351389620453119
1767708930140466400;0.00531005859375;0.0269317626953125;1.0013427734375;-0.005495432764291763;0.02599191851913929;-0.011157846078276634
1767708930150467600;0.006103515625;0.02581787109375;0.9987945556640625;-0.006052033510059118;0.0265346709638834;-0.008475244045257568
1767708930160467700;0.0036468505859375;0.022125244140625;1.0013580322265625;-0.00762782571837306;0.02503158338367939;-0.0011432950850576162
1767708930170467600;0.001129150390625;0.02142333984375;1.00347900390625;-0.004032558295875788;0.026501914486289024;0.0029494508635252714
1767708930180468500;0.0034637451171875;0.0220184326171875;1.002532958984375;-0.003162770066410303;0.02214178815484047;0.0024258734192699194
1767708930190468600;0.0086822509765625;0.0212249755859375;1.0031280517578125;-0.0029731530230492353;0.014729144982993603;0.0075942701660096645
1767708930200468500;0.010772705078125;0.0249786376953125;1.00140380859375;-0.0005648564547300339;0.010520551353693008;0.003605920122936368
1767708930210468600;0.0118865966796875;0.0255126953125;1.0023040771484375;0.0005629922379739583;0.016985375434160233;0.0012913667596876621
1767708930220469500;0.005615234375;0.0261688232421875;0.9990997314453125;0.004560397006571293;0.027159182354807854;0.00048123320448212326
1767708930230469400;0.00079345703125;0.0246734619140625;0.9986724853515625;0.005657352972775698;0.03359204903244972;-0.0012391688069328666
1767708930240469500;0.0018157958984375;0.02197265625;1.0026397705078125;0.0049135321751236916;0.025979403406381607;-0.004043211229145527
1767708930250470700;0.0070648193359375;0.0220184326171875;1.0055084228515625;-0.000508663768414408;0.020385432988405228;-0.005681587848812342
1767708930260470500;0.01263427734375;0.02081298828125;1.004974365234375;-0.002001898130401969;0.0173795223236084;-0.012595154345035553
1767708930270470700;0.0096435546875;0.023040771484375;1.0059356689453125;-0.0067995828576385975;0.017732923850417137;-0.011787417344748974
1767708930280471600;0.0021209716796875;0.024810791015625;1.0030059814453125;-0.0033300165086984634;0.016653278842568398;-0.008615326136350632
1767708930290471700;-0.0006256103515625;0.024322509765625;1.0021514892578125;-0.003343598684296012;0.013346698135137558;-0.001984853995963931
1767708930300471600;-0.0013885498046875;0.02471923828125;1.0022735595703125;-0.0001661812566453591;0.01125265471637249;0.007394533138722181
1767708930310471400;0.0020751953125;0.028289794921875;0.9994354248046875;0.003463441040366888;0.011381817981600761;0.010569287464022636
1767708930320472600;0.0069732666015625;0.029022216796875;0.9983367919921875;0.006440588738769293;0.011937352828681469;0.009183910675346851
1767708930330472400;0.0111846923828125;0.0274810791015625;0.9952545166015625;0.006440322380512953;0.01321327406913042;0.005650429055094719
1767708930340472600;0.01226806640625;0.0263214111328125;0.993865966796875;0.004475974943488836;0.019898340106010437;0.0006657902849838138
1767708930350473700;0.013336181640625;0.0256195068359375;0.995697021484375;0.0006101301987655461;0.022420354187488556;-0.002323075430467725
1767708930360473600;0.0107269287109375;0.023590087890625;0.996185302734375;-0.00006364954606397077;0.02165309712290764;-0.0070587084628641605
1767708930370473500;0.0091552734375;0.0217132568359375;0.9985198974609375;-0.001207743538543582;0.018009893596172333;-0.00929310079663992
1767708930380474400;0.0107269287109375;0.02154541015625;1.005035400390625;-0.002073803450912237;0.013421532697975636;-0.009307481348514557
1767708930390474500;0.010284423828125;0.0219879150390625;1.00701904296875;-0.001210939371958375;0.002276470186188817;-0.010913900099694729
1767708930400474600;0.01141357421875;0.0205535888671875;1.0053863525390625;-0.0010306433541700244;-0.004267183132469654;-0.011137072928249836
1767708930410475500;0.008575439453125;0.0201416015625;1.0046539306640625;-0.0028093685396015644;-0.004504470620304346;-0.013140569441020489
1767708930420475400;0.0073394775390625;0.0216064453125;1.0028076171875;-0.0030104373581707478;-0.005853894166648388;-0.01261086668819189
1767708930430475500;0.010894775390625;0.02362060546875;1.0043487548828125;-0.0028493159916251898;-0.0044165863655507565;-0.014971759170293808
1767708930440475400;0.0079803466796875;0.0250244140625;1.001983642578125;-0.004689027555286884;-0.0030866037122905254;-0.008380968123674393
1767708930450476300;0.0036773681640625;0.02752685546875;1.001007080078125;-0.005125786177814007;-0.006414223462343216;-0.008254733867943287
1767708930460476400;0.003631591796875;0.028472900390625;0.9990997314453125;-0.0034551850985735655;-0.0034796863328665495;-0.00805952399969101
1767708930470476300;0.004852294921875;0.0263519287109375;0.9969635009765625;-0.005119128152728081;-0.003334810258820653;-0.008547681383788586
1767708930480477400;0.010040283203125;0.023468017578125;0.9978790283203125;-0.005898369010537863;-0.0031609057914465666;-0.009824400767683983
1767708930490477300;0.01171875;0.024322509765625;0.9977264404296875;-0.00839428324252367;0.0017307883827015758;-0.0035598473623394966
1767708930500477400;0.0071258544921875;0.0259857177734375;0.996490478515625;-0.007418235298246145;0.002416286151856184;-0.0007310376968234777
1767708930510478600;0.0093841552734375;0.027496337890625;0.998687744140625;-0.004845088813453913;-0.0025917883031070232;-0.0016415724530816078
1767708930520478500;0.011474609375;0.0254974365234375;1.0005035400390625;-0.004963599611073732;-0.009325324557721615;-0.002273007994517684
1767708930530478600;0.00830078125;0.02325439453125;1.00372314453125;-0.005374791566282511;-0.01019724365323782;-0.0037001960445195436
1767708930540478500;0.0076141357421875;0.0230712890625;1.0026397705078125;-0.0032501218374818563;-0.006917560938745737;-0.0035417377948760986
1767708930550479400;0.0070953369140625;0.023773193359375;1.0026702880859375;-0.004384628497064114;-0.005453088786453009;-0.0049068741500377655
1767708930560479500;0.008392333984375;0.0221710205078125;1.0016937255859375;-0.004433364141732454;-0.00321896281093359;-0.0038301581516861916
1767708930570479400;0.0061187744140625;0.023590087890625;1.0006256103515625;-0.006625145673751831;-0.0005334311863407493;-0.0022719427943229675
1767708930580480300;0.0060577392578125;0.024078369140625;0.99810791015625;-0.005874134600162506;-0.0026818031910806894;-0.003695135936141014
1767708930590480400;0.0085296630859375;0.025787353515625;1.0020294189453125;-0.007503456436097622;-0.0031816784758120775;-0.00413509039208293
1767708930600480500;0.0086822509765625;0.0274505615234375;1.0019378662109375;-0.0089980224147439;0.002633333671838045;-0.008358597755432129
1767708930610481400;0.00787353515625;0.0272979736328125;1.001068115234375;-0.009702161885797977;0.0015041533624753356;-0.01005343347787857
1767708930620481500;0.007171630859375;0.025177001953125;1.002471923828125;-0.009411611594259739;0.0011851066956296563;-0.010214021429419518
1767708930630481400;0.005615234375;0.0227203369140625;1.003448486328125;-0.009030246175825596;-0.0031989889685064554;-0.009828396141529083
1767708930640482300;0.0050811767578125;0.023406982421875;0.99896240234375;-0.008356733247637749;0.0024378576781600714;-0.011857192032039165
1767708930650482400;0.0055694580078125;0.0241851806640625;0.998687744140625;-0.007738879881799221;0.007177751511335373;-0.0096273273229599
1767708930660482300;0.00628662109375;0.024200439453125;0.9976959228515625;-0.006941529456526041;0.009236641228199005;-0.006107959896326065
1767708930670482400;0.0067596435546875;0.0248565673828125;0.9987030029296875;-0.0070339408703148365;0.005848567932844162;-0.0037033918779343367
1767708930680483300;0.006988525390625;0.024658203125;1.000823974609375;-0.007238205522298813;0.002554770326241851;-0.0028490496333688498
1767708930690483500;0.00823974609375;0.0253448486328125;1.001434326171875;-0.006828078534454107;0.0068214209750294685;-0.0031465247739106417
1767708930700483300;0.008544921875;0.0256805419921875;1.0022125244140625;-0.007409979589283466;0.003282079705968499;-0.0011475561186671257
1767708930710484500;0.0115966796875;0.0271759033203125;1.0021209716796875;-0.006354035809636116;0.0021552962716668844;-0.001303084660321474
1767708930720484600;0.011138916015625;0.0262298583984375;1.0009918212890625;-0.008382831700146198;0.003296727081760764;-0.0030605047941207886
1767708930730484500;0.0096282958984375;0.0259857177734375;1.0030059814453125;-0.0078073227778077126;0.00018881811411119998;-0.004202201962471008
1767708930740485400;0.00994873046875;0.025115966796875;1.0020751953125;-0.005826197564601898;-0.002266616327688098;-0.0036128442734479904
1767708930750485500;0.006195068359375;0.0255279541015625;1.001739501953125;-0.0052080778405070305;-0.001023186487145722;0.00039068571641109884
1767708930760485400;0.0039825439453125;0.0242919921875;1.002899169921875;-0.006849117577075958;0.0006048039067536592;0.004267981741577387
1767708930770485500;0.0059356689453125;0.0222320556640625;1.0040283203125;-0.006607036106288433;-0.0018221348291262984;0.0026490462478250265
1767708930780486400;0.008941650390625;0.0223388671875;1.002197265625;-0.006587328854948282;-0.005591573193669319;0.0039292280562222
1767708930790486300;0.009185791015625;0.0253143310546875;0.99774169921875;-0.008684035390615463;-0.008259793743491173;0.006090383045375347
1767708930800486400;0.009857177734375;0.0290985107421875;0.9954376220703125;-0.009123723953962326;-0.005576126743108034;0.004679440520703793
1767708930810487600;0.0074920654296875;0.028717041015625;0.996307373046875;-0.0065439194440841675;-0.002644785214215517;-0.0015150723047554493
1767708930820487400;0.0045013427734375;0.0257720947265625;1.00042724609375;-0.0034120420459657907;0.0032402679789811373;-0.0029755497816950083
1767708930830487600;-0.00030517578125;0.022796630859375;1.001708984375;-0.0025784724857658148;0.008155664429068565;-0.0017331852577626705
1767708930840488400;0.003631591796875;0.020599365234375;1.001983642578125;-0.003959321416914463;0.0017749968683347106;-0.0036131106317043304
1767708930850488300;0.0145416259765625;0.020233154296875;1.003265380859375;-0.008440090343356133;-0.0036005936563014984;-0.005558017175644636
1767708930860488400;0.0140838623046875;0.0235595703125;1.0031890869140625;-0.009309878572821617;-0.005200354848057032;-0.005802229046821594
1767708930870488300;0.0101318359375;0.026611328125;1.0006256103515625;-0.012504872865974903;-0.007334345486015081;-0.006558300461620092
1767708930880489500;0.0067138671875;0.02752685546875;1.0004425048828125;-0.012022041715681553;-0.00794367678463459;-0.0046599991619586945
1767708930890489300;0.000457763671875;0.0272064208984375;1.00225830078125;-0.009152219630777836;-0.006329801399260759;-0.003073820611461997
1767708930900489200;-0.0013275146484375;0.0269012451171875;1.0023193359375;-0.006440855097025633;-0.006630471907556057;0.002560895634815097
1767708930910490600;0.0010223388671875;0.0277252197265625;1.0022125244140625;-0.004534298088401556;-0.00754952896386385;0.002763562137261033
1767708930920490500;0.005767822265625;0.0279388427734375;1.0024871826171875;-0.0014082795241847634;-0.01005290076136589;0.0012098740553483367
1767708930930490400;0.008270263671875;0.02789306640625;1.0012969970703125;-0.003251453395932913;-0.010276073589920998;0.0022711437195539474
1767708930940491500;0.0062713623046875;0.028533935546875;0.9967803955078125;-0.0027169568929821253;-0.006015548016875982;0.004095941781997681
1767708930950491400;0.003204345703125;0.02679443359375;0.995208740234375;-0.004706338047981262;-0.0018383801216259599;0.006184126250445843
1767708930960491500;0.00347900390625;0.0266571044921875;0.99676513671875;-0.006307430565357208;-0.0022391858510673046;0.007017695810645819
1767708930970492400;0.0046539306640625;0.026611328125;0.9993133544921875;-0.0057321880012750626;-0.006432066671550274;0.007861651480197906
1767708930980492300;0.00616455078125;0.0251312255859375;1.00177001953125;-0.00746164470911026;-0.005227252375334501;0.0075785573571920395
1767708930990492400;0.0057220458984375;0.0251617431640625;1.0025177001953125;-0.0038360171020030975;-0.004101534374058247;0.004294347018003464
1767708931000492300;0.008148193359375;0.02447509765625;1.0027618408203125;-0.006357231643050909;-0.0020642161834985018;0.0008623315370641649
1767708931010493400;0.0070953369140625;0.024139404296875;1.0040130615234375;-0.00506985979154706;-0.0027952538803219795;-0.0007930893916636705
1767708931020493600;0.002410888671875;0.0242767333984375;1.0015716552734375;-0.006072007119655609;-0.0030389330349862576;-0.0018738001817837358
1767708931030493400;0.0006561279296875;0.0265045166015625;0.9988250732421875;-0.006047239992767572;0.0022298647090792656;-0.0014516890514642
1767708931040494300;0.0014801025390625;0.02496337890625;1.001251220703125;-0.005275988485664129;0.004576109815388918;-0.0009411611245013773
1767708931050494500;0.001861572265625;0.0258331298828125;1.00433349609375;-0.0070579093880951405;0.0007451524725183845;-0.0019949739798903465
1767708931060494300;0.00457763671875;0.026947021484375;1.0048828125;-0.0037883466575294733;-0.0015981629258021712;-0.0067633637227118015
1767708931070495500;0.0066680908203125;0.0262451171875;1.0062408447265625;-0.0036304211243987083;-0.004895955324172974;-0.009349293075501919
1767708931080495400;0.0081939697265625;0.0261993408203125;1.00323486328125;-0.003897269954904914;-0.006390787661075592;-0.016156865283846855
1767708931090495200;0.0109405517578125;0.0260772705078125;1.00360107421875;-0.004202468320727348;-0.011546934023499489;-0.015623700805008411
1767708931100495400;0.0063018798828125;0.0245819091796875;1.003204345703125;-0.003727360162883997;-0.011169031262397766;-0.011662781238555908
1767708931110496500;0.002716064453125;0.0263519287109375;0.9995574951171875;-0.003482881933450699;-0.004480768460780382;-0.008286692202091217
1767708931120496400;0.001312255859375;0.0279693603515625;0.997955322265625;-0.0016162724932655692;-0.0033459956757724285;-0.006941795814782381
1767708931130496500;0.0056304931640625;0.02813720703125;0.996063232421875;-0.002037318190559745;-0.0027260116767138243;-0.011718708090484142
1767708931140497400;0.0078887939453125;0.02655029296875;0.9974365234375;-0.0006173207075335085;-0.0024533038958907127;-0.015366439707577229
1767708931150497500;0.0081634521484375;0.0246429443359375;1.0013275146484375;-0.00004900216299574822;-0.003865312086418271;-0.020410733297467232
1767708931160497400;0.00830078125;0.0252685546875;1.002532958984375;0.00036378781078383327;-0.004465588368475437;-0.022723954170942307
1767708931170498300;0.0059814453125;0.02593994140625;1.00201416015625;-0.00008495483780279756;-0.00586641114205122;-0.02268320880830288
1767708931180498400;0.0040740966796875;0.0259246826171875;1.002471923828125;0.0003579288604669273;-0.004126834217458963;-0.02087918296456337
1767708931190498300;0.0043792724609375;0.0277099609375;1.003936767578125;0.0008349010022357106;-0.006107693538069725;-0.019651731476187706
1767708931200498400;0.00714111328125;0.0278472900390625;1.005462646484375;0.0005960154230706394;-0.00956634059548378;-0.02359560690820217
1767708931210499600;0.0072479248046875;0.02740478515625;1.0023040771484375;-0.0019627497531473637;-0.0116750318557024;-0.02082059346139431
1767708931220499500;0.003204345703125;0.02911376953125;0.99951171875;-0.004505003336817026;-0.009226521477103233;-0.018879681825637817
1767708931230499600;0.000701904296875;0.03057861328125;0.9962158203125;-0.0036962011363357306;-0.006687197368592024;-0.01284868735820055
1767708931240500500;-0.0022125244140625;0.03228759765625;0.9954986572265625;-0.005125519819557667;-0.0013398362789303064;-0.009296029806137085
1767708931250500400;0.0006561279296875;0.0314483642578125;0.9969024658203125;-0.005027248989790678;-0.003662112867459655;-0.007212639320641756
1767708931260500500;0.0015716552734375;0.029937744140625;0.998291015625;-0.001845038030296564;-0.004529770463705063;-0.0057532270438969135
1767708931270501400;-0.0001678466796875;0.02984619140625;0.999267578125;-0.0016676714876666665;-0.0013480921043083072;-0.0010394317796453834
1767708931280501200;0.0010223388671875;0.0311126708984375;0.9993438720703125;-0.001008539111353457;-0.0034991272259503603;-0.00224903947673738
1767708931290501400;0.00518798828125;0.0307159423828125;1.001434326171875;-0.003914047963917255;-0.005630188621580601;-0.0008761800127103925
1767708931300502500;0.0045013427734375;0.027740478515625;1.000640869140625;-0.006371612660586834;-0.003847468877211213;0.0024764735717326403
1767708931310502700;0.0020599365234375;0.02764892578125;1.000244140625;-0.008852347731590271;0.0017126789316534996;0.002129996195435524
1767708931320502500;0.0010528564453125;0.0286712646484375;0.9999847412109375;-0.009412144310772419;0.0036551884841173887;-0.0002817624481394887
1767708931330502400;0.00469970703125;0.028289794921875;1.000701904296875;-0.008256864733994007;0.004379302263259888;-0.003739078063517809
1767708931340503600;0.0045166015625;0.02935791015625;1.000518798828125;-0.005556951742619276;0.0033396040089428425;-0.0014540859265252948
1767708931350503400;0.0049285888671875;0.0306854248046875;1.0022430419921875;-0.005423527676612139;0.001847967505455017;0.0006918892613612115
1767708931360503600;0.0050048828125;0.0279388427734375;1.0027618408203125;-0.004489290527999401;-0.0016825852217152715;0.0006301039247773588
1767708931370504000;0.002532958984375;0.025787353515625;1.0027618408203125;-0.00484322477132082;-0.003064233111217618;0.0032653016969561577
1767708931380503800;0.00225830078125;0.0241241455078125;1.003173828125;-0.006839796435087919;-0.003662112867459655;0.004628307651728392
1767708931390504000;0.0037689208984375;0.02667236328125;0.999053955078125;-0.006857373286038637;-0.00577746145427227;0.0025100293569266796
1767708931400504800;0.0058441162109375;0.0294342041015625;0.9986572265625;-0.006423011887818575;-0.0015717976493760943;-0.0030101709999144077
1767708931410504700;0.0050506591796875;0.030364990234375;0.998779296875;-0.0032953955233097076;0.004197141621261835;-0.004701278172433376
1767708931420504800;0.0036773681640625;0.02734375;1.0010833740234375;0.00013928332191426307;0.011477159336209297;-0.004780107643455267
1767708931430505700;0.00146484375;0.0239105224609375;1.0040283203125;-0.00039468047907575965;0.007919708266854286;0.001116130850277841
1767708931440505900;-0.0009765625;0.0218353271484375;1.0040130615234375;-0.0021017666440457106;0.00025246766745112836;0.005102616734802723
1767708931450505700;0.0052337646484375;0.0228118896484375;1.0030059814453125;-0.007389206904917955;-0.006481601390987635;0.001838646363466978
1767708931460505600;0.010894775390625;0.0266876220703125;1.00067138671875;-0.011094729416072369;-0.003846403444185853;-0.0021576930303126574
1767708931470507000;0.0073394775390625;0.03082275390625;0.9962310791015625;-0.012469452805817127;-0.002615756820887327;-0.007995075546205044
1767708931480507000;0.005828857421875;0.030242919921875;0.99993896484375;-0.010312558151781559;-0.0009928264189511538;-0.0111607750877738
1767708931490507000;0.0007476806640625;0.0316925048828125;0.99945068359375;-0.008186290971934795;-0.0035473306197673082;-0.004750014282763004
1767708931500508000;-0.003662109375;0.0309295654296875;1.001068115234375;-0.0022530341520905495;-0.006756706163287163;-0.002989664673805237
1767708931510507800;-0.0043792724609375;0.029632568359375;1.0013427734375;0.002266616327688098;-0.005289836786687374;-0.0011377023765817285
1767708931520508000;-0.003448486328125;0.028564453125;1.000946044921875;0.001877262257039547;0.0007094661123119295;0.00019361180602572858
1767708931530508800;-0.002777099609375;0.0278778076171875;0.9997100830078125;0.0005608617211692035;0.004298874642699957;-0.0011416971683502197
1767708931540508700;0.003082275390625;0.0284423828125;0.9984893798828125;-0.0019124159589409828;0.005964681971818209;-0.006866161711513996
1767708931550508800;0.00433349609375;0.02716064453125;0.999114990234375;-0.0035385421942919493;0.0033577135764062405;-0.008924518711864948
1767708931560508700;0.005950927734375;0.0287933349609375;1.0020904541015625;-0.0038812910206615925;-0.0014777880860492587;-0.01423486229032278
1767708931570509800;0.0054168701171875;0.0274200439453125;1.0028076171875;-0.004424042999744415;-0.006080529186874628;-0.016169382259249687
1767708931580510000;0.002838134765625;0.0256805419921875;1.0052947998046875;-0.003299922915175557;-0.006684800609946251;-0.011668373830616474
1767708931590509800;0.0004425048828125;0.02374267578125;1.004302978515625;-0.0029728866647928953;-0.010913367383182049;-0.010280600748956203
1767708931600510700;0.00299072265625;0.022857666015625;1.0014495849609375;-0.0020682108588516712;-0.012672917917370796;-0.011994611471891403
1767708931610510800;0.00445556640625;0.025299072265625;1.0005950927734375;-0.002930276095867157;-0.014296380802989006;-0.01446948666125536
1767708931620510700;0.0025177001953125;0.0276947021484375;1.0015869140625;-0.0017222663154825568;-0.014140586368739605;-0.02002563886344433
1767708931630511900;0.002197265625;0.028900146484375;1.0002899169921875;-0.0013291836949065328;-0.009679525159299374;-0.021992383524775505
1767708931640511700;-0.0023040771484375;0.0296173095703125;0.9993133544921875;-0.0030631679110229015;-0.0060208747163414955;-0.023600667715072632
1767708931650511600;-0.0012969970703125;0.0275726318359375;0.9982757568359375;-0.00159443449229002;-0.0071039823815226555;-0.024457139894366264
1767708931660513000;-0.001556396484375;0.0270538330078125;0.9994659423828125;-0.003899400355294347;-0.0036490634083747864;-0.022340459749102592
1767708931670513000;0.000274658203125;0.0260009765625;1.0015106201171875;-0.00350472005084157;-0.0049100699834525585;-0.022958844900131226
1767708931680513000;0.0036163330078125;0.0287322998046875;1.0032196044921875;-0.004750280175358057;-0.0070467242039740086;-0.024807877838611603
1767708931690513000;0.0021820068359375;0.0286407470703125;1.0008544921875;-0.008068046532571316;-0.007623032201081514;-0.02394341677427292
1767708931700513800;0.0011138916015625;0.02978515625;1.0004425048828125;-0.005499427672475576;-0.012379171326756477;-0.01812147907912731
1767708931710514000;0.0002899169921875;0.0296630859375;1.0010833740234375;-0.0026442527305334806;-0.016530239954590797;-0.013864416629076004
1767708931720513800;-0.00115966796875;0.0324554443359375;1.0019378662109375;-0.00010492854926269501;-0.015119831077754498;-0.012049471959471703
1767708931730514700;0.0003662109375;0.032379150390625;0.9989013671875;0.0020937772933393717;-0.016509201377630234;-0.0123030049726367
1767708931740514800;0.0020751953125;0.0318603515625;1.0001373291015625;0.0027025758754462004;-0.015212242491543293;-0.016831444576382637
1767708931750514700;0.0039520263671875;0.03009033203125;1.0017547607421875;0.00273133791051805;-0.01920112408697605;-0.024878984317183495
1767708931760515800;0.0035552978515625;0.0264892578125;1.000244140625;0.0017725999932736158;-0.01936890371143818;-0.02130129374563694
1767708931770516000;0.0001068115234375;0.029205322265625;1.0002593994140625;-0.0030213561840355396;-0.022537000477313995;-0.01810683123767376
1767708931780515800;-0.00042724609375;0.0255889892578125;0.9982757568359375;-0.0022085595410317183;-0.03869865834712982;-0.019640546292066574
1767708931790516000;0.00335693359375;0.02850341796875;1.001708984375;-0.005982258822768927;-0.030289461836218834;-0.01690308377146721
1767708931800516900;-0.0037841796875;0.0273284912109375;0.9993743896484375;-0.003323092358186841;-0.019238408654928207;-0.022953253239393234
1767708931810516700;0.001007080078125;0.0299224853515625;1.0020904541015625;-0.0034703651908785105;-0.018251175060868263;-0.023663517087697983
1767708931820516900;-0.0030975341796875;0.027252197265625;0.9998016357421875;-0.004846953321248293;-0.01564447395503521;-0.023151658475399017
1767708931830517800;-0.0048370361328125;0.0294647216796875;1.0005950927734375;-0.0041132522746920586;-0.008610266260802746;-0.016261793673038483
1767708931840517600;-0.00927734375;0.0298919677734375;1.0007781982421875;-0.001184041379019618;-0.008351407013833523;-0.013247095979750156
1767708931850517800;-0.002105712890625;0.0288543701171875;1.0004425048828125;-0.0032953955233097076;-0.011583153158426285;-0.012542955577373505
1767708931860519000;-0.00079345703125;0.03021240234375;1.0008392333984375;-0.0024048343766480684;-0.0072355424053967;-0.010701113380491734
1767708931870519000;-0.004180908203125;0.030517578125;1.0015869140625;-0.0014503574930131435;-0.0034088462125509977;-0.011064635589718819
1767708931880519000;-0.0045166015625;0.0297698974609375;1.0031585693359375;-0.0027603665366768837;-0.002251702593639493;-0.009106412529945374
1767708931890519800;-0.0045623779296875;0.030242919921875;1.0029754638671875;-0.0020503676496446133;-0.002130528911948204;-0.008285893127322197
1767708931900520000;-0.0024871826171875;0.02996826171875;1.00250244140625;-0.003299123840406537;-0.0012463594321161509;-0.007592406123876572
1767708931910519800;-0.00018310546875;0.030670166015625;1.00030517578125;-0.004108192399144173;-0.0006956176948733628;-0.009093097411096096
1767708931920520000;-0.002105712890625;0.0287322998046875;1.000640869140625;-0.006717291194945574;0.004489823244512081;-0.007765245158225298
1767708931930520800;-0.0056915283203125;0.030670166015625;0.9985198974609375;-0.005601692944765091;0.010230799205601215;-0.0038959383964538574
1767708931940520700;-0.0068817138671875;0.0328369140625;0.9978790283203125;-0.006568952929228544;0.01284815464168787;0.0015781891997903585
1767708931950520800;-0.0054168701171875;0.0319976806640625;0.9984283447265625;-0.002686863299459219;0.013979731127619743;0.003573429537937045
1767708931960521700;-0.0019073486328125;0.031280517578125;0.998931884765625;-0.0038980687968432903;0.016379505395889282;0.004505003336817026
1767708931970521900;-0.003448486328125;0.028045654296875;1.0006103515625;-0.0028181569650769234;0.009972739033401012;0.011427091434597969
1767708931980522000;-0.0045013427734375;0.0269775390625;1.003021240234375;-0.004480502102524042;0.010559167712926865;0.013719541020691395
1767708931990523000;-0.0014190673828125;0.0262451171875;1.0008697509765625;-0.0043987431563436985;0.005166798830032349;0.011412976309657097
1767708932000522800;0.0043792724609375;0.0276031494140625;1.0027618408203125;-0.00464588450267911;0.00015286543930415064;0.008071241900324821
1767708932010523000;0.000579833984375;0.0301971435546875;1.0012359619140625;-0.00413509039208293;0.0009510148083791137;0.0018394453218206763
1767708932020522800;-0.00311279296875;0.0320281982421875;0.9992828369140625;-0.0006772418855689466;0.01305321790277958;-0.004713262431323528
1767708932030524000;-0.0043792724609375;0.02850341796875;1.000640869140625;0.0002383529208600521;0.01727512665092945;-0.001924666459672153
1767708932040523800;-0.0052642822265625;0.024261474609375;1.0030517578125;0.0015126754296943545;0.014223410747945309;0.0018913770327344537
1767708932050523600;-0.0055694580078125;0.02301025390625;1.0044708251953125;-0.00006444849714171141;0.006305033806711435;0.004782504867762327
1767708932060524800;0.000885009765625;0.0216064453125;1.00439453125;-0.004003529902547598;-0.0016471651615574956;0.0013148026773706079
1767708932070525000;0.0058441162109375;0.0237274169921875;1.0013885498046875;-0.008481369353830814;-0.004079962614923716;-0.005242965184152126
1767708932080524800;0.000640869140625;0.027557373046875;0.9983367919921875;-0.009471265599131584;-0.005112736485898495;-0.004156928043812513
1767708932090526000;-0.0028228759765625;0.028564453125;0.99932861328125;-0.008505337871611118;-0.010506702587008476;-0.005800365004688501
1767708932100525800;-0.0040283203125;0.028656005859375;1.0009613037109375;-0.00503923324868083;-0.009396697394549847;-0.004014182835817337
1767708932110526000;-0.0096588134765625;0.029815673828125;1.0015411376953125;-0.00210735946893692;-0.007693605963140726;0.00048602689639665186
1767708932120526800;-0.00933837890625;0.0292205810546875;1.00341796875;-0.00009507485083304346;-0.0060080913826823235;-0.0024740765802562237
1767708932130526700;-0.0059051513671875;0.028076171875;1.00396728515625;0.0009677927591837943;-0.0029499835800379515;-0.0024802018888294697
1767708932140526800;-0.002532958984375;0.0279083251953125;1.00048828125;0.0017627463676035404;-0.0031577101908624172;-0.005506884306669235
1767708932150526700;-0.001983642578125;0.02716064453125;0.998748779296875;-0.0005006743012927473;-0.0003483414766378701;-0.00689119566231966
1767708932160527600;-0.004241943359375;0.0266876220703125;0.9994964599609375;-0.001716673607006669;0.0026554379146546125;-0.004649346694350243
1767708932170527700;-0.00091552734375;0.026611328125;1.0002899169921875;-0.0025656893849372864;0.0024051007349044085;-0.005573197267949581
1767708932180527900;0.000518798828125;0.0276031494140625;1.0015411376953125;-0.0005539375124499202;0.005545500200241804;-0.008553540334105492
1767708932190528800;-0.002838134765625;0.028472900390625;1.0005950927734375;0.0011880361707881093;0.00433056615293026;-0.0062792012467980385
1767708932200529000;-0.0016021728515625;0.02838134765625;1.0023193359375;0.0006250438746064901;-0.0011443602852523327;-0.006207828409969807
1767708932210528800;-0.003082275390625;0.0275726318359375;1.004302978515625;0.0004724447790067643;-0.0035811527632176876;-0.006216084118932486
1767708932220530000;-0.00152587890625;0.0282440185546875;1.0026702880859375;0.0007486145477741957;-0.002560629276558757;-0.008993495255708694
1767708932230529800;-0.0011749267578125;0.0272064208984375;1.0018157958984375;0.0016053534345701337;-0.0033965955954045057;-0.013993579894304276
1767708932240529700;-0.002716064453125;0.0274505615234375;0.9987640380859375;0.0018679412314668298;-0.0014620753936469555;-0.014583736658096313
1767708932250529800;-0.0058441162109375;0.0269927978515625;0.9970550537109375;0.001318264752626419;0.0006572681595571339;-0.015854863449931145
1767708932260530700;-0.0066680908203125;0.0276947021484375;0.9991302490234375;0.00039068571641109884;0.0017129451734945178;-0.013494237326085567
1767708932270530800;-0.004791259765625;0.028350830078125;0.998687744140625;-0.000538491178303957;-0.001210673013702035;-0.01170406024903059
1767708932280531000;-0.003936767578125;0.028778076171875;1.0010223388671875;-0.0035233621019870043;-0.0029348034877330065;-0.013746438547968864
1767708932290531800;-0.0009613037109375;0.029022216796875;1.00311279296875;-0.0028703550342470407;-0.003344131400808692;-0.011693674139678478
1767708932300532000;-0.0016632080078125;0.03155517578125;1.002105712890625;-0.002840527566149831;-0.004769721534103155;-0.009088569320738316
1767708932310531800;-0.003997802734375;0.032745361328125;1.0007781982421875;-0.0013701963471248746;-0.0032743564806878567;-0.010178601369261742
1767708932320532700;-0.0021209716796875;0.030792236328125;1.0005340576171875;0.0006359628750942647;-0.005373193882405758;-0.006852313410490751
1767708932330532900;-0.0017242431640625;0.0318603515625;1.001251220703125;-0.002945189829915762;-0.014040185138583183;-0.0016948357224464417
1767708932340532700;-0.00164794921875;0.029754638671875;0.9978179931640625;-0.0015227955300360918;-0.005027248989790678;-0.0046693203039467335
1767708932350533600;-0.001373291015625;0.0297088623046875;0.999298095703125;-0.0010215885704383254;-0.0057039582170546055;-0.0065383268520236015
1767708932360533800;-0.0021209716796875;0.0273590087890625;1.0014190673828125;0.00037523938226513565;-0.011597533710300922;-0.009533051401376724
1767708932370534100;-0.003326416015625;0.02685546875;1.002471923828125;-0.00015233281010296196;-0.008041680790483952;-0.010030795820057392
1767708932380534300;-0.0063323974609375;0.027801513671875;0.999237060546875;0.0008436894277110696;-0.008883239701390266;-0.01176105160266161
1767708932390535200;-0.003387451171875;0.026702880859375;1.0016326904296875;0.0017153420485556126;-0.010208162479102612;-0.013375726528465748
1767708932400535000;-0.00091552734375;0.0276947021484375;1.00335693359375;0.00006578007742064074;-0.008882175199687481;-0.01438320055603981
1767708932410535200;-0.0023651123046875;0.0298919677734375;1.0033416748046875;-0.0005427522119134665;-0.006908239796757698;-0.018329739570617676
1767708932420536000;-0.003509521484375;0.0283660888671875;1.0018463134765625;-0.004444282967597246;-0.008930377662181854;-0.01961924135684967
1767708932430536000;-0.0055084228515625;0.0280609130859375;1.0010223388671875;-0.005000350996851921;-0.009977798908948898;-0.017527328804135323
1767708932440536000;-0.0035858154296875;0.029693603515625;1.002166748046875;-0.005434180144220591;-0.010232663713395596;-0.018193384632468224
1767708932450537000;-0.0055694580078125;0.0306549072265625;1.0040130615234375;-0.0037113812286406755;-0.016326243057847023;-0.016057530418038368
1767708932460536800;-0.008026123046875;0.032440185546875;1.003448486328125;-0.0016618125373497605;-0.01606844924390316;-0.015246064402163029
1767708932470537000;-0.008148193359375;0.030975341796875;1.002288818359375;0.001898034941405058;-0.013907293789088726;-0.011537079699337482
1767708932480537000;-0.0096435546875;0.0321044921875;1.00146484375;0.0030514500103890896;-0.012525378726422787;-0.009971141815185547
1767708932490538200;-0.0076446533203125;0.0304412841796875;0.998748779296875;0.0039116512052714825;-0.008859537541866302;-0.012413792312145233
1767708932500538000;-0.0074310302734375;0.0289459228515625;0.9982452392578125;0.00015153386630117893;-0.0068176924251019955;-0.014460165984928608
1767708932510538000;-0.0069427490234375;0.0286407470703125;0.99615478515625;-0.000720118754543364;-0.0014234596164897084;-0.011958658695220947
1767708932520539100;-0.01031494140625;0.028350830078125;0.998321533203125;-0.0022746059112250805;0.0019630161114037037;-0.008041148073971272
1767708932530539000;-0.0081024169921875;0.02850341796875;0.997955322265625;-0.0017052220646291971;0.0031912659760564566;-0.005689843557775021
1767708932540539100;-0.0036163330078125;0.02801513671875;1.002166748046875;-0.003954527899622917;0.0008114652009680867;-0.006244846619665623
1767708932550540000;-0.0036773681640625;0.0286407470703125;1.00274658203125;-0.004110589157789946;0.001282312092371285;-0.0016508935950696468
1767708932560540000;-0.007904052734375;0.032318115234375;1.0008544921875;-0.006926882080733776;0.0020072245970368385;-0.0013281183782964945
1767708932570540000;-0.0076446533203125;0.03326416015625;0.9988250732421875;-0.006617422681301832;0.002356364857405424;-0.0041156490333378315
1767708932580541200;-0.0055084228515625;0.033721923828125;0.99822998046875;-0.006037119776010513;0.003088467987254262;-0.0059257997199893
1767708932590541000;-0.0081634521484375;0.03070068359375;0.9991455078125;-0.003763312939554453;0.002856240142136812;-0.005591839086264372
1767708932600541200;-0.0119171142578125;0.0282440185546875;0.9987030029296875;-0.0033683660440146923;0.002017078222706914;0.0002479403046891093
1767708932610541000;-0.0081787109375;0.026123046875;1.0021820068359375;-0.005085039883852005;-0.001894839107990265;0.003462375607341528
1767708932620542000;-0.004486083984375;0.028228759765625;1.0005340576171875;-0.006423810962587595;-0.0029968551825731993;0.002326803747564554
1767708932630542000;-0.0081024169921875;0.0315093994140625;1.0008392333984375;-0.006595850922167301;0.001389104756526649;0.0009121326729655266
1767708932640542000;-0.0109405517578125;0.03192138671875;1.00042724609375;-0.007724498864263296;0.006615558639168739;-0.0014543522847816348
1767708932650542800;-0.0087738037109375;0.0291290283203125;1.000335693359375;-0.0052083441987633705;0.008385228924453259;-0.005673864856362343
1767708932660543000;-0.0108184814453125;0.025360107421875;1.0029144287109375;-0.0049161952920258045;0.008823851123452187;-0.0008056062506511807
1767708932670542800;-0.0127716064453125;0.025390625;1.001922607421875;-0.00723474333062768;0.006217149551957846;0.002498843939974904
1767708932680544300;-0.004302978515625;0.024993896484375;1.00579833984375;-0.007934888824820518;0.0011062771081924438;0.000660463934764266
1767708932690544000;-0.0008392333984375;0.0281219482421875;1.0036163330078125;-0.00774686923250556;-0.000565389113035053;-0.006746053230017424
1767708932700544000;-0.0020294189453125;0.029449462890625;1.0005645751953125;-0.008302937261760235;-0.0009209210984408855;-0.012558935210108757
1767708932710545200;-0.008697509765625;0.03094482421875;1.001922607421875;-0.00911386962980032;-0.002981142606586218;-0.011100322008132935
1767708932720545000;-0.012237548828125;0.03253173828125;1.0020294189453125;-0.006789728999137878;-0.00561101408675313;-0.006079730577766895
1767708932730545200;-0.0145263671875;0.0350799560546875;1.0033721923828125;-0.0062850601971149445;-0.007890413515269756;0.0011054781498387456
1767708932740545000;-0.01385498046875;0.0369415283203125;1.004608154296875;-0.007302653975784779;-0.008775115944445133;0.004722050856798887
1767708932750546000;-0.0142974853515625;0.0382843017578125;1.00689697265625;-0.007637679576873779;-0.012571718543767929;0.013629525899887085
1767708932760546000;-0.0199127197265625;0.0402069091796875;1.0073699951171875;-0.008495483547449112;-0.01744050905108452;0.023779630661010742
1767708932770546000;-0.0228729248046875;0.041229248046875;1.0080413818359375;-0.00461685610935092;-0.024803083389997482;0.03487782180309296
1767708932780547000;-0.0206146240234375;0.0416259765625;1.012939453125;-0.0023941819090396166;-0.038175616413354874;0.03924673795700073
1767708932790547200;-0.016754150390625;0.0417633056640625;1.0142669677734375;0.0018186726374551654;-0.050751328468322754;0.04605484381318092
1767708932800547000;-0.0144805908203125;0.03936767578125;1.0122222900390625;0.006446980405598879;-0.06323809176683426;0.05446244403719902
1767708932810548000;-0.0115509033203125;0.037933349609375;1.0132293701171875;0.011069162748754025;-0.0776042491197586;0.06246604025363922
1767708932820548000;-0.0087432861328125;0.0393218994140625;1.0120391845703125;0.020082632079720497;-0.0868198499083519;0.0653262734413147
1767708932830548000;-0.006805419921875;0.0355224609375;1.010467529296875;0.02202301099896431;-0.0976535901427269;0.0611317977309227
1767708932840548000;-0.0060577392578125;0.029693603515625;1.0107879638671875;0.023605193942785263;-0.10173089057207108;0.053290385752916336
1767708932850549000;-0.008575439453125;0.023345947265625;1.0062713623046875;0.020126307383179665;-0.09709832072257996;0.04736565053462982
1767708932860548900;-0.0059356689453125;0.0215911865234375;1.0013885498046875;0.01985013671219349;-0.09742029756307602;0.033853303641080856
1767708932870549000;0.001953125;0.022369384765625;0.998809814453125;0.022003568708896637;-0.10643403232097626;0.006177734583616257
1767708932880550100;0.0048980712890625;0.0242156982421875;1.003082275390625;0.03133555129170418;-0.11302988231182098;-0.006048038601875305
1767708932890550000;-0.0003204345703125;0.02691650390625;1.0056304931640625;0.039794549345970154;-0.12665008008480072;-0.002910568844527006
1767708932900550100;-0.0060882568359375;0.0290985107421875;1.006378173828125;0.050690606236457825;-0.13439376652240753;0.003462908323854208
1767708932910551000;-0.0169677734375;0.0330352783203125;1.00042724609375;0.05555673688650131;-0.13354980945587158;0.008459530770778656
1767708932920551200;-0.02288818359375;0.03802490234375;0.9761505126953125;0.07000891119241714;-0.11575029790401459;0.013881194405257702
1767708932930551000;-0.0258636474609375;0.0447235107421875;0.972991943359375;0.050880756229162216;-0.10344357043504715;0.040999364107847214
1767708932940552000;-0.0229949951171875;0.03173828125;0.981781005859375;0.03734870254993439;-0.0690365880727768;0.0350666418671608
1767708932950552000;-0.01641845703125;0.03326416015625;0.9700927734375;0.036081839352846146;-0.039258990436792374;0.029768282547593117
1767708932960552000;-0.0165557861328125;0.0308074951171875;0.9775848388671875;0.028386633843183517;-0.02497405931353569;0.02485767938196659
1767708932970552000;-0.007904052734375;0.015838623046875;0.9873199462890625;0.02695172280073166;-0.022002236917614937;0.016986707225441933
1767708932980553200;-0.0057373046875;0.00994873046875;0.99725341796875;0.025522669777274132;-0.029091838747262955;0.021339643746614456
1767708932990553000;-0.005096435546875;0.0074615478515625;1.013458251953125;0.024472586810588837;-0.04771958664059639;0.024322649464011192
1767708933000553200;-0.0010986328125;0.006866455078125;1.027862548828125;0.020144416019320488;-0.06166229769587517;0.023477895185351372
1767708933010554000;0.0016021728515625;0.00738525390625;1.0239105224609375;0.010261958464980125;-0.0775270164012909;0.018990201875567436
1767708933020554000;0.003143310546875;0.00592041015625;1.0146484375;-0.0020780644845217466;-0.08314681798219681;0.009474994614720345
1767708933030554000;0.003814697265625;0.0028076171875;1.002899169921875;-0.017857294529676437;-0.07924608886241913;0.0024865935556590557
1767708933040555000;-0.0025787353515625;0.0017242431640625;0.99383544921875;-0.03429991751909256;-0.06722617149353027;0.0009424926829524338
1767708933050555000;-0.0031280517578125;0.002899169921875;0.99591064453125;-0.04632408916950226;-0.05921272188425064;-0.004670385736972094
1767708933060555000;-0.00970458984375;0.008880615234375;0.9971923828125;-0.04742716997861862;-0.045584261417388916;-0.00863023940473795
1767708933070556200;-0.01953125;0.015380859375;1.00238037109375;-0.04031866043806076;-0.04036872833967209;-0.01931244507431984
1767708933080556000;-0.0246429443359375;0.016143798828125;1.0077362060546875;-0.0318111926317215;-0.0456836000084877;-0.02099050208926201
1767708933090556200;-0.026336669921875;0.014007568359375;1.007232666015625;-0.02570323273539543;-0.06004176661372185;-0.014067615382373333
1767708933100556000;-0.0274658203125;0.0164794921875;1.00634765625;-0.02527419663965702;-0.04634379595518112;0.014084925875067711
1767708933110557200;-0.0347747802734375;0.0221710205078125;1.0016937255859375;-0.032584041357040405;-0.05447123199701309;0.024870995432138443
1767708933120557000;-0.0161590576171875;0.01763916015625;0.997283935546875;-0.045934733003377914;-0.0750979483127594;-0.019181150943040848
1767708933130557200;-0.0009307861328125;0.0114593505859375;1.0013427734375;-0.045886266976594925;-0.0922313928604126;-0.04351445287466049
1767708933140558000;-0.006591796875;0.026275634765625;0.984130859375;-0.03880918025970459;-0.06583414226770401;-0.05685050040483475
1767708933150558000;-0.015045166015625;0.0221710205078125;1.0011444091796875;-0.05620601400732994;-0.07640742510557175;-0.07252852618694305
1767708933160558000;-0.0070648193359375;0.02044677734375;1.0033721923828125;-0.036489833146333694;-0.05259902775287628;-0.1080673485994339
1767708933170559200;-0.018035888671875;0.01947021484375;0.9933013916015625;-0.046908654272556305;-0.0630069300532341;-0.1325252801179886
1767708933180559000;-0.0219268798828125;0.0247955322265625;0.9962310791015625;-0.03347114101052284;-0.08260353654623032;-0.1298045963048935
1767708933190559200;-0.0374298095703125;0.0370330810546875;1.004974365234375;-0.03303784504532814;-0.08485656976699829;-0.13486912846565247
1767708933200559000;-0.0266876220703125;0.0314788818359375;0.9907379150390625;-0.016829580068588257;-0.0527644120156765;-0.161297008395195
1767708933210560000;-0.0228424072265625;0.0379791259765625;1.0099639892578125;-0.004730572924017906;-0.07602765411138535;-0.1824241429567337
1767708933220560100;-0.0246124267578125;0.03033447265625;1.0232086181640625;0.00974344089627266;-0.08171110600233078;-0.17480216920375824
1767708933230560000;-0.0487060546875;0.038818359375;1.0201263427734375;0.019232816994190216;-0.08451887965202332;-0.1653793752193451
1767708933240561000;-0.047698974609375;0.030487060546875;1.019622802734375;0.02882259339094162;-0.0996062159538269;-0.13768543303012848
1767708933250561000;-0.05548095703125;0.0277862548828125;1.0101165771484375;0.03310788422822952;-0.0881279930472374;-0.10652671009302139
1767708933260561000;-0.04949951171875;0.03900146484375;1.0085296630859375;0.041195373982191086;-0.09014081209897995;-0.11649518460035324
1767708933270562000;-0.043670654296875;0.0349273681640625;1.0056915283203125;0.0533260703086853;-0.054732486605644226;-0.10659222304821014
1767708933280562200;-0.0569000244140625;0.0414276123046875;0.992828369140625;0.06434063613414764;-0.04620158299803734;-0.10556557774543762
1767708933290562000;-0.0540618896484375;0.0419158935546875;0.9942169189453125;0.0692291408777237;-0.02419002540409565;-0.09875613451004028
1767708933300563200;-0.0633697509765625;0.040191650390625;0.989105224609375;0.07371097058057785;-0.01552356593310833;-0.08911709487438202
1767708933310563000;-0.0590667724609375;0.041473388671875;0.9818115234375;0.06848745048046112;0.002347576431930065;-0.08754662424325943
1767708933320563200;-0.060791015625;0.0346832275390625;0.9787445068359375;0.06229746341705322;0.030280940234661102;-0.0925871878862381
1767708933330563000;-0.05718994140625;0.031036376953125;0.9757843017578125;0.054793741554021835;0.028626585379242897;-0.102027028799057
1767708933340564000;-0.0570831298828125;0.028350830078125;0.985015869140625;0.046901728957891464;0.040895767509937286;-0.10592164099216461
1767708933350564000;-0.067779541015625;0.02471923828125;0.9904937744140625;0.03795350715517998;0.05648910999298096;-0.10415197163820267
1767708933360564000;-0.0692291259765625;0.0258331298828125;0.994415283203125;0.037570543587207794;0.07839307188987732;-0.11417637020349503
1767708933370565000;-0.0578460693359375;0.024658203125;0.9913330078125;0.023560985922813416;0.08271724730730057;-0.11771091818809509
1767708933380565500;-0.0692901611328125;0.019775390625;0.9898681640625;0.023910658434033394;0.10037481039762497;-0.10701247304677963
1767708933390565400;-0.07122802734375;0.0310516357421875;0.9946136474609375;0.021195832639932632;0.09023775160312653;-0.11689199507236481
1767708933400566300;-0.052276611328125;0.0284881591796875;0.987518310546875;0.012168781831860542;0.09021218121051788;-0.11316623538732529
1767708933410566400;-0.06451416015625;0.0308837890625;0.985992431640625;0.01359490491449833;0.09759766608476639;-0.11092918366193771
1767708933420566300;-0.0587158203125;0.03369140625;0.9942626953125;0.01528894156217575;0.09377043694257736;-0.1088218241930008
1767708933430567200;-0.058319091796875;0.0333709716796875;0.9951019287109375;0.011183678172528744;0.07251494377851486;-0.11191215366125107
1767708933440567300;-0.0549468994140625;0.0314178466796875;0.99853515625;0.014936871826648712;0.06702643632888794;-0.09786930680274963
1767708933450567200;-0.0621337890625;0.0327606201171875;1.0061492919921875;0.01841336116194725;0.04500289633870125;-0.09711616486310959
1767708933460567300;-0.0565643310546875;0.0368804931640625;1.01007080078125;0.02093324437737465;0.028173048049211502;-0.08904998004436493
1767708933470568400;-0.0653533935546875;0.03515625;1.0109405517578125;0.024272317066788673;0.026280339807271957;-0.0845646858215332
1767708933480568300;-0.0579833984375;0.0319366455078125;1.0104217529296875;0.026203108951449394;0.011590342968702316;-0.08048738539218903
1767708933490568400;-0.058380126953125;0.0314178466796875;1.00750732421875;0.02996242605149746;0.0075548551976680756;-0.07923809438943863
1767708933500569300;-0.0579681396484375;0.0322723388671875;1.0014495849609375;0.03181225806474686;-0.0014365090755745769;-0.0822938084602356
1767708933510569200;-0.0602874755859375;0.02459716796875;0.992828369140625;0.031748607754707336;-0.018251175060868263;-0.06398830562829971
1767708933520569300;-0.065826416015625;0.0279693603515625;0.9994049072265625;0.027159448713064194;-0.018624018877744675;-0.05291061848402023
1767708933530570200;-0.0603790283203125;0.0218658447265625;0.9938201904296875;0.02480281889438629;-0.016987772658467293;-0.0486128106713295
1767708933540570400;-0.0595855712890625;0.0228729248046875;0.9992218017578125;0.018735870718955994;-0.019458919763565063;-0.0514080636203289
1767708933550570200;-0.059112548828125;0.023681640625;0.9929962158203125;0.017715081572532654;-0.012487562373280525;-0.04769961163401604
1767708933560570400;-0.064605712890625;0.02362060546875;0.99444580078125;0.022226208820939064;-0.001055943313986063;-0.05885452777147293
1767708933570571500;-0.058807373046875;0.0219268798828125;0.999420166015625;0.03075791336596012;0.005842975340783596;-0.05974429100751877
1767708933580571400;-0.05401611328125;0.0217742919921875;1.0067291259765625;0.037397440522909164;-0.010910971090197563;-0.06338056921958923
1767708933590571500;-0.049530029296875;0.0217132568359375;1.013275146484375;0.05180540680885315;-0.03672552481293678;-0.059118181467056274
1767708933600572400;-0.0507049560546875;0.0211029052734375;1.02264404296875;0.06895163655281067;-0.06458991020917892;-0.05174228921532631
1767708933610572300;-0.0521240234375;0.019256591796875;1.02386474609375;0.078463114798069;-0.09984537214040756;-0.044201016426086426
1767708933620572400;-0.050994873046875;0.020172119140625;1.0234832763671875;0.0851931944489479;-0.13454502820968628;-0.04267049953341484
1767708933630573300;-0.045135498046875;0.021575927734375;1.0208587646484375;0.08039098232984543;-0.15504443645477295;-0.04081400856375694
1767708933640573200;-0.0484161376953125;0.0222320556640625;1.0077362060546875;0.06945763528347015;-0.14883768558502197;-0.046012233942747116
1767708933650573300;-0.0523681640625;0.0252227783203125;0.995758056640625;0.06245379149913788;-0.14238590002059937;-0.048706285655498505
1767708933660574200;-0.0559844970703125;0.0245361328125;0.98626708984375;0.05709870532155037;-0.13785827159881592;-0.06327857077121735
1767708933670574300;-0.0455780029296875;0.0238494873046875;0.985015869140625;0.04180363938212395;-0.11648773401975632;-0.08019603788852692
1767708933680574500;-0.0545806884765625;0.01568603515625;0.97821044921875;0.03176511824131012;-0.1022091954946518;-0.07644497603178024
1767708933690574300;-0.0562286376953125;0.0123291015625;0.982635498046875;0.021768411621451378;-0.08106262981891632;-0.07018548250198364
1767708933700575200;-0.053253173828125;0.002471923828125;0.9911651611328125;0.022372949868440628;-0.08254121243953705;-0.058635082095861435
1767708933710575400;-0.053436279296875;0.0008392333984375;0.99737548828125;0.018746523186564445;-0.0688491016626358;-0.03485358878970146
1767708933720575200;-0.0639801025390625;-0.000335693359375;0.993133544921875;0.017487913370132446;-0.05866224691271782;-0.028024444356560707
1767708933730576400;-0.0587310791015625;-0.001800537109375;0.9963836669921875;0.02257428504526615;-0.06912793964147568;-0.026251310482621193
1767708933740576300;-0.052978515625;-0.0035400390625;0.9940948486328125;0.026501648128032684;-0.04555124044418335;-0.0194900780916214
1767708933750576400;-0.058380126953125;-0.0047149658203125;0.9928436279296875;0.024327177554368973;-0.030007433146238327;-0.01182230468839407
1767708933760577300;-0.055145263671875;-0.0107269287109375;0.9873046875;0.019235480576753616;-0.01525724958628416;-0.011300858110189438
1767708933770577400;-0.05230712890625;-0.012542724609375;0.98736572265625;0.009766077622771263;-0.00373002327978611;-0.012056396342813969
1767708933780577500;-0.049560546875;-0.014190673828125;0.989898681640625;0.0027856663800776005;0.0131496237590909;-0.018924422562122345
1767708933790578400;-0.05120849609375;-0.0143280029296875;0.992340087890625;-0.006995324976742268;0.02793016843497753;-0.026863304898142815
1767708933800578300;-0.052001953125;-0.011627197265625;0.9923553466796875;-0.011317103169858456;0.03936711326241493;-0.039562057703733444
1767708933810578400;-0.05303955078125;-0.0080718994140625;0.9952392578125;-0.015629027038812637;0.04899949952960014;-0.0498993843793869
1767708933820578300;-0.05499267578125;-0.0050506591796875;1.001251220703125;-0.016956079751253128;0.04813157767057419;-0.05600228160619736
1767708933830579200;-0.0503692626953125;-0.0049896240234375;1.0082244873046875;-0.017404023557901382;0.04117859527468681;-0.06476115435361862
1767708933840579300;-0.049285888671875;-0.003936767578125;1.00909423828125;-0.015916382893919945;0.031789619475603104;-0.06783444434404373
1767708933850579200;-0.0458221435546875;-0.0000152587890625;1.0093994140625;-0.011872371658682823;0.020777450874447823;-0.06799796223640442
1767708933860580000;-0.0455474853515625;0.0073394775390625;1.0070648193359375;-0.006847519893199205;0.014199175871908665;-0.06566236913204193
1767708933870580200;-0.0478668212890625;0.0113067626953125;1.0070953369140625;-0.00495054991915822;0.01257810927927494;-0.06286498159170151
1767708933880580400;-0.0511474609375;0.012420654296875;1.0035552978515625;-0.002695651724934578;0.020005932077765465;-0.06046734005212784
1767708933890581200;-0.0574493408203125;0.013916015625;1.000640869140625;0.0010333064710721374;0.02835121378302574;-0.057432398200035095
1767708933900581400;-0.0576171875;0.01397705078125;0.999359130859375;0.0009526127250865102;0.02474236488342285;-0.05735063925385475
1767708933910581200;-0.04974365234375;0.01214599609375;1.0027923583984375;0.0009398295660503209;0.01341647282242775;-0.05517324060201645
1767708933920581400;-0.0426177978515625;0.0125732421875;1.004486083984375;0.00026258768048137426;0.015134477987885475;-0.05723932012915611
1767708933930582300;-0.0459442138671875;0.01251220703125;0.9999542236328125;0.0027118970174342394;0.01631186157464981;-0.05420198664069176
1767708933940582400;-0.0516510009765625;0.0099029541015625;1.000091552734375;0.010363425128161907;0.012655607424676418;-0.042817238718271255
1767708933950582300;-0.059417724609375;0.008697509765625;1.0045318603515625;0.007630755193531513;0.006311425473541021;-0.03208310157060623
1767708933960583200;-0.05609130859375;0.000823974609375;0.993377685546875;0.01064838282763958;0.00782756321132183;-0.014035657979547977
1767708933970583300;-0.0603179931640625;0.0047454833984375;0.9987640380859375;0.018198445439338684;0.014860971830785275;-0.00743234995752573
1767708933980583400;-0.0515899658203125;0.00836181640625;0.9952545166015625;0.030351513996720314;0.006938866339623928;-0.01395789347589016
1767708933990584300;-0.0415191650390625;0.0085601806640625;0.99462890625;0.029170934110879898;0.0022572954185307026;-0.013586648739874363
1767708934000584400;-0.04498291015625;0.00579833984375;1.0045013427734375;0.02845294587314129;0.009193498641252518;-0.01131017878651619
1767708934010584300;-0.052978515625;0.0070648193359375;1.0016937255859375;0.02708568051457405;0.013315272517502308;-0.02107146382331848
1767708934020585200;-0.04388427734375;0.0032196044921875;0.9942474365234375;0.02690218761563301;0.014434599317610264;-0.025684058666229248
1767708934030585300;-0.04888916015625;0.00213623046875;0.99981689453125;0.027287013828754425;0.017229586839675903;-0.03370363637804985
1767708934040585200;-0.0509796142578125;0.002532958984375;1.0010528564453125;0.0287616066634655;0.02582280896604061;-0.034034132957458496
1767708934050585300;-0.0485687255859375;0.001739501953125;0.999725341796875;0.025379126891493797;0.015963787212967873;-0.04078178480267525
1767708934060586200;-0.042022705078125;0.00146484375;0.997039794921875;0.025978071615099907;0.013192234560847282;-0.04073943942785263
1767708934070586000;-0.0428314208984375;0.0033416748046875;1.0000457763671875;0.0255101528018713;0.008892294950783253;-0.038177747279405594
1767708934080586500;-0.0467376708984375;0.0010528564453125;1.00262451171875;0.022096779197454453;0.003209375310689211;-0.03821449726819992
1767708934090587400;-0.049346923828125;0.0011444091796875;0.9989471435546875;0.026219353079795837;0.009246761910617352;-0.03154247999191284
1767708934100587300;-0.0588836669921875;0.007720947265625;1.0018463134765625;0.028813539072871208;0.012525112368166447;-0.02695225551724434
1767708934110587400;-0.055694580078125;0.0120849609375;1.0021514892578125;0.03400909900665283;0.009617473930120468;-0.03291400894522667
1767708934120588300;-0.0555419921875;0.011932373046875;1.0069580078125;0.038846198469400406;0.017722005024552345;-0.024890435859560966
1767708934130588400;-0.06329345703125;0.0135040283203125;1.008880615234375;0.04450621455907822;0.014230867847800255;-0.017003217712044716
1767708934140588300;-0.059173583984375;0.0150299072265625;1.008026123046875;0.04267609119415283;0.019205652177333832;-0.018581407144665718
1767708934150588200;-0.05377197265625;0.0131988525390625;0.9990997314453125;0.053820885717868805;0.01167210191488266;-0.01387187372893095
1767708934160589300;-0.0501556396484375;0.016082763671875;1.0050201416015625;0.050338003784418106;-0.005036037415266037;0.0024341291282325983
1767708934170589200;-0.0436553955078125;0.0169219970703125;0.9971466064453125;0.061655376106500626;-0.019393671303987503;0.000669518718495965
1767708934180589300;-0.0430450439453125;0.0103302001953125;1.004425048828125;0.0560787171125412;-0.019705528393387794;0.008462460711598396
1767708934190590500;-0.052001953125;0.0105133056640625;1.003204345703125;0.05119820684194565;-0.040951427072286606;0.017102820798754692
1767708934200590300;-0.0522918701171875;0.0079498291015625;1.001129150390625;0.04348595812916756;-0.023024626076221466;0.022340992465615273
1767708934210590500;-0.060882568359375;0.00347900390625;0.99114990234375;0.03887256607413292;-0.007262174040079117;0.02105601690709591
1767708934220591400;-0.056915283203125;0.0010833740234375;0.9952392578125;0.034622158855199814;-0.015900136902928352;0.02160356193780899
1767708934230591200;-0.04913330078125;0.002288818359375;0.99749755859375;0.030613303184509277;-0.018268220126628876;0.028369056060910225
1767708934240591400;-0.05126953125;0.0016937255859375;0.9968109130859375;0.02732669562101364;-0.024770060554146767;0.03892502933740616
1767708934250592300;-0.04815673828125;0.0038299560546875;0.997955322265625;0.02895095758140087;-0.02882525697350502;0.03807761147618294
1767708934260592000;-0.044403076171875;-0.00018310546875;1.0013580322265625;0.0237620547413826;-0.014928349293768406;0.025911491364240646
1767708934270592300;-0.048919677734375;-0.0014495849609375;0.998138427734375;0.01980619505047798;-0.0022506373934447765;0.008404137566685677
1767708934280592100;-0.0520477294921875;-0.002227783203125;0.998565673828125;0.02268587052822113;0.010353571735322475;-0.0014048174489289522
1767708934290593300;-0.055450439453125;0.0002899169921875;0.994781494140625;0.021469073370099068;0.03375609964132309;-0.010927482508122921
1767708934300593400;-0.0587005615234375;-0.009368896484375;0.9898529052734375;0.013001286424696445;0.041430264711380005;-0.013404222205281258
1767708934310593300;-0.0603179931640625;-0.0105743408203125;0.9911346435546875;0.0034767568577080965;0.05272659286856651;-0.010193781927227974
1767708934320594400;-0.0558624267578125;-0.00738525390625;0.99444580078125;-0.0014455638593062758;0.05253857374191284;-0.01618296466767788
1767708934330594300;-0.0453033447265625;-0.0086669921875;0.995758056640625;-0.006256031803786755;0.04033650457859039;-0.021563082933425903
1767708934340594200;-0.0410308837890625;-0.0065460205078125;0.994049072265625;-0.012427374720573425;0.04356798529624939;-0.023839285597205162
1767708934350595300;-0.0459442138671875;-0.0059051513671875;0.9945526123046875;-0.016926253214478493;0.04339967295527458;-0.020593957975506783
1767708934360595200;-0.0447998046875;-0.0023651123046875;0.99871826171875;-0.018267421051859856;0.042822033166885376;-0.017621072009205818
1767708934370595300;-0.0496673583984375;-0.000885009765625;1.001861572265625;-0.02226216159760952;0.036793701350688934;-0.015913985669612885
1767708934380595700;-0.048828125;0.000274658203125;1.0043487548828125;-0.024777252227067947;0.03314756602048874;-0.01624847762286663
1767708934390595600;-0.0467071533203125;0.0037078857421875;1.0070037841796875;-0.024813205003738403;0.04314054548740387;-0.01956278271973133
1767708934400595700;-0.0478973388671875;0.0029754638671875;1.004302978515625;-0.021023526787757874;0.028370121493935585;-0.015692677348852158
1767708934410595600;-0.04730224609375;0.0040740966796875;1.0066375732421875;-0.012082495726644993;0.03159494325518608;-0.009402556344866753
1767708934420596500;-0.049163818359375;0.00537109375;1.0068511962890625;-0.0038424087688326836;0.021094100549817085;-0.006566556170582771
1767708934430596600;-0.0409088134765625;0.0018463134765625;1.009033203125;0.0025361282750964165;0.015309181064367294;-0.0034290861804038286
1767708934440596500;-0.0423126220703125;0.00408935546875;1.010162353515625;0.007536479737609625;0.004086886998265982;-0.002927346620708704
1767708934450598000;-0.0396728515625;0.0014801025390625;1.00958251953125;0.00902918167412281;0.0011885687708854675;-0.0025515747256577015
1767708934460597800;-0.04388427734375;-0.0030517578125;1.0035400390625;0.005823268089443445;0.008804144337773323;-0.005405151750892401
1767708934470597600;-0.041961669921875;-0.0073089599609375;0.997772216796875;0.005243497900664806;0.004320446401834488;-0.0021899172570556402
1767708934480598800;-0.04486083984375;-0.0101470947265625;0.9964752197265625;0.0021350563038140535;0.01013945322483778;-0.0017598168924450874
1767708934490598700;-0.0465545654296875;-0.01153564453125;0.9959716796875;-0.0013749900972470641;-0.0017507621087133884;-0.0015028218040242791
1767708934500598800;-0.034393310546875;-0.011199951171875;0.9930572509765625;-0.00782703049480915;-0.006878145970404148;-0.007900533266365528
1767708934510599700;-0.03546142578125;-0.011199951171875;0.9892120361328125;-0.008400941267609596;-0.0062459115870296955;-0.011990349739789963
1767708934520599600;-0.031890869140625;-0.0014190673828125;0.9922943115234375;-0.003808053908869624;0.003437075763940811;-0.015846872702240944
1767708934530599700;-0.0458526611328125;-0.0033721923828125;0.99639892578125;-0.004006992094218731;0.002304965863004327;-0.013559218496084213
1767708934540599600;-0.0499114990234375;-0.006683349609375;0.99371337890625;-0.0054395063780248165;-0.00993385724723339;-0.002448510378599167
1767708934550600700;-0.049285888671875;-0.003265380859375;1.000091552734375;-0.008332498371601105;-0.020487964153289795;-0.012058527208864689
1767708934560600800;-0.0504150390625;-0.0059814453125;1.0024871826171875;-0.010896589607000351;-0.008320780470967293;-0.008428905159235
1767708934570600700;-0.058074951171875;-0.005706787109375;0.997589111328125;-0.008694421499967575;-0.00926247425377369;-0.009326656349003315
1767708934580601600;-0.0507659912109375;-0.0024261474609375;1.00030517578125;-0.00854688324034214;-0.000988032785244286;-0.014034858904778957
1767708934590601700;-0.0529327392578125;-0.0068511962890625;0.994964599609375;-0.006939132697880268;0.007207578979432583;-0.018981413915753365
1767708934600601600;-0.0511474609375;-0.003143310546875;0.993194580078125;-0.005200887098908424;0.009688845835626125;-0.026192188262939453
1767708934610602500;-0.0517578125;-0.001983642578125;0.9976806640625;-0.003603257006034255;0.01583435758948326;-0.029269471764564514
1767708934620602600;-0.0531768798828125;-0.0013427734375;1.00030517578125;-0.00014514227223116904;0.019542541354894638;-0.028850557282567024
1767708934630602500;-0.053131103515625;-0.002349853515625;0.9989166259765625;-0.0006234460161067545;0.026129338890314102;-0.027701668441295624
1767708934640602600;-0.0527801513671875;-0.002288818359375;0.99957275390625;-0.00040772996726445854;0.03146791085600853;-0.026972761377692223
1767708934650603800;-0.051300048828125;-0.0011444091796875;1.001007080078125;0.003138801548629999;0.03321760892868042;-0.018456505611538887
1767708934660603600;-0.0527496337890625;0.0022430419921875;0.9991455078125;0.0027976506389677525;0.034744929522275925;-0.025363413617014885
1767708934670603800;-0.048858642578125;0.002685546875;0.9980010986328125;0.008461927995085716;0.043116312474012375;-0.028320321813225746
1767708934680604700;-0.0545196533203125;0.005218505859375;1.0028839111328125;0.012017780914902687;0.041619881987571716;-0.028210332617163658
1767708934690604800;-0.050506591796875;0.0060577392578125;1.000732421875;0.013725931756198406;0.037095967680215836;-0.023973776027560234
1767708934700604700;-0.0505218505859375;0.00726318359375;1.000823974609375;0.017120130360126495;0.03874393180012703;-0.027836957946419716
1767708934710605600;-0.0501251220703125;0.0056304931640625;1.0029144287109375;0.01889912225306034;0.03447328880429268;-0.026069683954119682
1767708934720605700;-0.04656982421875;0.0058441162109375;1.0037689208984375;0.015470036305487156;0.023138608783483505;-0.02834295853972435
1767708934730605600;-0.0435943603515625;0.00244140625;1.0030059814453125;0.010940532200038433;0.01489213015884161;-0.028087293729186058
1767708934740606700;-0.04315185546875;0.0014801025390625;1.004058837890625;0.004221642855554819;0.010552243329584599;-0.018487663939595222
1767708934750606800;-0.0458984375;0.0009307861328125;1.003570556640625;-0.0015808524331077933;0.008962868712842464;-0.006352171767503023
1767708934760606700;-0.0479583740234375;0.0030364990234375;1.00030517578125;-0.002095375210046768;0.010352506302297115;-0.006929012481123209
1767708934770606800;-0.0476226806640625;0.0042266845703125;0.9991607666015625;-0.0004293015517760068;0.009163937531411648;-0.004922853317111731
1767708934780607700;-0.0491790771484375;0.001495361328125;0.9955596923828125;-0.005262140184640884;0.0036213663406670094;0.004473844077438116
1767708934790607600;-0.04913330078125;0.0056304931640625;0.9973602294921875;0.0034613104071468115;-0.0016415724530816078;0.007144728675484657
1767708934800607700;-0.043304443359375;0.003814697265625;1.0019378662109375;0.007684284821152687;-0.007170561235398054;0.011272627860307693
1767708934810608600;-0.04302978515625;0.0049896240234375;1.00384521484375;0.011751464568078518;-0.001047154888510704;0.016290290281176567
1767708934820608500;-0.0445098876953125;0.0040283203125;1.0051116943359375;0.01492275670170784;-0.007472563534975052;0.01477788109332323
1767708934830608600;-0.0382537841796875;0.0101470947265625;1.0064849853515625;0.012259329669177532;-0.015623168088495731;0.011777297593653202
1767708934840609800;-0.0372161865234375;0.0059356689453125;1.0068359375;0.017887920141220093;-0.018687933683395386;0.010125604458153248
1767708934850609700;-0.0381317138671875;0.0085601806640625;1.0059661865234375;0.009392969310283661;-0.010660899803042412;0.015908125787973404
1767708934860609800;-0.03802490234375;-0.001007080078125;1.00048828125;0.006558300461620092;-0.012738431803882122;0.02539164200425148
1767708934870610700;-0.034820556640625;0.002166748046875;1.0017242431640625;0.005840312223881483;-0.0016703346045687795;0.020619258284568787
1767708934880610800;-0.0359649658203125;-0.001312255859375;0.9964752197265625;0.00452684098854661;0.010429205372929573;0.012462528422474861
1767708934890610700;-0.0360870361328125;-0.0013427734375;0.996368408203125;0.006597449071705341;0.0008958873804658651;0.006368417292833328
1767708934900611600;-0.0338592529296875;-0.001129150390625;1.00140380859375;0.0011861718958243728;0.008110657334327698;0.0038685076870024204
1767708934910611700;-0.044586181640625;-0.0035858154296875;0.9987640380859375;-0.001130245509557426;0.014899587258696556;0.011006845161318779
1767708934920611600;-0.04266357421875;-0.0007781982421875;0.997314453125;-0.0003099919413216412;0.017192035913467407;0.0028655612841248512
1767708934930611700;-0.0374603271484375;-0.001556396484375;0.9998626708984375;-0.00643899105489254;0.016580574214458466;-0.002886600326746702
1767708934940612900;-0.0395355224609375;-0.000732421875;1.001251220703125;-0.00837031565606594;0.018082864582538605;-0.005228051450103521
1767708934950612700;-0.034759521484375;0.0009307861328125;1.00341796875;-0.006449110805988312;0.011633486486971378;-0.011877964250743389
1767708934960612900;-0.029815673828125;-0.00048828125;1.002197265625;-0.006277603097259998;0.003995806910097599;-0.009432650171220303
1767708934970613800;-0.0337371826171875;0.0010223388671875;1.0005340576171875;-0.005567071959376335;-0.0005060005933046341;-0.003031742526218295
1767708934980613600;-0.0395965576171875;0.00030517578125;1.000274658203125;-0.005982791539281607;0.008244081400334835;-0.0036277580074965954
1767708934990613800;-0.0433197021484375;-0.000457763671875;0.996429443359375;-0.004095941781997681;0.001975532853975892;-0.0015805860748514533
1767708935000614700;-0.038818359375;0.0051422119140625;1.0028839111328125;-0.007669903803616762;-0.0023784691002219915;-0.001172323478385806
1767708935010614500;-0.034454345703125;0.0027313232421875;1.003662109375;-0.008889365009963512;-0.004238154739141464;-0.0035920715890824795
1767708935020614700;-0.0348052978515625;0.001800537109375;0.9968414306640625;-0.006307164207100868;0.002865028567612171;-0.008191883563995361
1767708935030614500;-0.038970947265625;-0.0020294189453125;0.9923553466796875;-0.009534915909171104;0.013340572826564312;-0.004811266902834177
1767708935040615700;-0.0426025390625;0.00018310546875;0.9967041015625;-0.008496282622218132;0.02106613665819168;-0.009564210660755634
1767708935050615800;-0.0424346923828125;-0.0010833740234375;0.995849609375;-0.01028352975845337;0.030004238709807396;-0.013991981744766235
1767708935060615700;-0.0459136962890625;-0.003082275390625;0.99578857421875;-0.015572035685181618;0.029676135629415512;-0.01582370325922966
1767708935070616800;-0.03729248046875;-0.003448486328125;0.9965667724609375;-0.013766146264970303;0.029442576691508293;-0.012398079968988895
1767708935080616700;-0.0352020263671875;-0.0023345947265625;0.9959564208984375;-0.015089204534888268;0.027949608862400055;-0.010734403505921364
1767708935090616600;-0.03656005859375;0.0016021728515625;0.99407958984375;-0.01629934459924698;0.025187911465764046;-0.015844743698835373
1767708935100617700;-0.0367889404296875;0.0031890869140625;0.9995574951171875;-0.01906770095229149;0.02317562699317932;-0.018323346972465515
1767708935110617600;-0.0433349609375;0.0045166015625;1.0026702880859375;-0.016510266810655594;0.020775586366653442;-0.022579077631235123
1767708935120617700;-0.042999267578125;0.0034027099609375;1.0072479248046875;-0.01824212074279785;0.013247628696262836;-0.0287642702460289
1767708935130618600;-0.0429840087890625;0.000457763671875;1.0096893310546875;-0.014082795940339565;0.010485131293535233;-0.023693345487117767
1767708935140618800;-0.047576904296875;0.0023345947265625;1.00982666015625;-0.009690976701676846;0.0101964445784688;-0.017365407198667526
1767708935150619000;-0.043548583984375;0.001007080078125;1.0042266845703125;-0.0088776471093297;0.008507467806339264;-0.019997410476207733
1767708935160618800;-0.04034423828125;0.00067138671875;1.003662109375;-0.007014766335487366;0.00640836451202631;-0.019952936097979546
1767708935170619600;-0.0433807373046875;0.0001068115234375;1.004150390625;-0.0070824106223881245;0.004261324182152748;-0.02442145347595215
1767708935180619800;-0.0394287109375;0.0005340576171875;1.0002593994140625;-0.010334929451346397;0.009298693388700485;-0.02924816682934761
1767708935190619600;-0.03759765625;-0.0003509521484375;0.9980316162109375;-0.00845367182046175;0.009105614386498928;-0.03127110376954079
1767708935200620500;-0.039703369140625;0.00042724609375;1.0012664794921875;-0.005160673521459103;0.004009388852864504;-0.026081401854753494
1767708935210620700;-0.04010009765625;0.0008087158203125;1.000244140625;-0.0014146711910143495;-0.0027457191608846188;-0.020835507661104202
1767708935220620500;-0.039306640625;-0.000335693359375;0.997894287109375;0.00037763622822239995;-0.006354035809636116;-0.01913614384829998
1767708935230621700;-0.0405120849609375;0.0017242431640625;1.000335693359375;0.0025369273498654366;-0.008040616288781166;-0.022003035992383957
1767708935240621800;-0.042572021484375;0.0019683837890625;1.0000457763671875;0.0010873686987906694;-0.004575843457132578;-0.027209250256419182
1767708935250621700;-0.044525146484375;0.003173828125;1;0.0026988473255187273;-0.004008323885500431;-0.031068170443177223
1767708935260622800;-0.0435943603515625;0.0039520263671875;1.0013427734375;0.0051774512976408005;-0.0033153691329061985;-0.027367176488041878
1767708935270622700;-0.044677734375;0.0033721923828125;0.99884033203125;0.008231830783188343;-0.002834135899320245;-0.02901620604097843
1767708935280622800;-0.044097900390625;0.00408935546875;0.9992523193359375;0.008669122122228146;-0.003305249148979783;-0.03274489566683769
1767708935290622700;-0.0392913818359375;0.0045318603515625;0.9988555908203125;0.011416971683502197;-0.001130245509557426;-0.02997707389295101
1767708935300623600;-0.0423431396484375;0.0039520263671875;1.00494384765625;0.008928247727453709;-0.008130097761750221;-0.026606576517224312
1767708935310623700;-0.0420684814453125;0.0034942626953125;1.0051422119140625;0.006342317909002304;-0.009760751388967037;-0.024936774745583534
1767708935320623600;-0.0434112548828125;0.0054779052734375;1.0020294189453125;0.0054850466549396515;-0.00663366774097085;-0.02936667762696743
1767708935330624500;-0.04095458984375;0.0044097900390625;1.001312255859375;0.00024820660473778844;-0.010491522960364819;-0.03009558469057083
1767708935340624600;-0.0415496826171875;0.0044708251953125;1.0020751953125;-0.0005243764026090503;-0.01588841900229454;-0.027336016297340393
1767708935350624800;-0.0427093505859375;0.005645751953125;0.99884033203125;-0.0016026903176680207;-0.019400596618652344;-0.02225497178733349
1767708935360625700;-0.0450286865234375;0.006103515625;0.9990692138671875;0.0010133327450603247;-0.014183729887008667;-0.017726533114910126
1767708935370625800;-0.049560546875;0.0054168701171875;1.00244140625;0.005281581077724695;-0.009126386605203152;-0.017463412135839462
1767708935380626700;-0.0474395751953125;0.006134033203125;1.001953125;0.008290153928101063;-0.008416121825575829;-0.014737932942807674
1767708935390627600;-0.04644775390625;0.0059661865234375;1.002166748046875;0.012513927184045315;-0.00797057431191206;-0.01618349738419056
1767708935400627700;-0.041839599609375;0.006561279296875;1.0007781982421875;0.01925838366150856;-0.005876797717064619;-0.021983595564961433
1767708935410627600;-0.0422821044921875;0.0047607421875;1.005859375;0.02245044708251953;-0.005828860681504011;-0.02045760490000248
1767708935420627700;-0.04522705078125;0.0055694580078125;1.002227783203125;0.02467711642384529;-0.00888084340840578;-0.015385081060230732
1767708935430628600;-0.047515869140625;0.005645751953125;1.0019989013671875;0.01996704936027527;-0.003400324145331979;-0.016524115577340126
1767708935440628500;-0.0465850830078125;0.0006103515625;1.00238037109375;0.019992882385849953;-0.012676114216446877;-0.011684352532029152
1767708935450628600;-0.043121337890625;0.0058746337890625;0.998504638671875;0.016893496736884117;-0.0017512947088107467;-0.007849400863051414
1767708935460629800;-0.0513763427734375;0.00140380859375;0.991363525390625;0.0073165022768080235;0.005881058517843485;-0.005652293097227812
1767708935470629600;-0.0480194091796875;0.0016632080078125;0.99169921875;0.00126766471657902;-0.0015909724170342088;-0.008957808837294579
1767708935480629800;-0.0399322509765625;0.0008697509765625;0.996124267578125;-0.006651510950177908;0.01332858856767416;-0.007354319095611572
1767708935490630700;-0.0449676513671875;-0.0036468505859375;0.9970703125;-0.009740511886775494;0.01895132102072239;-0.009468602947890759
1767708935500630500;-0.04345703125;0.0001373291015625;0.997650146484375;-0.012297412380576134;0.008296545594930649;-0.002843723399564624
1767708935510630700;-0.0487518310546875;-0.0005035400390625;1.00146484375;-0.012082229368388653;0.007465106900781393;-0.0003424825263209641
1767708935520631600;-0.051177978515625;-0.0000762939453125;1.00372314453125;-0.014202105812728405;0.0011076086666435003;0.001585646066814661
1767708935530631400;-0.0496368408203125;0.0011749267578125;1.00537109375;-0.0121852932497859;0.004055728204548359;0.001976065570488572
1767708935540631600;-0.052490234375;0.005523681640625;1.0046234130859375;-0.012169847264885902;0.014120345935225487;-0.000639424950350076
1767708935550632700;-0.052154541015625;0.0049896240234375;1.0006103515625;-0.010910172015428543;0.0196852870285511;0.00039760995423421264
1767708935560632800;-0.0510406494140625;0.002593994140625;0.9988861083984375;-0.00941906776279211;0.025832662358880043;0.000031691615731688216
1767708935570632700;-0.0490570068359375;0.0013275146484375;0.9951019287109375;-0.009248092770576477;0.03254036605358124;0.007817975245416164
1767708935580632600;-0.044464111328125;-0.00103759765625;0.992523193359375;-0.009490174241364002;0.03815244510769844;0.0090568782761693
1767708935590633700;-0.0388031005859375;-0.0023956298828125;0.9958953857421875;-0.010640660300850868;0.033910028636455536;0.0034045851789414883
1767708935600633600;-0.03607177734375;-0.0018157958984375;0.9965362548828125;-0.006065881811082363;0.035225898027420044;0.0011254518758505583
1767708935610633700;-0.04510498046875;0.0015411376953125;0.998138427734375;-0.002229065867140889;0.04008803144097328;0.004400873556733131
1767708935620634600;-0.048492431640625;0.000030517578125;1.0001220703125;-0.0009443568997085094;0.03738811984658241;0.003620034782215953
1767708935630634500;-0.0472259521484375;-0.00054931640625;1.0052947998046875;-0.0028016455471515656;0.0270108450204134;0.0057593523524701595
1767708935640634600;-0.04443359375;-0.00103759765625;1.0081634521484375;-0.0013486248208209872;0.023250993341207504;0.01008246187120676
1767708935650635800;-0.040771484375;-0.0022735595703125;1.0102691650390625;-0.00370126124471426;0.01756620965898037;0.0031641016248613596
1767708935660635600;-0.0338287353515625;0.0028533935546875;1.0017242431640625;-0.005643504671752453;0.01209687627851963;-0.00018455706594977528
1767708935670635800;-0.0393829345703125;0.0047149658203125;1.0021209716796875;-0.0036693033762276173;0.010804178193211555;-0.008864864706993103
1767708935680636700;-0.047210693359375;-0.000030517578125;1.0046844482421875;-0.008212123066186905;0.0062331282533705235;-0.007705323863774538
1767708935690636500;-0.0490264892578125;-0.0007476806640625;1.001678466796875;-0.0030000510159879923;0.012834039516746998;-0.005565207917243242
1767708935700636700;-0.0524139404296875;0.0005340576171875;0.999420166015625;-0.00009800432599149644;0.019232017919421196;-0.004029895178973675
1767708935710636500;-0.04437255859375;0.0004119873046875;0.9960479736328125;-0.0011049455497413874;0.02347283624112606;-0.005155347287654877
1767708935720637400;-0.0422821044921875;-0.003082275390625;0.9950714111328125;-0.004179831128567457;0.02340705506503582;-0.0018836538074538112
1767708935730637600;-0.0405120849609375;0.0033721923828125;0.9995880126953125;-0.00461579067632556;0.015732090920209885;-0.0044019389897584915
1767708935740637400;-0.0364532470703125;0.0010833740234375;1.001708984375;-0.002394980750977993;0.005074653308838606;0.003907123580574989
1767708935750638800;-0.041748046875;0.0056915283203125;0.99737548828125;-0.0023289343807846308;0.007237939164042473;-0.0015752597246319056
1767708935760638700;-0.0437164306640625;0.003814697265625;0.9998016357421875;-0.000972852751147002;0.007951133884489536;-0.002171275205910206
1767708935770638600;-0.042205810546875;0.0023345947265625;0.9999542236328125;-0.0007344998302869499;0.007374825421720743;0.00002663161103555467
1767708935780639700;-0.04327392578125;0.000213623046875;1.0000457763671875;-0.0000804274677648209;0.0054850466549396515;0.004066114313900471
1767708935790639600;-0.042999267578125;0.000579833984375;1.00164794921875;0.0013938985066488385;0.004896221682429314;0.0041643851436674595
1767708935800639700;-0.0433349609375;-0.0007781982421875;1.002471923828125;0.003287938656285405;0.007703992538154125;-0.00009906959166983142
1767708935810640600;-0.0411224365234375;0.0012054443359375;0.9984130859375;0.0048975530080497265;0.009021458216011524;-0.00421258807182312
1767708935820640500;-0.0410308837890625;-0.0003814697265625;0.999542236328125;0.000690291344653815;0.012495285831391811;-0.0022708773612976074
1767708935830640600;-0.0435791015625;-0.002716064453125;1.000640869140625;-0.00010199906682828441;0.01576405018568039;-0.005555620416998863
1767708935840641500;-0.043243408203125;-0.0016326904296875;1.000030517578125;-0.0020940436515957117;0.02051566168665886;-0.006359628401696682
1767708935850641400;-0.044952392578125;-0.002685546875;1.001922607421875;-0.0004021373169962317;0.01708843931555748;-0.006364955101162195
1767708935860641800;-0.04156494140625;-0.00189208984375;1.002960205078125;-0.0008681904873810709;0.013741911388933659;-0.011945609003305435
1767708935870641700;-0.040924072265625;-0.0030059814453125;1.0018463134765625;-0.00019414443522691727;0.01426255889236927;-0.014103568159043789
1767708935880642600;-0.0431060791015625;-0.002593994140625;1.002197265625;-0.0035206989850848913;0.01477521751075983;-0.015120895579457283
1767708935890642700;-0.043670654296875;-0.00115966796875;1.00115966796875;-0.0062246061861515045;0.012958142906427383;-0.012148275971412659
1767708935900642600;-0.0417633056640625;-0.0010986328125;1.0002899169921875;-0.008234228007495403;0.013624998740851879;-0.01239515095949173
1767708935910643500;-0.041839599609375;0.0006866455078125;0.99713134765625;-0.009140501730144024;0.0110457269474864;-0.010641193017363548
1767708935920643600;-0.0436248779296875;0.0041046142578125;0.9976043701171875;-0.009514142759144306;0.01500984188169241;-0.008868859149515629
1767708935930643500;-0.0448760986328125;0.0030670166015625;0.99993896484375;-0.0075671058148145676;0.015174158848822117;-0.005011270288378
1767708935940644600;-0.0435333251953125;0.0031585693359375;1.0001220703125;-0.007492537144571543;0.0138431116938591;-0.0020658141002058983
1767708935950644500;-0.0395355224609375;0.0010223388671875;0.996612548828125;-0.00378994457423687;0.010158361867070198;-0.005681587848812342
1767708935960644600;-0.041778564453125;-0.000213623046875;0.9986572265625;-0.0014484933344647288;0.015325427055358887;-0.004293814767152071
1767708935970645800;-0.0435943603515625;-0.001007080078125;1.0001068115234375;-0.001877262257039547;0.01913534477353096;-0.000672181835398078
1767708935980645600;-0.04241943359375;-0.0005340576171875;0.9992828369140625;-0.0020032296888530254;0.02358042635023594;-0.0012570120161399245
1767708935990645800;-0.0413360595703125;-0.0011749267578125;1.0029449462890625;-0.004443750716745853;0.024294953793287277;0.001579787116497755
1767708936000645600;-0.04241943359375;-0.000579833984375;1.0003814697265625;-0.004621649626642466;0.025362081825733185;0.004650411661714315
1767708936010646500;-0.0429229736328125;0.0008392333984375;0.99908447265625;-0.0028445222415030003;0.033249031752347946;-0.0032554480712860823
1767708936020646700;-0.04412841796875;-0.00042724609375;1.0001068115234375;-0.004000600427389145;0.048653822392225266;-0.0031518512405455112
1767708936030646500;-0.041717529296875;-0.0011138916015625;0.9952392578125;-0.0024016385432332754;0.04243374243378639;0.0037238982040435076
1767708936040647400;-0.036834716796875;0.00103759765625;1.0028076171875;-0.001136637176387012;0.03044472448527813;0.0037619813811033964
1767708936050647600;-0.0335693359375;-0.0008087158203125;1.0032958984375;-0.002892725635319948;0.02100089006125927;0.00569916469976306
1767708936060647400;-0.035125732421875;-0.0040283203125;1.0027618408203125;-0.012330436147749424;0.017544105648994446;0.018814966082572937
1767708936070648600;-0.0360870361328125;0.003021240234375;1.0060882568359375;-0.011335212737321854;0.025546371936798096;0.031071366742253304
1767708936080648700;-0.04058837890625;0.0003204345703125;1.0054473876953125;-0.014214888215065002;-0.00045380264054983854;0.01878300867974758
1767708936090648600;-0.0287017822265625;-0.001373291015625;1.003662109375;-0.02310665138065815;0.013679326511919498;0.003108707955107093
1767708936100649500;-0.0474700927734375;0.007537841796875;1.0028533935546875;-0.013342170976102352;0.015085741877555847;0.008447014726698399
1767708936110649600;-0.0443267822265625;0.0008392333984375;0.9942779541015625;-0.005675728898495436;0.027896879240870476;0.004747350700199604
1767708936120649500;-0.04119873046875;0.0004119873046875;0.9916534423828125;-0.0040972731076180935;0.016103336587548256;0.009492837823927402
1767708936130650600;-0.0360565185546875;-0.00079345703125;0.9974365234375;-0.0031582426745444536;0.014171479269862175;-0.002639192622154951
1767708936140650500;-0.03717041015625;-0.0011749267578125;1.00238037109375;-0.0030181603506207466;0.01612384244799614;-0.013440174981951714
1767708936150650600;-0.0400238037109375;-0.0056610107421875;1.004547119140625;-0.005833654198795557;0.011233746074140072;-0.014340589754283428
1767708936160650500;-0.0414276123046875;-0.0055389404296875;1.0042724609375;-0.0034645062405616045;0.006155630573630333;-0.015980564057826996
1767708936170651600;-0.04364013671875;-0.0035247802734375;0.9991302490234375;0.0018184063956141472;0.008114918135106564;-0.01649109274148941
1767708936180651800;-0.043609619140625;-0.003662109375;0.9956817626953125;0.0023499734234064817;0.012888368219137192;-0.024213727563619614
1767708936190651600;-0.042816162109375;-0.0037994384765625;0.99652099609375;-0.0020788635592907667;0.025584988296031952;-0.004581169690936804
1767708936200652500;-0.050018310546875;0.0019683837890625;0.996826171875;-0.0035031221341341734;0.03231159970164299;0.021143900230526924