time,seconds_elapsed,z,y,x
1768576234496148200,0.068148193359375,-0.03125,-0.053009033203125,0.979705810546875
1768576234506147000,0.07814697265625,-0.0291748046875,-0.0543060302734375,0.98345947265625
1768576234516147200,0.088147216796875,-0.03515625,-0.0535430908203125,0.9810791015625
1768576234526147000,0.09814697265625,-0.0372467041015625,-0.0576324462890625,0.98681640625
1768576234536146200,0.108146240234375,-0.036285400390625,-0.0495758056640625,0.995147705078125
1768576234546146000,0.11814599609375,-0.0341644287109375,-0.0449676513671875,1.0004425048828125
1768576234556146200,0.128146240234375,-0.03125,-0.0410614013671875,1.0076141357421875
1768576234566145000,0.13814501953125,-0.0332794189453125,-0.041015625,1.00860595703125
1768576234576145200,0.148145263671875,-0.03369140625,-0.045166015625,1.0073089599609375
1768576234586145300,0.158145263671875,-0.036865234375,-0.0449066162109375,1.0048370361328125
1768576234596145200,0.168145263671875,-0.0354461669921875,-0.046966552734375,1.0056304931640625
1768576234606144000,0.17814404296875,-0.0375213623046875,-0.0485992431640625,1.0121002197265625
1768576234616144000,0.188143798828125,-0.037872314453125,-0.0470428466796875,1.0119476318359375
1768576234626144300,0.198144287109375,-0.040802001953125,-0.0478057861328125,1.0101470947265625
1768576234636142800,0.208142822265625,-0.0415496826171875,-0.044921875,1.0078887939453125
1768576234646143000,0.21814306640625,-0.0416259765625,-0.0455780029296875,1.0018157958984375
1768576234656142800,0.228142822265625,-0.0428009033203125,-0.04693603515625,0.998870849609375
1768576234666142000,0.238141845703125,-0.044158935546875,-0.04931640625,0.998443603515625
1768576234676142000,0.24814208984375,-0.042449951171875,-0.047821044921875,0.993896484375
1768576234686142000,0.258141845703125,-0.04193115234375,-0.0494232177734375,0.990020751953125
1768576234696141000,0.26814111328125,-0.041351318359375,-0.0510101318359375,0.9886322021484375
1768576234706141000,0.278140869140625,-0.038543701171875,-0.051544189453125,0.989837646484375
1768576234716141000,0.28814111328125,-0.033477783203125,-0.0473175048828125,0.995452880859375
1768576234726141000,0.298140869140625,-0.0301055908203125,-0.0504302978515625,1.000640869140625
1768576234736140000,0.30814013671875,-0.034271240234375,-0.0477142333984375,1.010772705078125
1768576234746140000,0.318139892578125,-0.03759765625,-0.0489349365234375,1.0134735107421875
1768576234756140000,0.32814013671875,-0.04241943359375,-0.051422119140625,1.008880615234375
1768576234766139100,0.33813916015625,-0.0420684814453125,-0.0506134033203125,1.004608154296875
1768576234776139000,0.348138916015625,-0.035186767578125,-0.0491790771484375,0.999847412109375
1768576234786139100,0.35813916015625,-0.035003662109375,-0.0506439208984375,0.9996337890625
1768576234796138000,0.368137939453125,-0.03790283203125,-0.0511474609375,0.99261474609375
1768576234806138000,0.37813818359375,-0.0313720703125,-0.049713134765625,0.995819091796875
1768576234816138000,0.388137939453125,-0.0265960693359375,-0.0494537353515625,0.9979400634765625
1768576234826138000,0.39813818359375,-0.0332489013671875,-0.04705810546875,0.996124267578125
1768576234836137000,0.408136962890625,-0.0395965576171875,-0.0466156005859375,0.9936370849609375
1768576234846137000,0.41813720703125,-0.0418853759765625,-0.0481109619140625,0.9949493408203125
1768576234856137000,0.428136962890625,-0.046783447265625,-0.0469970703125,0.99664306640625
1768576234866136000,0.438135986328125,-0.0479736328125,-0.04779052734375,0.995361328125
1768576234876136200,0.44813623046875,-0.045379638671875,-0.04840087890625,0.9956512451171875
1768576234886136000,0.458135986328125,-0.041412353515625,-0.04913330078125,0.99530029296875
1768576234896135200,0.46813525390625,-0.0431365966796875,-0.048614501953125,0.9989776611328125
1768576234906135000,0.478135009765625,-0.0442047119140625,-0.0471954345703125,0.9986419677734375
1768576234916135200,0.48813525390625,-0.048187255859375,-0.0461273193359375,0.99664306640625
1768576234926134000,0.498134033203125,-0.04986572265625,-0.0473480224609375,1.0010223388671875
1768576234936134100,0.508134033203125,-0.045074462890625,-0.0483551025390625,1.006561279296875
1768576234946134000,0.518134033203125,-0.0415191650390625,-0.048980712890625,1.0075836181640625
1768576234956134100,0.528134033203125,-0.0423736572265625,-0.049102783203125,1.007904052734375
1768576234966133000,0.538133056640625,-0.042236328125,-0.050018310546875,1.005584716796875
1768576234976133000,0.548133056640625,-0.0431671142578125,-0.0490875244140625,1.00653076171875
1768576234986133000,0.558133056640625,-0.043121337890625,-0.0489349365234375,1.0062408447265625
1768576234996132000,0.568132080078125,-0.044403076171875,-0.04840087890625,1.0030059814453125
1768576235006132200,0.57813232421875,-0.0515899658203125,-0.0467681884765625,0.999481201171875
1768576235016132000,0.588132080078125,-0.0521697998046875,-0.0475921630859375,0.9958953857421875
1768576235026131000,0.598130859375,-0.0474853515625,-0.0474853515625,0.9967498779296875
1768576235036130800,0.608130859375,-0.04852294921875,-0.0468292236328125,0.9950103759765625
1768576235046131000,0.618130859375,-0.0490570068359375,-0.04449462890625,0.9975738525390625
1768576235056131000,0.628131103515625,-0.0479278564453125,-0.0462493896484375,0.9970855712890625
1768576235066130000,0.6381298828125,-0.0440673828125,-0.04815673828125,0.999542236328125
1768576235076129800,0.6481298828125,-0.0458526611328125,-0.0470428466796875,1.0023193359375
1768576235086130000,0.6581298828125,-0.0485992431640625,-0.046905517578125,1.0022430419921875
1768576235096129000,0.66812890625,-0.0482177734375,-0.0471343994140625,1.002166748046875
1768576235106129000,0.67812890625,-0.049407958984375,-0.0466156005859375,0.9987945556640625
1768576235116129000,0.68812890625,-0.0481109619140625,-0.046844482421875,0.9971923828125
1768576235126127900,0.6981279296875,-0.05224609375,-0.04888916015625,0.9933624267578125
1768576235136128000,0.7081279296875,-0.053192138671875,-0.0494537353515625,0.9901885986328125
1768576235146128000,0.7181279296875,-0.0527496337890625,-0.0496368408203125,0.991851806640625
1768576235156127000,0.728126953125,-0.0522003173828125,-0.0466766357421875,0.9932861328125
1768576235166126800,0.738126953125,-0.0485992431640625,-0.0456085205078125,0.995452880859375
1768576235176127000,0.748126953125,-0.04315185546875,-0.0437469482421875,0.998992919921875
1768576235186126800,0.758126953125,-0.0418548583984375,-0.04632568359375,1.0010986328125
1768576235196126000,0.7681259765625,-0.0455474853515625,-0.0489349365234375,1.0052642822265625
1768576235206126000,0.7781259765625,-0.04248046875,-0.0487823486328125,1.005828857421875
1768576235216126000,0.7881259765625,-0.0450439453125,-0.0473785400390625,1.0046234130859375
1768576235226125000,0.798125,-0.0525665283203125,-0.04840087890625,1.003662109375
1768576235236125000,0.808125,-0.05474853515625,-0.04571533203125,1.001800537109375
1768576235246125000,0.818125,-0.0558624267578125,-0.0448150634765625,0.9996337890625
1768576235256124000,0.8281240234375,-0.0531463623046875,-0.041900634765625,0.999603271484375
1768576235266124000,0.8381240234375,-0.0511474609375,-0.044921875,0.9983673095703125
1768576235276124000,0.8481240234375,-0.0507049560546875,-0.045654296875,0.9955596923828125
1768576235286124000,0.8581240234375,-0.0482025146484375,-0.0465545654296875,0.9950408935546875
1768576235296123100,0.868123046875,-0.048309326171875,-0.046417236328125,0.9978179931640625
1768576235306123000,0.878123046875,-0.049896240234375,-0.04669189453125,1.0011444091796875
1768576235316123100,0.888123046875,-0.0486907958984375,-0.044586181640625,1.0018768310546875
1768576235326122000,0.8981220703125,-0.05084228515625,-0.04229736328125,1.00384521484375
1768576235336122000,0.9081220703125,-0.051025390625,-0.0440521240234375,1.0026397705078125
1768576235346122000,0.9181220703125,-0.04931640625,-0.045074462890625,1.00103759765625
1768576235356121000,0.92812109375,-0.0416259765625,-0.043212890625,1.0001373291015625
1768576235366121000,0.938120849609375,-0.0423736572265625,-0.04461669921875,0.995880126953125
1768576235376121000,0.94812109375,-0.044342041015625,-0.045440673828125,0.996978759765625
1768576235386120200,0.9581201171875,-0.0474395751953125,-0.0469512939453125,0.9962921142578125
1768576235396120000,0.9681201171875,-0.054290771484375,-0.04632568359375,0.9965667724609375
1768576235406120000,0.978119873046875,-0.0534515380859375,-0.0458984375,0.999542236328125
1768576235416120000,0.9881201171875,-0.0545196533203125,-0.045257568359375,0.9981689453125
1768576235426119200,0.998119140625,-0.0544281005859375,-0.0457305908203125,0.9980010986328125
1768576235436119000,1.008119140625,-0.0466156005859375,-0.0472412109375,1.0018310546875
1768576235446119200,1.018119140625,-0.049530029296875,-0.0462493896484375,1.0016021728515625
1768576235456118000,1.028117919921875,-0.0512847900390625,-0.0465545654296875,1.001708984375
1768576235466118100,1.0381181640625,-0.054046630859375,-0.0457611083984375,1.0036163330078125
1768576235476118000,1.048117919921875,-0.05072021484375,-0.0428466796875,1.00604248046875
1768576235486117000,1.0581171875,-0.0513458251953125,-0.04150390625,1.00543212890625
1768576235496117000,1.068116943359375,-0.0518035888671875,-0.043914794921875,0.99981689453125
1768576235506117000,1.0781171875,-0.0522613525390625,-0.042205810546875,0.9973907470703125
1768576235516117000,1.088116943359375,-0.049957275390625,-0.0403594970703125,1.00103759765625
1768576235526116000,1.0981162109375,-0.0498199462890625,-0.0411834716796875,0.998931884765625
1768576235536116200,1.1081162109375,-0.051300048828125,-0.0432586669921875,0.9945068359375
1768576235546116000,1.1181162109375,-0.0490875244140625,-0.0441436767578125,0.9955596923828125
1768576235556115000,1.128114990234375,-0.0529632568359375,-0.0441131591796875,0.995880126953125
1768576235566114800,1.13811474609375,-0.0532684326171875,-0.0451812744140625,0.99725341796875
1768576235576115200,1.148115234375,-0.056304931640625,-0.0449676513671875,0.9936676025390625
1768576235586114000,1.158114013671875,-0.0542755126953125,-0.0436248779296875,0.99176025390625
1768576235596114000,1.168114013671875,-0.053619384765625,-0.040771484375,0.9947662353515625
1768576235606113800,1.17811376953125,-0.0526275634765625,-0.04364013671875,0.998443603515625
1768576235616114000,1.188114013671875,-0.0486602783203125,-0.043914794921875,1.0026397705078125
1768576235626113000,1.198113037109375,-0.04644775390625,-0.044677734375,1.00421142578125
1768576235636113000,1.20811279296875,-0.0477752685546875,-0.0450286865234375,1.0058441162109375
1768576235646113000,1.218113037109375,-0.05096435546875,-0.0473480224609375,1.004302978515625
1768576235656111900,1.22811181640625,-0.0499725341796875,-0.04248046875,1.001556396484375
1768576235666112000,1.238112060546875,-0.0520477294921875,-0.0435791015625,0.9984588623046875
1768576235676112000,1.24811181640625,-0.0507354736328125,-0.0443878173828125,0.996337890625
1768576235686111000,1.258111083984375,-0.0516204833984375,-0.0429229736328125,0.9958953857421875
1768576235696110800,1.26811083984375,-0.05462646484375,-0.042755126953125,0.9971160888671875
1768576235706111000,1.278111083984375,-0.053955078125,-0.0438385009765625,0.9976806640625
1768576235716110000,1.288110107421875,-0.0539703369140625,-0.0443878173828125,0.9985198974609375
1768576235726110000,1.29810986328125,-0.0509796142578125,-0.043487548828125,1.000091552734375
1768576235736110000,1.308110107421875,-0.05194091796875,-0.044403076171875,1.0015716552734375
1768576235746110000,1.31810986328125,-0.0516510009765625,-0.044281005859375,1.0013885498046875
1768576235756109000,1.328109130859375,-0.0511322021484375,-0.0436553955078125,1.0029449462890625
1768576235766109000,1.33810888671875,-0.0562744140625,-0.04315185546875,1.0026092529296875
1768576235776109000,1.348109130859375,-0.059051513671875,-0.0446319580078125,0.9995880126953125
1768576235786108000,1.35810791015625,-0.05523681640625,-0.043701171875,0.9979095458984375
1768576235796108000,1.36810791015625,-0.0519561767578125,-0.044830322265625,0.9971923828125
1768576235806108000,1.37810791015625,-0.05352783203125,-0.0475006103515625,0.998138427734375
1768576235816108000,1.38810791015625,-0.0525054931640625,-0.04736328125,1.00054931640625
1768576235826107100,1.398107177734375,-0.0505523681640625,-0.050262451171875,0.99908447265625
1768576235836107000,1.40810693359375,-0.0514373779296875,-0.0498809814453125,0.99835205078125
1768576235846107000,1.41810693359375,-0.0556640625,-0.0478973388671875,0.999664306640625
1768576235856106000,1.42810595703125,-0.0517425537109375,-0.05072021484375,0.99896240234375
1768576235866106000,1.438106201171875,-0.0538482666015625,-0.047698974609375,0.998077392578125
1768576235876106000,1.44810595703125,-0.0571746826171875,-0.0451202392578125,0.998077392578125
1768576235886105000,1.45810498046875,-0.0602874755859375,-0.042999267578125,0.9973602294921875
1768576235896105000,1.46810498046875,-0.06005859375,-0.042816162109375,0.998443603515625
1768576235906105000,1.47810498046875,-0.057586669921875,-0.0401763916015625,1.0003662109375
1768576235916104200,1.488104248046875,-0.0589447021484375,-0.0438079833984375,0.9998779296875
1768576235926104000,1.49810400390625,-0.05999755859375,-0.045654296875,0.9975433349609375
1768576235936104000,1.50810400390625,-0.056060791015625,-0.044342041015625,1.000030517578125
1768576235946104000,1.51810400390625,-0.05474853515625,-0.04486083984375,0.999359130859375
1768576235956103200,1.528103271484375,-0.0547332763671875,-0.0451507568359375,0.9976654052734375
1768576235966103000,1.53810302734375,-0.0576629638671875,-0.0470428466796875,0.9991607666015625
1768576235976103200,1.548103271484375,-0.06024169921875,-0.0472564697265625,0.9986419677734375
1768576235986102000,1.55810205078125,-0.0641937255859375,-0.045654296875,0.9991302490234375
1768576235996102100,1.56810205078125,-0.060943603515625,-0.0401611328125,0.9999542236328125
1768576236006102000,1.57810205078125,-0.0587921142578125,-0.03857421875,0.999908447265625
1768576236016101400,1.588101318359375,-0.0586090087890625,-0.036773681640625,1.000579833984375
1768576236026101200,1.598101318359375,-0.058258056640625,-0.0419158935546875,1.00030517578125
1768576236036101400,1.608101318359375,-0.0583953857421875,-0.0454254150390625,0.999053955078125
1768576236046101200,1.618101318359375,-0.0558319091796875,-0.0455322265625,0.9979248046875
1768576236056100400,1.628100341796875,-0.052398681640625,-0.0467529296875,0.99755859375
1768576236066100500,1.6381005859375,-0.0554656982421875,-0.04779052734375,0.9945831298828125
1768576236076100400,1.648100341796875,-0.0612945556640625,-0.0471343994140625,0.996002197265625
1768576236086099200,1.65809912109375,-0.0620269775390625,-0.0468902587890625,0.9976806640625
1768576236096099300,1.668099365234375,-0.05859375,-0.0470123291015625,0.99822998046875
1768576236106099500,1.678099365234375,-0.0606536865234375,-0.0448760986328125,0.99896240234375
1768576236116099300,1.688099365234375,-0.055511474609375,-0.0455474853515625,1.0019683837890625
1768576236126098200,1.69809814453125,-0.0517578125,-0.0438690185546875,1.0050506591796875
1768576236136098000,1.70809814453125,-0.0559844970703125,-0.04193115234375,1.001556396484375
1768576236146098400,1.718098388671875,-0.05853271484375,-0.0439910888671875,0.9989471435546875
1768576236156097300,1.72809716796875,-0.0618133544921875,-0.0451202392578125,0.9949493408203125
1768576236166097200,1.73809716796875,-0.0643463134765625,-0.04449462890625,0.99505615234375
1768576236176097300,1.74809716796875,-0.06048583984375,-0.044708251953125,0.9989166259765625
1768576236186096000,1.75809619140625,-0.061370849609375,-0.0436553955078125,0.9978485107421875
1768576236196096300,1.76809619140625,-0.0602569580078125,-0.0423431396484375,0.99981689453125
1768576236206096100,1.77809619140625,-0.051849365234375,-0.044189453125,1.002227783203125
1768576236216096300,1.78809619140625,-0.0545501708984375,-0.0472869873046875,1.0031280517578125
1768576236226095000,1.79809521484375,-0.0615997314453125,-0.045745849609375,1.0011749267578125
1768576236236095200,1.80809521484375,-0.0590057373046875,-0.047943115234375,1.00103759765625
1768576236246095000,1.81809521484375,-0.0604705810546875,-0.0480499267578125,0.9987640380859375
1768576236256094200,1.82809423828125,-0.06011962890625,-0.046630859375,0.99896240234375
1768576236266094000,1.838093994140625,-0.0609130859375,-0.0478668212890625,0.9987640380859375
1768576236276094200,1.84809423828125,-0.0626983642578125,-0.0481109619140625,1.0001068115234375
1768576236286093300,1.85809326171875,-0.0611572265625,-0.04962158203125,0.9996490478515625
1768576236296093200,1.86809326171875,-0.060028076171875,-0.048980712890625,0.9970703125
1768576236306093300,1.87809326171875,-0.0601348876953125,-0.0492095947265625,0.995819091796875
1768576236316093200,1.88809326171875,-0.0578460693359375,-0.046722412109375,0.99627685546875
1768576236326092300,1.89809228515625,-0.057891845703125,-0.046722412109375,0.9996490478515625
1768576236336092200,1.908092041015625,-0.05572509765625,-0.045562744140625,1.0008697509765625
1768576236346092300,1.91809228515625,-0.057373046875,-0.0467529296875,1.0005950927734375
1768576236356091100,1.928091064453125,-0.0569000244140625,-0.04876708984375,1.00091552734375
1768576236366091300,1.93809130859375,-0.0584869384765625,-0.0499114990234375,1.0010528564453125
1768576236376091100,1.948091064453125,-0.06268310546875,-0.0499267578125,1.001373291015625
1768576236386090200,1.95809033203125,-0.062896728515625,-0.048858642578125,0.9991302490234375
1768576236396090400,1.96809033203125,-0.0617523193359375,-0.0461578369140625,0.9996337890625
1768576236406090200,1.97809033203125,-0.0604095458984375,-0.04559326171875,1.0009918212890625
1768576236416090400,1.98809033203125,-0.062591552734375,-0.046478271484375,0.9969482421875
1768576236426089200,1.998089111328125,-0.0642852783203125,-0.0426177978515625,0.99755859375
1768576236436089300,2.00808935546875,-0.0646514892578125,-0.04296875,0.999237060546875
1768576236446089200,2.018089111328125,-0.06695556640625,-0.0437774658203125,0.9995574951171875
1768576236456088300,2.02808837890625,-0.0696258544921875,-0.0450286865234375,0.9971923828125
1768576236466088200,2.038088134765625,-0.066925048828125,-0.0457305908203125,0.997314453125
1768576236476088300,2.04808837890625,-0.0675506591796875,-0.0474700927734375,0.9957427978515625
1768576236486088200,2.058088134765625,-0.0640106201171875,-0.0466766357421875,0.993743896484375
1768576236496087300,2.06808740234375,-0.0646820068359375,-0.048553466796875,0.99365234375
1768576236506087400,2.07808740234375,-0.0672607421875,-0.048614501953125,0.996002197265625
1768576236516087300,2.08808740234375,-0.0657196044921875,-0.04852294921875,0.9970245361328125
1768576236526086400,2.09808642578125,-0.0664520263671875,-0.04730224609375,0.9969482421875
1768576236536086300,2.108086181640625,-0.0643310546875,-0.0464019775390625,1.000640869140625
1768576236546086400,2.11808642578125,-0.0629119873046875,-0.04443359375,1.0023040771484375
1768576236556085200,2.128085205078125,-0.0644683837890625,-0.0437164306640625,0.9990386962890625
1768576236566085400,2.13808544921875,-0.06378173828125,-0.0447998046875,0.9986114501953125
1768576236576085200,2.148085205078125,-0.0652313232421875,-0.04541015625,0.99981689453125
1768576236586085400,2.15808544921875,-0.0662994384765625,-0.043670654296875,0.99951171875
1768576236596084500,2.16808447265625,-0.0667572021484375,-0.04510498046875,0.9988250732421875
1768576236606084400,2.17808447265625,-0.0649871826171875,-0.04400634765625,1.0011749267578125
1768576236616084200,2.188084228515625,-0.06475830078125,-0.04510498046875,0.9968109130859375
1768576236626083300,2.198083251953125,-0.064727783203125,-0.0456085205078125,0.995758056640625
1768576236636083500,2.20808349609375,-0.06475830078125,-0.0466766357421875,0.9936370849609375
1768576236646083300,2.218083251953125,-0.0669403076171875,-0.0451202392578125,0.9958648681640625
1768576236656083500,2.22808349609375,-0.065216064453125,-0.0440521240234375,0.9968414306640625
1768576236666082300,2.238082275390625,-0.062255859375,-0.0445404052734375,0.9968414306640625
1768576236676082400,2.24808251953125,-0.0618896484375,-0.044769287109375,0.9980316162109375
1768576236686082300,2.258082275390625,-0.061737060546875,-0.0453033447265625,0.99993896484375
1768576236696081200,2.2680810546875,-0.063323974609375,-0.045654296875,0.9983367919921875
1768576236706081000,2.2780810546875,-0.0643157958984375,-0.04498291015625,0.99609375
1768576236716081400,2.288081298828125,-0.06610107421875,-0.04351806640625,0.9967803955078125
1768576236726080300,2.298080322265625,-0.0644989013671875,-0.0421295166015625,0.996429443359375
1768576236736080100,2.308080078125,-0.0561370849609375,-0.0434112548828125,1.0014801025390625
1768576236746080300,2.318080322265625,-0.05908203125,-0.0425567626953125,1.0020294189453125
1768576236756080000,2.328080078125,-0.055145263671875,-0.0422515869140625,1.0041656494140625
1768576236766079200,2.338079345703125,-0.063018798828125,-0.0463409423828125,1.0030975341796875
1768576236776079000,2.3480791015625,-0.0615997314453125,-0.0455169677734375,1.002288818359375
1768576236786079200,2.358079345703125,-0.06280517578125,-0.0435638427734375,1.0005645751953125
1768576236796078000,2.368078125,-0.0654144287109375,-0.043243408203125,0.99969482421875
1768576236806078200,2.378078125,-0.0630645751953125,-0.04473876953125,0.9981842041015625
1768576236816078000,2.388078125,-0.061981201171875,-0.0430908203125,0.99761962890625
1768576236826078200,2.398078125,-0.06597900390625,-0.0428924560546875,1.00091552734375
1768576236836077300,2.408077392578125,-0.059906005859375,-0.0467987060546875,1.00140380859375
1768576236846077200,2.4180771484375,-0.05853271484375,-0.046844482421875,0.9992218017578125
1768576236856077300,2.428077392578125,-0.0601806640625,-0.0469818115234375,0.9991912841796875
1768576236866076200,2.438076171875,-0.0568084716796875,-0.0464324951171875,1.0012359619140625
1768576236876076300,2.448076171875,-0.0557403564453125,-0.04730224609375,0.99951171875
1768576236886076200,2.458076171875,-0.06048583984375,-0.0450897216796875,0.9968109130859375
1768576236896076300,2.468076171875,-0.0659332275390625,-0.0482177734375,0.99395751953125
1768576236906075100,2.4780751953125,-0.06427001953125,-0.044891357421875,0.994842529296875
1768576236916075300,2.4880751953125,-0.064117431640625,-0.042022705078125,0.996612548828125
1768576236926075100,2.4980751953125,-0.063934326171875,-0.042938232421875,0.9974517822265625
1768576236936074200,2.50807421875,-0.0568084716796875,-0.0397796630859375,0.999542236328125
1768576236946074400,2.518074462890625,-0.0559539794921875,-0.04241943359375,0.999908447265625
1768576236956074200,2.52807421875,-0.05859375,-0.0406341552734375,0.999725341796875
1768576236966073300,2.5380732421875,-0.0584716796875,-0.0402069091796875,0.9994049072265625
1768576236976073200,2.5480732421875,-0.0619659423828125,-0.0453338623046875,0.99627685546875
1768576236986073300,2.5580732421875,-0.063720703125,-0.04193115234375,0.996978759765625
1768576236996073200,2.5680732421875,-0.06146240234375,-0.0430755615234375,0.9985809326171875
1768576237006072300,2.578072265625,-0.0605926513671875,-0.0436553955078125,0.9986114501953125
1768576237016072000,2.588072021484375,-0.0592193603515625,-0.0428009033203125,0.9988555908203125
1768576237026072000,2.598072021484375,-0.057098388671875,-0.0418243408203125,1.0007171630859375
1768576237036071200,2.6080712890625,-0.059478759765625,-0.0444183349609375,0.998504638671875
1768576237046071000,2.618071044921875,-0.06317138671875,-0.0428466796875,0.998779296875
1768576237056071200,2.6280712890625,-0.0599517822265625,-0.04241943359375,1.0003662109375
1768576237066071000,2.638071044921875,-0.0594329833984375,-0.044342041015625,1.0020904541015625
1768576237076070100,2.648070068359375,-0.06298828125,-0.0438079833984375,0.998687744140625
1768576237086070000,2.658070068359375,-0.0628814697265625,-0.0454254150390625,0.9972076416015625
1768576237096070100,2.668070068359375,-0.05792236328125,-0.0451507568359375,0.9972076416015625
1768576237106069000,2.678069091796875,-0.0563507080078125,-0.0470123291015625,0.99713134765625
1768576237116069000,2.688069091796875,-0.0572662353515625,-0.0461883544921875,0.9987335205078125
1768576237126069000,2.698069091796875,-0.0566558837890625,-0.0452880859375,1.0001068115234375
1768576237136069000,2.708069091796875,-0.05511474609375,-0.047271728515625,0.9995880126953125
1768576237146068200,2.718068115234375,-0.0566253662109375,-0.0450592041015625,1.0031890869140625
1768576237156068000,2.728068115234375,-0.0576171875,-0.04473876953125,1.0041046142578125
1768576237166068000,2.73806787109375,-0.0592041015625,-0.0433807373046875,0.9990386962890625
1768576237176067000,2.748067138671875,-0.0564422607421875,-0.0417633056640625,0.9983673095703125
1768576237186067200,2.758067138671875,-0.0595855712890625,-0.040924072265625,0.99798583984375
1768576237196067000,2.768067138671875,-0.0618438720703125,-0.044097900390625,0.996429443359375
1768576237206067200,2.778067138671875,-0.058685302734375,-0.042205810546875,0.9950103759765625
1768576237216066000,2.788066162109375,-0.05743408203125,-0.0444183349609375,0.9962158203125
1768576237226066200,2.798066162109375,-0.0599365234375,-0.0440673828125,0.9986572265625
1768576237236066000,2.808066162109375,-0.0584869384765625,-0.0452117919921875,0.996673583984375
1768576237246065000,2.81806494140625,-0.0558319091796875,-0.04718017578125,0.9968719482421875
1768576237256065000,2.82806494140625,-0.0554962158203125,-0.043609619140625,0.9987030029296875
1768576237266065200,2.838065185546875,-0.053131103515625,-0.0458526611328125,1.001129150390625
1768576237276065000,2.84806494140625,-0.043060302734375,-0.0466156005859375,1.005096435546875
1768576237286063900,2.85806396484375,-0.04876708984375,-0.0469818115234375,1.0048980712890625
1768576237296064000,2.86806396484375,-0.048614501953125,-0.0453033447265625,1.0040283203125
1768576237306064100,2.878064208984375,-0.0516510009765625,-0.041961669921875,1.002960205078125
1768576237316063000,2.88806298828125,-0.053955078125,-0.0419158935546875,1.0014801025390625
1768576237326062800,2.898062744140625,-0.05987548828125,-0.04302978515625,1.001678466796875
1768576237336063000,2.90806298828125,-0.0576171875,-0.0437774658203125,0.997039794921875
1768576237346061800,2.918061767578125,-0.05364990234375,-0.04638671875,0.9948577880859375
1768576237356062000,2.92806201171875,-0.0546722412109375,-0.04638671875,0.996063232421875
1768576237366061800,2.938061767578125,-0.05615234375,-0.0458526611328125,0.9962921142578125
1768576237376062000,2.94806201171875,-0.054595947265625,-0.0463104248046875,0.9956817626953125
1768576237386061000,2.95806103515625,-0.0559234619140625,-0.0464935302734375,0.9944000244140625
1768576237396061000,2.96806103515625,-0.055694580078125,-0.042877197265625,0.9980621337890625
1768576237406061000,2.97806103515625,-0.0528564453125,-0.045623779296875,0.9998016357421875
1768576237416060000,2.988059814453125,-0.0566558837890625,-0.0456390380859375,1.0009613037109375
1768576237426060000,2.99806005859375,-0.0585479736328125,-0.043731689453125,1.0006561279296875
1768576237436060000,3.008059814453125,-0.0581207275390625,-0.0441741943359375,1.0004730224609375
1768576237446060000,3.01806005859375,-0.0569305419921875,-0.0453643798828125,0.998626708984375
1768576237456059000,3.028058837890625,-0.056488037109375,-0.0440216064453125,1.00042724609375
1768576237466059000,3.03805908203125,-0.0558319091796875,-0.044097900390625,1.001617431640625
1768576237476059000,3.048058837890625,-0.0544586181640625,-0.0460968017578125,1.00225830078125
1768576237486058000,3.05805810546875,-0.0567474365234375,-0.0457916259765625,1.000335693359375
1768576237496058000,3.06805810546875,-0.0620269775390625,-0.045623779296875,0.998870849609375
1768576237506058000,3.07805810546875,-0.060028076171875,-0.0429534912109375,0.9967193603515625
1768576237516057900,3.088057861328125,-0.061431884765625,-0.0409393310546875,0.9972686767578125
1768576237526057000,3.098056884765625,-0.05987548828125,-0.0427093505859375,0.99749755859375
1768576237536057000,3.10805712890625,-0.056793212890625,-0.042266845703125,0.9967193603515625
1768576237546057000,3.118056884765625,-0.05633544921875,-0.045684814453125,0.996063232421875
1768576237556056000,3.12805615234375,-0.05389404296875,-0.0454559326171875,0.9956512451171875
1768576237566056000,3.138055908203125,-0.055267333984375,-0.0444183349609375,0.997039794921875
1768576237576056000,3.14805615234375,-0.056488037109375,-0.04425048828125,0.999420166015625
1768576237586056000,3.158055908203125,-0.056915283203125,-0.044830322265625,1.00177001953125
1768576237596055000,3.168054931640625,-0.05780029296875,-0.0452880859375,1.001800537109375
1768576237606055000,3.178054931640625,-0.0569305419921875,-0.046661376953125,0.9998779296875
1768576237616055000,3.188054931640625,-0.0539398193359375,-0.0443267822265625,1.0028839111328125
1768576237626054100,3.19805419921875,-0.0547637939453125,-0.0432586669921875,1.002655029296875
1768576237636054000,3.208053955078125,-0.05084228515625,-0.0420379638671875,1.0014495849609375
1768576237646054100,3.21805419921875,-0.0542144775390625,-0.041259765625,1.0001373291015625
1768576237656054000,3.228053955078125,-0.0604400634765625,-0.042327880859375,0.998504638671875
1768576237666053000,3.23805322265625,-0.06158447265625,-0.0401153564453125,0.9984588623046875
1768576237676053000,3.248052978515625,-0.0612640380859375,-0.0398406982421875,0.9998321533203125
1768576237686053000,3.25805322265625,-0.0629730224609375,-0.0408935546875,0.9993743896484375
1768576237696052000,3.268052001953125,-0.0605621337890625,-0.04296875,0.99749755859375
1768576237706052000,3.278052001953125,-0.0550384521484375,-0.0432891845703125,0.998046875
1768576237716052000,3.288052001953125,-0.0557098388671875,-0.0440826416015625,1.0010833740234375
1768576237726052000,3.298052001953125,-0.057830810546875,-0.04345703125,1.001312255859375
1768576237736051200,3.30805126953125,-0.0587310791015625,-0.0425872802734375,0.999725341796875
1768576237746051000,3.318051025390625,-0.0580291748046875,-0.0430755615234375,0.99969482421875
1768576237756051000,3.328051025390625,-0.054656982421875,-0.0419158935546875,1.002166748046875
1768576237766050000,3.338050048828125,-0.0569610595703125,-0.042083740234375,1.0011444091796875
1768576237776050200,3.34805029296875,-0.05828857421875,-0.0444793701171875,0.9991912841796875
1768576237786050000,3.358050048828125,-0.0558013916015625,-0.0449676513671875,1.0007171630859375
1768576237796050200,3.36805029296875,-0.0556488037109375,-0.0464630126953125,1.0005645751953125
1768576237806049000,3.378049072265625,-0.0593719482421875,-0.0463104248046875,1.0019073486328125
1768576237816049200,3.388049072265625,-0.06097412109375,-0.04962158203125,0.996124267578125
1768576237826049000,3.398049072265625,-0.0587005615234375,-0.0458221435546875,0.994537353515625
1768576237836048100,3.408048095703125,-0.0583343505859375,-0.04473876953125,0.9954986572265625
1768576237846048000,3.418048095703125,-0.05810546875,-0.04437255859375,0.9980010986328125
1768576237856048000,3.428048095703125,-0.0597686767578125,-0.0425567626953125,0.9981689453125
1768576237866048000,3.438048095703125,-0.0583038330078125,-0.04388427734375,0.996917724609375
1768576237876046800,3.448046875,-0.0569915771484375,-0.0446929931640625,0.998443603515625
1768576237886047200,3.458047119140625,-0.0567779541015625,-0.045806884765625,1.0015106201171875
1768576237896047000,3.468047119140625,-0.05780029296875,-0.0444183349609375,1.0015411376953125
1768576237906047200,3.478047119140625,-0.059051513671875,-0.043609619140625,0.9993133544921875
1768576237916045800,3.4880458984375,-0.0596923828125,-0.0441131591796875,0.9981842041015625
1768576237926046200,3.498046142578125,-0.0590057373046875,-0.043304443359375,0.9975128173828125
1768576237936046000,3.508046142578125,-0.0580902099609375,-0.0446929931640625,0.9997711181640625
1768576237946045000,3.518044921875,-0.0604248046875,-0.043487548828125,0.998687744140625
1768576237956044800,3.528044921875,-0.0613861083984375,-0.044677734375,0.99676513671875
1768576237966045000,3.538044921875,-0.0597381591796875,-0.0422821044921875,0.997589111328125
1768576237976045000,3.548045166015625,-0.0621185302734375,-0.0425567626953125,0.997711181640625
1768576237986044000,3.5580439453125,-0.061614990234375,-0.0439453125,0.9990386962890625
1768576237996044000,3.5680439453125,-0.0601959228515625,-0.0466156005859375,0.9950103759765625
1768576238006044000,3.5780439453125,-0.0569000244140625,-0.0442962646484375,0.992645263671875
1768576238016043500,3.58804345703125,-0.0553131103515625,-0.044952392578125,0.9990234375
1768576238026043400,3.59804345703125,-0.0543212890625,-0.047515869140625,0.999969482421875
1768576238036043500,3.60804345703125,-0.0556182861328125,-0.048187255859375,1.0044403076171875
1768576238046043400,3.61804345703125,-0.0601806640625,-0.04559326171875,1.0048980712890625
1768576238056042200,3.628042236328125,-0.055328369140625,-0.04547119140625,1.0007781982421875
1768576238066042400,3.63804248046875,-0.0554962158203125,-0.0405731201171875,1.005706787109375
1768576238076042500,3.64804248046875,-0.0573577880859375,-0.043853759765625,1.0063934326171875
1768576238086041000,3.658041015625,-0.0605926513671875,-0.0428924560546875,0.9996185302734375
1768576238096041200,3.668041259765625,-0.06475830078125,-0.0426483154296875,0.9910125732421875
1768576238106041000,3.678041015625,-0.0646820068359375,-0.04119873046875,0.989410400390625
1768576238116041500,3.68804150390625,-0.0605621337890625,-0.042877197265625,0.9901580810546875
1768576238126040300,3.698040283203125,-0.0576019287109375,-0.03973388671875,0.9915618896484375
1768576238136040200,3.708040283203125,-0.0531463623046875,-0.0390167236328125,0.9971160888671875
1768576238146040300,3.718040283203125,-0.0554656982421875,-0.040557861328125,1.005859375
1768576238156039200,3.7280390625,-0.0603485107421875,-0.0401153564453125,1.0084381103515625
1768576238166039300,3.738039306640625,-0.0639801025390625,-0.0439300537109375,1.00543212890625
1768576238176039200,3.7480390625,-0.0613555908203125,-0.045257568359375,1.0015869140625
1768576238186039300,3.758039306640625,-0.0598602294921875,-0.046630859375,0.998321533203125
1768576238196038100,3.7680380859375,-0.057342529296875,-0.0469970703125,0.9921417236328125
1768576238206038300,3.778038330078125,-0.0567779541015625,-0.0482330322265625,0.991943359375
1768576238216038100,3.7880380859375,-0.058685302734375,-0.0489044189453125,0.9923095703125
1768576238226037200,3.798037353515625,-0.0609283447265625,-0.0493011474609375,0.992584228515625
1768576238236037400,3.808037353515625,-0.060455322265625,-0.04754638671875,0.996124267578125
1768576238246037200,3.818037353515625,-0.061248779296875,-0.046539306640625,0.9970703125
1768576238256037000,3.828037109375,-0.059600830078125,-0.044769287109375,0.9964752197265625
1768576238266036200,3.8380361328125,-0.06048583984375,-0.0443115234375,1.000518798828125
1768576238276036400,3.848036376953125,-0.0600738525390625,-0.04376220703125,1.0054779052734375
1768576238286036200,3.8580361328125,-0.063018798828125,-0.0418243408203125,1.0056304931640625
1768576238296036400,3.868036376953125,-0.0615997314453125,-0.0413665771484375,1.0043487548828125
1768576238306035200,3.87803515625,-0.055938720703125,-0.0436859130859375,1.002044677734375
1768576238316035300,3.888035400390625,-0.054656982421875,-0.0460205078125,1.001800537109375
1768576238326035200,3.89803515625,-0.0545806884765625,-0.046173095703125,0.9989166259765625
1768576238336034300,3.908034423828125,-0.0600128173828125,-0.045684814453125,0.996917724609375
1768576238346034200,3.9180341796875,-0.061370849609375,-0.046630859375,0.9977874755859375
1768576238356034300,3.928034423828125,-0.0601806640625,-0.0508575439453125,0.9986114501953125
1768576238366034200,3.9380341796875,-0.0562744140625,-0.050048828125,0.9996795654296875
1768576238376033300,3.948033203125,-0.0553436279296875,-0.0491485595703125,0.9994049072265625
1768576238386033400,3.958033447265625,-0.056884765625,-0.0499114990234375,0.9976043701171875
1768576238396033300,3.968033203125,-0.052276611328125,-0.0508575439453125,0.9971160888671875
1768576238406032400,3.978032470703125,-0.0511322021484375,-0.0515899658203125,0.9966888427734375
1768576238416032300,3.9880322265625,-0.0573883056640625,-0.0484161376953125,0.9972991943359375
1768576238426657300,3.9986572265625,-0.05816650390625,-0.0451812744140625,0.999053955078125
1768576238436657200,4.0086572265625,-0.0612335205078125,-0.0452728271484375,0.9980010986328125
1768576238446656300,4.01865625,-0.063751220703125,-0.0414276123046875,0.9940185546875
1768576238456656100,4.02865625,-0.05853271484375,-0.0398712158203125,0.9992218017578125
1768576238466656300,4.03865625,-0.057098388671875,-0.0390777587890625,0.998870849609375
1768576238476656000,4.04865625,-0.05633544921875,-0.03765869140625,0.9990386962890625
1768576238486655200,4.0586552734375,-0.0532379150390625,-0.0372161865234375,0.9976043701171875
1768576238496655000,4.068655029296875,-0.0518341064453125,-0.0327301025390625,0.9971771240234375
1768576238506655200,4.0786552734375,-0.0550079345703125,-0.0348968505859375,0.99456787109375
1768576238516654300,4.088654296875,-0.0573577880859375,-0.0370330810546875,0.9967193603515625
1768576238526654200,4.098654296875,-0.0554656982421875,-0.0331268310546875,1.001129150390625
1768576238536654300,4.108654296875,-0.049224853515625,-0.0336761474609375,1.0033111572265625
1768576238546654200,4.118654296875,-0.04974365234375,-0.038055419921875,1.003753662109375
1768576238556653300,4.1286533203125,-0.055206298828125,-0.041778564453125,1.00347900390625
1768576238566653200,4.138653076171875,-0.055389404296875,-0.04425048828125,1.0008544921875
1768576238576653300,4.1486533203125,-0.05401611328125,-0.0462799072265625,1.0014190673828125
1768576238586652200,4.158652099609375,-0.0549468994140625,-0.0453948974609375,1.001861572265625
1768576238596652300,4.16865234375,-0.051605224609375,-0.04302978515625,1.007965087890625
1768576238606652200,4.178652099609375,-0.0518798828125,-0.04595947265625,1.007415771484375
1768576238616652300,4.18865234375,-0.0565032958984375,-0.0460968017578125,0.9971160888671875
1768576238626651400,4.1986513671875,-0.056976318359375,-0.0466461181640625,0.9935302734375
1768576238636651300,4.2086513671875,-0.0576324462890625,-0.0488739013671875,0.9974517822265625
1768576238646651400,4.2186513671875,-0.0624542236328125,-0.04718017578125,0.9971466064453125
1768576238656651300,4.2286513671875,-0.0621795654296875,-0.04559326171875,0.99652099609375
1768576238666650400,4.238650390625,-0.056976318359375,-0.0461883544921875,0.998382568359375
1768576238676650200,4.248650146484375,-0.058013916015625,-0.044830322265625,0.9968719482421875
1768576238686650400,4.258650390625,-0.0588226318359375,-0.0437164306640625,0.994110107421875
1768576238696649200,4.268649169921875,-0.0568084716796875,-0.040740966796875,0.997344970703125
1768576238706649300,4.2786494140625,-0.0555877685546875,-0.0412750244140625,1.001739501953125
1768576238716649200,4.288649169921875,-0.0579681396484375,-0.0435333251953125,1.000579833984375
1768576238726649300,4.2986494140625,-0.058685302734375,-0.0464935302734375,1.0022735595703125
1768576238736648400,4.3086484375,-0.0564727783203125,-0.04736328125,1.001708984375
1768576238746648300,4.3186484375,-0.05145263671875,-0.04864501953125,0.9982757568359375
1768576238756648200,4.328648193359375,-0.0441741943359375,-0.049285888671875,0.998809814453125
1768576238766648300,4.3386484375,-0.0448760986328125,-0.0501861572265625,0.9979400634765625
1768576238776647400,4.3486474609375,-0.0460662841796875,-0.051727294921875,0.998748779296875
1768576238786647300,4.358647216796875,-0.047393798828125,-0.051483154296875,1.0014190673828125
1768576238796647400,4.3686474609375,-0.0492401123046875,-0.0486297607421875,1.0001373291015625
1768576238806646300,4.378646240234375,-0.0476226806640625,-0.044830322265625,0.998016357421875
1768576238816646400,4.388646484375,-0.0458831787109375,-0.0440216064453125,0.99639892578125
1768576238827271200,4.399271240234375,-0.048828125,-0.0428009033203125,0.9958343505859375
1768576238837271300,4.409271240234375,-0.05255126953125,-0.0411529541015625,0.9975738525390625
1768576238847270100,4.419270263671875,-0.0542449951171875,-0.04205322265625,0.993499755859375
1768576238857270300,4.429270263671875,-0.0538787841796875,-0.0430450439453125,0.9947509765625
1768576238867270100,4.439270263671875,-0.0519866943359375,-0.0439300537109375,0.9943389892578125
1768576238877270300,4.449270263671875,-0.0527801513671875,-0.042144775390625,0.9950408935546875
1768576238887269400,4.459269287109375,-0.051116943359375,-0.04449462890625,0.995025634765625
1768576238897269200,4.469269287109375,-0.0508880615234375,-0.04559326171875,0.9958953857421875
1768576238907269000,4.47926904296875,-0.0531005859375,-0.0442657470703125,0.9976806640625
1768576238917268200,4.489268310546875,-0.0573577880859375,-0.044189453125,0.999847412109375
1768576238927268400,4.499268310546875,-0.0618896484375,-0.0433502197265625,0.9980010986328125
1768576238937268200,4.509268310546875,-0.056610107421875,-0.044219970703125,0.997344970703125
1768576238947268400,4.519268310546875,-0.054290771484375,-0.0450439453125,0.996429443359375
1768576238957267200,4.52926708984375,-0.0552978515625,-0.0460662841796875,0.9990997314453125
1768576238967267300,4.539267333984375,-0.055816650390625,-0.0465850830078125,1.0026702880859375
1768576238977267200,4.54926708984375,-0.0562744140625,-0.0462646484375,1.004150390625
1768576238987267300,4.559267333984375,-0.0549774169921875,-0.046966552734375,1.0048370361328125
1768576238997266200,4.56926611328125,-0.0546417236328125,-0.0464324951171875,1.00799560546875
1768576239007266300,4.579266357421875,-0.053131103515625,-0.0467376708984375,1.00860595703125
1768576239017266000,4.589265869140625,-0.0518798828125,-0.0465545654296875,1.00616455078125
1768576239027266000,4.59926611328125,-0.0494842529296875,-0.0466461181640625,1.0039520263671875
1768576239037265200,4.60926513671875,-0.0491790771484375,-0.04815673828125,1.0007171630859375
1768576239047265000,4.61926513671875,-0.0479583740234375,-0.047607421875,1.001983642578125
1768576239057265200,4.62926513671875,-0.050201416015625,-0.0482025146484375,1.0009918212890625
1768576239067265000,4.63926513671875,-0.0503997802734375,-0.04571533203125,0.9985504150390625
1768576239077264100,4.64926416015625,-0.05230712890625,-0.0465087890625,0.99993896484375
1768576239087264000,4.659263916015625,-0.04962158203125,-0.0467071533203125,1.0001983642578125
1768576239097264000,4.66926416015625,-0.045501708984375,-0.047607421875,1.0013275146484375
1768576239107263000,4.679262939453125,-0.0450592041015625,-0.0478515625,1.00067138671875
1768576239117263000,4.68926318359375,-0.0430755615234375,-0.045654296875,0.998260498046875
1768576239127263000,4.699262939453125,-0.04278564453125,-0.047027587890625,0.9994659423828125
1768576239137263000,4.70926318359375,-0.0396881103515625,-0.048248291015625,0.9979248046875
1768576239147262200,4.71926220703125,-0.0395050048828125,-0.0478973388671875,0.9975433349609375
1768576239157262000,4.729261962890625,-0.0425262451171875,-0.049041748046875,0.9979705810546875
1768576239167262000,4.739261962890625,-0.0440216064453125,-0.050506591796875,0.9972381591796875
1768576239177262000,4.749261962890625,-0.0414581298828125,-0.051849365234375,0.9978485107421875
1768576239187261200,4.75926123046875,-0.0374603271484375,-0.0492095947265625,0.998992919921875
1768576239197261000,4.769260986328125,-0.037506103515625,-0.0451507568359375,0.997467041015625
1768576239207261200,4.77926123046875,-0.0400848388671875,-0.045074462890625,1.0001068115234375
1768576239217261000,4.789260986328125,-0.0424346923828125,-0.0443572998046875,0.9988555908203125
1768576239227260200,4.79926025390625,-0.044647216796875,-0.044708251953125,1.0007781982421875
1768576239237260000,4.809260009765625,-0.0431671142578125,-0.044891357421875,1.0041046142578125
1768576239247260200,4.81926025390625,-0.0421142578125,-0.0458831787109375,1.001373291015625
1768576239257260000,4.829260009765625,-0.0406646728515625,-0.0450897216796875,0.999053955078125
1768576239267259100,4.839259033203125,-0.0413970947265625,-0.04547119140625,0.9967041015625
1768576239277259000,4.849259033203125,-0.0436553955078125,-0.0460205078125,0.995452880859375
1768576239287259100,4.859259033203125,-0.042999267578125,-0.0463104248046875,0.9955902099609375
1768576239297259000,4.869259033203125,-0.041229248046875,-0.046356201171875,0.99493408203125
1768576239307258000,4.879258056640625,-0.0447540283203125,-0.04449462890625,0.9954071044921875
1768576239317258200,4.88925830078125,-0.045928955078125,-0.0437774658203125,0.9978485107421875
1768576239327258000,4.899258056640625,-0.0426025390625,-0.0431671142578125,0.9991455078125
1768576239337257000,4.909257080078125,-0.0426177978515625,-0.0443878173828125,1.0024871826171875
1768576239347256800,4.9192568359375,-0.043182373046875,-0.045196533203125,1.0023040771484375
1768576239357257200,4.92925732421875,-0.043548583984375,-0.04534912109375,1.0034942626953125
1768576239367257000,4.939257080078125,-0.0443572998046875,-0.0475006103515625,1.00311279296875
1768576239377256000,4.949255859375,-0.04583740234375,-0.0494842529296875,1.0035858154296875
1768576239387255800,4.959255859375,-0.046478271484375,-0.046051025390625,1.0002899169921875
1768576239397256000,4.969255859375,-0.0448150634765625,-0.0439300537109375,0.99676513671875
1768576239407256000,4.979256103515625,-0.045379638671875,-0.04425048828125,0.9990997314453125
1768576239417255000,4.9892548828125,-0.046722412109375,-0.0457916259765625,0.9993743896484375
1768576239427255000,4.999255126953125,-0.04571533203125,-0.0452117919921875,1.0003204345703125
1768576239437255000,5.0092548828125,-0.0462493896484375,-0.0433197021484375,1.000030517578125
1768576239447254800,5.0192548828125,-0.04052734375,-0.042266845703125,0.9981689453125
1768576239457254000,5.02925390625,-0.040435791015625,-0.0430755615234375,0.99853515625
1768576239467254000,5.03925390625,-0.0471343994140625,-0.042236328125,0.9987640380859375
1768576239477254000,5.04925390625,-0.04547119140625,-0.0461273193359375,1.001556396484375
1768576239487254000,5.05925390625,-0.0491485595703125,-0.0475006103515625,1.0003814697265625
1768576239497252900,5.0692529296875,-0.049591064453125,-0.0472869873046875,1.0016326904296875
1768576239507253000,5.0792529296875,-0.045257568359375,-0.0476837158203125,1.00286865234375
1768576239517252900,5.0892529296875,-0.042816162109375,-0.0451812744140625,1.0010986328125
1768576239527253000,5.0992529296875,-0.040008544921875,-0.045501708984375,0.9990386962890625
1768576239537251800,5.109251953125,-0.0372467041015625,-0.0495147705078125,0.999053955078125
1768576239547252000,5.119251953125,-0.0399627685546875,-0.0503997802734375,0.998809814453125
1768576239557251800,5.129251953125,-0.042236328125,-0.0486297607421875,0.997314453125
1768576239567252000,5.139251953125,-0.0412139892578125,-0.0490875244140625,0.9979095458984375
1768576239577251000,5.1492509765625,-0.038177490234375,-0.0488433837890625,1.003204345703125
1768576239587251000,5.1592509765625,-0.0415802001953125,-0.049591064453125,1.0038299560546875
1768576239597250800,5.169250732421875,-0.0429840087890625,-0.0474700927734375,1.00469970703125
1768576239607251000,5.1792509765625,-0.04302978515625,-0.0475006103515625,1.0081634521484375
1768576239617250000,5.18925,-0.0444488525390625,-0.045074462890625,1.004486083984375
1768576239627250000,5.19925,-0.0471954345703125,-0.0451202392578125,1.0003662109375
1768576239637250000,5.20925,-0.046295166015625,-0.04345703125,0.998077392578125
1768576239647250000,5.21925,-0.0435333251953125,-0.044403076171875,0.9937896728515625
1768576239657249000,5.2292490234375,-0.0448760986328125,-0.046173095703125,0.9940032958984375
1768576239667249000,5.239248779296875,-0.0435791015625,-0.04718017578125,0.9974365234375
1768576239677249000,5.2492490234375,-0.04193115234375,-0.046142578125,0.997650146484375
1768576239687249000,5.259248779296875,-0.0417022705078125,-0.0458526611328125,0.9980010986328125
1768576239697248000,5.269248046875,-0.04241943359375,-0.0488433837890625,0.9991302490234375
1768576239707247900,5.279247802734375,-0.0482635498046875,-0.0463409423828125,0.9989166259765625
1768576239717248000,5.289248046875,-0.0487823486328125,-0.04376220703125,0.99810791015625
1768576239727248000,5.299247802734375,-0.0460662841796875,-0.0412445068359375,0.9998779296875
1768576239737247000,5.3092470703125,-0.04437255859375,-0.040863037109375,0.9984283447265625
1768576239747247000,5.3192470703125,-0.047210693359375,-0.0427398681640625,0.9960784912109375
1768576239757247000,5.3292470703125,-0.04534912109375,-0.0437164306640625,0.9958953857421875
1768576239767246800,5.339246826171875,-0.0436553955078125,-0.0449371337890625,0.9990234375
1768576239777246000,5.349245849609375,-0.040557861328125,-0.047088623046875,1.0014801025390625
1768576239787246000,5.35924609375,-0.0387115478515625,-0.0494384765625,1.00311279296875
1768576239797246000,5.369245849609375,-0.04052734375,-0.0506744384765625,1.004486083984375
1768576239807246000,5.37924609375,-0.0419921875,-0.0490264892578125,1.00213623046875
1768576239817245000,5.389244873046875,-0.03997802734375,-0.0534210205078125,1.002288818359375
1768576239827245000,5.3992451171875,-0.0422210693359375,-0.0534820556640625,1.0023345947265625
1768576239837245000,5.409244873046875,-0.04443359375,-0.0517425537109375,1.0026702880859375
1768576239847244000,5.419244140625,-0.046722412109375,-0.0475616455078125,0.99749755859375
1768576239857244000,5.429243896484375,-0.0433502197265625,-0.0431671142578125,0.995513916015625
1768576239867244000,5.439244140625,-0.0423736572265625,-0.04296875,0.9951934814453125
1768576239877244000,5.449243896484375,-0.04119873046875,-0.044464111328125,0.9974517822265625
1768576239887243000,5.459242919921875,-0.0390777587890625,-0.0467071533203125,0.9986114501953125
1768576239897243100,5.4692431640625,-0.040679931640625,-0.0472259521484375,0.99932861328125
1768576239907243000,5.479242919921875,-0.0401153564453125,-0.0467529296875,1.0006256103515625
1768576239917243000,5.489242919921875,-0.0432281494140625,-0.0496063232421875,1.0015869140625
1768576239927242000,5.499241943359375,-0.044677734375,-0.050567626953125,1.0006561279296875
1768576239937242000,5.5092421875,-0.0435791015625,-0.05078125,1.00103759765625
1768576239947242000,5.519241943359375,-0.0412445068359375,-0.05059814453125,1.00103759765625
1768576239957242000,5.5292421875,-0.0424957275390625,-0.049346923828125,0.9970703125
1768576239967241000,5.539240966796875,-0.0437774658203125,-0.0496826171875,0.9976959228515625
1768576239977241000,5.549240966796875,-0.03985595703125,-0.04962158203125,0.997283935546875
1768576239987241000,5.559240966796875,-0.0435028076171875,-0.0479888916015625,0.9965972900390625
1768576239997241000,5.569240966796875,-0.044586181640625,-0.045654296875,0.998260498046875
1768576240007240000,5.579239990234375,-0.0468597412109375,-0.0449676513671875,0.9991607666015625
1768576240017240600,5.589240478515625,-0.0477142333984375,-0.044586181640625,1.0001068115234375
1768576240027240400,5.599240478515625,-0.0479736328125,-0.046234130859375,1.00140380859375
1768576240037240600,5.609240478515625,-0.0484161376953125,-0.046295166015625,1.0009002685546875
1768576240047239400,5.619239501953125,-0.045318603515625,-0.0464935302734375,0.9981842041015625
1768576240057239600,5.629239501953125,-0.04412841796875,-0.0468902587890625,0.9982147216796875
1768576240067239400,5.639239501953125,-0.0441436767578125,-0.047119140625,0.996978759765625
1768576240077239600,5.649239501953125,-0.04473876953125,-0.0478973388671875,0.9994354248046875
1768576240087238700,5.65923876953125,-0.044158935546875,-0.0486602783203125,1.00128173828125
1768576240097238500,5.669238525390625,-0.044189453125,-0.0480804443359375,1.001312255859375
1768576240107238700,5.67923876953125,-0.0454864501953125,-0.0487518310546875,0.999542236328125
1768576240117238500,5.689238525390625,-0.046844482421875,-0.0474700927734375,0.999725341796875
1768576240127237600,5.699237548828125,-0.045806884765625,-0.046234130859375,1.0001983642578125
1768576240137237500,5.709237548828125,-0.047454833984375,-0.0471954345703125,0.99853515625
1768576240147237600,5.719237548828125,-0.0495147705078125,-0.0460357666015625,0.998077392578125
1768576240157237500,5.729237548828125,-0.0493927001953125,-0.046783447265625,0.997772216796875
1768576240167236600,5.739236572265625,-0.0453948974609375,-0.044952392578125,0.99951171875
1768576240177236500,5.749236572265625,-0.03662109375,-0.0464324951171875,1.0034332275390625
1768576240187236600,5.759236572265625,-0.0357818603515625,-0.0460205078125,1.00616455078125
1768576240197236500,5.769236572265625,-0.043609619140625,-0.047576904296875,1.0066986083984375
1768576240207235600,5.779235595703125,-0.0438995361328125,-0.0482635498046875,1.004302978515625
1768576240217235500,5.7892353515625,-0.0459747314453125,-0.048248291015625,1.001922607421875
1768576240227235600,5.799235595703125,-0.0450439453125,-0.047943115234375,0.99749755859375
1768576240237235500,5.8092353515625,-0.0435638427734375,-0.0491180419921875,0.999237060546875
1768576240247234600,5.819234619140625,-0.04180908203125,-0.04693603515625,1.0006256103515625
1768576240257234700,5.829234619140625,-0.0413055419921875,-0.0451202392578125,1.000640869140625
1768576240267234600,5.839234619140625,-0.0438079833984375,-0.04443359375,0.9974365234375
1768576240277234400,5.849234375,-0.0441436767578125,-0.0435028076171875,0.997955322265625
1768576240287233500,5.859233642578125,-0.0433502197265625,-0.045257568359375,0.998931884765625
1768576240297233700,5.869233642578125,-0.0417327880859375,-0.0474090576171875,0.999237060546875
1768576240307233500,5.879233642578125,-0.042724609375,-0.048919677734375,0.9985809326171875
1768576240317233700,5.889233642578125,-0.0451812744140625,-0.0487060546875,0.99652099609375
1768576240327232500,5.899232421875,-0.0394439697265625,-0.046356201171875,1.00067138671875
1768576240337232600,5.909232666015625,-0.036651611328125,-0.0464324951171875,1.001220703125
1768576240347232500,5.919232421875,-0.0401458740234375,-0.046630859375,1.0001678466796875
1768576240357232600,5.929232666015625,-0.042877197265625,-0.0472412109375,0.9955902099609375
1768576240367231500,5.9392314453125,-0.0423583984375,-0.0471649169921875,0.997222900390625
1768576240377231600,5.949231689453125,-0.04461669921875,-0.04974365234375,0.9976043701171875
1768576240387231500,5.9592314453125,-0.0455474853515625,-0.0491790771484375,0.9990692138671875
1768576240397231600,5.969231689453125,-0.0480499267578125,-0.04791259765625,0.9986114501953125
1768576240407230700,5.979230712890625,-0.048614501953125,-0.046173095703125,0.99896240234375
1768576240417230600,5.989230712890625,-0.0496978759765625,-0.0452117919921875,0.9986419677734375
1768576240427230700,5.999230712890625,-0.051300048828125,-0.0483856201171875,0.9998016357421875
1768576240437230600,6.009230712890625,-0.0557098388671875,-0.0464935302734375,0.99810791015625
1768576240447229700,6.019229736328125,-0.0535125732421875,-0.046356201171875,0.9935455322265625
1768576240457229600,6.0292294921875,-0.052642822265625,-0.0447540283203125,0.99609375
1768576240467229700,6.039229736328125,-0.0565032958984375,-0.042877197265625,0.9981536865234375
1768576240477229600,6.0492294921875,-0.05352783203125,-0.041229248046875,1.0032501220703125
1768576240487228700,6.059228759765625,-0.0481414794921875,-0.0409088134765625,1.0058746337890625
1768576240497228500,6.069228515625,-0.0476226806640625,-0.0414276123046875,1.00469970703125
1768576240507228700,6.079228759765625,-0.04888916015625,-0.0424652099609375,1.00250244140625
1768576240517228500,6.089228515625,-0.0459442138671875,-0.0459136962890625,0.998138427734375
1768576240527227400,6.099227294921875,-0.047119140625,-0.0475921630859375,0.997589111328125
1768576240537227500,6.1092275390625,-0.0483551025390625,-0.0486907958984375,0.999114990234375
1768576240547227600,6.1192275390625,-0.0444183349609375,-0.04815673828125,0.9990692138671875
1768576240557227500,6.1292275390625,-0.0462493896484375,-0.045684814453125,0.998626708984375
1768576240567226400,6.139226318359375,-0.0467071533203125,-0.0428009033203125,1.000732421875
1768576240577226500,6.1492265625,-0.04559326171875,-0.04461669921875,1.00244140625
1768576240587226600,6.1592265625,-0.0463409423828125,-0.0453338623046875,1.001434326171875
1768576240597226500,6.1692265625,-0.04742431640625,-0.0447845458984375,1.000701904296875
1768576240607225300,6.179225341796875,-0.0474700927734375,-0.0432586669921875,0.9959564208984375
1768576240617225500,6.1892255859375,-0.0451812744140625,-0.042572021484375,0.996551513671875
1768576240627225300,6.199225341796875,-0.0432586669921875,-0.0413360595703125,0.998321533203125
1768576240637225700,6.209225830078125,-0.0448150634765625,-0.0419769287109375,0.9966278076171875
1768576240647224300,6.219224365234375,-0.0459747314453125,-0.0405120849609375,0.9991302490234375
1768576240657224400,6.229224365234375,-0.0476226806640625,-0.043304443359375,1.0000152587890625
1768576240667224300,6.239224365234375,-0.043975830078125,-0.0455780029296875,0.9993438720703125
1768576240677224400,6.249224365234375,-0.042877197265625,-0.0454559326171875,1.0016326904296875
1768576240687223600,6.2592236328125,-0.045196533203125,-0.0468292236328125,1.003173828125
1768576240697223400,6.269223388671875,-0.0473480224609375,-0.0459136962890625,1.002593994140625
1768576240707223300,6.279223388671875,-0.04791259765625,-0.046234130859375,1.0034637451171875
1768576240717223400,6.289223388671875,-0.0469512939453125,-0.0452880859375,1.0038909912109375
1768576240727222500,6.299222412109375,-0.049835205078125,-0.044464111328125,1.00164794921875
1768576240737222400,6.309222412109375,-0.045989990234375,-0.045196533203125,0.9979400634765625
1768576240747222500,6.319222412109375,-0.0459747314453125,-0.0421600341796875,1.002532958984375
1768576240757222400,6.329222412109375,-0.0441131591796875,-0.046478271484375,1.00006103515625
1768576240767221500,6.339221435546875,-0.04302978515625,-0.0438079833984375,0.99371337890625
1768576240777221400,6.349221435546875,-0.0446319580078125,-0.0399017333984375,0.995208740234375
1768576240787221500,6.359221435546875,-0.0481719970703125,-0.04229736328125,0.9979248046875
1768576240797221400,6.369221435546875,-0.0491485595703125,-0.0419464111328125,1.0009002685546875
1768576240807220500,6.379220458984375,-0.049774169921875,-0.0400848388671875,1.000885009765625
1768576240817220400,6.389220458984375,-0.0458221435546875,-0.04217529296875,0.999786376953125
1768576240827220500,6.399220458984375,-0.0469970703125,-0.04266357421875,1.000091552734375
1768576240837220400,6.409220458984375,-0.04803466796875,-0.04302978515625,1.0015411376953125
1768576240847219500,6.419219482421875,-0.045318603515625,-0.042022705078125,1.00250244140625
1768576240857219600,6.429219482421875,-0.0470428466796875,-0.0421142578125,1.0009918212890625
1768576240867219500,6.439219482421875,-0.0445709228515625,-0.0430908203125,0.9974365234375
1768576240877219300,6.44921923828125,-0.044647216796875,-0.0428466796875,0.997650146484375
1768576240887218400,6.459218505859375,-0.0476226806640625,-0.04498291015625,0.9986114501953125
1768576240897218600,6.469218505859375,-0.0493316650390625,-0.0438079833984375,0.998291015625
1768576240907218400,6.479218505859375,-0.0522613525390625,-0.0423431396484375,0.9976959228515625
1768576240917218600,6.489218505859375,-0.05267333984375,-0.04052734375,0.9991302490234375
1768576240927217400,6.499217529296875,-0.04876708984375,-0.0400238037109375,0.9993743896484375
1768576240937217500,6.509217529296875,-0.0464019775390625,-0.0406494140625,0.9998016357421875
1768576240947217400,6.519217529296875,-0.0478057861328125,-0.0446624755859375,0.997894287109375
1768576240957217500,6.529217529296875,-0.0445404052734375,-0.0463714599609375,0.9981689453125
1768576240967216400,6.53921630859375,-0.0444183349609375,-0.0471343994140625,1.0007171630859375
1768576240977216500,6.549216552734375,-0.0478363037109375,-0.0479278564453125,1.001434326171875
1768576240987216400,6.55921630859375,-0.050537109375,-0.04559326171875,1.0017242431640625
1768576240997215500,6.569215576171875,-0.049713134765625,-0.0437774658203125,1.0052032470703125
1768576241007215600,6.579215576171875,-0.05328369140625,-0.0434722900390625,1.0033416748046875
1768576241017214500,6.58921435546875,-0.052642822265625,-0.0401611328125,0.997894287109375
1768576241027214600,6.599214599609375,-0.0520782470703125,-0.03985595703125,0.997222900390625
1768576241037214700,6.609214599609375,-0.05047607421875,-0.0393829345703125,0.9956512451171875
1768576241047213600,6.619213623046875,-0.0489349365234375,-0.039306640625,0.9969635009765625
1768576241057213400,6.62921337890625,-0.0483245849609375,-0.0394134521484375,0.9961090087890625
1768576241067213600,6.639213623046875,-0.0490264892578125,-0.03863525390625,0.9987335205078125
1768576241077213400,6.64921337890625,-0.0484161376953125,-0.0413055419921875,1.0008544921875
1768576241087212500,6.659212646484375,-0.0512237548828125,-0.042510986328125,1.0020904541015625
1768576241097212700,6.669212646484375,-0.0500640869140625,-0.0439910888671875,1.0033721923828125
1768576241107212500,6.679212646484375,-0.0514373779296875,-0.0447998046875,1.0034027099609375
1768576241117212400,6.68921240234375,-0.0506591796875,-0.0454559326171875,1.001678466796875
1768576241127211500,6.69921142578125,-0.051513671875,-0.0460357666015625,0.9989776611328125
1768576241137211600,6.709211669921875,-0.0499114990234375,-0.0441741943359375,0.9972991943359375
1768576241147211500,6.71921142578125,-0.0503387451171875,-0.0439910888671875,0.996002197265625
1768576241157211600,6.729211669921875,-0.0499267578125,-0.0434417724609375,0.99810791015625
1768576241167210500,6.73921044921875,-0.0499420166015625,-0.0436248779296875,0.9992218017578125
1768576241177210600,6.749210693359375,-0.050048828125,-0.044219970703125,1.0010528564453125
1768576241187210500,6.75921044921875,-0.0490570068359375,-0.0442352294921875,1.001953125
1768576241197210600,6.769210693359375,-0.0496368408203125,-0.0451507568359375,1.003936767578125
1768576241207209500,6.77920947265625,-0.0501251220703125,-0.044921875,1.0018310546875
1768576241217209600,6.789209716796875,-0.052703857421875,-0.04400634765625,1.0002899169921875
1768576241227209500,6.79920947265625,-0.0504608154296875,-0.0423583984375,1.001220703125
1768576241237209600,6.809209716796875,-0.0518798828125,-0.0439300537109375,0.9988250732421875
1768576241247208700,6.819208740234375,-0.052886962890625,-0.0419769287109375,0.999725341796875
1768576241257208600,6.82920849609375,-0.05194091796875,-0.0428009033203125,0.9989471435546875
1768576241267208700,6.839208740234375,-0.0485382080078125,-0.0424957275390625,1.0040283203125
1768576241277208600,6.84920849609375,-0.0505218505859375,-0.0470123291015625,1.004425048828125
1768576241287207700,6.859207763671875,-0.0505218505859375,-0.0449066162109375,0.9972381591796875
1768576241297207600,6.86920751953125,-0.0532073974609375,-0.04278564453125,1.0030670166015625
1768576241307207700,6.879207763671875,-0.0542755126953125,-0.0411376953125,0.9996490478515625
1768576241317207600,6.88920751953125,-0.057220458984375,-0.0406341552734375,0.9978485107421875
1768576241327206700,6.89920654296875,-0.055511474609375,-0.0402679443359375,0.9990081787109375
1768576241337206500,6.90920654296875,-0.054168701171875,-0.03765869140625,0.9976043701171875
1768576241347206700,6.91920654296875,-0.0570526123046875,-0.0395355224609375,0.9942779541015625
1768576241357206500,6.92920654296875,-0.058929443359375,-0.038330078125,0.9940185546875
1768576241367205600,6.93920556640625,-0.05743408203125,-0.0392913818359375,0.99713134765625
1768576241377205500,6.94920556640625,-0.059295654296875,-0.0394287109375,0.9997711181640625
1768576241387205600,6.95920556640625,-0.0549468994140625,-0.0409088134765625,1.0002593994140625
1768576241397205500,6.96920556640625,-0.05169677734375,-0.0436248779296875,1.001708984375
1768576241407204600,6.97920458984375,-0.0535736083984375,-0.045196533203125,1.0028839111328125
1768576241417204700,6.989204833984375,-0.0537567138671875,-0.0430755615234375,1.0027008056640625
1768576241427204600,6.99920458984375,-0.050537109375,-0.0449676513671875,1.001739501953125
1768576241437204500,7.00920458984375,-0.0524139404296875,-0.0425567626953125,1.0006866455078125
1768576241447203600,7.01920361328125,-0.0514984130859375,-0.0448150634765625,0.9996185302734375
1768576241457203700,7.02920361328125,-0.0496368408203125,-0.044830322265625,0.99859619140625
1768576241467203600,7.03920361328125,-0.0532989501953125,-0.0468902587890625,0.997283935546875
1768576241477203700,7.04920361328125,-0.052520751953125,-0.046295166015625,0.9969024658203125
1768576241487202600,7.05920263671875,-0.0498046875,-0.0439453125,1.0000457763671875
1768576241497202700,7.06920263671875,-0.0512847900390625,-0.0440826416015625,0.9990234375
1768576241507202600,7.07920263671875,-0.05377197265625,-0.0448150634765625,1.000396728515625
1768576241517202700,7.08920263671875,-0.0532684326171875,-0.04473876953125,1.0039825439453125
1768576241527201500,7.099201416015625,-0.05169677734375,-0.046051025390625,1.0046844482421875
1768576241537201700,7.10920166015625,-0.047607421875,-0.043670654296875,1.0005645751953125
1768576241547201500,7.119201416015625,-0.0489044189453125,-0.042266845703125,0.997894287109375
1768576241557201700,7.12920166015625,-0.052337646484375,-0.0429229736328125,0.9945526123046875
1768576241567200800,7.13920068359375,-0.05645751953125,-0.0414886474609375,0.991424560546875
1768576241577200600,7.14920068359375,-0.0552825927734375,-0.0394744873046875,0.9947662353515625
1768576241587200800,7.15920068359375,-0.0537872314453125,-0.041046142578125,0.998809814453125
1768576241597200600,7.16920068359375,-0.0557861328125,-0.0401763916015625,1.0028076171875
1768576241607199700,7.17919970703125,-0.0543975830078125,-0.0386505126953125,1.0028839111328125
1768576241617199600,7.18919970703125,-0.0575408935546875,-0.040679931640625,1.0033111572265625
1768576241627199700,7.19919970703125,-0.0630340576171875,-0.041290283203125,1.0008697509765625
1768576241637199600,7.20919970703125,-0.060943603515625,-0.0420684814453125,0.99737548828125
1768576241647198700,7.21919873046875,-0.058135986328125,-0.044342041015625,0.99627685546875
1768576241657198600,7.229198486328125,-0.0550994873046875,-0.0435333251953125,0.997467041015625
1768576241667198700,7.23919873046875,-0.0528717041015625,-0.0434417724609375,0.9990386962890625
1768576241677198600,7.249198486328125,-0.0523681640625,-0.04412841796875,1.0004425048828125
1768576241687197700,7.25919775390625,-0.0515594482421875,-0.0443115234375,1.0018768310546875
1768576241697197600,7.269197509765625,-0.052703857421875,-0.0445709228515625,1.002593994140625
1768576241707197700,7.27919775390625,-0.05450439453125,-0.043914794921875,0.9991607666015625
1768576241717197600,7.289197509765625,-0.051910400390625,-0.04449462890625,1.000640869140625
1768576241727196700,7.29919677734375,-0.053680419921875,-0.044158935546875,0.9977874755859375
1768576241737196800,7.30919677734375,-0.0525360107421875,-0.0428009033203125,0.9973297119140625
1768576241747196700,7.31919677734375,-0.0525360107421875,-0.0437774658203125,0.9975738525390625
1768576241757196500,7.329196533203125,-0.0535125732421875,-0.04376220703125,0.9987335205078125
1768576241767196700,7.33919677734375,-0.0536956787109375,-0.04583740234375,0.9992828369140625
1768576241777195800,7.34919580078125,-0.0541839599609375,-0.045166015625,1.0011749267578125
1768576241787195600,7.359195556640625,-0.0500030517578125,-0.0452880859375,1.0013275146484375
1768576241797195800,7.36919580078125,-0.05322265625,-0.044586181640625,1.0005645751953125
1768576241807195600,7.379195556640625,-0.0539093017578125,-0.041656494140625,0.9951324462890625
1768576241817194800,7.38919482421875,-0.0527496337890625,-0.0445709228515625,0.9974365234375
1768576241827194600,7.399194580078125,-0.05657958984375,-0.0445709228515625,0.99774169921875
1768576241837194800,7.40919482421875,-0.055633544921875,-0.043670654296875,0.998443603515625
1768576241847194600,7.419194580078125,-0.05621337890625,-0.0445556640625,0.999664306640625
1768576241857193700,7.42919384765625,-0.0559844970703125,-0.0438690185546875,0.9994049072265625
1768576241867193600,7.439193603515625,-0.05364990234375,-0.0430755615234375,0.998199462890625
1768576241877193700,7.44919384765625,-0.05108642578125,-0.0458831787109375,0.99932861328125
1768576241887193600,7.459193603515625,-0.05303955078125,-0.046295166015625,1.0018157958984375
1768576241897192700,7.469192626953125,-0.0569915771484375,-0.0503692626953125,0.9998779296875
1768576241907192800,7.47919287109375,-0.058349609375,-0.048583984375,0.9976959228515625
1768576241917192700,7.489192626953125,-0.0538482666015625,-0.04742431640625,1.001251220703125
1768576241927192600,7.499192626953125,-0.0548095703125,-0.047607421875,0.9972076416015625
1768576241937191700,7.509191650390625,-0.0542449951171875,-0.0455169677734375,0.9965972900390625
1768576241947191800,7.51919189453125,-0.0545196533203125,-0.0449981689453125,0.9980316162109375
1768576241957191700,7.529191650390625,-0.0551300048828125,-0.045318603515625,0.999359130859375
1768576241967191800,7.53919189453125,-0.05462646484375,-0.0446624755859375,0.999053955078125
1768576241977190700,7.549190673828125,-0.05364990234375,-0.0420074462890625,0.9986724853515625
1768576241987190800,7.559190673828125,-0.0540771484375,-0.0416412353515625,0.99774169921875
1768576241997190700,7.569190673828125,-0.0525360107421875,-0.0410308837890625,0.999053955078125
1768576242007190800,7.579190673828125,-0.0510711669921875,-0.041717529296875,1.0003662109375
1768576242017190400,7.5891904296875,-0.0525970458984375,-0.04248046875,1.00042724609375
1768576242027190500,7.5991904296875,-0.053955078125,-0.0437469482421875,1.00048828125
1768576242037190400,7.6091904296875,-0.0518798828125,-0.04693603515625,1.0005035400390625
1768576242047190500,7.6191904296875,-0.0558929443359375,-0.0452423095703125,0.9987335205078125
1768576242057189400,7.629189453125,-0.054901123046875,-0.0454864501953125,0.998809814453125
1768576242067189500,7.639189453125,-0.05316162109375,-0.045654296875,0.9992523193359375
1768576242077189400,7.649189453125,-0.0544586181640625,-0.0458984375,0.999725341796875
1768576242087189500,7.659189453125,-0.0518646240234375,-0.04608154296875,1.0001678466796875
1768576242097188400,7.669188232421875,-0.052886962890625,-0.045013427734375,0.998504638671875
1768576242107188500,7.6791884765625,-0.0533905029296875,-0.0433349609375,0.997833251953125
1768576242117188400,7.689188232421875,-0.0547332763671875,-0.0440673828125,0.9974365234375
1768576242127188500,7.6991884765625,-0.0543670654296875,-0.0457763671875,0.9974212646484375
1768576242137187600,7.7091875,-0.0487213134765625,-0.045166015625,1.000030517578125
1768576242147187500,7.7191875,-0.052703857421875,-0.0470123291015625,0.999786376953125
1768576242157187600,7.7291875,-0.055267333984375,-0.0475616455078125,0.9993896484375
1768576242167187500,7.7391875,-0.056365966796875,-0.046539306640625,1.0009307861328125
1768576242177186600,7.7491865234375,-0.0562286376953125,-0.045806884765625,0.996490478515625
1768576242187186400,7.7591865234375,-0.0531158447265625,-0.0446014404296875,0.998687744140625
1768576242197186600,7.7691865234375,-0.05352783203125,-0.0451812744140625,1.000244140625
1768576242207186400,7.7791865234375,-0.052703857421875,-0.0433807373046875,0.997222900390625
1768576242217185500,7.789185546875,-0.0481719970703125,-0.044464111328125,0.998992919921875
1768576242227185400,7.799185302734375,-0.0489349365234375,-0.0444488525390625,0.9985198974609375
1768576242237185500,7.809185546875,-0.0503387451171875,-0.04608154296875,0.9980926513671875
1768576242247185400,7.819185302734375,-0.0535736083984375,-0.046875,0.997833251953125
1768576242257185500,7.829185546875,-0.050689697265625,-0.046783447265625,0.999603271484375
1768576242267184400,7.839184326171875,-0.047149658203125,-0.0500030517578125,1.00177001953125
1768576242277184500,7.8491845703125,-0.0487213134765625,-0.0496978759765625,1.004486083984375
1768576242287184400,7.859184326171875,-0.049774169921875,-0.049285888671875,1.0062713623046875
1768576242297184500,7.8691845703125,-0.043609619140625,-0.0487518310546875,1.0089111328125
1768576242307183600,7.87918359375,-0.0474700927734375,-0.0483551025390625,1.004241943359375
1768576242317183500,7.88918359375,-0.0478973388671875,-0.04608154296875,1.0024566650390625
1768576242327183400,7.899183349609375,-0.0537109375,-0.0450286865234375,1.0017547607421875
1768576242337183500,7.90918359375,-0.0570220947265625,-0.04229736328125,0.998504638671875
1768576242347182300,7.919182373046875,-0.052825927734375,-0.0425567626953125,0.997528076171875
1768576242357182500,7.929182373046875,-0.05108642578125,-0.042449951171875,0.9945068359375
1768576242367182600,7.9391826171875,-0.0523834228515625,-0.04461669921875,0.9936676025390625
1768576242377182500,7.949182373046875,-0.051971435546875,-0.0442962646484375,0.9942169189453125
1768576242387181300,7.959181396484375,-0.0507965087890625,-0.044952392578125,0.9957275390625
1768576242397181200,7.96918115234375,-0.04998779296875,-0.0448760986328125,0.9954376220703125
1768576242407181600,7.979181640625,-0.0497589111328125,-0.045166015625,0.9981689453125
1768576242417181400,7.989181396484375,-0.0511016845703125,-0.044708251953125,0.9985504150390625
1768576242427805400,7.999805419921875,-0.0528106689453125,-0.0453338623046875,1.0003662109375
1768576242437805300,8.009805419921875,-0.05291748046875,-0.0462646484375,1.00164794921875
1768576242447805400,8.019805419921875,-0.0484619140625,-0.047332763671875,1.00360107421875
1768576242457805300,8.029805419921875,-0.0460205078125,-0.0453338623046875,1.0038909912109375
1768576242467804400,8.039804443359374,-0.045654296875,-0.0461273193359375,1.00018310546875
1768576242477804500,8.049804443359376,-0.0450286865234375,-0.0456695556640625,0.9995574951171875
1768576242487804400,8.059804443359376,-0.0476531982421875,-0.0463104248046875,0.9996337890625
1768576242497804300,8.06980419921875,-0.0482025146484375,-0.046661376953125,0.997039794921875
1768576242507803400,8.079803466796875,-0.05010986328125,-0.0444488525390625,0.9957733154296875
1768576242517803500,8.089803466796875,-0.047393798828125,-0.046661376953125,0.996063232421875
1768576242527803400,8.099803466796875,-0.0462646484375,-0.045440673828125,0.9976348876953125
1768576242537803500,8.109803466796874,-0.0460357666015625,-0.0457763671875,0.9990692138671875
1768576242547802400,8.11980224609375,-0.047210693359375,-0.0461578369140625,0.9997100830078125
1768576242557802500,8.129802490234376,-0.047943115234375,-0.045623779296875,1.001495361328125
1768576242567802400,8.13980224609375,-0.048828125,-0.04461669921875,1.001953125
1768576242577802500,8.149802490234375,-0.0473175048828125,-0.044097900390625,1.0017242431640625
1768576242587802400,8.15980224609375,-0.047515869140625,-0.043182373046875,0.9995880126953125
1768576242597801500,8.169801513671874,-0.0477142333984375,-0.03955078125,1.000030517578125
1768576242607801300,8.17980126953125,-0.0474395751953125,-0.0384674072265625,1.0001678466796875
1768576242617801500,8.189801513671876,-0.05108642578125,-0.0406951904296875,1.0009918212890625
1768576242627801300,8.19980126953125,-0.0541229248046875,-0.041717529296875,1.0014190673828125
1768576242637800400,8.209800537109375,-0.053680419921875,-0.0445556640625,0.9998321533203125
1768576242647800300,8.21980029296875,-0.0526885986328125,-0.0457763671875,0.999237060546875
1768576242657800400,8.229800537109375,-0.051422119140625,-0.0451812744140625,0.9989166259765625
1768576242667800300,8.23980029296875,-0.048980712890625,-0.04498291015625,0.9993743896484375
1768576242677799400,8.24979931640625,-0.05120849609375,-0.0435028076171875,0.9995574951171875
1768576242687799600,8.259799560546876,-0.0512847900390625,-0.0431976318359375,0.9991455078125
1768576242697799400,8.26979931640625,-0.0514984130859375,-0.04229736328125,1.0007476806640625
1768576242707799600,8.279799560546875,-0.052001953125,-0.0436859130859375,0.99945068359375
1768576242717798400,8.28979833984375,-0.0521087646484375,-0.0421142578125,0.99835205078125
1768576242727798500,8.299798583984375,-0.05401611328125,-0.0435943603515625,0.9982452392578125
1768576242737798400,8.30979833984375,-0.0516815185546875,-0.042205810546875,0.9979095458984375
1768576242747798500,8.319798583984374,-0.0514678955078125,-0.041748046875,0.9982452392578125
1768576242757797400,8.32979736328125,-0.0534515380859375,-0.0418853759765625,0.9984893798828125
1768576242767797500,8.339797607421875,-0.05078125,-0.0435943603515625,1.0004119873046875
1768576242777797400,8.34979736328125,-0.0523834228515625,-0.042572021484375,0.99810791015625
1768576242787797500,8.359797607421875,-0.05401611328125,-0.0409698486328125,0.9977264404296875
1768576242797797400,8.36979736328125,-0.0500640869140625,-0.04168701171875,0.99951171875
1768576242807796500,8.37979638671875,-0.049407958984375,-0.0420379638671875,1.0010986328125
1768576242818421200,8.390421142578125,-0.04962158203125,-0.0434722900390625,1.00018310546875
1768576242828421400,8.40042138671875,-0.050811767578125,-0.04364013671875,1.0004730224609375
1768576242838420500,8.41042041015625,-0.050140380859375,-0.0434417724609375,0.99822998046875
1768576242848420400,8.42042041015625,-0.0506591796875,-0.0430450439453125,0.999053955078125
1768576242858420500,8.43042041015625,-0.05181884765625,-0.0420074462890625,0.999359130859375
1768576242868420400,8.44042041015625,-0.0512237548828125,-0.043060302734375,0.998382568359375
1768576242878420500,8.45042041015625,-0.0513458251953125,-0.043212890625,0.9973297119140625
1768576242888419300,8.46041943359375,-0.048858642578125,-0.0428924560546875,1.0000457763671875
1768576242898419500,8.47041943359375,-0.04840087890625,-0.0426025390625,0.998992919921875
1768576242908419300,8.48041943359375,-0.0511932373046875,-0.04132080078125,1.000152587890625
1768576242918419500,8.49041943359375,-0.0538787841796875,-0.043701171875,1.00201416015625
1768576242928418300,8.500418212890626,-0.0553436279296875,-0.0455169677734375,0.9998626708984375
1768576242938418400,8.51041845703125,-0.0531463623046875,-0.04425048828125,0.99969482421875
1768576242948418300,8.520418212890625,-0.04669189453125,-0.0456695556640625,0.9995269775390625
1768576242958418400,8.53041845703125,-0.046783447265625,-0.043975830078125,0.9991607666015625
1768576242968417300,8.540417236328125,-0.0519561767578125,-0.0424346923828125,0.99981689453125
1768576242978417400,8.55041748046875,-0.0536041259765625,-0.0423126220703125,0.999267578125
1768576242988417300,8.560417236328124,-0.0541229248046875,-0.0441131591796875,0.99920654296875
1768576242998417400,8.57041748046875,-0.0520782470703125,-0.0463104248046875,1.000152587890625
1768576243008417300,8.580417236328126,-0.052642822265625,-0.0468902587890625,1.00042724609375
1768576243018416000,8.590416015625,-0.0503997802734375,-0.04632568359375,0.9996490478515625
1768576243028416300,8.600416259765625,-0.0458984375,-0.04437255859375,1.0003662109375
1768576243038416100,8.610416015625,-0.0492706298828125,-0.042449951171875,0.99798583984375
1768576243048416300,8.620416259765625,-0.0513916015625,-0.0426177978515625,0.998321533203125
1768576243058415000,8.6304150390625,-0.0546112060546875,-0.04248046875,1.0024566650390625
1768576243068415200,8.640415283203126,-0.0556640625,-0.0424041748046875,1.0031890869140625
1768576243078415000,8.6504150390625,-0.0546722412109375,-0.042022705078125,1.001678466796875
1768576243088415200,8.660415283203125,-0.0556640625,-0.0421295166015625,1.0004425048828125
1768576243098415400,8.670415283203125,-0.05523681640625,-0.0413360595703125,0.9996490478515625
1768576243108414200,8.680414306640625,-0.0550537109375,-0.0406646728515625,1.0001220703125
1768576243118414000,8.6904140625,-0.0507049560546875,-0.0402679443359375,0.9992218017578125
1768576243128414200,8.700414306640624,-0.0531463623046875,-0.04327392578125,0.999053955078125
1768576243138414300,8.710414306640626,-0.0527496337890625,-0.0421905517578125,0.998382568359375
1768576243148413200,8.7204130859375,-0.0491943359375,-0.043182373046875,0.9979248046875
1768576243158413000,8.7304130859375,-0.05194091796875,-0.045196533203125,0.99737548828125
1768576243168413200,8.7404130859375,-0.051971435546875,-0.0442047119140625,0.9977874755859375
1768576243178413000,8.7504130859375,-0.054168701171875,-0.0437469482421875,1.00115966796875
1768576243188412200,8.760412109375,-0.055206298828125,-0.04364013671875,1.0010223388671875
1768576243198412300,8.770412353515624,-0.0573577880859375,-0.042144775390625,1.00140380859375
1768576243208412200,8.780412109375,-0.05615234375,-0.0414276123046875,0.998626708984375
1768576243218412300,8.790412353515626,-0.0538330078125,-0.0402069091796875,0.996246337890625
1768576243228412200,8.800412109375,-0.0540313720703125,-0.04193115234375,0.9974212646484375
1768576243238411300,8.810411376953125,-0.052886962890625,-0.0442962646484375,0.99676513671875
1768576243248411100,8.8204111328125,-0.054107666015625,-0.042694091796875,0.9964141845703125
1768576243258411300,8.830411376953125,-0.0533599853515625,-0.041748046875,0.999053955078125
1768576243268411100,8.8404111328125,-0.0553741455078125,-0.0432891845703125,1.0013275146484375
1768576243278410200,8.85041015625,-0.054351806640625,-0.04266357421875,1.001800537109375
1768576243288410000,8.86041015625,-0.05181884765625,-0.0419769287109375,1.001220703125
1768576243298410200,8.87041015625,-0.0509185791015625,-0.043609619140625,1.0001373291015625
1768576243308410000,8.88041015625,-0.0526123046875,-0.0433197021484375,0.999542236328125
1768576243318410200,8.89041015625,-0.0545654296875,-0.0435791015625,0.999298095703125
1768576243328409000,8.9004091796875,-0.05413818359375,-0.043426513671875,0.99908447265625
1768576243338409200,8.9104091796875,-0.0531768798828125,-0.043365478515625,0.999298095703125
1768576243348409000,8.9204091796875,-0.0536346435546875,-0.04144287109375,0.9992218017578125
1768576243358409200,8.9304091796875,-0.0543670654296875,-0.0419158935546875,0.99908447265625
1768576243368408300,8.940408203125,-0.055450439453125,-0.0437469482421875,0.997314453125
1768576243378408200,8.950408203125,-0.0520172119140625,-0.0428009033203125,0.9981536865234375
1768576243388408000,8.960407958984375,-0.0519561767578125,-0.045440673828125,0.9987030029296875
1768576243398408200,8.970408203125,-0.0514678955078125,-0.0457916259765625,0.998870849609375
1768576243408408000,8.980407958984374,-0.051910400390625,-0.045867919921875,0.9995880126953125
1768576243418407200,8.9904072265625,-0.051025390625,-0.045928955078125,0.9996795654296875
1768576243428407300,9.0004072265625,-0.0515594482421875,-0.0460357666015625,0.9985504150390625
1768576243438407200,9.0104072265625,-0.0491180419921875,-0.0434112548828125,0.9986114501953125
1768576243448407300,9.0204072265625,-0.0516357421875,-0.042449951171875,0.999237060546875
1768576243458406100,9.03040625,-0.0512542724609375,-0.0427093505859375,0.999603271484375
1768576243468406300,9.04040625,-0.0512847900390625,-0.0428009033203125,0.99615478515625
1768576243478406100,9.05040625,-0.050750732421875,-0.0406494140625,0.9991607666015625
1768576243488406300,9.06040625,-0.0538177490234375,-0.04119873046875,0.9994049072265625
1768576243498406100,9.07040625,-0.0560760498046875,-0.0422821044921875,0.9985198974609375
1768576243508405200,9.0804052734375,-0.054901123046875,-0.0432586669921875,0.9967193603515625
1768576243518405000,9.090405029296875,-0.0547943115234375,-0.044586181640625,0.99755859375
1768576243528405200,9.1004052734375,-0.0534515380859375,-0.0447998046875,0.997161865234375
1768576243538405000,9.110405029296874,-0.05303955078125,-0.04656982421875,0.9982452392578125
1768576243548404200,9.120404296875,-0.0536041259765625,-0.0447235107421875,0.9984893798828125
1768576243558404000,9.130404052734375,-0.0512237548828125,-0.046356201171875,0.9962158203125
1768576243568404200,9.140404296875,-0.051483154296875,-0.0417327880859375,1.0052032470703125
1768576243578404000,9.150404052734375,-0.051544189453125,-0.043670654296875,0.999969482421875
1768576243588404200,9.160404296875,-0.0562591552734375,-0.0399627685546875,0.9984893798828125
1768576243598403300,9.1704033203125,-0.055267333984375,-0.040679931640625,0.9986724853515625
1768576243608403200,9.1804033203125,-0.057281494140625,-0.037322998046875,0.995849609375
1768576243618403000,9.190403076171876,-0.0543365478515625,-0.0397186279296875,0.9983062744140625
1768576243628403200,9.2004033203125,-0.0525970458984375,-0.0414276123046875,0.9991912841796875
1768576243638402300,9.21040234375,-0.053314208984375,-0.042205810546875,0.9967803955078125
1768576243648402200,9.220402099609375,-0.050262451171875,-0.0441741943359375,0.9998626708984375
1768576243658402300,9.23040234375,-0.051422119140625,-0.0441741943359375,1.003875732421875
1768576243668402200,9.240402099609375,-0.0599822998046875,-0.043426513671875,0.9941253662109375
1768576243678402300,9.25040234375,-0.0555419921875,-0.045074462890625,0.9980316162109375
1768576243688401200,9.260401123046876,-0.0584564208984375,-0.0449676513671875,0.9993743896484375
1768576243698401300,9.2704013671875,-0.055694580078125,-0.0441436767578125,0.999114990234375
1768576243708401200,9.280401123046875,-0.053924560546875,-0.0443267822265625,1.00091552734375
1768576243718401300,9.2904013671875,-0.0531005859375,-0.0429534912109375,1.0049591064453125
1768576243728400100,9.300400146484375,-0.0498809814453125,-0.0427703857421875,1.0077056884765625
1768576243738400300,9.310400146484374,-0.0532379150390625,-0.0417327880859375,1.0049285888671875
1768576243748400000,9.320400146484374,-0.0586700439453125,-0.041473388671875,1.0050811767578125
1768576243758400300,9.330400146484376,-0.05596923828125,-0.04071044921875,1.0047607421875
1768576243768400100,9.340400146484376,-0.0557708740234375,-0.042449951171875,1.00360107421875
1768576243778399200,9.350399169921875,-0.0537872314453125,-0.04339599609375,1.003662109375
1768576243788399000,9.360399169921875,-0.0493621826171875,-0.044036865234375,1.00286865234375
1768576243798399200,9.370399169921875,-0.050201416015625,-0.043670654296875,0.9997711181640625
1768576243808399000,9.380399169921875,-0.049285888671875,-0.0430908203125,0.997100830078125
1768576243818398200,9.390398193359376,-0.04998779296875,-0.041900634765625,0.9972381591796875
1768576243828398300,9.4003984375,-0.049346923828125,-0.0443572998046875,0.995849609375
1768576243838398200,9.410398193359375,-0.0537109375,-0.0424041748046875,0.994720458984375
1768576243848398300,9.4203984375,-0.0536956787109375,-0.04217529296875,0.9942779541015625
1768576243858398200,9.430398193359375,-0.050048828125,-0.0400238037109375,0.992950439453125
1768576243868397300,9.440397216796875,-0.0466461181640625,-0.0380401611328125,0.9963836669921875
1768576243878397200,9.450397216796874,-0.045867919921875,-0.0386810302734375,1.00115966796875
1768576243888397300,9.460397216796874,-0.045074462890625,-0.040313720703125,0.9998779296875
1768576243898397200,9.470397216796876,-0.0426483154296875,-0.0424957275390625,1.0015716552734375
1768576243908396300,9.480396240234375,-0.0439910888671875,-0.0434722900390625,1.0030517578125
1768576243918396200,9.490396240234375,-0.04388427734375,-0.043914794921875,1.0052947998046875
1768576243928396300,9.500396240234375,-0.0462493896484375,-0.0479888916015625,1.0014495849609375
1768576243938396200,9.510396240234375,-0.0490570068359375,-0.0462799072265625,1.0023345947265625
1768576243948396300,9.520396240234374,-0.0571441650390625,-0.0488433837890625,1.00152587890625
1768576243958395100,9.53039501953125,-0.05560302734375,-0.0495758056640625,0.990753173828125
1768576243968395300,9.540395263671876,-0.053802490234375,-0.044189453125,0.9850311279296875
1768576243978395100,9.55039501953125,-0.05474853515625,-0.0426788330078125,0.9904632568359375
1768576243988395300,9.560395263671875,-0.051910400390625,-0.037017822265625,0.997100830078125
1768576243998394400,9.570394287109375,-0.050567626953125,-0.0334014892578125,0.9966278076171875
1768576244008394200,9.580394287109375,-0.0485382080078125,-0.0365753173828125,0.997406005859375
1768576244018394000,9.59039404296875,-0.051513671875,-0.0380096435546875,0.9959716796875
1768576244028394000,9.60039404296875,-0.0515289306640625,-0.039581298828125,0.9975738525390625
1768576244038393900,9.610393798828126,-0.055206298828125,-0.04156494140625,0.9989471435546875
1768576244048393000,9.62039306640625,-0.05584716796875,-0.041168212890625,1.0027008056640625
1768576244058393000,9.63039306640625,-0.056060791015625,-0.0407867431640625,1.002777099609375
1768576244068393000,9.64039306640625,-0.0548858642578125,-0.041351318359375,1.0046234130859375
1768576244078393000,9.65039306640625,-0.055084228515625,-0.042816162109375,1.0042572021484375
1768576244088392000,9.660391845703124,-0.05706787109375,-0.041168212890625,1.0040435791015625
1768576244098392000,9.67039208984375,-0.05792236328125,-0.039398193359375,1.002288818359375
1768576244108392000,9.680391845703125,-0.055816650390625,-0.038482666015625,1.000091552734375
1768576244118392000,9.69039208984375,-0.0532684326171875,-0.0398712158203125,0.998779296875
1768576244128392000,9.700391845703125,-0.05340576171875,-0.0393829345703125,0.998046875
1768576244138391000,9.71039111328125,-0.0565948486328125,-0.0410308837890625,0.9964141845703125
1768576244148391000,9.720390869140624,-0.0545654296875,-0.0420074462890625,0.9978179931640625
1768576244158391000,9.73039111328125,-0.0513153076171875,-0.0420989990234375,0.9984893798828125
1768576244168391000,9.740390869140626,-0.0532684326171875,-0.041717529296875,1.001922607421875
1768576244178390000,9.75039013671875,-0.0537261962890625,-0.0420989990234375,1.00335693359375
1768576244188390100,9.76039013671875,-0.05328369140625,-0.042572021484375,1.001068115234375
1768576244198390000,9.77039013671875,-0.0512847900390625,-0.0438690185546875,1.0011444091796875
1768576244208390000,9.780389892578125,-0.049957275390625,-0.0445709228515625,1.0008697509765625
1768576244218390000,9.79039013671875,-0.0523681640625,-0.045135498046875,0.99993896484375
1768576244228389000,9.80038916015625,-0.0534820556640625,-0.0426177978515625,0.9995880126953125
1768576244238389000,9.810388916015626,-0.0518798828125,-0.0446014404296875,0.999359130859375
1768576244248389000,9.82038916015625,-0.0507659912109375,-0.044677734375,0.9976959228515625
1768576244258389000,9.830388916015625,-0.0532684326171875,-0.0425262451171875,0.9980621337890625
1768576244268388000,9.84038818359375,-0.0524139404296875,-0.041046142578125,0.997711181640625
1768576244278388000,9.850387939453125,-0.054534912109375,-0.0386199951171875,0.9975128173828125
1768576244288388000,9.86038818359375,-0.054779052734375,-0.038543701171875,0.9983062744140625
1768576244298388000,9.870387939453124,-0.05224609375,-0.0375213623046875,0.9990234375
1768576244308388000,9.88038818359375,-0.051849365234375,-0.0374908447265625,0.998382568359375
1768576244318387000,9.890386962890625,-0.05096435546875,-0.036590576171875,1.000244140625
1768576244328387000,9.900386962890625,-0.049346923828125,-0.0391998291015625,1.0030670166015625
1768576244338387000,9.910386962890625,-0.049224853515625,-0.0409088134765625,1.0027923583984375
1768576244348387000,9.920386962890625,-0.0504913330078125,-0.0443115234375,1.002349853515625
1768576244358386000,9.930385986328124,-0.04937744140625,-0.0434417724609375,1.002288818359375
1768576244368386000,9.940385986328126,-0.0504150390625,-0.04388427734375,1.002349853515625
1768576244378386000,9.950385986328126,-0.05078125,-0.0436248779296875,1.0040740966796875
1768576244388386000,9.960385986328125,-0.05078125,-0.0433807373046875,1.0003509521484375
1768576244398386000,9.970385986328125,-0.0503387451171875,-0.04296875,0.9989776611328125
1768576244408385000,9.980385009765625,-0.04937744140625,-0.0418548583984375,1.0006256103515625
1768576244418385200,9.99038525390625,-0.0482025146484375,-0.042083740234375,1.0008392333984375
1768576244428385000,10.000385009765624,-0.0490875244140625,-0.042266845703125,1.00177001953125
1768576244438385000,10.010385009765624,-0.0512237548828125,-0.0423736572265625,0.9990386962890625
1768576244448384000,10.020384033203126,-0.0515899658203125,-0.0446014404296875,0.9964447021484375
1768576244458384100,10.030384033203125,-0.0533294677734375,-0.0426788330078125,0.9957733154296875
1768576244468384000,10.040384033203125,-0.060272216796875,-0.0443878173828125,0.9951934814453125
1768576244478384000,10.050384033203125,-0.05291748046875,-0.044036865234375,0.9969024658203125
1768576244488384000,10.060384033203125,-0.0501708984375,-0.0439300537109375,0.9999542236328125
1768576244498383000,10.070383056640624,-0.04901123046875,-0.0419464111328125,1.00201416015625
1768576244508383000,10.080383056640626,-0.0481109619140625,-0.03997802734375,1.0028076171875
1768576244518383000,10.090383056640626,-0.046142578125,-0.0404052734375,1.0017242431640625
1768576244528383000,10.100383056640625,-0.0470428466796875,-0.040313720703125,1.0044403076171875
1768576244538382000,10.110382080078125,-0.0516357421875,-0.042877197265625,1.0010986328125
1768576244548382000,10.1203818359375,-0.053497314453125,-0.0419769287109375,0.9991302490234375
1768576244558382000,10.130382080078125,-0.0544586181640625,-0.0418853759765625,0.9963226318359375
1768576244568382000,10.1403818359375,-0.05401611328125,-0.03948974609375,0.9974517822265625
1768576244578382000,10.150382080078124,-0.05126953125,-0.038726806640625,0.9995269775390625
1768576244588381000,10.160380859375,-0.0484466552734375,-0.0396575927734375,0.9991607666015625
1768576244598381000,10.170381103515625,-0.04962158203125,-0.040252685546875,1
1768576244608381000,10.180380859375,-0.0554962158203125,-0.040283203125,1.0003662109375
1768576244618381000,10.190381103515625,-0.0550994873046875,-0.040771484375,1.00103759765625
1768576244628380200,10.200380126953124,-0.0525054931640625,-0.039031982421875,1.001251220703125
1768576244638380000,10.210380126953124,-0.050018310546875,-0.037384033203125,0.99969482421875
1768576244648380200,10.220380126953126,-0.0521697998046875,-0.0369415283203125,0.9987335205078125
1768576244658380000,10.230380126953126,-0.0523529052734375,-0.0394439697265625,0.998260498046875
1768576244668380000,10.2403798828125,-0.05206298828125,-0.0385284423828125,0.9963226318359375
1768576244678379000,10.25037890625,-0.0517120361328125,-0.040679931640625,0.997344970703125
1768576244688379100,10.260379150390625,-0.0531463623046875,-0.0422515869140625,0.9974365234375
1768576244698379000,10.27037890625,-0.05230712890625,-0.043792724609375,0.997772216796875
1768576244708379100,10.280379150390624,-0.0525360107421875,-0.04327392578125,0.9977874755859375
1768576244718378000,10.2903779296875,-0.0532379150390625,-0.042938232421875,0.9958343505859375
1768576244728378000,10.300378173828125,-0.054595947265625,-0.04150390625,0.9976959228515625
1768576244738378000,10.3103779296875,-0.051605224609375,-0.041717529296875,1.0028076171875
1768576244748378000,10.320378173828125,-0.04962158203125,-0.04296875,1.00250244140625
1768576244758377000,10.330376953125,-0.0506134033203125,-0.0411834716796875,1.0024871826171875
1768576244768377000,10.340377197265624,-0.0516357421875,-0.0417327880859375,1.0035400390625
1768576244778377000,10.350376953125,-0.054412841796875,-0.044342041015625,0.999481201171875
1768576244788377000,10.360377197265626,-0.057220458984375,-0.041351318359375,1.0001068115234375
1768576244798377000,10.370376953125,-0.0539398193359375,-0.040863037109375,0.99884033203125
1768576244808376000,10.3803759765625,-0.0519561767578125,-0.0428924560546875,0.995880126953125
1768576244818376200,10.390376220703125,-0.051727294921875,-0.04327392578125,0.9943084716796875
1768576244828376000,10.4003759765625,-0.051513671875,-0.0421600341796875,0.996826171875
1768576244838376000,10.4103759765625,-0.0513153076171875,-0.0418548583984375,0.9982757568359375
1768576244848376000,10.4203759765625,-0.053436279296875,-0.04217529296875,1.0014495849609375
1768576244858375200,10.430375244140626,-0.052886962890625,-0.0413665771484375,0.9993133544921875
1768576244868375000,10.440375,-0.05206298828125,-0.042022705078125,1.00042724609375
1768576244878375200,10.450375244140625,-0.0516204833984375,-0.0413055419921875,1.00146484375
1768576244888375000,10.460375,-0.05126953125,-0.04193115234375,1.0026397705078125
1768576244898374100,10.4703740234375,-0.05401611328125,-0.0438690185546875,1.0016326904296875
1768576244908374000,10.4803740234375,-0.0536651611328125,-0.041290283203125,0.999786376953125
1768576244918374100,10.4903740234375,-0.0543670654296875,-0.0409698486328125,0.9987640380859375
1768576244928374000,10.5003740234375,-0.055145263671875,-0.0404205322265625,0.996551513671875
1768576244938373000,10.510373046875,-0.0557708740234375,-0.0416107177734375,0.997222900390625
1768576244948373000,10.520373046875,-0.05755615234375,-0.0414581298828125,0.99664306640625
1768576244958373000,10.530373046875,-0.05889892578125,-0.0418853759765625,0.997161865234375
1768576244968373000,10.540373046875,-0.059234619140625,-0.0407867431640625,0.9983062744140625
1768576244978373000,10.550373046875,-0.059051513671875,-0.0400848388671875,0.99560546875
1768576244988372000,10.5603720703125,-0.0556640625,-0.0374603271484375,0.999603271484375
1768576244998372000,10.5703720703125,-0.0516815185546875,-0.039306640625,0.99945068359375
1768576245008372000,10.5803720703125,-0.052093505859375,-0.0386199951171875,1.000823974609375
1768576245018372600,10.59037255859375,-0.0539703369140625,-0.0399169921875,1.0011138916015625
1768576245028371500,10.600371337890625,-0.054107666015625,-0.0382080078125,1.000823974609375
1768576245038371600,10.61037158203125,-0.0550689697265625,-0.038055419921875,1.0039520263671875
1768576245048371500,10.620371337890624,-0.0568389892578125,-0.0391082763671875,1.0055999755859375
1768576245058371600,10.63037158203125,-0.0590362548828125,-0.0407562255859375,1.0020599365234375
1768576245068371500,10.640371337890626,-0.061492919921875,-0.0412750244140625,0.9961090087890625
1768576245078370600,10.65037060546875,-0.0565338134765625,-0.042572021484375,0.994171142578125
1768576245088370700,10.66037060546875,-0.0577850341796875,-0.041595458984375,0.993316650390625
1768576245098370600,10.67037060546875,-0.056121826171875,-0.04156494140625,0.99493408203125
1768576245108370400,10.680370361328125,-0.055389404296875,-0.0416412353515625,0.99969482421875
1768576245118369500,10.69036962890625,-0.056060791015625,-0.0411529541015625,1.00299072265625
1768576245128369700,10.70036962890625,-0.0550689697265625,-0.0389404296875,1.0051727294921875
1768576245138369500,10.71036962890625,-0.0541534423828125,-0.04193115234375,1.0067138671875
1768576245148369700,10.72036962890625,-0.05084228515625,-0.0424346923828125,1.006378173828125
1768576245158369500,10.73036962890625,-0.0483551025390625,-0.0443572998046875,1.0027008056640625
1768576245168368600,10.74036865234375,-0.0496978759765625,-0.043487548828125,0.999114990234375
1768576245178368500,10.750368408203125,-0.054595947265625,-0.0433807373046875,0.997100830078125
1768576245188368600,10.76036865234375,-0.057403564453125,-0.0413970947265625,0.993194580078125
1768576245198368500,10.770368408203124,-0.0586700439453125,-0.0390777587890625,0.9937286376953125
1768576245208367600,10.78036767578125,-0.056365966796875,-0.03936767578125,0.9946746826171875
1768576245218367500,10.790367431640625,-0.056121826171875,-0.038360595703125,0.9954681396484375
1768576245228367600,10.80036767578125,-0.0553436279296875,-0.038360595703125,0.99603271484375
1768576245238367500,10.810367431640625,-0.0551910400390625,-0.037689208984375,0.9988250732421875
1768576245248367600,10.82036767578125,-0.052825927734375,-0.0386505126953125,0.997344970703125
1768576245258366500,10.830366455078124,-0.05340576171875,-0.040374755859375,0.9990081787109375
1768576245268366600,10.84036669921875,-0.0517730712890625,-0.0421295166015625,1.0017852783203125
1768576245278366500,10.850366455078126,-0.0526275634765625,-0.0423431396484375,1.0030059814453125
1768576245288366600,10.86036669921875,-0.0541229248046875,-0.044158935546875,1.0021820068359375
1768576245298365700,10.87036572265625,-0.05535888671875,-0.043548583984375,1.002685546875
1768576245308365600,10.880365478515625,-0.0548858642578125,-0.0422515869140625,1.00146484375
1768576245318365700,10.89036572265625,-0.0547637939453125,-0.044189453125,1.001068115234375
1768576245328365600,10.900365478515624,-0.05413818359375,-0.0438995361328125,0.9995269775390625
1768576245338365400,10.910365478515626,-0.054595947265625,-0.0424652099609375,0.996368408203125
1768576245348364500,10.920364501953125,-0.05194091796875,-0.040679931640625,0.99603271484375
1768576245358364700,10.93036474609375,-0.0518951416015625,-0.0423431396484375,0.9963531494140625
1768576245368364500,10.940364501953125,-0.056121826171875,-0.0423583984375,0.996185302734375
1768576245378364700,10.95036474609375,-0.056610107421875,-0.04034423828125,0.9961700439453125
1768576245388363500,10.960363525390624,-0.0561370849609375,-0.04168701171875,0.9986724853515625
1768576245398363600,10.97036376953125,-0.0522613525390625,-0.0417633056640625,1.000152587890625
1768576245408363500,10.980363525390626,-0.0531463623046875,-0.043426513671875,1.001129150390625
1768576245418363600,10.99036376953125,-0.0534515380859375,-0.042083740234375,1.0003662109375
1768576245428363500,11.000363525390625,-0.0514068603515625,-0.042388916015625,0.99945068359375
1768576245438362600,11.010362548828125,-0.0532379150390625,-0.0422210693359375,1.00048828125
1768576245448362500,11.020362548828125,-0.0538330078125,-0.041778564453125,1.0008392333984375
1768576245458362600,11.030362548828125,-0.0556793212890625,-0.0434722900390625,0.9992523193359375
1768576245468362500,11.040362548828124,-0.0572967529296875,-0.0424957275390625,0.99676513671875
1768576245478361600,11.050361572265626,-0.05645751953125,-0.0435791015625,0.998138427734375
1768576245488361500,11.060361572265625,-0.0562286376953125,-0.0453948974609375,0.997406005859375
1768576245498361600,11.070361572265625,-0.0535430908203125,-0.044097900390625,0.9993896484375
1768576245508361500,11.080361572265625,-0.05072021484375,-0.0439910888671875,1.0003204345703125
1768576245518361600,11.090361572265625,-0.05194091796875,-0.043548583984375,1.00048828125
1768576245528360700,11.100360595703124,-0.054718017578125,-0.044097900390625,1.0006256103515625
1768576245538360600,11.110360595703124,-0.0557098388671875,-0.042938232421875,1.001190185546875
1768576245548360700,11.120360595703126,-0.0525054931640625,-0.044158935546875,0.9998626708984375
1768576245558360600,11.130360595703126,-0.053131103515625,-0.0428924560546875,0.99993896484375
1768576245568359700,11.140359619140625,-0.0542755126953125,-0.041107177734375,1.0017852783203125
1768576245578359600,11.150359619140625,-0.0547943115234375,-0.0439910888671875,0.989898681640625
1768576245588359700,11.160359619140625,-0.0520172119140625,-0.0412750244140625,0.9989013671875
1768576245598359600,11.170359619140624,-0.0516510009765625,-0.0427703857421875,1.0018310546875
1768576245608359700,11.180359619140624,-0.0530242919921875,-0.0438079833984375,0.9999237060546875
1768576245618358500,11.190358642578126,-0.052001953125,-0.0441436767578125,1.0026092529296875
1768576245628358700,11.200358642578125,-0.0556640625,-0.0448455810546875,1.001739501953125
1768576245638358500,11.210358642578125,-0.0554351806640625,-0.0435943603515625,1.0001983642578125
1768576245648358700,11.220358642578125,-0.0530242919921875,-0.043975830078125,1.0004425048828125
1768576245658357500,11.230357421875,-0.054779052734375,-0.043609619140625,1
1768576245668357600,11.240357666015624,-0.053802490234375,-0.0416717529296875,0.99737548828125
1768576245678357500,11.250357421875,-0.0548248291015625,-0.041229248046875,0.9956817626953125
1768576245688357600,11.260357666015626,-0.0498809814453125,-0.04168701171875,0.9971923828125
1768576245698357500,11.270357421875,-0.0504608154296875,-0.0423126220703125,0.998565673828125
1768576245708356600,11.280356689453125,-0.0517120361328125,-0.041534423828125,0.9956512451171875
1768576245718356700,11.290356689453125,-0.04876708984375,-0.0437164306640625,1.0000152587890625
1768576245728356600,11.300356689453125,-0.0477294921875,-0.04595947265625,0.9995574951171875
1768576245738356500,11.3103564453125,-0.0507354736328125,-0.0446624755859375,0.9998321533203125
1768576245748355600,11.32035546875,-0.0528106689453125,-0.0439910888671875,1.000335693359375
1768576245758355700,11.330355712890626,-0.05126953125,-0.04473876953125,1.0003509521484375
1768576245768355600,11.34035546875,-0.0527191162109375,-0.0445404052734375,0.999542236328125
1768576245778355700,11.350355712890625,-0.05322265625,-0.0456390380859375,0.99871826171875
1768576245788355600,11.36035546875,-0.0535888671875,-0.0432586669921875,0.9989166259765625
1768576245798354700,11.370354736328125,-0.0533905029296875,-0.04248046875,0.9992523193359375
1768576245808354600,11.3803544921875,-0.05230712890625,-0.0427703857421875,1.0006561279296875
1768576245818354700,11.390354736328124,-0.0512237548828125,-0.0440673828125,0.997955322265625
1768576245828354600,11.4003544921875,-0.05023193359375,-0.0443878173828125,0.99713134765625
1768576245838353700,11.410353759765625,-0.049285888671875,-0.0431060791015625,0.9970245361328125
1768576245848353500,11.420353515625,-0.047607421875,-0.041259765625,0.9996185302734375
1768576245858353700,11.430353759765625,-0.047210693359375,-0.0428619384765625,0.99798583984375
1768576245868353500,11.440353515625,-0.049652099609375,-0.04339599609375,0.99700927734375
1768576245878352400,11.450352294921874,-0.0484619140625,-0.0435638427734375,0.9969024658203125
1768576245888352500,11.4603525390625,-0.049774169921875,-0.0439910888671875,0.9997100830078125
1768576245898352600,11.4703525390625,-0.050628662109375,-0.045013427734375,1.0062408447265625
1768576245908352500,11.4803525390625,-0.04949951171875,-0.0445709228515625,1.0088348388671875
1768576245918352600,11.4903525390625,-0.049285888671875,-0.0427703857421875,1.0070953369140625
1768576245928351500,11.5003515625,-0.048736572265625,-0.043975830078125,1.00238037109375
1768576245938351600,11.5103515625,-0.0523223876953125,-0.0440521240234375,0.9992218017578125
1768576245948351700,11.520351806640624,-0.0531005859375,-0.0414886474609375,0.9976654052734375
1768576245958351600,11.5303515625,-0.053955078125,-0.0381622314453125,0.9987945556640625
1768576245968350500,11.5403505859375,-0.05157470703125,-0.0390777587890625,0.9978790283203125
1768576245978350300,11.550350341796875,-0.0518951416015625,-0.042938232421875,0.9934539794921875
1768576245988350700,11.560350830078125,-0.0511474609375,-0.0400848388671875,0.997222900390625
1768576245998350600,11.5703505859375,-0.0506439208984375,-0.0421905517578125,0.994384765625
1768576246008350700,11.580350830078125,-0.048065185546875,-0.041473388671875,0.99359130859375
1768576246018349300,11.590349365234376,-0.0461883544921875,-0.0427398681640625,0.998687744140625
1768576246028349400,11.600349365234376,-0.0485382080078125,-0.043487548828125,1.0034027099609375
1768576246038349300,11.610349365234375,-0.0512542724609375,-0.04071044921875,1.0053863525390625
1768576246048349400,11.620349365234375,-0.050872802734375,-0.0416107177734375,1.003021240234375
1768576246058348500,11.6303486328125,-0.0526275634765625,-0.040985107421875,1.002838134765625
1768576246068348400,11.640348388671875,-0.05133056640625,-0.0413818359375,1.000732421875
1768576246078348300,11.650348388671874,-0.05029296875,-0.040252685546875,0.9999542236328125
1768576246088348400,11.660348388671874,-0.0491943359375,-0.0407562255859375,0.997406005859375
1768576246098348300,11.670348388671876,-0.0496368408203125,-0.040191650390625,0.9952545166015625
1768576246108347400,11.680347412109375,-0.049072265625,-0.0392608642578125,0.99456787109375
1768576246118347500,11.690347412109375,-0.0492706298828125,-0.039703369140625,0.995635986328125
1768576246128347400,11.700347412109375,-0.04791259765625,-0.0413665771484375,0.9974822998046875
1768576246138347300,11.71034716796875,-0.048614501953125,-0.042388916015625,0.998382568359375
1768576246148346400,11.720346435546874,-0.0500335693359375,-0.0447235107421875,1.0009613037109375
1768576246158346500,11.730346435546876,-0.0474395751953125,-0.043304443359375,1.00286865234375
1768576246168346400,11.740346435546876,-0.0472412109375,-0.0412139892578125,1.00384521484375
1768576246178346500,11.750346435546875,-0.04742431640625,-0.0429229736328125,1.0019683837890625
1768576246188346400,11.760346435546875,-0.046905517578125,-0.0433197021484375,0.999114990234375
1768576246198345500,11.770345458984375,-0.0494384765625,-0.040802001953125,0.998321533203125
1768576246208345300,11.780345458984375,-0.0521240234375,-0.040283203125,0.9976959228515625
1768576246218345500,11.790345458984374,-0.0521240234375,-0.0415802001953125,0.9969329833984375
1768576246228345300,11.800345458984374,-0.0495452880859375,-0.0393524169921875,0.9994964599609375
1768576246238344400,11.810344482421876,-0.0507659912109375,-0.039215087890625,1.0016937255859375
1768576246248344300,11.82034423828125,-0.0505218505859375,-0.039215087890625,1.0024566650390625
1768576246258344400,11.830344482421875,-0.0491943359375,-0.04107666015625,1.0023345947265625
1768576246268344300,11.84034423828125,-0.0473480224609375,-0.0424957275390625,1.0024261474609375
1768576246278344400,11.850344482421875,-0.04791259765625,-0.043548583984375,1.0019683837890625
1768576246288343600,11.860343505859374,-0.0470428466796875,-0.0427703857421875,1.0030059814453125
1768576246298343400,11.870343505859376,-0.0469818115234375,-0.0422515869140625,0.9957427978515625
1768576246308343300,11.88034326171875,-0.0494232177734375,-0.041595458984375,0.9957427978515625
1768576246318343400,11.890343505859375,-0.0498809814453125,-0.041015625,0.9983673095703125
1768576246328342500,11.900342529296875,-0.0506134033203125,-0.040283203125,0.9975738525390625
1768576246338342400,11.91034228515625,-0.0516510009765625,-0.0398101806640625,0.996612548828125
1768576246348342500,11.920342529296875,-0.050506591796875,-0.03912353515625,0.9987030029296875
1768576246358342400,11.93034228515625,-0.0472564697265625,-0.0389251708984375,0.997772216796875
1768576246368342300,11.94034228515625,-0.04583740234375,-0.0402984619140625,1.00103759765625
1768576246378341400,11.95034130859375,-0.050079345703125,-0.040496826171875,0.9987030029296875
1768576246388341500,11.960341552734375,-0.0490264892578125,-0.040740966796875,0.996734619140625
1768576246398341400,11.97034130859375,-0.049163818359375,-0.0419769287109375,0.9980010986328125
1768576246408341500,11.980341552734375,-0.050537109375,-0.040618896484375,0.99932861328125
1768576246418340400,11.99034033203125,-0.04974365234375,-0.0417633056640625,0.99810791015625
1768576246428965400,12.00096533203125,-0.0466156005859375,-0.0416259765625,0.997894287109375
1768576246438965200,12.01096533203125,-0.0453033447265625,-0.0399017333984375,0.99951171875
1768576246448965600,12.020965576171875,-0.04290771484375,-0.0384521484375,1.001983642578125
1768576246458965500,12.030965576171875,-0.04302978515625,-0.0407257080078125,1.0052490234375
1768576246468964400,12.04096435546875,-0.046051025390625,-0.0403594970703125,1.0057373046875
1768576246478964200,12.050964111328126,-0.047454833984375,-0.04052734375,1.0031890869140625
1768576246488964400,12.06096435546875,-0.0470123291015625,-0.0430450439453125,1.0003509521484375
1768576246498964500,12.070964599609376,-0.0440673828125,-0.0408172607421875,0.998779296875
1768576246508963300,12.08096337890625,-0.0465087890625,-0.039794921875,0.9993743896484375
1768576246518963500,12.09096337890625,-0.0504913330078125,-0.0390777587890625,0.9972686767578125
1768576246528963300,12.10096337890625,-0.047454833984375,-0.038787841796875,0.9995574951171875
1768576246538963200,12.110963134765624,-0.0462799072265625,-0.0405731201171875,1.002288818359375
1768576246548963600,12.120963623046874,-0.0466766357421875,-0.040740966796875,1.0015716552734375
1768576246558962400,12.13096240234375,-0.043304443359375,-0.04046630859375,1.003265380859375
1768576246568962300,12.14096240234375,-0.0433807373046875,-0.0411224365234375,1.001434326171875
1768576246578962400,12.15096240234375,-0.0428924560546875,-0.0397796630859375,1.00189208984375
1768576246588962300,12.16096240234375,-0.0423736572265625,-0.0419158935546875,1.0002899169921875
1768576246598962400,12.17096240234375,-0.04437255859375,-0.043121337890625,0.9984283447265625
1768576246608961300,12.180961181640624,-0.0447540283203125,-0.0431671142578125,0.998260498046875
1768576246618961400,12.19096142578125,-0.0459136962890625,-0.045745849609375,0.9993133544921875
1768576246628961300,12.200961181640626,-0.047088623046875,-0.0452728271484375,1.001007080078125
1768576246638961400,12.21096142578125,-0.045013427734375,-0.041656494140625,1.003326416015625
1768576246648960300,12.220960205078125,-0.0421905517578125,-0.0390777587890625,0.99920654296875
1768576246658960400,12.23096044921875,-0.0457305908203125,-0.037628173828125,0.9947509765625
1768576246668960300,12.240960205078125,-0.0494537353515625,-0.0373077392578125,0.9959716796875
1768576246678960400,12.25096044921875,-0.05108642578125,-0.038604736328125,0.9979400634765625
1768576246688960300,12.260960205078124,-0.050567626953125,-0.0386962890625,0.999542236328125
1768576246698959400,12.27095947265625,-0.0472259521484375,-0.040008544921875,1.0020751953125
1768576246708959200,12.280959228515625,-0.045623779296875,-0.0397796630859375,1.0046844482421875
1768576246718959400,12.29095947265625,-0.0469207763671875,-0.04205322265625,1.0057525634765625
1768576246728959200,12.300959228515625,-0.0470428466796875,-0.04290771484375,1.003326416015625
1768576246738958300,12.310958251953124,-0.04815673828125,-0.0436248779296875,1.0009765625
1768576246748958500,12.32095849609375,-0.0494842529296875,-0.04058837890625,1.0000762939453125
1768576246758958300,12.330958251953126,-0.0449066162109375,-0.03955078125,0.99664306640625
1768576246768958200,12.340958251953126,-0.044281005859375,-0.0389556884765625,0.99676513671875
1768576246778958300,12.350958251953125,-0.0481414794921875,-0.0396728515625,0.997406005859375
1768576246788957400,12.36095751953125,-0.043853759765625,-0.0398406982421875,1.0010528564453125
1768576246798957300,12.370957275390625,-0.0460052490234375,-0.0394744873046875,0.9993133544921875
1768576246809582600,12.38158251953125,-0.048736572265625,-0.03875732421875,0.996429443359375
1768576246819582500,12.39158251953125,-0.0470123291015625,-0.042266845703125,0.996612548828125
1768576246829581600,12.40158154296875,-0.0435333251953125,-0.0408782958984375,0.9986724853515625
1768576246839581400,12.41158154296875,-0.0419158935546875,-0.04254150390625,0.999053955078125
1768576246849581600,12.42158154296875,-0.0423431396484375,-0.041229248046875,1.001495361328125
1768576246859581400,12.43158154296875,-0.04266357421875,-0.0408172607421875,1.0021209716796875
1768576246869580500,12.44158056640625,-0.0443267822265625,-0.042877197265625,1.0017547607421875
1768576246879580400,12.451580322265626,-0.0484466552734375,-0.0424346923828125,1.002044677734375
1768576246889580500,12.46158056640625,-0.046295166015625,-0.0412750244140625,1.0026702880859375
1768576246899580400,12.471580322265625,-0.045654296875,-0.04046630859375,1.0013275146484375
1768576246909580500,12.48158056640625,-0.0451507568359375,-0.03924560546875,0.997406005859375
1768576246919579400,12.491579345703125,-0.0451812744140625,-0.0386199951171875,0.9946441650390625
1768576246929579500,12.50157958984375,-0.046051025390625,-0.0398406982421875,0.993072509765625
1768576246939579400,12.511579345703124,-0.0475616455078125,-0.040283203125,0.99639892578125
1768576246949579500,12.52157958984375,-0.0508575439453125,-0.038421630859375,1.000274658203125
1768576246959578600,12.53157861328125,-0.0508575439453125,-0.0385589599609375,1.00115966796875
1768576246969578500,12.54157861328125,-0.045684814453125,-0.0399932861328125,1.0023651123046875
1768576246979578400,12.551578369140625,-0.0450439453125,-0.0392608642578125,1.0023040771484375
1768576246989578500,12.56157861328125,-0.04461669921875,-0.039886474609375,1.0010528564453125
1768576246999578400,12.571578369140624,-0.0467376708984375,-0.0393829345703125,1.0005035400390625
1768576247009577500,12.581577392578126,-0.0482330322265625,-0.041412353515625,1.0022735595703125
1768576247019576600,12.59157666015625,-0.0469207763671875,-0.043975830078125,1.0019073486328125
1768576247029576400,12.601576416015625,-0.047271728515625,-0.04266357421875,0.99957275390625
1768576247039576600,12.61157666015625,-0.046173095703125,-0.0424957275390625,0.999755859375
1768576247049576400,12.621576416015625,-0.045867919921875,-0.0418853759765625,1.0017547607421875
1768576247059575600,12.631575439453124,-0.0460205078125,-0.0385589599609375,1.0010833740234375
1768576247069575400,12.641575439453124,-0.04345703125,-0.0386962890625,1.000457763671875
1768576247079575600,12.651575439453126,-0.0456390380859375,-0.0369415283203125,0.9997406005859375
1768576247089575400,12.661575439453125,-0.0457916259765625,-0.03753662109375,1.0005645751953125
1768576247099575800,12.671575927734375,-0.04595947265625,-0.03948974609375,0.999603271484375
1768576247109574700,12.68157470703125,-0.046905517578125,-0.0394134521484375,0.99737548828125
1768576247119574500,12.691574462890625,-0.0475616455078125,-0.0399017333984375,0.9982147216796875
1768576247129574700,12.70157470703125,-0.04986572265625,-0.04022216796875,0.9998321533203125
1768576247139574500,12.711574462890624,-0.0473175048828125,-0.04095458984375,1.0003509521484375
1768576247149574700,12.72157470703125,-0.045928955078125,-0.0414276123046875,1.0016326904296875
1768576247159573500,12.731573486328125,-0.0505218505859375,-0.0399017333984375,1.000244140625
1768576247169573600,12.74157373046875,-0.051025390625,-0.0389404296875,0.9989776611328125
1768576247179573500,12.751573486328125,-0.0489501953125,-0.0380401611328125,0.9974822998046875
1768576247189573600,12.76157373046875,-0.046630859375,-0.0398712158203125,1.0026092529296875
1768576247199572500,12.771572509765624,-0.0495452880859375,-0.04248046875,1.0006256103515625
1768576247209572600,12.781572509765626,-0.0504150390625,-0.044158935546875,0.99774169921875
1768576247219572500,12.791572509765626,-0.0489501953125,-0.0437774658203125,0.998382568359375
1768576247229572600,12.801572509765625,-0.0498046875,-0.0400390625,0.998779296875
1768576247239572500,12.811572509765625,-0.046630859375,-0.0379791259765625,0.9977569580078125
1768576247249571600,12.821571533203125,-0.0467071533203125,-0.0382080078125,0.99920654296875
1768576247259571500,12.831571533203125,-0.0442047119140625,-0.03741455078125,1.0006256103515625
1768576247269571600,12.841571533203124,-0.044677734375,-0.0386810302734375,0.998992919921875
1768576247279571500,12.851571533203124,-0.0471649169921875,-0.0393829345703125,0.9995574951171875
1768576247289571600,12.861571533203126,-0.046844482421875,-0.042327880859375,1.0023345947265625
1768576247299570700,12.87157080078125,-0.048095703125,-0.044525146484375,1.0034942626953125
1768576247309570600,12.881570556640625,-0.050140380859375,-0.04461669921875,1.0013427734375
1768576247319570400,12.8915703125,-0.0453643798828125,-0.0447540283203125,1.0002593994140625
1768576247329570600,12.901570556640625,-0.04241943359375,-0.043243408203125,0.997833251953125
1768576247339570400,12.9115703125,-0.046722412109375,-0.0438079833984375,0.99676513671875
1768576247349569500,12.921569580078126,-0.0443115234375,-0.042633056640625,0.99908447265625
1768576247359569700,12.931569580078126,-0.04486083984375,-0.041748046875,0.99896240234375
1768576247369569500,12.941569580078125,-0.045928955078125,-0.0423431396484375,1.000762939453125
1768576247379569400,12.9515693359375,-0.0446624755859375,-0.0435333251953125,1.001678466796875
1768576247389568500,12.961568603515625,-0.044158935546875,-0.044952392578125,1.0027313232421875
1768576247399568600,12.971568603515625,-0.044677734375,-0.0450897216796875,1.0027923583984375
1768576247409568500,12.981568603515624,-0.041656494140625,-0.0423736572265625,1.0029449462890625
1768576247419568600,12.991568603515624,-0.0462188720703125,-0.040313720703125,0.9984893798828125
1768576247429568500,13.001568603515626,-0.05322265625,-0.0367431640625,0.9966888427734375
1768576247439567600,13.011567626953125,-0.0559539794921875,-0.0357513427734375,0.995849609375
1768576247449567500,13.0215673828125,-0.0531768798828125,-0.03680419921875,0.997314453125
1768576247459567600,13.031567626953125,-0.0511932373046875,-0.0346832275390625,0.9983978271484375
1768576247469567500,13.0415673828125,-0.047088623046875,-0.0371551513671875,0.9996795654296875
1768576247479567600,13.051567626953124,-0.049530029296875,-0.039764404296875,1.0006866455078125
1768576247489566500,13.06156640625,-0.0486297607421875,-0.0411529541015625,1.0014801025390625
1768576247499566600,13.071566650390626,-0.0482177734375,-0.0419464111328125,1.0023193359375
1768576247509566500,13.08156640625,-0.0496673583984375,-0.042236328125,1.001861572265625
1768576247519566600,13.091566650390625,-0.049835205078125,-0.0431060791015625,0.998199462890625
1768576247529566500,13.10156640625,-0.048858642578125,-0.0427398681640625,0.9986724853515625
1768576247539565600,13.111565673828125,-0.0498046875,-0.0418548583984375,0.9989166259765625
1768576247549565400,13.1215654296875,-0.0494232177734375,-0.039337158203125,0.9966278076171875
1768576247559565600,13.131565673828124,-0.051055908203125,-0.0413665771484375,0.995819091796875
1768576247569565400,13.1415654296875,-0.0493621826171875,-0.0405120849609375,0.9979705810546875
1768576247579565600,13.151565673828125,-0.0498809814453125,-0.041961669921875,0.99957275390625
1768576247589564700,13.161564697265625,-0.0508270263671875,-0.042144775390625,1.000091552734375
1768576247599564500,13.171564453125,-0.0478057861328125,-0.0434112548828125,1.002899169921875
1768576247609564400,13.181564453125,-0.0522003173828125,-0.04351806640625,1.0041351318359375
1768576247619564500,13.191564453125,-0.0528717041015625,-0.04296875,1.00152587890625
1768576247629563600,13.201563720703126,-0.0533447265625,-0.044464111328125,1.0009307861328125
1768576247639563500,13.2115634765625,-0.05426025390625,-0.0430450439453125,1.00140380859375
1768576247649563600,13.221563720703125,-0.0526275634765625,-0.04180908203125,0.99908447265625
1768576247659563500,13.2315634765625,-0.0503692626953125,-0.0417633056640625,0.9977874755859375
1768576247669563600,13.241563720703125,-0.0499725341796875,-0.041046142578125,0.997344970703125
1768576247679562500,13.2515625,-0.0499420166015625,-0.03948974609375,0.9974365234375
1768576247689562600,13.261562744140624,-0.048858642578125,-0.0404205322265625,0.9962310791015625
1768576247699562500,13.2715625,-0.05047607421875,-0.040283203125,0.998016357421875
1768576247709562600,13.281562744140626,-0.052581787109375,-0.0395050048828125,0.9978790283203125
1768576247719562500,13.2915625,-0.055694580078125,-0.0410308837890625,0.9999847412109375
1768576247729561600,13.3015615234375,-0.0516204833984375,-0.0416107177734375,1.001617431640625
1768576247739561500,13.3115615234375,-0.053924560546875,-0.0418548583984375,1.001617431640625
1768576247749561600,13.3215615234375,-0.0521697998046875,-0.041015625,1.0027618408203125
1768576247759561500,13.3315615234375,-0.0530242919921875,-0.042144775390625,1.0025177001953125
1768576247769561600,13.3415615234375,-0.0570831298828125,-0.042694091796875,0.999786376953125
1768576247779560400,13.351560546875,-0.0561065673828125,-0.043426513671875,0.9976959228515625
1768576247789560600,13.361560546875,-0.0522003173828125,-0.0426788330078125,0.9974822998046875
1768576247799560400,13.371560546875,-0.052886962890625,-0.040740966796875,0.9979705810546875
1768576247809560600,13.381560546875,-0.0551605224609375,-0.040252685546875,0.997222900390625
1768576247819560400,13.391560546875,-0.05322265625,-0.037750244140625,0.9984130859375
1768576247829559600,13.4015595703125,-0.052825927734375,-0.03631591796875,0.99969482421875
1768576247839559700,13.4115595703125,-0.0543212890625,-0.0363922119140625,0.99676513671875
1768576247849559600,13.4215595703125,-0.0550537109375,-0.0390777587890625,0.998046875
1768576247859559400,13.431559326171875,-0.0535125732421875,-0.0407562255859375,0.999786376953125
1768576247869558500,13.44155859375,-0.054351806640625,-0.0408935546875,0.997283935546875
1768576247879558700,13.45155859375,-0.0537872314453125,-0.0409088134765625,0.9950103759765625
1768576247889558500,13.46155859375,-0.052764892578125,-0.042816162109375,0.99591064453125
1768576247899558700,13.47155859375,-0.054443359375,-0.04351806640625,0.9977264404296875
1768576247909558500,13.48155859375,-0.0522308349609375,-0.0431976318359375,0.9989471435546875
1768576247919557600,13.4915576171875,-0.0517578125,-0.0417938232421875,1.0009918212890625
1768576247929557500,13.5015576171875,-0.0471343994140625,-0.0400543212890625,1.0023956298828125
1768576247939557600,13.5115576171875,-0.0476531982421875,-0.0407257080078125,1.00445556640625
1768576247949557500,13.5215576171875,-0.0521392822265625,-0.0399627685546875,1.003509521484375
1768576247959557600,13.5315576171875,-0.055816650390625,-0.03955078125,1.0021820068359375
1768576247969556500,13.541556396484374,-0.056121826171875,-0.038543701171875,1.0009307861328125
1768576247979556600,13.551556640625,-0.0530242919921875,-0.04095458984375,0.997802734375
1768576247989556500,13.561556396484375,-0.0523834228515625,-0.0412750244140625,0.996612548828125
1768576247999556600,13.571556640625,-0.055389404296875,-0.0431365966796875,0.9955596923828125
1768576248009556500,13.581556396484375,-0.053466796875,-0.043487548828125,0.9951324462890625
1768576248019555600,13.5915556640625,-0.052215576171875,-0.0418548583984375,0.9964447021484375
1768576248029555500,13.601555419921874,-0.052337646484375,-0.0409698486328125,0.998016357421875
1768576248039555600,13.6115556640625,-0.0539093017578125,-0.0409698486328125,1.0003814697265625
1768576248049555500,13.621555419921876,-0.053070068359375,-0.042327880859375,1.0027618408203125
1768576248059554600,13.631554443359375,-0.054779052734375,-0.0399017333984375,1.000274658203125
1768576248069554700,13.6415546875,-0.0547637939453125,-0.0413665771484375,0.9990234375
1768576248079554600,13.651554443359375,-0.0566864013671875,-0.04168701171875,0.9995880126953125
1768576248089554400,13.661554443359375,-0.0553741455078125,-0.040740966796875,0.9987335205078125
1768576248099554600,13.671554443359375,-0.0520477294921875,-0.0416107177734375,0.99969482421875
1768576248109553700,13.6815537109375,-0.05535888671875,-0.041717529296875,0.997802734375
1768576248119553500,13.691553466796876,-0.0534820556640625,-0.042205810546875,0.9998016357421875
1768576248129553700,13.7015537109375,-0.0533294677734375,-0.04071044921875,0.999847412109375
1768576248139553500,13.711553466796875,-0.0495147705078125,-0.040985107421875,0.999664306640625
1768576248149553700,13.7215537109375,-0.05206298828125,-0.0418243408203125,0.9994354248046875
1768576248159552500,13.731552490234375,-0.055023193359375,-0.0436553955078125,1.0002288818359375
1768576248169552600,13.741552734375,-0.056182861328125,-0.0458831787109375,1.0000762939453125
1768576248179552500,13.751552490234374,-0.056304931640625,-0.04534912109375,1.0002899169921875
1768576248189552600,13.761552734375,-0.05279541015625,-0.04437255859375,1.001190185546875
1768576248199552500,13.771552490234376,-0.0459136962890625,-0.0435791015625,1.0005645751953125
1768576248209551600,13.781551513671875,-0.0483551025390625,-0.040130615234375,1.0001220703125
1768576248219551500,13.791551513671875,-0.0544586181640625,-0.039520263671875,0.9967041015625
1768576248229551600,13.801551513671875,-0.056732177734375,-0.0388641357421875,0.995941162109375
1768576248239551500,13.811551513671875,-0.0569610595703125,-0.0368499755859375,0.997833251953125
1768576248249551600,13.821551513671874,-0.0582427978515625,-0.0360565185546875,0.9974212646484375
1768576248259550500,13.831550537109376,-0.054290771484375,-0.0374298095703125,0.9984588623046875
1768576248269550600,13.841550537109375,-0.05181884765625,-0.0396575927734375,1.0026397705078125
1768576248279550500,13.851550537109375,-0.0523681640625,-0.0394744873046875,1.0016632080078125
1768576248289550600,13.861550537109375,-0.0511474609375,-0.038909912109375,1.00164794921875
1768576248299549700,13.8715498046875,-0.0544586181640625,-0.0419464111328125,0.999298095703125
1768576248309549600,13.881549560546874,-0.0514373779296875,-0.0416107177734375,0.99945068359375
1768576248319549400,13.891549560546874,-0.0508270263671875,-0.0413055419921875,0.9995269775390625
1768576248329549600,13.901549560546876,-0.0563812255859375,-0.0422515869140625,0.995574951171875
1768576248339549400,13.911549560546876,-0.055328369140625,-0.040252685546875,0.998992919921875
1768576248349548500,13.921548583984375,-0.051971435546875,-0.0414276123046875,1.0014801025390625
1768576248359548700,13.931548583984375,-0.0507049560546875,-0.0411834716796875,1.0013275146484375
1768576248369548500,13.941548583984375,-0.049835205078125,-0.0410919189453125,1.0010833740234375
1768576248379548700,13.951548583984374,-0.0511474609375,-0.0403289794921875,0.9993438720703125
1768576248389548500,13.961548583984374,-0.0516204833984375,-0.0414886474609375,1.0009765625
1768576248399547600,13.971547607421876,-0.0507659912109375,-0.0433502197265625,1.000335693359375
1768576248409547500,13.981547607421875,-0.0538482666015625,-0.043243408203125,0.9991302490234375
1768576248419547600,13.991547607421875,-0.0564117431640625,-0.0408172607421875,0.9929962158203125
1768576248429547500,14.001547607421875,-0.052459716796875,-0.039459228515625,0.995269775390625
1768576248439546600,14.011546630859375,-0.0506134033203125,-0.04058837890625,0.99658203125
1768576248449546500,14.02154638671875,-0.0526580810546875,-0.0391082763671875,0.996185302734375
1768576248459546600,14.031546630859374,-0.0545501708984375,-0.0420684814453125,0.9981689453125
1768576248469546500,14.04154638671875,-0.053924560546875,-0.041717529296875,1.0003662109375
1768576248479546600,14.051546630859375,-0.0537872314453125,-0.0399169921875,1.0019989013671875
1768576248489545500,14.06154541015625,-0.0538177490234375,-0.0415496826171875,1.00067138671875
1768576248499545600,14.071545654296875,-0.055450439453125,-0.04150390625,1.001434326171875
1768576248509545500,14.08154541015625,-0.0547027587890625,-0.042572021484375,1.001800537109375
1768576248519545600,14.091545654296874,-0.05462646484375,-0.0451202392578125,1.00054931640625
1768576248529545500,14.10154541015625,-0.0560760498046875,-0.04266357421875,0.9983673095703125
1768576248539544600,14.111544677734376,-0.0578460693359375,-0.0433197021484375,0.998077392578125
1768576248549544400,14.12154443359375,-0.054534912109375,-0.041351318359375,0.9989471435546875
1768576248559544600,14.131544677734375,-0.0545654296875,-0.0392608642578125,1.000732421875
1768576248569544400,14.14154443359375,-0.0536041259765625,-0.037628173828125,0.9995269775390625
1768576248579544600,14.151544677734375,-0.052764892578125,-0.0390472412109375,0.99798583984375
1768576248589543700,14.161543701171874,-0.0546417236328125,-0.03759765625,0.9996185302734375
1768576248599543600,14.17154345703125,-0.0537261962890625,-0.037994384765625,1.0005645751953125
1768576248609543700,14.181543701171876,-0.0555267333984375,-0.0385589599609375,0.9989471435546875
1768576248619543600,14.19154345703125,-0.056610107421875,-0.03851318359375,0.9968109130859375
1768576248629542700,14.201542724609375,-0.0554351806640625,-0.0407257080078125,0.9974212646484375
1768576248639542500,14.21154248046875,-0.0551605224609375,-0.0413665771484375,0.9985809326171875
1768576248649542700,14.221542724609375,-0.054595947265625,-0.0417327880859375,0.999053955078125
1768576248659542500,14.23154248046875,-0.0559234619140625,-0.0423583984375,1.0021514892578125
1768576248669542700,14.241542724609374,-0.0538482666015625,-0.0405120849609375,1.0047454833984375
1768576248679541500,14.25154150390625,-0.052398681640625,-0.0420989990234375,1.0038604736328125
1768576248689541600,14.261541748046875,-0.052703857421875,-0.040679931640625,1.0008087158203125
1768576248699541500,14.27154150390625,-0.052520751953125,-0.0413970947265625,0.99920654296875
1768576248709541600,14.281541748046875,-0.053985595703125,-0.04254150390625,0.99639892578125
1768576248719541500,14.29154150390625,-0.054595947265625,-0.041351318359375,0.99755859375
1768576248729540600,14.30154052734375,-0.0538482666015625,-0.041107177734375,0.99810791015625
1768576248739540500,14.31154052734375,-0.0534515380859375,-0.0405426025390625,0.9997100830078125
1768576248749540600,14.32154052734375,-0.053375244140625,-0.038604736328125,0.9990997314453125
1768576248759540500,14.33154052734375,-0.0526275634765625,-0.03985595703125,1.0010833740234375
1768576248769539600,14.34153955078125,-0.0534820556640625,-0.040496826171875,1.001708984375
1768576248779539700,14.351539794921875,-0.0543365478515625,-0.041595458984375,1.0008697509765625
1768576248789539600,14.36153955078125,-0.0537872314453125,-0.0403900146484375,1.0012359619140625
1768576248799539500,14.37153955078125,-0.052276611328125,-0.0420379638671875,0.998809814453125
1768576248809539600,14.38153955078125,-0.0520782470703125,-0.0443115234375,0.9972381591796875
1768576248819538700,14.39153857421875,-0.0522003173828125,-0.0433349609375,0.997222900390625
1768576248829538600,14.40153857421875,-0.0532073974609375,-0.041229248046875,0.9973602294921875
1768576248839538700,14.41153857421875,-0.0532684326171875,-0.041473388671875,0.99871826171875
1768576248849538600,14.42153857421875,-0.0518035888671875,-0.0420379638671875,0.9988250732421875
1768576248859538400,14.431538330078125,-0.05120849609375,-0.04095458984375,0.99798583984375
1768576248869537500,14.44153759765625,-0.0513153076171875,-0.0410308837890625,0.9988555908203125
1768576248879537700,14.45153759765625,-0.052703857421875,-0.0409393310546875,0.9994049072265625
1768576248889537500,14.46153759765625,-0.05615234375,-0.038787841796875,0.9957122802734375
1768576248899537700,14.47153759765625,-0.052703857421875,-0.0369720458984375,0.997406005859375
1768576248909537500,14.48153759765625,-0.0516357421875,-0.0378875732421875,1.0008087158203125
1768576248919536600,14.49153662109375,-0.0499267578125,-0.040252685546875,1.00030517578125
1768576248929536500,14.50153662109375,-0.050811767578125,-0.042144775390625,1.0013427734375
1768576248939536600,14.51153662109375,-0.05078125,-0.04229736328125,1.000762939453125
1768576248949536500,14.52153662109375,-0.04962158203125,-0.042877197265625,0.9992523193359375
1768576248959535600,14.53153564453125,-0.04864501953125,-0.0404510498046875,0.998779296875
1768576248969535500,14.541535400390625,-0.047607421875,-0.0396728515625,0.9998016357421875
1768576248979535600,14.55153564453125,-0.0500946044921875,-0.041351318359375,1.000030517578125
1768576248989535500,14.561535400390625,-0.0528411865234375,-0.0417633056640625,0.9995269775390625
1768576248999535600,14.57153564453125,-0.05157470703125,-0.042816162109375,0.9992218017578125
1768576249009534700,14.58153466796875,-0.0496368408203125,-0.044158935546875,0.99798583984375
1768576249019534600,14.59153466796875,-0.0537261962890625,-0.046173095703125,0.9987640380859375
1768576249029534700,14.60153466796875,-0.0482025146484375,-0.0450286865234375,1.0001220703125
1768576249039535000,14.61153515625,-0.0496063232421875,-0.041717529296875,0.999176025390625
1768576249049535000,14.621534912109375,-0.0511322021484375,-0.0407257080078125,0.9992218017578125
1768576249059533800,14.631533935546875,-0.0540618896484375,-0.0398101806640625,0.9989013671875
1768576249069534000,14.641533935546875,-0.0543670654296875,-0.0361328125,0.9999847412109375
1768576249079533800,14.651533935546874,-0.053497314453125,-0.0365447998046875,1.0001220703125
1768576249089534000,14.661533935546874,-0.0533294677734375,-0.03741455078125,1.0010223388671875
1768576249099532800,14.67153271484375,-0.05224609375,-0.038421630859375,1.00128173828125
1768576249109533000,14.681532958984375,-0.053863525390625,-0.0411529541015625,1.00091552734375
1768576249119532800,14.69153271484375,-0.0526885986328125,-0.0421295166015625,0.9989776611328125
1768576249129533000,14.701532958984375,-0.05108642578125,-0.042327880859375,0.998199462890625
1768576249139533000,14.711532958984375,-0.051116943359375,-0.0418548583984375,1.0009918212890625
1768576249149532000,14.721531982421874,-0.049896240234375,-0.0398101806640625,0.9986572265625
1768576249159531800,14.73153173828125,-0.050140380859375,-0.0396575927734375,0.9958038330078125
1768576249169532000,14.741531982421876,-0.0496063232421875,-0.041229248046875,1.00115966796875
1768576249179531800,14.75153173828125,-0.0521240234375,-0.0423736572265625,1.0015106201171875
1768576249189532200,14.7615322265625,-0.0508270263671875,-0.0413970947265625,1.0005950927734375
1768576249199530800,14.77153076171875,-0.0486907958984375,-0.0415191650390625,0.9979400634765625
1768576249209531000,14.78153076171875,-0.0480804443359375,-0.0426788330078125,0.996917724609375
1768576249219530800,14.79153076171875,-0.0482025146484375,-0.0420379638671875,0.9948883056640625
1768576249229531100,14.80153125,-0.0503082275390625,-0.0415802001953125,0.99713134765625
1768576249239529700,14.81152978515625,-0.0505218505859375,-0.04156494140625,0.9988861083984375
1768576249249529900,14.82152978515625,-0.050384521484375,-0.0408172607421875,0.9971466064453125
1768576249259529700,14.83152978515625,-0.050262451171875,-0.041961669921875,0.9981536865234375
1768576249269529900,14.84152978515625,-0.0479583740234375,-0.0409393310546875,1.0009765625
1768576249279530000,14.851530029296875,-0.046722412109375,-0.04132080078125,1.0023651123046875
1768576249289528800,14.86152880859375,-0.0477294921875,-0.04193115234375,1.0026702880859375
1768576249299529000,14.871529052734376,-0.048736572265625,-0.0409393310546875,1.0012969970703125
1768576249309528800,14.88152880859375,-0.049835205078125,-0.040679931640625,1.0017547607421875
1768576249319528700,14.89152880859375,-0.0521392822265625,-0.04010009765625,1.0018310546875
1768576249329529000,14.901529052734375,-0.0514984130859375,-0.0384674072265625,1.000762939453125
1768576249339528000,14.91152783203125,-0.0508270263671875,-0.0364837646484375,1.0012969970703125
1768576249349527800,14.92152783203125,-0.0510406494140625,-0.03955078125,0.9994354248046875
1768576249359528000,14.93152783203125,-0.05157470703125,-0.038604736328125,1.00128173828125
1768576249369527800,14.94152783203125,-0.048492431640625,-0.0374298095703125,0.998565673828125
1768576249379528000,14.95152783203125,-0.050445556640625,-0.0407257080078125,0.9978790283203125
1768576249389526800,14.96152685546875,-0.0508880615234375,-0.0420989990234375,0.9975128173828125
1768576249399527000,14.97152685546875,-0.051361083984375,-0.0410308837890625,0.9976959228515625
1768576249409526800,14.98152685546875,-0.0507049560546875,-0.042572021484375,0.99658203125
1768576249419527000,14.99152685546875,-0.04913330078125,-0.042510986328125,0.997100830078125
1768576249429525800,15.00152587890625,-0.0498199462890625,-0.0417327880859375,0.9998779296875
1768576249439526000,15.01152587890625,-0.0502777099609375,-0.04241943359375,0.999542236328125
1768576249449525800,15.02152587890625,-0.0488739013671875,-0.040985107421875,0.999786376953125
1768576249459526000,15.03152587890625,-0.0489044189453125,-0.04052734375,1.0013275146484375
1768576249469525800,15.04152587890625,-0.049346923828125,-0.0396575927734375,1.00054931640625
1768576249479524900,15.05152490234375,-0.0492706298828125,-0.0400543212890625,1.0006866455078125
1768576249489524700,15.061524658203124,-0.0517730712890625,-0.04083251953125,0.9980621337890625
1768576249499524900,15.07152490234375,-0.0495147705078125,-0.039703369140625,0.9969024658203125
1768576249509524700,15.081524658203126,-0.046875,-0.03924560546875,0.999481201171875
1768576249519524900,15.09152490234375,-0.0489654541015625,-0.0379486083984375,1.000396728515625
1768576249529524000,15.10152392578125,-0.047607421875,-0.039886474609375,0.997955322265625
1768576249539523800,15.11152392578125,-0.04815673828125,-0.0398406982421875,0.9995880126953125
1768576249549523700,15.121523681640625,-0.0505218505859375,-0.040496826171875,0.99798583984375
1768576249559523800,15.13152392578125,-0.0499114990234375,-0.041168212890625,0.9975738525390625
1768576249569523000,15.14152294921875,-0.0501556396484375,-0.03753662109375,1.00091552734375
1768576249579522800,15.151522705078126,-0.0468597412109375,-0.045806884765625,0.9987030029296875
1768576249589523000,15.16152294921875,-0.0466766357421875,-0.04156494140625,1.005950927734375
1768576249599522800,15.171522705078125,-0.0488128662109375,-0.0416107177734375,1.0019683837890625
1768576249609523000,15.18152294921875,-0.04931640625,-0.04180908203125,0.9996185302734375
1768576249619521800,15.191521728515625,-0.047454833984375,-0.04052734375,1.002349853515625
1768576249629522000,15.20152197265625,-0.048126220703125,-0.041259765625,1.000030517578125
1768576249639521800,15.211521728515624,-0.0465087890625,-0.04010009765625,0.998779296875
1768576249649522000,15.22152197265625,-0.04443359375,-0.0426788330078125,0.9984130859375
1768576249659521800,15.231521728515625,-0.0451812744140625,-0.042266845703125,1.000396728515625
1768576249669521000,15.24152099609375,-0.0459747314453125,-0.0428314208984375,0.9985198974609375
1768576249679520800,15.251520751953125,-0.0483856201171875,-0.0425262451171875,0.9989776611328125
1768576249689521000,15.26152099609375,-0.048583984375,-0.03887939453125,1.000213623046875
1768576249699520800,15.271520751953124,-0.04888916015625,-0.039825439453125,1.00164794921875
1768576249709520000,15.281519775390626,-0.047027587890625,-0.0394134521484375,1.0027923583984375
1768576249719519700,15.291519775390626,-0.0485076904296875,-0.0391998291015625,1.0025482177734375
1768576249729519900,15.301519775390625,-0.0484161376953125,-0.0391845703125,1.0037994384765625
1768576249739519700,15.311519775390625,-0.045989990234375,-0.039886474609375,1.0018310546875
1768576249749520000,15.321519775390625,-0.044219970703125,-0.0414276123046875,1.0010833740234375
1768576249759519000,15.33151904296875,-0.0445404052734375,-0.0424346923828125,1.000396728515625
1768576249769518800,15.341518798828124,-0.04766845703125,-0.0398406982421875,0.9997100830078125
1768576249779518700,15.351518798828126,-0.0477752685546875,-0.042083740234375,0.9940338134765625
1768576249789518800,15.361518798828126,-0.04656982421875,-0.0402679443359375,0.995697021484375
1768576249799518000,15.37151806640625,-0.043914794921875,-0.0400848388671875,0.9985198974609375
1768576249809517800,15.381517822265625,-0.045989990234375,-0.04168701171875,1.00048828125
1768576249819518000,15.39151806640625,-0.0482635498046875,-0.0418853759765625,1.0045166015625
1768576249829517800,15.401517822265625,-0.0471649169921875,-0.041046142578125,1.0031890869140625
1768576249839518000,15.41151806640625,-0.045196533203125,-0.0400848388671875,0.9992828369140625
1768576249849516800,15.421516845703126,-0.0466461181640625,-0.0394287109375,0.9969482421875
1768576249859517000,15.431516845703126,-0.047943115234375,-0.040008544921875,0.9973602294921875
1768576249869516800,15.441516845703125,-0.048828125,-0.0387725830078125,0.9966583251953125
1768576249879517000,15.451516845703125,-0.0474853515625,-0.0384368896484375,0.99627685546875
1768576249889516800,15.461516845703125,-0.0507354736328125,-0.0411224365234375,0.9981231689453125
1768576249899516000,15.471515869140624,-0.0467529296875,-0.0406646728515625,1.002532958984375
1768576249909515800,15.481515869140624,-0.045166015625,-0.041656494140625,1.0011444091796875
1768576249919516000,15.491515869140626,-0.0453643798828125,-0.0402374267578125,1.000152587890625
1768576249929515800,15.501515869140626,-0.04638671875,-0.0402069091796875,1.0025787353515625
1768576249939516000,15.511515869140625,-0.047882080078125,-0.0413360595703125,1.0015411376953125
1768576249949514800,15.5215146484375,-0.05010986328125,-0.0417327880859375,0.999969482421875
1768576249959515000,15.531514892578125,-0.048583984375,-0.0413055419921875,1.000762939453125
1768576249969514800,15.5415146484375,-0.0481109619140625,-0.0418701171875,1.00067138671875
1768576249979515000,15.551514892578124,-0.0475921630859375,-0.04083251953125,0.9988861083984375
1768576249989514000,15.561513916015626,-0.0487060546875,-0.0394134521484375,0.9994659423828125
1768576249999513900,15.571513916015626,-0.0466156005859375,-0.0404815673828125,1.0009765625
1768576250009513700,15.581513671875,-0.044647216796875,-0.0422210693359375,1.0000457763671875
1768576250019513900,15.591513916015625,-0.047088623046875,-0.0409698486328125,0.997711181640625
1768576250029514800,15.6015146484375,-0.046722412109375,-0.038543701171875,0.9972991943359375
1768576250039513900,15.611513916015625,-0.0468902587890625,-0.0389556884765625,0.994903564453125
1768576250049513700,15.621513671875,-0.0486602783203125,-0.0401611328125,0.9969024658203125
1768576250059513900,15.631513916015624,-0.0456695556640625,-0.039276123046875,0.9996337890625
1768576250069513700,15.641513671875,-0.0461883544921875,-0.040313720703125,1.0009613037109375
1768576250079513900,15.651513916015626,-0.0474700927734375,-0.0406646728515625,0.99969482421875
1768576250089512700,15.6615126953125,-0.04815673828125,-0.0408477783203125,0.9984893798828125
1768576250099512800,15.671512939453125,-0.048858642578125,-0.0412750244140625,0.9995269775390625
1768576250109512700,15.6815126953125,-0.0488433837890625,-0.0398712158203125,1.0009765625
1768576250119512800,15.691512939453125,-0.04766845703125,-0.039947509765625,1.0021514892578125
1768576250129512000,15.701511962890624,-0.0481719970703125,-0.037994384765625,1.0032501220703125
1768576250139511800,15.71151171875,-0.0475006103515625,-0.038604736328125,1.00201416015625
1768576250149512000,15.721511962890625,-0.049896240234375,-0.0373687744140625,0.9990997314453125
1768576250159511800,15.73151171875,-0.050506591796875,-0.038970947265625,0.99853515625
1768576250169511700,15.74151171875,-0.0483551025390625,-0.0403594970703125,0.999053955078125
1768576250179510800,15.7515107421875,-0.0500946044921875,-0.0415496826171875,0.998077392578125
1768576250189511000,15.761510986328124,-0.049072265625,-0.0422821044921875,0.995941162109375
1768576250199510800,15.7715107421875,-0.0484619140625,-0.042236328125,0.9976806640625
1768576250209511000,15.781510986328126,-0.0522613525390625,-0.0409393310546875,0.9977874755859375
1768576250219510800,15.7915107421875,-0.0502777099609375,-0.038238525390625,0.998870849609375
1768576250229510000,15.801510009765625,-0.04986572265625,-0.0394744873046875,0.999420166015625
1768576250239509800,15.811509765625,-0.04998779296875,-0.0392913818359375,1.000274658203125
1768576250249510000,15.821510009765625,-0.048065185546875,-0.0374908447265625,1.0033416748046875
1768576250259509800,15.831509765625,-0.048614501953125,-0.0377044677734375,1.004058837890625
1768576250269508900,15.8415087890625,-0.0482635498046875,-0.0387725830078125,1.0028533935546875
1768576250279508700,15.8515087890625,-0.0486907958984375,-0.0383758544921875,1.0018157958984375
1768576250289508900,15.8615087890625,-0.0500335693359375,-0.0384674072265625,0.999359130859375
1768576250299508700,15.8715087890625,-0.05133056640625,-0.039215087890625,0.9991302490234375
1768576250309508900,15.8815087890625,-0.0479736328125,-0.0390777587890625,0.9988250732421875
1768576250319507700,15.8915078125,-0.04876708984375,-0.041168212890625,0.9975738525390625
1768576250329507800,15.9015078125,-0.049713134765625,-0.0417633056640625,0.996826171875
1768576250339507700,15.9115078125,-0.051055908203125,-0.0419921875,0.99835205078125
1768576250349507800,15.9215078125,-0.0514984130859375,-0.0408782958984375,0.9963836669921875
1768576250359507700,15.9315078125,-0.050750732421875,-0.040863037109375,0.9974212646484375
1768576250369506800,15.9415068359375,-0.0449676513671875,-0.0379791259765625,0.9991912841796875
1768576250379507000,15.9515068359375,-0.045562744140625,-0.03912353515625,1.0026092529296875
1768576250389506800,15.9615068359375,-0.0504150390625,-0.0402069091796875,1.0022735595703125
1768576250399506700,15.971506591796874,-0.049468994140625,-0.041717529296875,1.0009765625
1768576250409505800,15.981505859375,-0.0496368408203125,-0.040863037109375,1.0018463134765625
1768576250420130800,15.992130859375,-0.0539093017578125,-0.040771484375,1.00115966796875
1768576250430130700,16.002130615234375,-0.0513458251953125,-0.03961181640625,1.00042724609375
1768576250440130800,16.012130859375,-0.0495758056640625,-0.0376129150390625,0.9997100830078125
1768576250450130700,16.022130615234374,-0.04913330078125,-0.0382080078125,1.000244140625
1768576250460129800,16.0321298828125,-0.05145263671875,-0.037506103515625,1.000152587890625
1768576250470129700,16.042129638671874,-0.05322265625,-0.037689208984375,0.999786376953125
1768576250480129800,16.0521298828125,-0.0511474609375,-0.04150390625,1.0001983642578125
1768576250490129700,16.062129638671873,-0.0477142333984375,-0.0417938232421875,1.00054931640625
1768576250500129800,16.0721298828125,-0.048065185546875,-0.0410614013671875,0.9968109130859375
1768576250510128600,16.082128662109376,-0.048187255859375,-0.039825439453125,0.9950408935546875
1768576250520128800,16.092128662109374,-0.0498046875,-0.0421142578125,0.99700927734375
1768576250530128600,16.102128662109376,-0.05169677734375,-0.0416259765625,0.99554443359375
1768576250540128800,16.112128662109374,-0.0504608154296875,-0.04107666015625,0.99755859375
1768576250550128600,16.122128662109375,-0.0485382080078125,-0.0421142578125,0.9994354248046875
1768576250560127700,16.132127685546877,-0.04840087890625,-0.0429534912109375,1.0033111572265625
1768576250570127600,16.142127685546875,-0.0494537353515625,-0.0430908203125,1.00494384765625
1768576250580127700,16.152127685546876,-0.0474090576171875,-0.0422210693359375,1.0069122314453125
1768576250590127600,16.162127685546874,-0.046905517578125,-0.0397491455078125,1.0034332275390625
1768576250600126700,16.172126708984376,-0.0498809814453125,-0.0383758544921875,0.9988555908203125
1768576250610126800,16.182126953125,-0.0513458251953125,-0.0370635986328125,0.9982757568359375
1768576250620126700,16.192126708984375,-0.0543975830078125,-0.0395660400390625,0.9966888427734375
1768576250630126600,16.202126708984373,-0.0533599853515625,-0.0384063720703125,0.9951019287109375
1768576250640126700,16.212126708984375,-0.0546875,-0.0381011962890625,0.9963226318359375
1768576250650125800,16.222125732421876,-0.0529327392578125,-0.0352630615234375,0.9969940185546875
1768576250660125700,16.232125732421874,-0.0527496337890625,-0.03546142578125,0.998291015625
1768576250670125800,16.242125732421876,-0.0524749755859375,-0.03729248046875,0.9976806640625
1768576250680125700,16.252125732421874,-0.0499267578125,-0.03753662109375,0.9991912841796875
1768576250690125800,16.262125732421875,-0.0490875244140625,-0.0397796630859375,1.00164794921875
1768576250700124700,16.272124755859377,-0.0502166748046875,-0.0417327880859375,1.00445556640625
1768576250710124800,16.282124755859375,-0.049774169921875,-0.03887939453125,1.0033111572265625
1768576250720124700,16.292124755859376,-0.0503387451171875,-0.0392913818359375,1.0014801025390625
1768576250730124800,16.302124755859374,-0.05303955078125,-0.037567138671875,1.0017547607421875
1768576250740123600,16.31212353515625,-0.052886962890625,-0.0387420654296875,1.0000152587890625
1768576250750123800,16.322123779296874,-0.0499725341796875,-0.039154052734375,0.996612548828125
1768576250760123600,16.33212353515625,-0.0499114990234375,-0.0398406982421875,0.9973907470703125
1768576250770123800,16.342123779296877,-0.04779052734375,-0.040313720703125,0.997802734375
1768576250780123600,16.35212353515625,-0.049163818359375,-0.0419464111328125,0.9959716796875
1768576250790122800,16.362122802734376,-0.0515289306640625,-0.03955078125,0.998138427734375
1768576250800122600,16.37212255859375,-0.0501861572265625,-0.0398712158203125,0.9997711181640625
1768576250810122800,16.382122802734376,-0.0514984130859375,-0.041107177734375,1.00146484375
1768576250820122600,16.39212255859375,-0.048980712890625,-0.042083740234375,1.00531005859375
1768576250830122800,16.402122802734375,-0.0513916015625,-0.042083740234375,1.0018463134765625
1768576250840121900,16.412121826171877,-0.0516204833984375,-0.0412139892578125,0.99774169921875
1768576250850747000,16.422746826171874,-0.050048828125,-0.03936767578125,0.999114990234375
1768576250860746800,16.432746826171876,-0.0497589111328125,-0.03826904296875,0.9976043701171875
1768576250870747000,16.442746826171874,-0.04986572265625,-0.0378570556640625,0.9964752197265625
1768576250880746000,16.45274609375,-0.050933837890625,-0.03887939453125,0.9968414306640625
1768576250890745900,16.462745849609377,-0.0520477294921875,-0.037109375,0.99847412109375
1768576250900746000,16.47274609375,-0.05255126953125,-0.036285400390625,1.0009002685546875
1768576250910745900,16.482745849609376,-0.053192138671875,-0.0386810302734375,1.0015106201171875
1768576250920745700,16.492745849609374,-0.0522918701171875,-0.0405120849609375,1.001708984375
1768576250930744800,16.502744873046876,-0.0531158447265625,-0.0422515869140625,0.999603271484375
1768576250940745000,16.512744873046874,-0.0540924072265625,-0.0449676513671875,0.9992218017578125
1768576250950744800,16.522744873046875,-0.051422119140625,-0.042816162109375,0.997344970703125
1768576250960745000,16.532744873046877,-0.052337646484375,-0.043609619140625,1.000579833984375
1768576250970744800,16.542744873046875,-0.049468994140625,-0.0424652099609375,1.001922607421875
1768576250980744000,16.552743896484376,-0.0518798828125,-0.0420989990234375,1.00225830078125
1768576250990743800,16.562743896484374,-0.0555877685546875,-0.041778564453125,1.001373291015625
1768576251000744000,16.572743896484376,-0.053741455078125,-0.039764404296875,0.9993743896484375
1768576251010743800,16.582743896484374,-0.0547027587890625,-0.0382232666015625,0.99920654296875
1768576251020744000,16.592743896484375,-0.0536956787109375,-0.0380401611328125,0.9967498779296875
1768576251030741800,16.60274169921875,-0.05157470703125,-0.03692626953125,0.995635986328125
1768576251040741600,16.61274169921875,-0.053436279296875,-0.037872314453125,0.99853515625
1768576251050741800,16.62274169921875,-0.0537261962890625,-0.0394287109375,0.9982757568359375
1768576251060741600,16.63274169921875,-0.0533599853515625,-0.0389404296875,0.998443603515625
1768576251070741800,16.64274169921875,-0.0547027587890625,-0.03973388671875,1.0017547607421875
1768576251080740600,16.65274072265625,-0.055877685546875,-0.0409088134765625,1.002899169921875
1768576251090740700,16.66274072265625,-0.0573272705078125,-0.04132080078125,1.0001220703125
1768576251100740600,16.67274072265625,-0.0572662353515625,-0.0412750244140625,0.997161865234375
1768576251110740700,16.68274072265625,-0.05316162109375,-0.041656494140625,0.99639892578125
1768576251120740600,16.69274072265625,-0.052215576171875,-0.040069580078125,0.997161865234375
1768576251130739700,16.70273974609375,-0.05340576171875,-0.0399932861328125,0.9987945556640625
1768576251140739600,16.712739501953124,-0.0513458251953125,-0.03973388671875,1.0016937255859375
1768576251150739700,16.72273974609375,-0.0501556396484375,-0.0420684814453125,1.00244140625
1768576251160739600,16.732739501953127,-0.0525970458984375,-0.042205810546875,1.002044677734375
1768576251170739700,16.74273974609375,-0.054656982421875,-0.0434722900390625,1.000274658203125
1768576251180738600,16.752738525390626,-0.0532379150390625,-0.0397796630859375,0.997711181640625
1768576251190738700,16.76273876953125,-0.0518951416015625,-0.03680419921875,0.99951171875
1768576251200738600,16.772738525390626,-0.05584716796875,-0.0378265380859375,1.00103759765625
1768576251210738700,16.78273876953125,-0.0556640625,-0.037261962890625,1.000213623046875
1768576251220738600,16.792738525390625,-0.0515289306640625,-0.0396728515625,0.998321533203125
1768576251230737700,16.802737548828127,-0.0460052490234375,-0.0409088134765625,1.0016326904296875
1768576251240737800,16.81273779296875,-0.0458526611328125,-0.0418243408203125,1.000640869140625
1768576251250737700,16.822737548828126,-0.050323486328125,-0.0411224365234375,0.9992523193359375
1768576251260737500,16.832737548828124,-0.0546875,-0.041015625,0.998626708984375
1768576251270737700,16.842737548828126,-0.0572052001953125,-0.0412139892578125,0.9968414306640625
1768576251280736800,16.85273681640625,-0.0549468994140625,-0.040496826171875,0.9967193603515625
1768576251290736600,16.862736572265625,-0.0544586181640625,-0.0406036376953125,0.997467041015625
1768576251300736800,16.87273681640625,-0.0544891357421875,-0.045318603515625,1.001129150390625
1768576251310736600,16.882736572265625,-0.0511016845703125,-0.0446014404296875,1.00262451171875
1768576251320736800,16.89273681640625,-0.047943115234375,-0.039947509765625,1.002288818359375
1768576251330735600,16.902735595703124,-0.0485992431640625,-0.0377044677734375,0.9998321533203125
1768576251340735700,16.91273583984375,-0.0562591552734375,-0.0376739501953125,0.9969329833984375
1768576251350735600,16.922735595703124,-0.0599365234375,-0.036865234375,0.9954986572265625
1768576251360735700,16.93273583984375,-0.0582275390625,-0.0359039306640625,0.9966278076171875
1768576251370735600,16.942735595703127,-0.0545501708984375,-0.0336456298828125,1.0006256103515625
1768576251380734700,16.952734619140625,-0.0514984130859375,-0.034423828125,1.0002593994140625
1768576251390734600,16.962734619140626,-0.0539398193359375,-0.037567138671875,0.999420166015625
1768576251400734700,16.972734619140624,-0.056304931640625,-0.040374755859375,1.00140380859375
1768576251410734600,16.982734619140626,-0.0576629638671875,-0.041656494140625,1.0018768310546875
1768576251420734700,16.992734619140624,-0.0536956787109375,-0.038726806640625,1.0010223388671875
1768576251430733600,17.002733642578125,-0.055084228515625,-0.040679931640625,1.006072998046875
1768576251440733700,17.012733642578127,-0.055419921875,-0.0385589599609375,0.9920806884765625
1768576251450733600,17.022733642578125,-0.0550079345703125,-0.0394287109375,0.9917449951171875
1768576251460733700,17.032733642578126,-0.05694580078125,-0.038482666015625,0.9932098388671875
1768576251470733600,17.042733642578124,-0.0524444580078125,-0.0373077392578125,0.990447998046875
1768576251480733700,17.052733642578126,-0.05010986328125,-0.0301666259765625,0.985870361328125
1768576251490732500,17.062732666015624,-0.054962158203125,-0.03924560546875,1.01055908203125
1768576251500732700,17.072732666015625,-0.053466796875,-0.044097900390625,1.01129150390625
1768576251510732500,17.082732666015627,-0.043121337890625,-0.042266845703125,1.0091094970703125
1768576251520732700,17.092732666015625,-0.0490875244140625,-0.043243408203125,1.0184326171875
1768576251530732500,17.102732666015626,-0.0607147216796875,-0.046966552734375,1.0099334716796875
1768576251540731600,17.112731689453124,-0.058929443359375,-0.0389404296875,1.0034637451171875
1768576251550731800,17.122731689453126,-0.069976806640625,-0.0335693359375,1.006683349609375
1768576251560731600,17.132731689453124,-0.06201171875,-0.0354461669921875,1.00909423828125
1768576251570731500,17.1427314453125,-0.066497802734375,-0.0352325439453125,0.9911346435546875
1768576251580731600,17.152731689453127,-0.072174072265625,-0.034942626953125,0.977325439453125
1768576251590730800,17.162730712890625,-0.0737457275390625,-0.0301666259765625,0.9906768798828125
1768576251600730600,17.172730712890626,-0.06976318359375,-0.0348663330078125,0.988433837890625
1768576251610730800,17.182730712890624,-0.0748748779296875,-0.0322113037109375,0.982025146484375
1768576251620730600,17.192730712890626,-0.068450927734375,-0.029388427734375,0.98736572265625
1768576251630730800,17.202730712890624,-0.06121826171875,-0.02850341796875,1.0042724609375
1768576251640729600,17.2127294921875,-0.057342529296875,-0.03582763671875,1.0168914794921875
1768576251650729700,17.222729736328127,-0.0671539306640625,-0.038116455078125,1.0191650390625
1768576251660729600,17.2327294921875,-0.018585205078125,-0.0475921630859375,0.957061767578125
1768576251670729700,17.242729736328126,-0.104461669921875,-0.0341339111328125,1.0657501220703125
1768576251680729600,17.2527294921875,-0.09832763671875,-0.0694122314453125,1.0198516845703125
1768576251690728700,17.262728759765626,-0.0415802001953125,-0.044219970703125,0.9690704345703125
1768576251700728600,17.272728515625,-0.0491180419921875,-0.031890869140625,0.9906463623046875
1768576251710728700,17.282728759765625,-0.0704498291015625,-0.032440185546875,0.9897918701171875
1768576251720728600,17.292728515625,-0.0758209228515625,-0.0345458984375,0.997467041015625
1768576251730728700,17.302728759765625,-0.0726318359375,-0.0380096435546875,0.9960174560546875
1768576251740727600,17.3127275390625,-0.065399169921875,-0.038543701171875,0.9842529296875
1768576251750727700,17.322727783203124,-0.0625152587890625,-0.037109375,0.9813385009765625
1768576251760727600,17.3327275390625,-0.06414794921875,-0.0378875732421875,0.9955291748046875
1768576251770727700,17.342727783203124,-0.0708160400390625,-0.0390777587890625,1.0010528564453125
1768576251780727600,17.3527275390625,-0.06634521484375,-0.041015625,1.009246826171875
1768576251790726700,17.3627265625,-0.0702362060546875,-0.040283203125,1.0063629150390625
1768576251800726500,17.3727265625,-0.0682220458984375,-0.0393524169921875,0.9991607666015625
1768576251810726700,17.3827265625,-0.070465087890625,-0.03717041015625,1.000213623046875
1768576251820726500,17.3927265625,-0.07452392578125,-0.038330078125,0.998748779296875
1768576251830726700,17.4027265625,-0.071441650390625,-0.034942626953125,0.99951171875
1768576251840725800,17.412725830078124,-0.0751190185546875,-0.03497314453125,0.9968719482421875
1768576251850725600,17.4227255859375,-0.0736236572265625,-0.0349273681640625,0.9977264404296875
1768576251860725800,17.432725830078127,-0.070159912109375,-0.034759521484375,0.9955291748046875
1768576251870725600,17.4427255859375,-0.0712738037109375,-0.03509521484375,1.0036163330078125
1768576251880725500,17.4527255859375,-0.0722503662109375,-0.03466796875,1.0034637451171875
1768576251890724600,17.462724609375,-0.0760955810546875,-0.037628173828125,0.9934539794921875
1768576251900724700,17.472724853515626,-0.076141357421875,-0.038330078125,0.9986724853515625
1768576251910724600,17.482724609375,-0.0701904296875,-0.0381927490234375,0.9947357177734375
1768576251920724700,17.492724853515625,-0.0708770751953125,-0.0408935546875,0.9913177490234375
1768576251930724600,17.502724609375,-0.077606201171875,-0.036163330078125,0.996734619140625
1768576251940723700,17.5127236328125,-0.0761260986328125,-0.038848876953125,0.9909515380859375
1768576251950723600,17.5227236328125,-0.0793914794921875,-0.0357513427734375,0.999908447265625
1768576251960723700,17.5327236328125,-0.0671539306640625,-0.034759521484375,0.9953155517578125
1768576251970723600,17.5427236328125,-0.07293701171875,-0.037078857421875,1.00054931640625
1768576251980723700,17.5527236328125,-0.0764923095703125,-0.04083251953125,1.0006561279296875
1768576251990722600,17.56272265625,-0.07843017578125,-0.041015625,0.9941864013671875
1768576252000722700,17.57272265625,-0.07562255859375,-0.039459228515625,0.9985504150390625
1768576252010722600,17.58272265625,-0.0729217529296875,-0.0413055419921875,0.9967041015625
1768576252020722700,17.59272265625,-0.0706787109375,-0.0415802001953125,0.998992919921875
1768576252030723000,17.60272314453125,-0.0621185302734375,-0.0442962646484375,1.0051422119140625
1768576252040722200,17.61272216796875,-0.065032958984375,-0.0430145263671875,1.0152435302734375
1768576252050722000,17.62272216796875,-0.078521728515625,-0.0457305908203125,1.0055084228515625
1768576252060722200,17.63272216796875,-0.0679779052734375,-0.0402069091796875,0.988372802734375
1768576252070722000,17.64272216796875,-0.0786895751953125,-0.0349273681640625,0.9862213134765625
1768576252080722200,17.65272216796875,-0.076080322265625,-0.032318115234375,0.9850616455078125
1768576252090721000,17.662720947265626,-0.071319580078125,-0.0302581787109375,0.9969635009765625
1768576252100721200,17.67272119140625,-0.0681304931640625,-0.033355712890625,0.998199462890625
1768576252110721000,17.682720947265626,-0.06207275390625,-0.0339508056640625,0.9941558837890625
1768576252120721200,17.69272119140625,-0.0593719482421875,-0.038818359375,0.9934234619140625
1768576252130721000,17.702720947265625,-0.06134033203125,-0.0423736572265625,1.0093841552734375
1768576252140720000,17.71272021484375,-0.069854736328125,-0.045318603515625,1.0195159912109375
1768576252150720000,17.722719970703125,-0.0674591064453125,-0.0457305908203125,1.0184478759765625
1768576252160720100,17.73272021484375,-0.0699310302734375,-0.04681396484375,1.0058746337890625
1768576252170720000,17.742719970703124,-0.0757904052734375,-0.045379638671875,0.997222900390625
1768576252180720000,17.75272021484375,-0.086029052734375,-0.0460968017578125,0.9972381591796875
1768576252190719200,17.76271923828125,-0.07550048828125,-0.0444793701171875,0.991424560546875
1768576252200719000,17.772718994140625,-0.075164794921875,-0.038848876953125,0.988525390625
1768576252210719200,17.78271923828125,-0.080780029296875,-0.0345916748046875,0.9840850830078125
1768576252220719000,17.792718994140625,-0.0851287841796875,-0.0386505126953125,0.98699951171875
1768576252230719000,17.802718994140626,-0.0742645263671875,-0.0385589599609375,0.9926605224609375
1768576252240718000,17.812718017578124,-0.0702056884765625,-0.029998779296875,0.993988037109375
1768576252250718200,17.82271826171875,-0.0771636962890625,-0.0312347412109375,0.9979705810546875
1768576252260718000,17.832718017578124,-0.07366943359375,-0.0373077392578125,1.0058441162109375
1768576252270718200,17.84271826171875,-0.073822021484375,-0.04205322265625,1.0060577392578125
1768576252280718000,17.852718017578123,-0.074859619140625,-0.0425567626953125,1.003021240234375
1768576252290717200,17.86271728515625,-0.074462890625,-0.041290283203125,1.0000457763671875
1768576252300717000,17.872717041015626,-0.078338623046875,-0.0453338623046875,0.9995574951171875
1768576252310717200,17.88271728515625,-0.0689239501953125,-0.0425872802734375,1.002105712890625
1768576252320717000,17.892717041015626,-0.0678863525390625,-0.0456695556640625,0.995391845703125
1768576252330717200,17.90271728515625,-0.0706634521484375,-0.0392608642578125,0.992950439453125
1768576252340716000,17.912716064453125,-0.073394775390625,-0.0330352783203125,0.99298095703125
1768576252350716200,17.922716064453127,-0.0795745849609375,-0.03326416015625,0.995452880859375
1768576252360716000,17.932716064453125,-0.0744476318359375,-0.034881591796875,0.997406005859375
1768576252370716200,17.942716064453126,-0.07525634765625,-0.036834716796875,0.9975128173828125
1768576252380716000,17.952716064453124,-0.0758209228515625,-0.0366058349609375,0.992034912109375
1768576252390715100,17.962715087890626,-0.0723876953125,-0.037109375,0.9881744384765625
1768576252400715000,17.972715087890624,-0.07318115234375,-0.03985595703125,0.997039794921875
1768576252410715100,17.982715087890625,-0.0721588134765625,-0.0425872802734375,1.0044403076171875
1768576252420715000,17.992715087890623,-0.0712738037109375,-0.0436248779296875,1.007537841796875
1768576252430715100,18.002715087890625,-0.06842041015625,-0.0426177978515625,1.0033111572265625
1768576252440714200,18.01271435546875,-0.0689239501953125,-0.04229736328125,0.9999542236328125
1768576252450714000,18.022714111328124,-0.065948486328125,-0.0418701171875,1.0014801025390625
1768576252460714000,18.0327138671875,-0.0683746337890625,-0.043365478515625,0.99871826171875
1768576252470714000,18.042714111328124,-0.0706329345703125,-0.0391387939453125,1.000396728515625
1768576252480714000,18.0527138671875,-0.0546875,-0.0366058349609375,0.9981842041015625
1768576252490713000,18.062713134765627,-0.0964202880859375,-0.04132080078125,1.0025482177734375
1768576252500713200,18.072713134765625,-0.06793212890625,-0.0465545654296875,0.9952392578125
1768576252510713000,18.082713134765626,-0.0529022216796875,-0.037384033203125,0.9970245361328125
1768576252520713200,18.092713134765624,-0.0683135986328125,-0.0382537841796875,0.9958343505859375
1768576252530713000,18.102713134765626,-0.066131591796875,-0.035980224609375,0.99591064453125
1768576252540712200,18.112712158203124,-0.072265625,-0.03790283203125,0.99493408203125
1768576252550712000,18.122712158203125,-0.06903076171875,-0.040008544921875,0.9994964599609375
1768576252560712200,18.132712158203127,-0.064117431640625,-0.038177490234375,1.0016021728515625
1768576252570712000,18.142712158203125,-0.0662994384765625,-0.038421630859375,0.9965057373046875
1768576252580712200,18.152712158203126,-0.0682830810546875,-0.0399017333984375,0.9936370849609375
1768576252590711000,18.1627109375,-0.06365966796875,-0.0406341552734375,0.9928131103515625
1768576252600711200,18.172711181640626,-0.0602264404296875,-0.042266845703125,0.9987945556640625
1768576252610711000,18.1827109375,-0.06341552734375,-0.044677734375,0.99945068359375
1768576252620711200,18.192711181640625,-0.06243896484375,-0.0444488525390625,1.001495361328125
1768576252630711000,18.2027109375,-0.0637969970703125,-0.043792724609375,0.9957427978515625
1768576252640710100,18.212710205078125,-0.06719970703125,-0.0417327880859375,0.99676513671875
1768576252650710000,18.2227099609375,-0.0688629150390625,-0.0379791259765625,0.9977264404296875
1768576252660710100,18.232710205078124,-0.0675506591796875,-0.039093017578125,0.998626708984375
1768576252670710000,18.2427099609375,-0.0662994384765625,-0.0391082763671875,1.00018310546875
1768576252680710100,18.252710205078124,-0.0645599365234375,-0.039947509765625,1.00006103515625
1768576252690709000,18.262708984375,-0.06512451171875,-0.040557861328125,1.0009918212890625
1768576252700709000,18.272709228515627,-0.06298828125,-0.0416412353515625,0.999725341796875
1768576252710709000,18.282708984375,-0.066070556640625,-0.039886474609375,0.9994049072265625
1768576252720709000,18.292709228515626,-0.062774658203125,-0.039703369140625,0.9970855712890625
1768576252730709000,18.302708984375,-0.0622711181640625,-0.0402984619140625,0.997406005859375
1768576252740708000,18.3127080078125,-0.059539794921875,-0.043304443359375,1.00006103515625
1768576252750708200,18.322708251953124,-0.061737060546875,-0.0438995361328125,1.000335693359375
1768576252760708000,18.3327080078125,-0.062225341796875,-0.047119140625,1.0005340576171875
1768576252770708000,18.3427080078125,-0.0616607666015625,-0.0438079833984375,1.00360107421875
1768576252780708000,18.3527080078125,-0.0552825927734375,-0.04193115234375,1.006866455078125
1768576252790707200,18.362707275390626,-0.0541229248046875,-0.0389251708984375,0.9993133544921875
1768576252800707000,18.37270703125,-0.063812255859375,-0.037353515625,0.99652099609375
1768576252810707200,18.382707275390626,-0.0644073486328125,-0.035369873046875,0.99462890625
1768576252820707000,18.39270703125,-0.0645294189453125,-0.0367279052734375,0.9958038330078125
1768576252830707200,18.402707275390625,-0.0631866455078125,-0.037445068359375,0.994781494140625
1768576252840706000,18.4127060546875,-0.06463623046875,-0.0354156494140625,0.9917144775390625
1768576252850706200,18.4227060546875,-0.061370849609375,-0.037109375,0.9966583251953125
1768576252860706000,18.4327060546875,-0.05596923828125,-0.0393829345703125,1.000152587890625
1768576252870706200,18.4427060546875,-0.0560455322265625,-0.041351318359375,0.9953460693359375
1768576252880706000,18.4527060546875,-0.0605926513671875,-0.0393524169921875,0.9978485107421875
1768576252890705200,18.462705078125,-0.062896728515625,-0.0391845703125,1.0007476806640625
1768576252900705000,18.472705078125,-0.06060791015625,-0.039459228515625,1.0003814697265625
1768576252910705200,18.482705078125,-0.060516357421875,-0.039947509765625,0.9973907470703125
1768576252920705000,18.492705078125,-0.0590667724609375,-0.039764404296875,0.9997406005859375
1768576252930705200,18.502705078125,-0.06011962890625,-0.0396575927734375,0.996124267578125
1768576252940704000,18.5127041015625,-0.058258056640625,-0.0394134521484375,1.001190185546875
1768576252950704000,18.5227041015625,-0.051300048828125,-0.03857421875,1.0114288330078125
1768576252960704000,18.5327041015625,-0.0556793212890625,-0.03900146484375,1.006256103515625
1768576252970704100,18.5427041015625,-0.0598602294921875,-0.039886474609375,1.0048828125
1768576252980704000,18.5527041015625,-0.05908203125,-0.0367279052734375,0.999603271484375
1768576252990703000,18.562703125,-0.053375244140625,-0.0379180908203125,0.9880218505859375
1768576253000703000,18.572702880859374,-0.064453125,-0.0444793701171875,1.0027313232421875
1768576253010703000,18.582703125,-0.0552825927734375,-0.0460662841796875,0.997161865234375
1768576253020703000,18.592702880859374,-0.0631256103515625,-0.043792724609375,0.9975433349609375
1768576253030703900,18.602703857421876,-0.0620880126953125,-0.0406494140625,0.99774169921875
1768576253040702700,18.61270263671875,-0.06298828125,-0.037933349609375,0.995391845703125
1768576253050702800,18.622702880859375,-0.0584259033203125,-0.0382080078125,0.9960479736328125
1768576253060702700,18.63270263671875,-0.0582122802734375,-0.034942626953125,0.9999237060546875
1768576253070702800,18.642702880859375,-0.0570526123046875,-0.0349578857421875,1.0001678466796875
1768576253080702700,18.65270263671875,-0.05267333984375,-0.035888671875,1.0045166015625
1768576253090701800,18.662701904296874,-0.0536041259765625,-0.0379486083984375,1.007476806640625
1768576253100701700,18.67270166015625,-0.0523529052734375,-0.04022216796875,1.0085601806640625
1768576253110701800,18.682701904296874,-0.0563812255859375,-0.0416259765625,1.005950927734375
1768576253120701700,18.69270166015625,-0.0572967529296875,-0.042938232421875,1.0026702880859375
1768576253130701800,18.702701904296877,-0.0568084716796875,-0.042816162109375,0.99737548828125
1768576253140701000,18.712700927734375,-0.0579376220703125,-0.0406341552734375,0.9937591552734375
1768576253150700800,18.72270068359375,-0.060089111328125,-0.0409393310546875,0.9952392578125
1768576253160700700,18.73270068359375,-0.0567169189453125,-0.040130615234375,0.9936065673828125
1768576253170700800,18.74270068359375,-0.055206298828125,-0.038421630859375,0.992401123046875
1768576253180700700,18.75270068359375,-0.053863525390625,-0.0389556884765625,0.996612548828125
1768576253190699800,18.76269970703125,-0.0520172119140625,-0.0395355224609375,1.001434326171875
1768576253200700000,18.772699951171877,-0.0520477294921875,-0.0393218994140625,1.0034027099609375
1768576253210699800,18.78269970703125,-0.052947998046875,-0.041351318359375,1.0029144287109375
1768576253220700000,18.792699951171876,-0.0563201904296875,-0.040863037109375,1.001922607421875
1768576253230699800,18.80269970703125,-0.0544891357421875,-0.041656494140625,1.00250244140625
1768576253240699000,18.812698974609376,-0.0557403564453125,-0.0404052734375,1.0001983642578125
1768576253250698800,18.82269873046875,-0.0583953857421875,-0.0406341552734375,0.998748779296875
1768576253260699000,18.832698974609375,-0.0574798583984375,-0.0411376953125,0.9982452392578125
1768576253270698800,18.84269873046875,-0.05633544921875,-0.0406646728515625,0.9962921142578125
1768576253280699000,18.852698974609375,-0.0559844970703125,-0.0387725830078125,0.9948883056640625
1768576253290697700,18.86269775390625,-0.056182861328125,-0.0378875732421875,0.9965972900390625
1768576253300697900,18.87269775390625,-0.0569610595703125,-0.037841796875,0.9962310791015625
1768576253310697700,18.88269775390625,-0.0520782470703125,-0.0410308837890625,0.999420166015625
1768576253320697900,18.89269775390625,-0.0517578125,-0.042877197265625,1.0008087158203125
1768576253330697700,18.90269775390625,-0.0569305419921875,-0.042999267578125,0.9981689453125
1768576253340696800,18.91269677734375,-0.05743408203125,-0.0444793701171875,1.00067138671875
1768576253350696700,18.92269677734375,-0.0584259033203125,-0.0421600341796875,1.0024871826171875
1768576253360696800,18.93269677734375,-0.0604705810546875,-0.038726806640625,1.0009307861328125
1768576253370696700,18.94269677734375,-0.0614776611328125,-0.0372314453125,1.000030517578125
1768576253380696800,18.95269677734375,-0.059600830078125,-0.0359954833984375,0.997833251953125
1768576253390696000,18.962696044921874,-0.05560302734375,-0.037994384765625,0.9989471435546875
1768576253400695800,18.97269580078125,-0.054779052734375,-0.0395965576171875,1.000030517578125
1768576253410695700,18.98269580078125,-0.0556793212890625,-0.0405120849609375,0.9979400634765625
1768576253420695800,18.99269580078125,-0.0521240234375,-0.041290283203125,0.9981689453125
1768576253430695700,19.00269580078125,-0.05230712890625,-0.0437469482421875,0.9979095458984375
1768576253440694800,19.01269482421875,-0.05499267578125,-0.0412139892578125,0.9985504150390625
1768576253450695000,19.02269482421875,-0.0574798583984375,-0.0408782958984375,0.998748779296875
1768576253460694800,19.03269482421875,-0.0557098388671875,-0.044097900390625,1.0004119873046875
1768576253470694700,19.042694580078123,-0.0545654296875,-0.0447235107421875,1.0001983642578125
1768576253480694800,19.05269482421875,-0.056793212890625,-0.043701171875,1.00030517578125
1768576253490694000,19.06269384765625,-0.0522003173828125,-0.0428924560546875,1.0028839111328125
1768576253500693800,19.07269384765625,-0.0511932373046875,-0.0413970947265625,1.0036773681640625
1768576253510694000,19.08269384765625,-0.054656982421875,-0.039398193359375,1.0015716552734375
1768576253520693800,19.09269384765625,-0.055511474609375,-0.04205322265625,0.99920654296875
1768576253530694000,19.10269384765625,-0.057952880859375,-0.038238525390625,0.9999847412109375
1768576253540692700,19.112692626953127,-0.060760498046875,-0.038177490234375,0.9957275390625
1768576253550692900,19.12269287109375,-0.057830810546875,-0.038665771484375,0.998077392578125
1768576253560692700,19.132692626953126,-0.0567169189453125,-0.0393829345703125,0.997283935546875
1768576253570692900,19.14269287109375,-0.054718017578125,-0.0411224365234375,0.996307373046875
1768576253580692700,19.152692626953126,-0.0520477294921875,-0.0396270751953125,1.001129150390625
1768576253590691800,19.16269189453125,-0.054168701171875,-0.0396881103515625,1.0003509521484375
1768576253600691700,19.172691650390625,-0.0549163818359375,-0.0418243408203125,1.00152587890625
1768576253610691800,19.18269189453125,-0.0545196533203125,-0.04095458984375,1.00103759765625
1768576253620691700,19.192691650390625,-0.0564422607421875,-0.0416107177734375,1.0015869140625
1768576253630690800,19.20269091796875,-0.0544281005859375,-0.04193115234375,1.0018157958984375
1768576253640690700,19.212690673828124,-0.05438232421875,-0.0396881103515625,0.9973297119140625
1768576253650690800,19.22269091796875,-0.05438232421875,-0.041412353515625,0.997802734375
1768576253660690700,19.232690673828124,-0.052886962890625,-0.0423126220703125,0.9990234375
1768576253670690800,19.24269091796875,-0.0549468994140625,-0.0439605712890625,1.0001678466796875
1768576253680690000,19.25268994140625,-0.0544891357421875,-0.04376220703125,0.9985809326171875
1768576253690689800,19.262689697265625,-0.05682373046875,-0.0416412353515625,0.9985809326171875
1768576253700690000,19.27268994140625,-0.0558319091796875,-0.0407867431640625,0.9985809326171875
1768576253710689800,19.282689697265624,-0.05499267578125,-0.0399169921875,0.9982452392578125
1768576253720689700,19.292689697265626,-0.0542144775390625,-0.040771484375,0.9993133544921875
1768576253730689800,19.302689697265624,-0.0547637939453125,-0.0428009033203125,1.0000457763671875
1768576253740689000,19.31268896484375,-0.0555572509765625,-0.0428466796875,1.0004730224609375
1768576253750688800,19.322688720703123,-0.0541839599609375,-0.0431976318359375,1.0013885498046875
1768576253760689000,19.33268896484375,-0.05426025390625,-0.0401763916015625,1.0007781982421875
1768576253770688800,19.342688720703126,-0.055145263671875,-0.0410614013671875,0.998809814453125
1768576253780688000,19.35268798828125,-0.056640625,-0.0406646728515625,0.99755859375
1768576253790687700,19.362687744140626,-0.0576629638671875,-0.038909912109375,0.9963836669921875
1768576253800687900,19.37268798828125,-0.0558013916015625,-0.037689208984375,0.9998779296875
1768576253810687700,19.382687744140625,-0.0579681396484375,-0.0387420654296875,1.0001220703125
1768576253820688000,19.39268798828125,-0.059967041015625,-0.04150390625,1.0006103515625
1768576253830686700,19.402686767578125,-0.056793212890625,-0.0391082763671875,0.99969482421875
1768576253840686800,19.412686767578126,-0.055419921875,-0.0405731201171875,0.997772216796875
1768576253850686700,19.422686767578124,-0.05474853515625,-0.041778564453125,0.9966583251953125
1768576253860686800,19.432686767578126,-0.054443359375,-0.0418853759765625,0.9968719482421875
1768576253870686700,19.442686767578124,-0.056396484375,-0.042694091796875,0.9993896484375
1768576253880685800,19.452685791015625,-0.05755615234375,-0.040802001953125,0.9990692138671875
1768576253890685700,19.462685791015623,-0.055267333984375,-0.043182373046875,1.001861572265625
1768576253900685800,19.472685791015625,-0.0577850341796875,-0.043304443359375,1.00140380859375
1768576253910685700,19.482685791015626,-0.0591278076171875,-0.0404205322265625,1.0002288818359375
1768576253920685800,19.492685791015624,-0.0611114501953125,-0.0391082763671875,0.9981689453125
1768576253930685000,19.502684814453126,-0.05908203125,-0.0381622314453125,0.9959564208984375
1768576253940684800,19.512684814453124,-0.0559539794921875,-0.0366973876953125,0.9976959228515625
1768576253950684700,19.5226845703125,-0.0535125732421875,-0.037445068359375,0.99871826171875
1768576253960684800,19.532684814453123,-0.0541839599609375,-0.0395660400390625,0.9993743896484375
1768576253970684700,19.5426845703125,-0.0565643310546875,-0.0393524169921875,0.9993896484375
1768576253980683800,19.552683837890626,-0.060638427734375,-0.0414886474609375,0.9982147216796875
1768576253990684000,19.562683837890624,-0.062744140625,-0.041778564453125,0.9971923828125
1768576254000683800,19.572683837890626,-0.058624267578125,-0.0399627685546875,0.998809814453125
1768576254010683600,19.58268359375,-0.057373046875,-0.0406036376953125,1.0011749267578125
1768576254020683800,19.592683837890625,-0.056915283203125,-0.03973388671875,1.000518798828125
1768576254030682600,19.6026826171875,-0.0567779541015625,-0.0390625,1.0010833740234375
1768576254040682500,19.6126826171875,-0.054473876953125,-0.0395050048828125,1.0006561279296875
1768576254050682600,19.6226826171875,-0.056732177734375,-0.0410003662109375,0.9998321533203125
1768576254060682500,19.6326826171875,-0.0556640625,-0.0418853759765625,0.99957275390625
1768576254070682600,19.6426826171875,-0.056732177734375,-0.0413360595703125,1.0007171630859375
1768576254080681500,19.652681396484375,-0.0566558837890625,-0.0382537841796875,1.002349853515625
1768576254090681600,19.662681640625,-0.06072998046875,-0.0375213623046875,1.000091552734375
1768576254100681500,19.672681396484375,-0.0628204345703125,-0.03851318359375,0.9962615966796875
1768576254110681600,19.682681640625,-0.060089111328125,-0.0386810302734375,0.9970550537109375
1768576254120681500,19.692681396484375,-0.0558319091796875,-0.040771484375,1.001190185546875
1768576254130680600,19.7026806640625,-0.0547027587890625,-0.0407562255859375,1.0008544921875
1768576254140680400,19.712680419921874,-0.05615234375,-0.0378570556640625,0.9968719482421875
1768576254150680600,19.7226806640625,-0.0530853271484375,-0.0378570556640625,0.9978485107421875
1768576254160680400,19.732680419921873,-0.05718994140625,-0.039306640625,1.0002593994140625
1768576254170680600,19.7426806640625,-0.05902099609375,-0.0426177978515625,1.000030517578125
1768576254180679700,19.7526796875,-0.060211181640625,-0.041748046875,0.9991302490234375
1768576254190679600,19.762679443359374,-0.0590362548828125,-0.0423431396484375,0.9999237060546875
1768576254200679400,19.772679443359376,-0.0592803955078125,-0.041107177734375,1.002349853515625
1768576254210679600,19.782679443359374,-0.0566558837890625,-0.04022216796875,1.0029296875
1768576254220679400,19.792679443359376,-0.0550689697265625,-0.036346435546875,1.0012969970703125
1768576254230678500,19.802678466796873,-0.0578460693359375,-0.035675048828125,0.9993896484375
1768576254240678700,19.8126787109375,-0.062469482421875,-0.035369873046875,0.99749755859375
1768576254250678500,19.822678466796877,-0.065521240234375,-0.03521728515625,0.9994659423828125
1768576254260678700,19.8326787109375,-0.0641632080078125,-0.037200927734375,1.0000152587890625
1768576254270678800,19.8426787109375,-0.063262939453125,-0.039031982421875,0.9991912841796875
1768576254280677600,19.852677734375,-0.0624237060546875,-0.037322998046875,0.99603271484375
1768576254290677500,19.862677490234375,-0.060821533203125,-0.0367584228515625,0.995391845703125
1768576254300677600,19.872677734375,-0.058624267578125,-0.0382232666015625,0.9975433349609375
1768576254310677500,19.882677490234375,-0.0577545166015625,-0.0401763916015625,0.999053955078125
1768576254320677600,19.892677734375,-0.0607452392578125,-0.040374755859375,0.9973907470703125
1768576254330676500,19.902676513671874,-0.0604095458984375,-0.0411376953125,0.99957275390625
1768576254340676600,19.912676513671876,-0.058197021484375,-0.03912353515625,0.9993438720703125
1768576254350676500,19.922676513671874,-0.0599822998046875,-0.0379180908203125,0.998443603515625
1768576254360676600,19.932676513671876,-0.0600738525390625,-0.0355987548828125,0.998260498046875
1768576254370676700,19.9426767578125,-0.056396484375,-0.0373687744140625,1.001251220703125
1768576254380675600,19.952675537109375,-0.057891845703125,-0.0399169921875,1.0005340576171875
1768576254390675500,19.962675537109376,-0.05792236328125,-0.0404510498046875,1.0009307861328125
1768576254400675600,19.972675537109374,-0.0586395263671875,-0.04010009765625,0.999237060546875
1768576254410675500,19.982675537109376,-0.060272216796875,-0.039520263671875,0.9968719482421875
1768576254420675800,19.99267578125,-0.0601654052734375,-0.03900146484375,0.997283935546875
1768576254430674400,20.00267431640625,-0.060821533203125,-0.0374908447265625,1.0013885498046875
1768576254440674600,20.012674560546873,-0.0591583251953125,-0.039886474609375,1.0008697509765625
1768576254450674400,20.02267431640625,-0.0587615966796875,-0.040313720703125,1.0006561279296875
1768576254460674600,20.032674560546877,-0.057373046875,-0.041229248046875,0.999786376953125
1768576254470674700,20.0426748046875,-0.059814453125,-0.04052734375,0.99908447265625
1768576254480673500,20.052673583984376,-0.061920166015625,-0.0392608642578125,0.9973297119140625
1768576254490673700,20.062673583984374,-0.06146240234375,-0.0377960205078125,0.9985198974609375
1768576254500673500,20.072673583984376,-0.0597381591796875,-0.0370941162109375,0.99932861328125
1768576254510673400,20.08267333984375,-0.061309814453125,-0.03594970703125,0.9981689453125
1768576254520673800,20.092673828125,-0.0640106201171875,-0.0359649658203125,0.9957275390625
1768576254530672600,20.102672607421876,-0.061920166015625,-0.0370635986328125,0.9983673095703125
1768576254540672500,20.112672607421874,-0.059478759765625,-0.03900146484375,0.99859619140625
1768576254550672600,20.122672607421876,-0.063934326171875,-0.0395355224609375,0.9989013671875
1768576254560672500,20.132672607421874,-0.063262939453125,-0.04034423828125,0.99884033203125
1768576254570672600,20.142672607421876,-0.0613555908203125,-0.0413055419921875,0.9990692138671875
1768576254580671500,20.15267138671875,-0.057586669921875,-0.04083251953125,0.998870849609375
1768576254590671600,20.162671630859375,-0.058135986328125,-0.0407257080078125,1.0011444091796875
1768576254600671500,20.17267138671875,-0.0579071044921875,-0.0396575927734375,1.0011444091796875
1768576254610671600,20.182671630859375,-0.06005859375,-0.03753662109375,0.9987335205078125
1768576254620671700,20.192671630859376,-0.0638580322265625,-0.036773681640625,0.9988250732421875
1768576254630670600,20.202670654296874,-0.0639190673828125,-0.0352783203125,0.99774169921875
1768576254640670500,20.21267041015625,-0.06097412109375,-0.0366668701171875,0.9955291748046875
1768576254650670600,20.222670654296873,-0.06036376953125,-0.0363006591796875,0.9964141845703125
1768576254660670700,20.232670654296875,-0.0582275390625,-0.0369110107421875,1.0003204345703125
1768576254670670800,20.2426708984375,-0.0584259033203125,-0.0375823974609375,1.0001373291015625
1768576254680669400,20.25266943359375,-0.0612335205078125,-0.0377349853515625,0.9997100830078125
1768576254690669600,20.262669677734376,-0.0588531494140625,-0.0380859375,1.0029754638671875
1768576254700669400,20.27266943359375,-0.0584259033203125,-0.0401153564453125,1.00274658203125
1768576254710669800,20.282669921875,-0.0606842041015625,-0.0391693115234375,1.00006103515625
1768576254720669700,20.292669677734374,-0.0636138916015625,-0.039031982421875,0.9997711181640625
1768576254730668500,20.30266845703125,-0.061248779296875,-0.0388336181640625,0.9987640380859375
1768576254740668400,20.31266845703125,-0.0613250732421875,-0.03924560546875,0.9965972900390625
1768576254750668500,20.32266845703125,-0.0619964599609375,-0.0385284423828125,0.9957733154296875
1768576254760668700,20.332668701171876,-0.0621795654296875,-0.0366363525390625,0.9941558837890625
1768576254770668800,20.342668701171874,-0.0598602294921875,-0.0370025634765625,0.99493408203125
1768576254780667600,20.352667724609375,-0.0609283447265625,-0.038482666015625,0.9984588623046875
1768576254790667500,20.36266748046875,-0.0623016357421875,-0.039306640625,1.0010833740234375
1768576254800667600,20.372667724609375,-0.0630035400390625,-0.0385284423828125,0.99945068359375
1768576254810667800,20.382667724609377,-0.0643768310546875,-0.0355377197265625,0.999481201171875
1768576254820667600,20.392667724609375,-0.0639495849609375,-0.0366058349609375,0.9998779296875
1768576254830666500,20.40266650390625,-0.0597381591796875,-0.0374755859375,0.9993896484375
1768576254840666600,20.41266650390625,-0.0597381591796875,-0.039581298828125,0.9994354248046875
1768576254850666500,20.42266650390625,-0.0593719482421875,-0.039520263671875,1.0001220703125
1768576254860666600,20.43266650390625,-0.0546417236328125,-0.0403900146484375,0.99810791015625
1768576254870666800,20.442666748046875,-0.0585479736328125,-0.0395050048828125,0.9965972900390625
1768576254880665600,20.45266552734375,-0.0622406005859375,-0.040008544921875,0.9959564208984375
1768576254890665500,20.46266552734375,-0.061981201171875,-0.0389251708984375,0.99603271484375
1768576254900665600,20.47266552734375,-0.0614166259765625,-0.0400543212890625,0.9992523193359375
1768576254910665700,20.482665771484374,-0.060455322265625,-0.041900634765625,1.0038909912109375
1768576254920665900,20.492665771484376,-0.060516357421875,-0.0407562255859375,1.0076751708984375
1768576254930664400,20.50266455078125,-0.0598602294921875,-0.040252685546875,1.006561279296875
1768576254940664600,20.51266455078125,-0.0592041015625,-0.0390472412109375,1.0038909912109375
1768576254950664400,20.52266455078125,-0.0612945556640625,-0.0363006591796875,0.9993896484375
1768576254960664800,20.532664794921875,-0.064483642578125,-0.034820556640625,0.997528076171875
1768576254970664700,20.542664794921876,-0.0634307861328125,-0.034942626953125,0.99835205078125
1768576254980663600,20.55266357421875,-0.0655670166015625,-0.036651611328125,0.9962310791015625
1768576254990663400,20.562663330078124,-0.0651092529296875,-0.037506103515625,0.9940643310546875
1768576255000663800,20.572663818359374,-0.06103515625,-0.0383148193359375,0.9970550537109375
1768576255010663700,20.58266357421875,-0.058868408203125,-0.03863525390625,0.99542236328125
1768576255020663800,20.592663818359377,-0.0600128173828125,-0.038177490234375,0.9952545166015625
1768576255030662700,20.60266259765625,-0.0573272705078125,-0.0373382568359375,0.9990386962890625
1768576255040662500,20.61266259765625,-0.05633544921875,-0.0400390625,1.0016632080078125
1768576255050662400,20.622662353515626,-0.0623779296875,-0.0391387939453125,0.999420166015625
1768576255060662500,20.63266259765625,-0.064056396484375,-0.0387115478515625,1.00213623046875
1768576255070662400,20.642662353515625,-0.062225341796875,-0.03936767578125,1.00103759765625
1768576255080661500,20.65266162109375,-0.0639801025390625,-0.0382537841796875,1.0006561279296875
1768576255090661600,20.66266162109375,-0.0619049072265625,-0.03753662109375,0.999267578125
1768576255100661500,20.67266162109375,-0.0588531494140625,-0.0382232666015625,0.9993133544921875
1768576255110661600,20.68266162109375,-0.05810546875,-0.0402984619140625,0.9976043701171875
1768576255120661500,20.69266162109375,-0.058837890625,-0.0405120849609375,0.9981842041015625
1768576255130661400,20.702661376953124,-0.05853271484375,-0.040130615234375,0.99560546875
1768576255140660500,20.712660400390625,-0.06170654296875,-0.0393218994140625,0.9981536865234375
1768576255150660600,20.72266064453125,-0.062042236328125,-0.0378265380859375,0.999755859375
1768576255160660500,20.732660400390625,-0.062530517578125,-0.03875732421875,0.9987030029296875
1768576255170660600,20.74266064453125,-0.0608673095703125,-0.0393524169921875,0.9994049072265625
1768576255180660500,20.752660400390624,-0.058441162109375,-0.0378570556640625,0.9984588623046875
1768576255190659600,20.76265966796875,-0.0577392578125,-0.0393218994140625,0.9984588623046875
1768576255200659500,20.772659423828124,-0.0600128173828125,-0.04095458984375,0.998931884765625
1768576255210659600,20.78265966796875,-0.05987548828125,-0.03936767578125,0.9984588623046875
1768576255220659500,20.792659423828123,-0.0610504150390625,-0.0376129150390625,1.0015106201171875
1768576255230659600,20.80265966796875,-0.0612945556640625,-0.038482666015625,1.0045928955078125
1768576255240658400,20.812658447265626,-0.062530517578125,-0.035247802734375,0.998291015625
1768576255250658600,20.822658447265624,-0.0613250732421875,-0.0360260009765625,0.9981689453125
1768576255260658400,20.832658447265626,-0.0610198974609375,-0.0364532470703125,1.001861572265625
1768576255270658600,20.842658447265624,-0.0612030029296875,-0.0373687744140625,1.00048828125
1768576255280658400,20.852658447265625,-0.0615234375,-0.038299560546875,0.9993743896484375
1768576255290657500,20.862657470703127,-0.05889892578125,-0.0418853759765625,0.9976959228515625
1768576255300657400,20.872657470703125,-0.0594329833984375,-0.0425567626953125,0.994873046875
1768576255310657500,20.882657470703126,-0.0607147216796875,-0.041534423828125,0.996612548828125
1768576255320657400,20.892657470703124,-0.060638427734375,-0.041168212890625,0.997344970703125
1768576255330657500,20.902657470703126,-0.06256103515625,-0.039459228515625,0.997650146484375
1768576255340656600,20.91265673828125,-0.0608062744140625,-0.037567138671875,0.99957275390625
1768576255350656500,20.922656494140625,-0.0601806640625,-0.0370330810546875,1.000579833984375
1768576255360656400,20.932656494140623,-0.06005859375,-0.03729248046875,1.000579833984375
1768576255370656500,20.942656494140625,-0.0612335205078125,-0.03607177734375,1.0006561279296875
1768576255380656400,20.952656494140626,-0.057952880859375,-0.035430908203125,0.997039794921875
1768576255390655500,20.962655517578124,-0.0581207275390625,-0.035552978515625,0.9973907470703125
1768576255400655600,20.972655517578126,-0.0582122802734375,-0.036956787109375,0.9969329833984375
1768576255410655500,20.982655517578124,-0.0609283447265625,-0.0378265380859375,0.9977874755859375
1768576255420655600,20.992655517578125,-0.0627288818359375,-0.0369110107421875,0.9971923828125
1768576255430655500,21.002655517578123,-0.06182861328125,-0.038818359375,0.996673583984375
1768576255440654600,21.012654541015625,-0.059295654296875,-0.039031982421875,0.99853515625
1768576255450654500,21.022654541015626,-0.0593719482421875,-0.0399932861328125,0.9973297119140625
1768576255460654600,21.032654541015624,-0.0592803955078125,-0.03912353515625,0.999786376953125
1768576255470654500,21.042654541015626,-0.0572052001953125,-0.041290283203125,1.0028228759765625
1768576255480654600,21.052654541015624,-0.0587005615234375,-0.039825439453125,1.0011138916015625
1768576255490653400,21.0626533203125,-0.0589752197265625,-0.0392913818359375,1.0009002685546875
1768576255500653600,21.072653564453127,-0.0575103759765625,-0.0399627685546875,0.999969482421875
1768576255510653400,21.0826533203125,-0.0577545166015625,-0.037811279296875,0.9983978271484375
1768576255520653600,21.092653564453126,-0.059844970703125,-0.0376129150390625,0.9978790283203125
1768576255530653400,21.1026533203125,-0.0597686767578125,-0.0365753173828125,0.998992919921875
1768576255540652500,21.112652587890626,-0.059661865234375,-0.036102294921875,0.998565673828125
1768576255550652400,21.12265234375,-0.05987548828125,-0.03857421875,0.998809814453125
1768576255560652500,21.132652587890625,-0.0617828369140625,-0.0404815673828125,0.9998321533203125
1768576255570652400,21.14265234375,-0.0590057373046875,-0.040618896484375,1.000030517578125
1768576255580652500,21.152652587890625,-0.05816650390625,-0.04180908203125,0.998321533203125
1768576255590651400,21.1626513671875,-0.0583648681640625,-0.04119873046875,0.9986724853515625
1768576255600651500,21.172651611328124,-0.0565185546875,-0.038787841796875,1.0002899169921875
1768576255610651400,21.1826513671875,-0.0540008544921875,-0.03656005859375,0.9988555908203125
1768576255620651500,21.192651611328124,-0.058685302734375,-0.0370330810546875,0.998626708984375
1768576255630651400,21.2026513671875,-0.0603790283203125,-0.038726806640625,0.9986419677734375
1768576255640650500,21.212650390625,-0.0623931884765625,-0.0391387939453125,0.998504638671875
1768576255650650600,21.222650634765625,-0.062652587890625,-0.0395965576171875,0.9989776611328125
1768576255660650500,21.232650390625,-0.0587921142578125,-0.0407562255859375,1.0019378662109375
1768576255670650400,21.242650390625,-0.05523681640625,-0.0398101806640625,1.0045318603515625
1768576255680650500,21.252650390625,-0.0533294677734375,-0.0374755859375,1.00286865234375
1768576255690649600,21.262649658203124,-0.05499267578125,-0.0374298095703125,1.000396728515625
1768576255700649500,21.2726494140625,-0.06085205078125,-0.0355224609375,0.99786376953125
1768576255710649600,21.282649658203123,-0.06658935546875,-0.033660888671875,0.9961700439453125
1768576255720649500,21.2926494140625,-0.0658721923828125,-0.034393310546875,0.9985198974609375
1768576255730649300,21.3026494140625,-0.06103515625,-0.035888671875,0.99725341796875
1768576255740649500,21.3126494140625,-0.05853271484375,-0.035003662109375,0.9982147216796875
1768576255750648600,21.322648681640626,-0.0578155517578125,-0.036102294921875,0.9996185302734375
1768576255760648400,21.3326484375,-0.055908203125,-0.036163330078125,1.0001983642578125
1768576255770648600,21.342648681640625,-0.0555267333984375,-0.03582763671875,0.9994049072265625
1768576255780648400,21.3526484375,-0.057708740234375,-0.0374908447265625,1.00079345703125
1768576255790648600,21.362648681640625,-0.0584259033203125,-0.0374908447265625,0.9987945556640625
1768576255800647400,21.3726474609375,-0.0545501708984375,-0.038421630859375,0.99896240234375
1768576255810647600,21.3826474609375,-0.0615997314453125,-0.035980224609375,0.9988861083984375
1768576255820647400,21.3926474609375,-0.0601959228515625,-0.036224365234375,0.9994354248046875
1768576255830647600,21.4026474609375,-0.0540618896484375,-0.0360565185546875,0.9997406005859375
1768576255840647400,21.4126474609375,-0.056976318359375,-0.03729248046875,0.99652099609375
1768576255850646500,21.422646484375,-0.058807373046875,-0.03912353515625,0.99920654296875
1768576255860646400,21.432646484375,-0.05731201171875,-0.039398193359375,0.9991455078125
1768576255870646500,21.442646484375,-0.05804443359375,-0.03857421875,0.9983367919921875
1768576255880646400,21.452646484375,-0.0554962158203125,-0.038238525390625,0.998931884765625
1768576255890646500,21.462646484375,-0.05487060546875,-0.0378875732421875,0.999847412109375
1768576255900645400,21.472645263671875,-0.0579071044921875,-0.0404205322265625,0.9981842041015625
1768576255910645500,21.4826455078125,-0.0608062744140625,-0.0426483154296875,0.9959716796875
1768576255920645400,21.492645263671875,-0.054473876953125,-0.0440826416015625,1.000457763671875
1768576255930645500,21.5026455078125,-0.0538177490234375,-0.0345306396484375,0.9922637939453125
1768576255940645400,21.512645263671875,-0.0453643798828125,-0.0364990234375,1.0023345947265625
