time,seconds_elapsed,z,y,x
1768216519491300900,0.04630078125,0.0038128476589918137,0.014221812598407269,-0.014961106702685356
1768216519501302000,0.056302001953125,0.00010439591278554872,0.014030864462256432,-0.003686880227178335
1768216519511302000,0.066302001953125,-0.0010319749126210809,0.00956607423722744,-0.00028575718170031905
1768216519521303000,0.076302978515625,-0.007108509540557861,-0.00729333283379674,-0.005648031830787659
1768216519531304000,0.086303955078125,-0.009079781360924244,-0.015595471486449242,-0.010596717707812786
1768216519541303800,0.0963037109375,-0.009011338464915752,-0.014934208244085312,-0.011606855317950249
1768216519551304700,0.1063046875,-0.006885869428515434,-0.010602576658129692,-0.012164254672825336
1768216519561304800,0.116304931640625,-0.0038272286765277386,-0.013582920655608177,-0.013228453695774078
1768216519571306000,0.126305908203125,-0.0014170679496601224,-0.012731241062283516,-0.016946226358413696
1768216519581307000,0.136306884765625,-0.0018671422731131315,-0.007729026023298502,-0.01810922846198082
1768216519591307000,0.14630712890625,-0.0024549018125981092,-0.006697317585349083,-0.019040269777178764
1768216519601308000,0.156307861328125,0.0009805759182199836,-0.00047697214176878333,-0.019270634278655052
1768216519611308800,0.166308837890625,0.0005113269435241818,-0.0036250948905944824,-0.02269252948462963
1768216519621309000,0.176308837890625,0.0002961435238830745,-0.002670884132385254,-0.025423068553209305
1768216519631310000,0.18631005859375,0.0018375811632722616,-0.006684534251689911,-0.023547669872641563
1768216519641311000,0.19631103515625,-0.00044288369826972485,-0.015306784771382809,-0.02214019000530243
1768216519651310800,0.206310791015625,0.0008197209681384265,-0.022051505744457245,-0.017911888659000397
1768216519661311700,0.216311767578125,0.00019148127466905862,-0.034818701446056366,-0.012736301869153976
1768216519671313000,0.22631298828125,-0.0017038905061781406,-0.03802860900759697,-0.016708405688405037
1768216519681312800,0.236312744140625,-0.005771336145699024,-0.03567250818014145,-0.01564207673072815
1768216519691314000,0.24631396484375,-0.010953581891953945,-0.03340935707092285,-0.015326225198805332
1768216519701314000,0.25631396484375,-0.015293735079467297,-0.037577468901872635,-0.02002537250518799
1768216519711315000,0.26631494140625,-0.01477388571947813,-0.0473395511507988,-0.028089158236980438
1768216519721315800,0.27631591796875,-0.015808790922164917,-0.053133524954319,-0.02791738510131836
1768216519731316000,0.28631591796875,-0.013068663887679577,-0.05989156290888786,-0.025489114224910736
1768216519741316900,0.29631689453125,-0.007699464913457632,-0.05525260418653488,-0.033252228051424026
1768216519751318000,0.306318115234375,-0.004216316621750593,-0.050279416143894196,-0.03825684264302254
1768216519761318000,0.31631787109375,0.00002956108801299706,-0.04384894669055939,-0.04043211042881012
1768216519771319000,0.326319091796875,0.002237321576103568,-0.039675772190093994,-0.03237365186214447
1768216519781320000,0.33631982421875,0.0036770266015082598,-0.03160053491592407,-0.02171488292515278
1768216519791319800,0.34631982421875,0.002222407842054963,-0.031622108072042465,-0.01810390315949917
1768216519801321000,0.356321044921875,0.0002777676854748279,-0.034801922738552094,-0.015133945271372795
1768216519811321000,0.366321044921875,-0.0018303906545042992,-0.03430471196770668,-0.01065237820148468
1768216519821322000,0.376322021484375,-0.0012503541074693203,-0.02532506361603737,-0.012920059263706207
1768216519831323000,0.386322998046875,-0.0041031320579349995,-0.02701537311077118,-0.014871624298393726
1768216519841323000,0.396322998046875,-0.008065915666520596,-0.021933527663350105,-0.017199493944644928
1768216519851324000,0.406323974609375,-0.009414274245500565,-0.01483513880521059,-0.02135961689054966
1768216519861325000,0.416324951171875,-0.009427856653928757,-0.009996441192924976,-0.020860539749264717
1768216519871325000,0.426324951171875,-0.01101296953856945,-0.013855627737939358,-0.023838220164179802
1768216519881326000,0.436326171875,-0.008712264709174633,-0.016568856313824654,-0.02191115729510784
1768216519891327000,0.446326904296875,-0.010263290256261826,-0.01161830686032772,-0.02255723997950554
1768216519901326800,0.456326904296875,-0.006779342889785767,-0.010279535315930843,-0.02557087317109108
1768216519911327700,0.46632763671875,-0.004348143003880978,-0.011303254403173923,-0.024160996079444885
1768216519921327900,0.476327880859375,-0.0022897860035300255,-0.01305375061929226,-0.02424168959259987
1768216519931329000,0.4863291015625,-0.005830724723637104,-0.00720624765381217,-0.023395603522658348
1768216519941330000,0.496329833984375,-0.0065532405860722065,-0.001671932521276176,-0.025857696309685707
1768216519951330000,0.506330078125,-0.010069145821034908,-0.0036818201187998056,-0.0200437493622303
1768216519961331000,0.5163310546875,-0.01076742634177208,-0.0038866172544658184,-0.017115870490670204
1768216519971331800,0.526331787109375,-0.009601227939128876,-0.013912620022892952,-0.022612901404500008
1768216519981331700,0.536331787109375,-0.008351407013833523,-0.014815431088209152,-0.021617410704493523
1768216519991333000,0.5463330078125,-0.006572415120899677,-0.010940265841782093,-0.017768343910574913
1768216520001334000,0.556333984375,-0.003498062025755644,-0.006019542925059795,-0.018184596672654152
1768216520011334000,0.566333984375,-0.004622182343155146,-0.006066148169338703,-0.01931537501513958
1768216520021334800,0.576334716796875,-0.0060054282657802105,-0.0030027141328901052,-0.012983709573745728
1768216520031336000,0.5863359375,-0.006569485645741224,0.0023699470330029726,-0.00893730204552412
1768216520041335800,0.596335693359375,-0.006551642436534166,0.006340453866869211,-0.007734352257102728
1768216520051337000,0.6063369140625,-0.0079761678352952,0.004832572303712368,-0.005821137689054012
1768216520061337000,0.616337158203125,-0.006624879315495491,0.007268831599503756,-0.004914331249892712
1768216520071338000,0.626337890625,-0.002570483135059476,0.013467871583998203,-0.008923985995352268
1768216520081339000,0.6363388671875,-0.0035625104792416096,0.021765749901533127,-0.01155838556587696
1768216520091338800,0.6463388671875,-0.0013872405979782343,0.022893598303198814,-0.010159959085285664
1768216520101340000,0.65633984375,-0.0034205641131848097,0.025110146030783653,-0.0060933125205338
1768216520111341000,0.666341064453125,-0.005559348501265049,0.02504143677651882,-0.003094326937571168
1768216520121341000,0.6763408203125,-0.004712463356554508,0.025562085211277008,-0.005608883686363697
1768216520131341800,0.686341796875,-0.0035241609439253807,0.021812088787555695,-0.010060623288154602
1768216520141343000,0.696343017578125,-0.00449994346126914,0.017767811194062233,-0.01395656168460846
1768216520151342800,0.7063427734375,-0.005143895745277405,0.019576897844672203,-0.011305385269224644
1768216520161343700,0.71634375,-0.005031510256230831,0.01961977407336235,-0.004959604702889919
1768216520171345000,0.726344970703125,-0.0033963292371481657,0.020688500255346298,-0.003581685246899724
1768216520181345000,0.736344970703125,-0.0010428938549011946,0.023385483771562576,-0.004986236337572336
1768216520191346000,0.746345947265625,-0.001253017340786755,0.022357236593961716,-0.004436293616890907
1768216520201346000,0.756345947265625,0.0009659285424277186,0.020001670345664024,-0.003734284546226263
1768216520211347000,0.766346923828125,-0.0020269318483769894,0.020919928327202797,-0.00455693481490016
1768216520221347800,0.776347900390625,-0.0027561055030673742,0.026439595967531204,-0.004375840071588755
1768216520231347700,0.78634765625,-0.0010508833220228553,0.02281104028224945,-0.001395230065099895
1768216520241348900,0.796348876953125,-0.000031158982892520726,0.017522001639008522,-0.003403519745916128
1768216520251350000,0.80635009765625,0.0005994775565341115,0.01937050186097622,-0.005154015496373177
1768216520261350000,0.816349853515625,0.00042637207661755383,0.018552113324403763,0.000598145998083055
1768216520271350800,0.826350830078125,0.0005483448621816933,0.017362479120492935,0.007685882970690727
1768216520281351700,0.8363515625,0.0024458470288664103,0.020987840369343758,0.004592354875057936
1768216520291351800,0.846351806640625,0.002472478663548827,0.022709572687745094,-0.004828843753784895
1768216520301353000,0.85635302734375,0.0010327738709747791,0.025421204045414925,-0.003659449517726898
1768216520311353900,0.866353759765625,0.003032275242730975,0.027153857052326202,0.0002860235108528286
1768216520321354000,0.87635400390625,0.0052019525319337845,0.023913322016596794,-0.004945223685353994
1768216520331355000,0.88635498046875,0.00458756135776639,0.016833042725920677,-0.005792641546577215
1768216520341354800,0.896354736328125,0.006901848129928112,0.009532785043120384,-0.005577990785241127
1768216520351356000,0.90635595703125,0.0017861821688711643,0.0007595335482619703,-0.0008554073283448815
1768216520361357000,0.916357177734375,0.0010660634143278003,-0.010175938718020916,-0.0012961605098098516
1768216520371357000,0.92635693359375,0.0038754320703446865,-0.01575792394578457,-0.0024530377704650164
1768216520381358000,0.936358154296875,-0.0017470336752012372,-0.01943468488752842,-0.004747883416712284
1768216520391359000,0.94635888671875,0.002154231071472168,-0.02857864834368229,-0.010384730063378811
1768216520401359000,0.956359130859375,0.0024074974935501814,-0.036805685609579086,-0.009820139966905117
1768216520411360000,0.966360107421875,0.005008074454963207,-0.03415850177407265,-0.005724464543163776
1768216520421361200,0.976361083984375,0.006469084415584803,-0.03538249060511589,-0.006738862954080105
1768216520431361300,0.986361328125,0.0043955473229289055,-0.035890888422727585,-0.005743106827139854
1768216520441362200,0.996362060546875,0.0046821036376059055,-0.03415370732545853,-0.008386827073991299
1768216520451363000,1.006363037109375,0.0013219931861385703,-0.03525492548942566,-0.011608186177909374
1768216520461363200,1.01636328125,-0.0005142564186826348,-0.03314436972141266,-0.013516074977815151
1768216520471364000,1.026364013671875,-0.0018945727497339249,-0.028906749561429024,-0.011226555332541466
1768216520481364000,1.036364013671875,-0.00021971078240312636,-0.022785739973187447,-0.010787666775286198
1768216520491365000,1.046365234375,0.0004135889175813645,-0.011487012729048729,-0.007193464320152998
1768216520501366000,1.056365966796875,0.0016207997687160969,0.000990962260402739,-0.005191565956920385
1768216520511366100,1.0663662109375,-0.0002620550512801856,0.011516573838889599,0.0018232000293210149
1768216520521367000,1.076366943359375,-0.0007661914569325745,0.015331286005675793,0.007871238514780998
1768216520531368000,1.086367919921875,-0.0052293832413852215,0.015368569642305374,0.0105314701795578
1768216520541368000,1.0963681640625,-0.004095409065485001,0.015541675500571728,0.010497914627194405
1768216520551369200,1.106369140625,-0.0049252500757575035,0.017728663980960846,0.005666674114763737
1768216520561370000,1.1163701171875,-0.004444549325853586,0.01733664609491825,0.0015539544401690364
1768216520571370200,1.126370361328125,-0.003840544493868947,0.01751454547047615,-0.0007299724384211004
1768216520581371100,1.13637109375,-0.001449025934562087,0.017498832195997238,0.00005379585491027683
1768216520591372000,1.1463720703125,-0.0009763148264028132,0.018379006534814835,0.0029350698459893465
1768216520601372000,1.156371826171875,0.001181644620373845,0.009730657562613487,-0.002139583695679903
1768216520611373300,1.166373291015625,0.0014562164433300495,0.008199607022106647,-0.0032208270858973265
1768216520621373200,1.176373291015625,0.0004945489927195013,0.010875018313527107,-0.0025747441686689854
1768216520631374000,1.1863740234375,-0.0013771206140518188,0.012646553106606007,-0.006760700605809689
1768216520641375000,1.196375,-0.0024535702541470528,0.010396980680525303,-0.003561445279046893
1768216520651375000,1.206375,-0.0020327907986938953,0.008506935089826584,-0.005601692944765091
1768216520661376300,1.216376220703125,-0.00301656243391335,0.008714129216969013,-0.007360444404184818
1768216520671377200,1.226377197265625,-0.001160339335910976,0.008728777058422565,-0.006786533165723085
1768216520681377300,1.236377197265625,0.0014998923288658261,0.0024831313639879227,-0.010701646097004414
1768216520691378200,1.246378173828125,0.003468234557658434,-0.0006554039428010583,-0.01113627478480339
1768216520701379000,1.256379150390625,0.0021286646369844675,0.0014823154779151082,-0.010750382207334042
1768216520711379000,1.26637890625,0.0009062737226486206,-0.0022114890161901712,-0.00968298688530922
1768216520721380400,1.27638037109375,-0.00213558878749609,-0.010754110291600227,-0.013114470057189465
1768216520731381200,1.28638134765625,-0.00284958234988153,-0.013945110142230988,-0.017641577869653702
1768216520741381000,1.296381103515625,-0.0001227717293659225,-0.023856064304709435,-0.01984987035393715
1768216520751382000,1.306382080078125,-0.0026051041204482317,-0.020472783595323563,-0.02184511162340641
1768216520761382100,1.316382080078125,-0.0026959178503602743,-0.020552679896354675,-0.02377483807504177
1768216520771383000,1.326383056640625,-0.00010626012954162434,-0.023130619898438454,-0.020971860736608505
1768216520781384200,1.33638427734375,0.0007725830073468387,-0.0207686610519886,-0.020143883302807808
1768216520791384300,1.34638427734375,0.0002372876479057595,-0.012768525630235672,-0.015242869034409523
1768216520801385200,1.35638525390625,0.003343598684296012,-0.017401892691850662,-0.01841788925230503
1768216520811386000,1.36638623046875,0.0020418455824255943,-0.02346963994204998,-0.01642397977411747
1768216520821386000,1.376385986328125,0.000055393749789800495,-0.01883281022310257,-0.014803446829319
1768216520831387100,1.38638720703125,-0.00002210423735959921,-0.015474563464522362,-0.01287691667675972
1768216520841388300,1.39638818359375,-0.003477822057902813,-0.009817210957407951,-0.014538994990289211
1768216520851388200,1.40638818359375,-0.0037766287568956614,-0.0062432484701275826,-0.014843394979834557
1768216520861389000,1.41638916015625,-0.003626426449045539,-0.008049936965107918,-0.013118199072778225
1768216520871390200,1.42639013671875,-0.0037374801468104124,-0.0046722497791051865,-0.015575763769447803
1768216520881390000,1.43639013671875,-0.004101534374058247,0.0014386395923793316,-0.011214304715394974
1768216520891391000,1.446390869140625,-0.005126052536070347,0.01227291114628315,-0.00929389987140894
1768216520901392100,1.45639208984375,-0.003762780223041773,0.01164653617888689,-0.010340522043406963
1768216520911392300,1.466392333984375,-0.0028277444653213024,0.0075750951655209064,-0.008350607939064503
1768216520921393200,1.47639306640625,-0.0027089675422757864,0.004683701321482658,-0.008161257021129131
1768216520931393000,1.48639306640625,-0.004303135443478823,0.008723982609808445,-0.00824115239083767
1768216520941394200,1.496394287109375,-0.00751890242099762,0.007069360930472612,-0.00860387459397316
1768216520951395000,1.50639501953125,-0.008255532942712307,0.009878729470074177,-0.008229699917137623
1768216520961395000,1.51639501953125,-0.009751430712640285,0.012124840170145035,-0.0049313753843307495
1768216520971396000,1.52639599609375,-0.007476558443158865,0.008413990959525108,-0.007137271575629711
1768216520981397200,1.536397216796875,-0.00780679052695632,0.006572148762643337,-0.007069360930472612
1768216520991397000,1.546397216796875,-0.00412390474230051,0.0073428675532341,-0.007710117381066084
1768216521001398000,1.55639794921875,-0.0044107274152338505,0.009524795226752758,-0.004055195488035679
1768216521011399000,1.56639892578125,-0.002912965603172779,0.015684952959418297,-0.0009337042574770749
1768216521021399000,1.57639892578125,-0.003427488263696432,0.015665778890252113,-0.0024594292044639587
1768216521031400200,1.586400146484375,-0.002986735198646784,0.01577203907072544,-0.00558251840993762
1768216521041401000,1.596401123046875,-0.003864246653392911,0.017560884356498718,-0.010072873905301094
1768216521051401200,1.606401123046875,-0.0037859496660530567,0.017676731571555138,-0.013087838888168335
1768216521061402000,1.616402099609375,-0.004021106753498316,0.018849587067961693,-0.01209740899503231
1768216521071402000,1.626402099609375,-0.0065468489192426205,0.015191202983260155,-0.0076123797334730625
1768216521081403100,1.636403076171875,-0.006460828706622124,0.005602225661277771,-0.006648315116763115
1768216521091404300,1.646404296875,-0.0065471152774989605,-0.0029316076543182135,-0.006502107717096806
1768216521101404200,1.656404052734375,-0.0066637615673244,-0.0020575581584125757,-0.007246727589517832
1768216521111405000,1.666405029296875,-0.008080297149717808,-0.005546831991523504,0.0012042814632877707
1768216521121406000,1.676406005859375,-0.006656571291387081,-0.011949869804084301,0.002755306428298354
1768216521131406000,1.686406005859375,-0.004270112607628107,-0.016222380101680756,-0.0012599414912983775
1768216521141407000,1.696406982421875,-0.004721784498542547,-0.01696327142417431,0.0044048684649169445
1768216521151408000,1.706408203125,-0.003463174682110548,-0.0176991019397974,0.0010519486386328936
1768216521161408300,1.716408203125,-0.004852812271565199,-0.02690325304865837,-0.010267018340528011
1768216521171409200,1.7264091796875,-0.00475347600877285,-0.020903151482343674,-0.03233050927519798
1768216521181410000,1.73641015625,-0.0025563682429492474,-0.0264771468937397,-0.03894313797354698
1768216521191410200,1.74641015625,-0.005062136333435774,-0.030176011845469475,-0.027529895305633545
1768216521201411000,1.7564111328125,-0.00012170646368758753,-0.025797508656978607,-0.023517576977610588
1768216521211411200,1.7664111328125,-0.00013315805699676275,-0.026104571297764778,-0.027000458911061287
1768216521221412000,1.776412109375,-0.0024732777383178473,-0.027190076187253,-0.02364620752632618
1768216521231413200,1.786413330078125,-0.0019619506783783436,-0.03267085924744606,-0.0159456767141819
1768216521241413000,1.7964130859375,-0.0008602010202594101,-0.037871748208999634,-0.007970042526721954
1768216521251414000,1.8064140625,0.00016058860637713224,-0.045817289501428604,-0.005031510256230831
1768216521261415000,1.816414794921875,-0.001187237212434411,-0.04890389367938042,-0.008046208880841732
1768216521271415300,1.826415283203125,-0.005059739574790001,-0.056707222014665604,-0.006179066374897957
1768216521281416200,1.836416259765625,-0.005553755909204483,-0.05281447991728783,-0.0059929112903773785
1768216521291417000,1.8464169921875,-0.0041247038170695305,-0.05083708092570305,-0.010243049822747707
1768216521301417200,1.856417236328125,-0.0013944311067461967,-0.0444263219833374,-0.011033209972083569
1768216521311418000,1.866418212890625,-0.0033603766933083534,-0.043721381574869156,-0.0068326061591506
1768216521321419300,1.876419189453125,-0.002238120650872588,-0.04432645067572594,-0.011018828488886356
1768216521331419100,1.886419189453125,-0.002478337613865733,-0.040949828922748566,-0.003796602366492152
1768216521341420300,1.896420166015625,-0.007648332044482231,-0.035355858504772186,0.0027571707032620907
1768216521351421200,1.906421142578125,-0.010068080388009548,-0.03164660930633545,0.00615243474021554
1768216521361421000,1.916421142578125,-0.013364807702600956,-0.024826254695653915,0.014370150864124298
1768216521371422000,1.926421875,-0.017127322033047676,-0.028606610372662544,0.019693544134497643
1768216521381422800,1.9364228515625,-0.017192302271723747,-0.03730769082903862,0.011944543570280075
1768216521391423700,1.946423828125,-0.016634903848171234,-0.043888628482818604,0.012688364833593369
1768216521401424600,1.956424560546875,-0.017062872648239136,-0.048531316220760345,0.0236403476446867
1768216521411424500,1.966424560546875,-0.0168564785271883,-0.05050978064537048,0.033788323402404785
1768216521421426000,1.976426025390625,-0.015589612536132336,-0.04988020658493042,0.03810504078865051
1768216521431426800,1.9864267578125,-0.015327290631830692,-0.05475272610783577,0.036677319556474686
1768216521441426700,1.9964267578125,-0.004502073861658573,-0.05169621855020523,0.02305658347904682
1768216521451427600,2.006427490234375,-0.0055092815309762955,-0.03560326620936394,0.014998656697571278
1768216521461428700,2.0164287109375,-0.0034115093294531107,-0.02100301906466484,0.020428309217095375
1768216521471428600,2.0264287109375,-0.003201119601726532,-0.018563564866781235,0.032648757100105286
1768216521481429800,2.0364296875,0.0019518306944519281,-0.022239258512854576,0.027850540354847908
1768216521491430700,2.0464306640625,0.0014290522085502744,-0.024321317672729492,0.01810630038380623
1768216521501430800,2.0564306640625,-0.0022272015921771526,-0.01378212496638298,0.02155456133186817
1768216521511431700,2.066431640625,-0.00583764910697937,-0.012733638286590576,0.03086869977414608
1768216521521431800,2.076431884765625,-0.010401241481304169,-0.020013654604554176,0.0365404337644577
1768216521531432700,2.0864326171875,-0.013203419744968414,-0.027958130463957787,0.043774377554655075
1768216521541433900,2.096433837890625,-0.01696699857711792,-0.03682885318994522,0.04681916907429695
1768216521551433700,2.106433837890625,-0.01703544333577156,-0.042039062827825546,0.046067092567682266
1768216521561434600,2.1164345703125,-0.014671620912849903,-0.04194745048880577,0.03608423471450806
1768216521571435800,2.126435791015625,-0.014183463528752327,-0.04451846703886986,0.03001995012164116
1768216521581435600,2.136435546875,-0.007203584536910057,-0.037457093596458435,0.01805703155696392
1768216521591436800,2.146436767578125,0.0020700751338154078,-0.03995567187666893,0.003925499506294727
1768216521601437700,2.156437744140625,0.003320429241284728,-0.04453151673078537,-0.0013401026371866465
1768216521611437800,2.166437744140625,0.007167631760239601,-0.041972216218709946,-0.0054911719635128975
1768216521621438700,2.176438720703125,0.004279433749616146,-0.03597264736890793,-0.00917112734168768
1768216521631439600,2.186439697265625,0.012064386159181595,0.00762889115139842,-0.028680646792054176
1768216521641439700,2.196439697265625,0.0028999161440879107,-0.0182836651802063,0.0014527543680742383
1768216521651441000,2.20644091796875,0.003915912006050348,-0.0006053365068510175,-0.0033334787003695965
1768216521661440800,2.216440673828125,-0.0014391721924766898,0.010452641174197197,-0.008843558840453625
1768216521671442000,2.22644189453125,-0.002296976512297988,0.015972575172781944,-0.0028511802665889263
1768216521681442800,2.23644287109375,-0.0007566040731035173,0.02353142574429512,-0.0007845672662369907
1768216521691442700,2.246442626953125,0.000313986703986302,0.028497422114014626,0.0014093448407948017
1768216521701443600,2.256443603515625,0.0007163903210312128,0.025111211463809013,-0.002734267385676503
1768216521711444700,2.26644482421875,-0.0020530307665467262,0.02334021031856537,-0.0041518681682646275
1768216521721444900,2.27644482421875,-0.001067927572876215,0.028143487870693207,-0.014709703624248505
1768216521731445800,2.28644580078125,-0.003085005795583129,0.028110463172197342,-0.015749935060739517
1768216521741446700,2.29644677734375,-0.0031848743092268705,0.0563916377723217,-0.031247401610016823
1768216521751446800,2.30644677734375,-0.002231995342299342,0.059293948113918304,-0.04832092672586441
1768216521761447700,2.31644775390625,-0.0032290827948600054,0.0758494883775711,-0.030113160610198975
1768216521771448800,2.32644873046875,-0.010864099487662315,0.08846808224916458,-0.027396203950047493
1768216521781449000,2.336448974609375,-0.021280255168676376,0.09058263152837753,-0.04124011471867561
1768216521791449900,2.346449951171875,-0.016873788088560104,0.09773854166269302,-0.048532117158174515
1768216521801449700,2.35644970703125,-0.011660384014248848,0.12349849939346313,-0.08317398279905319
1768216521811450600,2.36645068359375,-0.015676164999604225,0.1498805731534958,-0.12768232822418213
1768216521821451800,2.37645166015625,-0.020674917846918106,0.16944415867328644,-0.1517607718706131
1768216521831451600,2.38645166015625,-0.023061642423272133,0.17976923286914825,-0.1663903146982193
1768216521841452800,2.396452880859375,-0.019509784877300262,0.20773348212242126,-0.17674174904823303
1768216521851453700,2.40645361328125,-0.01581518165767193,0.23343618214130402,-0.1914605051279068
1768216521861453800,2.416453857421875,-0.012990899384021759,0.2594608664512634,-0.2371278554201126
1768216521871454700,2.426454833984375,-0.011086473241448402,0.2914465069770813,-0.3159630298614502
1768216521881455600,2.43645556640625,-0.0029411951545625925,0.30654793977737427,-0.37345269322395325
1768216521891455700,2.446455810546875,0.008053931407630444,0.30777567625045776,-0.390469491481781
1768216521901457000,2.456456787109375,0.014639928936958313,0.32055696845054626,-0.4018441140651703
1768216521911457800,2.466457763671875,0.015801599249243736,0.34813427925109863,-0.42455795407295227
1768216521921457700,2.476457763671875,0.01920032687485218,0.3932777941226959,-0.46026933193206787
1768216521931458800,2.486458740234375,0.020656010136008263,0.442362517118454,-0.5030564665794373
1768216521941458700,2.496458740234375,0.01919899508357048,0.49326297640800476,-0.5417436957359314
1768216521951459600,2.50645947265625,0.012147210538387299,0.5492306351661682,-0.570755660533905
1768216521961460700,2.516460693359375,0.0046818372793495655,0.5938242077827454,-0.5962684750556946
1768216521971460900,2.5264609375,-0.0035782232880592346,0.6612468957901001,-0.6201604604721069
1768216521981461800,2.536461669921875,-0.016268718987703323,0.7216652631759644,-0.6573288440704346
1768216521991462700,2.546462646484375,-0.02714400365948677,0.7599449753761292,-0.7054314017295837
1768216522001462800,2.556462890625,-0.042519763112068176,0.7928915023803711,-0.7579228281974792
1768216522011463700,2.566463623046875,-0.05596739426255226,0.7841286063194275,-0.8245303630828857
1768216522021464800,2.57646484375,-0.04867992177605629,0.7317442297935486,-0.9063669443130493
1768216522031464700,2.586464599609375,-0.05064746364951134,0.647940456867218,-0.9694750308990479
1768216522041465900,2.5964658203125,-0.06041141226887703,0.5988530516624451,-0.9959420561790466
1768216522051466800,2.606466796875,-0.06893245875835419,0.5780681371688843,-0.9995429515838623
1768216522061466600,2.616466552734375,-0.08848778903484344,0.5642215609550476,-0.9970999956130981
1768216522071467500,2.626467529296875,-0.09973777830600739,0.5712200999259949,-0.9853760004043579
1768216522081469000,2.636468994140625,-0.1085757464170456,0.5907477140426636,-0.980074942111969
1768216522091468800,2.64646875,-0.11894449591636658,0.6470453143119812,-0.9952656626701355
1768216522101469700,2.6564697265625,-0.13224539160728455,0.7559776902198792,-1.0418057441711426
1768216522111469800,2.6664697265625,-0.15248940885066986,0.8495758175849915,-1.1000034809112549
1768216522121470700,2.676470703125,-0.16813094913959503,0.8754710555076599,-1.1425811052322388
1768216522131471600,2.6864716796875,-0.17854337394237518,0.8660104274749756,-1.1423048973083496
1768216522141471700,2.6964716796875,-0.1758623719215393,0.8120326995849609,-1.094775676727295
1768216522151473000,2.706472900390625,-0.13616636395454407,0.7196233868598938,-1.0027563571929932
1768216522161473800,2.716473876953125,-0.08942921459674835,0.6420782804489136,-0.8951537013053894
1768216522171473700,2.7264736328125,-0.055566322058439255,0.654740035533905,-0.8083159923553467
1768216522181474600,2.736474609375,-0.04025847464799881,0.700620174407959,-0.7752248644828796
1768216522191475700,2.746475830078125,-0.045453500002622604,0.7041462063789368,-0.8134170174598694
1768216522201475800,2.756475830078125,-0.08157475292682648,0.6711565256118774,-0.8913477659225464
1768216522211476700,2.766476806640625,-0.11473004519939423,0.6274636387825012,-0.9655783176422119
1768216522221477600,2.7764775390625,-0.16304618120193481,0.6111736297607422,-1.013152003288269
1768216522231477800,2.786477783203125,-0.21108001470565796,0.5880595445632935,-1.040674090385437
1768216522241478700,2.796478759765625,-0.26556456089019775,0.5071127414703369,-1.0547212362289429
1768216522251478800,2.806478759765625,-0.32122355699539185,0.42349720001220703,-1.0465495586395264
1768216522261480000,2.81647998046875,-0.34821921586990356,0.335710346698761,-1.036842942237854
1768216522271480800,2.826480712890625,-0.3532531261444092,0.2581905424594879,-1.052761197090149
1768216522281480700,2.836480712890625,-0.3428609371185303,0.27057263255119324,-1.1536792516708374
1768216522291481900,2.84648193359375,-0.3107570707798004,0.36804166436195374,-1.2768474817276
1768216522301482800,2.856482666015625,-0.2632409632205963,0.49320170283317566,-1.3737272024154663
1768216522311482600,2.866482666015625,-0.22102531790733337,0.5908976793289185,-1.3932726383209229
1768216522321483800,2.87648388671875,-0.18716350197792053,0.685233473777771,-1.3354130983352661
1768216522331484700,2.886484619140625,-0.13091380894184113,0.805086612701416,-1.2700293064117432
1768216522341484800,2.89648486328125,-0.13185790181159973,0.9686936736106873,-1.222662329673767
1768216522351485700,2.906485595703125,-0.17194166779518127,1.0698271989822388,-1.1872761249542236
1768216522361486600,2.916486572265625,-0.2373124212026596,1.1067546606063843,-1.173578143119812
1768216522371486700,2.92648681640625,-0.3002764582633972,1.0784907341003418,-1.1789084672927856
1768216522381487600,2.936487548828125,-0.3463132083415985,0.9787963628768921,-1.1853312253952026
1768216522391487500,2.946487548828125,-0.366416871547699,0.8816298842430115,-1.163881540298462
1768216522401488600,2.956488525390625,-0.3557301461696625,0.8431751728057861,-1.112014651298523
1768216522411489500,2.966489501953125,-0.36543524265289307,0.8518602848052979,-1.0076836347579956
1768216522421489400,2.976489501953125,-0.35364222526550293,0.8150652647018433,-0.8870214819908142
1768216522431490300,2.986490234375,-0.3416960835456848,0.7374697923660278,-0.7941221594810486
1768216522441491700,2.99649169921875,-0.33865660429000854,0.6523162722587585,-0.7125516533851624
1768216522451491600,3.00649169921875,-0.3416244387626648,0.6142541170120239,-0.6382265686988831
1768216522461492500,3.016492431640625,-0.326138973236084,0.5932087302207947,-0.6015036702156067
1768216522471493400,3.026493408203125,-0.29865407943725586,0.6041449904441833,-0.6065333485603333
1768216522481493500,3.036493408203125,-0.2896270155906677,0.6382800936698914,-0.6341705322265625
1768216522491494400,3.046494384765625,-0.278363972902298,0.6623121500015259,-0.648777186870575
1768216522501495600,3.05649560546875,-0.257589727640152,0.6081107258796692,-0.6321356296539307
1768216522511495700,3.06649560546875,-0.2392762303352356,0.4574258625507355,-0.6054536700248718
1768216522521496600,3.07649658203125,-0.23067022860050201,0.28441813588142395,-0.6042001247406006
1768216522531497500,3.08649755859375,-0.2511315643787384,0.09656675159931183,-0.6378846168518066
1768216522541497300,3.096497314453125,-0.2835392951965332,-0.08368184417486191,-0.6813849210739136
1768216522551498500,3.10649853515625,-0.31302395462989807,-0.23379571735858917,-0.7030236721038818
1768216522561498400,3.116498291015625,-0.3341270983219147,-0.3875575661659241,-0.6651151776313782
1768216522571499500,3.12649951171875,-0.35100623965263367,-0.5423091053962708,-0.6060814261436462
1768216522581500400,3.13650048828125,-0.36403706669807434,-0.7332872748374939,-0.5466050505638123
1768216522591500500,3.14650048828125,-0.38092711567878723,-0.9247400760650635,-0.48975157737731934
1768216522601501400,3.15650146484375,-0.40762850642204285,-1.0608795881271362,-0.44646722078323364
1768216522611502300,3.16650244140625,-0.42808982729911804,-1.1338224411010742,-0.41360142827033997
1768216522621502500,3.17650244140625,-0.4244482219219208,-1.1788650751113892,-0.36616840958595276
1768216522631503600,3.186503662109375,-0.41683611273765564,-1.2169588804244995,-0.2712829113006592
1768216522641504500,3.19650439453125,-0.3994206190109253,-1.2626384496688843,-0.1567097157239914
1768216522651504600,3.206504638671875,-0.3756127655506134,-1.3204336166381836,-0.041371140629053116
1768216522661505500,3.216505615234375,-0.3567831516265869,-1.3982160091400146,0.037819016724824905
1768216522671506400,3.22650634765625,-0.3576241731643677,-1.4515173435211182,0.09735291451215744
1768216522681506300,3.23650634765625,-0.3835553824901581,-1.511834979057312,0.1422671228647232
1768216522691507500,3.246507568359375,-0.42068570852279663,-1.5772610902786255,0.1801615208387375
1768216522701507600,3.256507568359375,-0.44369834661483765,-1.6463006734848022,0.17008917033672333
1768216522711508500,3.266508544921875,-0.48327717185020447,-1.6789132356643677,0.13813389837741852
1768216522721509400,3.27650927734375,-0.5479336977005005,-1.7368228435516357,0.08260726183652878
1768216522731509500,3.286509521484375,-0.6239333748817444,-1.8533291816711426,0.024399083107709885
1768216522741510400,3.296510498046875,-0.6764522194862366,-1.9517567157745361,0.017432520166039467
1768216522751511600,3.306511474609375,-0.6844677925109863,-2.014286518096924,0.07255249470472336
1768216522761511700,3.31651171875,-0.6670944094657898,-2.018266201019287,0.18243958055973053
1768216522771512600,3.3265126953125,-0.6287773847579956,-2.013305902481079,0.2990990877151489
1768216522781513500,3.336513427734375,-0.5904334783554077,-2.0494818687438965,0.40346837043762207
1768216522791513300,3.346513427734375,-0.5560552477836609,-2.1120333671569824,0.4417654275894165
1768216522801514500,3.356514404296875,-0.5456708073616028,-2.1848130226135254,0.4030180275440216
1768216522811515600,3.366515625,-0.5549130439758301,-2.244572401046753,0.34177225828170776
1768216522821515500,3.376515625,-0.54648357629776,-2.3142054080963135,0.3186000883579254
1768216522831516400,3.386516357421875,-0.5402243733406067,-2.4028828144073486,0.35310134291648865
1768216522841516500,3.3965166015625,-0.5359646081924438,-2.4444711208343506,0.3919198513031006
1768216522851517400,3.406517333984375,-0.5389596223831177,-2.417694091796875,0.42004281282424927
1768216522861518300,3.416518310546875,-0.5590145587921143,-2.359109401702881,0.41841748356819153
1768216522871518700,3.426518798828125,-0.5681827664375305,-2.2376017570495605,0.37024542689323425
1768216522881519600,3.43651953125,-0.573156476020813,-2.0873239040374756,0.3284660279750824
1768216522891520500,3.4465205078125,-0.5781688094139099,-1.9396231174468994,0.31398534774780273
1768216522901520400,3.456520263671875,-0.5722643136978149,-1.8187986612319946,0.3386395573616028
1768216522911521500,3.466521484375,-0.5704885125160217,-1.7427217960357666,0.3766399621963501
1768216522921522400,3.4765224609375,-0.5615274906158447,-1.6712267398834229,0.42616596817970276
1768216522931522600,3.4865224609375,-0.5706573724746704,-1.5997190475463867,0.5006729364395142
1768216522941523500,3.4965234375,-0.6060065627098083,-1.5508265495300293,0.5921791791915894
1768216522951524600,3.506524658203125,-0.6334791779518127,-1.5730645656585693,0.694041907787323
1768216522961524500,3.5165244140625,-0.6642477512359619,-1.6273064613342285,0.7422863841056824
1768216522971525400,3.526525390625,-0.6660643219947815,-1.6445012092590332,0.6953740119934082
1768216522981525500,3.536525390625,-0.6682981848716736,-1.6823550462722778,0.5368027091026306
1768216522991526700,3.546526611328125,-0.6637105941772461,-1.7347232103347778,0.36210015416145325
1768216523001527600,3.556527587890625,-0.6592807173728943,-1.712755799293518,0.24747876822948456
1768216523011527400,3.56652734375,-0.6674180030822754,-1.6291512250900269,0.20805306732654572
1768216523021528600,3.576528564453125,-0.6858707666397095,-1.5529587268829346,0.2138422429561615
1768216523031529500,3.586529541015625,-0.7068655490875244,-1.4923795461654663,0.2502977252006531
1768216523041529300,3.596529296875,-0.7567737102508545,-1.4594122171401978,0.26198819279670715
1768216523051530500,3.606530517578125,-0.7654513716697693,-1.464227557182312,0.28402000665664673
1768216523061531600,3.61653173828125,-0.7825056910514832,-1.499281406402588,0.2910155951976776
1768216523071531500,3.626531494140625,-0.7792611718177795,-1.5586000680923462,0.2750589847564697
1768216523081532400,3.636532470703125,-0.793501079082489,-1.6466410160064697,0.2533411979675293
1768216523091533300,3.646533203125,-0.8045044541358948,-1.7096394300460815,0.22632794082164764
1768216523101533400,3.656533447265625,-0.7888230085372925,-1.7188185453414917,0.20636089146137238
1768216523111534600,3.66653466796875,-0.7860879302024841,-1.7313671112060547,0.21178922057151794
1768216523121535500,3.676535400390625,-0.7979936003684998,-1.7152632474899292,0.22572261095046997
1768216523131535600,3.68653564453125,-0.7941160202026367,-1.6578351259231567,0.22089776396751404
1768216523141536500,3.69653662109375,-0.7926099896430969,-1.6073319911956787,0.16957038640975952
1768216523151536400,3.706536376953125,-0.7973616123199463,-1.587443470954895,0.10046642273664474
1768216523161537500,3.71653759765625,-0.7884935736656189,-1.5908595323562622,0.05366083234548569
1768216523171538700,3.72653857421875,-0.8058506846427917,-1.5921481847763062,0.04176795110106468
1768216523181538600,3.73653857421875,-0.7933990955352783,-1.5823917388916016,0.08237769454717636
1768216523191539500,3.74653955078125,-0.7247148156166077,-1.4844640493392944,0.15960803627967834
1768216523201540400,3.756540283203125,-0.6526534557342529,-1.3623679876327515,0.1744980365037918
1768216523211540500,3.76654052734375,-0.6120359301567078,-1.3929024934768677,0.2537268102169037
1768216523221541400,3.776541259765625,-0.600437343120575,-1.355289340019226,0.31494835019111633
1768216523231542500,3.78654248046875,-0.6043354272842407,-1.2797999382019043,0.3074758052825928
1768216523241542700,3.796542724609375,-0.6493061184883118,-1.164611577987671,0.2084091305732727
1768216523251543600,3.80654345703125,-0.6865831613540649,-1.1428314447402954,0.06036959961056709
1768216523261544400,3.81654443359375,-0.7120078206062317,-1.211548924446106,-0.11458729952573776
1768216523271544600,3.826544677734375,-0.7194966673851013,-1.3521175384521484,-0.31952500343322754
1768216523281545500,3.83654541015625,-0.7235488891601562,-1.4261070489883423,-0.48098766803741455
1768216523291545300,3.84654541015625,-0.7192561626434326,-1.4430814981460571,-0.545147180557251
1768216523301546500,3.85654638671875,-0.6954836845397949,-1.4610998630523682,-0.535347580909729
1768216523311547400,3.86654736328125,-0.713476836681366,-1.4784471988677979,-0.4933391511440277
1768216523321547500,3.876547607421875,-0.744186520576477,-1.5025911331176758,-0.44593194127082825
1768216523331548400,3.88654833984375,-0.8084073066711426,-1.5710957050323486,-0.3827447295188904
1768216523341549300,3.89654931640625,-0.8551125526428223,-1.657097339630127,-0.3084760904312134
1768216523351549400,3.906549560546875,-0.879568874835968,-1.7198753356933594,-0.22692155838012695
1768216523361550600,3.916550537109375,-0.884652853012085,-1.7378382682800293,-0.1584056168794632
1768216523371551500,3.926551513671875,-0.8749874234199524,-1.7585283517837524,-0.07906924933195114
1768216523381551600,3.936551513671875,-0.8750803470611572,-1.832587480545044,0.012811935506761074
1768216523391552500,3.946552490234375,-0.8510234951972961,-1.8873649835586548,0.0830533429980278
1768216523401553700,3.9565537109375,-0.8002244830131531,-1.8688360452651978,0.05445285513997078
1768216523411553500,3.966553466796875,-0.7382761836051941,-1.7541722059249878,0.01960885524749756
1768216523421554700,3.9765546875,-0.6478938460350037,-1.6658570766448975,-0.03614601865410805
1768216523431555600,3.9865556640625,-0.5723974704742432,-1.623846173286438,-0.05090845376253128
1768216523441555500,3.996555419921875,-0.4982489347457886,-1.6273490190505981,-0.060146428644657135
1768216523451556400,4.006556396484375,-0.4089222550392151,-1.600812315940857,-0.1381962150335312
1768216523461556500,4.016556396484375,-0.34469932317733765,-1.5699288845062256,-0.2744600474834442
1768216523471557600,4.0265576171875,-0.32945379614830017,-1.5481759309768677,-0.4356854259967804
1768216523481558500,4.03655859375,-0.3485851585865021,-1.5514103174209595,-0.4733926057815552
1768216523491558700,4.04655859375,-0.38516128063201904,-1.6043236255645752,-0.36543577909469604
1768216523501559600,4.0565595703125,-0.44487252831459045,-1.688981056213379,-0.20551294088363647
1768216523511560400,4.066560546875,-0.48753026127815247,-1.8017570972442627,-0.025606293231248856
1768216523521560300,4.076560302734375,-0.49664944410324097,-1.8771666288375854,0.12454592436552048
1768216523531561700,4.086561767578125,-0.4972936511039734,-1.8838897943496704,0.21438872814178467
1768216523541562600,4.096562744140625,-0.5131447911262512,-1.8768771886825562,0.2426946610212326
1768216523551562500,4.1065625,-0.5170748233795166,-1.7271419763565063,0.2501254081726074
1768216523561563400,4.1165634765625,-0.49499374628067017,-1.5516002178192139,0.2869976758956909
1768216523571564500,4.126564453125,-0.49795278906822205,-1.3520532846450806,0.36618757247924805
1768216523581564400,4.136564453125,-0.501426100730896,-1.2347773313522339,0.548272430896759
1768216523591565600,4.146565673828125,-0.4950190484523773,-1.1512045860290527,0.7078439593315125
1768216523601565700,4.156565673828125,-0.4978675842285156,-1.1041148900985718,0.8697777390480042
1768216523611566600,4.166566650390625,-0.5166215300559998,-1.0730581283569336,1.0184284448623657
1768216523621567500,4.1765673828125,-0.5194224119186401,-1.1100739240646362,1.018386960029602
1768216523631567400,4.1865673828125,-0.5468806624412537,-1.1403878927230835,0.8822820782661438
1768216523641568500,4.196568603515625,-0.5617685317993164,-1.0525786876678467,0.7613074779510498
1768216523651569700,4.206569580078125,-0.5122571587562561,-0.9014046788215637,0.7422229647636414
1768216523661569500,4.216569580078125,-0.44438862800598145,-0.7347853183746338,0.8509654402732849
1768216523671570400,4.2265703125,-0.40958619117736816,-0.6030967831611633,1.0218844413757324
1768216523681571600,4.236571533203125,-0.38876479864120483,-0.4357304275035858,1.0883084535598755
1768216523691571500,4.246571533203125,-0.36424505710601807,-0.31325563788414,1.0565515756607056
1768216523701572400,4.256572265625,-0.33806511759757996,-0.4245457053184509,0.9112655520439148
1768216523711573500,4.266573486328125,-0.39482560753822327,-0.6725496649742126,0.7612395286560059
1768216523721573600,4.27657373046875,-0.42977455258369446,-0.8274664878845215,0.8102939128875732
1768216523731574500,4.286574462890625,-0.39661580324172974,-0.8044581413269043,0.9497785568237305
1768216523741574400,4.296574462890625,-0.3277760148048401,-0.6560460329055786,1.0808465480804443
1768216523751575600,4.306575439453125,-0.24722737073898315,-0.544095516204834,1.1056747436523438
1768216523761576700,4.31657666015625,-0.19694502651691437,-0.4358034133911133,1.0180532932281494
1768216523771576600,4.32657666015625,-0.16501691937446594,-0.36259791254997253,0.8295006155967712
1768216523781577500,4.336577392578125,-0.1468254029750824,-0.2929927110671997,0.6453244090080261
1768216523791578600,4.34657861328125,-0.13292528688907623,-0.2479861080646515,0.556877613067627
1768216523801578500,4.35657861328125,-0.11558385193347931,-0.27475833892822266,0.5812900066375732
1768216523811579400,4.366579345703125,-0.09250756353139877,-0.31139543652534485,0.7051374316215515
1768216523821580500,4.37658056640625,-0.049791526049375534,-0.3497087359428406,0.8367404341697693
1768216523831580700,4.38658056640625,-0.009769806638360023,-0.31524717807769775,0.9436871409416199
1768216523841581600,4.39658154296875,0.02599351666867733,-0.12817128002643585,0.9609313607215881
1768216523851582500,4.40658251953125,0.022156434133648872,0.08986064791679382,0.8573298454284668
1768216523861582600,4.41658251953125,-0.015926236286759377,0.32019051909446716,0.7142605781555176
1768216523871583500,4.42658349609375,-0.014080665074288845,0.4296821355819702,0.5796108841896057
1768216523881583400,4.436583251953125,0.003465837799012661,0.44523417949676514,0.49702441692352295
1768216523891584500,4.44658447265625,0.011184210889041424,0.43997472524642944,0.451968789100647
1768216523901585700,4.456585693359375,0.005047488957643509,0.4074828326702118,0.46114951372146606
1768216523911585500,4.46658544921875,0.004549744538962841,0.35424596071243286,0.4996156692504883
1768216523921586400,4.47658642578125,0.013614345341920853,0.31782564520835876,0.4895569086074829
1768216523931587600,4.486587646484375,-0.019423766061663628,0.3131858706474304,0.4251699447631836
1768216523941587500,4.49658740234375,-0.051712993532419205,0.32358765602111816,0.3151843249797821
1768216523951588600,4.506588623046875,-0.05271008238196373,0.35191330313682556,0.196917325258255
1768216523961589500,4.516589599609375,-0.02997387759387493,0.3332970142364502,0.13034868240356445
1768216523971589600,4.526589599609375,-0.030106769874691963,0.2606006860733032,0.1341434270143509
1768216523981590500,4.536590576171875,-0.024881115183234215,0.22330445051193237,0.18994756042957306
1768216523991590400,4.54659033203125,-0.026915770024061203,0.23292486369609833,0.22591781616210938
1768216524001591600,4.556591552734375,-0.04747324436903,0.21552616357803345,0.2120605856180191
1768216524011592700,4.5665927734375,-0.03840517997741699,0.1545610874891281,0.15118445456027985
1768216524021592600,4.576592529296875,-0.040701624006032944,0.13799995183944702,0.043654534965753555
1768216524031593500,4.586593505859375,-0.08627523481845856,0.013013536110520363,-0.08153481036424637
1768216524041594600,4.5965947265625,-0.079359270632267,-0.03409698233008385,-0.28867122530937195
1768216524051594500,4.606594482421875,-0.1492406129837036,-0.17538407444953918,-0.45532411336898804
1768216524061595400,4.616595458984375,-0.2298222780227661,-0.26340898871421814,-0.5385329723358154
1768216524071596500,4.626596435546875,-0.236277773976326,-0.21769051253795624,-0.5971515774726868
1768216524081596700,4.6365966796875,-0.30080243945121765,-0.20627833902835846,-0.5703580379486084
1768216524091597600,4.64659765625,-0.3590833246707916,-0.15660212934017181,-0.573760449886322
1768216524101598500,4.656598388671875,-0.4789189100265503,-0.003665574826300144,-0.6473239064216614
1768216524111598600,4.6665986328125,-0.6384609341621399,0.025436118245124817,-0.6457462310791016
1768216524121599500,4.676599609375,-0.7110464572906494,-0.007364972028881311,-0.5657603144645691
1768216524131600600,4.6866005859375,-0.8221873044967651,-0.14274702966213226,-0.3927334249019623
1768216524141600500,4.6966005859375,-0.8909783959388733,-0.24488724768161774,-0.24309228360652924
1768216524151601700,4.7066015625,-0.8864938616752625,-0.2573889195919037,-0.20103031396865845
1768216524161601500,4.7166015625,-0.8651385307312012,-0.2000550627708435,-0.21935392916202545
1768216524171602400,4.7266025390625,-0.8368808031082153,-0.12725169956684113,-0.2591535449028015
1768216524181603300,4.736603271484375,-0.7882285714149475,-0.11103810369968414,-0.21316739916801453
1768216524191603500,4.746603515625,-0.7201829552650452,-0.08341366797685623,-0.08691678941249847
1768216524201604600,4.7566044921875,-0.6587680578231812,-0.03577930107712746,0.03660088777542114
1768216524211605500,4.76660546875,-0.6403775811195374,0.0005957491230219603,0.13580790162086487
1768216524221605600,4.776605712890625,-0.6430367231369019,0.053643252700567245,0.19470050930976868
1768216524231606500,4.7866064453125,-0.6358371376991272,0.0649784654378891,0.24395248293876648
1768216524241607400,4.796607421875,-0.623071014881134,0.04890202730894089,0.2570725381374359
1768216524251607600,4.806607666015625,-0.600062906742096,0.03642432019114494,0.22401338815689087
1768216524261608700,4.816608642578125,-0.5789483189582825,0.01961018703877926,0.1427406370639801
1768216524271609600,4.826609619140625,-0.562843382358551,0.008958341553807259,0.06793137639760971
1768216524281609500,4.836609375,-0.5262475609779358,0.020256269723176956,0.027850806713104248
1768216524291610400,4.8466103515625,-0.48076874017715454,0.08579506725072861,0.02069089747965336
1768216524301610500,4.856610595703125,-0.43481484055519104,0.1755385398864746,0.021935658529400826
1768216524311611600,4.866611572265625,-0.38811925053596497,0.26209738850593567,0.022702116519212723
1768216524321612500,4.876612548828125,-0.35754162073135376,0.35290664434432983,0.02869422920048237
1768216524331612700,4.88661279296875,-0.3366270065307617,0.40661996603012085,0.024713335558772087
1768216524341613600,4.896613525390625,-0.31685012578964233,0.431793749332428,0.025547703728079796
1768216524351614500,4.906614501953125,-0.3092867434024811,0.40140867233276367,0.0373002327978611
1768216524361614600,4.916614501953125,-0.28350600600242615,0.33637216687202454,0.06030488386750221
1768216524371615700,4.92661572265625,-0.26815953850746155,0.32306674122810364,0.07734112441539764
1768216524381616000,4.9366162109375,-0.26257622241973877,0.3107088804244995,0.054727960377931595
1768216524391616000,4.946615966796875,-0.26424655318260193,0.3229207992553711,0.03594361990690231
1768216524401617200,4.9566171875,-0.2677733898162842,0.32050850987434387,0.033187780529260635
1768216524411618300,4.966618408203125,-0.277161568403244,0.2871502935886383,0.040174052119255066
1768216524421618200,4.9766181640625,-0.28543412685394287,0.24607741832733154,0.05245521664619446
1768216524431619000,4.986619140625,-0.2862485349178314,0.21347206830978394,0.09219463914632797
1768216524441619200,4.996619140625,-0.2594403624534607,0.1956523209810257,0.1119007021188736
1768216524451620000,5.0066201171875,-0.23852601647377014,0.1878308802843094,0.1173684373497963
1768216524461621000,5.01662109375,-0.21564839780330658,0.1598605066537857,0.12450943887233734
1768216524471621000,5.02662109375,-0.17376460134983063,0.12024092674255371,0.14252784848213196
1768216524481622300,5.036622314453125,-0.13350799679756165,0.08050496131181717,0.16692453622817993
1768216524491623200,5.046623046875,-0.10686147212982178,0.026064889505505562,0.19463446736335754
1768216524501623000,5.056623046875,-0.07539328932762146,-0.01714303344488144,0.18760424852371216
1768216524511624200,5.066624267578125,-0.04705006629228592,-0.05277479812502861,0.1740037500858307
1768216524521625000,5.076625,-0.02635117992758751,-0.07555707544088364,0.17719049751758575
1768216524531625000,5.086625,0.009573531337082386,-0.06840541958808899,0.17233048379421234
1768216524541626000,5.096626220703125,0.027467044070363045,-0.03401549160480499,0.1724759042263031
1768216524551627300,5.106627197265625,0.03990240767598152,0.007111971732228994,0.1819777935743332
1768216524561627100,5.116627197265625,0.05248983949422836,0.03900625556707382,0.20394913852214813
1768216524571628000,5.1266279296875,0.06479790806770325,0.043052393943071365,0.22734953463077545
1768216524581628200,5.136628173828125,0.07544069737195969,0.04314054548740387,0.24056307971477509
1768216524591629000,5.146629150390625,0.08536309748888016,0.003710848744958639,0.23706261813640594
1768216524601630200,5.156630126953125,0.08164532482624054,-0.027465712279081345,0.22092358767986298
1768216524611630000,5.166630126953125,0.07813262194395065,-0.03635427728295326,0.19713836908340454
1768216524621631200,5.17663134765625,0.06878119707107544,-0.001984054921194911,0.1750253438949585
1768216524631632100,5.186632080078125,0.06839663535356522,0.06057972460985184,0.15250219404697418
1768216524641632000,5.196632080078125,0.05787368491292,0.13876107335090637,0.13367576897144318
1768216524651633200,5.206633056640625,0.06777717918157578,0.2301138937473297,0.1106807067990303
1768216524661634300,5.21663427734375,0.06796333938837051,0.3216744363307953,0.09138956665992737
1768216524671634200,5.22663427734375,0.057667024433612823,0.34887781739234924,0.06413770467042923
1768216524681635000,5.236635009765625,0.05090685561299324,0.30715036392211914,0.04001292958855629
1768216524691636000,5.246635986328125,0.0471067912876606,0.24417325854301453,0.03717293590307236
1768216524701636000,5.256635986328125,0.04086034744977951,0.16032175719738007,0.04879576712846756
1768216524711637000,5.266636962890625,0.03743019700050354,0.09145507961511612,0.0642346441745758
1768216524721637000,5.27663720703125,0.03719610348343849,0.060204219073057175,0.07621114701032639
1768216524731638300,5.28663818359375,0.038729019463062286,0.0467403419315815,0.07558157294988632
1768216524741639200,5.29663916015625,0.03435291349887848,0.03563256189227104,0.07094474881887436
1768216524751639000,5.30663916015625,0.025749571621418,0.025081917643547058,0.05572744458913803
1768216524761640200,5.31664013671875,0.013883591629564762,0.03597291558980942,0.059068646281957626
1768216524771641000,5.32664111328125,-0.006542587652802467,0.07238844782114029,0.06480056792497635
1768216524781641000,5.336640869140625,-0.03224395588040352,0.10531523823738098,0.06437952071428299
1768216524791642000,5.34664208984375,-0.05823800712823868,0.14148256182670593,0.051122840493917465
1768216524801643000,5.35664306640625,-0.08115930110216141,0.17039942741394043,0.059660933911800385
1768216524811643100,5.36664306640625,-0.0920867845416069,0.187429279088974,0.07394932210445404
1768216524821644000,5.37664404296875,-0.10053246468305588,0.18665775656700134,0.09037463366985321
1768216524831645000,5.38664501953125,-0.11212760210037231,0.20107798278331757,0.10353358089923859
1768216524841645000,5.39664501953125,-0.13102512061595917,0.22830747067928314,0.10590086877346039
1768216524851646200,5.406646240234375,-0.13395726680755615,0.21256259083747864,0.09684718400239944
1768216524861646000,5.41664599609375,-0.1294807642698288,0.19062800705432892,0.0831524133682251
1768216524871647200,5.426647216796875,-0.12088008224964142,0.16851738095283508,0.0672147199511528
1768216524881648000,5.436648193359375,-0.10102967917919159,0.15940164029598236,0.06998787075281143
1768216524891648000,5.44664794921875,-0.07682500779628754,0.14276248216629028,0.07989083975553513
1768216524901649200,5.456649169921875,-0.0454990416765213,0.10227923095226288,0.08988621085882187
1768216524911650300,5.466650390625,-0.016226107254624367,0.04813903197646141,0.10980053246021271
1768216524921650200,5.476650146484375,0.00936127733439207,-0.011158911511301994,0.1320429891347885
1768216524931651000,5.486651123046875,0.033484723418951035,-0.07741622626781464,0.15128593146800995
1768216524941652000,5.49665185546875,0.05355031043291092,-0.1296892911195755,0.1688382923603058
1768216524951652000,5.506652099609375,0.0693625658750534,-0.14940892159938812,0.1853296458721161
1768216524961653200,5.5166533203125,0.07530327886343002,-0.1523330807685852,0.1977895051240921
1768216524971654100,5.526654052734375,0.07113569229841232,-0.14577211439609528,0.21292398869991302
1768216524981654300,5.536654296875,0.06463970988988876,-0.12836915254592896,0.21577756106853485
1768216524991655200,5.5466552734375,0.046177081763744354,-0.10758904367685318,0.21007387340068817
1768216525001656000,5.556656005859375,0.027712587267160416,-0.08410768955945969,0.18830040097236633
1768216525011656000,5.566656005859375,0.00600383011624217,-0.06744428724050522,0.15124277770519257
1768216525021657300,5.5766572265625,-0.011503257788717747,-0.0655856654047966,0.11362243443727493
1768216525031657200,5.5866572265625,-0.026216423138976097,-0.0639326423406601,0.08759642392396927
1768216525041658000,5.596658203125,-0.041378866881132126,-0.0703926756978035,0.09072776883840561
1768216525051659000,5.606658935546875,-0.046848200261592865,-0.0864185094833374,0.11918524652719498
1768216525061659100,5.6166591796875,-0.05156145989894867,-0.10024537891149521,0.15135996043682098
1768216525071660000,5.626659912109375,-0.05330663174390793,-0.08961830288171768,0.16788460314273834
1768216525081661200,5.6366611328125,-0.04857392609119415,-0.06684880703687668,0.1610962152481079
1768216525091661300,5.646661376953125,-0.042383141815662384,-0.035589952021837234,0.14214302599430084
1768216525101662200,5.656662109375,-0.033790986984968185,-0.010282997973263264,0.12378399074077606
1768216525111663000,5.6666630859375,-0.02701057866215706,0.004519650712609291,0.10415170341730118
1768216525121663000,5.6766630859375,-0.022950856015086174,0.019898606464266777,0.09351849555969238
1768216525131664100,5.6866640625,-0.021142836660146713,0.032408274710178375,0.09073522686958313
1768216525141664000,5.6966640625,-0.01625167392194271,0.0417461134493351,0.09469694644212723
1768216525151665200,5.7066650390625,-0.012554673478007317,0.032330241054296494,0.10214181244373322
1768216525161666000,5.716666015625,-0.02034229040145874,0.0360938236117363,0.10473014414310455
1768216525171666200,5.726666259765625,-0.01768818311393261,0.049914028495550156,0.09661602228879929
1768216525181667000,5.7366669921875,-0.006893592420965433,0.059603676199913025,0.06825228780508041
1768216525191668000,5.74666796875,0.003772101365029812,0.08466269075870514,0.02118757739663124
1768216525201668000,5.756668212890625,0.01353631541132927,0.0867982804775238,-0.015154984779655933
1768216525211669200,5.766669189453125,0.019814983010292053,0.06458831578493118,-0.022666696459054947
1768216525221670100,5.776670166015625,0.026631344109773636,0.04072665795683861,-0.017057014629244804
1768216525231670000,5.786669921875,0.035407792776823044,0.02599378302693367,-0.00526560191065073
1768216525241671200,5.796671142578125,0.03597557917237282,0.01581757888197899,0.0022626216523349285
1768216525251672000,5.806672119140625,0.038232605904340744,0.0025425199419260025,0.020356670022010803
1768216525261672000,5.816671875,0.045692652463912964,-0.004274639766663313,0.036485038697719574
1768216525271673000,5.826673095703125,0.04380340874195099,-0.0038157771341502666,0.043166644871234894
1768216525281674200,5.83667431640625,0.042695265263319016,0.013481187634170055,0.042521361261606216
1768216525291674000,5.846674072265625,0.036739639937877655,0.029533924534916878,0.032519325613975525
1768216525301675000,5.856675048828125,0.029774406924843788,0.04063184931874275,0.025043834000825882
1768216525311675100,5.866675048828125,0.026513898745179176,0.036019787192344666,0.018667427822947502
1768216525321676000,5.876676025390625,0.023612385615706444,0.025668878108263016,0.016327042132616043
1768216525331677200,5.88667724609375,0.017967814579606056,0.01901576854288578,0.013032977469265461
1768216525341677300,5.89667724609375,0.014142717234790325,0.01763971336185932,0.01593715511262417
1768216525351678200,5.90667822265625,0.010029464960098267,0.01107635349035263,0.029510753229260445
1768216525361679000,5.91667919921875,0.0016266588354483247,0.0017038905061781406,0.04880775138735771
1768216525371679000,5.926678955078125,-0.002207494108006358,-0.00993359088897705,0.05217958241701126
1768216525381680000,5.93668017578125,-0.005368666257709265,-0.02232927456498146,0.03629462420940399
1768216525391681500,5.946681640625,-0.007476558443158865,-0.04165876284241676,0.017794709652662277
1768216525401681400,5.956681396484375,-0.009483516216278076,-0.06145590543746948,0.011829495429992676
1768216525411682300,5.966682373046875,-0.012270514853298664,-0.07506012916564941,0.00749173853546381
1768216525421683200,5.97668310546875,-0.012626312673091888,-0.08176303654909134,0.010149306617677212
1768216525431683300,5.986683349609375,-0.01360316015779972,-0.07154395431280136,0.019640812650322914
1768216525441684500,5.9966845703125,-0.012456403113901615,-0.05998131260275841,0.02335086278617382
1768216525451684400,6.006684326171875,-0.010038252919912338,-0.0432574599981308,0.03007880598306656
1768216525461685500,6.016685546875,-0.009386311285197735,-0.03220320865511894,0.028301412239670753
1768216525471686400,6.026686279296875,-0.0067694890312850475,-0.03257045894861221,0.02707742340862751
1768216525481686300,6.036686279296875,-0.004484763368964195,-0.02660205028951168,0.029696110635995865
1768216525491687400,6.0466875,0.0010663296561688185,-0.017487647011876106,0.03582058101892471
1768216525501688600,6.0566884765625,0.0036248285323381424,0.00618146313354373,0.03399711474776268
1768216525511688400,6.0666884765625,0.008356200531125069,0.02742789499461651,0.029347768053412437
1768216525521689300,6.076689453125,0.0095658078789711,0.04236796498298645,0.022131135687232018
1768216525531690200,6.086690185546875,0.013075854629278183,0.05351116135716438,0.014639396220445633
1768216525541690400,6.0966904296875,0.015596004202961922,0.059481967240571976,0.00694871973246336
1768216525551691300,6.106691162109375,0.014688931405544281,0.05350716784596443,0.006364688742905855
1768216525561692400,6.1166923828125,0.017461014911532402,0.04566548764705658,0.00256462418474257
1768216525571692500,6.126692626953125,0.013461479917168617,0.04478717967867851,-0.006469883490353823
1768216525581693400,6.136693359375,0.013287309557199478,0.0453171469271183,-0.008017180487513542
1768216525591693300,6.146693359375,0.012285694479942322,0.04372803866863251,-0.0059742690064013
1768216525601694500,6.156694580078125,0.009317335672676563,0.04322683438658714,-0.005340436939150095
1768216525611695400,6.1666953125,0.008763398043811321,0.0420830063521862,-0.016939036548137665
1768216525621695200,6.1766953125,0.003418167121708393,0.03215261176228523,-0.027834294363856316
1768216525631696400,6.1866962890625,-0.00012410330236889422,0.018934275954961777,-0.03779158741235733
1768216525641697300,6.196697265625,-0.003231213428080082,0.00663420045748353,-0.0450524277985096
1768216525651697400,6.206697509765625,-0.004009122494608164,-0.0014660701854154468,-0.050099652260541916
1768216525661698300,6.2166982421875,-0.00974583812057972,-0.005891445092856884,-0.044138431549072266
1768216525671699200,6.22669921875,-0.010234528221189976,-0.004774248693138361,-0.038186267018318176
1768216525681699300,6.23669921875,-0.010320015251636505,-0.007783886976540089,-0.020596887916326523
1768216525691700500,6.246700439453125,-0.01119433157145977,-0.006765494588762522,-0.0024682176299393177
1768216525701701400,6.256701416015625,-0.006372411735355854,-0.0005811017472296953,0.010511763393878937
1768216525711701500,6.266701416015625,-0.002231995342299342,0.007084274664521217,0.017917482182383537
1768216525721702400,6.276702392578125,0.00009960222087102011,0.01161537691950798,0.02328934334218502
1768216525731703300,6.286703369140625,0.0027473168447613716,0.022354308515787125,0.023063240572810173
1768216525741703200,6.296703125,0.007279218174517155,0.03690661862492561,0.022062957286834717
1768216525751704600,6.30670458984375,0.007758054416626692,0.05085093155503273,0.013144830241799355
1768216525761704400,6.316704345703125,0.012054531835019588,0.05868488550186157,0.013374394737184048
1768216525771705300,6.326705322265625,0.011898737400770187,0.05884227901697159,0.008537028916180134
1768216525781706200,6.336706298828125,0.008904811926186085,0.06648075580596924,-0.00041678472189232707
1768216525791706400,6.346706298828125,0.0006354302167892456,0.06695932894945145,-0.019453858956694603
1768216525801707300,6.356707275390625,-0.0029728866647928953,0.06556116789579391,-0.03170226886868477
1768216525811708400,6.36670849609375,-0.0023792681749910116,0.06053498387336731,-0.03788666054606438
1768216525821708500,6.37670849609375,-0.0013960290234535933,0.05417961627244949,-0.03617158532142639
1768216525831709400,6.38670947265625,-0.0023422501981258392,0.04330619424581528,-0.025796443223953247
1768216525841710300,6.39671044921875,0.002770752878859639,0.04099137336015701,-0.02257295325398445
1768216525851710200,6.406710205078125,0.007654191460460424,0.04032478481531143,-0.022719427943229675
1768216525861711400,6.41671142578125,0.012329370714724064,0.04117060452699661,-0.024744760245084763
1768216525871712500,6.42671240234375,0.015241270884871483,0.03387514129281044,-0.024040887132287025
1768216525881712400,6.43671240234375,0.01534859649837017,0.020308200269937515,-0.0204570721834898
1768216525891713300,6.44671337890625,0.013784521259367466,0.01047367975115776,-0.010582869872450829
1768216525901713400,6.45671337890625,0.011967979371547699,0.012835371308028698,-0.000019707391402334906
1768216525911714300,6.46671435546875,0.008657670579850674,0.020377974957227707,0.007466171868145466
1768216525921715200,6.476715087890625,0.0075905416160821915,0.03566825017333031,0.008123706094920635
1768216525931715600,6.486715576171875,0.005717806983739138,0.04847858473658562,0.009517072699964046
1768216525941716500,6.496716552734375,0.0027598338201642036,0.04659093916416168,-0.003064765827730298
1768216525951717400,6.50671728515625,-0.0007869640830904245,0.04706338420510292,-0.011800467036664486
1768216525961717200,6.51671728515625,0.001784850494004786,0.043164514005184174,-0.01671905815601349
1768216525971718400,6.526718505859375,-0.0019257317762821913,0.029764819890260696,-0.016470586881041527
1768216525981719300,6.53671923828125,-0.004720186814665794,0.015915317460894585,-0.008051002398133278
1768216525991719400,6.546719482421875,-0.005261873826384544,0.014601846225559711,0.0014836470363661647
1768216526001720300,6.55672021484375,-0.010223343037068844,0.011443602852523327,0.009639311581850052
1768216526011721500,6.566721435546875,-0.009213471785187721,0.011009241454303265,0.021952437236905098
1768216526021721300,6.576721435546875,-0.008242749609053135,0.017423199489712715,0.03831995651125908
1768216526031722200,6.58672216796875,-0.008960471488535404,0.019942017272114754,0.04775873199105263
1768216526041723400,6.596723388671875,-0.006554305553436279,0.03657105937600136,0.054787613451480865
1768216526051723500,6.6067236328125,-0.007568703964352608,0.047323573380708694,0.05615967512130737
1768216526061724400,6.616724365234375,-0.003454652614891529,0.062058575451374054,0.054553255438804626
1768216526071724300,6.626724365234375,-0.002377137541770935,0.07015831768512726,0.05010657757520676
1768216526081725400,6.636725341796875,0.0062581622041761875,0.0740787535905838,0.04788150638341904
1768216526091726300,6.646726318359375,0.00762915750965476,0.1035865768790245,0.05398280918598175
1768216526101726200,6.656726318359375,0.004102599807083607,0.14011529088020325,0.05229516327381134
1768216526111727400,6.666727294921875,0.0001984054979402572,0.1642688363790512,0.03771036118268967
1768216526121728500,6.676728515625,-0.0007755124825052917,0.20098982751369476,0.031137412413954735
1768216526131728400,6.686728271484375,-0.010644921101629734,0.2250983566045761,0.018125474452972412
1768216526141729300,6.696729248046875,-0.01588149555027485,0.24592800438404083,0.010289655067026615
1768216526151730200,6.706730224609375,-0.023482955992221832,0.23881417512893677,-0.0049074068665504456
1768216526161730300,6.716730224609375,-0.023016901686787605,0.2254943698644638,-0.0070619042962789536
1768216526171731500,6.7267314453125,-0.03327859565615654,0.19510211050510406,0.00469621829688549
1768216526181732400,6.736732421875,-0.03645174950361252,0.1607808917760849,0.01990792714059353
1768216526191732500,6.746732421875,-0.03786482289433479,0.1335492730140686,0.02947959490120411
1768216526201733400,6.7567333984375,-0.04061586782336235,0.1245935931801796,0.023691480979323387
1768216526211733200,6.766733154296875,-0.032830119132995605,0.10516423732042313,0.021457355469465256
1768216526221734400,6.776734375,-0.038838207721710205,0.0794261172413826,0.021511683240532875
1768216526231735600,6.786735595703125,-0.04607641324400902,0.05758287012577057,0.019880497828125954
1768216526241735400,6.7967353515625,-0.05167491361498833,0.02671736478805542,0.01540798507630825
1768216526251736300,6.806736328125,-0.0468740314245224,0.01212563831359148,0.01817767135798931
1768216526261737500,6.816737548828125,-0.0477166548371315,-0.0030988543294370174,0.012825783342123032
1768216526271737300,6.8267373046875,-0.046492934226989746,-0.004051466938108206,0.016638098284602165
1768216526281738200,6.83673828125,-0.04279113933444023,-0.018634937703609467,0.028720594942569733
1768216526291739400,6.846739501953125,-0.03676946461200714,-0.03531138598918915,0.010641193017363548
1768216526301739500,6.856739501953125,-0.0311677735298872,-0.03677425906062126,-0.011185542680323124
1768216526311740400,6.866740478515625,-0.029565349221229553,-0.028014058247208595,-0.02262754738330841
1768216526321741300,6.8767412109375,-0.026801254600286484,-0.026506176218390465,-0.02978239580988884
1768216526331741400,6.886741455078125,-0.01997264288365841,-0.017722537741065025,-0.03150732442736626
1768216526341742300,6.896742431640625,-0.02400999516248703,-0.034814171493053436,-0.025648372247815132
1768216526351742200,6.9067421875,-0.027540015056729317,-0.07150480896234512,-0.011454255320131779
1768216526361743400,6.916743408203125,-0.031443677842617035,-0.0992584079504013,0.006071208510547876
1768216526371744500,6.92674462890625,-0.031124895438551903,-0.1224963515996933,0.015332084149122238
1768216526381744400,6.936744384765625,-0.0240736436098814,-0.12424737960100174,0.01170512568205595
1768216526391745300,6.946745361328125,-0.016408801078796387,-0.11740358918905258,0.011630557477474213
1768216526401746400,6.956746337890625,-0.007713313214480877,-0.09490946680307388,0.0181150883436203
1768216526411746600,6.96674658203125,-0.009978065267205238,-0.06840302795171738,0.034758780151605606
1768216526421747500,6.97674755859375,-0.004291950259357691,-0.05126957967877388,0.01907648891210556
1768216526431748400,6.986748291015625,-0.0070677632465958595,-0.029076658189296722,-0.004467186518013477
1768216526441748500,6.99674853515625,-0.006057093385607004,-0.021796375513076782,-0.013766678981482983
1768216526451749400,7.006749267578125,-0.009211874566972256,-0.03292226418852806,-0.02726224809885025
1768216526461750500,7.01675048828125,-0.008861402049660683,-0.033182986080646515,-0.03762700408697128
1768216526471750400,7.02675048828125,-0.005537777207791805,-0.02249785140156746,-0.030297718942165375
1768216526481751600,7.03675146484375,-0.001913481275551021,-0.015372831374406815,-0.017899638041853905
1768216526491752400,7.04675244140625,0.00227860058657825,-0.0033396040089428425,-0.003040264593437314
1768216526501752300,7.05675244140625,0.002712695859372616,0.002945189829915762,-0.0036783581599593163
1768216526511753200,7.066753173828125,0.004270378965884447,0.00276116537861526,-0.00896926037967205
1768216526521753300,7.07675341796875,0.004433097783476114,0.0033222935162484646,-0.016573118045926094
1768216526531754500,7.08675439453125,0.003983822651207447,-0.004591289907693863,-0.023329025134444237
1768216526541755400,7.09675537109375,0.002516687149181962,-0.014503841288387775,-0.02689499780535698
1768216526551755500,7.106755615234375,0.00464694993570447,-0.02774907276034355,-0.03172890096902847
1768216526561756400,7.11675634765625,0.006776147056370974,-0.03590447083115578,-0.039324767887592316
1768216526571757300,7.12675732421875,0.009998838417232037,-0.0433991402387619,-0.043476369231939316
1768216526581757200,7.136757080078125,0.008037419989705086,-0.043961863964796066,-0.047260724008083344
1768216526591758600,7.146758544921875,0.011830294504761696,-0.04246623441576958,-0.04911774396896362
1768216526601759500,7.156759521484375,0.012049738317728043,-0.03262052685022354,-0.04644792526960373
1768216526611759400,7.16675927734375,0.008905877359211445,-0.009763414971530437,-0.025477662682533264
1768216526621760300,7.17676025390625,0.012383433058857918,-0.015837285667657852,-0.0004524710529949516
1768216526631761400,7.186761474609375,0.01269608736038208,-0.025847043842077255,0.01787380501627922
1768216526641761300,7.19676123046875,0.01607510633766651,-0.030055370181798935,0.022186528891324997
1768216526651762400,7.206762451171875,0.014798120595514774,-0.02936241589486599,0.028624454513192177
1768216526661763300,7.216763427734375,0.018091652542352676,-0.022399848327040672,0.03303172066807747
1768216526671763500,7.226763427734375,0.016229303553700447,-0.01974068209528923,0.03459392860531807
1768216526681764400,7.236764404296875,0.019328424707055092,-0.02069835364818573,0.03105458803474903
1768216526691764500,7.246764404296875,0.017531055957078934,-0.02707529254257679,0.02503105066716671
1768216526701765400,7.256765380859375,0.01685088500380516,-0.027885161340236664,0.022006232291460037
1768216526711766500,7.2667666015625,0.018612831830978394,-0.027632160112261772,0.022185729816555977
1768216526721766400,7.276766357421875,0.014792794361710548,-0.020594224333763123,0.023090938106179237
1768216526731767300,7.286767333984375,0.010960505343973637,-0.01389770582318306,0.02623479999601841
1768216526741768400,7.2967685546875,0.007699198555201292,-0.011473696678876877,0.034445859491825104
1768216526751768300,7.306768310546875,0.007449127733707428,-0.014121145009994507,0.0361739844083786
1768216526761769200,7.316769287109375,0.005319397896528244,-0.017191769555211067,0.04176262766122818
1768216526771770400,7.326770263671875,0.004905542824417353,-0.021991318091750145,0.0406813845038414
1768216526781770500,7.3367705078125,0.00538357999175787,-0.02491147443652153,0.037042174488306046
1768216526791771400,7.346771484375,0.0076869479380548,-0.029734458774328232,0.031086547300219536
1768216526801772300,7.356772216796875,0.007010238710790873,-0.034753188490867615,0.02466939389705658
1768216526811772400,7.3667724609375,0.007296795025467873,-0.03297153115272522,0.017617342993617058
1768216526821773600,7.376773681640625,0.007733819540590048,-0.02845747396349907,0.012042282149195671
1768216526831773400,7.3867734375,0.004963599611073732,-0.021277325227856636,0.010358897969126701
1768216526841774300,7.3967744140625,0.004780107643455267,-0.016531305387616158,0.00808935146778822
1768216526851775500,7.406775390625,0.0062911855056881905,-0.01136983372271061,0.011498730629682541
1768216526861775400,7.416775390625,0.006621417589485645,-0.007867510430514812,0.011797803454101086
1768216526871776300,7.4267763671875,0.004710865672677755,-0.006880809087306261,0.008376174606382847
1768216526881777400,7.43677734375,0.00558092026039958,-0.01137063279747963,0.011800200678408146
1768216526891777500,7.446777587890625,0.004458398092538118,-0.017592841759324074,0.011454255320131779
1768216526901778400,7.4567783203125,0.00418302696198225,-0.025057949125766754,0.008496548980474472
1768216526911779300,7.466779296875,0.00344479875639081,-0.02659405954182148,0.00700730923563242
1768216526921779500,7.476779541015625,0.002132659312337637,-0.028966404497623444,0.0015190670965239406
1768216526931780400,7.4867802734375,0.001157143502496183,-0.03268364444375038,-0.000550475378986448
1768216526941781500,7.496781494140625,0.0007257114048115909,-0.028087293729186058,-0.0035236284602433443
1768216526951781600,7.50678173828125,0.00239231763407588,-0.023551665246486664,-0.006426740437746048
1768216526961782500,7.516782470703125,0.003171292133629322,-0.01776248589158058,-0.005941246170550585
1768216526971783400,7.526783447265625,0.005291700828820467,-0.010916297324001789,-0.007306382525712252
1768216526981783300,7.536783203125,0.01079645473510027,-0.005007541738450527,-0.01088913343846798
1768216526991784400,7.546784423828125,0.012103267945349216,-0.003263437654823065,-0.011327489279210567
1768216527001784300,7.556784423828125,0.016088156029582024,-0.0013235911028459668,-0.015121161937713623
1768216527011785500,7.566785400390625,0.01501010823994875,0.00003728425508597866,-0.011707255616784096
1768216527021786400,7.576786376953125,0.016187759116292,-0.001175519311800599,-0.010054764337837696
1768216527031786500,7.586786376953125,0.013907027430832386,-0.005254150368273258,-0.007505853194743395
1768216527041787400,7.596787353515625,0.014365090988576412,-0.013001020066440105,-0.0073410035111010075
1768216527051788300,7.606788330078125,0.012109925970435143,-0.00878923013806343,-0.007096791639924049
1768216527061788400,7.616788330078125,0.012828713282942772,-0.00666456064209342,-0.0010974886827170849
1768216527071789600,7.62678955078125,0.007488009985536337,-0.0033044503070414066,0.0016279903938993812
1768216527081790500,7.63679052734375,0.004009388852864504,-0.006187854800373316,0.006368683185428381
1768216527091790300,7.646790283203125,0.0028549085836857557,-0.009410812519490719,0.00640809815376997
1768216527101791500,7.65679150390625,0.0011030812747776508,-0.014154701493680477,0.005732720717787743
1768216527111792400,7.66679248046875,0.0006434197421185672,-0.01690361648797989,0.0014354437589645386
1768216527121792300,7.676792236328125,-0.00010279801790602505,-0.022408369928598404,0.0011350392596796155
1768216527131793400,7.68679345703125,0.0006348976166918874,-0.024690166115760803,-0.0010926949325948954
1768216527141794600,7.696794677734375,0.0007062703371047974,-0.020798489451408386,-0.003299922915175557
1768216527151794400,7.70679443359375,0.0009707222343422472,-0.016934508457779884,0.002433330286294222
1768216527161795300,7.71679541015625,0.0037611823063343763,-0.01410623174160719,0.004254399798810482
1768216527171795500,7.72679541015625,0.0032929987646639347,-0.014273211359977722,0.002686863299459219
1768216527181796400,7.73679638671875,0.0036272252909839153,-0.009164736606180668,0.0018988338997587562
1768216527191797500,7.746797607421875,0.003899933071807027,-0.012624715454876423,0.0012905678013339639
1768216527201797400,7.75679736328125,0.0028210864402353764,-0.01357333268970251,-0.0016727314796298742
1768216527211798500,7.766798583984375,0.000988032785244286,-0.015856727957725525,-0.0015598133904859424
1768216527221799400,7.77679931640625,0.0007659250986762345,-0.019727366045117378,-0.0010418286547064781
1768216527231799300,7.78679931640625,0.001374723738990724,-0.017964886501431465,-0.001654622028581798
1768216527241800200,7.79680029296875,0.0020245350897312164,-0.017958493903279305,-0.005929261911660433
1768216527251801600,7.806801513671875,0.001118527608923614,-0.019462380558252335,-0.005679191090166569
1768216527261801500,7.816801513671875,-0.0008980178972706199,-0.02442491613328457,0.0014761901693418622
1768216527271802400,7.82680224609375,-0.0005765743553638458,-0.02889210171997547,0.006052033510059118
1768216527281803300,7.83680322265625,-0.004057059530168772,-0.029516613110899925,0.011215636506676674
1768216527291803400,7.846803466796875,-0.00404507527127862,-0.02953578718006611,0.014271880500018597
1768216527301804300,7.85680419921875,-0.006059224251657724,-0.026853451505303383,0.00908564031124115
1768216527311804400,7.866804443359375,-0.0080350236967206,-0.028553614392876625,0.007795072626322508
1768216527321805600,7.8768056640625,-0.007433947641402483,-0.03127696365118027,0.002614957746118307
1768216527331806500,7.886806396484375,-0.006699181627482176,-0.03188282996416092,0.003206978552043438
1768216527341806300,7.896806396484375,-0.005571332760155201,-0.029458822682499886,0.008069111965596676
1768216527351807200,7.90680712890625,-0.004681038204580545,-0.02647128887474537,0.008040616288781166
1768216527361808400,7.916808349609375,-0.004682635888457298,-0.022324213758111,0.010151703841984272
1768216527371808500,7.92680859375,-0.0035635759122669697,-0.01786688156425953,0.0067689563147723675
1768216527381809400,7.936809326171875,-0.0031518512405455112,-0.014220480807125568,0.0023007048293948174
1768216527391810300,7.946810302734375,-0.0022770026698708534,-0.006874417886137962,0.0010578075889497995
1768216527401810400,7.956810546875,0.00024341292737517506,-0.003388606244698167,0.00016724651504773647
1768216527411811300,7.966811279296875,-0.002112952060997486,-0.006097573786973953,-0.004188619554042816
1768216527421812200,7.976812255859375,0.0007925567333586514,-0.008490423671901226,-0.0003171824791934341
1768216527431812600,7.9868125,0.0007816377910785377,-0.008176969364285469,-0.0017638115677982569
1768216527441813500,7.9968134765625,-0.0006106628570705652,-0.001907355966977775,-0.002153698354959488
1768216527451814400,8.006814453125,-0.0024311996530741453,-0.0023347933311015368,-0.003756654914468527
1768216527461814500,8.016814453125,0.0008996158139780164,-0.006371346767991781,-0.0027861990965902805
1768216527471815400,8.0268154296875,-0.00072597770486027,-0.01744050905108452,0.005019525997340679
1768216527481815300,8.036815185546875,-0.000441818410763517,-0.022938072681427002,0.008250739425420761
1768216527491816400,8.04681640625,-0.0015725966077297926,-0.025847310200333595,0.00999297946691513
1768216527501817300,8.0568173828125,0.001978195970878005,-0.02768888510763645,0.012803679332137108
1768216527511817500,8.0668173828125,0.0046267095021903515,-0.035176895558834076,0.01763678342103958
1768216527521818400,8.076818359375,0.003942010924220085,-0.03707040473818779,0.021943647414445877
1768216527531819300,8.0868193359375,0.002662095706909895,-0.032038893550634384,0.021093834191560745
1768216527541819400,8.0968193359375,0.00007137271313695237,-0.024623055011034012,0.018125474452972412
1768216527551820500,8.106820556640624,0.0026192190125584602,-0.023969780653715134,0.011175156570971012
1768216527561821400,8.116821533203124,0.0005744438385590911,-0.01630067639052868,0.010372213087975979
1768216527571821600,8.126821533203126,-0.0022599585354328156,-0.008293350227177143,0.007254983298480511
1768216527581822500,8.136822509765626,-0.00039547940832562745,-0.007748733274638653,0.00666349520906806
1768216527591823400,8.1468232421875,-0.0013076120521873236,-0.008743157610297203,0.005648031830787659
1768216527601823200,8.1568232421875,-0.00036938043194822967,-0.0041345576755702496,0.0036482643336057663
1768216527611824600,8.16682470703125,-0.0007262440049089491,-0.002028263406828046,0.002606435678899288
1768216527621825500,8.176825439453125,0.00037976677413098514,-0.004116980824619532,0.004066380672156811
1768216527631825400,8.186825439453125,-0.0006748450105078518,-0.002395247109234333,0.004294081125408411
1768216527641826300,8.196826416015625,0.0004415521107148379,-0.0002665824140422046,0.003552124137058854
1768216527651826400,8.206826416015625,-0.00026791400159709156,-0.0007424892974086106,0.004772384651005268
1768216527661827300,8.216827392578125,-0.001333178486675024,-0.0018423747969791293,0.0015419702976942062
1768216527671828500,8.226828369140625,0.001181378262117505,-0.00041811628034338355,0.004850415047258139
1768216527681828600,8.23682861328125,-0.002210956299677491,-0.00042211104300804436,0.0041702440939843655
1768216527691829500,8.24682958984375,-0.0008625978953205049,0.0014495585346594453,0.0033518546260893345
1768216527701830400,8.256830322265625,-0.00034434671397320926,0.003102849004790187,0.00019707392493728548
1768216527711830300,8.266830322265625,-0.00003488740912871435,0.001261539408005774,-0.003127083647996187
1768216527721831400,8.27683154296875,0.000010386328540334944,-0.0006687197601422668,-0.005288505461066961
1768216527731832600,8.28683251953125,0.0001954760227818042,0.0015986956423148513,-0.004449343308806419
1768216527741832400,8.29683251953125,0.00036964676110073924,0.0062333946116268635,-0.0029292108956724405
1768216527751833300,8.306833251953124,0.00025007082149386406,0.010290720500051975,-0.00032863407977856696
1768216527761834500,8.31683447265625,-0.0006953513366170228,0.011281150393188,-0.0004191815387457609
1768216527771834400,8.32683447265625,-0.002030926523730159,0.009091765619814396,0.0012956279097124934
1768216527781835300,8.336835205078126,-0.0029976540245115757,0.008099738508462906,-0.000003728425554072601
1768216527791835400,8.34683544921875,-0.004396612755954266,0.006737797521054745,0.00008974852971732616
1768216527801836500,8.35683642578125,-0.0011235876008868217,0.002475142013281584,0.0003616572648752481
1768216527811837400,8.36683740234375,-0.0006700513185933232,-0.0009922938188537955,-0.0006026733317412436
1768216527821837300,8.37683740234375,-0.0008008125587366521,-0.00570023013278842,-0.003629888640716672
1768216527831838500,8.38683837890625,0.00022530343267135322,-0.006668555550277233,-0.006261890754103661
1768216527841839400,8.39683935546875,0.0030655646696686745,-0.009236108511686325,-0.005253617651760578
1768216527851839200,8.406839111328125,0.0014024205738678575,-0.00782436691224575,-0.005419532768428326
1768216527861840400,8.41684033203125,0.0005579322460107505,-0.006331399083137512,-0.004927114117890596
1768216527871841500,8.426841552734375,-0.000003462109361862531,-0.0035180358681827784,-0.0015393070643767715
1768216527881841400,8.43684130859375,0.0007813714328221977,-0.003937217406928539,-0.0011041465913876891
1768216527891842300,8.44684228515625,-0.0012868394842371345,-0.0006945523782633245,-0.0012389025650918484
1768216527901843200,8.45684326171875,-0.0014053500490263104,0.0005968143814243376,-0.0032895365729928017
1768216527911843300,8.46684326171875,-0.0015052186790853739,0.002894589677453041,-0.008237423375248909
1768216527921844500,8.476844482421875,0.0006740460521541536,0.007843541912734509,-0.009030778892338276
1768216527931845400,8.486845458984375,0.0017688715597614646,0.011204184964299202,-0.008188687264919281
1768216527941845500,8.496845458984374,0.0018674085149541497,0.01284469198435545,-0.009337841533124447
1768216527951846400,8.506846435546874,0.0019121496006846428,0.009327455423772335,-0.011721104383468628
1768216527961847300,8.516847412109374,0.0022591594606637955,0.00691942498087883,-0.012604741379618645
1768216527971847200,8.52684716796875,0.0006862966110929847,0.004887433256953955,-0.012109126895666122
1768216527981848600,8.5368486328125,0.002225870033726096,0.004484230652451515,-0.0093905720859766
1768216527991848400,8.546848388671876,0.0009680590592324734,0.00247567449696362,-0.007910121232271194
1768216528001849300,8.556849365234376,-0.0007635282818228006,0.00037044569035060704,-0.00827018078416586
1768216528011850200,8.566850341796876,-0.0009390306076966226,-0.0020897823851555586,-0.009199091233313084
1768216528021850400,8.576850341796876,-0.0018101505702361465,-0.0008532768115401268,-0.009997506625950336
1768216528031851500,8.5868515625,-0.002510561840608716,0.001970472978428006,-0.009600695222616196
1768216528041852400,8.596852294921876,-0.0016706009628251195,-0.0006740460521541536,-0.006744988262653351
1768216528051852500,8.6068525390625,-0.0020836573094129562,-0.0054578823037445545,-0.009310144931077957
1768216528061853400,8.616853515625,-0.003690076060593128,-0.005672000348567963,-0.009345298632979393
1768216528071854300,8.626854248046875,-0.0023031015880405903,-0.005892243701964617,-0.009007875807583332
1768216528081854500,8.6368544921875,-0.0031609057914465666,-0.006375074852257967,-0.006990797817707062
1768216528091855600,8.646855712890625,-0.0013949638232588768,-0.006323676090687513,-0.005505020264536142
1768216528101856500,8.6568564453125,-0.0007574030314572155,-0.006403038278222084,-0.00621049152687192
1768216528111856400,8.6668564453125,-0.002241050126031041,-0.005146292503923178,-0.005914880894124508
1768216528121857300,8.676857177734375,-0.0024141555186361074,-0.005016330163925886,-0.005664277356117964
1768216528131857400,8.686857421875,-0.0020189424976706505,-0.0015033544041216373,-0.006779076531529427
1768216528141858300,8.6968583984375,-0.0017595505341887474,0.0024770060554146767,-0.00863263662904501
1768216528151859500,8.706859375,-0.0017587515758350492,0.005674929823726416,-0.006187854800373316
1768216528161859600,8.716859619140624,-0.0005624596378766,0.007060039788484573,-0.006295712664723396
1768216528171860500,8.726860595703124,-0.002430667169392109,0.007954062893986702,-0.0062642875127494335
1768216528181861400,8.736861328125,-0.0023132218047976494,0.008620119653642178,-0.006645918358117342
1768216528191861500,8.746861572265624,-0.0025422535836696625,0.007962851785123348,-0.006356166675686836
1768216528201862400,8.7568623046875,-0.0014652712270617485,0.009574863128364086,-0.005642971955239773
1768216528211863600,8.766863525390624,0.0009973538108170033,0.010860370472073555,-0.0014136058744043112
1768216528221863400,8.776863525390626,0.00039601203752681613,0.009074721485376358,0.00010199906682828441
1768216528231864600,8.786864501953126,-0.0005677859298884869,0.006955377757549286,0.00011691277177305892
1768216528241865500,8.796865478515626,-0.0014868428697809577,0.008708270266652107,0.0007568703731521964
1768216528251865300,8.806865234375,0.00016724651504773647,0.014384797774255276,-0.0014937670202925801
1768216528261866200,8.8168662109375,0.0004261057765688747,0.019029883667826653,-0.00398728484287858
1768216528271867400,8.826867431640625,0.0017084177816286683,0.021798240020871162,-0.008706139400601387
1768216528281867500,8.836867431640625,-0.00005193164179218002,0.017858359962701797,-0.006628874223679304
1768216528291868400,8.846868408203125,-0.0005307680112309754,0.014629276469349861,-0.0024381240364164114
1768216528301869300,8.856869384765625,-0.0009275790071114898,0.012494220398366451,0.0020216056145727634
1768216528311869400,8.866869384765625,-0.0016319850692525506,0.010901915840804577,0.0033864756114780903
1768216528321870300,8.876870361328125,-0.0009134642314165831,0.011578625068068504,0.0032085764687508345
1768216528331870200,8.8868701171875,-0.0018642127979546785,0.008871255442500114,0.005080245900899172
1768216528341871600,8.89687158203125,0.00009800432599149644,0.007634217385202646,0.0019257317762821913
1768216528351872500,8.90687255859375,0.0011560781858861446,0.007144728675484657,-0.0001608549355296418
1768216528361872400,8.916872314453125,0.0005305017111822963,0.005049886181950569,-0.003727626521140337
1768216528371873300,8.926873291015625,0.0005826996639370918,0.003946804907172918,-0.007292001508176327
1768216528381874400,8.93687451171875,0.00025726135936565697,0.0017033577896654606,-0.008388158865272999
1768216528391875600,8.94687548828125,-0.0016700683627277613,0.0024056334514170885,-0.006386526394635439
1768216528401876700,8.956876708984375,-0.0030338731594383717,0.005799299571663141,-0.0038956720381975174
1768216528411877600,8.966877685546875,-0.003162237349897623,0.007643804885447025,-0.0029995182994753122
1768216528421877500,8.97687744140625,-0.0018905780743807554,0.013126720674335957,-0.006372944451868534
1768216528431878700,8.986878662109374,-0.001303351018577814,0.015217036008834839,-0.008903213776648045
1768216528441879600,8.996879638671874,-0.0018402442801743746,0.021766813471913338,-0.011325891129672527
1768216528451879700,9.006879638671874,0.0007978830835781991,0.027950407937169075,-0.012344816699624062
1768216528461880600,9.016880615234374,-0.00005352953667170368,0.030241791158914566,-0.011634551919996738
1768216528471880700,9.026880615234376,-0.0005142564186826348,0.03166311979293823,-0.010056628845632076
1768216528481881600,9.036881591796876,0.00101146858651191,0.030855916440486908,-0.010361027903854847
1768216528491882500,9.046882568359376,0.0007107976707629859,0.028792764991521835,-0.013058544136583805
1768216528501882600,9.056882568359375,-0.0017126789316534996,0.027658792212605476,-0.014457502402365208
1768216528511883800,9.0668837890625,-0.0022455775178968906,0.02725132741034031,-0.011885421350598335
1768216528521884700,9.076884765625,-0.0018785938154906034,0.023738618940114975,-0.013590376824140549
1768216528531884500,9.086884521484375,-0.0029888655990362167,0.021192369982600212,-0.015424496494233608
1768216528541885700,9.0968857421875,-0.0025097629986703396,0.02196095883846283,-0.015977900475263596
1768216528551886600,9.106886474609375,-0.0035276231355965137,0.027162378653883934,-0.019060242921113968
1768216528561886500,9.116886474609375,-0.0027952538803219795,0.02955229952931404,-0.01937183365225792
1768216528571887600,9.1268876953125,-0.0035712989047169685,0.03099679760634899,-0.015174957923591137
1768216528581888800,9.136888671875,-0.005005411338061094,0.03178242966532707,-0.01528654433786869
1768216528591888600,9.146888671875,-0.003370496677234769,0.028810875490307808,-0.016805078834295273
1768216528601889500,9.1568896484375,-0.0051928977482020855,0.025976739823818207,-0.0179973766207695
1768216528611890400,9.166890380859375,-0.003072755178436637,0.023986559361219406,-0.015109177678823471
1768216528621890600,9.176890625,-0.0022205437999218702,0.021526863798499107,-0.016501212492585182
1768216528631891700,9.1868916015625,-0.0007262440049089491,0.018123609945178032,-0.018078336492180824
1768216528641891800,9.196891845703124,-0.00007270430069183931,0.019039204344153404,-0.01805916242301464
1768216528651892700,9.206892822265624,-0.0006327670416794717,0.018852783367037773,-0.016595754772424698
1768216528661893600,9.2168935546875,-0.00016671388584654778,0.02093324437737465,-0.01447028573602438
1768216528671893500,9.2268935546875,-0.0009861685102805495,0.02340066432952881,-0.013247362338006496
1768216528681894700,9.236894775390626,-0.0017118799732998013,0.025422003120183945,-0.012928315438330173
1768216528691895800,9.246895751953126,-0.0006900250446051359,0.024996429681777954,-0.013014601543545723
1768216528701895700,9.256895751953126,-0.002558765234425664,0.023243270814418793,-0.01564047858119011
1768216528711896600,9.266896484375,-0.0034730283077806234,0.023420104756951332,-0.017315607517957687
1768216528721897700,9.276897705078126,-0.0032178976107388735,0.022156434133648872,-0.017913753166794777
1768216528731897600,9.286897705078125,-0.0032003207597881556,0.02484969049692154,-0.019395802170038223
1768216528741898500,9.2968984375,-0.0023608922492712736,0.03208363428711891,-0.02148957923054695
1768216528751899600,9.306899658203125,-0.0026013758033514023,0.03587890416383743,-0.027103789150714874
1768216528761899800,9.316899658203125,-0.0013630058383569121,0.037935663014650345,-0.027629496529698372
1768216528771900700,9.326900634765625,0.00010759170982055366,0.047143545001745224,-0.022826218977570534
1768216528781901600,9.336901611328125,0.00018508969515096396,0.039383623749017715,-0.026630545035004616
1768216528791901700,9.346901611328125,-0.0002687129599507898,0.03099227137863636,-0.027114175260066986
1768216528801902600,9.356902587890625,0.0027627632953226566,0.027180753648281097,-0.01950046420097351
1768216528811902500,9.36690234375,0.0009803095599636436,0.024980716407299042,-0.015353390015661716
1768216528821903600,9.376903564453125,0.0010125337867066264,0.02081313729286194,-0.013161075301468372
1768216528831904800,9.38690478515625,-0.000937166390940547,0.020474381744861603,-0.017125191166996956
1768216528841904600,9.396904541015624,-0.0002556634717620909,0.018424279987812042,-0.02136947028338909
1768216528851905500,9.406905517578124,-0.00001864212754298933,0.01672065630555153,-0.023898674175143242
1768216528861906400,9.416906494140624,-0.0008966863388195634,0.00860174372792244,-0.028179707005620003
1768216528871906600,9.426906494140624,-0.003988349810242653,0.0027393274940550327,-0.0330844484269619
1768216528881907700,9.43690771484375,-0.001445830101147294,0.004797950852662325,-0.03669649362564087
1768216528891908600,9.44690869140625,-0.002834402257576585,0.006530337035655975,-0.03266100585460663
1768216528901908700,9.45690869140625,-0.0033899378031492233,0.011684086173772812,-0.027702201157808304
1768216528911909600,9.46690966796875,-0.0023257385473698378,0.0161222442984581,-0.02725079655647278
1768216528921910500,9.47691064453125,-0.0030660973861813545,0.020667994394898415,-0.023745808750391006
1768216528931910400,9.486910400390625,-0.002201901515945792,0.020068516954779625,-0.017080184072256088
1768216528941911800,9.496911865234376,-0.0037819549906998873,0.018811505287885666,-0.010453440248966217
1768216528951912700,9.50691259765625,-0.002543585142120719,0.01853107288479805,-0.006973753683269024
1768216528961912600,9.51691259765625,-0.002127599436789751,0.014638330787420273,-0.005139634478837252
1768216528971913500,9.52691357421875,-0.0036709012929350138,0.014538728632032871,-0.006106362212449312
1768216528981914600,9.53691455078125,-0.0020359866321086884,0.01420636661350727,-0.0015345134306699038
1768216528991914500,9.54691455078125,-0.003965979442000389,0.011077684350311756,-0.00809228140860796
1768216529001915600,9.55691552734375,-0.003368099918588996,0.007683752104640007,-0.01612144522368908
1768216529011915800,9.566915771484375,-0.002532399957999587,0.005939648021012545,-0.018569422885775566
1768216529021916700,9.576916748046875,-0.005025917664170265,0.004268780816346407,-0.021086908876895905
1768216529031917600,9.58691748046875,-0.002561694709584117,0.007062703371047974,-0.021017933264374733
1768216529041917400,9.59691748046875,-0.003367034485563636,0.009374060668051243,-0.018033063039183617
1768216529051918600,9.606918701171875,-0.0018602180061861873,0.007729026023298502,-0.014367487281560898
1768216529061919700,9.616919677734375,-0.0014343785587698221,0.010763165540993214,-0.007382548879832029
1768216529071919600,9.626919677734374,-0.0023558323737233877,0.009409214369952679,-0.0037238982040435076
1768216529081920500,9.63692041015625,-0.0024674187880009413,0.01258024014532566,-0.0035659726709127426
1768216529091921700,9.646921630859374,-0.00045140579459257424,0.015981096774339676,-0.006220345385372639
1768216529101921500,9.656921630859374,-0.0002865561400540173,0.012514992617070675,-0.0065316688269376755
1768216529111922400,9.66692236328125,-0.000904409505892545,0.0023909860756248236,-0.00390259618870914
1768216529121923600,9.676923583984374,-0.0011110707418993115,-0.0009595369338057935,-0.001422128058038652
1768216529131923700,9.686923828125,-0.002436792477965355,-0.001258876291103661,-0.002377403900027275
1768216529141924600,9.696924560546876,-0.002151301596313715,-0.001404018490575254,-0.004226170480251312
1768216529151925500,9.706925537109376,-0.0020999026019126177,-0.002034122357144952,-0.003185939509421587
1768216529161925600,9.716925537109375,-0.0027632960118353367,-0.005526325665414333,0.0011606055777519941
1768216529171926800,9.7269267578125,-0.0017808558186516166,-0.003573163179680705,0.0006652576266787946
1768216529181926700,9.7369267578125,-0.001469798618927598,-0.0014708638191223145,0.0010583401890471578
1768216529191927600,9.746927490234375,-0.0018042916199192405,-0.002906307578086853,0.0007936219917610288
1768216529201928700,9.7569287109375,0.0006793724023737013,-0.00264824740588665,0.002746784361079335
1768216529211928600,9.766928466796875,-0.00041545313433744013,-0.0008343683439306915,0.000627973407972604
1768216529221929500,9.776929443359375,0.001219461439177394,0.0040855552069842815,0.0026224146131426096
1768216529231930600,9.7869306640625,0.00016937704640440643,0.005231780000030994,0.004932973068207502
1768216529241930800,9.7969306640625,-0.001163268811069429,0.00777643034234643,0.005109807010740042
1768216529251931600,9.806931640625,-0.0028724854346364737,0.009212406352162361,0.0026812704745680094
1768216529261932500,9.8169326171875,-0.0024735440965741873,0.00899562519043684,0.0014820491196587682
1768216529271932700,9.8269326171875,-0.0032621060963720083,0.009983657859265804,-0.00361763802357018
1768216529281933600,9.83693359375,0.0002335592289455235,0.007556186988949776,-0.005397162400186062
1768216529291934700,9.846934814453125,0.0004620584368240088,0.0060147494077682495,-0.0031241541728377342
1768216529301934600,9.8569345703125,0.000003994741746282671,0.002734267385676503,-0.0032687638886272907
1768216529311935700,9.866935791015624,-0.0013739247806370258,-0.002852511825039983,-0.001871136948466301
1768216529321936600,9.8769365234375,-0.00038828887045383453,-0.0041121868416666985,0.00042290997225791216
1768216529331936500,9.8869365234375,-0.00032197617110796273,-0.003325755475088954,-0.0017092167399823666
1768216529341937700,9.896937744140626,-0.0015542207984253764,-0.0009134642314165831,-0.001136104459874332
1768216529351938800,9.906938720703126,0.00019707392493728548,-0.00007243797881528735,-0.0027987160719931126
1768216529361938700,9.916938720703126,-0.0010972223244607449,0.0001496696495451033,-0.0018868496408686042
1768216529371939600,9.926939697265626,-0.0014682007022202015,0.003347327234223485,-0.006050701718777418
1768216529381939700,9.936939697265625,-0.002014415105804801,0.006060555577278137,-0.005152684170752764
1768216529391939000,9.94693896484375,-0.002594451420009136,0.006015814375132322,-0.005101817660033703
1768216529401940200,9.956940185546875,-0.0025837989524006844,0.004726844374090433,-0.0021137509029358625
1768216529411940400,9.9669404296875,-0.0005496764206327498,0.0021544971968978643,0.0010863033821806312
1768216529421941200,9.976941162109375,-0.0007890945998951793,0.0011683288030326366,0.002891926560550928
1768216529431942100,9.986942138671875,-0.0005866943974979222,-0.0036392095498740673,0.0010066748363897204
1768216529441942300,9.9969423828125,0.0002463423879817128,-0.006706904619932175,0.0017390442080795765
1768216529451943200,10.006943115234375,0.0005603290628641844,-0.010043046437203884,0.0011531487107276917
1768216529461944300,10.0169443359375,0.0012359730899333954,-0.009184976108372211,0.0015430354978889227
1768216529471944400,10.0269443359375,0.0005422196118161082,-0.005468268413096666,0.003291400847956538
1768216529481945300,10.0369453125,0.0003206445835530758,-0.003481017891317606,0.0032959282398223877
1768216529491946200,10.0469462890625,-0.0019294602097943425,-0.0019542276859283447,0.0024588967207819223
1768216529501946000,10.056946044921874,0.0005020058597438037,-0.0005685848882421851,0.0011472897604107857
1768216529511947300,10.066947265625,-0.0017755294684320688,-0.002526008291170001,0.0018453042721375823
1768216529521948400,10.076948486328124,-0.0011829761788249016,-0.005787048954516649,0.0006207828409969807
1768216529531948300,10.0869482421875,-0.002353968098759651,-0.0068030450493097305,-0.002127599436789751
1768216529541949200,10.09694921875,-0.0019166769925504923,-0.005042961798608303,-0.002484462922438979
1768216529551950300,10.106950439453126,-0.0019795275293290615,-0.004127100575715303,0.0014253237750381231
1768216529561950200,10.1169501953125,-0.0008130630594678223,-0.0026053704787045717,0.003894340479746461
1768216529571951000,10.126951171875,-0.00034940673504024744,-0.003856257302686572,0.002936401404440403
1768216529581951200,10.136951171875,-0.0010508833220228553,-0.005111671518534422,0.0029670277144759893
1768216529591952400,10.146952392578125,-0.0010487528052181005,-0.005424859002232552,0.000322775129461661
1768216529601953300,10.156953369140625,-0.002097239252179861,-0.0009773800848051906,-0.0026133600622415543
1768216529611953200,10.166953125,-0.00027057717670686543,-0.003051982494071126,-0.0020900487434118986
1768216529621954300,10.176954345703125,-0.0019707391038537025,-0.0020844561513513327,-0.004477572627365589
1768216529631955200,10.186955078125,-0.000499875342939049,-0.004441353492438793,-0.0049135321751236916
1768216529641955000,10.196955078125,-0.002514556748792529,-0.006383596919476986,-0.005017395596951246
1768216529651956200,10.206956298828125,-0.0014990933705121279,-0.003739344421774149,-0.003835218260064721
1768216529661957400,10.216957275390625,-0.0023278691805899143,-0.002603506203740835,-0.002793655963614583
1768216529671957200,10.226957275390625,-0.0024895230308175087,-0.003976366017013788,-0.0004921521758660674
1768216529681958100,10.236958251953125,-0.00177899154368788,-0.009457684122025967,-0.001187237212434411
1768216529691959000,10.246958984375,-0.00038242992013692856,-0.011944543570280075,-0.001751827308908105
1768216529701959200,10.256959228515624,-0.002254632068797946,-0.012345882132649422,-0.002216815249994397
1768216529711960300,10.266960205078124,-0.0023342606145888567,-0.014634336344897747,0.0011060107499361038
1768216529721961200,10.276961181640624,-0.0017531589837744832,-0.014284397475421429,0.0015574166318401694
1768216529731961300,10.28696142578125,-0.0024506407789885998,-0.013798103667795658,0.00001651159800530877
1768216529741962200,10.296962158203126,-0.002365685999393463,-0.01221405528485775,-0.00037630466977134347
1768216529751962000,10.306962158203126,-0.001487375469878316,-0.013221262954175472,-0.0004106594424229115
1768216529761963000,10.316962890625,-0.0012961605098098516,-0.012891297228634357,-0.0014863101532682776
1768216529771964400,10.32696435546875,0.0005379585199989378,-0.013640178367495537,-0.0004846953088417649
1768216529781964300,10.33696435546875,0.00043010051012970507,-0.017583521082997322,0.002508697798475623
1768216529791965200,10.346965087890625,0.00015153386630117893,-0.020315658301115036,0.00809015054255724
1768216529801966000,10.356966064453125,-0.002688727341592312,-0.010324808768928051,0.0023555660154670477
1768216529811966200,10.36696630859375,0.0027294738683849573,-0.03479792922735214,0.013373862020671368
1768216529821967400,10.37696728515625,0.0021174794528633356,-0.02311650477349758,0.006894125137478113
1768216529831968300,10.38696826171875,0.0007795072160661221,-0.014548582956194878,-0.005835252348333597
1768216529841968400,10.396968505859375,0.0008263788768090308,-0.01962376944720745,-0.004060255363583565
1768216529851969300,10.40696923828125,-0.002234392100945115,-0.02015134133398533,0.0009211873984895647
1768216529861970200,10.41697021484375,-0.0005797701887786388,-0.01079672109335661,0.0009803095599636436
1768216529871970300,10.42697021484375,0.0010349043877795339,-0.011088337749242783,0.0009661948424763978
1768216529881971500,10.436971435546875,0.0028815402183681726,-0.012739230878651142,-0.0011888351291418076
1768216529891972400,10.446972412109375,0.000975782226305455,-0.010576478205621243,0.0019805929623544216
1768216529901972200,10.45697216796875,0.002941993996500969,-0.00743234995752573,-0.0003403519804123789
1768216529911973000,10.46697314453125,0.00848669558763504,-0.015485482290387154,-0.0005635248962789774
1768216529921974300,10.476974365234375,0.006533799227327108,-0.019282085821032524,0.002089516259729862
1768216529931974100,10.48697412109375,0.004823517519980669,-0.02737782895565033,0.007192931603640318
1768216529941975300,10.496975341796874,0.004252003040164709,-0.03152543678879738,0.01272884476929903
1768216529951975400,10.506975341796876,0.0034091125708073378,-0.03609781712293625,0.017459683120250702
1768216529961976300,10.516976318359376,0.0012580773327499628,-0.03767627105116844,0.021079452708363533
1768216529971977200,10.526977294921876,-0.0005158542771823704,-0.0347321480512619,0.021673336625099182
1768216529981977300,10.536977294921876,-0.0013757890556007624,-0.0266523826867342,0.022424083203077316
1768216529991978200,10.546978271484376,-0.00021411814668681473,-0.01702239364385605,0.021980399265885353
1768216530001979400,10.5569794921875,-0.001570998691022396,-0.010916297324001789,0.02107119746506214
1768216530011979300,10.566979248046875,-0.0017062872648239136,-0.007534615229815245,0.02028662897646427
1768216530021980200,10.576980224609375,-0.0018708707066252828,-0.005596366710960865,0.016893496736884117
1768216530031981300,10.586981201171875,-0.00030067088664509356,-0.005662146955728531,0.011686217039823532
1768216530041981200,10.596981201171875,-0.0007960188668221235,-0.003572630463168025,0.010573015548288822
1768216530051982000,10.606982177734375,-0.0015992282424122095,-0.00029640982393175364,0.0084837656468153
1768216530061983200,10.616983154296875,0.0007811051327735186,0.002495914464816451,0.0018197379540652037
1768216530071983400,10.6269833984375,0.0006383596919476986,0.005105279851704836,-0.0001651159836910665
1768216530081984300,10.636984375,0.001669003046117723,0.0016261261189356446,-0.0009187905816361308
1768216530091985200,10.646985107421875,0.003270095447078347,-0.0025358619168400764,0.00046152580762282014
1768216530101985300,10.6569853515625,0.0033372072502970695,-0.004362790379673243,0.001347293145954609
1768216530111986200,10.666986083984375,0.0027334685437381268,-0.006101035512983799,0.00024474450037814677
1768216530121987300,10.6769873046875,0.0019140138756483793,-0.003933488857001066,-0.0023257385473698378
1768216530131987500,10.686987548828125,0.0014516890514642,0.00023142869758885354,-0.00096113485051319
1768216530141988400,10.69698828125,-0.0006058691651560366,0.004580370616167784,0.0011896340874955058
1768216530151988200,10.70698828125,-0.000892425247002393,0.01263776421546936,0.003477022983133793
1768216530161989000,10.716989013671874,-0.003507383167743683,0.0046331011690199375,0.0057465690188109875
1768216530171990300,10.726990234375,-0.004764661658555269,0.008801214396953583,0.0025742114521563053
1768216530181990100,10.736990234375,-0.0027630296535789967,0.003054911969229579,0.0017004283145070076
1768216530191991300,10.7469912109375,-0.0029640982393175364,0.0015989618841558695,-0.0001776328426785767
1768216530201992200,10.7569921875,-0.0026317357551306486,0.0029790119733661413,0.0007693872321397066
1768216530211992300,10.766992431640626,-0.002597114769741893,0.0021675468888133764,0.003102316288277507
1768216530221993200,10.7769931640625,-0.002171807922422886,0.0001573928166180849,0.00555322365835309
1768216530231994000,10.786994140625,-0.003969175275415182,-0.002528405049815774,0.008195611648261547
1768216530241994200,10.796994140625,-0.003739078063517809,-0.005691175349056721,0.011656123213469982
1768216530251995400,10.806995361328125,-0.0041095237247645855,-0.004759601317346096,0.01221645250916481
1768216530261996300,10.816996337890625,-0.005665076430886984,-0.006315154023468494,0.01125105656683445
1768216530271996200,10.82699609375,-0.00401524780318141,-0.007387076038867235,0.008866461925208569
1768216530281997300,10.836997314453125,-0.003403519745916128,-0.006868292577564716,0.00714632635936141
1768216530291998200,10.846998291015625,-0.0029736857395619154,-0.006708502769470215,0.002650377806276083
1768216530301998000,10.856998046875,-0.0041553303599357605,-0.004860535264015198,-0.0014050838071852922
1768216530311999200,10.866999267578125,-0.0018293253378942609,-0.005024585872888565,-0.0005360943032428622
1768216530322000400,10.87700048828125,-0.0018967032665386796,-0.007999070920050144,-0.0009238505735993385
1768216530332000300,10.887000244140625,-0.003608849598094821,-0.013940316624939442,0.0005283711361698806
1768216530342001200,10.897001220703125,-0.003288471372798085,-0.014914500527083874,0.001389104756526649
1768216530352002000,10.907001953125,-0.0016306535108014941,-0.015134477987885475,0.001651426195167005
1768216530362002200,10.917002197265624,-0.0014927018200978637,-0.01082654856145382,0.0009704558760859072
1768216530372003300,10.92700341796875,-0.0026232136879116297,-0.005909820552915335,-0.0030011162161827087
1768216530382003200,10.937003173828124,-0.0007390272221527994,-0.0008889631717465818,-0.003980360459536314
1768216530392004400,10.94700439453125,0.0009488842915743589,0.0022335932590067387,-0.005918076727539301
1768216530402005200,10.957005126953124,0.002014148747548461,0.003191798459738493,-0.0043864925391972065
1768216530412005000,10.967005126953126,0.0029880667570978403,0.0027084348257631063,-0.0016223976854234934
1768216530422006300,10.97700634765625,0.0013161342358216643,0.002380333375185728,0.00101173494476825
1768216530432007400,10.98700732421875,0.0004751079250127077,0.0010873686987906694,-0.001163268811069429
1768216530442007300,10.99700732421875,0.0011022823164239526,-0.0004386226355563849,-0.0007094661123119295
1768216530452008200,11.00700830078125,-0.0017627463676035404,-0.0015632755821570754,-0.002788063371554017
1768216530462009000,11.017009033203125,-0.0031968585681170225,-0.000898550555575639,-0.004221909213811159
1768216530472009200,11.02700927734375,-0.002383795566856861,-0.0011203918838873506,-0.004794755019247532
1768216530482010400,11.03701025390625,-0.0033127060160040855,-0.0024748756550252438,-0.005567338317632675
1768216530492011300,11.04701123046875,-0.0036756948102265596,-0.0023843280505388975,-0.007188937161117792
1768216530502011400,11.057011474609375,-0.0022889869287610054,0.0025622271932661533,-0.007810518611222506
1768216530512012300,11.06701220703125,-0.0015209312550723553,0.0015062838792800903,-0.009639577940106392
1768216530522013200,11.07701318359375,-0.0052323127165436745,0.01128221582621336,-0.010342119261622429
1768216530532013000,11.087012939453125,-0.0023515713401138783,0.0009693906176835299,-0.009372196160256863
1768216530542014500,11.097014404296875,0.0009270463488064706,-0.014544054865837097,0.00355878216214478
1768216530552015400,11.107015380859375,-0.0014881744282320142,-0.021916218101978302,0.008057127706706524
1768216530562015200,11.11701513671875,0.0016799219883978367,-0.021948441863059998,0.008249141275882721
1768216530572016000,11.12701611328125,-0.002659166231751442,-0.01053067110478878,0.0070919981226325035
1768216530582016300,11.137016357421874,-0.00381391285918653,-0.011053982190787792,0.0011286477092653513
1768216530592017200,11.14701708984375,-0.0037444045301526785,-0.010377805680036545,-0.00000852211542223813
1768216530602018300,11.157018310546874,-0.003382480936124921,-0.012373578734695911,-0.0026290726382285357
1768216530612018400,11.167018310546876,-0.0012799152173101902,-0.014577344991266727,-0.0031132353469729424
1768216530622019300,11.177019287109376,0.0011773834703490138,-0.013735253363847733,-0.001576857641339302
1768216530632020200,11.187020263671876,0.0018495653057470918,-0.01636006496846676,-0.0003818972909357399
1768216530642020400,11.197020263671876,0.0012191950809210539,-0.014609302394092083,-0.000675377668812871
1768216530652021200,11.207021240234376,0.0012748552253469825,-0.011566374450922012,0.0014202637830749154
1768216530662022400,11.2170224609375,0.00011904330312972888,-0.0058669438585639,0.005575327668339014
1768216530672022300,11.227022216796875,-0.0004982774262316525,-0.0038181741256266832,0.005093561951071024
1768216530682023200,11.237023193359375,-0.0010956244077533484,-0.0006234460161067545,0.0070099723525345325
1768216530692024300,11.2470244140625,-0.002494050422683358,0.00016591492749284953,0.007121559232473373
1768216530702024200,11.257024169921875,-0.00418462511152029,0.0002615224220789969,0.005499694030731916
1768216530712025300,11.267025390625,-0.0071039823815226555,0.004142014309763908,0.0029675604309886694
1768216530722026200,11.277026123046875,-0.006933273747563362,0.00401578051969409,-0.0008671252289786935
1768216530732026400,11.2870263671875,-0.00962759368121624,0.0018455706303939223,-0.002773682354018092
1768216530742027300,11.29702734375,-0.008468319661915302,-0.0031816784758120775,-0.00044474788592197
1768216530752028200,11.307028076171875,-0.008666458539664745,-0.0032051142770797014,0.004297276493161917
1768216530762028300,11.3170283203125,-0.00869255792349577,-0.011270764283835888,0.01242258120328188
1768216530772029400,11.327029541015625,-0.007788148242980242,-0.01828819327056408,0.011283813044428825
1768216530782029300,11.337029296875,-0.005007808096706867,-0.019456788897514343,0.010704576037824154
1768216530792030200,11.3470302734375,-0.0028421254828572273,-0.015904664993286133,0.013492372818291187
1768216530802031400,11.35703125,-0.003999002743512392,-0.01417440827935934,0.01817793771624565
1768216530812031200,11.36703125,-0.0004913532175123692,-0.010722419247031212,0.014962970279157162
1768216530822032100,11.3770322265625,-0.00045619948650710285,-0.006791859865188599,0.015458318404853344
1768216530832033300,11.387033203125,0.00036511936923488975,-0.004741758108139038,0.00993252545595169
1768216530842033400,11.397033447265626,0.0012090750969946384,0.00028522455249913037,0.0070882695727050304
1768216530852034300,11.407034423828126,-0.00045327001134864986,0.004275971557945013,0.0024895230308175087
1768216530862035200,11.41703515625,-0.0008391620358452201,0.004336158744990826,0.0008317052270285785
1768216530872035300,11.427035400390626,-0.00020879182557109743,0.0015254586469382048,0.0014679343439638615
1768216530882036200,11.4370361328125,-0.0014748586108908057,0.0019321233266964555,-0.0016255935188382864
1768216530892037400,11.447037353515626,-0.0032778186723589897,0.004594219382852316,0.0009267800487577915
1768216530902037500,11.45703759765625,-0.001609614584594965,0.004530835896730423,-0.001933454885147512
1768216530912038400,11.467038330078125,-0.001978195970878005,0.004920456558465958,-0.0024264061357825994
1768216530922039300,11.477039306640625,0.00013315805699676275,0.004652009811252356,-0.002020274056121707
1768216530932039200,11.4870390625,-0.000023169501218944788,0.0037835529074072838,-0.0007552724564447999
1768216530942040300,11.497040283203125,0.0016636766958981752,0.003168895374983549,-0.000041545314161339775
1768216530952041500,11.50704150390625,0.0004924184759147465,0.004787298385053873,0.0002061286650132388
1768216530962041300,11.517041259765625,0.00034408041392453015,0.009073922410607338,0.0009033442474901676
1768216530972042200,11.527042236328125,-0.00009827064059209079,0.008857673965394497,-0.001680720946751535
1768216530982043400,11.53704345703125,-0.0006543386843986809,0.007011037785559893,-0.0062331282533705235
1768216530992043300,11.547043212890625,-0.0007747135823592544,0.006583333946764469,-0.005583583377301693
1768216531002044200,11.557044189453125,-0.0011531487107276917,0.006463758181780577,-0.006767092272639275
1768216531012044300,11.567044189453124,-0.0008639294537715614,0.008808138780295849,-0.008421448059380054
1768216531022045400,11.57704541015625,-0.0011299792677164078,0.009682188741862774,-0.009431584738194942
1768216531032046300,11.58704638671875,-0.002520682057365775,0.011366104707121849,-0.004593420308083296
1768216531042046200,11.597046142578124,-0.0031286815647035837,0.01050643716007471,-0.004060521721839905
1768216531052047400,11.60704736328125,-0.004400607198476791,0.010618023574352264,-0.0038605183362960815
1768216531062048300,11.61704833984375,-0.004174238536506891,0.007328220177441835,-0.003674629610031843
1768216531072048000,11.627048095703126,-0.0018793927738443017,0.0016287893522530794,-0.0013688647886738181
1768216531082049300,11.63704931640625,-0.0017499631503596902,-0.000565122754778713,-0.0016674051294103265
1768216531092050400,11.647050537109376,-0.001776594785042107,-0.0007504787645302713,-0.0018959043081849813
1768216531102050300,11.65705029296875,-0.0008058725506998599,-0.0025984463281929493,-0.0031907332595437765
1768216531112051200,11.66705126953125,-0.002189651131629944,-0.003808320267125964,-0.003403786104172468
1768216531122052000,11.677052001953125,-0.002126800362020731,-0.0016684704460203648,-0.0017150756902992725
1768216531132052200,11.68705224609375,-0.002270344877615571,0.00014061490946915,-0.0009656621841713786
1768216531142053400,11.697053466796875,-0.0037926076911389828,0.001113201375119388,-0.0006479470757767558
1768216531152054300,11.70705419921875,-0.004206729121506214,0.001534779672510922,-0.002117745578289032
1768216531162054400,11.717054443359375,-0.004737763665616512,0.0018703379901126027,-0.004997954238206148
1768216531172055300,11.72705517578125,-0.00341523764654994,0.0027196200098842382,-0.005085572600364685
1768216531182056200,11.73705615234375,-0.0020359866321086884,0.004412325099110603,-0.007900266908109188
1768216531192056000,11.74705615234375,-0.0029119004029780626,0.005200088489800692,-0.0054576159454882145
1768216531202057500,11.757057373046875,-0.0007097324123606086,0.006671218667179346,-0.007227286696434021
1768216531212058400,11.767058349609375,-0.0010271812789142132,0.005693039391189814,-0.005122057627886534
1768216531222058200,11.777058349609375,-0.0017422399250790477,0.00686030276119709,-0.006713562645018101
1768216531232059100,11.78705908203125,-0.0009755159262567759,0.006059756502509117,-0.007830225862562656
1768216531242059300,11.797059326171874,0.0007534082396887243,0.007098922040313482,-0.00845313910394907
1768216531252060200,11.80706005859375,-0.002007490722462535,0.005720203742384911,-0.005994509439915419
1768216531262061300,11.817061279296874,-0.000556600687559694,0.002371811307966709,-0.004685831721872091
1768216531272061400,11.8270615234375,-0.0005347627447918057,0.0005808354471810162,-0.003222425002604723
1768216531282062300,11.837062255859376,-0.00195129809435457,-0.0025369273498654366,-0.007733287289738655
1768216531292063200,11.847063232421876,-0.0021076255943626165,-0.0019313243683427572,-0.006774548906832933
1768216531302063000,11.85706298828125,-0.0014839133946225047,0.0008109325426630676,-0.010060623288154602
1768216531312064300,11.867064208984376,-0.0025947177782654762,0.003471430391073227,-0.011284079402685165
1768216531322065400,11.8770654296875,-0.0015345134306699038,0.003900199430063367,-0.01110618095844984
1768216531332065300,11.887065185546875,0.0008370315190404654,0.0027502465527504683,-0.011973571963608265
1768216531342066200,11.897066162109375,-0.0003587277897167951,0.0034732946660369635,-0.011811652220785618
1768216531352067300,11.9070673828125,-0.00038695731200277805,0.0030631679110229015,-0.007737548090517521
1768216531362067200,11.917067138671875,-0.0010602044640108943,0.0022501046769320965,-0.008414790034294128
1768216531372068400,11.927068359375,-0.002347310073673725,0.0005893575726076961,-0.008163387887179852
1768216531382069200,11.9370693359375,-0.000690291344653815,0.00017896443023346364,-0.008381234481930733
1768216531392069000,11.947069091796875,0.0001334243715973571,-0.0001411475386703387,-0.00691942498087883
1768216531402070000,11.957070068359375,0.0003640541108325124,-0.0026104305870831013,-0.003364105010405183
1768216531412071200,11.9670712890625,-0.00007483482477255166,-0.004181695636361837,-0.004220577888190746
1768216531422071300,11.9770712890625,0.0005113269435241818,-0.006866161711513996,-0.002433330286294222
1768216531432072200,11.987072265625,0.001023452845402062,-0.006697583943605423,-0.005388640332967043
1768216531442073000,11.997072998046875,-0.00032730249222368,-0.0043899547308683395,-0.008036887273192406
1768216531452073200,12.0070732421875,-0.0014024205738678575,0.0035004590172320604,-0.01152882445603609
1768216531462074000,12.01707421875,-0.002287389012053609,0.009467004798352718,-0.007468036375939846
1768216531472075300,12.0270751953125,-0.0025044367648661137,0.014676414430141449,-0.007631287910044193
1768216531482075100,12.0370751953125,-0.002499110298231244,0.01570812240242958,-0.00561207951977849
1768216531492076000,12.047075927734374,-0.003733485471457243,0.012986105866730213,-0.005175853613764048
1768216531502076200,12.057076171875,-0.004297010600566864,0.014959508553147316,-0.006189186125993729
1768216531512077000,12.0670771484375,-0.0023164174053817987,0.017418138682842255,-0.007019826211035252
1768216531522078000,12.077077880859376,-0.002064482541754842,0.024036893621087074,-0.00797270517796278
1768216531532078000,12.087078125,-0.003605653764680028,0.027120301499962807,-0.008804943412542343
1768216531542079200,12.097079345703126,-0.0031641016248613596,0.022942867130041122,-0.009488842450082302
1768216531552080100,12.107080078125,-0.003442401997745037,0.018275409936904907,-0.009860087186098099
1768216531562080300,12.117080322265625,-0.003905792022123933,0.01306067407131195,-0.007920773699879646
1768216531572081200,12.1270810546875,-0.0034269557800143957,0.0076121133752167225,-0.005498628597706556
1768216531582082000,12.13708203125,-0.004160123877227306,0.005819273181259632,-0.0036674391012638807
1768216531592082000,12.14708203125,-0.002552373567596078,0.004475442226976156,-0.002948652021586895
1768216531602083300,12.157083251953125,-0.004504736978560686,0.003837615018710494,-0.0007329019135795534
1768216531612084200,12.167084228515625,-0.0024498419370502234,0.006030195392668247,-0.003084206720814109
1768216531622084000,12.177083984375,-0.0025686188600957394,0.009877397678792477,-0.005483981221914291
1768216531632085000,12.1870849609375,-0.0029707562644034624,0.010395116172730923,-0.00649704784154892
1768216531642086100,12.197086181640625,-0.0017206683987751603,0.01263696514070034,-0.008370582014322281
1768216531652086000,12.2070859375,-0.0012753878254443407,0.013067598454654217,-0.00526746641844511
1768216531662087200,12.217087158203125,-0.0015273229219019413,0.013642309233546257,-0.0030277478508651257
1768216531672088000,12.227088134765625,-0.0017728663515299559,0.016920393332839012,-0.0035273567773401737
1768216531682088200,12.237088134765624,-0.0034179009962826967,0.019166236743330956,-0.005216333549469709
1768216531692089000,12.247089111328124,-0.001936384360305965,0.019644008949398994,-0.006762565113604069
1768216531702090000,12.257090087890624,-0.003492735791951418,0.019350528717041016,-0.00932985171675682
1768216531712090000,12.267090087890624,-0.001790975802578032,0.017734788358211517,-0.013593306764960289
1768216531722091300,12.27709130859375,0.0005201153689995408,0.018097776919603348,-0.010982876643538475
1768216531732091100,12.287091064453126,-0.000594950164668262,0.017186177894473076,-0.011876633390784264
1768216531742092000,12.297092041015626,0.0009827064350247383,0.01477388571947813,-0.011660916730761528
1768216531752093200,12.30709326171875,-0.0005022721597924829,0.01756487973034382,-0.012545086443424225
1768216531762093000,12.317093017578125,-0.00041625206358730793,0.01853613369166851,-0.016097210347652435
1768216531772094000,12.327093994140625,-0.0027566379867494106,0.021405689418315887,-0.01714196801185608
1768216531782095000,12.33709521484375,-0.0021113541442900896,0.025777269154787064,-0.017111076042056084
1768216531792095200,12.34709521484375,-0.0015962987672537565,0.02641110122203827,-0.017703097313642502
1768216531802096000,12.35709619140625,-0.0017667410429567099,0.028563201427459717,-0.019568907096982002
1768216531812097000,12.367096923828125,-0.0010484865633770823,0.03279256820678711,-0.019702598452568054
1768216531822097200,12.37709716796875,-0.0005044027348048985,0.03244955092668533,-0.018247978761792183
1768216531832098000,12.38709814453125,0.0009139968897216022,0.034997399896383286,-0.017541708424687386
1768216531842099200,12.39709912109375,-0.001312139444053173,0.03415850177407265,-0.01575472764670849
1768216531852099000,12.40709912109375,0.00007084008393576369,0.0305765513330698,-0.014901984483003616
1768216531862100200,12.417100341796875,0.0009771138429641724,0.0241338312625885,-0.016800550743937492
1768216531872101000,12.42710107421875,0.0028660940006375313,0.01889353059232235,-0.011546667665243149
1768216531882101000,12.43710107421875,0.0022572954185307026,0.021469073370099068,-0.01230593491345644
1768216531892102000,12.447101806640624,-0.0008290420519188046,0.016881512477993965,-0.009244631044566631
1768216531902103300,12.457103271484375,-0.00009427589975530282,0.013856160454452038,-0.01142975501716137
1768216531912103200,12.467103271484374,-0.002159823663532734,0.01625140756368637,-0.016393087804317474
1768216531922104000,12.47710400390625,-0.0008072041091509163,0.014976552687585354,-0.018804047256708145
1768216531932105000,12.48710498046875,-0.0027350664604455233,0.016953416168689728,-0.02040354162454605
1768216531942105000,12.49710498046875,-0.0041529336012899876,0.018935874104499817,-0.019889552146196365
1768216531952106200,12.507106201171876,-0.005361475981771946,0.022755645215511322,-0.016716929152607918
1768216531962107100,12.517107177734376,-0.005678392015397549,0.025437982752919197,-0.014741129241883755
1768216531972107300,12.527107177734376,-0.004560397006571293,0.028205005452036858,-0.01230460312217474
1768216531982108200,12.537108154296876,-0.003154247999191284,0.02611708827316761,-0.013563745655119419
1768216531992109000,12.547109130859376,-0.004324174486100674,0.025409486144781113,-0.013247628696262836
1768216532002109000,12.55710888671875,-0.0009832390351220965,0.022481607273221016,-0.013994645327329636
1768216532012110300,12.5671103515625,-0.001767273643054068,0.021270401775836945,-0.0163028072565794
1768216532022110200,12.577110107421875,-0.002671150490641594,0.021619541570544243,-0.018643725663423538
1768216532032111000,12.587111083984375,-0.0017259946325793862,0.022039255127310753,-0.019583288580179214
1768216532042112000,12.597112060546875,-0.002772883279249072,0.02321903593838215,-0.018506040796637535
1768216532052112100,12.607112060546875,-0.0009739180095493793,0.026872094720602036,-0.019847208634018898
1768216532062113000,12.617113037109375,-0.0009677927591837943,0.02213459648191929,-0.018392322584986687
1768216532072114200,12.6271142578125,-0.0007933556917123497,0.020292488858103752,-0.015451394021511078
1768216532082114300,12.6371142578125,-0.0014998923288658261,0.02183632366359234,-0.01756461337208748
1768216532092115200,12.647115234375,-0.002487126039341092,0.02557753212749958,-0.019405389204621315
1768216532102116000,12.6571162109375,-0.0017480988753959537,0.025113608688116074,-0.020596355199813843
1768216532112116200,12.6671162109375,0.000022370553779182956,0.02894802764058113,-0.016265256330370903
1768216532122117000,12.6771171875,-0.003224821761250496,0.03086497075855732,-0.010929080657660961
1768216532132118300,12.6871181640625,-0.00469595193862915,0.03199495002627373,-0.006726079620420933
1768216532142118100,12.6971181640625,-0.0054395063780248165,0.03189561516046524,-0.006477872841060162
1768216532152119000,12.707119140625,-0.005499427672475576,0.029019933193922043,-0.0072901370003819466
1768216532162120200,12.7171201171875,-0.0028370653744786978,0.028738437220454216,-0.01369077805429697
1768216532172120000,12.7271201171875,-0.0029590383637696505,0.027709392830729485,-0.018449047580361366
1768216532182121000,12.737120849609376,-0.0037651772145181894,0.0299653559923172,-0.01757420040667057
1768216532192122000,12.7471220703125,-0.0005872269975952804,0.023212112486362457,-0.015051120892167091
1768216532202122200,12.757122314453126,0.00032197617110796273,0.02329546958208084,-0.0071127708069980145
1768216532212123100,12.767123046875,-0.0007243797881528735,0.02420041151344776,-0.0038000645581632853
1768216532222124000,12.7771240234375,-0.00039521310827694833,0.022110627964138985,-0.0021065603941679
1768216532232124200,12.787124267578125,-0.0013784521725028753,0.01564660482108593,-0.0005382248782552779
1768216532242125000,12.797125,-0.00006444849714171141,0.016407202929258347,-0.0017054883064702153
1768216532252126200,12.807126220703125,-0.0038717035204172134,0.013907293789088726,-0.0034461303148418665
1768216532262126000,12.8171259765625,-0.0029292108956724405,0.012887835502624512,-0.01296586636453867
1768216532272127200,12.827127197265625,-0.0036280243657529354,0.006896521896123886,-0.014534201472997665
1768216532282128100,12.837128173828125,-0.0026373283471912146,0.006072539836168289,-0.011961587704718113
1768216532292128000,12.8471279296875,-0.0022359900176525116,0.005781456362456083,-0.012407667003571987
1768216532302129200,12.857129150390625,-0.002689260058104992,0.012861736118793488,-0.007395864464342594
1768216532312129000,12.86712890625,-0.0017382452497258782,0.012800483964383602,-0.00603365758433938
1768216532322130200,12.877130126953125,-0.0015227955300360918,0.016868995502591133,-0.008446482010185719
1768216532332131000,12.887131103515625,-0.002151035238057375,0.024505609646439552,-0.01257970742881298
1768216532342131200,12.897131103515624,-0.0015076154377311468,0.025345835834741592,-0.015349661000072956
1768216532352132000,12.907132080078124,-0.00012383698776829988,0.022955914959311485,-0.010624414309859276
1768216532362133000,12.917133056640624,0.0005661880713887513,0.019994746893644333,-0.000330231967382133
1768216532372133000,12.927133056640624,-0.0007273092633113265,0.018314559012651443,0.0009840379934757948
1768216532382134300,12.93713427734375,-0.0026589001063257456,0.010893394239246845,0.0014258564915508032
1768216532392135400,12.947135498046874,-0.004922853317111731,0.005254150368273258,-0.001202150946483016
1768216532402135600,12.957135498046876,-0.003186738584190607,0.0011329087428748608,-0.0036826191935688257
1768216532412136400,12.967136474609376,-0.0030218889005482197,0.005315402988344431,-0.002287122653797269
1768216532422137600,12.9771376953125,-0.0026881948579102755,0.00839774589985609,-0.0008564725867472589
1768216532432137500,12.987137451171876,-0.004178766161203384,0.00869335699826479,-0.0041822283528745174
1768216532442138400,12.997138427734376,-0.002901514060795307,0.010926683433353901,-0.0036738307680934668
1768216532452139300,13.00713916015625,-0.0036104475148022175,0.01136956736445427,-0.007632886059582233
1768216532462139600,13.0171396484375,-0.0006325007416307926,0.011609784327447414,-0.00908510759472847
1768216532472140500,13.027140625,-0.002968359272927046,0.01269928365945816,-0.010863833129405975
1768216532482141400,13.037141357421875,-0.0012596751330420375,0.010938134975731373,-0.010216951370239258
1768216532492141600,13.0471416015625,-0.0002990729990415275,0.011717642657458782,-0.007933823391795158
1768216532502142500,13.057142578125,-0.0008705873624421656,0.008360461331903934,-0.006567621603608131
1768216532512143600,13.0671435546875,-0.0020072245970368385,0.003959854133427143,-0.004816060420125723
1768216532522143500,13.0771435546875,-0.0013137373607605696,-0.001520398654974997,-0.004262655507773161
1768216532532144600,13.08714453125,-0.001407480682246387,-0.004775580484420061,-0.0006649913266301155
1768216532542145500,13.0971455078125,-0.0016948357224464417,-0.0064922538585960865,-0.00003382214708835818
1768216532552145400,13.1071455078125,-0.0034751589410007,-0.00765951769426465,0.003962783608585596
1768216532562146300,13.117146240234375,-0.00009507485083304346,-0.004120708908885717,0.009681389667093754
1768216532572147700,13.127147705078125,-0.0019915117882192135,-0.0021968416403979063,0.011918711476027966
1768216532582147600,13.137147705078124,-0.00015046859334688634,-0.001517202821560204,0.011598332785069942
1768216532592148500,13.1471484375,-0.0017776599852368236,-0.0023752732668071985,0.007349259220063686
1768216532602148600,13.157148681640624,-0.0032053806353360415,0.0022748722694814205,0.004502872936427593
1768216532612149500,13.1671494140625,-0.0008948221220634878,0.0038986015133559704,0.0011020160745829344
1768216532622150400,13.177150390625,-0.0025505092926323414,0.004160390235483646,0.0005358280031941831
1768216532632150500,13.187150634765626,-0.0014761901693418622,0.006338323466479778,0.004708468914031982
1768216532642151700,13.197151611328126,-0.0009811085183173418,0.0038219024427235126,0.006048304960131645
1768216532652152600,13.207152587890626,-0.0011699266033247113,0.001457548001781106,0.009255283512175083
1768216532662152400,13.21715234375,0.00018482338055036962,0.001285241567529738,0.009764214046299458
1768216532672153600,13.227153564453126,-0.001585912425071001,-0.0034551850985735655,0.006439256947487593
1768216532682154500,13.237154541015625,-0.0020732709672302008,-0.00589677132666111,0.004714327864348888
1768216532692154400,13.247154296875,-0.0021912488155066967,-0.005365470424294472,0.0009813748765736818
1768216532702155500,13.257155517578125,-0.0009590042755007744,-0.0073535204865038395,-0.0006535397260449827
1768216532712156400,13.267156494140625,0.001061802264302969,-0.006465089973062277,-0.0018780612153932452
1768216532722156500,13.277156494140625,-0.0001512675517005846,-0.00791677925735712,0.0009547432418912649
1768216532732157400,13.287157470703125,0.00029108350281603634,-0.006352970842272043,0.002754773711785674
1768216532742158300,13.297158447265625,-0.0006474144756793976,-0.0044104610569775105,0.0038480013608932495
1768216532752158500,13.307158447265625,0.0005853627808392048,-0.0048919604159891605,0.009367669001221657
1768216532762159600,13.31715966796875,-0.0009478190331719816,-0.00026019083452410996,0.007404120173305273
1768216532772160500,13.327160400390625,-0.0011667308863252401,0.0007419566973112524,0.004791026934981346
1768216532782160600,13.33716064453125,-0.0015765913994982839,0.003448260948061943,0.002314287004992366
1768216532792161500,13.34716162109375,-0.0014152037911117077,0.002737463219091296,0.0010239854454994202
1768216532802162400,13.357162353515625,0.0004290352517273277,0.0014298511669039726,0.0014594122767448425
1768216532812162300,13.367162353515624,-0.00043569316039793193,0.0017872473690658808,0.0020793962758034468
1768216532822163500,13.37716357421875,0.00006338323146337643,-0.0012918994762003422,0.002924683503806591
1768216532832164600,13.38716455078125,-0.00031558459158986807,-0.0016298545524477959,0.0014346449170261621
1768216532842164500,13.39716455078125,0.0012207929976284504,-0.0020775320008397102,-0.0020793962758034468
1768216532852165400,13.407165283203126,0.0003528688393998891,-0.0006913566030561924,-0.0019062906503677368
1768216532862166500,13.41716650390625,0.00003355582884978503,0.0020562265999615192,-0.0012146678054705262
1768216532872166400,13.42716650390625,0.00010918960470007733,0.0021731394808739424,-0.002326271263882518
1768216532882167600,13.43716748046875,-0.00018322547839488834,0.0011728560784831643,-0.0009536779834888875
1768216532892168400,13.44716845703125,-0.0015049523208290339,0.0016943031223490834,-0.003540672594681382
1768216532902168600,13.45716845703125,-0.000630636524874717,0.0013427657540887594,-0.00535588338971138
1768216532912169500,13.46716943359375,-0.0023031015880405903,0.0018442390719428658,-0.005017928313463926
1768216532922170400,13.47717041015625,-0.0017496967921033502,0.0007560714147984982,-0.0036578518338501453
1768216532932170500,13.48717041015625,-0.0017142767319455743,-0.0013877731980755925,-0.0016578177455812693
1768216532942171600,13.497171630859375,-0.003026416292414069,-0.006945257540792227,-0.002435993403196335
1768216532952171500,13.507171630859375,-0.0008684568456374109,-0.009697102010250092,-0.002597114769741893
1768216532962172400,13.51717236328125,-0.002062085550278425,-0.012134693562984467,-0.002913231961429119
1768216532972173600,13.527173583984375,-0.0007134608458727598,-0.011620703153312206,-0.0017038905061781406
1768216532982173400,13.53717333984375,-0.0019742012955248356,-0.010092581622302532,-0.0023329290561378
1768216532992174300,13.54717431640625,-0.0007454187725670636,-0.010190585628151894,0.00039840888348408043
1768216533002175500,13.557175537109375,-0.00021438446128740907,-0.011231082491576672,0.0030485205352306366
1768216533012175600,13.567175537109375,-0.0009462211164645851,-0.010525344870984554,-0.002466087229549885
1768216533022176500,13.577176513671875,-0.0017291904659941792,-0.008448079228401184,-0.0046970173716545105
1768216533032177400,13.587177490234374,-0.0013374395202845335,-0.00629065278917551,-0.006672283634543419
1768216533042177500,13.597177490234374,-0.0011768508702516556,-0.006058957893401384,-0.003200586885213852
1768216533052178400,13.607178466796874,-0.0008372978190891445,-0.009239038452506065,-0.000060453756304923445
1768216533062179600,13.6171796875,0.0021885856986045837,-0.009078449569642544,0.00034967303508892655
1768216533072179500,13.627179443359376,-0.0007989483419805765,-0.009652893990278244,0.0023374564480036497
1768216533082180600,13.6371806640625,-0.0007137271459214389,-0.009514941833913326,0.004270378965884447
1768216533092181500,13.647181396484376,-0.0013664679136127234,-0.0035510589368641376,0.0018791264155879617
1768216533102181400,13.657181396484376,-0.0017654094845056534,-0.00009507485083304346,-0.0009504822082817554
1768216533112182300,13.667182373046876,-0.0007531419396400452,-0.002968891989439726,-0.0019835224375128746
1768216533122183700,13.67718359375,-0.0008934905636124313,-0.006234992761164904,0.0013795174891129136
1768216533132183600,13.68718359375,-0.001734516816213727,-0.009631588123738766,0.006231530569493771
1768216533142184400,13.697184326171875,-0.003674363251775503,-0.0112798186019063,0.008553273975849152
1768216533152185300,13.707185302734375,-0.0018975022248923779,-0.010306167416274548,0.0117914117872715
1768216533162185500,13.717185546875,-0.0011179950088262558,-0.014675082638859749,0.014230867847800255
1768216533172186600,13.7271865234375,-0.0027268105186522007,-0.01552543044090271,0.016207732260227203
1768216533182187500,13.7371875,-0.0034437335561960936,-0.01272937748581171,0.015664713457226753
1768216533192187600,13.747187744140625,-0.000788561999797821,-0.009839048609137535,0.01474805362522602
1768216533202188500,13.7571884765625,-0.0004620584368240088,-0.007932757958769798,0.011109376326203346
1768216533212189400,13.767189453125,-0.00004660531703848392,-0.010524014011025429,0.013128318823873997
1768216533222189300,13.777189208984375,-0.00009108010999625549,-0.008404137566685677,0.015177621506154537
1768216533232190700,13.787190673828125,-0.0026048377621918917,-0.0027419906109571457,0.009981261566281319
1768216533242191600,13.797191650390625,-0.0023640880826860666,0.0018232000293210149,0.008128234185278416
1768216533252191500,13.80719140625,-0.0013968279818072915,0.0011616708943620324,0.008216118440032005
1768216533262192400,13.8171923828125,-0.0025782061275094748,0.0014660701854154468,0.005394232925027609
1768216533272193500,13.827193603515624,-0.0011411645682528615,0.002010952914133668,0.003266633255407214
1768216533282193400,13.837193359375,-0.0009169263648800552,-0.0008487494196742773,0.0029739518649876118
1768216533292194600,13.847194580078124,-0.0005874933558516204,-0.0017062872648239136,0.0026903252582997084
1768216533302194700,13.857194580078126,0.00009161273919744417,-0.006825681775808334,0.0020128171890974045
1768216533312195600,13.867195556640626,-0.00025486451340839267,-0.007213437929749489,0.003316967049613595
1768216533322196500,13.877196533203126,0.0007717840489931405,-0.008110923692584038,0.005002215504646301
1768216533332196400,13.8871962890625,-0.0008423578692600131,-0.005298092495650053,0.00606375141069293
1768216533342197500,13.897197509765626,-0.002237587934359908,-0.0030075078830122948,0.006301305256783962
1768216533352198700,13.90719873046875,-0.0023899206425994635,-0.001597630325704813,0.007169229444116354
1768216533362198500,13.917198486328125,-0.0014173343079164624,-0.0005672533297911286,0.005138303153216839
1768216533372199400,13.927199462890625,-0.0016413062112405896,-0.0051683965139091015,0.0024972460232675076
1768216533382200600,13.93720068359375,-0.0013084110105410218,-0.0018010957865044475,-0.0026647590566426516
1768216533392200700,13.94720068359375,-0.0005379585199989378,0.001404284848831594,-0.0051899682730436325
1768216533402201600,13.95720166015625,0.000862864195369184,0.003102316288277507,-0.00558225205168128
1768216533412202500,13.967202392578125,0.00072597770486027,0.0037734329234808683,-0.0010482202051207423
1768216533422202600,13.97720263671875,-0.00009747169679030776,0.0017888452857732773,0.003698065411299467
1768216533432203800,13.987203857421875,0.00042983421008102596,0.002469016704708338,0.005803294479846954
1768216533442204700,13.99720458984375,-0.0009558085002936423,-0.0005033374181948602,0.006397712044417858
1768216533452204800,14.007204833984375,-0.002183259464800358,-0.0009720537927933037,0.004570783115923405
1768216533462205700,14.017205810546875,-0.0021702100057154894,-0.003715375903993845,0.0039036613889038563
1768216533472206600,14.02720654296875,-0.0011534150689840317,-0.010690460912883282,0.008042213506996632
1768216533482206500,14.03720654296875,-0.0012652678415179253,-0.00732449209317565,0.0037292244378477335
1768216533492207900,14.047207763671874,0.0002545981842558831,-0.006625412032008171,0.0009504822082817554
1768216533502208800,14.057208740234374,-0.0006828344776295125,-0.008791094645857811,-0.0005850964807905257
1768216533512208600,14.067208740234374,0.0006764429272152483,-0.008197476156055927,0.0012338425731286407
1768216533522209500,14.07720947265625,0.00008388957212446257,-0.007231281138956547,0.003936418332159519
1768216533532210700,14.087210693359374,-0.0009544769418425858,-0.008233961649239063,0.0025963156949728727
1768216533542210600,14.09721044921875,-0.001657018787227571,-0.006569485645741224,0.002597114769741893
1768216533552211700,14.107211669921876,-0.0008575378451496363,-0.006400641519576311,0.0017800568602979183
1768216533562212600,14.117212646484376,-0.0019923108629882336,-0.0022325278259813786,0.0003275688213761896
1768216533572212700,14.127212646484375,-0.0037350833881646395,0.001918807509355247,0.0009949569357559085
1768216533582213600,14.137213623046875,-0.002968359272927046,0.0014942996203899384,-0.0018945727497339249
1768216533592214500,14.147214599609375,-0.0010788465151563287,0.0016924388473853469,-0.0014018879737704992
1768216533602214700,14.157214599609375,-0.0011488876771181822,0.0007419566973112524,-0.0006266417913138866
1768216533612215800,14.1672158203125,-0.0011526161106303334,0.0008008125587366521,-0.0005395564367063344
1768216533622216700,14.177216796875,-0.0026261431630700827,0.0010165285784751177,0.000958205375354737
1768216533632216600,14.187216552734375,-0.0024945829063653946,0.001731853699311614,0.0009187905816361308
1768216533642217700,14.1972177734375,-0.0017749968683347106,0.0012066783383488655,0.0008375641773454845
1768216533652218600,14.207218505859375,-0.0016863135388121009,-0.00016591492749284953,0.0008263788768090308
1768216533662218500,14.217218505859375,-0.0017622136510908604,-0.0016317188274115324,-0.0007789746159687638
1768216533672219600,14.2272197265625,-0.002100435085594654,-0.0027806065045297146,-0.0014777880860492587
1768216533682220800,14.237220703125,-0.001014664419926703,-0.0024676851462572813,-0.0015480954898521304
1768216533692220700,14.247220703125,-0.0010466222884133458,-0.0046781087294220924,-0.0037643781397491693
1768216533702221600,14.2572216796875,0.0003938815207220614,-0.005893042776733637,-0.002243979601189494
1768216533712222500,14.267222412109374,-0.0006969492533244193,-0.006848584860563278,-0.0032679650466889143
1768216533722222600,14.27722265625,-0.0007776430575177073,-0.0065537733025848866,-0.0012444951571524143
1768216533732223700,14.2872236328125,-0.0018016285030171275,-0.008676046505570412,-0.0022389194928109646
1768216533742223600,14.2972236328125,-0.0022101574577391148,-0.009574064053595066,-0.002058623591437936
1768216533752224800,14.307224853515624,-0.001847434788942337,-0.010374077595770359,0.00023435817274730653
1768216533762225700,14.3172255859375,-0.0012697952333837748,-0.009466738440096378,0.0013720606220886111
1768216533772225500,14.3272255859375,-0.0004852279380429536,-0.0059777311980724335,0.0019350528018549085
1768216533782226700,14.337226806640626,-0.0016828514635562897,-0.005052282940596342,0.0006729807937517762
1768216533792227800,14.347227783203126,-0.003346794517710805,-0.003955060616135597,-0.00304612354375422
1768216533802227700,14.357227783203125,-0.0030834078788757324,-0.0005858954391442239,-0.002499909373000264
1768216533812228600,14.367228515625,-0.0029822078067809343,0.003439738880842924,-0.0021486382465809584
1768216533822229500,14.3772294921875,-0.00017949705943465233,0.002302302746102214,-0.0002897519152611494
1768216533832229600,14.387229736328125,-0.0010407633380964398,-0.0006159891490824521,0.00173771264962852
1768216533842230500,14.39723046875,0.00007483482477255166,-0.003659183392301202,0.0015994944842532277
1768216533852231700,14.407231689453125,-0.0013044163351878524,-0.0033899378031492233,0.0009840379934757948
1768216533862231800,14.417231689453125,-0.001231711939908564,-0.0012932310346513987,0.0027979169972240925
1768216533872232700,14.427232666015625,-0.0004673847579397261,0.004537760280072689,-0.000675111310556531
1768216533882233600,14.437233642578125,-0.0018969696247950196,0.007816111668944359,-0.005368666257709265
1768216533892233700,14.447233642578125,-0.001416269107721746,0.005723133217543364,-0.007529821712523699
1768216533902234600,14.457234619140625,-0.004664260428398848,0.0018967032665386796,-0.0032293491531163454
1768216533912235800,14.46723583984375,-0.004400340840220451,-0.0007693872321397066,0.0005243764026090503
1768216533922235600,14.477235595703124,-0.005622199270874262,-0.0036946034524589777,0.0034373418893665075
1768216533932236500,14.487236572265624,-0.003078880487009883,-0.00698041170835495,0.006310360040515661
1768216533942237700,14.49723779296875,-0.0033446638844907284,-0.00663473317399621,0.012108327820897102
1768216533952237600,14.507237548828124,-0.0007920240750536323,-0.0029763488564640284,0.014216486364603043
1768216533962238500,14.517238525390624,-0.00008229167724493891,0.0013829795643687248,0.01495391596108675
1768216533972239600,14.527239501953124,0.0016594156622886658,0.005109008401632309,0.011813782155513763
1768216533982239700,14.53723974609375,0.00019254654762335122,0.004989432170987129,0.007256581448018551
1768216533992240600,14.54724072265625,-0.000984570593573153,0.005769472103565931,0.0070800138637423515
1768216534002241500,14.557241455078126,0.000907338981050998,0.006645119283348322,0.005970008205622435
1768216534012241700,14.56724169921875,-0.0012964267516508698,0.007361509837210178,0.004489024169743061
1768216534022242600,14.57724267578125,-0.00021305288828443736,0.006820089183747768,0.0013494236627593637
1768216534032243700,14.58724365234375,-0.0009502158500254154,0.006689061876386404,-0.0011760519118979573
1768216534042243800,14.597243896484375,-0.0018245317041873932,0.006536995060741901,-0.0018937737913802266
1768216534052244700,14.60724462890625,-0.0009438242996111512,0.008694421499967575,-0.002799514913931489
1768216534062245600,14.61724560546875,-0.0009864348685368896,0.0067601678892970085,-0.00005619269722956233
1768216534072245500,14.62724560546875,-0.000916393706575036,0.004065048880875111,0.0001102548703784123
1768216534082246700,14.63724658203125,0.00022157499915920198,0.002867958042770624,-0.00293400464579463
1768216534092247800,14.647247802734375,-0.0009837717516347766,0.0009733853512443602,-0.004047472029924393
1768216534102247700,14.65724755859375,-0.0004647216119337827,0.0008372978190891445,-0.0027294738683849573
1768216534112248600,14.66724853515625,-0.00018242653459310532,0.0015728629659861326,0.000021305288100847974
1768216534122249700,14.677249755859375,0.00012729909212794155,0.0035241609439253807,0.0012301141396164894
1768216534132249600,14.68724951171875,-0.0011289139511063695,0.005851763766258955,-0.000254331884207204
1768216534142250800,14.697250732421875,-0.001797101111151278,0.003948935307562351,-0.0026226809713989496
1768216534152251600,14.707251708984375,-0.002183525823056698,0.005144162103533745,-0.003784085623919964
1768216534162251800,14.717251708984374,-0.0010306433541700244,0.00908750481903553,-0.005694637540727854
1768216534172252700,14.727252685546874,-0.0013851100811734796,0.012354138307273388,-0.007355917245149612
1768216534182252500,14.73725244140625,-0.001529187080450356,0.012493687681853771,-0.004914597608149052
1768216534192253700,14.747253662109374,-0.0001328917423961684,0.011205250397324562,-0.00044368262751959264
1768216534202254800,14.7572548828125,-0.002576342085376382,0.01221671886742115,0.003347327234223485
1768216534212254700,14.767254638671876,-0.002367816399782896,0.013511015102267265,0.005614209920167923
1768216534222255600,14.777255615234376,-0.0015994944842532277,0.01113574206829071,0.007507184520363808
1768216534232256800,14.7872568359375,-0.0017976337112486362,0.00917672086507082,0.006493852008134127
1768216534242256600,14.797256591796875,-0.0020098877139389515,0.0025238776579499245,0.00603339122608304
1768216534252257500,14.807257568359375,-0.0006332996999844909,-0.0007840346079319715,0.0057646785862743855
1768216534262258700,14.8172587890625,0.0013880395563319325,0.00017550231132190675,0.005912750028073788
1768216534272258800,14.8272587890625,0.0022913836874067783,-0.001284975209273398,0.008232629857957363
1768216534282259700,14.837259765625,0.0009110674145631492,-0.0014966964954510331,0.012796488590538502
1768216534292260600,14.847260498046875,0.0004791026876773685,0.0024224112275987864,0.011200723238289356
1768216534302260700,14.8572607421875,-0.00129695946816355,0.0028522454667836428,0.0112824821844697
1768216534312261600,14.86726171875,-0.0025939189363271,0.0028538433834910393,0.010989800095558167
1768216534322262800,14.8772626953125,-0.0035473306197673082,-0.0006024070316925645,0.011611648835241795
1768216534332262700,14.8872626953125,-0.0017414409667253494,-0.000050333743274677545,0.006138586439192295
1768216534342263800,14.897263916015625,-0.0055004931055009365,-0.0010042780777439475,0.003867708845064044
1768216534352264700,14.9072646484375,-0.00173744629137218,-0.0024647556710988283,0.0027417242527008057
1768216534362264600,14.9172646484375,-0.0032061797101050615,0.0013819142477586865,0.0036666402593255043
1768216534372265500,14.927265380859374,-0.0030948594212532043,0.0026764769572764635,0.001984853995963931
1768216534382267000,14.937266845703125,-0.0017473000334575772,0.005834985990077257,0.002826679265126586
1768216534392266500,14.9472666015625,-0.0028735508676618338,0.002865294925868511,0.0010817759903147817
1768216534402267400,14.957267333984374,-0.0024881914723664522,0.005241101142019033,-0.0023041670210659504
1768216534412268300,14.967268310546874,-0.0008487494196742773,0.007833422161638737,-0.004116448108106852
1768216534422268400,14.977268310546876,-0.0020058928057551384,0.007626494392752647,-0.004196343012154102
1768216534432269300,14.987269287109376,-0.0024503744207322598,0.010965299792587757,-0.005447496194392443
1768216534442270500,14.9972705078125,-0.002989664673805237,0.00929256808012724,-0.00830639898777008
1768216534452270600,15.0072705078125,-0.0030535804107785225,0.008984972722828388,-0.009523730725049973
1768216534462271500,15.017271484375,-0.0030157635919749737,0.0051955608651041985,-0.00833942275494337
1768216534472272400,15.0272724609375,-0.0009978864109143615,0.002508964156731963,-0.0062483083456754684
1768216534482272500,15.0372724609375,-0.003570766421034932,0.002412823960185051,-0.00529463030397892
1768216534492273400,15.0472734375,-0.0009065400226972997,-0.0025278725661337376,-0.00033902039285749197
1768216534502274600,15.057274658203125,-0.0018423747969791293,-0.0046570696868002415,-0.0015398397808894515
1768216534512274400,15.0672744140625,-0.0016889767721295357,-0.007247793022543192,-0.0016924388473853469
1768216534522275300,15.077275390625,-0.0012295814231038094,-0.006376406643539667,-0.0022623552940785885
1768216534532276500,15.0872763671875,-0.0016594156622886658,-0.007029680069535971,-0.0020423782989382744
1768216534542276400,15.0972763671875,-0.0037891454994678497,-0.009471000172197819,-0.0023371900897473097
1768216534552277200,15.10727734375,-0.0029379993211477995,-0.007444866932928562,-0.00401604687795043
1768216534562278400,15.1172783203125,-0.0024381240364164114,-0.006953247357159853,-0.003261040663346648
1768216534572278500,15.127278564453125,-0.001972337020561099,-0.005949768237769604,-0.000303334032651037
1768216534582279400,15.137279541015625,-0.002332130214199424,-0.004605404566973448,0.0013795174891129136
1768216534592280300,15.1472802734375,-0.0018663433147594333,-0.00424348097294569,-0.000963797967415303
1768216534602280400,15.157280517578124,-0.002254632068797946,0.0003123887872789055,-0.0032032502349466085
1768216534612281300,15.16728125,-0.001930791768245399,0.0038685076870024204,-0.0046876962296664715
1768216534622282500,15.177282470703124,-0.002737463219091296,0.009407616220414639,-0.005598230753093958
1768216534632282400,15.187282470703124,-0.0009334379574283957,0.007427023723721504,-0.003114566905423999
1768216534642283500,15.197283447265624,0.0004266384057700634,0.006743656471371651,-0.0023853934835642576
1768216534652284400,15.207284423828124,-0.0012871057260781527,0.003933755215257406,-0.003879160387441516
1768216534662284300,15.2172841796875,-0.0010210559703409672,0.004324973560869694,-0.0034202977549284697
1768216534672285400,15.227285400390626,-0.00096086849225685,0.007508782669901848,-0.0026040389202535152
1768216534682286600,15.23728662109375,0.0007933556917123497,0.015379754826426506,-0.00914236530661583
1768216534692286500,15.247286376953125,0.0018868496408686042,0.022551914677023888,-0.01702319271862507
1768216534702287400,15.257287353515625,0.0025600967928767204,0.025063274428248405,-0.025897642597556114
1768216534712288300,15.267288330078125,0.005563077051192522,0.035472504794597626,-0.03092888742685318
1768216534722288400,15.277288330078125,0.009060073643922806,0.04548439383506775,-0.034269556403160095
1768216534732289300,15.287289306640625,0.003659183392301202,0.052129246294498444,-0.04320978745818138
1768216534742290400,15.29729052734375,0.008709868416190147,0.04414802044630051,-0.049256227910518646
1768216534752290600,15.30729052734375,0.011651329696178436,0.009289105422794819,-0.044448692351579666
1768216534762291500,15.31729150390625,0.012841762974858284,0.00037976677413098514,-0.03641553223133087
1768216534772292400,15.327292236328125,0.01284708920866251,0.00024181502521969378,-0.025227058678865433
1768216534782292500,15.33729248046875,0.008873119950294495,0.02462065778672695,-0.02792963571846485
1768216534792293400,15.34729345703125,0.006682670209556818,0.041379399597644806,-0.03806908801198006
1768216534802294500,15.35729443359375,0.005525526590645313,0.03756548464298248,-0.032830916345119476
1768216534812294400,15.36729443359375,0.0007925567333586514,0.04156501963734627,-0.01992230862379074
1768216534822295600,15.377295654296875,-0.003203782718628645,0.038189198821783066,-0.008881642483174801
1768216534832296400,15.38729638671875,-0.011488610878586769,0.042391929775476456,-0.0012175972806289792
1768216534842296300,15.39729638671875,-0.012675847858190536,0.03674443066120148,0.000621848099399358
1768216534852297200,15.407297119140624,-0.017838651314377785,0.03044472448527813,-0.0003323625132907182
1768216534862298400,15.41729833984375,-0.020385699346661568,0.026580210775136948,-0.004613393917679787
1768216534872298500,15.427298583984374,-0.020068783313035965,0.026874225586652756,-0.010114152915775776
1768216534882299400,15.43729931640625,-0.01708151586353779,0.026272883638739586,-0.012557070702314377
1768216534892300300,15.44730029296875,-0.015169365331530571,0.027585821226239204,-0.014874286949634552
1768216534902300400,15.457300537109376,-0.011679026298224926,0.025545839220285416,-0.012678776867687702
1768216534912301300,15.46730126953125,-0.007728493306785822,0.019706860184669495,-0.00869388971477747
1768216534922302500,15.477302490234376,-0.006489058490842581,0.018030665814876556,-0.006336725316941738
1768216534932302600,15.487302490234375,-0.0054357778280973434,0.01823519729077816,-0.00498091010376811
1768216534942303500,15.497303466796875,-0.004715925548225641,0.022367356345057487,-0.005564142484217882
1768216534952304400,15.507304443359375,-0.0022085595410317183,0.019459452480077744,-0.005543902516365051
1768216534962304300,15.51730419921875,-0.004501807503402233,0.019770774990320206,-0.008884038776159286
1768216534972305400,15.527305419921875,-0.0026264095213264227,0.023979634046554565,-0.014327806420624256
1768216534982306600,15.537306640625,-0.0019592875614762306,0.02846892550587654,-0.015782691538333893
1768216534992306400,15.547306396484375,-0.0009664611425250769,0.030768832191824913,-0.018450379371643066
1768216535002307300,15.557307373046875,-0.0006146575906313956,0.03220347687602043,-0.01775849051773548
1768216535012308500,15.56730859375,-0.002016279147937894,0.03398726135492325,-0.017710287123918533
1768216535022308400,15.577308349609375,-0.004713795147836208,0.034878090023994446,-0.01817048154771328
1768216535032309200,15.587309326171875,-0.004716990981251001,0.03218217194080353,-0.016327841207385063
1768216535042310400,15.597310302734375,-0.005775331053882837,0.03134220838546753,-0.019993415102362633
1768216535052310500,15.607310546875,-0.0033603766933083534,0.030889738351106644,-0.019774770364165306
1768216535062311400,15.6173115234375,-0.004237089306116104,0.028866268694400787,-0.022412098944187164
1768216535072312300,15.627312255859374,-0.0029995182994753122,0.023148462176322937,-0.024110129103064537
1768216535082312400,15.6373125,-0.00273133791051805,0.018743326887488365,-0.023486683145165443
1768216535092313600,15.647313720703124,-0.0006559365428984165,0.01871643029153347,-0.01889779046177864
1768216535102314500,15.657314453125,0.0005560680292546749,0.018616560846567154,-0.015907326713204384
1768216535112314400,15.667314453125,-0.0011504855938255787,0.021448567509651184,-0.011869442649185658
1768216535122315500,15.6773154296875,-0.0028458540327847004,0.020833110436797142,-0.010180998593568802
1768216535132316400,15.68731640625,-0.0017656758427619934,0.020425645634531975,-0.011641476303339005
1768216535142316300,15.69731640625,-0.0035212314687669277,0.02767210826277733,-0.012338691391050816
1768216535152317400,15.7073173828125,-0.0008644621120765805,0.03621979057788849,-0.015595471486449242
1768216535162318600,15.717318603515626,-0.00216514989733696,0.02540123090147972,-0.015073224902153015
1768216535172318500,15.727318359375,0.0011502192355692387,0.0207513514906168,-0.017610685899853706
1768216535182319400,15.7373193359375,-0.00010918960470007733,0.021149493753910065,-0.020259466022253036
1768216535192320300,15.7473203125,0.0013459615875035524,0.021856829524040222,-0.019779030233621597
1768216535202320400,15.7573203125,-0.0009086705395020545,0.01985253393650055,-0.018702581524848938
1768216535212321500,15.767321533203125,-0.0016253271605819464,0.02251436375081539,-0.020983578637242317
1768216535222322400,15.777322509765625,-0.0013134710025042295,0.024926122277975082,-0.02305658347904682
1768216535232322600,15.787322509765625,-0.002042910782620311,0.026980483904480934,-0.019287144765257835
1768216535242323500,15.797323486328125,-0.002727875951677561,0.02551041916012764,-0.016656741499900818
1768216535252324400,15.807324462890625,-0.0012373046483844519,0.022592660039663315,-0.017133180052042007
1768216535262324200,15.81732421875,-0.0011414308100938797,0.01979660801589489,-0.01607297547161579
1768216535272325600,15.82732568359375,-0.004278901033103466,0.016573118045926094,-0.015517440624535084
1768216535282326500,15.837326416015625,-0.003439206164330244,0.012488095089793205,-0.012094479985535145
1768216535292326400,15.847326416015624,-0.005447762086987495,0.009355684742331505,-0.012960007414221764
1768216535302327300,15.857327392578124,-0.005142563953995705,0.006306099239736795,-0.010209760628640652
1768216535312328400,15.867328369140624,-0.005910353269428015,0.005790511146187782,-0.00395852280780673
1768216535322328300,15.877328369140624,-0.004996356554329395,0.006715160794556141,-0.002537193475291133
1768216535332329500,15.88732958984375,-0.0035747610963881016,0.004752677399665117,-0.0011584750609472394
1768216535342330400,15.897330322265624,-0.0017715347930788994,0.00809334684163332,0.004286091309040785
1768216535352330500,15.90733056640625,-0.00025486451340839267,0.007919441908597946,0.0029060414526611567
1768216535362331400,15.917331298828126,-0.0007696535321883857,0.006878945045173168,0.0009390306076966226
1768216535372332300,15.927332275390626,0.00022397184511646628,0.00501020485535264,0.0018437063554301858
1768216535382332400,15.93733251953125,-0.0014317154418677092,0.0022423816844820976,-0.0023931164760142565
1768216535392333800,15.947333740234376,-0.0011001517996191978,0.0036479979753494263,-0.002263420494273305
1768216535402334700,15.957334716796876,-0.001876995898783207,0.0025997778866440058,-0.0008636631537228823
1768216535412334600,15.96733447265625,-0.0025036376900970936,0.00013182646944187582,0.0016596820205450058
1768216535422335700,15.977335693359375,-0.0023185480386018753,-0.0037057886365801096,0.0037643781397491693
1768216535432337000,15.9873369140625,-0.002174204681068659,-0.008225971832871437,0.004835235420614481
1768216535442336800,15.997336669921875,-0.0035606464371085167,-0.009926400147378445,0.005013134330511093
1768216535452337700,16.007337646484373,-0.003335609333589673,-0.007001716643571854,0.003838414093479514
1768216535462338600,16.017338623046875,-0.003540938952937722,-0.004291683901101351,0.00384427304379642
1768216535472338700,16.027338623046877,-0.0024743429385125637,-0.005283977836370468,0.004178766161203384
1768216535482339800,16.03733984375,-0.0018551580142229795,-0.00785659160465002,0.005813147872686386
1768216535492340700,16.0473408203125,-0.00036511936923488975,-0.004111388232558966,0.0079173119738698
1768216535502340900,16.0573408203125,-0.0011142665753141046,0.0035451999865472317,0.0064954496920108795
1768216535512341800,16.067341796875,-0.0005925533478148282,0.0095671396702528,0.008534099906682968
1768216535522342700,16.0773427734375,0.00011824435205198824,0.01606924831867218,0.010359430685639381
1768216535532342800,16.0873427734375,-0.00008708536915946752,0.02070154994726181,0.01221458800137043
1768216535542344000,16.097343994140626,0.003855191869661212,0.025547703728079796,0.016511332243680954
1768216535552344800,16.1073447265625,0.005592904519289732,0.014694523997604847,0.020361730828881264
1768216535562344700,16.1173447265625,0.004208060912787914,0.00902518630027771,0.025829732418060303
1768216535572345900,16.127345947265624,0.005727394018322229,0.003946005832403898,0.026767699047923088
1768216535582346800,16.1373466796875,0.006191583350300789,0.005794771946966648,0.022956980392336845
1768216535592346600,16.1473466796875,0.005298092495650053,0.003421096596866846,0.019754795357584953
1768216535602347800,16.15734765625,0.0037643781397491693,0.004883438348770142,0.016016250476241112
1768216535612348700,16.1673486328125,0.0012420982820913196,0.006364688742905855,0.01546364463865757
1768216535622348800,16.177348876953126,0.002591521944850683,0.003266899613663554,0.014632738195359707
1768216535632349700,16.187349609375,-0.0006133259739726782,0.0024927188642323017,0.00917538907378912
1768216535642350600,16.1973505859375,-0.0004474110610317439,-0.0028999161440879107,0.006603574380278587
1768216535652350700,16.207350830078123,0.00020506340661086142,-0.009812416508793831,0.011039867997169495
1768216535662352000,16.217351806640625,0.00017177389236167073,-0.01130991242825985,0.01011202298104763
1768216535672352800,16.227352783203123,0.0011355718597769737,-0.014870292507112026,0.011623366735875607
1768216535682353000,16.237352783203125,0.0034056503791362047,-0.017134511843323708,0.012746954336762428
1768216535692353800,16.247353759765623,0.004569718148559332,-0.01393126230686903,0.00950775109231472
1768216535702354700,16.257354736328125,0.001770203118212521,-0.015173892490565777,0.0009246495319530368
1768216535712354600,16.2673544921875,0.0021646174136549234,-0.010908573865890503,-0.008177235722541809
1768216535722356000,16.27735595703125,0.0017728663515299559,-0.0019520970527082682,-0.026524817571043968
1768216535732356900,16.28735693359375,-0.0009507485083304346,0.013578658923506737,-0.05029193311929703
1768216535742356700,16.297356689453125,-0.0026442527305334806,0.019047195091843605,-0.07767242193222046
1768216535752357600,16.307357666015626,-0.00310604483820498,0.010575146414339542,-0.10373544692993164
1768216535762358800,16.31735888671875,-0.003906324505805969,0.0030248183757066727,-0.12098394334316254
1768216535772358700,16.327358642578126,-0.008106928318738937,-0.015284414403140545,-0.12192191183567047
1768216535782359800,16.33735986328125,-0.013412478379905224,-0.04023929685354233,-0.11482378840446472
1768216535792360700,16.347360595703126,-0.016696421429514885,-0.06974899023771286,-0.10693737119436264
1768216535802360800,16.35736083984375,-0.01949354074895382,-0.10363691300153732,-0.10551150888204575
1768216535812361700,16.36736181640625,-0.024568192660808563,-0.12766768038272858,-0.11020586639642715
1768216535822362600,16.377362548828124,-0.030288396403193474,-0.13407550752162933,-0.10276978462934494
1768216535832362800,16.38736279296875,-0.02978133037686348,-0.13862179219722748,-0.09330011904239655
1768216535842364000,16.397364013671876,-0.02563878335058689,-0.15201030671596527,-0.07405238598585129
1768216535852364800,16.40736474609375,-0.02286297082901001,-0.17295660078525543,-0.05142990127205849
1768216535862364700,16.41736474609375,-0.015202920883893967,-0.19134946167469025,-0.029997579753398895
1768216535872365800,16.42736572265625,-0.008708270266652107,-0.19964547455310822,-0.012054000049829483
1768216535882366700,16.43736669921875,0.003319896524772048,-0.19079551100730896,-0.005862416233867407
1768216535892366600,16.44736669921875,0.007981760427355766,-0.1733643263578415,-0.007555387914180756
1768216535902367700,16.45736767578125,0.013963219709694386,-0.13574372231960297,-0.013199691660702229
1768216535912369000,16.467368896484373,0.02076892741024494,-0.10718237608671188,-0.01769351027905941
1768216535922368800,16.47736865234375,0.019837087020277977,-0.08237210661172867,-0.01852734573185444
1768216535932369700,16.48736962890625,0.019051188603043556,-0.06096534803509712,-0.0043713124468922615
1768216535942370600,16.49737060546875,0.019114838913083076,-0.051474377512931824,0.013095562346279621
1768216535952370700,16.50737060546875,0.018201906234025955,-0.04635445028543472,0.018563564866781235
1768216535962371800,16.517371826171875,0.01359463855624199,-0.06458725035190582,0.0062307314947247505
1768216535972372700,16.527372802734376,0.012860405258834362,-0.06987415254116058,0.00621022516861558
1768216535982372900,16.537372802734374,0.018030665814876556,-0.06401067227125168,-0.00098217383492738
1768216535992373800,16.547373779296876,0.017190704122185707,-0.07426251471042633,-0.009394034743309021
1768216536002374700,16.557374755859374,0.02261636219918728,-0.07390804588794708,-0.012459066696465015
1768216536012374500,16.56737451171875,0.023319438099861145,-0.07286302000284195,-0.002897785510867834
1768216536022376000,16.5773759765625,0.02756291814148426,-0.06524345278739929,0.005366003140807152
1768216536032376800,16.587376953125,0.028959745541214943,-0.060291837900877,0.004554005339741707
1768216536042376700,16.597376708984374,0.0314687117934227,-0.051425639539957047,0.00020106865849811584
1768216536052377600,16.607377685546876,0.03398459777235985,-0.03815564140677452,-0.00863450113683939
1768216536062378800,16.617378662109374,0.03695402294397354,-0.04206516221165657,-0.007660582661628723
1768216536072378600,16.627378662109376,0.03950905799865723,-0.03843900188803673,-0.00908457487821579
1768216536082379800,16.6373798828125,0.037208620458841324,-0.04893238842487335,-0.005792108830064535
1768216536092380700,16.647380615234376,0.03713458403944969,-0.055581238120794296,-0.002026399364694953
1768216536102380800,16.657380859375,0.03193316608667374,-0.050453320145606995,-0.0005605954211205244
1768216536112381700,16.667381591796875,0.02263234183192253,-0.05266773700714111,-0.0009414274245500565
1768216536122382600,16.677382568359373,0.019725767895579338,-0.0461999848484993,-0.009972739033401012
1768216536132382700,16.6873828125,0.015873771160840988,-0.04423297569155693,-0.019480757415294647
1768216536142383900,16.6973837890625,0.011806325986981392,-0.051290616393089294,-0.020384101197123528
1768216536152384800,16.707384765625,0.010300840251147747,-0.056889116764068604,-0.01654808409512043
1768216536162384600,16.717384521484377,0.002600576728582382,-0.05907876789569855,-0.011759454384446144
1768216536172385800,16.7273857421875,0.00024101608141791075,-0.06572122126817703,-0.0073410035111010075
1768216536182386700,16.73738671875,0.002585396869108081,-0.07620129734277725,0.005903429351747036
1768216536192386600,16.747386474609375,0.004228300880640745,-0.08174999058246613,0.012772253714501858
1768216536202387700,16.7573876953125,0.007511445786803961,-0.09015519171953201,0.011717642657458782
1768216536212388900,16.767388916015626,0.012601013295352459,-0.0881439745426178,-0.0002532666258048266
1768216536222388700,16.777388671875,0.01624341867864132,-0.07904528081417084,-0.012969061732292175
1768216536232389600,16.7873896484375,0.013992248103022575,-0.0496186837553978,-0.011336278170347214
1768216536242390500,16.797390625,0.009849701076745987,-0.019045064225792885,-0.01116237323731184
1768216536252391000,16.807390869140626,0.0043870252557098866,-0.026037193834781647,0.0037444045301526785
1768216536262391800,16.817391845703124,0.00022690132027491927,-0.03627385199069977,0.025487516075372696
1768216536272392700,16.827392822265626,-0.00023196132679004222,-0.04729907214641571,0.03971252590417862
1768216536282392800,16.837392822265624,-0.00010146643762709573,-0.05722280964255333,0.04348995164036751
1768216536292393700,16.847393798828126,0.0015446334145963192,-0.06835988163948059,0.035898610949516296
1768216536302394600,16.85739453125,-0.004591822158545256,-0.07789666205644608,0.024563400074839592
1768216536312394800,16.867394775390625,-0.02064189501106739,-0.07370644807815552,0.023490145802497864
1768216536322396000,16.87739599609375,-0.02822604589164257,-0.06013497710227966,0.02051033452153206
1768216536332396800,16.887396728515625,-0.036728452891111374,-0.05152231454849243,0.01326813455671072
1768216536342396700,16.897396728515623,-0.0409783273935318,-0.051845088601112366,0.0030714236199855804
1768216536352397600,16.9073974609375,-0.03810637444257736,-0.04893771559000015,0.0030394657514989376
1768216536362399000,16.91739892578125,-0.029321404173970222,-0.048886850476264954,0.021030450239777565
1768216536372398800,16.92739892578125,-0.02286004275083542,-0.04790494218468666,0.036975327879190445
1768216536382399700,16.937399658203127,-0.015691611915826797,-0.04601915553212166,0.04312270134687424
1768216536392400600,16.947400634765625,-0.009548497386276722,-0.04959312081336975,0.04215757176280022
1768216536402400300,16.957400146484375,-0.005405418109148741,-0.05643158406019211,0.04156981408596039
1768216536412401400,16.9674013671875,-0.0046908920630812645,-0.05553090199828148,0.03954154998064041
1768216536422402300,16.97740234375,-0.0022003035992383957,-0.05738872289657593,0.04056713357567787
1768216536432402400,16.98740234375,-0.005518868565559387,-0.049496445804834366,0.03208070620894432
1768216536442403300,16.9974033203125,-0.0054941014386713505,-0.03924141079187393,0.02245364338159561
1768216536452404200,17.007404296875,-0.0027153589762747288,-0.0441775806248188,0.011640943586826324
1768216536462404600,17.017404541015626,-0.00018189390539191663,-0.05896718055009842,0.006975351367145777
1768216536472405500,17.027405517578124,0.0065409899689257145,-0.07716589421033859,0.0073234266601502895
1768216536482406400,17.037406494140626,0.011207646690309048,-0.08714529126882553,0.011950136162340641
1768216536492406300,17.04740625,0.015743542462587357,-0.091145358979702,0.011202586814761162
1768216536502407400,17.057407470703126,0.018026404082775116,-0.09706210345029831,0.01070830412209034
1768216536512408300,17.067408203125,0.017768077552318573,-0.10149599611759186,0.012571185827255249
1768216536522408400,17.077408447265626,0.015678295865654945,-0.09463116526603699,0.011159710586071014
1768216536532409300,17.087409423828124,0.016471916809678078,-0.08252736926078796,0.0035265579354017973
1768216536542410500,17.097410400390626,0.013774667866528034,-0.062061239033937454,-0.004339887294918299
1768216536552410400,17.107410400390624,0.014279336668550968,-0.04012558236718178,-0.011681157164275646
1768216536562411300,17.117411376953125,0.014843128621578217,-0.026218554005026817,-0.013689180836081505
1768216536572412200,17.127412109375,0.013912620022892952,-0.02449149452149868,-0.01489399466663599
1768216536582412500,17.13741259765625,0.01369210984557867,-0.036671195179224014,-0.00634817685931921
1768216536592413400,17.147413330078123,0.012427374720573425,-0.05853894352912903,0.008281632326543331
1768216536602414300,17.157414306640625,0.010310428217053413,-0.08406241238117218,0.025438249111175537
1768216536612414500,17.16741455078125,0.011717909015715122,-0.0979049950838089,0.0315864235162735
1768216536622415400,17.177415283203125,0.01233229972422123,-0.08503712713718414,0.021997444331645966
1768216536632416500,17.18741650390625,0.014098774641752243,-0.06826028227806091,0.0013116068439558148
1768216536642416400,17.19741650390625,0.012089420109987259,-0.062375757843256,-0.018435467034578323
1768216536652417500,17.20741748046875,0.00618279492482543,-0.06130277365446091,-0.02436179853975773
1768216536662418400,17.21741845703125,0.013146162033081055,-0.0638655349612236,-0.022946061566472054
1768216536672418300,17.227418212890626,0.008158859796822071,-0.06406579911708832,-0.005834453273564577
1768216536682419200,17.237419189453124,0.002427204977720976,-0.06530123949050903,0.011927233077585697
1768216536692420600,17.247420654296874,0.0013970943400636315,-0.07217246294021606,0.028924059122800827
1768216536702420500,17.25742041015625,-0.00008016114588826895,-0.06616703420877457,0.028778651729226112
1768216536712421400,17.26742138671875,-0.0019470370607450604,-0.05282140150666237,0.0162961483001709
1768216536722422300,17.27742236328125,-0.0049430932849645615,-0.03645468130707741,-0.00236249016597867
1768216536732422400,17.28742236328125,-0.008163387887179852,-0.0191957987844944,-0.016146212816238403
1768216536742423300,17.29742333984375,-0.011068630032241344,-0.0031672974582761526,-0.01792840100824833
1768216536752424400,17.307424560546874,-0.009439840912818909,0.002351038623601198,-0.0010788465151563287
1768216536762424600,17.317424560546876,-0.014218883588910103,0.005191300064325333,0.011171428486704826
1768216536772425500,17.327425537109374,-0.01017061248421669,-0.004779309034347534,0.013116600923240185
1768216536782426400,17.33742626953125,-0.007992146536707878,-0.01404710952192545,0.015806127339601517
1768216536792426200,17.34742626953125,-0.009727195836603642,-0.020388362929224968,0.016019713133573532
1768216536802427400,17.357427490234375,-0.010187656618654728,-0.015914518386125565,0.01107741892337799
1768216536812428500,17.367428466796873,-0.012369584292173386,-0.011753329075872898,0.0062336609698832035
1768216536822428400,17.377428466796875,-0.013528591953217983,-0.009723201394081116,0.0014109427575021982
1768216536832429300,17.38742919921875,-0.013729660771787167,-0.015113439410924911,-0.0024461133871227503
1768216536842430500,17.397430419921875,-0.015402126125991344,-0.026278475299477577,-0.003447728231549263
1768216536852430300,17.407430419921877,-0.015474297106266022,-0.025289377197623253,0.00007084008393576369
1768216536862431200,17.41743115234375,-0.014214621856808662,-0.0167347714304924,0.0024927188642323017
1768216536872432400,17.427432373046877,-0.011802596971392632,-0.013030581176280975,-0.00227860058657825
1768216536882432500,17.4374326171875,-0.01190992258489132,-0.009623865596950054,-0.008401740342378616
1768216536892433400,17.447433349609376,-0.010125071741640568,-0.007512777578085661,-0.012476377189159393
1768216536902434300,17.457434326171875,-0.00923184771090746,-0.008922655135393143,-0.017728131264448166
1768216536912434400,17.467434326171876,-0.009662214666604996,-0.012985839508473873,-0.019999274984002113
1768216536922435300,17.477435302734374,-0.011348527856171131,-0.015912653878331184,-0.021944446489214897
1768216536932436500,17.4874365234375,-0.011800200678408146,-0.016534235328435898,-0.0201627928763628
1768216536942436400,17.497436279296874,-0.01008246187120676,-0.006332730874419212,-0.009782323613762856
1768216536952437500,17.5074375,-0.007626494392752647,0.007935420610010624,-0.006389722228050232
1768216536962438400,17.5174384765625,-0.006585997529327869,0.009724532254040241,-0.01083001121878624
1768216536972438300,17.527438232421876,-0.0025417208671569824,0.010435597039759159,-0.013522733002901077
1768216536982439200,17.537439208984374,-0.0017805894603952765,0.01185346394777298,-0.011694473214447498
1768216536992440600,17.547440673828124,-0.0003193130251020193,0.012048939242959023,-0.01152589451521635
1768216537002440400,17.5574404296875,0.002124137245118618,0.0062395199202001095,-0.017311878502368927
1768216537012441300,17.56744140625,0.002380599733442068,-0.006366819143295288,-0.021256020292639732
1768216537022442200,17.577442138671874,-0.0007797735743224621,-0.013890515081584454,-0.018666362389922142
1768216537032442400,17.5874423828125,-0.004516721237450838,-0.0170919019728899,-0.011008176021277905
1768216537042443300,17.597443359375,-0.004319380968809128,-0.008525577373802662,-0.007011304143816233
1768216537052444400,17.6074443359375,-0.005045891273766756,0.0045572011731565,-0.009270730428397655
1768216537062444500,17.617444580078125,-0.005693572107702494,0.009460613131523132,-0.0091157341375947
1768216537072445400,17.627445556640627,-0.003899400355294347,0.006577741354703903,-0.0038005972746759653
1768216537082446300,17.6374462890625,-0.00015286543930415064,-0.0041497377678751945,0.006609166972339153
1768216537092446200,17.6474462890625,-0.000017843178284238093,-0.019628295674920082,0.012375709600746632
1768216537102447400,17.657447265625,0.003334810258820653,-0.022997993975877762,0.009169263765215874
1768216537112448500,17.667448486328126,0.0011238539591431618,-0.03275022283196449,-0.0022277343086898327
1768216537122448400,17.677448486328124,0.004984638653695583,-0.0391860194504261,-0.005950034596025944
1768216537132449300,17.68744921875,0.005313538946211338,-0.03404505178332329,-0.006774016655981541
1768216537142450400,17.697450439453124,0.004304200876504183,-0.03784032166004181,-0.005850432440638542
1768216537152450300,17.7074501953125,0.0006159891490824521,-0.028423918411135674,-0.004025900736451149
1768216537162451200,17.717451171875,-0.0014679343439638615,-0.024288827553391457,-0.0009688580175861716
1768216537172452400,17.727452392578126,-0.0010404969798400998,-0.015909457579255104,0.004225105047225952
1768216537182452500,17.737452392578124,-0.0027923244051635265,-0.014883608557283878,0.003849332919344306
1768216537192453400,17.747453369140626,-0.003032275242730975,-0.018793128430843353,0.005131645128130913
1768216537202454300,17.757454345703124,-0.005679723806679249,-0.018160628154873848,0.004364122170954943
1768216537212454400,17.767454345703126,-0.002638659905642271,-0.01810656487941742,0.005514341406524181
1768216537222455300,17.777455322265624,-0.00569916469976306,-0.022776152938604355,0.0013677994720637798
1768216537232456400,17.78745654296875,-0.004953745752573013,-0.0249804500490427,-0.0073652383871376514
1768216537242456300,17.797456298828124,-0.006327670533210039,-0.019693011417984962,-0.01058952696621418
1768216537252457500,17.80745751953125,-0.007225422188639641,-0.0016277240356430411,-0.01161590963602066
1768216537262458400,17.817458251953123,-0.0035153725184500217,0.013485448434948921,-0.0072989254258573055
1768216537272458200,17.827458251953125,-0.0036698358599096537,0.013824469409883022,0.00418276060372591
1768216537282459100,17.837459228515623,-0.0028490496333688498,0.010494452901184559,0.011717376299202442
1768216537292460500,17.84746044921875,-0.001228782464750111,0.0036858150269836187,0.016713200137019157
1768216537302460400,17.85746044921875,0.0003760383406188339,-0.0006530070677399635,0.005927131045609713
1768216537312461300,17.86746142578125,-0.00012783173588104546,0.0027425233274698257,-0.001722532557323575
1768216537322462200,17.877462158203127,-0.0034261567052453756,0.014426875859498978,-0.00845606904476881
1768216537332462300,17.88746240234375,-0.0026040389202535152,0.014445784501731396,-0.01623542793095112
1768216537342463200,17.897463134765626,-0.004113784991204739,0.009332515299320221,-0.019930033013224602
1768216537352464400,17.90746435546875,-0.0054427022114396095,0.0041428133845329285,-0.017908958718180656
1768216537362464500,17.917464599609374,-0.002578738844022155,-0.007035006303340197,-0.0070914654061198235
1768216537372465400,17.92746533203125,-0.004710865672677755,-0.018066884949803352,0.0025039040483534336
1768216537382466300,17.93746630859375,-0.002445314545184374,-0.03129453957080841,0.013743242248892784
1768216537392466400,17.947466552734376,-0.0018900453578680754,-0.030182402580976486,0.02148878015577793
1768216537402467000,17.957467041015626,-0.000743820914067328,-0.02147439867258072,0.02009807713329792
1768216537412468200,17.96746826171875,-0.00293320557102561,-0.011562113650143147,0.013030847534537315
1768216537422468000,17.977468017578126,-0.003715908620506525,-0.0019153454340994358,0.005664277356117964
1768216537432469200,17.98746923828125,-0.0029521139804273844,-0.0020117517560720444,0.0010548781137913465
1768216537442470100,17.99747021484375,-0.0011041465913876891,-0.004744155332446098,0.0010956244077533484
1768216537452470000,18.007469970703124,-0.0004743089957628399,-0.01769324392080307,0.0070158313028514385
1768216537462471000,18.017470947265625,-0.003245860803872347,-0.02942207083106041,0.009069927968084812
1768216537472472000,18.02747216796875,-0.0002181128947995603,-0.03470844402909279,0.006895190104842186
1768216537482472200,18.03747216796875,0.001564873498864472,-0.03346661478281021,0.008434231393039227
1768216537492473000,18.04747314453125,-0.001127848750911653,-0.02538471855223179,0.011229218915104866
1768216537502474000,18.057473876953125,-0.0015550197567790747,-0.020677048712968826,0.007637945935130119
1768216537512474000,18.06747412109375,-0.0017190704820677638,-0.01913747563958168,0.008114119060337543
1768216537522475000,18.07747509765625,0.0004791026876773685,-0.030307838693261147,0.010090983472764492
1768216537532476200,18.08747607421875,-0.0009797769598662853,-0.037807565182447433,0.015991482883691788
1768216537542476300,18.097476318359377,-0.0019736685790121555,-0.03356435149908066,0.01871243491768837
1768216537552477200,18.107477294921875,-0.0004822984628845006,-0.03233050927519798,0.018040519207715988
1768216537562478000,18.11747802734375,-0.001740375766530633,-0.027225496247410774,0.005689577199518681
1768216537572479000,18.12747900390625,-0.007386277429759502,-0.02587527222931385,0.0004564658156596124
1768216537582479400,18.137479248046876,-0.009783121757209301,-0.021872010082006454,0.0020623519085347652
1768216537592480300,18.147480224609374,-0.006069077644497156,-0.032226644456386566,-0.007389206904917955
1768216537602481200,18.157481201171876,-0.0073625752702355385,-0.03441762924194336,-0.012615127488970757
1768216537612481000,18.16748095703125,-0.006022738758474588,-0.0492226742208004,-0.014459100551903248
1768216537622482200,18.177482177734376,-0.00418489146977663,-0.0526038222014904,-0.010819890536367893
1768216537632483000,18.187483154296874,-0.001163268811069429,-0.05434126779437065,-0.00432976707816124
1768216537642483200,18.197483154296876,0.0002271676348755136,-0.05678977817296982,0.0024567660875618458
1768216537652484000,18.207484130859374,0.001463673310354352,-0.04308674857020378,-0.0017065536230802536
1768216537662485200,18.2174853515625,0.0008751147543080151,-0.03483441472053528,-0.008098939433693886
1768216537672485000,18.227485107421874,-0.00027856664382852614,-0.026851853355765343,-0.014646054245531559
1768216537682486000,18.237486083984376,-0.0007174555794335902,-0.016461797058582306,-0.011638013646006584
1768216537692487200,18.247487060546874,0.0034051176626235247,-0.009968478232622147,-0.004736964590847492
1768216537702487300,18.2574873046875,0.0033454629592597485,-0.009949036873877048,0.00860094465315342
1768216537712488200,18.26748828125,0.0012205267557874322,-0.009333048015832901,0.0056994310580194
1768216537722489000,18.277489013671875,0.0012471582740545273,-0.005885586142539978,-0.0012937636347487569
1768216537732489200,18.2874892578125,-0.0027688886038959026,0.004460528492927551,-0.006957774516195059
1768216537742490000,18.297489990234375,-0.006732204928994179,0.010867028497159481,-0.010776747949421406
1768216537752491300,18.3074912109375,-0.008893893100321293,0.021407820284366608,-0.013819674961268902
1768216537762491100,18.3174912109375,-0.009702694602310658,0.02810380607843399,-0.011757589876651764
1768216537772492300,18.3274921875,-0.00866219773888588,0.03231985494494438,-0.0026530411560088396
1768216537782493200,18.3374931640625,-0.00857511255890131,0.027231620624661446,-0.0031933963764458895
1768216537792493000,18.3474931640625,-0.006278668530285358,0.018511632457375526,-0.005301021970808506
1768216537802494000,18.357493896484375,-0.005246427375823259,0.022637667134404182,-0.010250773280858994
1768216537812495000,18.3674951171875,-0.006102100946009159,0.026487266644835472,-0.016100673004984856
1768216537822495200,18.3774951171875,-0.002097505610436201,0.025856897234916687,-0.02057025581598282
1768216537832496000,18.38749609375,-0.0036935380194336176,0.01631718873977661,-0.017063405364751816
1768216537842497000,18.3974970703125,0.0008721852791495621,0.014544853940606117,-0.008321845903992653
1768216537852497200,18.4074970703125,0.0035862126387655735,0.009294698014855385,0.001392300589941442
1768216537862498000,18.417498046875,0.005832056514918804,0.0085426215082407,0.006061621010303497
1768216537872499200,18.427499267578124,0.004193413536995649,0.011322695761919022,0.0046208505518734455
1768216537882499300,18.437499267578126,-0.00044607947347685695,0.02203099988400936,0.002769687445834279
1768216537892500200,18.447500244140624,-0.007504787761718035,0.03314250707626343,-0.005446430761367083
1768216537902501000,18.457501220703126,-0.015578693710267544,0.043232157826423645,-0.012574647553265095
1768216537912501000,18.4675009765625,-0.02395167201757431,0.04646683484315872,-0.01278770063072443
1768216537922502100,18.477502197265625,-0.0314284972846508,0.034015756100416183,-0.011327489279210567
1768216537932503300,18.48750341796875,-0.04126621410250664,0.02287069521844387,-0.0015488944482058287
1768216537942503200,18.497503173828125,-0.051783300936222076,0.015961389988660812,0.005071191117167473
1768216537952504000,18.507504150390623,-0.053371611982584,0.013774667866528034,0.010183927603065968
1768216537962505200,18.517505126953125,-0.046599194407463074,0.015549665316939354,0.008436894044280052
1768216537972505000,18.527505126953123,-0.036917537450790405,0.0072901370003819466,0.007738613523542881
1768216537982506000,18.537506103515625,-0.02407044917345047,-0.003972903825342655,0.003495398908853531
1768216537992507100,18.547507080078127,-0.014888402074575424,0.005320996046066284,0.0012098740553483367
1768216538002507300,18.55750732421875,-0.007892810739576817,0.010845457203686237,-0.006943127140402794
1768216538012508200,18.567508056640627,-0.00358860963024199,0.009179383516311646,-0.015356319025158882
1768216538022509000,18.577509033203125,-0.0007949535502120852,0.004402738064527512,-0.016350744292140007
1768216538032509200,18.58750927734375,0.000037017940485384315,0.011504323221743107,-0.017589645460247993
1768216538042510000,18.597510009765625,-0.0008484831196255982,0.024116788059473038,-0.013937919400632381
1768216538052511200,18.60751123046875,0.000018908443962573074,0.028534971177577972,-0.010487794876098633
1768216538062511000,18.617510986328124,0.00003914846820407547,0.023515446111559868,-0.0060110208578407764
1768216538072512300,18.62751220703125,0.002898318227380514,0.014010357670485973,0.002264752285555005
1768216538082513200,18.63751318359375,0.0018213358707726002,0.005630987696349621,0.009591907262802124
1768216538092513000,18.647512939453126,0.00008628641808172688,0.006524212192744017,0.010783139616250992
1768216538102514000,18.657513916015624,-0.0014058827655389905,0.007303186692297459,0.003683151677250862
1768216538112515300,18.667515380859374,-0.004391818773001432,-0.00152306177187711,-0.0036389431916177273
1768216538122515200,18.67751513671875,-0.003515905234962702,-0.006911701988428831,-0.009679525159299374
1768216538132516000,18.68751611328125,-0.006138320080935955,-0.006029130425304174,-0.011178085580468178
1768216538142517000,18.69751708984375,-0.0054605454206466675,-0.0016583503456786275,-0.006907174363732338
1768216538152517000,18.70751708984375,-0.00824754312634468,0.010547449812293053,0.0019678096286952496
1768216538162518000,18.71751806640625,-0.015351525507867336,0.012944560497999191,0.011566907167434692
1768216538172519200,18.727519287109374,-0.015908924862742424,0.012309396639466286,0.022372150793671608
1768216538182519300,18.737519287109375,-0.018207766115665436,0.010821222327649593,0.034873027354478836
1768216538192520200,18.747520263671873,-0.024863803759217262,0.0009795106016099453,0.051237087696790695
1768216538202521000,18.75752099609375,-0.02864336222410202,0.011276356875896454,0.06739342212677002
1768216538212521000,18.76752099609375,-0.026075541973114014,0.013525928370654583,0.07778400927782059
1768216538222522000,18.777522216796875,-0.018072742968797684,0.00022077605535741895,0.06289587169885635
1768216538232523300,18.787523193359377,-0.011318701319396496,-0.024517061188817024,0.03662671893835068
1768216538242523100,18.797523193359375,-0.009600695222616196,-0.04534564167261124,0.014333399012684822
1768216538252524000,18.80752392578125,-0.007433947641402483,-0.03977777436375618,-0.008883506059646606
1768216538262525200,18.817525146484375,-0.009794839657843113,-0.03255501389503479,-0.016206134110689163
1768216538272525000,18.827525146484376,-0.009370332583785057,-0.011605789884924889,-0.015401859767735004
1768216538282526000,18.83752587890625,-0.008286958560347557,0.01324256882071495,-0.012842562049627304
1768216538292527000,18.847527099609376,-0.008352472446858883,0.036002740263938904,-0.01158554945141077
1768216538302527200,18.85752734375,-0.0062768044881522655,0.04499277472496033,-0.0076035913079977036
1768216538312528100,18.867528076171876,-0.003974501509219408,0.04002571478486061,-0.0006673881434835494
1768216538322529000,18.877529052734374,0.00046312372433021665,0.026373550295829773,0.004530303180217743
1768216538332529200,18.887529052734376,0.0014484933344647288,0.015565111301839352,0.0038666436448693275
1768216538342530000,18.897530029296874,0.000008788431841821875,0.006442186422646046,-0.008400941267609596
1768216538352531200,18.90753125,-0.0013171994360163808,0.003940413240343332,-0.020327908918261528
1768216538362531000,18.917531005859374,-0.0020511667244136333,0.007449660450220108,-0.02015240676701069
1768216538372532200,18.9275322265625,-0.0038104509003460407,0.005629922728985548,-0.013455887325108051
1768216538382533000,18.937533203125,-0.005304750520735979,0.0010484865633770823,-0.008831308223307133
1768216538392533000,18.947532958984375,-0.0048861014656722546,-0.0030748858116567135,-0.008726912550628185
1768216538402534000,18.957533935546873,-0.004431500099599361,-0.0032772859558463097,-0.006853378843516111
1768216538412535300,18.967535400390624,-0.0015707324491813779,-0.0005667206714861095,-0.006607036106288433
1768216538422535200,18.97753515625,-0.001086037140339613,-0.00009347695595351979,-0.005569202359765768
1768216538432536000,18.9875361328125,0.0007091998122632504,0.012769591063261032,-0.011117366142570972
1768216538442537000,18.997536865234373,0.00033396040089428425,0.022395053878426552,-0.012716327793896198
1768216538452537000,19.007537109375,-0.001561677665449679,0.01685461401939392,-0.010953581891953945
1768216538462538000,19.0175380859375,-0.003318032482638955,0.005200354848057032,-0.005437109619379044
1768216538472539100,19.0275390625,-0.007821970619261265,-0.012566657736897469,0.003483681008219719
1768216538482539300,19.037539306640625,-0.010416688397526741,-0.019455457106232643,0.012056396342813969
1768216538492540200,19.0475400390625,-0.011886753141880035,0.001088966615498066,0.013874536380171776
1768216538502541000,19.057541015625,-0.0078571243211627,0.027841750532388687,-0.0009113337146118283
1768216538512541000,19.067541015625,-0.0058656120672822,0.054605189710855484,-0.009618538431823254
1768216538522542300,19.077542236328124,-0.00649784691631794,0.06130889803171158,-0.020711669698357582
1768216538532543200,19.087543212890626,-0.006939132697880268,0.0410773940384388,-0.020867731422185898
1768216538542543000,19.097543212890624,-0.0003499393642414361,0.021100224927067757,-0.008113852702081203
1768216538552544000,19.1075439453125,-0.0009398295660503209,0.00012144014181103557,0.008354602381587029
1768216538562545200,19.117545166015624,0.009069661609828472,-0.02250637486577034,0.013908091932535172
1768216538572545000,19.127544921875,0.008225439116358757,-0.0356818325817585,0.012208462692797184
1768216538582546200,19.137546142578124,0.009267001412808895,-0.03170493245124817,-0.000046871635277057067
1768216538592547000,19.147547119140626,0.007494401652365923,-0.029625803232192993,-0.0107708889991045
1768216538602547200,19.157547119140624,0.005083441734313965,-0.014329138211905956,-0.019719108939170837
1768216538612548000,19.167548095703125,0.0033449302427470684,0.009500560350716114,-0.02190609835088253
1768216538622549000,19.177549072265624,-0.00011717908637365326,0.016354737803339958,-0.0190192312002182
1768216538632549000,19.187549072265625,-0.0022096247412264347,0.009081379510462284,-0.018607240170240402
1768216538642550300,19.19755029296875,-0.0036432044580578804,-0.008082693442702293,-0.010479805059731007
1768216538652551200,19.20755126953125,0.001287904684431851,-0.010299775749444962,-0.005181978922337294
1768216538662551000,19.217551025390627,0.006027798634022474,-0.00863396842032671,0.006013151258230209
1768216538672552200,19.22755224609375,0.003799265483394265,0.008533034473657608,0.00021118867152836174
1768216538682553000,19.237552978515627,-0.0000399474156438373,0.0076118470169603825,-0.004854143597185612
1768216538692553000,19.247552978515625,0.007006510626524687,0.02009701170027256,-0.011936820112168789
1768216538702554000,19.25755419921875,0.010611898265779018,0.028626851737499237,-0.01432088203728199
1768216538712555300,19.26755517578125,0.014111291617155075,0.02455221489071846,-0.014961372129619122
1768216538722555100,19.27755517578125,0.010176205076277256,0.02286989614367485,-0.015663914382457733
1768216538732556000,19.28755615234375,0.006672816351056099,0.010845190845429897,-0.012238290160894394
1768216538742557000,19.297556884765626,0.0019044264918193221,-0.0014743260107934475,-0.006613427773118019
1768216538752558300,19.307558349609376,-0.0041244374588131905,-0.009338107891380787,-0.003969707991927862
1768216538762558200,19.31755810546875,-0.005137237720191479,-0.006742058787494898,-0.0008823052630759776
1768216538772559000,19.32755908203125,-0.0033153691329061985,0.005145759787410498,-0.002379534300416708
1768216538782560000,19.33756005859375,-0.0006562029011547565,0.013154418207705021,-0.007089600898325443
1768216538792560000,19.34756005859375,0.006649114191532135,0.019449597224593163,-0.013797837309539318
1768216538802561000,19.35756103515625,0.006458165589720011,0.019279155880212784,-0.013464409857988358
1768216538812562200,19.367562255859376,0.0073503246530890465,0.001987517112866044,-0.007368966471403837
1768216538822562300,19.377562255859374,0.003480218816548586,-0.00019334549142513424,0.0012575446162372828
1768216538832563200,19.387563232421876,0.00421258807182312,-0.0008586031035520136,0.004179564770311117
1768216538842564000,19.397564208984374,0.0035201662685722113,-0.000877511571161449,-0.0015081481542438269
1768216538852564200,19.407564208984375,0.004032026045024395,0.01122415903955698,-0.01028725877404213
1768216538862565000,19.417565185546874,0.0010697918478399515,0.01648842915892601,-0.00812051072716713
1768216538872566300,19.427566162109375,0.0011182613670825958,0.012446017004549503,0.0009387642494402826
1768216538882566100,19.437566162109373,0.0009406284661963582,0.010206565260887146,0.007741542998701334
1768216538892567000,19.447567138671875,0.00019707392493728548,0.0035420041531324387,0.012317652814090252
1768216538902568200,19.457568115234373,-0.002948385663330555,-0.004519917070865631,0.01401941291987896
1768216538912568000,19.467568115234375,-0.005239502992480993,-0.011107778176665306,0.016977917402982712
1768216538922569000,19.47756884765625,-0.0027896612882614136,-0.014561099000275135,0.013378655537962914
1768216538932570000,19.487570068359375,-0.0037497307639569044,-0.010579939931631088,0.006623547989875078
1768216538942570200,19.4975703125,-0.0041579934768378735,-0.0027273432351648808,-0.0006679208017885685
1768216538952571100,19.507571044921875,-0.001255946815945208,0.0011342403013259172,0.0011616708943620324
1768216538962572000,19.517572021484376,0.00037710359902121127,-0.003213103860616684,0.007078149355947971
1768216538972572200,19.527572265625,0.005062935408204794,-0.010467288084328175,0.012551478110253811
1768216538982573000,19.537572998046876,0.003222425002604723,-0.021078919991850853,0.014725683256983757
1768216538992574200,19.54757421875,0.003969974350184202,-0.03562776744365692,0.01973029598593712
1768216539002574000,19.557573974609376,0.0016980315558612347,-0.03780170902609825,0.026708044111728668
1768216539012575200,19.5675751953125,0.0003944141499232501,-0.03648477420210838,0.03467195853590965
1768216539022576000,19.577576171875,-0.00004660531703848392,-0.03248683735728264,0.03105671890079975
1768216539032576000,19.587575927734374,-0.005356415640562773,-0.027159715071320534,0.026761839166283607
1768216539042577200,19.5975771484375,-0.0037502634804695845,-0.021350296214222908,0.0191329475492239
1768216539052578300,19.607578369140626,-0.0014503574930131435,-0.015242069959640503,0.018927885219454765
1768216539062578200,19.617578125,0.00043010051012970507,-0.01483300793915987,0.012370916083455086
1768216539072579000,19.6275791015625,0.00044554684427566826,-0.02322995476424694,0.007480553351342678
1768216539082580000,19.637580078125,-0.0007997472421266139,-0.023928768932819366,0.006581736262887716
1768216539092580000,19.647580078125,0.003428020980209112,-0.0227977242320776,0.006727145053446293
1768216539102581000,19.6575810546875,0.002472212305292487,-0.01673796772956848,0.0033358754590153694
1768216539112582100,19.66758203125,0.001972603378817439,-0.012534700334072113,0.000630902883131057
1768216539122582300,19.677582275390623,0.0018367822049185634,-0.01384257897734642,0.0008982842555269599
1768216539132583200,19.687583251953125,0.0003557983145583421,-0.011515508405864239,-0.0014077469240874052
1768216539142584000,19.697583984375,-0.001728391507640481,-0.008268049918115139,-0.004070641472935677
1768216539152584200,19.707584228515625,-0.004171309061348438,-0.005106877535581589,-0.007496798411011696
1768216539162585000,19.717585205078127,-0.003553189570084214,-0.001931058126501739,-0.00894023198634386
1768216539172586200,19.727586181640625,-0.003290868131443858,0.0024596955627202988,-0.006371080409735441
1768216539182586000,19.737586181640626,-0.002380599733442068,0.004516987595707178,-0.003084473079070449
1768216539192587300,19.747587158203125,0.000606668065302074,0.0010980212828144431,-0.00768774701282382
1768216539202588200,19.757588134765626,0.0017811221769079566,0.00042743736412376165,-0.009770872071385384
1768216539212588000,19.767588134765624,0.0060112872160971165,0.0003150519623886794,-0.011124290525913239
1768216539222589000,19.7775888671875,0.004346012603491545,0.0009912285022437572,-0.011938950978219509
1768216539232590000,19.787590087890624,0.0052112736739218235,-0.0032498554792255163,-0.01227237842977047
1768216539242590200,19.797590087890626,0.004221110139042139,-0.010573548264801502,-0.0070459251292049885
1768216539252591000,19.807591064453124,0.003052781568840146,-0.01721254177391529,0.001472461735829711
1768216539262592000,19.817592041015626,0.00159443449229002,-0.017476994544267654,0.001817341079004109
1768216539272592100,19.827592041015624,-0.0009744506096467376,-0.012466256506741047,-0.006265885196626186
1768216539282593000,19.837593017578126,0.00011691277177305892,-0.02292582206428051,-0.016581906005740166
1768216539292594200,19.84759423828125,-0.0004985437262803316,-0.022647788748145103,-0.011633220128715038
1768216539302594300,19.85759423828125,0.001520665013231337,-0.016282832249999046,-0.003020557342097163
1768216539312595200,19.86759521484375,0.003921504598110914,-0.010805776342749596,0.0013933659065514803
1768216539322596000,19.87759619140625,0.0051747881807386875,-0.008364723064005375,-0.00045806370326317847
1768216539332596000,19.887595947265623,0.004604072775691748,-0.00487278588116169,-0.003191798459738493
1768216539342597000,19.89759716796875,0.003567570587620139,-0.002269279444590211,-0.005714078433811665
1768216539352598300,19.907598388671875,0.006953247357159853,-0.0072957295924425125,-0.005106877535581589
1768216539362598100,19.91759814453125,0.0027859327383339405,-0.00995995569974184,-0.0019318570848554373
1768216539372599000,19.92759912109375,0.0026841999497264624,-0.014489727094769478,0.00020399813365656883
1768216539382600200,19.93760009765625,0.0026703516487032175,-0.015484949573874474,0.001088700257241726
1768216539392600000,19.94760009765625,0.0038898130878806114,-0.019813118502497673,0.0005347627447918057
1768216539402601500,19.9576015625,0.0028815402183681726,-0.02426006644964218,0.003945739474147558
1768216539412602400,19.967602294921875,0.0007933556917123497,-0.022063223645091057,0.00887791346758604
1768216539422602500,19.9776025390625,0.003005110891535878,-0.01788019761443138,0.0075689698569476604
1768216539432603400,19.987603271484375,-0.0005334311863407493,-0.01762213744223118,0.0012482235906645656
1768216539442604300,19.997604248046876,-0.002546780975535512,-0.01525831501930952,-0.0016056197928264737
1768216539452604400,20.0076044921875,-0.0009571401169523597,-0.013341105543076992,-0.000520647969096899
1768216539462605600,20.01760546875,-0.00009960222087102011,-0.01417467463761568,-0.0021283982787281275
1768216539472606500,20.0276064453125,-0.0011720572365447879,-0.018699118867516518,0.00041305628838017583
1768216539482606300,20.0376064453125,-0.0004820321628358215,-0.013516607694327831,0.00046871634549461305
1768216539492607200,20.047607177734374,-0.0014322480419650674,-0.013145895674824715,0.00038242992013692856
1768216539502608400,20.0576083984375,-0.003001648932695389,-0.015811454504728317,-0.0008852347382344306
1768216539512608500,20.0676083984375,0.0022421153262257576,-0.015686551108956337,0.002685531508177519
1768216539522609400,20.077609375,0.004780107643455267,-0.017478592693805695,0.003967311233282089
1768216539532610300,20.0876103515625,0.000627973407972604,-0.02251329831779003,0.0030192257836461067
1768216539542611500,20.097611572265624,0.0001294296234846115,-0.0242542065680027,0.0028844696935266256
1768216539552611300,20.107611328125,-0.00207699928432703,-0.01423512864857912,0.004324707202613354
1768216539562612200,20.1176123046875,-0.004311657976359129,-0.014642326161265373,0.0033135050907731056
1768216539572613400,20.12761328125,-0.003712979145348072,-0.003907389938831329,-0.0031941954512149096
1768216539582613500,20.137613525390623,-0.003980094101279974,-0.0036597158759832382,-0.005007541738450527
1768216539592614400,20.147614501953125,-0.009077650494873524,0.0005904228310100734,-0.008206530474126339
1768216539602615300,20.157615234375,-0.00418329332023859,-0.01272698026150465,-0.004514590837061405
1768216539612615400,20.167615478515625,-0.0007198524544946849,0.0029851372819393873,-0.003931092098355293
1768216539622616600,20.177616455078127,-0.000107858024421148,-0.00711676524952054,-0.002513491315767169
1768216539632617500,20.187617431640625,-0.0013664679136127234,-0.013667342253029346,0.000036751622246811166
1768216539642617300,20.197617431640627,-0.0011283813510090113,-0.009104815311729908,-0.0020724718924611807
1768216539652618500,20.207618408203125,-0.004670652095228434,-0.0074619110673666,-0.003072488820180297
1768216539662619400,20.217619384765626,-0.004860535264015198,-0.006389189511537552,-0.003631486324593425
1768216539672619300,20.227619384765624,-0.005286108236759901,0.00152359448838979,-0.001469532260671258
1768216539682620400,20.237620361328126,-0.006413690745830536,0.0006444850005209446,0.002808036981150508
1768216539692621600,20.24762158203125,-0.004161987919360399,0.00826964806765318,0.0005241101025603712
1768216539702621400,20.257621337890626,-0.003035471076145768,0.009770339354872704,-0.0065292720682919025
1768216539712622300,20.267622314453124,-0.003463707398623228,0.012898221611976624,-0.007631554268300533
1768216539722623200,20.277623291015626,-0.0015166702214628458,0.01007979828864336,-0.009112006053328514
1768216539732623400,20.287623291015624,-0.0017973673529922962,0.0041132522746920586,-0.007260309532284737
1768216539742624500,20.29762451171875,-0.001333178486675024,-0.0038426751270890236,-0.005097024142742157
1768216539752625400,20.30762548828125,-0.0036131106317043304,-0.003728425595909357,-0.006196376867592335
1768216539762625500,20.31762548828125,-0.003088201628997922,-0.005842442624270916,-0.0016341155860573053
1768216539772626400,20.32762646484375,-0.0008471515611745417,-0.005618470720946789,-0.0005829659639857709
1768216539782627300,20.33762744140625,-0.0018817896489053965,-0.003931092098355293,-0.0031121699139475822
1768216539792627500,20.34762744140625,-0.0013022858183830976,0.001722532557323575,-0.005238970275968313
1768216539802628600,20.357628662109374,0.0023121563717722893,0.013516874052584171,-0.0073505910113453865
1768216539812629500,20.36762939453125,0.0003880225704051554,0.018376078456640244,-0.011935489252209663
1768216539822629400,20.37762939453125,0.0007669904152862728,0.016566192731261253,-0.013598899357020855
1768216539832630300,20.38763037109375,0.00045912896166555583,0.014994395896792412,-0.006813963875174522
1768216539842631400,20.39763134765625,0.0005808354471810162,0.012486496940255165,-0.0016919062472879887
1768216539852631300,20.40763134765625,-0.00019361180602572858,0.009590575471520424,0.0008990831556729972
1768216539862632400,20.417632568359377,0.0013281183782964945,0.0018852517241612077,-0.001577123999595642
1768216539872633300,20.42763330078125,0.0012737899087369442,0.0030455910600721836,-0.005001949146389961
1768216539882633500,20.437633544921876,0.0013899037148803473,0.007448062766343355,-0.0021286646369844675
1768216539892634400,20.44763427734375,-0.0008940231637097895,0.00577826052904129,-0.0031180288642644882
1768216539902635300,20.45763525390625,0.0008215851848945022,0.0027861990965902805,-0.0062818643637001514
1768216539912635400,20.467635498046874,-0.0010634001810103655,0.001353152096271515,-0.005305549595504999
1768216539922636500,20.477636474609376,-0.00261895265430212,0.007119961082935333,-0.004396346397697926
1768216539932637400,20.487637451171874,-0.0031848743092268705,0.015296664088964462,-0.007762582041323185
1768216539942637600,20.497637451171876,-0.0014109427575021982,0.010428672656416893,-0.010539193637669086
1768216539952638500,20.507638427734374,-0.0004135889175813645,0.003213370218873024,-0.0117927435785532
1768216539962639400,20.517639404296876,-0.002671683207154274,0.005888249259442091,-0.011425226926803589
1768216539972639200,20.52763916015625,-0.0033489251509308815,0.00983558688312769,-0.010882741771638393
1768216539982640400,20.537640380859376,-0.0008024104172363877,0.0034314829390496016,-0.013937386684119701
1768216539992641500,20.5476416015625,-0.0041579934768378735,-0.00589543953537941,-0.016983244568109512
1768216540002641400,20.557641357421875,-0.0011432950850576162,-0.0073383403941988945,-0.011947739869356155
1768216540012642300,20.567642333984374,0.00011132013605674729,-0.0036946034524589777,-0.009727728553116322
1768216540022643200,20.577643310546875,0.000791491474956274,-0.007518636528402567,-0.010301905684173107
1768216540032643300,20.587643310546873,0.002117745578289032,-0.004977980628609657,-0.012443087063729763
1768216540042644500,20.59764453125,0.002576075727120042,0.0013646037550643086,-0.012209261767566204
1768216540052645400,20.607645263671873,0.00746164470911026,-0.016575248911976814,-0.00854608416557312
1768216540062645500,20.6176455078125,0.0029947245493531227,-0.023840617388486862,-0.007738080807030201
1768216540072646400,20.627646484375,0.0013584784464910626,-0.028196217492222786,-0.003751861397176981
1768216540082647300,20.637647216796875,-0.000395745737478137,-0.03329190984368324,0.003174487967044115
1768216540092647400,20.6476474609375,-0.0059748017229139805,-0.03253903612494469,0.005487177055329084
1768216540102648600,20.657648681640627,-0.009517605416476727,-0.02496340684592724,0.007183344569057226
1768216540112649500,20.6676494140625,-0.005881324876099825,-0.021100491285324097,0.0007241134881041944
1768216540122649300,20.6776494140625,-0.01028486154973507,-0.012435897253453732,-0.0022801985032856464
1768216540132650500,20.687650390625,-0.006215019151568413,-0.005823800805956125,-0.00195129809435457
1768216540142651400,20.6976513671875,-0.004948153160512447,-0.012507003732025623,-0.0011744539951905608
1768216540152651300,20.7076513671875,-0.003547064261510968,-0.006448045372962952,-0.0017696705181151628
1768216540162652400,20.71765234375,-0.001966744428500533,0.0019355855183675885,-0.007703992538154125
1768216540172653300,20.7276533203125,0.001175252953544259,0.007937817834317684,-0.009154083207249641
1768216540182653400,20.7376533203125,0.0014908375451341271,0.013885455206036568,-0.004593420308083296
1768216540192654300,20.747654296875,0.0022330605424940586,0.011936820112168789,0.0014002900570631027
1768216540202655200,20.7576552734375,0.003215766977518797,0.00782809592783451,0.003709516953676939
1768216540212655400,20.7676552734375,0.00012516857532318681,0.0018040252616629004,-0.000978978001512587
1768216540222656500,20.777656494140626,-0.006082127336412668,-0.01624501682817936,-0.0014764565275982022
1768216540232657400,20.787657470703124,-0.00439048744738102,-0.015476960688829422,-0.003641073824837804
1768216540242657500,20.797657470703125,-0.00968724861741066,-0.0193095151335001,-0.004288222175091505
1768216540252658400,20.807658447265624,-0.008334629237651825,-0.015498798340559006,-0.008886702358722687
1768216540262659300,20.817659423828125,-0.0057588196359574795,-0.006527673918753862,-0.007248059380799532
1768216540272659200,20.8276591796875,-0.006964166183024645,-0.007135940250009298,-0.005850964691489935
1768216540282660600,20.83766064453125,-0.005693039391189814,-0.007384146563708782,-0.0028762139845639467
1768216540292661500,20.84766162109375,-0.006103698629885912,-0.008815329521894455,-0.0004498079069890082
1768216540302662400,20.857662353515625,-0.004564391914755106,-0.009558884426951408,0.002290851203724742
1768216540312662300,20.867662353515627,-0.0004090615548193455,-0.00177899154368788,0.0034679684322327375
1768216540322663400,20.877663330078125,-0.003897536313161254,0.006975351367145777,0.0036669063847512007
1768216540332663300,20.887663330078126,-0.006403836887329817,0.00646668765693903,-0.0020719394087791443
1768216540342664400,20.89766455078125,-0.006452572997659445,0.011298993602395058,-0.004960403777658939
1768216540352665300,20.907665283203126,-0.0059684100560843945,0.014254570007324219,-0.008381234481930733
1768216540362666500,20.91766650390625,-0.008810003288090229,0.011048655956983566,-0.01082548312842846
1768216540372666400,20.927666259765626,-0.003023220458999276,0.007258179131895304,-0.0068240840919315815
1768216540382667300,20.937667236328124,-0.00047643951256759465,0.0041092573665082455,-0.0029640982393175364
1768216540392668400,20.94766845703125,0.001618403010070324,0.0007344998302869499,-0.004065847955644131
1768216540402668300,20.957668212890624,0.0011643340112641454,0.0015041533624753356,-0.0038093857001513243
1768216540412669200,20.967669189453126,-0.00013395700079854578,0.004306331276893616,-0.006580404471606016
1768216540422670000,20.977670166015624,-0.002418150193989277,0.010900052264332771,-0.004823783412575722
1768216540432670200,20.987670166015626,-0.003037335118278861,0.00714792450889945,-0.0052208611741662025
1768216540442671000,20.997671142578124,-0.0012918994762003422,0.009942911565303802,-0.00566933723166585
1768216540452672000,21.007672119140626,-0.002894856035709381,0.0104150902479887,-0.008078699000179768
1768216540462672100,21.017672119140624,-0.002834402257576585,0.010304036550223827,-0.006384662352502346
1768216540472673300,21.02767333984375,-0.002645317930728197,0.009674998000264168,-0.006661098450422287
1768216540482674200,21.037674072265624,-0.0030985879711806774,0.011186874471604824,-0.008081628940999508
1768216540492674000,21.047674072265625,-0.000666322885081172,0.013255883939564228,-0.008163121528923512
1768216540502675000,21.057675048828123,-0.0011795139871537685,0.014799452386796474,-0.009119462221860886
1768216540512676400,21.06767626953125,-0.0009443568997085094,0.011060640215873718,-0.009951434098184109
1768216540522676200,21.07767626953125,-0.000791491474956274,0.007595601491630077,-0.010046242736279964
1768216540532677000,21.087677001953125,-0.0009022789890877903,0.008140484802424908,-0.009463809430599213
1768216540542678000,21.097677978515627,-0.004001932218670845,0.007253651972860098,-0.010669422335922718
1768216540552678100,21.10767822265625,-0.0032629049383103848,0.01459039468318224,-0.010997257195413113
1768216540562679000,21.117678955078127,-0.00500940578058362,0.022232335060834885,-0.013757091015577316
1768216540572680200,21.12768017578125,-0.0014977618120610714,0.030427148565649986,-0.017894579097628593
1768216540582680300,21.137680419921875,-0.003173955250531435,0.032038625329732895,-0.019055183976888657
1768216540592681200,21.14768115234375,-0.0022445120848715305,0.031566448509693146,-0.01680001989006996
1768216540602682000,21.15768212890625,-0.0003587277897167951,0.028989307582378387,-0.012279835529625416
1768216540612682000,21.167681884765624,0.001064731739461422,0.02436392940580845,-0.01534619927406311
1768216540622683100,21.17768310546875,0.0007217166712507606,0.018939336761832237,-0.01775263249874115
1768216540632684300,21.187684326171876,-0.0005728459218516946,0.01974068209528923,-0.021618476137518883
1768216540642684200,21.19768408203125,-0.0025776736438274384,0.022709306329488754,-0.02539963275194168
1768216540652685000,21.20768505859375,-0.0031814121175557375,0.022961774840950966,-0.027045199647545815
1768216540662686200,21.217686279296874,-0.0048826392740011215,0.024931982159614563,-0.024233967065811157
1768216540672686000,21.22768603515625,-0.004177168011665344,0.02779967337846756,-0.020352676510810852
1768216540682687000,21.23768701171875,0.0008364989189431071,0.029017003253102303,-0.01690042018890381
1768216540692688100,21.247688232421876,0.0014237258583307266,0.01233443059027195,-0.020118851214647293
1768216540702688300,21.257688232421874,0.005395031534135342,-0.009123723953962326,-0.01955213025212288
1768216540712689200,21.267689208984375,0.0059785302728414536,-0.01540345698595047,-0.010836934670805931
1768216540722690000,21.27768994140625,0.007134874816983938,-0.014765364117920399,-0.01125025749206543
1768216540732690200,21.287690185546875,0.005302087403833866,-0.016875386238098145,-0.016401609405875206
1768216540742691000,21.297691162109373,0.0037388119380921125,-0.007940481416881084,-0.018391257151961327
1768216540752692200,21.307692138671875,0.00027803401462733746,-0.014689996838569641,-0.014151238836348057
1768216540762692000,21.317692138671877,0.003221625927835703,-0.020024308934807777,-0.00646588858217001
1768216540772693200,21.327693359375,0.00138058268930763,-0.05224376171827316,0.0006532734259963036
1768216540782694100,21.337694091796877,-0.005395830608904362,-0.05768673121929169,0.003867442486807704
1768216540792694000,21.347694091796875,-0.0026082999538630247,-0.04133891686797142,0.0033276197500526905
1768216540802695000,21.35769482421875,-0.008888034150004387,-0.014416489750146866,-0.001383245806209743
1768216540812696300,21.3676962890625,-0.005483448505401611,-0.0000250337143370416,-0.0005025385180488229
1768216540822697200,21.377697265625,-0.002457032445818186,0.010871290229260921,-0.002263953210785985
1768216540832697000,21.387697021484374,-0.0010998855577781796,0.01865171454846859,-0.002864762442186475
1768216540842698000,21.397697998046876,-0.0011427623685449362,0.01769004762172699,-0.0035004590172320604
1768216540852699100,21.40769921875,-0.005510612856596708,0.01581970974802971,0.0016402408946305513
1768216540862699000,21.417698974609376,-0.005791842471808195,0.01575552672147751,0.0031758195254951715
1768216540872700200,21.4277001953125,-0.005327120888978243,0.023449400439858437,0.0006048039067536592
1768216540882701000,21.437701171875,-0.008047273382544518,0.023190805688500404,-0.008562861941754818
1768216540892701200,21.447701171875,-0.009822004474699497,0.03245248273015022,-0.0065287393517792225
1768216540902702000,21.4577021484375,-0.00640942994505167,0.03512762859463692,-0.004821919370442629
1768216540912703000,21.467702880859374,-0.0031902005430310965,0.030340328812599182,-0.0012117383303120732
1768216540922703000,21.477703125,-0.0006450176006183028,0.025171665474772453,-0.0009366337326355278
1768216540932704300,21.487704345703126,-0.0024048343766480684,0.015399728901684284,0.0032855418976396322
1768216540942705200,21.497705078125,-0.001898301183246076,0.006340453866869211,-0.002162753138691187
1768216540952705000,21.507705078125,-0.005033640656620264,0.007697867229580879,-0.011114436201751232
1768216540962706200,21.5177060546875,-0.0067849354818463326,0.0129336416721344,-0.015241537243127823
1768216540972707000,21.52770703125,-0.008065382950007915,0.0160593930631876,-0.015785621479153633
1768216540982707000,21.53770703125,-0.00797403696924448,0.020139623433351517,-0.010030529461801052
1768216540992708000,21.5477080078125,-0.005455751903355122,0.018130002543330193,-0.003742540255188942
1768216541002709200,21.557709228515623,-0.0007504787645302713,0.011321363970637321,0.0033952640369534492
1768216541012709000,21.567709228515625,-0.0007843009079806507,0.01392646785825491,0.004787831101566553
1768216541022710000,21.5777099609375,-0.0004977448261342943,0.021630460396409035,0.0006625944515690207
1768216541032711000,21.5877109375,-0.0021174794528633356,0.028685707598924637,-0.005078914575278759
1768216541052712200,21.607712158203125,-0.002954244613647461,0.0346197634935379,-0.0067718857899308205
1768216541062713000,21.617713134765626,-0.0027324033435434103,0.03512496501207352,-0.004997687879949808
1768216541072713200,21.627713134765624,-0.005510612856596708,0.03411935269832611,-0.002222940558567643
1768216541082714000,21.637714111328126,-0.004198473412543535,0.0331084169447422,-0.0052951630204916
1768216541092715000,21.647715087890624,-0.005690642632544041,0.04182867333292961,-0.007242200430482626
1768216541102715100,21.657715087890626,-0.006013683974742889,0.04413044452667236,-0.015430888161063194
1768216541112716300,21.66771630859375,-0.009276589378714561,0.04258154705166817,-0.02322356402873993
1768216541122717200,21.67771728515625,-0.011416438966989517,0.048173122107982635,-0.0263581033796072
1768216541132718000,21.687718017578124,-0.012241752818226814,0.04833504185080528,-0.027095267549157143
1768216541142718000,21.697718017578126,-0.013575463555753231,0.04241802915930748,-0.028559472411870956
1768216541152719000,21.707718994140624,-0.012574647553265095,0.047450341284275055,-0.03281280770897865
1768216541162720300,21.71772021484375,-0.014212758280336857,0.058771971613168716,-0.04062838479876518
1768216541172720000,21.72772021484375,-0.014649782329797745,0.06788983196020126,-0.05240727961063385
1768216541182721000,21.737720947265625,-0.01242311391979456,0.07394213229417801,-0.06268495321273804
1768216541192722200,21.74772216796875,-0.010266219265758991,0.07608384639024734,-0.05849020928144455
1768216541202722000,21.75772216796875,-0.004767324775457382,0.07478955388069153,-0.04988899454474449
1768216541212723000,21.767722900390623,0.04006832465529442,0.0681697353720665,-0.04008803144097328
1768216541222724000,21.77772412109375,-0.03659955784678459,0.04643887281417847,-0.03376462310552597
1768216541232724200,21.78772412109375,0.054243531078100204,0.03592444583773613,-0.020562000572681427
1768216541242725000,21.79772509765625,-0.0335952453315258,0.015850069001317024,-0.004436559975147247
1768216541252726000,21.80772607421875,0.05727154389023781,0.026707245036959648,0.00820946041494608
1768216541262726100,21.81772607421875,-0.041847314685583115,0.02700977958738804,0.006925283931195736
1768216541272727000,21.82772705078125,0.052862148731946945,0.04244599491357803,0.00021944446780253202
1768216541282728200,21.837728271484377,-0.04219938442111015,0.03407647833228111,-0.018910307437181473
1768216541292728000,21.84772802734375,0.049193114042282104,0.04628467559814453,-0.03037974424660206
1768216541302729200,21.857729248046876,-0.04580850154161453,0.038242459297180176,-0.036677319556474686
1768216541312730000,21.867730224609375,0.048286840319633484,0.036198485642671585,-0.029454294592142105
1768216541322730000,21.87772998046875,-0.04417331889271736,0.01876969262957573,-0.01480717584490776
1768216541332731100,21.887731201171874,0.051052264869213104,0.024463264271616936,0.006914098747074604
1768216541342732300,21.897732177734376,-0.0438833013176918,0.02347629703581333,0.016809074208140373
1768216541352733200,21.907733154296874,0.05200035125017166,0.04352058097720146,0.02437165193259716
1768216541362733000,21.917733154296876,-0.03885845094919205,0.04337170720100403,0.02431359514594078
1768216541372734000,21.92773388671875,0.061893727630376816,0.05586619675159454,0.03032168745994568
1768216541382735000,21.937735107421876,-0.02708221785724163,0.04692356660962105,0.03032541461288929
1768216541392735000,21.94773486328125,0.06416114419698715,0.04824689030647278,0.026564765721559525
1768216541402736600,21.957736572265624,-0.03766562044620514,0.013399428687989712,0.012836170382797718
1768216541412737500,21.967737548828126,0.04982561245560646,0.008144212886691093,0.010907242074608803
1768216541422737700,21.977737548828124,-0.05197425186634064,-0.006988134700804949,0.012576778419315815
1768216541432738800,21.98773876953125,0.04102040454745293,0.003996339626610279,0.014627944678068161
1768216541442739700,21.99773974609375,-0.05670509114861488,0.011714446358382702,0.007757255341857672
1768216541452739800,22.00773974609375,0.038786809891462326,0.03638197481632233,-0.004264253657311201
1768216541462740700,22.01774072265625,-0.0583844818174839,0.03340509533882141,-0.01750628836452961
1768216541472741600,22.02774169921875,0.04062945023179054,0.03646400198340416,-0.019666112959384918
1768216541482741500,22.037741455078127,-0.05831576883792877,0.008555671200156212,-0.019395802170038223
1768216541492742700,22.04774267578125,0.037156954407691956,-0.011433483101427555,-0.001094559207558632
1768216541502743800,22.057743896484375,-0.054544467478990555,-0.03606399521231651,0.029337115585803986
1768216541512744700,22.06774462890625,0.04249020293354988,-0.0013986921403557062,0.04710333049297333
1768216541522744600,22.07774462890625,-0.05236014351248741,0.01480797491967678,0.03253956884145737
1768216541532745500,22.087745361328125,0.047148335725069046,0.0287094097584486,0.010097108781337738
1768216541542746600,22.09774658203125,-0.05043813958764076,0.021856829524040222,-0.0033566481433808804
1768216541552746800,22.107746826171876,0.04737364128232002,0.028977056965231895,-0.0017664746847003698
1768216541562747600,22.11774755859375,-0.049791790544986725,-0.002603506203740835,-0.0019355855183675885
1768216541572748500,22.12774853515625,0.0453198105096817,-0.030976558104157448,0.002317216480150819
1768216541582748700,22.137748779296874,-0.05229569599032402,-0.05323419347405434,0.012324577197432518
1768216541592749600,22.14774951171875,0.011724832467734814,-0.026094717904925346,0.025960760191082954
1768216541602750700,22.157750732421874,-0.006286924239248037,-0.009939183481037617,0.00887738075107336
1768216541612750800,22.167750732421876,0.002213353058323264,-0.0027955202385783195,-0.007424892857670784
1768216541622751700,22.177751708984374,0.008495749905705452,-0.006020075641572475,-0.01414351537823677
1768216541632752600,22.187752685546876,0.012237224727869034,-0.009077117778360844,-0.007503722794353962
1768216541642752800,22.197752685546874,0.011600730009377003,-0.01805170439183712,-0.0023180153220891953
1768216541652753700,22.207753662109376,0.009762349538505077,-0.03447728231549263,0.000589091214351356
1768216541662754800,22.2177548828125,0.0016247945604845881,-0.04138872027397156,0.0031931300181895494
1768216541672755700,22.227755615234376,-0.0005009406013414264,-0.028439365327358246,0.004789162427186966
1768216541682755600,22.237755615234374,-0.00307541829533875,-0.008450210094451904,-0.0011566109023988247
1768216541692756700,22.2477568359375,-0.0046160570345819,0.004610730800777674,-0.01203988492488861
1768216541702757600,22.257757568359374,-0.003582750679925084,0.01702878437936306,-0.017344102263450623
1768216541712757500,22.267757568359375,-0.008735700510442257,0.02605503611266613,-0.017192035913467407
1768216541722758700,22.277758544921873,-0.006842992268502712,0.023615580052137375,-0.017797639593482018
1768216541732759800,22.287759765625,-0.008142881095409393,0.021917816251516342,-0.002856240142136812
1768216541742759700,22.297759765625,-0.008452074602246284,0.03203090280294418,0.01269981637597084
1768216541752760600,22.307760498046875,-0.006651510950177908,0.04784848168492317,0.020440826192498207
1768216541762761500,22.317761474609377,-0.0024114924017339945,0.062483616173267365,0.01919366791844368
1768216541772763000,22.327762939453127,0.0018964370246976614,0.07033168524503708,0.006016879808157682
1768216541782762800,22.3377626953125,0.006959106307476759,0.06595265120267868,-0.0060147494077682495
1768216541792763600,22.347763671875,0.008618787862360477,0.048836514353752136,-0.014535533264279366
1768216541802764500,22.3577646484375,0.011933891102671623,0.02231835573911667,-0.013641243800520897
1768216541812764700,22.3677646484375,0.007589210290461779,0.002243446884676814,-0.0003707120195031166
1768216541822765600,22.377765625,0.007452323567122221,0.005376389715820551,0.009725331328809261
1768216541832766700,22.3877666015625,0.009611881338059902,0.015896674245595932,0.007555920630693436
1768216541842766800,22.397766845703124,0.01037594210356474,0.021406488493084908,-0.006898652296513319
1768216541852767700,22.407767822265626,0.011155981570482254,0.02261556312441826,-0.012632704339921474
1768216541862768600,22.4177685546875,0.01155678741633892,0.024057133123278618,-0.013033776544034481
1768216541872768800,22.427768798828126,0.009552226401865482,0.019812854006886482,-0.009651562198996544
1768216541882769700,22.437769775390624,0.006910370197147131,0.016747821122407913,-0.008098939433693886
1768216541892770800,22.447770751953126,0.0036330842413008213,0.016998158767819405,-0.003145459573715925
1768216541902771700,22.457771728515624,0.0002689792599994689,0.023627297952771187,-0.0034615767654031515
1768216541912771600,22.467771484375,-0.0000673779723001644,0.03629542142152786,-0.00210709311068058
1768216541922772700,22.477772705078124,0.00086872314568609,0.044736579060554504,-0.0027198863681405783
1768216541932773600,22.487773681640626,0.0023302659392356873,0.04590384289622307,-0.006013151258230209
1768216541942773500,22.4977734375,0.0026666230987757444,0.042806584388017654,-0.00896633043885231
1768216541952774700,22.507774658203125,0.0028533106669783592,0.037031788378953934,-0.00878097489476204
1768216541962775800,22.51777587890625,0.0038160434924066067,0.03154407814145088,-0.006767624989151955
1768216541972775700,22.527775634765625,0.003171824850142002,0.028852686285972595,-0.005458415020257235
1768216541982776600,22.537776611328123,0.0025302693247795105,0.02647022344172001,-0.006708769127726555
1768216541992777500,22.547777587890625,0.004852812271565199,0.027349598705768585,-0.00606455048546195
1768216542002777600,22.557777587890627,0.004280232358723879,0.030549386516213417,-0.004304467234760523
1768216542012778800,22.56777880859375,0.003835218260064721,0.028325647115707397,-0.004563060123473406
1768216542022779600,22.577779541015627,0.004453604109585285,0.02124057337641716,-0.0009113337146118283
1768216542032780500,22.587780517578125,0.00227886694483459,0.014679077081382275,0.0020453077740967274
1768216542042780700,22.59778076171875,0.0008740494376979768,0.010572749190032482,0.0054759918712079525
1768216542052781600,22.607781494140625,-0.000996554852463305,0.011376491747796535,0.003855990944430232
1768216542062782700,22.61778271484375,-0.004324707202613354,0.0163603313267231,0.003870371961966157
1768216542072782800,22.627782958984376,-0.004174504894763231,0.019718842580914497,-0.00256462418474257
1768216542082783700,22.63778369140625,-0.006952714640647173,0.019523100927472115,-0.005261607468128204
1768216542092784600,22.64778466796875,-0.006841128226369619,0.028719529509544373,-0.00361737166531384
1768216542102784500,22.657784423828126,-0.008500277064740658,0.03757081180810928,-0.004924184642732143
1768216542112785700,22.66778564453125,-0.010015083476901054,0.04422232136130333,-0.00968724861741066
1768216542122786800,22.677786865234374,-0.010937335900962353,0.043182358145713806,-0.012339224107563496
1768216542132787700,22.68778759765625,-0.014214355498552322,0.04045234993100166,-0.011136806569993496
1768216542142787600,22.69778759765625,-0.01047581061720848,0.04715419560670853,-0.0024644893128424883
1768216542152788700,22.707788818359376,-0.014606906101107597,0.06326445937156677,-0.002257827902212739
1768216542162789600,22.71778955078125,-0.010934140533208847,0.04621623083949089,0.0044261738657951355
1768216542172789500,22.72778955078125,-0.014819959178566933,0.05035531520843506,-0.0011800467036664486
1768216542182790700,22.737790771484374,-0.00954104121774435,0.05180221050977707,0.008627843111753464
1768216542192791800,22.747791748046875,-0.013227388262748718,0.06356752663850784,0.0062677497044205666
1768216542202791700,22.757791748046873,-0.009268599562346935,0.06549831479787827,-0.0022719427943229675
1768216542212792600,22.76779248046875,-0.008536229841411114,0.06780941039323807,-0.0012884372845292091
1768216542222793500,22.77779345703125,0.00484322477132082,0.06832259893417358,0.005120992194861174
1768216542232795000,22.787794921875,0.011482485570013523,0.049485526978969574,0.02587340958416462
1768216542242794800,22.797794677734377,0.017907094210386276,0.03213689848780632,0.03652045875787735
1768216542252795600,22.807795654296875,0.01555206160992384,0.022891201078891754,0.03533188998699188
1768216542262796500,22.817796630859377,0.01631319336593151,0.013948306441307068,0.02538791485130787
1768216542272796700,22.827796630859375,0.012572516687214375,0.009723201394081116,0.022914104163646698
1768216542282797600,22.837797607421876,0.008718390017747879,0.012657738290727139,0.014270548708736897
1768216542292798700,22.847798828125,0.004317516926676035,0.009411877952516079,0.00791251752525568
1768216542302798800,22.857798828125,-0.0008772452711127698,0.013290504924952984,0.009610016830265522
1768216542312799700,22.8677998046875,-0.004851746838539839,0.02008982188999653,0.008273109793663025
1768216542322800600,22.877800537109376,-0.006076534744352102,0.02617248147726059,0.007711449172347784
1768216542332800500,22.887800537109374,-0.009899768978357315,0.019961724057793617,0.0064893243834376335
1768216542342801700,22.8978017578125,-0.010845723561942577,0.01420317031443119,0.004530303180217743
1768216542352802800,22.907802734375,-0.015114237554371357,0.016713732853531837,0.007528756279498339
1768216542362803700,22.9178037109375,-0.014286793768405914,0.019787287339568138,0.008885104209184647
1768216542372803600,22.927803466796874,-0.016042083501815796,0.0244374331086874,0.009019593708217144
1768216542382804700,22.9378046875,-0.017541708424687386,0.02702469378709793,0.005823268089443445
1768216542392805600,22.9478056640625,-0.019148394465446472,0.03524560481309891,0.00566986994817853
1768216542402805200,22.95780517578125,-0.01931271143257618,0.04399968311190605,0.0032711606472730637
1768216542412806400,22.967806396484374,-0.01840697042644024,0.05577458068728447,-0.0006314354832284153
1768216542422807600,22.9778076171875,-0.021143101155757904,0.05986626446247101,-0.006355367600917816
1768216542432808400,22.987808349609374,-0.02563958242535591,0.06363197416067123,-0.011657721363008022
1768216542442808300,22.997808349609375,-0.024806812405586243,0.06538912653923035,-0.014936605468392372
1768216542452809200,23.007809326171873,-0.03074965626001358,0.06884084641933441,-0.02052471600472927
1768216542462810400,23.017810302734375,-0.03357953205704689,0.07816830277442932,-0.02189597859978676
1768216542472810200,23.027810302734373,-0.039805736392736435,0.08444750308990479,-0.024108797311782837
1768216542482811400,23.037811279296875,-0.03154674172401428,0.05904015153646469,-0.015603993088006973
1768216542492812300,23.047812255859377,-0.02292635478079319,0.04454749450087547,-0.009828662499785423
1768216542502812400,23.0578125,-0.01672012358903885,0.046607982367277145,-0.006316485349088907
1768216542512813300,23.067813232421877,-0.0113413380458951,0.042206041514873505,-0.008597216568887234
1768216542522814200,23.077814208984375,-0.006852579768747091,0.03961025923490524,-0.010806309059262276
1768216542532814300,23.087814453125,0.0007430219557136297,0.04098524898290634,-0.010304036550223827
1768216542542815500,23.0978154296875,0.005692773032933474,0.04698961228132248,-0.004444815684109926
1768216542552816400,23.10781640625,0.0030269487760961056,0.04957394301891327,-0.004232828039675951
1768216542562817300,23.1178173828125,-0.00011345066013745964,0.05275349318981171,-0.004467719234526157
1768216542572817400,23.1278173828125,0.0017749968683347106,0.047334492206573486,-0.0037891454994678497
1768216542582818300,23.137818359375,0.0012942962348461151,0.03714204207062721,0.0005230448441579938
1768216542592819500,23.1478193359375,0.0008873652550391853,0.019701533019542694,0.008192416280508041
1768216542602819300,23.1578193359375,0.0005331648280844092,-0.000627707049716264,0.010208428837358952
1768216542612820500,23.167820556640624,-0.00014567491598427296,-0.01142948865890503,0.009485647082328796
1768216542622821400,23.1778212890625,-0.002104163635522127,-0.015245798043906689,0.006502906791865826
1768216542632822300,23.187822265625,-0.002528671408072114,-0.010958109050989151,0.006312756799161434
1768216542642822100,23.197822265625,-0.0024668860714882612,-0.004825914278626442,0.004098338540643454
1768216542652823600,23.207823486328124,-0.00009960222087102011,0.0012562130577862263,0.0022509037517011166
1768216542662824400,23.217824462890626,0.001454884884878993,0.004382231738418341,-0.0008367652189917862
1768216542672824300,23.22782421875,0.0006689860601909459,0.0030085730832070112,-0.0011667308863252401
1768216542682825200,23.2378251953125,0.0008641957538202405,0.008233428932726383,-0.0008141283178701997
1768216542692826400,23.247826416015624,0.0014623417519032955,0.00330231967382133,0.0023350596893578768
1768216542702826200,23.257826171875,0.0003685815026983619,0.009158611297607422,0.009170861914753914
1768216542712827400,23.267827392578123,0.0007155913626775146,0.005541771650314331,0.010831075720489025
1768216542722828300,23.277828369140625,0.0011646003695204854,0.0008753810543566942,0.010165286250412464
1768216542732828400,23.287828369140627,-0.000051132694352418184,-0.0009701895760372281,0.006396912969648838
1768216542742829300,23.297829345703125,-0.00245117349550128,-0.004604605492204428,0.0017624800093472004
1768216542752830200,23.307830322265627,-0.0041526672430336475,-0.0024410535115748644,-0.0006175870657898486
1768216542762831400,23.317831298828125,-0.005370264407247305,-0.0026375947054475546,-0.0021228056866675615
1768216542772831500,23.32783154296875,-0.004780107643455267,-0.0035952674224972725,-0.00019760655413847417
1768216542782832400,23.337832275390625,-0.007220628671348095,-0.001050617080181837,-0.002659432590007782
1768216542792833300,23.347833251953126,-0.005005144979804754,0.007095193490386009,-0.002436526119709015
1768216542802833400,23.35783349609375,-0.006748716346919537,0.006074403878301382,-0.004229632206261158
1768216542812834300,23.367834228515626,-0.005929794628173113,0.00353428116068244,-0.010629208758473396
1768216542822835500,23.37783544921875,-0.00415453128516674,0.004823517519980669,-0.01245267502963543
1768216542832835300,23.38783544921875,-0.005378253757953644,0.009405752643942833,-0.010191651061177254
1768216542842836500,23.39783642578125,-0.005027248989790678,0.017915617674589157,-0.012401009909808636
1768216542852837400,23.40783740234375,-0.0054328483529388905,0.020892765372991562,-0.009101619012653828
1768216542862838300,23.41783837890625,-0.006822219584137201,0.017548101022839546,-0.00535481795668602
1768216542872838100,23.427838134765626,-0.00624138442799449,0.013999438844621181,-0.0033329459838569164
1768216542882839600,23.437839599609376,-0.0065383268520236015,0.010713630355894566,-0.006476807873696089
1768216542892840400,23.44784033203125,-0.0046698530204594135,0.0029643645975738764,-0.006714628078043461
1768216542902840300,23.45784033203125,-0.003495665267109871,-0.004821386653929949,-0.0019110844004899263
1768216542912841200,23.46784130859375,-0.0018498316640034318,-0.003260508179664612,0.0010351707460358739
1768216542922842400,23.47784228515625,-0.004033890087157488,-0.003875964554026723,0.004276504274457693
1768216542932842200,23.48784228515625,-0.005041630007326603,-0.0041063278913497925,0.004996090196073055
1768216542942843400,23.497843505859375,-0.003462641965597868,-0.0024924525059759617,0.006436061579734087
1768216542952844300,23.50784423828125,-0.002305232221260667,-0.0018287927377969027,0.004408597014844418
1768216542962845400,23.517845458984375,-0.0015459649730473757,-0.0014764565275982022,-0.0010298443958163261
1768216542972845300,23.52784521484375,-0.0043894220143556595,-0.00851492490619421,0.0007595335482619703
1768216542982846200,23.53784619140625,-0.0002790992730297148,-0.0031822111923247576,0.0009171926649287343
1768216542992847400,23.547847412109373,-0.001734516816213727,-0.00004234426160110161,0.004579305648803711
1768216543002847500,23.557847412109375,-0.0016607472207397223,-0.00015206649550236762,0.0032983249984681606
1768216543012848400,23.567848388671877,-0.006180131807923317,0.0010463559301570058,0.0031915323343127966
1768216543022849300,23.577849365234375,-0.0038456046022474766,0.004422178957611322,0.004317516926676035
1768216543032849400,23.587849365234376,-0.005125786177814007,0.004475974943488836,0.0005363606614992023
1768216543042850300,23.597850341796875,-0.005392634775489569,0.00498037738725543,0.0016855146968737245
1768216543052851500,23.6078515625,-0.004917527083307505,0.0038839541375637054,0.0027622305788099766
1768216543062852400,23.617852294921875,-0.0033598439767956734,0.004014182835817337,0.0015931029338389635
1768216543072852500,23.6278525390625,-0.0046754456125199795,0.0026522420812398195,0.003114566905423999
1768216543082853400,23.637853271484374,-0.0025744778104126453,0.003355050226673484,0.005918608978390694
1768216543092854300,23.647854248046876,-0.002183525823056698,0.002374208066612482,0.006578274071216583
1768216543102854100,23.657854248046874,-0.0007411577389575541,0.0010586065473034978,0.007261641323566437
1768216543112855600,23.66785546875,-0.0009624664089642465,0.0009507485083304346,0.0041193775832653046
1768216543122856400,23.6778564453125,-0.001484179636463523,0.004491687286645174,0.0034381409641355276
1768216543132856300,23.687856201171876,-0.0003355582884978503,0.005844839382916689,0.0021973741240799427
1768216543142857200,23.697857177734374,-0.0016586167039349675,0.004102599807083607,0.00018242653459310532
1768216543152858400,23.7078583984375,-0.0011819108622148633,0.003168362658470869,0.0003510046226438135
1768216543162859500,23.717859619140626,-0.00041305628838017583,0.006705573294311762,-0.002746784361079335
1768216543172859400,23.727859375,-0.0002306297537870705,0.008341020904481411,-0.003935352899134159
1768216543182860300,23.7378603515625,0.0007656587986275554,0.010232663713395596,-0.00187992537394166
1768216543192861400,23.747861328125,0.0002790992730297148,0.012769324705004692,-0.00108284130692482
1768216543202861300,23.757861328125,-0.002624545246362686,0.013847638852894306,-0.003369697602465749
1768216543212862200,23.7678623046875,-0.0022362563759088516,0.013364807702600956,-0.0025180187076330185
1768216543222863400,23.77786328125,-0.002858903491869569,0.014255900867283344,-0.002484462922438979
1768216543232864300,23.7878642578125,-0.0027425233274698257,0.013524331152439117,-0.0027169568929821253
1768216543242864400,23.797864501953125,-0.0017097494564950466,0.01088646985590458,-0.005393167492002249
1768216543252865300,23.807865234375,-0.0012146678054705262,0.007260309532284737,-0.0073109096847474575
1768216543262866200,23.8178662109375,-0.0026045716367661953,0.005371862091124058,-0.011029748246073723
1768216543272866600,23.827866455078127,-0.0033931334037333727,0.006909571588039398,-0.011382084339857101
1768216543282867500,23.837867431640625,-0.0022535668686032295,0.010157030075788498,-0.011515508405864239
1768216543292868400,23.847868408203126,-0.004579837899655104,0.01443886011838913,-0.010322945192456245
1768216543302868500,23.857868408203124,-0.002043177140876651,0.016865799203515053,-0.006644587032496929
1768216543312869400,23.867869384765626,-0.0010346380295231938,0.01318025030195713,-0.004255465231835842
1768216543322870300,23.877870361328124,0.0013763216556981206,0.01142868958413601,-0.0016937704058364034
1768216543332870400,23.887870361328126,0.0007403587806038558,0.007693605963140726,-0.001207743538543582
1768216543342871600,23.89787158203125,0.0016892430139705539,0.007894940674304962,-0.0030594393610954285
1768216543352872400,23.90787255859375,0.0015246596885845065,0.00971707608550787,-0.0051833102479577065
1768216543362873300,23.917873291015624,-0.0010165285784751177,0.01477468479424715,-0.00606321869418025
1768216543372873200,23.927873291015626,-0.0007510114228352904,0.017946509644389153,-0.006593454163521528
1768216543382874400,23.937874267578124,-0.002267149044200778,0.01943415217101574,-0.009022257290780544
1768216543392875500,23.94787548828125,-0.0033366745337843895,0.015201323665678501,-0.010360495187342167
1768216543402875000,23.957875,-0.001859152689576149,0.011606855317950249,-0.011711783707141876
1768216543412875800,23.967875732421874,-0.0025124261155724525,0.010928814299404621,-0.010685933753848076
1768216543422877000,23.977876953125,-0.003282346064224839,0.009702960960566998,-0.007459780666977167
1768216543432878000,23.987878173828125,-0.0022114890161901712,0.005005411338061094,-0.00833596009761095
1768216543442878000,23.9978779296875,-0.002103364560753107,-0.00041278995922766626,-0.009140235371887684
1768216543452878800,24.00787890625,-0.0023486416321247816,0.0027827369049191475,-0.005139900837093592
1768216543462880000,24.0178798828125,-0.001660480978898704,0.0020509003661572933,-0.0034903388004750013
1768216543472879900,24.0278798828125,-0.0036993969697505236,0.0034498588647693396,-0.0016074840677902102
1768216543482880800,24.037880859375,-0.0024671524297446012,0.00512951472774148,-0.0002311623829882592
1768216543492882000,24.0478818359375,-0.001537975505925715,0.004189152270555496,-0.004046939779073
1768216543502882000,24.057882080078127,-0.0037553233560174704,0.005619269795715809,-0.0044288369826972485
1768216543512883000,24.067883056640625,-0.0009928264189511538,0.0020881847012788057,-0.0046850331127643585
1768216543522883800,24.0778837890625,-0.0030096382834017277,-0.000532632227987051,-0.00564137427136302
1768216543532884700,24.087884765625,0.000003994741746282671,-0.004073038697242737,-0.004710332956165075
1768216543542884900,24.097884765625,-0.0011044129496440291,-0.003335609333589673,-0.004086620640009642
1768216543552886000,24.107885986328125,-0.0021784657146781683,-0.0041465419344604015,-0.0047031426802277565
1768216543562887000,24.117886962890626,-0.0031396006233990192,-0.0018839201657101512,-0.005046157632023096
1768216543572887000,24.127886962890624,-0.003945206757634878,-0.0017656758427619934,-0.004532167688012123
1768216543582888000,24.137887939453126,-0.003951864782720804,0.0006860303110443056,-0.003745736088603735
1768216543592888800,24.147888916015624,-0.0026370619889348745,0.004809136036783457,-0.004150004126131535
1768216543602888700,24.157888671875,-0.004201669245958328,0.009653160348534584,-0.004312989301979542
1768216543612890000,24.16789013671875,-0.0028418591246008873,0.010452641174197197,-0.007446997333317995
1768216543622891000,24.17789111328125,-0.0013672668719664216,0.007735151331871748,-0.008238488808274269
1768216543632892000,24.187891845703124,0.0002324939559912309,0.005943909287452698,-0.006073605269193649
1768216543642891800,24.197891845703126,0.001088433898985386,0.009090700186789036,-0.005465338937938213
1768216543652893000,24.207892822265624,-0.0006157228490337729,0.010855310596525669,-0.0024549018125981092
1768216543662894000,24.21789404296875,-0.0006522081675939262,0.010643056593835354,-0.002177666872739792
1768216543672894000,24.22789404296875,-0.0007374293054454029,0.007767641916871071,0.001130245509557426
1768216543682894800,24.237894775390625,0.0017779263434931636,0.005958556663244963,0.0031193606555461884
1768216543692896000,24.24789599609375,0.00256435782648623,0.00159443449229002,0.0011981561547145247
1768216543702895900,24.257895751953125,0.0008964200387708843,-0.004453870467841625,0.0029225528705865145
1768216543712896800,24.267896728515623,0.002683134749531746,-0.008013451471924782,0.003912183456122875
1768216543722898000,24.27789794921875,0.0006255765329115093,-0.010296313092112541,0.006627276539802551
1768216543732899000,24.287899169921875,-0.0007504787645302713,-0.0057439059019088745,0.00954050850123167
1768216543742899000,24.29789892578125,-0.00028096348978579044,-0.0017576862592250109,0.009423329494893551
1768216543752899800,24.30789990234375,-0.0023971113841980696,0.0009116000146605074,0.01113361120223999
1768216543762900700,24.317900634765625,-0.0014045510906726122,0.003908189013600349,0.007888549007475376
1768216543772900900,24.32790087890625,-0.001371794263832271,0.00708720413967967,0.00638013519346714
1768216543782902000,24.337902099609376,-0.0011765845119953156,0.009209210984408855,0.003555319970473647
1768216543792903000,24.34790283203125,-0.0007930893916636705,0.010996990837156773,0.0011792477453127503
1768216543802903000,24.357903076171876,-0.0003757720405701548,0.011928298510611057,-0.004597947467118502
1768216543812904000,24.367904052734374,-0.002153964713215828,0.014900919049978256,-0.004053064621984959
1768216543822904800,24.37790478515625,-0.0022335932590067387,0.01731906831264496,-0.0035473306197673082
1768216543832906000,24.387906005859374,-0.0011595403775572777,0.020968131721019745,0.00016351809608750045
1768216543842906000,24.397906005859376,-0.0021752698812633753,0.023078687489032745,-0.0022836606949567795
1768216543852907000,24.407906982421874,-0.002320412313565612,0.024983113631606102,-0.006669620517641306
1768216543862908000,24.417907958984376,-0.0025369273498654366,0.023321567103266716,-0.006272010505199432
1768216543872907800,24.42790771484375,-0.003204581793397665,0.023601733148097992,-0.008503473363816738
1768216543882909000,24.437908935546876,-0.002287389012053609,0.026391128078103065,-0.01194054912775755
1768216543892910000,24.44791015625,-0.002436259761452675,0.02556980773806572,-0.012734703719615936
1768216543902910000,24.457909912109375,-0.0022391858510673046,0.024347949773073196,-0.012515525333583355
1768216543912910800,24.467910888671874,-0.0016562198288738728,0.025192704051733017,-0.009618804790079594
1768216543922912000,24.477912109375,0.00041012681322172284,0.02347469888627529,-0.00782410055398941
1768216543932913000,24.487912841796874,-0.0024655545130372047,0.022710105404257774,-0.007092530373483896
1768216543942912800,24.497912841796875,0.0003603257064241916,0.020830446854233742,-0.008013984188437462
1768216543952914000,24.507913818359373,-0.0026282735634595156,0.022457372397184372,-0.011829495429992676
1768216543962914800,24.517914794921875,-0.0013198626693338156,0.02195776253938675,-0.014613830484449863
1768216543972915000,24.5279150390625,-0.0017321199411526322,0.027047596871852875,-0.018328407779335976
1768216543982915800,24.537915771484375,-0.0029856697656214237,0.0326082780957222,-0.023431289941072464
1768216543992916700,24.547916748046877,-0.003498861100524664,0.03218643367290497,-0.027881965041160583
1768216544002916900,24.557916748046875,-0.0027856663800776005,0.02304886095225811,-0.03280135616660118
1768216544012918000,24.56791796875,-0.003338272450491786,0.012468920089304447,-0.03934847190976143
1768216544022919000,24.5779189453125,-0.0021819279063493013,-0.002785400254651904,-0.04748069867491722
1768216544032919800,24.587919921875,-0.0024716798216104507,-0.021519407629966736,-0.05473728105425835
1768216544042920000,24.597919921875,-0.0010410296963527799,-0.03898841142654419,-0.06077013909816742
1768216544052920800,24.6079208984375,0.0016136092599481344,-0.050211239606142044,-0.055573511868715286
1768216544062922000,24.617921875,0.001654622028581798,-0.05495885759592056,-0.0439101979136467
1768216544072922000,24.627922119140624,0.0015747271245345473,-0.05901937931776047,-0.02882285974919796
1768216544082923000,24.637923095703126,-0.0003475425182841718,-0.05490000173449516,-0.013459616340696812
1768216544092924000,24.647923828125,0.0026341325137764215,-0.04425081983208656,0.0016442356863990426
1768216544102923800,24.657923828125,0.004488491453230381,-0.041491784155368805,0.005323392804712057
1768216544112925000,24.667925048828124,0.0054640076123178005,-0.04045102000236511,0.0025161546654999256
1768216544122926000,24.677926025390626,0.002013349672779441,-0.04673847556114197,-0.004269846249371767
1768216544132927000,24.687927001953124,-0.00012916330888401717,-0.05524913966655731,-0.011407650075852871
1768216544142926800,24.6979267578125,-0.0005496764206327498,-0.06094324588775635,-0.021450430154800415
1768216544152928000,24.707927978515624,-0.0002591255761217326,-0.05742254480719566,-0.02996375784277916
1768216544162929000,24.717928955078126,0.004674912896007299,-0.0596872977912426,-0.027897411957383156
1768216544172928800,24.7279287109375,0.0022716764360666275,-0.0673055350780487,-0.020365726202726364
1768216544182930000,24.737929931640625,0.010697385296225548,-0.07761196792125702,-0.007130081299692392
1768216544192930800,24.747930908203124,0.01005103625357151,-0.08096329122781754,0.006660033017396927
1768216544202931000,24.757930908203125,0.01101350225508213,-0.0675838366150856,0.009291236288845539
1768216544212931800,24.767931884765623,0.012497415766119957,-0.06843817979097366,0.005774265620857477
1768216544222932700,24.7779326171875,0.014430871233344078,-0.052857089787721634,0.003433347214013338
1768216544232934000,24.787933837890623,0.01420290395617485,-0.042212702333927155,0.010439857840538025
1768216544242934000,24.79793408203125,0.01336001418530941,-0.03364105150103569,0.018695123493671417
1768216544252935000,24.807934814453127,0.00965795386582613,-0.023612918332219124,0.01673636958003044
1768216544262935800,24.817935791015625,0.011299259960651398,-0.01500851009041071,0.010807639919221401
1768216544272936000,24.82793603515625,0.011053982190787792,0.0031941954512149096,0.0029995182994753122
1768216544282936800,24.837936767578125,0.01293470710515976,0.017525730654597282,0.0002836266648955643
1768216544292938000,24.84793798828125,0.01847328245639801,0.025308020412921906,-0.004237355664372444
1768216544302938000,24.857938232421876,0.020012058317661285,0.02520948275923729,-0.004880775231868029
1768216544312939000,24.86793896484375,0.02075747586786747,0.02425713650882244,-0.0013100089272484183
1768216544322940000,24.87793994140625,0.02027357928454876,0.023685088381171227,0.0059540290385484695
1768216544332940800,24.88794091796875,0.016275376081466675,0.02828756347298622,0.00860201008617878
1768216544342941000,24.89794091796875,0.017520403489470482,0.02654425986111164,0.009369000792503357
1768216544352942000,24.907942138671874,0.011493670754134655,0.017969146370887756,0.0065678879618644714
1768216544362943000,24.91794287109375,0.009672867134213448,0.020255470648407936,0.004764395300298929
1768216544372942800,24.92794287109375,0.005726861767470837,0.023300262168049812,0.003605653764680028
1768216544382943700,24.93794384765625,0.005059473216533661,0.02839968353509903,0.002513491315767169
1768216544392945000,24.94794482421875,0.0028972530271857977,0.03232092037796974,-0.000477504770969972
1768216544402945000,24.957945068359376,-0.0012237224727869034,0.03361788019537926,-0.009199357591569424
1768216544412946000,24.96794580078125,-0.0043737092055380344,0.03598729521036148,-0.02292449027299881
1768216544422946800,24.97794677734375,-0.0065258098766207695,0.03160905838012695,-0.031206121668219566
1768216544432948200,24.9879482421875,-0.008594286628067493,0.02220357209444046,-0.027776503935456276
1768216544442948000,24.997947998046875,-0.011453723534941673,0.013351225294172764,-0.022606775164604187
1768216544452949000,25.007948974609373,-0.011406851932406425,0.010861702263355255,-0.020478643476963043
1768216544462950000,25.017949951171875,-0.011814847588539124,0.007378021255135536,-0.026816966012120247
1768216544472950000,25.027949951171873,-0.007120760157704353,0.015193067491054535,-0.027716049924492836
1768216544482951000,25.037950927734375,-0.0036738307680934668,0.018742261454463005,-0.024082966148853302
1768216544492952000,25.0479521484375,-0.0021909826900810003,0.006126602180302143,-0.02352609857916832
1768216544502952200,25.0579521484375,-0.000031691615731688216,-0.014926218427717686,-0.021337779238820076
1768216544512953000,25.067953125,-0.00016538229829166085,-0.019569439813494682,-0.013334980234503746
1768216544522954000,25.0779541015625,0.00316037330776453,-0.01085930597037077,-0.01980033703148365
1768216544532955000,25.087954833984377,0.002948119305074215,-0.0001699096756055951,-0.031076958402991295
1768216544542955000,25.097955078125,0.0004295678809285164,0.0008458199445158243,-0.04109124466776848
1768216544552956200,25.1079560546875,0.0005624596378766,-0.0031079088803380728,-0.04332616925239563
1768216544562957000,25.11795703125,-0.0007784419576637447,-0.002513757674023509,-0.0338708832859993
1768216544572957000,25.12795703125,-0.002403502818197012,-0.008136755786836147,-0.020002469420433044
1768216544582958000,25.1379580078125,-0.004512992687523365,-0.016956079751253128,-0.005366802215576172
1768216544592959000,25.147958984375,-0.007098389323800802,-0.03785150870680809,0.001341966912150383
1768216544602959000,25.157958984375,-0.006487726699560881,-0.05103548616170883,0.011118697002530098
1768216544612960000,25.1679599609375,-0.00818043202161789,-0.04663967341184616,0.01357306633144617
1768216544622961200,25.177961181640626,-0.008761000819504261,-0.036289032548666,0.003689809702336788
1768216544632962000,25.187962158203124,-0.008011055178940296,-0.029403429478406906,-0.013304886408150196
1768216544642962000,25.1979619140625,-0.011741877533495426,-0.025472337380051613,-0.022338861599564552
1768216544652962800,25.207962890625,-0.008348477073013783,-0.027958130463957787,-0.0167909637093544
1768216544662964200,25.217964111328126,-0.011981561779975891,-0.0374847911298275,-0.0075942701660096645
1768216544672964000,25.227964111328124,-0.010733338072896004,-0.0494767390191555,-0.002602973720058799
1768216544682965000,25.237965087890625,-0.00950641930103302,-0.050523627549409866,0.00039254993316717446
1768216544692966000,25.2479658203125,-0.008959672413766384,-0.0522802472114563,0.004738562274724245
1768216544702967000,25.257967041015625,-0.006594519596546888,-0.05068688094615936,0.005014199763536453
1768216544712967000,25.267966796875,-0.00427250936627388,-0.04369847849011421,-0.0006418218254111707
1768216544722968000,25.277968017578125,-0.0041057956404984,-0.0438726507127285,-0.00857564527541399
1768216544732969000,25.287968994140623,-0.002858903491869569,-0.04211682826280594,-0.011296596378087997
1768216544742969000,25.297968994140625,0.002424009144306183,-0.059419918805360794,-0.008695220574736595
1768216544752970000,25.307969970703127,0.006731938570737839,-0.06814257055521011,-0.001472728094086051
1768216544762971000,25.317970947265625,0.008309595286846161,-0.07056018710136414,0.00694925244897604
1768216544772971300,25.32797119140625,0.009104548953473568,-0.07420072704553604,0.013616209849715233
1768216544782972200,25.33797216796875,0.006508499383926392,-0.05841617286205292,0.004628840368241072
1768216544792973000,25.34797314453125,0.0004902879591099918,-0.051955875009298325,-0.007005977910012007
1768216544802973000,25.357972900390624,-0.0030858046375215054,-0.04980617016553879,-0.02154683694243431
1768216544812974000,25.36797412109375,-0.006707437336444855,-0.04794089496135712,-0.024090422317385674
1768216544822975000,25.37797509765625,-0.0059809270314872265,-0.045527271926403046,-0.012773585505783558
1768216544832976100,25.38797607421875,-0.005261074751615524,-0.03892422839999199,-0.004923918284475803
1768216544842976000,25.39797607421875,-0.0030660973861813545,-0.04019588977098465,-0.004114051349461079
1768216544852977200,25.40797705078125,-0.0038514635525643826,-0.038058701902627945,-0.010369017720222473
1768216544862978000,25.41797802734375,-0.006146842148154974,-0.04753982275724411,-0.010918693616986275
1768216544872978000,25.42797802734375,-0.0009635316673666239,-0.03808826208114624,-0.016272179782390594
1768216544882979000,25.43797900390625,0.0036935380194336176,-0.02462039142847061,-0.017617076635360718
1768216544892980200,25.447980224609374,0.0056954361498355865,-0.026220684871077538,-0.023837953805923462
1768216544902981000,25.457981201171876,0.00936127733439207,-0.019830962643027306,-0.02702229656279087
1768216544912981000,25.46798095703125,0.007918642833828926,-0.013191701844334602,-0.021221132948994637
1768216544922982000,25.47798193359375,0.009796437807381153,-0.014814365655183792,-0.01429398451000452
1768216544932983000,25.487983154296874,0.010495783761143684,-0.02460414543747902,-0.010380469262599945
1768216544942983200,25.497983154296875,0.009643572382628918,-0.03170386701822281,-0.006189186125993729
1768216544952984000,25.507984130859374,0.00926247425377369,-0.0239412859082222,-0.002406432293355465
1768216544962985000,25.51798486328125,0.00993279181420803,-0.01264255866408348,-0.004686364438384771
1768216544972985000,25.527985107421873,0.004434163216501474,-0.002226136391982436,-0.012200207449495792
1768216544982986000,25.537986083984375,-0.0006519418093375862,-0.008994294330477715,-0.023866716772317886
1768216544992987100,25.547987060546873,-0.00407516909763217,-0.03194434940814972,-0.031061246991157532
1768216545002987300,25.5579873046875,-0.007941014133393764,-0.04746764898300171,-0.02773815393447876
1768216545012988200,25.56798828125,-0.0056954361498355865,-0.05952377989888191,-0.014299577102065086
1768216545022989000,25.577989013671875,-0.0016397082945331931,-0.0670275017619133,-0.005479720421135426
1768216545032990000,25.587989990234377,-0.000964064325671643,-0.07361695915460587,-0.004858404863625765
1768216545042990000,25.597989990234375,-0.0010247844038531184,-0.07605508714914322,-0.004279433749616146
1768216545052991200,25.6079912109375,-0.003632818115875125,-0.07250376045703888,-0.009077117778360844
1768216545062992100,25.6179921875,-0.0015792545164003968,-0.07328327000141144,-0.021222997456789017
1768216545072992000,25.627991943359376,-0.0009558085002936423,-0.0687100887298584,-0.022648055106401443
1768216545082993200,25.6379931640625,0.00016724651504773647,-0.054305583238601685,-0.014518489129841328
1768216545092994000,25.647994140625,-0.0026117621455341578,-0.05120672658085823,-0.0056986319832503796
1768216545102995000,25.657994873046874,0.003004844533279538,-0.07402282953262329,-0.010695520788431168
1768216545112995000,25.6679951171875,0.006347111891955137,-0.10112528502941132,-0.015202920883893967
1768216545122996000,25.677995849609374,0.009945308789610863,-0.10321906208992004,-0.022097578272223473
1768216545132997000,25.6879970703125,0.015797073021531105,-0.09779500216245651,-0.04180257394909859
1768216545142997000,25.6979970703125,0.010997789911925793,-0.09178823977708817,-0.051060255616903305
1768216545152998000,25.707997802734376,0.01884106546640396,-0.1181013360619545,-0.06379682570695877
1768216545162999000,25.7179990234375,0.01629854552447796,-0.13759620487689972,-0.05708565562963486
1768216545172999200,25.727999267578124,0.014181599020957947,-0.18928231298923492,-0.0670168474316597
1768216545183000000,25.738,0.009138637222349644,-0.18904928863048553,-0.0742231011390686
1768216545193001000,25.7480009765625,0.0007054713787510991,-0.1818382441997528,-0.0692397877573967
1768216545203001000,25.7580009765625,-0.00833968911319971,-0.16253884136676788,-0.052196890115737915
1768216545213002000,25.768001953125,-0.013516607694327831,-0.12465005367994308,-0.0192559864372015
1768216545223003100,25.778003173828125,-0.02047145366668701,-0.11551487445831299,-0.0028932581190019846
1768216545233004000,25.788004150390623,-0.022012624889612198,0.05230448395013809,0.075258269906044
1768216545243004200,25.798004150390625,-0.025477396324276924,0.06800248473882675,0.044379182159900665
1768216545253005000,25.808005126953127,-0.01636246219277382,0.08769070357084274,0.05032042786478996
1768216545263006000,25.818005859375,-0.00936101097613573,0.12922190129756927,0.079227976500988
1768216545273006000,25.828006103515627,-0.01028459519147873,0.14031316339969635,0.0884193480014801
1768216545283007200,25.83800732421875,-0.002522812457755208,0.11838363111019135,0.07745537906885147
1768216545293008100,25.848008056640627,-0.0037380128633230925,0.060680657625198364,0.05860685557126999
1768216545303009000,25.858009033203125,-0.01215626485645771,-0.0049436260014772415,0.025367675349116325
1768216545313009000,25.8680087890625,-0.02099156752228737,-0.0007502124644815922,0.02455328032374382
1768216545323010000,25.878010009765624,-0.02708461508154869,0.03550047054886818,0.034503914415836334
1768216545333011200,25.88801123046875,-0.023094400763511658,0.031001059338450432,0.045031655579805374
1768216545343011000,25.898010986328124,-0.01732412911951542,0.02369893714785576,0.0406198650598526
1768216545353012000,25.908011962890626,-0.01782000996172428,0.002292981604114175,0.026338130235671997
1768216545363013000,25.91801318359375,-0.018393920734524727,-0.0408526249229908,0.007625162601470947
1768216545373013000,25.928012939453126,-0.023203322663903236,-0.056239835917949677,-0.002319879597052932
1768216545383014000,25.938013916015624,-0.027210582047700882,-0.04884503781795502,-0.004779042676091194
1768216545393015000,25.94801513671875,-0.026313895359635353,-0.05019286274909973,-0.009505887515842915
1768216545403015200,25.95801513671875,-0.023813720792531967,-0.05643051862716675,-0.017889518290758133
1768216545413016600,25.9680166015625,-0.017377657815814018,-0.06120849773287773,-0.022458171471953392
1768216545423017700,25.978017822265624,-0.017294036224484444,-0.05817781761288643,-0.017642110586166382
1768216545433018600,25.9880185546875,-0.015913985669612885,-0.03831303492188454,-0.007715976797044277
1768216545443018800,25.998018798828124,-0.014970161020755768,-0.039147403091192245,-0.0031494542490690947
1768216545453019600,26.00801953125,-0.01565645821392536,-0.04208087548613548,-0.000030892668291926384
1768216545463020500,26.0180205078125,-0.01423512864857912,-0.03128042444586754,0.00920308567583561
1768216545473020700,26.028020751953125,-0.010655040852725506,-0.02756744623184204,0.008078699000179768
1768216545483021800,26.038021728515623,-0.0083700492978096,-0.01756354793906212,0.005825132131576538
1768216545493022700,26.048022705078125,-0.01013732235878706,-0.02335086278617382,-0.00336170825175941
1768216545503023600,26.058023681640623,-0.007471764925867319,-0.016053535044193268,-0.01176531333476305
1768216545513023500,26.0680234375,-0.005601160228252411,-0.01133840810507536,-0.012265454977750778
1768216545523024600,26.078024658203127,-0.004029362928122282,-0.014512896537780762,-0.007807589136064053
1768216545533025800,26.08802587890625,-0.003936151973903179,-0.02261902578175068,-0.004264785908162594
1768216545543025700,26.098025634765627,-0.0012506204657256603,-0.025471804663538933,-0.00506799528375268
1768216545553026600,26.108026611328125,0.0006508765509352088,-0.02845401130616665,-0.00953677948564291
1768216545563027700,26.11802783203125,0.0021401161793619394,-0.019468506798148155,-0.009551960043609142
1768216545573027600,26.128027587890625,0.003073820611461997,-0.004496214911341667,-0.008011055178940296
1768216545583028500,26.138028564453126,0.0017592841759324074,0.0019710054621100426,-0.00680118054151535
1768216545593029600,26.148029541015624,-0.00037151097785681486,0.009320531040430069,-0.0016476977616548538
1768216545603029800,26.15802978515625,0.0006700513185933232,0.011744806542992592,0.0012032161466777325
1768216545613030700,26.16803076171875,-0.0006511429091915488,0.006934871431440115,-0.0023457121569663286
1768216545623031600,26.178031494140626,0.0014322480419650674,0.010068879462778568,-0.0011464908020570874
1768216545633032400,26.188032470703124,0.004009655211120844,0.005679723806679249,-0.000025300030756625347
1768216545643032600,26.198032470703126,0.0029558425303548574,-0.003365170443430543,-0.000782436749432236
1768216545653033700,26.20803369140625,0.0024804682470858097,-0.0014948323369026184,0.001793905277736485
1768216545663034600,26.21803466796875,0.003346528159454465,0.002031459240242839,-0.000182959163794294
1768216545673034800,26.22803466796875,0.0038091193418949842,0.004311391618102789,-0.0012463594321161509
1768216545683035600,26.23803564453125,0.005791576579213142,0.008078432641923428,-0.0028727517928928137
1768216545693036500,26.24803662109375,0.00577879324555397,0.011495002545416355,-0.0038360171020030975
1768216545703036700,26.25803662109375,0.007953530177474022,0.016266321763396263,-0.006660832092165947
1768216545713037800,26.268037841796875,0.004297010600566864,0.021319935098290443,-0.007564442697912455
1768216545723038700,26.278038818359374,0.005178783088922501,0.029886526986956596,-0.006053897552192211
1768216545733039600,26.28803955078125,0.005137770436704159,0.03735376521945,-0.005307946354150772
1768216545743039500,26.29803955078125,0.005840312223881483,0.033185917884111404,-0.005566805601119995
1768216545753040600,26.30804052734375,0.005980127956718206,0.028118453919887543,-0.0084864292293787
1768216545763041800,26.318041748046873,0.007750864140689373,0.030640732496976852,-0.008870989084243774
1768216545773041700,26.328041748046875,0.00839961040765047,0.03200320526957512,-0.007538876496255398
1768216545783042600,26.33804248046875,0.00743261631578207,0.01991804875433445,-0.0007392935222014785
1768216545793043700,26.348043701171875,0.007418501656502485,0.01335761696100235,0.008162855170667171
1768216545803043600,26.358043701171876,0.0029555761720985174,0.007375358138233423,0.016214389353990555
1768216545813044500,26.36804443359375,-0.0028778119012713432,-0.0007278419216163456,0.016640761867165565
1768216545823045600,26.378045654296876,-0.006999053526669741,-0.0036125779151916504,0.018082598224282265
1768216545833046800,26.388046875,-0.011100854724645615,-0.003050118451938033,0.018427209928631783
1768216545843046700,26.398046630859376,-0.013280651532113552,-0.0020841897930949926,0.014437262900173664
1768216545853047600,26.408047607421874,-0.016712933778762817,-0.003355316584929824,0.011139470152556896
1768216545863048400,26.41804833984375,-0.018441058695316315,-0.007976965978741646,0.006602508947253227
1768216545873048600,26.428048583984374,-0.01774330995976925,-0.012165053747594357,0.00336090917699039
1768216545883049700,26.4380498046875,-0.015615444630384445,-0.012941631488502026,0.0015571502735838294
1768216545893050600,26.448050537109374,-0.016156332567334175,-0.012738431803882122,0.0041337586008012295
1768216545903050800,26.45805078125,-0.012049471959471703,-0.010815097019076347,0.00552126532420516
1768216545913051600,26.4680517578125,-0.007654723711311817,-0.00817883387207985,0.008103466592729092
1768216545923052500,26.478052490234376,-0.003882622579112649,-0.000592020689509809,0.011826831847429276
1768216545933053700,26.4880537109375,-0.00023409185814671218,0.01233469694852829,0.010511230677366257
1768216545943053800,26.4980537109375,0.00689066294580698,0.022224346175789833,0.0049588060937821865
1768216545953054700,26.5080546875,0.00797057431191206,0.021879199892282486,0.0041188448667526245
1768216545963055600,26.5180556640625,0.011963452212512493,0.008842493407428265,0.005209143273532391
1768216545973055500,26.528055419921873,0.012475045397877693,0.004000600427389145,0.005142830312252045
1768216545983056600,26.538056640625,0.010417753830552101,0.012310728430747986,0.003463441040366888
1768216545993057800,26.548057861328125,0.011740812100470066,0.00962572917342186,0.002119077369570732
1768216546003057700,26.5580576171875,0.01281566359102726,0.011628426611423492,-0.0029872676823288202
1768216546013058600,26.56805859375,0.011433749459683895,0.016582971438765526,-0.007190268486738205
1768216546023059700,26.578059814453123,0.009340771473944187,0.016861537471413612,-0.012251606211066246
1768216546033060600,26.588060546875,0.007265902124345303,0.012801814824342728,-0.010749849490821362
1768216546043060700,26.598060791015627,0.001806155894882977,0.008797219954431057,-0.006716758478432894
1768216546053061600,26.6080615234375,-0.0011717908782884479,0.01161377876996994,-0.005363340023905039
1768216546063062800,26.618062744140627,-0.0033683660440146923,0.012595952488481998,-0.010117349214851856
1768216546073062700,26.628062744140625,-0.005650961305946112,0.00971814151853323,-0.01601305417716503
1768216546083063600,26.6380634765625,-0.001984587637707591,0.004529770463705063,-0.014549913816154003
1768216546093064400,26.648064453125,-0.0015717976493760943,0.005875465925782919,-0.011128551326692104
1768216546103064800,26.65806494140625,-0.002035187790170312,0.009240902960300446,-0.011063570156693459
1768216546113065700,26.668065673828124,-0.0014213290996849537,0.004832039587199688,-0.012864133343100548
1768216546123066600,26.678066650390626,-0.0019329222850501537,0.0012234562309458852,-0.012930179946124554
1768216546133066800,26.688066650390624,-0.0025917883031070232,-0.004538825247436762,-0.005515406373888254
1768216546143067600,26.698067626953126,-0.0037055222783237696,-0.008888034150004387,0.00025060345069505274
1768216546153068800,26.70806884765625,-0.0057012951001524925,-0.011418835259974003,0.0017062872648239136
1768216546163069700,26.718069580078126,-0.002959837205708027,-0.009333580732345581,-0.004351605195552111
1768216546173069800,26.72806982421875,-0.0021318604703992605,0.00025832661776803434,-0.006429936271160841
1768216546183070700,26.73807080078125,-0.0016828514635562897,0.0014266553334891796,-0.00726430444046855
1768216546193071600,26.748071533203124,0.001127848750911653,-0.0010072075529024005,-0.002662095706909895
1768216546203071500,26.758071533203125,-0.0008378304773941636,-0.0010213222121819854,0.005014732480049133
1768216546213073000,26.768072998046875,0.000773381965700537,-0.0025033713318407536,0.0049223206005990505
1768216546223073800,26.77807373046875,-0.0006535397260449827,-0.0051750545389950275,0.005386509466916323
1768216546233073700,26.78807373046875,-0.00002450108149787411,-0.009957026690244675,0.013263341039419174
1768216546243074600,26.798074462890625,-0.0015014902455732226,-0.011444668285548687,0.01860058307647705
1768216546253075700,26.80807568359375,-0.0009355684742331505,-0.006903712637722492,0.019352126866579056
1768216546263076600,26.81807666015625,-0.002295911079272628,-0.007652593310922384,0.015906261280179024
1768216546273076700,26.82807666015625,-0.004027232062071562,-0.007321296259760857,0.01242231484502554
1768216546283077600,26.83807763671875,-0.003596332622691989,-0.0011709919199347496,0.009072590619325638
1768216546293078800,26.848078857421875,-0.004574778024107218,0.001743305241689086,0.00378994457423687
1768216546303078700,26.85807861328125,-0.00023755396250635386,0.007156978826969862,0.0015523566398769617
1768216546313079600,26.86807958984375,-0.0009888317435979843,0.007813448086380959,-0.0002671150432433933
1768216546323080700,26.878080810546876,0.0023065637797117233,-0.0007041397620923817,-0.003878627670928836
1768216546333080800,26.888080810546874,0.001383245806209743,-0.009593505412340164,-0.0075729647651314735
1768216546343081700,26.898081787109376,0.0030975225381553173,-0.011064635589718819,-0.006061088293790817
1768216546353082600,26.90808251953125,-0.00003914846820407547,-0.01011042483150959,-0.006659234408289194
1768216546363083500,26.91808349609375,-0.0027166905347257853,-0.01002227421849966,-0.0044227116741240025
1768216546373083600,26.928083740234374,-0.00227886694483459,-0.006614226847887039,0.0009707222343422472
1768216546383084800,26.938084716796876,-0.0039007319137454033,-0.00025592977181077003,0.0013395700370892882
1768216546393085700,26.948085693359374,-0.0037353497464209795,0.007486944552510977,-0.00039494677912443876
1768216546403085800,26.9580859375,-0.001279382617212832,0.013712350279092789,-0.005539907608181238
1768216546413087000,26.9680869140625,0.0008383630774915218,0.01625540293753147,-0.006905310321599245
1768216546423087900,26.978087890625,0.0009432916413061321,0.011713647283613682,-0.008228635415434837
1768216546433087700,26.988087646484374,-0.0005467469454742968,0.008011055178940296,-0.004543885588645935
1768216546443089000,26.9980888671875,-0.0007595335482619703,0.004040548112243414,-0.0043862261809408665
1768216546453090000,27.008090087890626,-0.0020596887916326523,0.009125587530434132,-0.006059490609914064
1768216546463091000,27.018091064453124,-0.003546797903254628,0.012685701251029968,-0.011187939904630184
1768216546473090800,27.0280908203125,-0.006042179651558399,0.017601097002625465,-0.013717676512897015
1768216546483091700,27.038091796875,-0.006115682888776064,0.019686885178089142,-0.015323828905820847
1768216546493093000,27.048093017578125,-0.006456301547586918,0.02201954834163189,-0.01679948717355728
1768216546503093000,27.058093017578123,-0.0051777176558971405,0.024225711822509766,-0.01489213015884161
1768216546513094000,27.068093994140625,-0.007574296556413174,0.030353378504514694,-0.01684209704399109
1768216546523094800,27.0780947265625,-0.006130862981081009,0.04210883751511574,-0.01853640004992485
1768216546533095000,27.088094970703125,-0.006707437336444855,0.047570448368787766,-0.022904250770807266
1768216546543095800,27.098095703125,-0.007245129905641079,0.06024922430515289,-0.025378860533237457
1768216546553097000,27.108096923828125,-0.0035960664972662926,0.061585333198308945,-0.030376015231013298
1768216546563097900,27.118097900390627,-0.0009645969257690012,0.06302237510681152,-0.0329291895031929
1768216546573098000,27.128097900390625,0.0008833705214783549,0.050769705325365067,-0.03374571353197098
1768216546583099000,27.138098876953126,0.0014295848086476326,0.0425298847258091,-0.027149062603712082
1768216546593099800,27.148099853515625,0.0023521038237959146,0.028176244348287582,-0.014153103344142437
1768216546603100000,27.158099853515626,0.001193362521007657,0.017294567078351974,0.00336170825175941
1768216546613101000,27.16810107421875,0.001059139147400856,0.0075852153822779655,0.011327755637466908
1768216546623102000,27.17810205078125,0.0005965480813756585,0.0009691243176348507,0.0021611552219837904
1768216546633101800,27.188101806640624,-0.000990429543890059,0.007700530346482992,-0.007949535734951496
1768216546643103000,27.19810302734375,-0.0027542412281036377,0.016443155705928802,-0.013515009544789791
1768216546653103900,27.208103759765624,-0.0057135457172989845,0.01738378405570984,-0.01474432460963726
1768216546663103700,27.218103759765626,-0.005830192007124424,0.017620539292693138,-0.013887319713830948
1768216546673105000,27.22810498046875,-0.004525776021182537,0.01702558808028698,-0.009221727959811687
1768216546683106000,27.23810595703125,-0.006142048165202141,0.01894679293036461,-0.009345831349492073
1768216546693107000,27.24810693359375,-0.0049705239944159985,0.024211063981056213,-0.008786301128566265
1768216546703106800,27.25810693359375,-0.003963316325098276,0.032274581491947174,-0.007872037589550018
1768216546713107700,27.268107666015624,-0.0015395734226331115,0.03593669459223747,-0.01022494025528431
1768216546723109000,27.278109130859374,0.00098217383492738,0.04102013632655144,-0.008761267177760601
1768216546733109000,27.28810888671875,0.004594751633703709,0.04000680521130562,-0.008374043740332127
1768216546743110000,27.29810986328125,0.006028864067047834,0.03381681814789772,-0.005482915788888931
1768216546753110800,27.30811083984375,0.007533816155046225,0.021771874278783798,-0.004096208140254021
1768216546763111000,27.31811083984375,0.006583068054169416,0.014881477691233158,-0.0018405106384307146
1768216546773111800,27.32811181640625,0.005294098053127527,0.01507082860916853,0.0004063983797095716
1768216546783113000,27.338113037109373,0.0011150655336678028,0.015107314102351665,-0.004865062423050404
1768216546793113900,27.34811376953125,-0.003510579001158476,0.014407968148589134,-0.010754376649856567
1768216546803114000,27.358114013671877,-0.0037984666414558887,0.021228322759270668,-0.01392806600779295
1768216546813115000,27.368114990234375,-0.004541488364338875,0.02558312378823757,-0.012499280273914337
1768216546823115800,27.37811572265625,-0.004492220003157854,0.0284686591476202,-0.010100305080413818
1768216546833116000,27.388115966796875,-0.00765765318647027,0.02707156538963318,-0.007091199047863483
1768216546843117000,27.398116943359376,-0.007228618022054434,0.02430826984345913,-0.001249555149115622
1768216546853118000,27.408117919921875,-0.0046426886692643166,0.02544410713016987,0.003753725439310074
1768216546863117800,27.418117919921876,-0.003372893435880542,0.023274961858987808,0.0018554243724793196
1768216546873119000,27.428118896484374,-0.002709500025957823,0.01896223984658718,-0.001184574095532298
1768216546883119900,27.438119873046876,-0.0021872541401535273,0.012112589552998543,-0.00044661210267804563
1768216546893121000,27.44812109375,-0.002013616031035781,0.006611563730984926,0.0068094367161393166
1768216546903121000,27.458120849609376,-0.001160339335910976,0.008612928912043571,0.013860953971743584
1768216546913122000,27.4681220703125,-0.004251203965395689,0.010694989003241062,0.0060331248678267
1768216546923123000,27.478123046875,-0.0007523429812863469,0.011723767966032028,-0.004381432663649321
1768216546933122800,27.488122802734374,-0.0013281183782964945,0.013076653704047203,-0.009462743997573853
1768216546943123700,27.498123779296876,-0.0018335863715037704,0.013130449689924717,-0.006980677600950003
1768216546953125000,27.508125,-0.003462641965597868,0.013058011420071125,0.00047830372932367027
1768216546963125000,27.518125,-0.0023007048293948174,0.014525147154927254,0.001757952617481351
1768216546973126000,27.5281259765625,-0.00692155584692955,0.01281646266579628,0.0007731156656518579
1768216546983126800,27.538126708984375,-0.006988134700804949,0.006699980702251196,-0.0035958001390099525
1768216546993128000,27.5481279296875,-0.007427556440234184,0.00986514799296856,-0.005233910400420427
1768216547003127800,27.5581279296875,-0.006705573294311762,0.01076662726700306,-0.003912982530891895
1768216547013129000,27.56812890625,-0.004510329570621252,0.00977619830518961,-0.004910869058221579
1768216547023129900,27.5781298828125,-0.004355866461992264,0.011348527856171131,-0.0033156354911625385
1768216547033130000,27.5881298828125,-0.0022833943367004395,0.01321300771087408,-0.003507649526000023
1768216547043131000,27.598130859375,-0.002656503114849329,0.01684955321252346,-0.0062456452287733555
1768216547053131800,27.6081318359375,-0.0023939155507832766,0.015111841261386871,-0.011287009343504906
1768216547063132000,27.6181318359375,-0.0025515747256577015,0.015266304835677147,-0.012850018218159676
1768216547073133000,27.628133056640625,-0.00044794369023293257,0.007964183576405048,-0.013921674340963364
1768216547083134000,27.638134033203126,-0.002448510378599167,0.004677043296396732,-0.011619105003774166
1768216547093133800,27.6481337890625,-0.004311657976359129,-0.00035712990211322904,-0.007930893450975418
1768216547103135000,27.658135009765626,-0.0059907808899879456,0.0018431737553328276,0.0013480921043083072
1768216547113135900,27.668135986328124,-0.007715710438787937,0.0055215316824615,0.0029198897536844015
1768216547123137000,27.678136962890626,-0.006024869158864021,0.0043718451634049416,0.00011904330312972888
1768216547133137000,27.688136962890624,-0.005912750028073788,0.005091963801532984,-0.004338023252785206
1768216547143138000,27.698137939453126,-0.005951365921646357,0.00923531036823988,-0.008300540037453175
1768216547153139000,27.708138916015624,-0.007355118170380592,0.01683916710317135,-0.002481799805536866
1768216547163138800,27.718138916015626,-0.007750065065920353,0.01519067119807005,0.0014833806781098247
1768216547173139700,27.7281396484375,-0.007363640237599611,0.016692694276571274,0.0029763488564640284
1768216547183141000,27.73814111328125,-0.008904279209673405,0.01967303641140461,0.00920361839234829
1768216547193141000,27.74814111328125,-0.00839668046683073,0.024145282804965973,0.022851252928376198
1768216547203142000,27.758141845703125,-0.012087555602192879,0.026573820039629936,0.023558588698506355
1768216547213142800,27.768142822265624,-0.012177570722997189,0.015570437535643578,0.023854732513427734
1768216547223144000,27.77814404296875,-0.008419583551585674,0.007556719705462456,0.024090422317385674
1768216547233143800,27.788143798828123,-0.008665126748383045,0.0030154972337186337,0.032106004655361176
1768216547243145000,27.79814501953125,-0.010978348553180695,0.0022599585354328156,0.03779851272702217
1768216547253145900,27.808145751953123,-0.012485964223742485,0.002877279184758663,0.04379009082913399
1768216547263146000,27.81814599609375,-0.013219399377703667,0.0037526602391153574,0.040104009211063385
1768216547273147000,27.82814697265625,-0.009463010355830193,0.007281348574906588,0.036678917706012726
1768216547283147800,27.838147705078125,-0.007791344076395035,0.0007017429452389479,0.0306300800293684
1768216547293148000,27.84814794921875,-0.006076534744352102,-0.010669422335922718,0.03380510210990906
1768216547303149000,27.858149169921877,-0.0027419906109571457,-0.011406319215893745,0.03711274638772011
1768216547313150000,27.86814990234375,-0.005066663958132267,-0.01954573765397072,0.03810770437121391
1768216547323150800,27.87815087890625,-0.009013468399643898,-0.026999659836292267,0.041375935077667236
1768216547333151000,27.88815087890625,-0.005566539242863655,-0.03419951722025871,0.034030672162771225
1768216547343151900,27.89815185546875,-0.0054456316865980625,-0.040702689439058304,0.0208863727748394
1768216547353153000,27.908153076171875,-0.006046440917998552,-0.03458700701594353,0.021750302985310555
1768216547363153000,27.91815283203125,-0.0010993528412654996,-0.032223980873823166,0.017678596079349518
1768216547373154000,27.928154052734374,-0.0008037420338951051,-0.025233184918761253,0.014141918160021305
1768216547383155000,27.938155029296876,-0.0008183894096873701,-0.029679065570235252,0.013146428391337395
1768216547393154800,27.94815478515625,0.0010892328573390841,-0.030585072934627533,0.0014120079576969147
1768216547403155700,27.95815576171875,-0.00014381069922819734,-0.027030019089579582,0.0006210491410456598
1768216547413156900,27.968156982421874,-0.0010780475568026304,-0.030486803501844406,-0.001885784324258566
1768216547423157000,27.978156982421876,-0.0014642059104517102,-0.03121917136013508,0.0031214910559356213
1768216547433158000,27.988157958984374,-0.005482915788888931,-0.01708817295730114,0.0008780442294664681
1768216547443158800,27.99815869140625,-0.00689039658755064,-0.01830204203724861,0.0017667410429567099
1768216547453160000,28.008159912109374,-0.00618252856656909,-0.014844725839793682,0.00038216362008824944
1768216547463159800,28.018159912109375,-0.004240018781274557,-0.014797587879002094,-0.0027262780349701643
1768216547473161000,28.028160888671874,-0.0033688987605273724,-0.012708071619272232,-0.0057348511181771755
1768216547483161900,28.038161865234375,0.00015899071877356619,-0.008314388804137707,-0.006365221459418535
1768216547493162000,28.048161865234373,0.0003028014034498483,-0.006019276566803455,-0.006825948134064674
1768216547503163000,28.058162841796875,0.0012716593919321895,-0.007518370170146227,-0.005596633069217205
1768216547513163800,28.068163818359373,0.001184041379019618,-0.006977215874940157,-0.002913498319685459
1768216547523164000,28.078163818359375,0.002546514617279172,-0.007083741948008537,-0.0032631712965667248
1768216547533165000,28.0881650390625,0.0016951019642874599,-0.007508516311645508,-0.005875199567526579
1768216547543166000,28.098166015625,0.0022093583829700947,-0.009862750768661499,-0.012860937044024467
1768216547553166800,28.108166748046877,-0.001145425601862371,-0.010661698877811432,-0.019124692305922508
1768216547563167000,28.1181669921875,-0.0005691175465472043,-0.018460232764482498,-0.013456952758133411
1768216547573167900,28.12816796875,-0.0014647386269643903,-0.020537232980132103,-0.0026618295814841986
1768216547583169000,28.1381689453125,-0.0029318740125745535,-0.01792653650045395,0.001549693406559527
1768216547593169000,28.1481689453125,-0.003242132253944874,-0.010751980356872082,-0.005742307752370834
1768216547603169800,28.158169677734374,-0.00860121101140976,-0.012134959921240807,-0.013320598751306534
1768216547613171000,28.1681708984375,-0.00574843306094408,-0.01335948146879673,-0.014378407038748264
1768216547623170800,28.1781708984375,-0.008045409806072712,-0.01131017878651619,-0.003516171593219042
1768216547633171700,28.188171630859376,-0.008846755139529705,-0.010099772363901138,-0.0026589001063257456
1768216547643172900,28.1981728515625,-0.009908556938171387,-0.013009808026254177,0.0013081447687000036
1768216547653173000,28.208173095703124,-0.004863198380917311,-0.002463423879817128,-0.0020756677258759737
1768216547663174000,28.218173828125,-0.005761216394603252,-0.005827262531965971,-0.002266882685944438
1768216547673174800,28.2281748046875,-0.003209641668945551,-0.02009195275604725,0.01020017359405756
1768216547683175700,28.23817578125,-0.0022716764360666275,-0.01920378766953945,0.018821891397237778
1768216547693176000,28.248176025390624,-0.004251470323652029,-0.0203915573656559,0.020497018471360207
1768216547703177000,28.258177001953126,-0.0026586337480694056,-0.020382503047585487,0.015173892490565777
1768216547713177900,28.268177734375,-0.004363589454442263,-0.00971467886120081,0.003915645647794008
1768216547723178000,28.278177978515625,-0.005109274294227362,-0.004743356257677078,-0.008116249926388264
1768216547733179000,28.288178955078124,-0.003043460426852107,-0.011934690177440643,-0.0103181516751647
1768216547743179800,28.2981796875,-0.0008900284301489592,-0.011438542976975441,-0.011426558718085289
1768216547753180000,28.308179931640623,-0.0008226504432968795,-0.014510765671730042,-0.006078931502997875
1768216547763181000,28.31818115234375,-0.0008327704854309559,-0.015141668729484081,-0.001612011343240738
1768216547773182000,28.328181884765623,-0.0013611416798084974,-0.016081498935818672,-0.0012271846644580364
1768216547783182800,28.338182861328125,-0.00449727987870574,-0.017107347026467323,-0.0034557178150862455
1768216547793183000,28.348182861328127,-0.006367884576320648,-0.012775183655321598,-0.006968427449464798
1768216547803183900,28.358183837890625,-0.005687979515641928,-0.013188240118324757,-0.006250971462577581
1768216547813185000,28.36818505859375,-0.0060445768758654594,-0.01486310176551342,-0.00833542738109827
1768216547823185000,28.378184814453125,-0.0030807447619736195,-0.017528926953673363,-0.004852279555052519
1768216547833185800,28.388185791015626,-0.0024700819049030542,-0.01938594877719879,-0.007102650590240955
1768216547843187000,28.39818701171875,-0.0014197311829775572,-0.014183996245265007,-0.0013363742036744952
1768216547853186800,28.408186767578126,0.0008921589469537139,-0.009276589378714561,0.0033401367254555225
1768216547863188000,28.41818798828125,0.0033446638844907284,-0.007189203519374132,0.003291400847956538
1768216547873188900,28.42818896484375,0.0023307986557483673,-0.004006992094218731,0.001261273049749434
1768216547883189000,28.43818896484375,0.0014924354618415236,-0.0032754219137132168,-0.0018279937794432044
1768216547893190000,28.44818994140625,-0.00015579492901451886,-0.002142513170838356,-0.0027507790364325047
1768216547903190800,28.458190673828124,0.0025814019609242678,-0.003087402554228902,-0.005197691265493631
1768216547913191700,28.468191650390626,-0.0012229235144332051,0.00005273058923194185,-0.006296778097748756
1768216547923192000,28.478192138671876,-0.0032842103391885757,0.005470931995660067,-0.0035510589368641376
1768216547933193000,28.48819287109375,-0.005557484459131956,0.006927947048097849,-0.0014048174489289522
1768216547943193900,28.49819384765625,-0.007056311704218388,0.008813198655843735,0.0008594020619057119
1768216547953194000,28.508194091796874,-0.006112753413617611,0.008933307603001595,0.0023299995809793472
1768216547963195000,28.51819482421875,-0.002852511825039983,0.00871945545077324,0.001918807509355247
1768216547973196000,28.528196044921874,-0.0033683660440146923,0.008823319338262081,-0.0011976235546171665
1768216547983196000,28.53819580078125,-0.0010671286145225167,0.010839065536856651,-0.0031758195254951715
1768216547993197000,28.548197021484373,0.003772367723286152,0.004387824330478907,-0.005958023946732283
1768216548003198000,28.558197998046875,0.0005139900604262948,-0.00015233281010296196,-0.007706122938543558
1768216548013198800,28.56819873046875,-0.00005832322858623229,0.0018394453218206763,-0.007467503659427166
1768216548023198700,28.57819873046875,0.0014202637830749154,0.0009603358921594918,-0.005647499579936266
1768216548033200000,28.5882001953125,0.0008751147543080151,-0.001187237212434411,-0.007446997333317995
1768216548043201000,28.598200927734375,-0.000480434246128425,-0.00023915186466183513,-0.004508199170231819
1768216548053201000,28.608200927734377,0.0005603290628641844,-0.0018524948973208666,-0.004620584659278393
1768216548063201800,28.618201904296875,0.0008482168195769191,0.000051399008953012526,-0.0017204020405188203
1768216548073203000,28.628202880859376,0.0017219999572262168,0.0014258564915508032,-0.0041095237247645855
1768216548083202800,28.638202880859374,-0.0002740392810665071,0.0032325449865311384,-0.003534547286108136
1768216548093204000,28.648203857421876,-0.0007850998663343489,0.00839747954159975,-0.006878678686916828
1768216548103204900,28.658204833984374,-0.0004394215648062527,0.012486496940255165,-0.008615858852863312
1768216548113205000,28.668205078125,-0.003546531544998288,0.012281167320907116,-0.007123423274606466
1768216548123206000,28.678205810546874,-0.0014982944121584296,0.00827737059444189,-0.0028871328104287386
1768216548133206800,28.688206787109376,-0.00041864890954457223,0.007748733274638653,-0.0003094593121204525
1768216548143208000,28.6982080078125,0.0013014868600293994,0.002171008847653866,0.005787581671029329
1768216548153208000,28.7082080078125,0.004433364141732454,-0.004471980035305023,0.007509049028158188
1768216548163209000,28.718208984375,0.005132444202899933,-0.0013622068800032139,0.013288108631968498
1768216548173209900,28.7282099609375,0.008737032301723957,0.006765228230506182,0.01996891386806965
1768216548183210000,28.7382099609375,0.008552475832402706,0.006332997232675552,0.018154768273234367
1768216548193211000,28.7482109375,0.0038120488170534372,0.0036277580074965954,0.016157930716872215
1768216548203212000,28.7582119140625,0.0032642364967614412,-0.0013052152935415506,0.012978648766875267
1768216548213212000,28.7682119140625,0.00039840888348408043,-0.0043867588974535465,0.004340952727943659
1768216548223213000,28.778213134765625,-0.002965163439512253,-0.005185707006603479,-0.0023060310631990433
1768216548233214000,28.7882138671875,-0.0011797803454101086,-0.005330050364136696,-0.0027409254107624292
1768216548243214800,28.79821484375,0.0007989483419805765,-0.010524280369281769,-0.0016205335268750787
1768216548253214700,28.808214599609375,0.004093545023351908,-0.0046786414459347725,-0.0015065502375364304
1768216548263216000,28.818216064453125,0.0073476615361869335,0.003920971881598234,-0.0008562062866985798
1768216548273217000,28.828217041015623,0.011021758429706097,0.003939880523830652,0.0009454221581108868
1768216548283217000,28.838216796875,0.009091765619814396,0.004317250568419695,0.003930559381842613
1768216548293217800,28.8482177734375,0.006556968670338392,0.016412261873483658,0.005306082312017679
1768216548303219000,28.858218994140625,0.004322044085711241,0.02654425986111164,0.004817924462258816
1768216548313218800,28.86821875,0.00021118867152836174,0.028080902993679047,-0.002010686555877328
1768216548323220000,28.878219970703125,-0.0018903117161244154,0.023250993341207504,-0.005417402368038893
1768216548333220900,28.888220947265626,-0.003284476464614272,0.021799838170409203,-0.0029678267892450094
1768216548343221000,28.898220947265624,-0.00526720006018877,0.018200309947133064,0.004781705792993307
1768216548353222000,28.908221923828126,-0.005952964071184397,0.016474047675728798,0.007279484532773495
1768216548363222800,28.918222900390624,-0.0021291973534971476,0.015980830416083336,0.004501008428633213
1768216548373224000,28.928223876953126,-0.002959304489195347,0.011507518589496613,-0.0017606157343834639
1768216548383224000,28.93822412109375,-0.00038535939529538155,0.007186806295067072,-0.004914597608149052
1768216548393225000,28.948224853515626,-0.0009076052810996771,0.00884835235774517,-0.006146575789898634
1768216548403224800,28.958224853515624,-0.0015507587231695652,0.0008372978190891445,-0.008758870884776115
1768216548413225000,28.968224853515625,-0.00427357479929924,-0.005121791269630194,-0.00011957593233091757
1768216548423226000,28.97822607421875,-0.007755657657980919,-0.012681440450251102,0.0035574506036937237
1768216548433227000,28.98822705078125,-0.00791677925735712,-0.01997850090265274,0.010667557828128338
1768216548443227100,28.99822705078125,-0.008330101147294044,-0.01471609529107809,0.008230498991906643
1768216548453228000,29.00822802734375,-0.009543437510728836,-0.013077452778816223,-0.0070371367037296295
1768216548463229000,29.01822900390625,-0.005301821045577526,-0.022224079817533493,-0.014179468154907227
1768216548473230000,29.02822998046875,-0.007662180811166763,-0.022765234112739563,-0.006884004920721054
1768216548483230200,29.038230224609375,-0.00561048137024045,-0.02624252252280712,-0.0001954760227818042
1768216548493231000,29.048231201171873,-0.006412093061953783,-0.032221585512161255,0.004180630203336477
1768216548503232000,29.05823193359375,-0.0070310113951563835,-0.033250898122787476,0.003230147995054722
1768216548513232000,29.06823193359375,-0.0057287258096039295,-0.0351414754986763,-0.001954493811354041
1768216548523233000,29.07823291015625,-0.0046237800270318985,-0.0315864235162735,-0.0032945964485406876
1768216548533234200,29.088234130859377,-0.006426740437746048,-0.027056917548179626,-0.005152950529009104
1768216548543234000,29.098234130859375,-0.006578806787729263,-0.024380706250667572,-0.008776713162660599
1768216548553235000,29.10823486328125,-0.009258479811251163,-0.026130670681595802,-0.013744307681918144
1768216548563236000,29.118236083984375,-0.01203988492488861,-0.018875686451792717,-0.007215036079287529
1768216548573237000,29.128237060546876,-0.00965449120849371,-0.017135577276349068,-0.007762848399579525
1768216548583236900,29.13823681640625,-0.009974337182939053,-0.008156996220350266,-0.007063235621899366
1768216548593238000,29.148238037109376,-0.012800217606127262,-0.0005137237603776157,-0.005845372099429369
1768216548603239200,29.1582392578125,-0.012059592641890049,0.013685984537005424,-0.008675247430801392
1768216548613239000,29.168239013671876,-0.015105715952813625,0.024998294189572334,-0.017728131264448166
1768216548623240000,29.178239990234374,-0.014955513179302216,0.03537130728363991,-0.02462012507021427
1768216548633240800,29.18824072265625,-0.014474812895059586,0.03918734937906265,-0.026792731136083603
1768216548643241000,29.198240966796874,-0.017858626320958138,0.03329244256019592,-0.02815973199903965
1768216548653242000,29.2082421875,-0.01926211081445217,0.017180051654577255,-0.025317074730992317
1768216548663243000,29.218242919921874,-0.021792646497488022,0.0032373385038226843,-0.01474432460963726
1768216548673244000,29.228243896484376,-0.019478892907500267,0.008072840049862862,-0.002659432590007782
1768216548683244000,29.238244140625,-0.01847062073647976,0.022729814052581787,0.006770021747797728
1768216548693245000,29.248244873046875,-0.016564860939979553,0.03212624415755272,0.007360710762441158
1768216548703246000,29.25824609375,-0.013293434865772724,0.033543046563863754,0.0016998957144096494
1768216548713246200,29.26824609375,-0.00917485635727644,0.02712935581803322,-0.0017475662752985954
1768216548723247000,29.2782470703125,-0.009869675152003765,0.014190919697284698,-0.008444883860647678
1768216548733248000,29.288248046875,-0.004618453793227673,0.004639759194105864,-0.013043097220361233
1768216548743248000,29.298247802734377,-0.00009507485083304346,0.0037824877072125673,-0.02088743820786476
1768216548753249000,29.3082490234375,0.0010985539993271232,0.012838033959269524,-0.027594875544309616
1768216548763250200,29.318250244140625,0.0031076427549123764,0.021559353917837143,-0.03608530014753342
1768216548773250000,29.32825,0.004201136529445648,0.02755945548415184,-0.04284892976284027
1768216548783251000,29.3382509765625,0.0005049353349022567,0.03386395797133446,-0.046608246862888336
1768216548793252000,29.348252197265627,-0.0001400822657160461,0.0462934635579586,-0.039931703358888626
1768216548803253000,29.3582529296875,-0.0023313311394304037,0.05180034786462784,-0.029050294309854507
1768216548813252900,29.3682529296875,-0.0010655306978151202,0.05374418944120407,-0.010056096129119396
1768216548823254000,29.37825390625,0.0015390408225357533,0.0583578497171402,0.006414756178855896
1768216548833255200,29.388255126953126,0.004640291910618544,0.06556010246276855,0.011503790505230427
1768216548843255000,29.398255126953124,0.003325489116832614,0.06481415033340454,0.004295146092772484
1768216548853256000,29.408255859375,0.001574194524437189,0.062242601066827774,-0.009288040921092033
1768216548863256800,29.4182568359375,0.002773682354018092,0.051237888634204865,-0.02418736182153225
1768216548873257000,29.428257080078126,0.0018972359830513597,0.03262026235461235,-0.030321154743433
1768216548883258000,29.438258056640624,-0.008783903904259205,0.028110463172197342,-0.016153668984770775
1768216548893259000,29.448259033203126,-0.005195028148591518,0.019360648468136787,-0.014116884209215641
1768216548903260000,29.458260009765624,-0.004397677723318338,0.015425828285515308,-0.011231881566345692
1768216548913260000,29.468260009765626,-0.0008138620178215206,0.02846652828156948,-0.014333132654428482
1768216548923261000,29.478260986328124,0.0007715177489444613,0.03699477016925812,-0.015730759128928185
1768216548933262000,29.488261962890626,0.003343598684296012,0.03171345591545105,-0.024034762755036354
1768216548943262200,29.49826220703125,0.0026905916165560484,0.021560419350862503,-0.02515808306634426
1768216548953263000,29.50826318359375,0.0003733751946128905,0.0068030450493097305,-0.02002670429646969
1768216548963264000,29.518263916015623,0.0016652746126055717,-0.008348477073013783,-0.008994294330477715
1768216548973264000,29.528263916015625,0.0039113848470151424,-0.006601177155971527,0.004063983913511038
1768216548983265000,29.53826513671875,0.006119411438703537,0.005141764879226685,0.00446984963491559
1768216548993266200,29.54826611328125,0.005332979839295149,0.013279852457344532,-0.005194229539483786
1768216549003266000,29.55826611328125,0.005138835404068232,0.014448181726038456,-0.013059076853096485
1768216549013267000,29.568266845703125,0.005139634478837252,0.015339008532464504,-0.009726663120090961
1768216549023268000,29.57826806640625,0.003734284546226263,0.010068346746265888,-0.0022471752017736435
1768216549033269000,29.58826904296875,-0.00045140579459257424,0.0031939290929585695,0.0006013417732901871
1768216549043268900,29.598268798828126,0.0004974784678779542,0.006397712044417858,-0.000574177538510412
1768216549053270000,29.60827001953125,-0.000993891735561192,0.008106395602226257,-0.00544323492795229
1768216549063271200,29.618271240234375,-0.0021065603941679,0.01791987754404545,-0.008523447439074516
1768216549073271000,29.62827099609375,-0.0035859462805092335,0.029469208791851997,-0.012135492637753487
1768216549083272000,29.63827197265625,-0.003549461020156741,0.03632578253746033,-0.016087356954813004
1768216549093272800,29.64827294921875,-0.006322077941149473,0.04187527671456337,-0.016944894567131996
1768216549103273200,29.658273193359374,-0.011396997608244419,0.04235757514834404,-0.016286827623844147
1768216549113274000,29.668274169921876,-0.012473979964852333,0.03702859207987785,-0.013776266016066074
1768216549123275000,29.67827490234375,-0.011301922611892223,0.026340793818235397,-0.007755657657980919
1768216549133276000,29.68827587890625,-0.0120087256655097,0.01600559800863266,-0.0019765980541706085
1768216549143276000,29.698276123046874,-0.008202536031603813,0.0128172617405653,0.0017768610268831253
1768216549153277000,29.70827685546875,-0.009476859122514725,0.01146623957902193,-0.0015331818722188473
1768216549163278000,29.718278076171874,-0.00887738075107336,0.01606285572052002,-0.010853978805243969
1768216549173278200,29.7282783203125,-0.0070645674131810665,0.01805916242301464,-0.013253754004836082
1768216549183279000,29.738279052734374,-0.006893059704452753,0.016464726999402046,-0.010554106906056404
1768216549193280000,29.748280029296875,-0.0051958272233605385,0.014171212911605835,-0.0023552996572107077
1768216549203280000,29.75827978515625,-0.0014956312952563167,0.008780442178249359,0.0025598304346203804
1768216549213281300,29.76828125,0.0003009371866937727,0.006317817140370607,0.0028903286438435316
1768216549223282200,29.7782822265625,0.0029888655990362167,0.0019020296167582273,0.00029294771957211196
1768216549233283000,29.788282958984375,0.003087402554228902,0.007143130525946617,-0.006611830089241266
1768216549243283000,29.798282958984377,0.0001984054979402572,0.008642490021884441,-0.013041766360402107
1768216549253284000,29.8082841796875,-0.0017387778498232365,0.01079991739243269,-0.01671905815601349
1768216549263285000,29.818284912109377,-0.0010061422362923622,0.007537544704973698,-0.01263829693198204
1768216549273285000,29.82828515625,-0.0038160434924066067,0.00836845114827156,-0.007574828807264566
1768216549283286000,29.8382861328125,-0.0022804648615419865,-0.0003920173039659858,-0.0036613137926906347
1768216549293287000,29.848286865234375,-0.006160690449178219,-0.004481567535549402,-0.0035689021460711956
1768216549303287000,29.858287109375,-0.0024021712597459555,-0.005827795248478651,0.002055161399766803
1768216549313288000,29.868287841796874,-0.0019648801535367966,-0.003215234261006117,0.0033928672783076763
1768216549323289000,29.8782890625,-0.0024525050539523363,-0.005123123060911894,0.0019560917280614376
1768216549333289200,29.888289306640626,-0.001169127761386335,-0.0017832526937127113,0.0031822111923247576
1768216549343290000,29.8982900390625,0.0015100123127922416,0.003937750123441219,0.009218265302479267
1768216549353291000,29.908291015625,-0.00017976337403524667,0.00404640706256032,0.007327421568334103
1768216549363292000,29.9182919921875,-0.0006508765509352088,-0.0027798074297606945,0.004811799619346857
1768216549373292000,29.9282919921875,-0.0004423510399647057,-0.009034774266183376,0.0051718587055802345
1768216549383293200,29.938293212890624,-0.0022543659433722496,-0.009550894610583782,0.007749532349407673
1768216549393294000,29.948294189453126,-0.003494866192340851,-0.010660899803042412,0.006185458041727543
1768216549403294200,29.958294189453124,-0.005899168085306883,-0.008056062273681164,0.0033068470656871796
1768216549413295600,29.968295654296874,-0.002482066163793206,0.0034852789249271154,0.0025182850658893585
1768216549423296500,29.978296630859376,-0.0026820695493370295,0.0028248149901628494,-0.0022977753542363644
1768216549433296400,29.98829638671875,-0.0005187837523408234,0.002831472782418132,-0.00555242458358407
1768216549443297500,29.998297607421875,0.003151318524032831,-0.0023515713401138783,-0.005250421818345785
1768216549453298700,30.008298583984374,0.0024652881547808647,-0.00893863383680582,-0.0030027141328901052
1768216549463299600,30.018299560546875,0.006373477168381214,-0.014974688179790974,-0.003040797309949994
1768216549473299500,30.028299560546873,0.006911701988428831,-0.018861571326851845,0.00049108691746369
1768216549483300400,30.03830029296875,0.005531651899218559,-0.017250625416636467,0.0006468818173743784
1768216549493301500,30.048301513671873,0.002945456188172102,-0.017603760585188866,-0.005559082608669996
1768216549503301600,30.058301513671875,0.0016263924771919847,-0.020613398402929306,-0.008459530770778656
1768216549513302500,30.068302490234377,0.001157143502496183,-0.020084228366613388,-0.006762565113604069
1768216549523303400,30.078303466796875,-0.0003462109307292849,-0.016109727323055267,-0.0005957491230219603
1768216549533303600,30.088303466796877,0.000176301269675605,-0.012968529015779495,0.0010061422362923622
1768216549543304400,30.098304443359375,-0.004026167094707489,-0.011832424439489841,-0.004835501778870821
1768216549553305600,30.1083056640625,-0.0036067189648747444,-0.004706338047981262,-0.0037388119380921125
1768216549563306500,30.118306396484375,-0.0035332157276570797,0.0013259878614917397,-0.004923119675368071
1768216549573306600,30.128306640625,-0.0037822213489562273,0.004763063509017229,-0.004781705792993307
1768216549583307500,30.1383076171875,-0.002657302189618349,0.009764746762812138,-0.0016703346045687795
1768216549593308400,30.148308349609376,-0.0005874933558516204,0.0054938350804150105,-0.0014631407102569938
1768216549603308500,30.15830859375,0.0006966829532757401,-0.0026176210958510637,-0.0038517299108207226
1768216549613309700,30.168309814453124,0.001820803270675242,-0.003195793367922306,-0.005959089379757643
1768216549623310600,30.178310546875,-0.00015419702685903758,-0.004861867055296898,-0.007917843759059906
1768216549633310500,30.188310546875,-0.001574194524437189,-0.0028538433834910393,-0.009000685065984726
1768216549643311600,30.1983115234375,-0.000008788431841821875,-0.005507949739694595,-0.012687565758824348
1768216549653312500,30.2083125,-0.00284958234988153,-0.008378837257623672,-0.010991131886839867
1768216549663312400,30.2183125,-0.0018136126454919577,-0.008386294357478619,-0.007803328335285187
1768216549673313500,30.2283134765625,-0.0032866070978343487,-0.002834402257576585,-0.007649930194020271
1768216549683314700,30.238314697265626,-0.001999767730012536,0.0011206581257283688,-0.008527175523340702
1768216549693315600,30.248315673828124,-0.0005789712304249406,-0.0032431974541395903,-0.008778577670454979
1768216549703315500,30.2583154296875,0.0011326423846185207,-0.006728210020810366,-0.002662894781678915
1768216549713316400,30.26831640625,-0.002438656520098448,-0.014418354257941246,0.008245413191616535
1768216549723317500,30.2783173828125,0.00013555490295402706,-0.01703810505568981,0.01079778652638197
1768216549733317600,30.288317626953123,0.002305232221260667,-0.012955212965607643,0.004681038204580545
1768216549743318500,30.298318603515625,0.00315984059125185,-0.011225223541259766,-0.00697881355881691
1768216549753319400,30.3083193359375,0.0038040592335164547,-0.011097658425569534,-0.013638313859701157
1768216549763319600,30.318319580078125,0.0032956618815660477,-0.011028949171304703,-0.011365838348865509
1768216549773320400,30.328320556640627,0.0028993834275752306,-0.011159177869558334,-0.008892294950783253
1768216549783321600,30.338321533203125,0.0007741809240542352,-0.008852347731590271,-0.005684250965714455
1768216549793322500,30.348322509765627,-0.0034964641090482473,-0.00881905760616064,-0.00019387812062632293
1768216549803322600,30.358322509765625,-0.002558765234425664,-0.004945223685353994,0.005827262531965971
1768216549813323500,30.368323486328126,-0.0016940367640927434,-0.007172425277531147,0.003707120195031166
1768216549823324400,30.378324462890625,-0.0030208237003535032,-0.015452193096280098,0.0007531419396400452
1768216549833324500,30.388324462890626,-0.00021784658019896597,-0.011489409022033215,-0.004245877731591463
1768216549843325700,30.39832568359375,-0.002058357233181596,-0.012879312969744205,-0.00897005945444107
1768216549853326600,30.40832666015625,-0.0018186726374551654,-0.01426548883318901,-0.008697085082530975
1768216549863326500,30.418326416015624,-0.0046482812613248825,-0.009896039962768555,-0.005288505461066961
1768216549873327600,30.42832763671875,-0.002008556155487895,-0.007843009196221828,-0.0020900487434118986
1768216549883328500,30.43832861328125,-0.00017550231132190675,-0.004484497010707855,-0.0017382452497258782
1768216549893328400,30.448328369140626,0.0005515406373888254,-0.0010668623726814985,-0.0046421559527516365
1768216549903329500,30.45832958984375,0.0011113371001556516,-0.002487925114110112,-0.006503705866634846
1768216549913330400,30.468330322265626,0.002906573936343193,-0.000025300030756625347,-0.012813267298042774
1768216549923331600,30.47833154296875,0.00044022052315995097,-0.001675128354690969,-0.015309181064367294
1768216549933331500,30.48833154296875,-0.0014884406700730324,-0.001463673310354352,-0.015447133220732212
1768216549943332400,30.498332275390624,-0.001526523963548243,0.0012279836228117347,-0.013708354905247688
1768216549953333500,30.50833349609375,-0.006481601390987635,0.0000577905957470648,-0.014305436052381992
1768216549963333600,30.518333740234375,-0.006670952308923006,0.0010029464028775692,-0.013650031760334969
1768216549973334500,30.52833447265625,-0.008029164746403694,0.005320196971297264,-0.00866379588842392
1768216549983335400,30.53833544921875,-0.008040349930524826,0.006770288106054068,-0.009048089385032654
1768216549993335600,30.54833544921875,-0.005916744936257601,0.00407596817240119,-0.01107741892337799
1768216550003336400,30.55833642578125,-0.006670685950666666,0.0008655273704789579,-0.013852965086698532
1768216550013337600,30.568337646484373,-0.006140450481325388,0.0011606055777519941,-0.013785320334136486
1768216550023337700,30.578337646484375,-0.004977447912096977,-0.00042770366417244077,-0.007097057998180389
1768216550033338600,30.588338623046877,-0.00390339526347816,-0.000731836655177176,-0.004686630796641111
1768216550043339500,30.598339599609375,-0.0014887070283293724,-0.002255164785310626,-0.0015190670965239406
1768216550053340400,30.60834033203125,-0.0037444045301526785,-0.0025483788922429085,-0.000012250540748937055
1768216550063340500,30.618340576171875,-0.003011236200109124,-0.0034557178150862455,0.001484179636463523
1768216550073341700,30.628341796875,-0.0044291033409535885,0.002258626976981759,-0.0022775353863835335
1768216550083342600,30.638342529296875,-0.003460777923464775,0.0041002025827765465,0.00022743394947610795
1768216550093342500,30.648342529296876,-0.0017654094845056534,0.004053863696753979,-0.0031108383554965258
1768216550103343400,30.65834326171875,0.000060986389144090936,0.0015534218400716782,-0.00866006687283516
1768216550113344500,30.668344482421876,0.0018482337472960353,0.00261788722127676,-0.008076036348938942
1768216550123344400,30.678344482421874,0.002266349969431758,0.0000958738019107841,-0.006060022860765457
1768216550133345500,30.688345458984376,0.002734533743932843,-0.004127100575715303,-0.0046477485448122025
1768216550143346400,30.698346435546874,0.0020266654901206493,-0.004854676313698292,-0.003451723139733076
1768216550153347600,30.70834765625,0.001680720946751535,-0.00583685003221035,-0.002548911375924945
1768216550163347500,30.718347412109374,-0.00034940673504024744,-0.00583658367395401,-0.0019502328941598535
1768216550173348400,30.728348388671876,-0.0027206854429095984,-0.0014215953415259719,-0.003037335118278861
1768216550183349500,30.738349609375,-0.003183010034263134,-0.001600559800863266,-0.00418489146977663
1768216550193349600,30.748349609375,-0.0013313142117112875,-0.00023968449386302382,-0.004849350079894066
1768216550203350500,30.7583505859375,-0.0023483755066990852,0.0027427896857261658,-0.00854288786649704
1768216550213351400,30.768351318359375,-0.0018410432385280728,0.006713029928505421,-0.00714792450889945
1768216550223351600,30.7783515625,0.0021342572290450335,0.005314604379236698,-0.005785184912383556
1768216550233352400,30.7883525390625,0.0016410398529842496,0.004415254574269056,-0.0047119311057031155
1768216550243353600,30.798353515625,0.0005286374944262207,0.00046845004544593394,-0.0034112429711967707
1768216550253353500,30.808353515625,-0.0015278555219992995,-0.0015398397808894515,-0.003228017594665289
1768216550263354600,30.818354736328125,-0.0007307713967747986,-0.0014120079576969147,-0.004375573713332415
1768216550273355500,30.82835546875,-0.0024114924017339945,0.0030418625101447105,-0.006078665144741535
1768216550283356400,30.8383564453125,-0.0021057615522295237,0.004003529902547598,-0.009728793986141682
1768216550293356500,30.8483564453125,-0.0024852619972079992,0.00446984963491559,-0.012800750322639942
1768216550303357700,30.858357666015625,-0.0028642297256737947,0.006870422977954149,-0.012881710194051266
1768216550313358600,30.868358642578126,-0.003186205867677927,0.009244631044566631,-0.011857192032039165
1768216550323358500,30.8783583984375,-0.0019172097090631723,0.014791462570428848,-0.010602043941617012
1768216550333359400,30.888359375,-0.0009174589649774134,0.012863600626587868,-0.011634818278253078
1768216550343360500,30.898360595703124,-0.0001150485550169833,0.0052144695073366165,-0.008466987870633602
1768216550353360600,30.908360595703126,0.0007938882918097079,0.0019449065439403057,-0.005154548212885857
1768216550363361500,30.918361572265624,-0.0007861651247367263,0.005884787067770958,-0.006706106010824442
1768216550373362400,30.928362548828126,-0.000045806369598722085,0.0057468353770673275,-0.014719557948410511
1768216550383362600,30.938362548828124,-0.0019739349372684956,0.0007411577389575541,-0.012910472229123116
1768216550393363500,30.948363525390626,0.0001073253879440017,-0.003982757218182087,-0.000699079770129174
1768216550403364400,30.9583642578125,-0.0008769789128564298,-0.010212955996394157,0.007388674188405275
1768216550413365000,30.968364990234374,0.00008175904804375023,-0.01495018694549799,0.006356698926538229
1768216550423364900,30.97836474609375,0.0009776464430615306,-0.011565043590962887,0.0011912320042029023
1768216550433365800,30.98836572265625,-0.00024288028362207115,-0.007223824504762888,-0.005510879214853048
1768216550443366700,30.99836669921875,-0.00015765913121867925,-0.00046818371629342437,-0.00780652416869998
1768216550453366800,31.00836669921875,-0.0001294296234846115,-0.00002210423735959921,-0.005647233221679926
1768216550463368000,31.018367919921875,0.000441818410763517,0.0013137373607605696,-0.0005715143634006381
1768216550473368800,31.028368896484373,0.0008524778531864285,-0.001972603378817439,0.001264202524907887
1768216550483369000,31.038368896484375,-0.0018751317402347922,-0.007592139765620232,0.0011912320042029023
1768216550493369900,31.048369873046877,-0.004373176954686642,-0.008556203916668892,0.0014836470363661647
1768216550503370800,31.058370849609375,-0.001356614287942648,-0.008303203620016575,0.003254649229347706
1768216550513372000,31.068371826171877,-0.0017843178939074278,-0.010848652571439743,-0.00013209278404247016
1768216550523372000,31.0783720703125,-0.0010793792316690087,-0.007125287316739559,-0.0033071134239435196
1768216550533373000,31.088373046875,-0.002366218715906143,-0.002654106356203556,-0.0007331682136282325
1768216550543373800,31.098373779296875,-0.00014460964302998036,-0.0010729875648394227,-0.000568052229937166
1768216550553373700,31.108373779296876,0.0002814961189869791,0.00015952334797475487,0.0005406216951087117
1768216550563374800,31.118374755859374,0.0019206717843189836,-0.0002801645314320922,-0.0011805793037638068
1768216550573376000,31.1283759765625,0.0017068199813365936,0.00037257623625919223,-0.0026114957872778177
1768216550583376000,31.1383759765625,0.0007422229973599315,0.0009406284661963582,-0.00791411567479372
1768216550593376800,31.148376708984376,0.0011486213188618422,0.000049801110435510054,-0.0024743429385125637
1768216550603378000,31.1583779296875,0.001883387565612793,-0.0010607370641082525,-0.00046605319948866963
1768216550613377800,31.168377685546876,0.00008655273268232122,-0.0010953581659123302,-0.0011635350529104471
1768216550623378700,31.178378662109374,0.0008125304593704641,-0.0009448895580135286,-0.004462658893316984
1768216550633379800,31.1883798828125,0.000957939017098397,0.0014263890916481614,-0.007698399480432272
1768216550643381000,31.198381103515626,-0.0011078750248998404,0.001419198582880199,-0.010156231001019478
1768216550653380900,31.208380859375,-0.0021222729701548815,-0.00020772656716872007,-0.005914614535868168
1768216550663381800,31.2183818359375,-0.002805640222504735,-0.0017387778498232365,-0.0035902075469493866
1768216550673382700,31.228382568359375,-0.003537476761266589,0.0006838997360318899,-0.004960670135915279
1768216550683383000,31.238383056640625,-0.004691957030445337,0.0023337281309068203,-0.005407548509538174
1768216550693384000,31.248384033203124,-0.004482898861169815,0.0026399914640933275,-0.006625944748520851
1768216550703384800,31.258384765625,-0.002089516259729862,0.007669903803616762,-0.0011566109023988247
1768216550713385000,31.268385009765623,0.0009339706157334149,0.008176437579095364,-0.0004665858286898583
1768216550723385900,31.2783857421875,0.0012903015594929457,0.0041191112250089645,-0.0007371630053967237
1768216550733386800,31.28838671875,0.002463157754391432,-0.0004293015517760068,-0.0023465112317353487
1768216550743387000,31.298386962890625,0.0016769925132393837,-0.0012551478575915098,-0.004599279258400202
1768216550753388000,31.308387939453127,-0.0029350698459893465,-0.001068193931132555,-0.011501393280923367
1768216550763389000,31.318388916015625,-0.0019736685790121555,0.006178267300128937,-0.005123123060911894
1768216550773389800,31.328389892578127,-0.002674079965800047,0.004878378473222256,-0.006306099239736795
1768216550783389700,31.3383896484375,-0.0028964539524167776,0.004055994097143412,-0.009321596473455429
1768216550793391000,31.34839111328125,-0.0022831279784440994,0.005658951122313738,-0.005901032127439976
1768216550803392000,31.35839208984375,0.0003147856332361698,0.002258626976981759,-0.007778827100992203
1768216550813392000,31.368391845703126,-0.0005243764026090503,-0.0020562265999615192,-0.0037617150228470564
1768216550823392800,31.378392822265624,-0.0014674017438665032,-0.0016176040517166257,-0.0019262643763795495
1768216550833394000,31.388393798828126,-0.0017568873008713126,0.0006596649764105678,-0.0035385421942919493
1768216550843393800,31.398393798828124,-0.0018186726374551654,0.004564125556498766,-0.001957423286512494
1768216550853395000,31.40839501953125,-0.0022413162514567375,0.004520716145634651,-0.0013217268278822303
1768216550863395800,31.418395751953124,-0.004764661658555269,0.0038538603112101555,-0.003596865339204669
1768216550873397000,31.42839697265625,-0.0030863373540341854,0.00015952334797475487,-0.007444067858159542
1768216550883396900,31.43839697265625,-0.00196381495334208,0.002373941708356142,-0.006197974551469088
1768216550893397800,31.448397705078126,-0.0007811051327735186,-0.0019030949333682656,-0.006649913266301155
1768216550903398700,31.458398681640624,-0.0013555489713326097,-0.001401355373673141,-0.004806472919881344
1768216550913399000,31.46839892578125,-0.000278300343779847,-0.0006191849242895842,-0.0032498554792255163
1768216550923400000,31.47839990234375,0.0007419566973112524,-0.002787797013297677,-0.003579288488253951
1768216550933400800,31.48840087890625,0.001315335277467966,-0.0036882117856293917,-0.004238953348249197
1768216550943401000,31.49840087890625,-0.0002724413643591106,-0.0016642092959955335,-0.0041036647744476795
1768216550953401900,31.50840185546875,-0.001222657272592187,-0.0033276197500526905,-0.00301736150868237
1768216550963403000,31.518403076171875,-0.002216548891738057,-0.005799033213406801,-0.0011566109023988247
1768216550973403000,31.52840283203125,-0.00256435782648623,-0.010930677875876427,0.0017875137273222208
1768216550983404000,31.538404052734375,-0.0020570256747305393,-0.008156463503837585,0.00012250541476532817
1768216550993405000,31.548405029296877,-0.00412390474230051,-0.005424859002232552,0.0011073424248024821
1768216551003405800,31.55840576171875,-0.003579022129997611,-0.0023100259713828564,-0.0018924422329291701
1768216551013405700,31.56840576171875,-0.0032557144295424223,-0.00347435986623168,-0.0025132251903414726
1768216551023407000,31.578406982421875,-0.0010703244479373097,-0.003230147995054722,-0.0015504923649132252
1768216551033408000,31.588407958984376,0.0008109325426630676,-0.002335592173039913,-0.002793655963614583
1768216551043408000,31.598407958984374,-0.0005874933558516204,-0.0002918824611697346,-0.005665608681738377
1768216551053408800,31.60840869140625,-0.001862348522990942,0.003716174978762865,-0.007386543322354555
1768216551063410000,31.618409912109374,-0.0010271812789142132,0.001799764228053391,-0.00990323070436716
1768216551073409800,31.628409912109376,-0.0005632585380226374,-0.004543619230389595,-0.006129798013716936
1768216551083411000,31.638410888671874,-0.0006431533838622272,-0.002073803450912237,-0.0024527714122086763
1768216551093411800,31.648411865234376,-0.0019893813878297806,-0.001541171339340508,-0.00119575927965343
1768216551103412000,31.658411865234374,-0.00202267081476748,-0.004568386357277632,-0.0059779975563287735
1768216551113412900,31.668412841796876,-0.002572613535448909,-0.029166674241423607,-0.004521248396486044
1768216551123413800,31.678413818359374,0.0011608719360083342,-0.006945523899048567,-0.001912948559038341
1768216551133415000,31.688414794921876,-0.0013166668359190226,-0.01495098602026701,-0.00023302659974433482
1768216551143415000,31.6984150390625,-0.005827528890222311,-0.024460602551698685,0.0013145363191142678
1768216551153416000,31.708416015625,-0.0021350563038140535,-0.02653893269598484,0.0008170577930286527
1768216551163416800,31.718416748046874,-0.004436027258634567,-0.012308064848184586,-0.0033989925868809223
1768216551173417000,31.7284169921875,-0.005005944054573774,-0.01852255128324032,0.0024810009635984898
1768216551183417900,31.73841796875,-0.002132392954081297,-0.014814365655183792,0.006193713750690222
1768216551193419000,31.7484189453125,-0.003964914008975029,-0.013410347513854504,0.009563944302499294
1768216551203419000,31.7584189453125,-0.009753028862178326,-0.01122043002396822,0.014246580190956593
1768216551213420000,31.768419921875,-0.008317318744957447,-0.005775597412139177,0.014093182049691677
1768216551223421000,31.7784208984375,-0.010237989947199821,-0.00041305628838017583,0.013788782991468906
1768216551233420800,31.7884208984375,-0.012720055878162384,-0.0006993460701778531,0.008294681087136269
1768216551243421700,31.798421630859377,-0.012300342321395874,-0.005765743553638458,-0.004313255660235882
1768216551253422800,31.8084228515625,-0.011324825696647167,-0.011741611175239086,-0.00717588746920228
1768216551263424000,31.818424072265625,-0.00774660287424922,-0.015605591237545013,-0.002912166528403759
1768216551273424000,31.828423828125,-0.007101318798959255,-0.02419748157262802,0.005347893573343754
1768216551283424800,31.8384248046875,-0.006588394287973642,-0.024085627868771553,0.009351423941552639
1768216551293426000,31.848426025390626,-0.008796687237918377,-0.02719992958009243,0.012225506827235222
1768216551303425800,31.85842578125,-0.0031254857312887907,-0.02497991733253002,0.0019891150295734406
1768216551313427000,31.868427001953126,-0.003495665267109871,-0.013118731789290905,-0.0041404166258871555
1768216551323427800,31.878427734375,-0.007680024020373821,0.0036016590893268585,-0.005818208213895559
1768216551333428000,31.888427978515626,-0.00890800729393959,0.009615076705813408,-0.009711217135190964
1768216551343428900,31.898428955078124,-0.010445716790854931,0.011471034027636051,-0.007965248078107834
1768216551353429800,31.9084296875,-0.009946107864379883,0.011650530621409416,-0.0035752938129007816
1768216551363430000,31.918429931640624,-0.009693373925983906,0.008168980479240417,-0.004337224178016186
1768216551373431000,31.92843115234375,-0.009031311608850956,0.0011086739832535386,-0.006668289192020893
1768216551383432000,31.938431884765624,-0.009364207275211811,0.0011142665753141046,-0.010962369851768017
1768216551393432800,31.948432861328126,-0.004266384057700634,0.008301605470478535,-0.012256666086614132
1768216551403433000,31.958432861328124,-0.0011012171162292361,0.014095579273998737,-0.0232363473623991
1768216551413434000,31.96843408203125,-0.0014138722326606512,0.014707573689520359,-0.028720594942569733
1768216551423435300,31.978435302734376,-0.00021225394448265433,0.012171179056167603,-0.02737809531390667
1768216551433435100,31.98843505859375,0.00014620754518546164,0.006046973634511232,-0.02635464258491993
1768216551443436000,31.99843603515625,-0.0020671456586569548,0.0041436124593019485,-0.0287589430809021
1768216551453437200,32.00843725585938,-0.0007099987124092877,-0.0031851406674832106,-0.03424558788537979
1768216551463437000,32.01843701171875,0.0012873720843344927,-0.0030043120495975018,-0.02689792588353157
1768216551473438000,32.02843798828125,0.0009954896522685885,0.0025121597573161125,-0.015618374571204185
1768216551483439000,32.03843920898437,0.0003866909828502685,0.005402754992246628,-0.008836900815367699
1768216551493439200,32.04843920898438,-0.0010306433541700244,0.005398493725806475,-0.008555404841899872
1768216551503440100,32.05844018554688,-0.0013467605458572507,0.0063002402894198895,-0.012591958045959473
1768216551513441000,32.06844091796875,-0.0035052525345236063,0.005629656370729208,-0.016560334712266922
1768216551523442000,32.07844189453125,-0.0028754149097949266,0.015497200191020966,-0.010557303205132484
1768216551533442000,32.08844213867187,-0.001892175991088152,0.021468807011842728,-0.002350505907088518
1768216551543443200,32.098443115234375,-0.003993942867964506,0.025131186470389366,0.0011773834703490138
1768216551553444000,32.108444091796876,0.003977430984377861,0.029212480410933495,-0.016465526074171066
1768216551563444200,32.1184443359375,-0.0031467911321669817,0.040763940662145615,-0.0007432882557623088
1768216551573445000,32.128445068359376,-0.006673349067568779,0.034747328609228134,-0.006804110016673803
1768216551583446000,32.13844604492188,-0.0010980212828144431,0.03641659766435623,-0.015205051749944687
1768216551593446100,32.148446044921876,0.001148088718764484,0.03418406844139099,-0.014749119058251381
1768216551603447300,32.158447265625,-0.003510046284645796,0.022853117436170578,-0.014258830808103085
1768216551613448200,32.1684482421875,0.0007028082036413252,0.01296293642371893,-0.014317420311272144
1768216551623448000,32.17844799804688,0.0016761935548856854,0.007429686840623617,-0.011120295152068138
1768216551633449000,32.18844897460937,0.0011555455857887864,0.020061591640114784,-0.013589845038950443
1768216551643450000,32.1984501953125,-0.0007243797881528735,0.009358081966638565,-0.0064962487667799
1768216551653451300,32.208451171875,0.00009800432599149644,0.01984853856265545,-0.010541058145463467
1768216551663451100,32.218451171875,0.004341219086199999,0.018676748499274254,-0.006946855690330267
1768216551673452000,32.2284521484375,0.0049375006929039955,0.01543514896184206,-0.0038485340774059296
1768216551683453200,32.238453125,0.00606321869418025,0.018762769177556038,-0.005879460833966732
1768216551693453000,32.248453125,0.001431182725355029,0.023964721709489822,-0.00842570886015892
1768216551703454000,32.25845385742188,-0.0022778017446398735,0.025667812675237656,-0.013803696259856224
1768216551713455000,32.268455078125,-0.0037939392495900393,0.024702150374650955,-0.01834438554942608
1768216551723455200,32.27845532226563,-0.003849865635856986,0.02166854403913021,-0.0173875130712986
1768216551733456100,32.2884560546875,-0.00330311874859035,0.025836125016212463,-0.0102004399523139
1768216551743457000,32.29845703125,-0.0031222901307046413,0.025133848190307617,-0.008646751753985882
1768216551753457200,32.30845703125,-0.00022556974727194756,0.025728533044457436,-0.006192914675921202
1768216551763458000,32.3184580078125,0.004487160127609968,0.029474802315235138,-0.004805674310773611
1768216551773459200,32.32845922851563,0.0051905009895563126,0.030665500089526176,-0.008330367505550385
1768216551783460000,32.33846020507813,0.005113002844154835,0.025531193241477013,-0.014821556396782398
1768216551793460200,32.348460205078126,0.0011978897964581847,0.04110482707619667,-0.007949269376695156
1768216551803461000,32.35846118164063,0.002621349412947893,0.033309485763311386,-0.012945093214511871
1768216551813462000,32.3684619140625,-0.0008130630594678223,0.007812915369868279,-0.01968102715909481
1768216551823462000,32.3784619140625,-0.0031180288642644882,0.0016207997687160969,-0.01525831501930952
1768216551833463300,32.38846337890625,-0.0017395768081769347,0.0008596684201620519,-0.010438792407512665
1768216551843464200,32.398464111328124,-0.0027622305788099766,0.001475657569244504,-0.009754892438650131
1768216551853464000,32.40846411132812,-0.0030479878187179565,0.008111988194286823,-0.015398929826915264
1768216551863465000,32.41846484375,-0.007698665838688612,0.01245081052184105,-0.02143072336912155
1768216551873466000,32.428466064453126,-0.007138070650398731,0.013289706781506538,-0.019360914826393127
1768216551883466000,32.438466064453124,-0.005960420705378056,0.008373244665563107,-0.0025033713318407536
1768216551893467100,32.448467041015626,-0.007242732681334019,-0.0007845672662369907,0.009502691216766834
1768216551903468000,32.45846801757813,-0.006018477492034435,-0.002448510378599167,0.005860818549990654
1768216551913469200,32.46846923828125,-0.004299673717468977,-0.003765976056456566,-0.003750795964151621
1768216551923469000,32.47846899414063,-0.004643221385776997,-0.005282380152493715,-0.011443602852523327
1768216551933470000,32.48846997070312,-0.007151119876652956,-0.007374825421720743,-0.006485862657427788
1768216551943471000,32.49847119140625,-0.008472047746181488,-0.00697801448404789,-0.005514075048267841
1768216551953471200,32.50847119140625,-0.014903315342962742,-0.0060024987906217575,-0.010095776990056038
1768216551963472100,32.51847216796875,-0.01398825366050005,-0.007389739155769348,-0.008253668434917927
1768216551973473000,32.52847314453125,-0.01443752832710743,0.0003880225704051554,-0.003019491909071803
1768216551983473200,32.53847314453125,-0.012309929355978966,-0.005994243081659079,0.006125536747276783
1768216551993474000,32.54847412109375,-0.013403423130512238,-0.009704825468361378,0.005328186322003603
1768216552003475200,32.55847509765625,-0.01949167624115944,-0.021190505474805832,-0.003183542750775814
1768216552013475000,32.56847509765625,-0.020849354565143585,-0.020652281120419502,-0.004585164599120617
1768216552023476200,32.57847631835938,-0.016102803871035576,-0.011921906843781471,0.006960171274840832
1768216552033477000,32.58847705078125,-0.013670538552105427,-0.004079164005815983,0.011447598226368427
1768216552043478000,32.59847802734375,-0.009563677944242954,-0.00024181502521969378,0.003369697602465749
1768216552053478000,32.60847778320313,-0.009259810671210289,-0.009998838417232037,-0.006819023750722408
1768216552063479300,32.618479248046874,-0.008349808864295483,-0.020005665719509125,-0.009094428271055222
1768216552073480200,32.628480224609376,-0.012443619780242443,-0.03153422474861145,-0.005024053156375885
1768216552083480000,32.63847998046875,-0.007191333919763565,-0.012530971318483353,0.003266633255407214
1768216552093481000,32.64848095703125,-0.005271194502711296,-0.0036634444259107113,0.010959972627460957
1768216552103482000,32.65848217773438,-0.00640783179551363,0.00009187905379803851,0.018336396664381027
1768216552113482200,32.668482177734376,-0.008216651156544685,-0.0022218753583729267,0.010063819587230682
1768216552123483100,32.67848315429688,-0.01082734763622284,0.004066913388669491,0.0041524008847773075
1768216552133484000,32.68848413085937,-0.011353855021297932,0.012301407754421234,0.0013134710025042295
1768216552143484200,32.69848413085938,-0.007906125858426094,0.015633821487426758,0.005764145869761705
1768216552153485000,32.70848510742187,-0.0026676885318011045,0.008714395575225353,0.005164402071386576
1768216552163486000,32.71848583984375,-0.00009720538218971342,-0.006483998149633408,0.005107942968606949
1768216552173487000,32.728487060546875,0.003136138431727886,-0.014914234168827534,0.008757006376981735
1768216552183487200,32.7384873046875,0.00538357999175787,-0.016042882576584816,0.015501994639635086
1768216552193488100,32.748488037109375,0.004856540355831385,-0.016229836270213127,0.018191786482930183
1768216552203489000,32.75848901367188,0.0070826769806444645,-0.015205584466457367,0.012083826586604118
1768216552213489200,32.7684892578125,0.006651244591921568,-0.009195628575980663,0.009843842126429081
1768216552223490300,32.778490234375,0.005482915788888931,-0.010963168926537037,0.004210990387946367
1768216552233491200,32.7884912109375,0.0035156388767063618,-0.013081979937851429,0.0052139367908239365
1768216552243491000,32.79849096679688,0.0029984530992805958,-0.009318400174379349,0.005735916085541248
1768216552253492200,32.8084921875,0.004087153356522322,-0.011997274123132229,0.004781972151249647
1768216552263493000,32.8184931640625,0.007105047348886728,-0.015438877046108246,-0.0010239854454994202
1768216552273493000,32.82849291992188,0.006869623903185129,-0.01726820319890976,-0.002772883279249072
1768216552283494100,32.838494140625,0.008706139400601387,-0.015219433233141899,-0.005908755585551262
1768216552293495300,32.848495361328126,0.006137521006166935,-0.015200790949165821,-0.003968376200646162
1768216552303495200,32.8584951171875,0.007779359817504883,-0.01417307648807764,0.003316700691357255
1768216552313496000,32.86849609375,0.008430236019194126,-0.016453275457024574,0.00827018078416586
1768216552323497000,32.8784970703125,0.009052617475390434,-0.020669326186180115,0.0013784521725028753
1768216552333498000,32.888498046875,0.006600910797715187,-0.03283704072237015,-0.005672266706824303
1768216552343498200,32.89849829101563,0.01455950178205967,-0.045576538890600204,-0.006838465109467506
1768216552353499100,32.9084990234375,0.013459882698953152,-0.03806748986244202,-0.005240568425506353
1768216552363500000,32.9185,0.012403938919305801,-0.026195384562015533,-0.011750132776796818
1768216552373500200,32.92850024414062,0.011453190818428993,-0.016515061259269714,-0.018279671669006348
1768216552383501000,32.9385009765625,0.009592972695827484,-0.01158368494361639,-0.01745062880218029
1768216552393502200,32.948502197265626,0.00896979309618473,-0.007422762457281351,-0.0143507095053792
1768216552403502300,32.95850244140625,0.008350874297320843,-0.005945773329585791,-0.009607086889445782
1768216552413503700,32.96850366210938,0.008469385094940662,-0.004804076161235571,-0.009518669918179512
1768216552423505000,32.9785048828125,0.006570551078766584,-0.0033007217571139336,-0.012568255886435509
1768216552433505800,32.988505859375,0.002826146548613906,-0.006077333353459835,-0.014977884478867054
1768216552443505700,32.99850561523437,-0.00004420847471919842,-0.008433432318270206,-0.02117506042122841
1768216552453506800,33.0085068359375,-0.0000804274677648209,-0.008683236315846443,-0.01877155713737011
1768216552463507700,33.0185078125,0.0003504719934426248,-0.013424728997051716,-0.01654116064310074
1768216552473507600,33.02850756835937,0.001630120910704136,-0.022396652027964592,-0.02123125270009041
1768216552483508700,33.0385087890625,-0.0011225224006921053,-0.024529578164219856,-0.016078302636742592
1768216552493510000,33.04851000976562,0.001931058126501739,-0.02533944509923458,-0.010791128501296043
1768216552503509800,33.058509765625,0.0030357372015714645,-0.02863324247300625,-0.005246960092335939
1768216552513510700,33.0685107421875,0.004089550115168095,-0.024439828470349312,0.0012871057260781527
1768216552523511600,33.07851147460938,0.0028727517928928137,-0.01678164303302765,-0.0015643407823517919
1768216552533511700,33.08851171875,0.0021606225054711103,-0.007673632353544235,-0.012487828731536865
1768216552543512800,33.09851293945312,0.0011496866354718804,0.004625111818313599,-0.021929800510406494
1768216552553513700,33.108513671875,-0.0002950782363768667,0.00875194650143385,-0.01980140060186386
1768216552563513900,33.11851391601562,-0.0005917543894611299,0.0025742114521563053,-0.016087090596556664
1768216552573514800,33.1285146484375,-0.00115394766908139,0.0014021543320268393,-0.009781790897250175
1768216552583515600,33.138515625,-0.0007845672662369907,0.001439971150830388,-0.006197974551469088
1768216552593516800,33.14851684570313,-0.0007254450465552509,-0.0054275221191346645,-0.006913299672305584
1768216552603517000,33.158516845703126,0.0007416903390549123,-0.013953632675111294,-0.007586813066154718
1768216552613517800,33.16851782226563,-0.00028868665685877204,-0.0172618106007576,-0.003597398055717349
1768216552623518700,33.17851879882812,-0.0012282498646527529,-0.021625399589538574,-0.0028794098179787397
1768216552633518600,33.1885185546875,-0.000003462109361862531,-0.021094899624586105,0.00031611722079105675
1768216552643519700,33.19851977539062,0.0017100156983360648,-0.02020913176238537,-0.00039734362508170307
1768216552653521000,33.20852099609375,0.0029116340447217226,-0.017703630030155182,-0.0007025419035926461
1768216552663520800,33.21852075195312,0.004664793144911528,-0.008859803900122643,0.001499359728768468
1768216552673521700,33.228521728515624,0.007099987473338842,-0.0035214978270232677,0.0014897723449394107
1768216552683522800,33.238522705078125,0.009564210660755634,-0.01040603592991829,0.0031308121979236603
1768216552693522700,33.24852270507812,0.008717857301235199,-0.008205465972423553,0.004350007511675358
1768216552703523600,33.258523681640625,0.007003048434853554,-0.00888137612491846,0.00047590688336640596
1768216552713524700,33.26852465820313,0.003111104713752866,-0.010200971737504005,0.001085504423826933
1768216552723526000,33.27852587890625,-0.00028043086058460176,-0.010551444254815578,0.0041558630764484406
1768216552733525800,33.28852587890625,-0.0009361011325381696,-0.012631905265152454,0.008531169965863228
1768216552743526700,33.29852661132813,-0.0025992451701313257,-0.018926020711660385,0.008248608559370041
1768216552753527600,33.30852758789062,-0.001261805766262114,-0.026033997535705566,0.00398701848462224
1768216552763527700,33.31852758789063,-0.001407480682246387,-0.021032048389315605,-0.0009776464430615306
1768216552773528800,33.32852880859375,-0.0016285229939967394,-0.017666611820459366,-0.005310076754540205
1768216552783529700,33.33852978515625,0.002784601179882884,-0.011782091110944748,-0.005732986610382795
1768216552793529900,33.34852978515625,0.0036040558479726315,-0.0035547874867916107,0.0018692727899178863
1768216552803530800,33.35853076171875,0.004733236040920019,-0.01068273838609457,0.0020186761394143105
1768216552813531600,33.36853173828125,0.004037618637084961,-0.009411078877747059,0.0023875238839536905
1768216552823531500,33.378531494140624,0.004399808589369059,-0.009408948011696339,-0.0024924525059759617
1768216552833533000,33.38853295898438,0.004141215234994888,-0.012694756500422955,-0.007588943932205439
1768216552843533800,33.39853393554687,0.00296303303912282,-0.007262174040079117,-0.008100003935396671
1768216552853534700,33.40853466796875,-0.0002798982313834131,-0.006689061876386404,-0.007605455350130796
1768216552863534600,33.41853466796875,-0.001172323478385806,-0.0046727824956178665,-0.0008183894096873701
1768216552873535700,33.42853564453125,-0.0021912488155066967,-0.004567321389913559,0.0016144082183018327
1768216552883537000,33.438536865234376,-0.0005587312043644488,-0.005850698333233595,-0.0004966795677319169
1768216552893536800,33.448536865234374,0.0020096213556826115,-0.004181695636361837,-0.009632120840251446
1768216552903537700,33.45853759765625,0.003897269954904914,-0.005103681702166796,-0.013422598131000996
1768216552913538800,33.46853881835938,0.006530071143060923,-0.006813431158661842,-0.01233522966504097
1768216552923538700,33.47853857421875,0.006986004300415516,-0.008137554861605167,-0.007056578062474728
1768216552933539600,33.48853955078125,0.006792126223444939,0.001065264455974102,-0.0014966964954510331
1768216552943540700,33.49854077148437,0.0041342913173139095,0.007492803502827883,-0.0033800839446485043
1768216552953540900,33.50854077148438,0.003947070799767971,0.00902598537504673,-0.010465424507856369
1768216552963541800,33.51854174804687,0.001925199176184833,0.013674266636371613,-0.014365890063345432
1768216552973542700,33.52854272460937,0.0031396006233990192,0.006398244295269251,-0.014432202093303204
1768216552983543600,33.53854345703125,-0.00169563468080014,0.0020815266761928797,-0.013145096600055695
1768216552993544000,33.5485439453125,-0.00458622956648469,-0.007513309828937054,-0.01672784797847271
1768216553003544800,33.558544921875,-0.004523379262536764,-0.012117915786802769,-0.011874236166477203
1768216553013545700,33.56854565429688,-0.003555319970473647,-0.003555586328729987,-0.014403440058231354
1768216553023545900,33.5785458984375,-0.0020042951218783855,0.0025129588320851326,-0.015431154519319534
1768216553033546800,33.588546630859376,-0.0017749968683347106,0.011844142340123653,-0.017519338056445122
1768216553043547600,33.59854760742188,-0.0018559569725766778,0.018040252849459648,-0.010264355689287186
1768216553053547800,33.6085478515625,-0.0009345032158307731,0.02226482518017292,-0.008791094645857811
1768216553063549000,33.618548828125,-0.0028722193092107773,0.022552713751792908,-0.0056925066746771336
1768216553073549800,33.6285498046875,0.0010317085543647408,0.025852901861071587,-0.003451723139733076
1768216553083550700,33.63855078125,-0.0011653993278741837,0.022368954494595528,-0.0065684206783771515
1768216553093550600,33.64855053710937,-0.0028011128306388855,0.014926484785974026,-0.012224708683788776
1768216553103551700,33.6585517578125,-0.00947872269898653,0.019871443510055542,-0.013994378969073296
1768216553113553000,33.66855297851563,-0.009828928858041763,0.015733689069747925,-0.019401127472519875
1768216553123552800,33.678552734375,-0.008862733840942383,0.021084245294332504,-0.014930480159819126
1768216553133553700,33.6885537109375,-0.0049132658168673515,0.023306921124458313,-0.0023616913240402937
1768216553143554600,33.69855444335938,-0.0075910743325948715,0.00683074165135622,-0.0005930859479121864
1768216553153554700,33.7085546875,-0.003561711637303233,0.002728408435359597,-0.001377653214149177
1768216553163555800,33.71855590820312,-0.0032085764687508345,-0.0037947380915284157,-0.0015683355741202831
1768216553173556700,33.728556640625,-0.004204066004604101,-0.0011150655336678028,-0.001327053178101778
1768216553183556900,33.73855688476562,-0.00637773796916008,-0.005007009021937847,-0.0009294432238675654
1768216553193557800,33.74855786132812,-0.0051806471310555935,-0.0037936728913336992,-0.0017030915478244424
1768216553203558700,33.75855859375,-0.005083708092570305,-0.0016583503456786275,0.001627457677386701
1768216553213559600,33.7685595703125,-0.0036826191935688257,-0.0013345100451260805,0.0008498146780766547
1768216553223560000,33.778559814453125,0.0007882956997491419,0.0016652746126055717,-0.002186721656471491
1768216553233560800,33.78856079101563,-0.0005685848882421851,0.0021960425656288862,-0.0027079021092504263
1768216553243561700,33.79856176757813,0.004063184838742018,0.0005347627447918057,-0.005370264407247305
1768216553253561900,33.80856176757813,0.002812031889334321,0.0035712989047169685,-0.006695719435811043
1768216553263562800,33.81856274414063,0.003481017891317606,-0.0017797905020415783,-0.0059721386060118675
1768216553273564000,33.82856396484375,0.0018165421206504107,-0.003668237943202257,-0.0068062408827245235
1768216553283563800,33.83856372070313,0.00042104575550183654,-0.003757187630981207,-0.0067657604813575745
1768216553293564700,33.84856469726562,-0.0025901903863996267,0.0005145227187313139,-0.006985205225646496
1768216553303565800,33.85856591796875,-0.0031965922098606825,0.0019592875614762306,-0.011096060276031494
1768216553313566700,33.868566650390626,-0.003689010627567768,0.0005869606975466013,-0.012300608679652214
1768216553323566600,33.878566650390624,-0.003713245503604412,0.006481068674474955,-0.011393003165721893
1768216553333567700,33.888567626953126,-0.0028455876745283604,0.00884915143251419,-0.014494520612061024
1768216553343569000,33.89856884765625,-0.0033577135764062405,0.007900533266365528,-0.014733139425516129
1768216553353568800,33.90856884765625,-0.0007315703551284969,0.01210060529410839,-0.009140501730144024
1768216553363569700,33.91856958007813,-0.0005960154230706394,0.007696535438299179,-0.0007491472060792148
1768216553373570600,33.92857055664062,0.00025832661776803434,0.0020359866321086884,0.008075769990682602
1768216553383570700,33.93857080078125,-0.0007036071619950235,-0.00854315422475338,0.008056328631937504
1768216553393571800,33.94857177734375,-0.0029198897536844015,-0.008839564397931099,0.009923471137881279
1768216553403572700,33.95857275390625,-0.0024399880785495043,-0.007798534352332354,0.006783603690564632
1768216553413572900,33.96857275390625,-0.0009752495680004358,-0.006616889964789152,0.002641589380800724
1768216553423573800,33.97857373046875,-0.0010788465151563287,-0.0035025894176214933,0.006475742440670729
1768216553433574700,33.98857470703125,-0.001284708851017058,-0.001529453438706696,0.007958058267831802
1768216553443575800,33.99857592773437,-0.0023545008152723312,0.0031515848822891712,0.026330141350626945
1768216553453576000,34.00857592773438,-0.006659500766545534,-0.0065471152774989605,-0.0006522081675939262
1768216553463576800,34.01857690429687,-0.0004524710529949516,0.0011973571963608265,0.007710916455835104
1768216553473577700,34.02857763671875,-0.0035459990613162518,0.0012399677652865648,0.007985222153365612
1768216553483577900,34.03857788085938,-0.003662112867459655,-0.007531952112913132,0.002555569401010871
1768216553493578800,34.04857885742187,0.000532365869730711,-0.01575792394578457,0.0038282941095530987
1768216553503580000,34.058579833984375,-0.0008306399104185402,-0.02087279036641121,-0.0005645901546813548
1768216553513579800,34.06857983398437,0.00138084904756397,-0.018557438626885414,0.00028389296494424343
1768216553523580700,34.07858056640625,0.004314054735004902,-0.012691560201346874,-0.004688761197030544
1768216553533581800,34.088581787109376,0.007782289292663336,-0.006275206338614225,-0.015632489696145058
1768216553543581700,34.098581787109374,0.0011598066193982959,-0.011003382503986359,-0.015803996473550797
1768216553553582600,34.10858251953125,0.0029081718530505896,-0.001115864492021501,-0.005976666230708361
