time,seconds_elapsed,z,y,x
1768421481153108500,0.0591083984375,-0.11048998085036874,-0.10862228728234767,-0.1864393211301416
1768421481163108600,0.069108642578125,-0.1053530563533306,-0.07956453510224819,-0.07076601935774088
1768421481173108500,0.0791083984375,-0.16878873282298446,-0.09582184242010117,-0.061672173928469416
1768421481183108600,0.089108642578125,-0.19984218886494634,-0.27877485580444333,-0.11098010245487093
1768421481193108500,0.0991083984375,-0.18395722199082373,-0.3815460789710283,-0.08300364270545542
1768421481203108600,0.109108642578125,-0.2007024589560926,-0.366130483174324,-0.08394180033840239
1768421481213108500,0.1191083984375,-0.26875834257230163,-0.2726560806632042,-0.05391564151756465
1768421481223108600,0.129108642578125,-0.31467268313765523,-0.10420154823064803,0.003568506136536598
1768421481233108500,0.1391083984375,-0.27421324697732924,0.05129530295133591,0.04394428260140121
1768421481243108600,0.149108642578125,-0.21666947809047996,0.14064298092126845,0.06987528106309474
1768421481253108500,0.1591083984375,-0.1465490631598979,0.19734569587409495,0.10745163606777787
1768421481263108600,0.169108642578125,-0.05308393993377685,0.18730770146250725,0.08650617093369364
1768421481273108500,0.1791083984375,-0.016306991678476334,0.14713818815946578,0.06297784969955682
1768421481283108400,0.1891083984375,-0.035198739153146745,0.09900456410944461,0.07076609242297709
1768421481293108500,0.1991083984375,-0.034354689544439314,0.049782560300827026,0.06737900726795196
1768421481303108400,0.2091083984375,0.0005061228912323713,0.014909984362125395,0.08745528835207224
1768421481313107500,0.219107421875,0.0461760602414608,-0.021012977412343023,0.11821283018738031
1768421481323107600,0.229107666015625,0.02508643739633262,-0.06786416043639183,0.09232486714981496
1768421481333107500,0.239107421875,0.02966908901147544,-0.04153612548112869,0.13582557070218026
1768421481343107600,0.249107666015625,0.009383841351792216,-0.015963292807340622,0.11710106955319642
1768421481353107500,0.259107421875,-0.0452093341011554,0.013449848681688309,0.10310001672953367
1768421481363107300,0.269107421875,-0.05804536173343658,0.05326631076335907,0.10916939977109431
1768421481373107200,0.279107177734375,-0.029769626776501534,0.05829144544899463,0.09551672199368476
1768421481383107000,0.289107177734375,0.022905074769258498,0.07445873639583588,0.08139394248649477
1768421481393107200,0.299107177734375,0.040946927416324615,0.05566928025186062,0.030758564748615026
1768421481403107000,0.309107177734375,0.075192822824046,0.05458557666838169,-0.02894187071546912
1768421481413107200,0.319107177734375,0.09055880732536316,0.07122399225831032,-0.05273673393130302
1768421481423107000,0.329107177734375,0.12312727104015647,0.09139175101816653,-0.08239427863545715
1768421481433107200,0.339107177734375,0.1163069965660572,0.10256137980818748,-0.07399389536306261
1768421481443107000,0.349107177734375,0.083368092103675,0.0867442174732685,-0.03663374039232731
1768421481453107200,0.359107177734375,0.09530044889450073,0.06324059228897094,0.016022037257254124
1768421481463107000,0.369107177734375,0.14920732258372008,0.04074117571115494,0.04043766271993517
1768421481473107500,0.379107421875,0.16213957713209093,-0.004967851540446281,0.017819734328985214
1768421481483107300,0.389107421875,0.1385902131099254,-0.025546529188752172,0.00315766031332314
1768421481493106200,0.399106201171875,0.11274258208274841,-0.04793488660752773,-0.03911554727070033
1768421481503106000,0.40910595703125,0.05350589167289436,-0.0871019448697567,-0.03892411635182798
1768421481513106200,0.419106201171875,0.012224690800905227,-0.09619126025438308,-0.05007029120102525
1768421481523106300,0.429106201171875,-0.017837343050912023,-0.07746142534315585,-0.05866773141548037
1768421481533106400,0.4391064453125,-0.020045666750147937,-0.03332300840914249,-0.05550795221030712
1768421481543106300,0.449106201171875,-0.02101706906557083,0.01702595360279083,-0.040980318229272956
1768421481553106400,0.4591064453125,-0.003455620346590876,0.05307400306165218,-0.05947809795029461
1768421481563106300,0.469106201171875,0.054902972054481504,0.061092474344372746,-0.07516140477247536
1768421481573106200,0.479106201171875,0.08642981776185334,0.07743979803323746,-0.09777275729216635
1768421481583106300,0.489106201171875,0.0887538767952472,0.08922200576364994,-0.1323936965573579
1768421481593106200,0.499106201171875,0.06525251663327217,0.06799275525212288,-0.15858809519559144
1768421481603106300,0.509106201171875,0.05447042585611343,0.010005261185765266,-0.1648369995225221
1768421481613106200,0.519106201171875,0.03549114622846246,-0.04471709360480308,-0.16339944100007414
1768421481623106300,0.529106201171875,0.008530658588558435,-0.09207681067287922,-0.1653811163365841
1768421481633106200,0.539106201171875,0.01748655685186386,-0.11603811649680137,-0.14670432678684592
1768421481643106300,0.549106201171875,-0.001101312305405736,-0.08349661385416984,-0.11821918686293065
1768421481653106200,0.559106201171875,0.002650076117366552,-0.05273205775618553,-0.1402766318269074
1768421481663106300,0.569106201171875,-0.0064472764432430265,-0.0028811083942651746,-0.14844963608421385
1768421481673105200,0.579105224609375,-0.010671177748590707,0.020514380240440368,-0.1285053108166903
1768421481683105300,0.589105224609375,0.0068551996570080515,0.00011105915904045104,-0.139322034515813
1768421481693105200,0.599105224609375,0.04243979632258415,-0.03935585883259773,-0.16304412475638091
1768421481703105300,0.609105224609375,0.08516834645867347,-0.03434533719420433,-0.1788167903624475
1768421481713105200,0.619105224609375,0.08218246251568198,-0.002162146469950676,-0.19610146796666084
1768421481723105300,0.629105224609375,0.058641427930444474,0.07185293781161307,-0.13943608934953808
1768421481733105200,0.639105224609375,0.022135843962430953,0.144523037225008,-0.08068338306434453
1768421481743105300,0.649105224609375,0.002005932994931936,0.19004794008135795,-0.026515739547088742
1768421481753105200,0.659105224609375,0.00246434428691864,0.17384791590869425,0.025796485361829397
1768421481763105300,0.669105224609375,-0.03698752226606011,0.12224340087771415,0.044547655322030186
1768421481773105200,0.679105224609375,-0.019835311935096977,0.06293196473121643,0.034365284003689885
1768421481783105000,0.68910498046875,-0.005790346904471516,0.0060059624165296555,0.01664309176504612
1768421481793105200,0.699105224609375,-0.02941328761950135,-0.04490881678462028,0.02245623502321541
1768421481803105000,0.70910498046875,-0.025516718572378156,-0.09743512283563613,0.0261799317214638
1768421481813105200,0.719105224609375,-0.028625279046967624,-0.13898644588589668,0.061680795626342294
1768421481823105300,0.729105224609375,-0.06887772139310837,-0.18054595224261283,0.10731836507692932
1768421481833105400,0.73910546875,-0.11959551671743392,-0.17722002269029616,0.17165983127988874
1768421481843104000,0.74910400390625,-0.13198745384402572,-0.17829320487976072,0.1883612291034311
1768421481853104000,0.759104248046875,-0.14204488360844553,-0.14456862993240355,0.1948860277622938
1768421481863104000,0.76910400390625,-0.13897365946955978,-0.10152852962911128,0.1882950319994241
1768421481873104400,0.7791044921875,-0.12666603962555528,-0.07672551228404044,0.16733254266530273
1768421481883104300,0.789104248046875,-0.12083104986175894,-0.08015256412327289,0.1119722552973777
1768421481893104400,0.7991044921875,-0.11183905737176537,-0.08382628419995307,0.06099931616820395
1768421481903104300,0.809104248046875,-0.11380875000953673,-0.1137754322618246,0.04191686842702329
1768421481913104400,0.8191044921875,-0.08742576999664306,-0.11206804382205009,0.012274229031056166
1768421481923104300,0.829104248046875,-0.07576353538408875,-0.10338321758508681,-0.01090126017741859
1768421481933104400,0.8391044921875,-0.09765490306615829,-0.05451718760728836,-0.023317674158141014
1768421481943104300,0.849104248046875,-0.1152538342513144,-0.014466916769742965,-0.025870573511347174
1768421481953104400,0.8591044921875,-0.13465280059576035,0.022406477597355843,-0.006288651815429329
1768421481963104300,0.869104248046875,-0.13019275244697928,0.024182255098223686,-0.021486367077752946
1768421481973104000,0.879104248046875,-0.14314941078424454,-0.007905658558011055,-0.031989202522113916
1768421481983104300,0.889104248046875,-0.12846972804665566,-0.06678221041858196,-0.03175765878856182
1768421481993104100,0.899104248046875,-0.10261968586668371,-0.11096388197243214,-0.03730060680322349
1768421482003104300,0.909104248046875,-0.06883329772949218,-0.12380582788884639,-0.04657653080113232
1768421482013104000,0.919104248046875,-0.025328575589135288,-0.10213643239438533,-0.04164696544446051
1768421482023103200,0.929103271484375,-0.022206205784901976,-0.08541618373990058,-0.049111309975758195
1768421482033103000,0.93910302734375,-0.04345226130075752,-0.046910804256796834,-0.07475998436473309
1768421482043103200,0.949103271484375,-0.06259308816567064,-0.030337855118513106,-0.05824081124030053
1768421482053103000,0.95910302734375,-0.06339381008930504,-0.006730185037851333,-0.061883478591591115
1768421482063103200,0.969103271484375,-0.06635616702623665,0.039299744731187816,-0.049928033186122774
1768421482073103000,0.97910302734375,-0.030084172618389127,0.0470125110656023,-0.04201367986500263
1768421482083103200,0.989103271484375,-0.013818170537427068,0.026619126856327054,0.0004386106129735708
1768421482093103000,0.99910302734375,0.0024981004260480402,-0.00587853664457798,0.01882635408826172
1768421482103103200,1.009103271484375,0.012806874603033066,-0.05168225644230842,0.020879852551966904
1768421482113103000,1.01910302734375,0.030516864947229622,-0.07647182978391646,0.05095423442870378
1768421482123103200,1.029103271484375,0.04051686543598771,-0.08144318845570087,0.06465089747831225
1768421482133103000,1.03910302734375,0.03997326007857919,-0.02323474511504173,0.06082344814464449
1768421482143103200,1.049103271484375,0.013400748842954635,-0.007523381242156029,0.05242182276323437
1768421482153103000,1.05910302734375,0.010951455994695424,0.01714461154639721,0.02141293651536107
1768421482163103000,1.06910302734375,0.005424217005819082,0.011596914291381835,-0.020807737163826823
1768421482173103400,1.079103271484375,0.021948650827258824,-0.007692308068275451,-0.03432845912463963
1768421482183103200,1.089103271484375,-0.014755670583248138,-0.027117724028229713,-0.04256802581213415
1768421482193103400,1.099103271484375,-0.017916764962673186,-0.047906245034933084,-0.04830320846326649
1768421482203103200,1.109103271484375,0.02889635107330978,-0.06179916130900383,-0.027710940681025385
1768421482213102000,1.11910205078125,0.06635360974296928,-0.03763561091125011,-0.030690467948466537
1768421482223102200,1.129102294921875,0.05576470345035195,-0.0020540099203586576,-0.04595167690105736
1768421482233102300,1.139102294921875,-0.023158757269382477,0.010596212816238402,-0.06223024620264768
1768421482243102200,1.149102294921875,-0.045368250989913934,-0.002547346395254135,-0.0964607248455286
1768421482253102300,1.159102294921875,-0.02428922260403633,-0.014256488889455795,-0.12496420414373278
1768421482263102200,1.169102294921875,-0.00672901599407196,-0.022799860829114914,-0.15137524120733142
1768421482273102300,1.179102294921875,0.017155863592773674,-0.002707505393028259,-0.16041450690515338
1768421482283102200,1.189102294921875,0.02019303933158517,0.007724456772208213,-0.13040602987147867
1768421482293102300,1.199102294921875,-0.007568243297189474,0.013515315133333206,-0.07994454739578068
1768421482303102200,1.209102294921875,-0.06431392060890793,0.0031938276052474973,-0.08293883384093642
1768421482313102300,1.219102294921875,-0.08366276420131326,-0.03507365146875381,-0.10391118698194622
1768421482323102200,1.229102294921875,-0.0660675593432039,-0.09286708426773548,-0.09480703935436904
1768421482333102300,1.239102294921875,-0.041560675400495524,-0.10827975745499134,-0.08591602302081883
1768421482343102200,1.249102294921875,-0.002534559978917241,-0.09248831408321857,-0.08481134971454739
1768421482353102000,1.25910205078125,0.007847790890932082,-0.061228083422780036,-0.0911464710202068
1768421482363102700,1.269102783203125,-0.0038122517645359038,-0.019177578678727148,-0.06701295043453574
1768421482373102600,1.2791025390625,-0.03126965607590973,0.00471826069355011,-0.060132616336271164
1768421482383102700,1.289102783203125,-0.034295214442163706,0.008372107025980948,-0.04237864071987569
1768421482393101600,1.2991015625,-0.02828852137327194,-0.005666939720511436,-0.011258403052017092
1768421482403101700,1.309101806640625,-0.026372458618879317,-0.028434651845693586,0.007370382637530565
1768421482413101600,1.3191015625,0.009088073275610804,-0.0347866512209177,-0.016083265925198792
1768421482423101700,1.329101806640625,0.05077288651242852,-0.04009761711061001,-0.020838351497799158
1768421482433101600,1.3391015625,0.06165434601083398,-0.0032131168276071545,-0.021544234744831917
1768421482443101700,1.349101806640625,0.05326506865434348,0.037407062852382655,-0.004688450077176094
1768421482453101600,1.3591015625,0.054091655671596524,0.03714344348013401,0.017214608042687176
1768421482463101700,1.369101806640625,0.07075988187789917,0.013200842356681824,0.028513343105092643
1768421482473101600,1.3791015625,0.07938990918770432,-0.0034247137516736983,0.0501017092525959
1768421482483101700,1.389101806640625,0.08125672597289085,0.009271686214208602,0.0525961564168334
1768421482493101600,1.3991015625,0.07584405327439307,0.03168926972746849,0.05006503050401807
1768421482503101700,1.409101806640625,0.05259403752498328,0.07473287716209888,0.04474880391731858
1768421482513101600,1.4191015625,0.02286174708418548,0.06231178700625896,0.04483480170033872
1768421482523101700,1.429101806640625,0.0537269140124321,0.07016893024742603,0.032017624898999925
1768421482533101600,1.4391015625,0.07250774845853447,0.044019758990406985,0.02782163451388478
1768421482543101400,1.449101318359375,0.10947627376317977,-0.027291327029466628,0.025248715285956857
1768421482553101600,1.4591015625,0.10697335103154182,-0.08013853559792042,0.02654481951110065
1768421482563101400,1.469101318359375,0.09639693889431655,-0.10386369457840919,-0.00007299217097461223
1768421482573100500,1.4791005859375,0.05480491850748658,-0.09502806169390678,0.0010172142185270786
1768421482583100700,1.4891005859375,0.023391543111950158,-0.08298340363502502,0.016135799830034374
1768421482593100500,1.4991005859375,-0.008088613909482956,-0.0498141244828701,0.03642060909830033
1768421482603100400,1.509100341796875,0.0023778350472450256,-0.04447393249869346,0.03490319027267396
1768421482613100500,1.5191005859375,0.004468085324764251,-0.020267712002992627,0.04870112173967063
1768421482623100400,1.529100341796875,0.0037504385747015472,-0.012032967621088027,0.04212693098112941
1768421482633100500,1.5391005859375,-0.02167041840776801,-0.03460720300078392,0.034338980518653986
1768421482643100400,1.549100341796875,-0.058470966734364624,-0.04073883762359619,0.02616056943386793
1768421482653100500,1.5591005859375,-0.04906717857308685,-0.041027006915211675,0.007874386636912822
1768421482663100400,1.569100341796875,-0.04030395333766937,-0.04908814829587936,-0.002289206915721297
1768421482673100800,1.579100830078125,-0.0077845163963735095,-0.048428807604312896,-0.012004691374674439
1768421482683100700,1.5891005859375,-0.010128595304489136,-0.06166472127437591,-0.022515052538365124
1768421482693100800,1.599100830078125,-0.017733078958839178,-0.07067278811633586,-0.0010992664787918328
1768421482703100700,1.6091005859375,-0.010135463436692952,-0.0730763421267271,-0.005856324812769889
1768421482713100500,1.6191005859375,0.013623963139578699,-0.04927636434435844,-0.0037449586819857357
1768421482723100700,1.6291005859375,0.022546032198518515,-0.02439385202229023,-0.013211582946404813
1768421482733100500,1.6391005859375,0.018819047564640642,-0.020264789393544196,-0.015271365020424126
1768421482743100700,1.6491005859375,-0.018502455896139143,-0.0068301382809877395,-0.01633088401071727
1768421482753099800,1.659099853515625,-0.02534019296169281,-0.014065934753417967,0.008915785448625682
1768421482763099600,1.669099609375,-0.02156403542384505,-0.020126257705688474,0.014604206348583101
1768421482773099800,1.679099853515625,-0.03391995138898492,-0.03278349470496177,0.029844299447908996
1768421482783099600,1.689099609375,-0.02352583701610565,-0.02421557284593582,0.02348031737394631
1768421482793099500,1.699099609375,0.008384308920428156,-0.019082301610708237,0.019126944470033047
1768421482803099600,1.709099609375,-0.012526523291692137,-0.029502573338150977,0.004452960820868611
1768421482813099500,1.719099609375,-0.05318111669793725,-0.04620119468271732,0.02087481105066836
1768421482823099600,1.729099609375,-0.053607671546936034,-0.06892156053483486,0.041788419741764664
1768421482833099500,1.739099609375,-0.04495791662335395,-0.0921212343364954,0.03956679816953838
1768421482843099600,1.749099609375,0.007955489049106836,-0.06310849034190177,0.05845788805708289
1768421482853099500,1.759099609375,0.020167174237966535,-0.06191431212127208,0.04905504974387586
1768421482863099600,1.769099609375,-0.009424830949306488,-0.04531213688850402,0.03730784026160836
1768421482873099500,1.779099609375,0.018927987831830976,-0.029653379985690113,0.010009425904229282
1768421482883099600,1.789099609375,0.08362045942954718,0.00395662867128849,-0.025582842611148952
1768421482893099500,1.799099609375,0.10802066812738775,0.05435527504384517,-0.08073891264386475
1768421482903099600,1.809099609375,0.017547493258863685,0.06241700094640255,-0.09086794633977115
1768421482913099500,1.819099609375,-0.06642857467532158,0.053259296500682826,-0.08257073118090628
1768421482923098600,1.8290986328125,-0.060021191851049656,0.010717793369293212,-0.067024129415676
1768421482933098500,1.839098388671875,-0.03945274333581328,-0.011582885766029357,-0.023233429940789935
1768421482943098600,1.8490986328125,-0.011634323692321777,-0.03831891700029373,0.0327276728644967
1768421482953098500,1.859098388671875,0.001191255611181259,-0.0657610506772995,0.08206468135491013
1768421482963098600,1.8690986328125,0.01654547660946846,-0.06670914518237113,0.1187508095216006
1768421482973098500,1.879098388671875,-0.037672435790300364,-0.05543079532086849,0.1033831445198506
1768421482983098600,1.8890986328125,-0.08811090271659194,-0.07083177807033061,0.10281235889457166
1768421482993098500,1.899098388671875,-0.10251819825358688,-0.0718739805996418,0.0583810234285891
1768421483003098400,1.909098388671875,-0.07220262803211808,-0.051339142093062395,0.017679887466877698
1768421483013098500,1.919098388671875,-0.037706338059902186,-0.04063654629290104,-0.022254867232218385
1768421483023098600,1.9290986328125,-0.03338562531657517,-0.01388414844572544,-0.02675181332528591
1768421483033098800,1.9390986328125,-0.06780804633498191,-0.011686930662393569,-0.023484774353355168
1768421483043098600,1.9490986328125,-0.08574819217324256,-0.006368950510025024,-0.03508519577607512
1768421483053098800,1.9590986328125,-0.08850260544791817,-0.024996494090557098,-0.023703020213916896
1768421483063098600,1.9690986328125,-0.0785411834038794,-0.016086042404174803,-0.045835576240718365
1768421483073098800,1.9790986328125,-0.07712313329949974,-0.014959084200859068,-0.04154153230860829
1768421483083098600,1.9890986328125,-0.07401917593479156,0.00008709376156330108,-0.03350216436833143
1768421483093098800,1.9990986328125,-0.06738119922503828,0.024575638329982757,-0.03514394022598862
1768421483103097600,2.00909765625,-0.08021751911826432,0.04576806396245956,-0.015364230935648083
1768421483113097700,2.01909765625,-0.08401581542268395,0.040484570601582524,0.005095715703815221
1768421483123097600,2.02909765625,-0.09261983150839805,0.027573651102185247,0.02103285115659237
1768421483133097700,2.03909765625,-0.09566993979401886,0.0016167875468730926,0.016341624600440263
1768421483143097600,2.04909765625,-0.11602774123325943,-0.032249826219677924,0.04380691995732486
1768421483153097700,2.05909765625,-0.14363207973465322,-0.06880465615689754,0.06067936349883675
1768421483163097600,2.06909765625,-0.1333482938684523,-0.09839549230039119,0.14899908666051923
1768421483173097700,2.07909765625,-0.11548033648356795,-0.09569733925759792,0.286720919438079
1768421483183097600,2.08909765625,-0.08540902334675192,-0.07900105600059032,0.3987479736626148
1768421483193097500,2.099097412109375,-0.10130589985437691,-0.10578384898602962,0.449927614345029
1768421483203097600,2.10909765625,-0.12480718695111571,-0.12876198899149893,0.4280035865023732
1768421483213097500,2.119097412109375,-0.11547010735049842,-0.17861936809420584,0.3366803706757724
1768421483223097600,2.12909765625,-0.09560673836469649,-0.23902619826197624,0.2044944716501981
1768421483233097500,2.139097412109375,-0.07625073437914252,-0.23628186798989773,0.15914835942685604
1768421483243097600,2.14909765625,-0.10797061844058334,-0.17159633758962153,0.15776296948306262
1768421483253097500,2.159097412109375,-0.1741302399814129,-0.09281623086333274,0.11525799896977841
1768421483263097600,2.16909765625,-0.2271674181640148,-0.007945406046509743,0.1128363978460431
1768421483273096400,2.179096435546875,-0.21853739085420965,0.051505146309733386,0.10634425934776663
1768421483283096600,2.1890966796875,-0.1944377725381404,0.053692427220940586,0.06217237853556871
1768421483293096400,2.199096435546875,-0.19958141903690993,0.02100479410588741,0.019839403588324783
1768421483303096600,2.2090966796875,-0.2762193261027336,0.015733575704693793,-0.061717803168483076
1768421483313096400,2.219096435546875,-0.33383922896571455,-0.0058270987182855605,-0.17194895041957498
1768421483323096600,2.2290966796875,-0.3671276775181293,-0.041758243799209595,-0.2444113618990406
1768421483333096400,2.239096435546875,-0.34868023974485696,-0.11217325776219367,-0.26987039546743036
1768421483343096600,2.2490966796875,-0.28221652069091796,-0.19827859281003474,-0.29567163006961344
1768421483353096400,2.259096435546875,-0.16787812078408895,-0.24390169534385203,-0.2834391212884337
1768421483363096600,2.2690966796875,-0.08094692937135696,-0.23456980337500571,-0.1829504195684567
1768421483373096400,2.279096435546875,-0.03400404947586357,-0.1581336294263601,-0.0919875980194658
1768421483383096600,2.2890966796875,-0.00530512067079544,-0.02389525485038757,-0.003875635856948793
1768421483393096400,2.299096435546875,-0.018038345515727996,0.12062427524328231,0.07337192753981799
1768421483403096300,2.309096435546875,-0.023550313870236275,0.24512802226841449,0.1199478007538244
1768421483413096400,2.319096435546875,-0.039864392876625056,0.3062953154146671,0.1715225782336667
1768421483423096300,2.329096435546875,-0.03950425432734191,0.3051496525108814,0.2124727935856208
1768421483433096400,2.339096435546875,-0.003544540739059448,0.25248773738145824,0.24882914180867372
1768421483443096300,2.349096435546875,0.016502295054867864,0.11462357352375983,0.261337362258695
1768421483453095400,2.359095458984375,0.12705861913971603,0.07741641715764999,0.32088363007437437
1768421483463095600,2.369095458984375,0.23946926585435865,0.11151742420196532,0.3908157558912411
1768421483473095400,2.379095458984375,0.31984796688370404,0.20238193647563457,0.48027474874854087
1768421483483095300,2.38909521484375,0.415845092805475,0.31652854013741016,0.7014674764171243
1768421483493095400,2.399095458984375,0.5673476136542857,0.4341951346188783,0.9093825701657682
1768421483503095600,2.409095458984375,0.6444611023426056,0.5124515097320079,1.0835079147763549
1768421483513095700,2.419095703125,0.5340038547180592,0.4746557398229837,1.1279654806621373
1768421483523095600,2.429095458984375,0.33891982016563416,0.39296003791093825,1.0140265284016727
1768421483533095700,2.439095703125,0.055134296592324966,0.299904153072834,0.7737481381215154
1768421483543095600,2.449095458984375,-0.291415580060333,0.12129472185075282,0.45032644093688573
1768421483553095700,2.459095703125,-0.570004557903856,-0.02690437353849411,0.180629538872838
1768421483563095600,2.469095458984375,-0.748040719282627,-0.13276888654530047,0.042883448436856264
1768421483573095700,2.479095703125,-0.9285738120436667,-0.312573080509901,-0.183855076790601
1768421483583095600,2.489095458984375,-1.1419243748445063,-0.4858803136706352,-0.4460479599000886
1768421483593095400,2.499095458984375,-1.213982991296053,-0.6078975045770406,-0.6782350693896413
1768421483603095600,2.509095458984375,-1.1654476545773447,-0.6741893011301755,-0.8022937029957771
1768421483613094700,2.5190947265625,-1.0218388095878064,-0.6476303800284862,-0.7401736391693353
1768421483623094500,2.529094482421875,-0.9511679211676121,-0.5379927782237529,-0.5574037272669374
1768421483633094700,2.5390947265625,-0.9688296884559094,-0.35665655238628385,-0.22258860247377305
1768421483643094500,2.549094482421875,-0.9814916016303002,-0.18959142848551272,0.12338014982268214
1768421483653094700,2.5590947265625,-0.9647671151921152,-0.06304828458726405,0.4883435619790107
1768421483663094500,2.569094482421875,-0.9937224299110472,0.04603051429092884,0.8511260498996823
1768421483673094400,2.579094482421875,-1.0570632677040994,0.06976268753409386,1.0843614628657698
1768421483683094500,2.589094482421875,-1.034240025999397,0.0651724371343851,1.2116362820394337
1768421483693094400,2.599094482421875,-0.9088730862736701,0.06008125147521495,1.2148512985631823
1768421483703094500,2.609094482421875,-0.7490801453329622,-0.002641454419493675,1.1121261795606463
1768421483713094400,2.619094482421875,-0.5175614000916481,-0.03846738556027412,0.9689445470072329
1768421483723094500,2.629094482421875,-0.38369785017743707,-0.041027591437101364,0.8401714520998299
1768421483733094400,2.639094482421875,-0.4041818352796137,0.02380173134803772,0.755416435682401
1768421483743094500,2.649094482421875,-0.5227661291278899,0.05176525855064392,0.6230537187851966
1768421483753094400,2.659094482421875,-0.6022470775999128,0.044888943040370936,0.5191096889795735
1768421483763094500,2.669094482421875,-0.6527450926937163,0.028398996010422704,0.5827793568681925
1768421483773094400,2.679094482421875,-0.6834384832516313,0.03523030333518982,0.6158228907488286
1768421483783094500,2.689094482421875,-0.6199487385071814,0.07643909655809401,0.5369358895819634
1768421483793093400,2.69909326171875,-0.6423718749783933,0.007812719577550888,0.6795486362062394
1768421483803093500,2.709093505859375,-0.427756772134453,-0.15327332991361617,0.485648733404465
1768421483813093400,2.71909326171875,-0.33671368842348454,-0.13154022153317926,0.3817926376106217
1768421483823093500,2.729093505859375,-0.4489432064175605,-0.15942600732445716,0.4653530374160036
1768421483833093400,2.73909326171875,-0.5684416925013065,-0.172285488897562,0.42498774581253523
1768421483843093500,2.749093505859375,-0.7092353339396417,-0.12780337309241294,0.5455098027903587
1768421483853093600,2.75909375,-0.7515035730876028,-0.08442425009310245,0.6291444368757307
1768421483863093500,2.769093505859375,-0.7448340321958065,-0.014124971464276314,0.6196119077682495
1768421483873093600,2.77909375,-0.7298784551262855,0.02106149272918701,0.6018889848772436
1768421483883093500,2.789093505859375,-0.6933012672267854,-0.008550386202335357,0.6244641701050102
1768421483893093600,2.79909375,-0.7564229093112051,-0.06140986973047256,0.6773728996023536
1768421483903093500,2.809093505859375,-0.8801976114094257,-0.11026128666102886,0.8018442056626081
1768421483913093600,2.81909375,-0.9674924485027789,-0.1723603076994419,0.9064178020760416
1768421483923093500,2.829093505859375,-0.9669313074886798,-0.18356734589040277,1.0345633396696299
1768421483933093600,2.83909375,-0.9263808320440351,-0.13047054647505282,1.178894799845293
1768421483943093500,2.849093505859375,-0.9616473757363855,-0.031817864543199535,1.3681271126948296
1768421483953093600,2.85909375,-1.0140377804480492,0.037357963013648986,1.5451768933847545
1768421483963092500,2.869092529296875,-1.0637515132963657,0.07844634472727775,1.689691747303307
1768421483973092600,2.879092529296875,-1.0241945789337157,0.08013853559792042,1.8430892881184815
1768421483983092500,2.889092529296875,-0.8109189079999923,0.06954816800057888,1.9937468825757503
1768421483993092600,2.899092529296875,-0.6087877314150333,0.040537177571654315,2.001994194178283
1768421484003092500,2.909092529296875,-0.6230044728159904,0.08000935626029967,1.9234293376378715
1768421484013092600,2.919092529296875,-0.7608649834118782,0.18542437193393707,1.7945409457877277
1768421484023092500,2.929092529296875,-0.8725697468794882,0.2738064197421074,1.6670850709587335
1768421484033092600,2.939092529296875,-0.9110007459521293,0.35094343543648715,1.5668483347058295
1768421484043092500,2.949092529296875,-0.893430164078623,0.3812205002784729,1.60814319877699
1768421484053092400,2.95909228515625,-0.8207343457020819,0.3911889365851879,1.7616800019323824
1768421484063092500,2.969092529296875,-0.7763841857135295,0.40732933952510353,2.009107825575769
1768421484073092400,2.97909228515625,-0.7061326917491852,0.41263621376156806,2.2781971536681054
1768421484083092500,2.989092529296875,-0.5321944672085345,0.4427548731714487,2.532377666442096
1768421484093092400,2.99909228515625,-0.20143077323064207,0.4859884502202272,2.5916227593541143
1768421484103092500,3.009092529296875,0.650272565100342,0.35992870592474935,2.2377213508948683
1768421484113092400,3.01909228515625,2.402684095688909,-0.17837386890053747,1.644372303891182
1768421484123091500,3.029091552734375,3.6739784353554246,-1.7447393885254858,0.8548774383224547
1768421484133091300,3.03909130859375,3.549718433958292,-3.515809150093794,0.7708207063674927
1768421484143091500,3.049091552734375,1.8057576285898684,-4.342470401626825,1.7278217176027595
1768421484153091300,3.05909130859375,-0.22653291965276,-4.038585654485225,2.1373221175566313
1768421484163091500,3.069091552734375,-1.2006661213442682,-3.281293122732639,1.638512179686129
1768421484173091300,3.07909130859375,-1.437617266897857,-2.249398636946082,1.3758601911649107
1768421484183091500,3.089091552734375,-1.333766431801021,-1.1625900731891392,1.2304418125353753
1768421484193091300,3.09909130859375,-0.9930872007474303,-0.48863925698995586,0.6589345949836075
1768421484203091700,3.109091796875,-0.3198793118700385,-0.40623862167894836,-0.1588504724588245
1768421484213091600,3.119091552734375,0.18014497022628784,-0.7942208711773157,-0.9430259696356952
1768421484223091700,3.129091796875,0.47836774608343835,-1.199631809860468,-1.3626599333301186
1768421484233091600,3.139091552734375,0.874365251994133,-1.4188742802441119,-1.539269715167582
1768421484243091500,3.149091552734375,1.067536877053976,-1.394009888100624,-1.5796075707748531
1768421484253091600,3.159091552734375,0.7222643268607556,-1.072715740996599,-1.3599828230753541
1768421484263091500,3.169091552734375,0.033787703311443325,-0.5329688125818968,-0.7556514865472912
1768421484273091600,3.179091552734375,-0.5329423629663884,0.03953706061840057,-0.00959185807928443
1768421484283091500,3.189091552734375,-0.7414860369421541,0.5567576844483614,0.5545831168882549
1768421484293090600,3.199090576171875,-0.4628910677492618,0.963251157671213,0.6919073286503553
1768421484303090700,3.209090576171875,0.13839827073439956,1.1849784306079147,0.4921897890783846
1768421484313090600,3.219090576171875,0.6920702641271055,1.181307633140683,0.08892682220935821
1768421484323090400,3.22909033203125,0.7349215638600289,0.9554016132146119,-0.34512788102552294
1768421484333090600,3.239090576171875,0.35883082768544555,0.5366740968406201,-0.5631001853428781
1768421484343090400,3.24909033203125,0.09731456519588827,0.04987549928128719,-0.6135581606872379
1768421484353090600,3.259090576171875,0.14532821612805127,-0.29312545271813867,-0.5344508678331971
1768421484363090400,3.26909033203125,0.283217076035589,-0.42324411701560016,-0.4069752653904259
1768421484373090000,3.279090087890625,0.3432334455810487,-0.3684720778644085,-0.2899494530305266
1768421484383090000,3.28908984375,0.36038550978153944,-0.15015373658835887,-0.21570728199481962
1768421484393090300,3.29909033203125,0.33401495085880156,0.2055383546799421,-0.10809782501682638
1768421484403090200,3.309090087890625,0.2911085599377751,0.6234440332770347,-0.0729696668818593
1768421484413090300,3.31909033203125,0.31498131069540974,0.9916133288025856,-0.08836991897895932
1768421484423090200,3.329090087890625,0.382800901337713,1.2513795327544213,-0.136948364187032
1768421484433090300,3.33909033203125,0.48766412834748624,1.3985668207526205,-0.2432636897012591
1768421484443089200,3.349089111328125,0.6610403350912034,1.4841770657598972,-0.3995798944421112
1768421484453089300,3.35908935546875,0.8561211547732352,1.5571896950006483,-0.6854941006071865
1768421484463089200,3.369089111328125,0.9924771060250699,1.5714327398866414,-1.0216194677487016
1768421484473089300,3.37908935546875,1.0910556998074055,1.4289052603930235,-1.3808097763963043
1768421484483089200,3.389089111328125,0.9975647845529019,1.0777642565578223,-1.6430895706042647
1768421484493089300,3.39908935546875,0.8234697620153426,0.7948217596799134,-1.6164964549720287
1768421484503089200,3.409089111328125,0.747556881288439,0.5332295093446969,-1.3839816844306885
1768421484513089300,3.41908935546875,0.5739595791399479,0.1999924109905958,-1.1647424289174377
1768421484523089200,3.429089111328125,0.27252412484660743,-0.032092589831352235,-0.9130351743891835
1768421484533089300,3.43908935546875,-0.017622019799798726,-0.054149523338675495,-0.4518314752049744
1768421484543089200,3.449089111328125,-0.2959163986109197,-0.05056406606733799,0.05894435639977455
1768421484553089000,3.459089111328125,-0.5521100047729909,-0.09995733478963374,0.44993981623947615
1768421484563089200,3.469089111328125,-0.601827098622173,-0.06970014369189739,0.7654075952775776
1768421484573089000,3.479089111328125,-0.5599998812399805,0.003033668607473373,0.9299833865806459
1768421484583089200,3.489089111328125,-0.5157354998387396,0.1141676464498043,0.9388418158188462
1768421484593089000,3.499089111328125,-0.5076552153661846,0.22245266460180282,0.8475469493038952
1768421484603089200,3.509089111328125,-0.5749756243146955,0.3221808668106794,0.7545498819809406
1768421484613088300,3.519088134765625,-0.5824352926708758,0.44288755964040755,0.6431249583680182
1768421484623088000,3.529088134765625,-0.4986066703833639,0.5805220063954591,0.5025120072588324
1768421484633088000,3.539087890625,-0.43669162760972974,0.7613368387073278,0.4242817164350301
1768421484643088100,3.549088134765625,-0.44735082265958187,0.9705331313729285,0.366530076951161
1768421484653088000,3.559087890625,-0.6209549929402768,1.101998534104228,0.23920126256793736
1768421484663088000,3.569088134765625,-0.8187563236273825,1.0906605630099773,0.1798260404702276
1768421484673088000,3.579087890625,-1.0376445737458766,1.0579185693591833,0.15229644770547746
1768421484683088100,3.589088134765625,-1.1315598518922925,0.9406769222915172,0.11842866489514708
1768421484693088000,3.599087890625,-1.1452372257195413,0.8049006706237792,0.0633496786866337
1768421484703088000,3.609088134765625,-1.2722842274866997,0.725237351322174,0.039454569966718554
1768421484713088000,3.619087890625,-1.4296458496272564,0.5723877997785807,0.04679506892263889
1768421484723088100,3.629088134765625,-1.4911561109922826,0.3983756332188844,0.13982669610232115
1768421484733088000,3.639087890625,-1.4876559939168392,0.21607085461020467,0.2337704696908593
1768421484743088000,3.649088134765625,-1.6059014111995695,0.11736731927394867,0.33881007618084547
1768421484753088300,3.659088134765625,-1.6556044765233993,0.10349427674412727,0.5201743590690195
1768421484763088100,3.669088134765625,-1.6909049224853514,0.06176759712696075,0.7544593541532755
1768421484773087000,3.6790869140625,-1.7327940991878508,-0.03278407922685146,1.0458545490127056
1768421484783087400,3.68908740234375,-1.7810533954441545,-0.18530629851222039,1.3039759814321994
1768421484793087200,3.699087158203125,-1.8018645666740833,-0.350537192723155,1.5220964620485902
1768421484803087400,3.70908740234375,-1.8461326013371346,-0.48724926393628115,1.6479203517615795
1768421484813087200,3.719087158203125,-1.9140693886183202,-0.6102455290079116,1.6174821050085126
1768421484823087000,3.729087158203125,-1.9288988550901411,-0.6707435445904731,1.4813307364180683
1768421484833087200,3.739087158203125,-1.9806172057591378,-0.785340814629197,1.2509231672890484
1768421484843087000,3.749087158203125,-2.138301483982801,-0.8759276790052651,0.9915492505904286
1768421484853087200,3.759087158203125,-2.477887659102678,-0.8635597803413867,0.8110698607780039
1768421484863087000,3.769087158203125,-2.7236171543955803,-0.7879559655636549,0.4971148243904113
1768421484873087200,3.779087158203125,-1.7512312347628176,-0.4493453574776649,-0.2706517003045417
1768421484883087000,3.789087158203125,0.23912542085275051,-0.603622311475873,-0.6210159293472767
1768421484893087200,3.799087158203125,2.8154887978851795,-3.0673709705889225,-0.9572820201337336
1768421484903087000,3.809087158203125,2.5833915221035477,-6.622504415333271,-3.0114146900892256
1768421484913087200,3.819087158203125,0.5786905531845986,-7.382257784241437,-5.136666722884774
1768421484923087000,3.829087158203125,-0.21415128472447395,-5.02578116684556,-5.147222019168734
1768421484933086200,3.839086181640625,-1.0181493074201047,-2.8279911365836856,-3.7681510492637753
1768421484943086000,3.849086181640625,-0.7806361440695821,-1.4673586174279452,-3.4349054753422736
1768421484953086200,3.859086181640625,0.13148001577854157,0.2691027720957994,-2.988907090204954
1768421484963086000,3.869086181640625,0.11401099458336829,1.6864923667401075,-1.8524127045199275
1768421484973086200,3.879086181640625,-0.25367884686216713,2.361621579068899,-0.4826276320176199
1768421484983086000,3.889086181640625,-0.13971812116131185,2.5263795950710772,0.6349691975064575
1768421484993086200,3.899086181640625,1.023772554129362,2.444595630353689,1.3602744994983076
1768421485003086000,3.909086181640625,2.539875036460161,1.7030010184705255,1.4202343165509401
1768421485013086200,3.919086181640625,3.4817899761140345,0.3344283539652824,1.0907688456900417
1768421485023086000,3.929086181640625,3.4024493128955364,-0.7683803274780512,0.16044943208806214
1768421485033086000,3.9390859375,2.6074492740392685,-1.2762035928875206,-1.4675903803572057
1768421485043086000,3.949086181640625,2.1144062291324137,-1.090491636183858,-2.5060128066077825
1768421485053086000,3.9590859375,1.9470951676465569,-0.7735381486326456,-3.0126626443237066
1768421485063086000,3.969086181640625,1.5153063635170458,-0.5867249526888132,-3.523895425915718
1768421485073086000,3.9790859375,0.7528091027282178,-0.3648766837209463,-3.6376021768555042
1768421485083086300,3.98908642578125,-0.15523045533075927,-0.11205986051559448,-3.3129867763742804
1768421485093085000,3.9990849609375,-0.8135235375404357,0.025053192713856694,-2.9047271702617405
1768421485103085000,4.0090849609375,-0.9028665393352509,0.2544686820656061,-2.4187521640449763
1768421485113085000,4.0190849609375,-0.5700127412103116,0.42684477185606956,-1.9308460436351595
1768421485123085000,4.0290849609375,0.01914659901857376,0.47562312355041503,-1.2610517625935376
1768421485133085200,4.039085205078125,0.6352643810607492,0.5840408281713724,-0.3765293833201751
1768421485143085300,4.049085205078125,1.139802487319708,0.7367693836838006,0.46538493039160966
1768421485153085200,4.059085205078125,1.4364637129485607,0.905052066680789,0.9579474983051419
1768421485163085300,4.069085205078125,1.392331141233444,1.0801000060290098,1.1918765926238148
1768421485173085200,4.079085205078125,1.1361492255091667,1.3036661848306654,1.180464387249574
1768421485183085300,4.089085205078125,0.8085515943467616,1.6047043103694916,1.0067593138776718
1768421485193085200,4.099085205078125,0.4805469898186624,1.8318699749678373,0.8499025725193321
1768421485203085300,4.109085205078125,0.27576807520389557,1.9250772509753702,0.6718070091035216
1768421485213085200,4.119085205078125,0.1375040983736515,1.840689825761318,0.45590464292801913
1768421485223085000,4.1290849609375,0.07247384618893266,1.5764765792727469,0.5285401459520682
1768421485233085200,4.139085205078125,0.18500585426092148,1.2628449296206234,0.6118631202723831
1768421485243084300,4.149084228515625,0.1888904406093061,0.8686965587079525,0.9155527101680636
1768421485253084200,4.159084228515625,0.15936653222218156,0.592861263486743,1.001177495157346
1768421485263084300,4.169084228515625,0.17033450096026062,0.4489999050408601,0.8552967597130685
1768421485273084200,4.179084228515625,-0.04731368596926331,0.43542730676233765,0.71274480336532
1768421485283084000,4.189083984375,-0.20516265323534608,0.5279419243305922,0.4813029592851177
1768421485293084200,4.199084228515625,-0.3832676420666277,0.564445900863409,0.088678601335641
1768421485303084000,4.209083984375,-0.603393909547478,0.6086433545082807,-0.26734721539905293
1768421485313084200,4.219084228515625,-0.6849382202900945,0.5345715716034174,-0.5254986958969384
1768421485323084000,4.229083984375,-0.7760301115788519,0.4667302075207233,-0.6530876955863087
1768421485333084200,4.239084228515625,-0.9184441938258707,0.4609083694994449,-0.5461841583879664
1768421485343084000,4.249083984375,-1.108800761464983,0.5015115980446339,-0.32609785759132354
1768421485353084200,4.259084228515625,-1.2406338284648954,0.46411914823949335,-0.0984270656155888
1768421485363084000,4.269083984375,-1.2136743637382983,0.45258594683408737,0.015401348075643181
1768421485373084700,4.279084716796875,-1.1835668102443218,0.2499772158652544,0.2847228409560397
1768421485383084500,4.28908447265625,-1.0966342305921017,0.01844458822906017,0.16041576728047802
1768421485393084400,4.29908447265625,-1.0392460175931453,-0.15137363377213478,0.029212942741811274
1768421485403083500,4.30908349609375,-1.1403684506393967,-0.2218687272340059,-0.0085334533338435
1768421485413083600,4.319083740234375,-1.4171569549322127,-0.1019593222618103,0.18715101306345314
1768421485423083500,4.32908349609375,-1.4558091955401002,0.023999299746751784,0.5741254372261464
1768421485433083600,4.339083740234375,-0.9943817706026137,0.013894085317850111,0.8088522577937692
1768421485443083500,4.34908349609375,-0.39623701375499365,-0.16824059742093087,0.768995098375529
1768421485453083400,4.35908349609375,-0.23135376393795012,-0.5121539880901574,0.5286037127075717
1768421485463083500,4.36908349609375,-0.6959776468291878,-0.9081932873159646,0.195140477447398
1768421485473083400,4.37908349609375,-1.8069535603761673,-1.3362351600021123,-0.20355700813699512
1768421485483083500,4.38908349609375,-2.9530478413164616,-1.644299238654971,-0.5339307894818485
1768421485493083400,4.39908349609375,-3.6392742017209527,-1.626201271906495,-0.8065642929870634
1768421485503083500,4.40908349609375,-3.164109343332052,-1.4427905778825283,-1.2830052357263861
1768421485513083400,4.41908349609375,-1.754269433414936,-1.084342465904355,-1.6306427614852785
1768421485523083500,4.42908349609375,0.1491338920213282,-1.601549645730853,-1.8261983590722084
1768421485533083400,4.43908349609375,1.86737441906929,-3.3935657492160796,-2.189812767772376
1768421485543083500,4.44908349609375,2.8562615377783773,-4.6227527393847705,-2.2863038877561688
1768421485553082400,4.459082275390625,1.5018039078652858,-5.008287595731019,-0.17863370714681223
1768421485563082500,4.46908251953125,0.9726211896933614,-4.498817147636413,1.5736363874107597
1768421485573082400,4.479082275390625,2.055788035947084,-2.8837106857180594,2.275842699496448
1768421485583082500,4.48908251953125,3.243794874465465,-0.9383744905680418,1.989254539592564
1768421485593082400,4.499082275390625,3.963699048066139,0.8137269511580467,0.9458575397998094
1768421485603082500,4.50908251953125,3.9491654958009716,2.178565689831972,-0.7733258210562169
1768421485613082400,4.519082275390625,3.1816999450802803,3.1124627427250147,-2.610817289167642
1768421485623082500,4.52908251953125,1.985613845002651,3.3964006803810594,-3.8576480725765228
1768421485633082600,4.53908251953125,0.7455996828060597,3.020968115854263,-4.393637986545264
1768421485643082500,4.54908251953125,-0.37303953191041944,2.082698839226365,-4.115517502996325
1768421485653082600,4.55908251953125,-1.2783283299565313,1.0499708252251148,-2.8776114920601246
1768421485663082500,4.56908251953125,-2.0912030481994153,0.21037761140465736,-1.0929825762167573
1768421485673082600,4.57908251953125,-2.2581109357118607,-0.5914455514699221,0.4992356159366667
1768421485683082500,4.58908251953125,-1.2608768444180487,-1.268717036524415,1.497474938750267
1768421485693082600,4.59908251953125,0.48289092259630556,-1.616616866481304,2.030024503006786
1768421485703082500,4.60908251953125,2.070107653200626,-1.714690287220478,1.9361583246991036
1768421485713081600,4.61908154296875,2.943561051046848,-1.5700976918905973,1.3233444065079092
1768421485723081500,4.62908154296875,2.935937716561556,-1.088139520099759,0.30915300640072674
1768421485733081600,4.63908154296875,2.2732770867921412,-0.3185527394413948,-0.8290901591803878
1768421485743081500,4.64908154296875,1.2195428904455154,0.5266232429474592,-1.6464917802631853
1768421485753081600,4.65908154296875,0.23546054166965186,1.3733312572091818,-2.27849613661468
1768421485763081500,4.66908154296875,-0.4603309349376708,2.211818555614352,-2.6521836110398174
1768421485773081600,4.67908154296875,-0.9113011902034283,2.968347701779008,-2.7264199368566273
1768421485783081500,4.68908154296875,-1.0358687231797725,3.4475498528599737,-2.6551485983252525
1768421485793081600,4.69908154296875,-0.9828256997782736,3.5010412045508623,-2.6310850011706353
1768421485803081500,4.70908154296875,-0.8486556411981582,3.1534944258153437,-2.457574062131345
1768421485813081600,4.71908154296875,-0.6290307473681866,2.544550627055764,-2.017926361194998
1768421485823081500,4.72908154296875,-0.4037397906005382,1.8636130207091568,-1.5472442011781036
1768421485833081600,4.73908154296875,-0.2746994230590761,1.186035246184468,-1.1701892230812458
1768421485843081500,4.74908154296875,-0.25149646132178605,0.5561737470805644,-0.7819825902424752
1768421485853081300,4.759081298828125,-0.29948680444359776,0.11874094571471214,-0.3832852142559364
1768421485863080400,4.76908056640625,-0.3687679190058261,-0.08657295255959034,-0.021718385735340417
1768421485873080600,4.77908056640625,-0.4203333441354334,-0.17845511744320391,0.1804742387132719
1768421485883080400,4.78908056640625,-0.5224971029281615,-0.2196077965646982,0.26008363587055355
1768421485893080600,4.79908056640625,-0.6012367315135896,-0.2358423075288534,0.38089831911940125
1768421485903080400,4.80908056640625,-0.7081165590427816,-0.20347733049690722,0.45878604358322916
1768421485913080600,4.81908056640625,-0.8902712616562842,-0.24877894599139688,0.45907096147183324
1768421485923080400,4.82908056640625,-1.1273686838127672,-0.31145605917870994,0.4337803798055276
1768421485933080300,4.839080322265625,-1.3174351824641226,-0.4108282875567674,0.36952659188602116
1768421485943080400,4.84908056640625,-1.4566883164621889,-0.45811493938863274,0.227964596423693
1768421485953080300,4.859080322265625,-1.744927604573965,-0.43937516760528084,0.14162800990324467
1768421485963080400,4.86908056640625,-2.6453052497029304,-0.4834720834851265,0.0023994258245453237
1768421485973080300,4.879080322265625,-3.0415923862099645,-0.45860769134163853,-0.1617423945080489
1768421485983080700,4.889080810546875,-2.363802868630737,-0.12370178299248218,-0.3971932550339028
1768421485993080600,4.89908056640625,-1.4717324485979972,0.2899006454527378,-0.875294057276845
1768421486003080700,4.909080810546875,-1.3237433426976204,0.5292354712724685,-1.1024373639129101
1768421486013079300,4.919079345703125,-2.1185504893302918,0.42962008178830147,-1.0014194141544401
1768421486023079400,4.929079345703125,-2.8023043221414086,0.14597908125221729,-0.9303755277033895
1768421486033079600,4.93907958984375,-2.7799416836857795,-0.1496995630800724,-1.0065158605106175
1768421486043079700,4.94907958984375,-2.5860838299274445,-0.3821311853826046,-1.1998061435140668
1768421486053079600,4.95907958984375,-2.76475931212306,-0.507552047252655,-1.4956199585333465
1768421486063079700,4.96907958984375,-3.163003427916765,-0.4264233315736055,-1.523715587683022
1768421486073079600,4.97907958984375,-2.8000737866103647,0.10689853222966193,-1.2232972745429724
1768421486083079700,4.98907958984375,-1.4560618551269173,0.5549029964923858,-1.2140139709562063
1768421486093079600,4.99907958984375,0.013419307412952185,-0.5379156213343144,-1.1232157288517803
1768421486103079700,5.00907958984375,1.5861292276285588,-2.480978610855341,-2.307802895119786
1768421486113079600,5.01907958984375,1.249962651693821,-3.883056654599309,-3.6834234323099255
1768421486123079400,5.029079345703125,0.2879216004647314,-3.6073195590555667,-3.6665208128258584
1768421486133079600,5.03907958984375,-0.7752398379839956,-2.569769239464402,-2.8651684823334214
1768421486143079400,5.049079345703125,-1.4419592416249214,-1.6125450869977473,-2.570439101549983
1768421486153079600,5.05907958984375,-1.2198970376454292,-0.3358978419959545,-2.6170570603400467
1768421486163078700,5.06907861328125,-0.8573346222162246,0.8559569041222334,-2.0166462582565843
1768421486173078500,5.07907861328125,-0.7161001051425934,1.370076054805517,-1.4201064523875713
1768421486183078400,5.089078369140625,-0.23679230173006652,1.2517664862453937,-1.224971418300271
1768421486193078500,5.09907861328125,0.8392658815622329,0.59350073043406,-0.9966999844171106
1768421486203078400,5.109078369140625,1.6506687736868857,-0.273629894131422,-0.8403184593550861
1768421486213078500,5.11907861328125,1.957658354976028,-0.7423141583293676,-0.6858870454475283
1768421486223078400,5.129078369140625,2.4069781396210193,-1.0256798490554093,-0.31084340717308223
1768421486233078500,5.13907861328125,3.01418532384634,-1.5338941596090794,0.06356123907808214
1768421486243078400,5.149078369140625,3.300474793064594,-2.053910551637411,0.3134260806100443
1768421486253078500,5.15907861328125,3.2137019340187307,-1.7806699490845201,0.3551613819250837
1768421486263078400,5.169078369140625,2.987084550952911,-0.8406225568681955,0.3191244749147445
1768421486273078500,5.17907861328125,2.5451427477300164,-0.05607727653086185,0.323228768428415
1768421486283078400,5.189078369140625,1.8956230468235908,0.30598551881313324,0.2645571645554155
1768421486293078500,5.19907861328125,1.2142669228039682,0.2952729861408472,0.03804894095249474
1768421486303078400,5.209078369140625,0.7650302863977849,0.005067804783582687,-0.47805941078662867
1768421486313077500,5.219077392578125,0.5069359611809253,-0.394450568729639,-1.2928197966456412
1768421486323077400,5.229077392578125,0.4890566056191921,-0.7469903334468603,-2.119943551123887
1768421486333077500,5.239077392578125,0.6130136785469948,-1.035436688438058,-2.7411975270107387
1768421486343077400,5.249077392578125,0.7445240894638001,-1.2043605919480322,-2.964166324441135
1768421486353077500,5.259077392578125,0.8294060201965272,-1.1921534368038176,-2.688894216060638
1768421486363077400,5.269077392578125,0.8607890004537999,-0.9475409628421068,-2.019632872851938
1768421486373077200,5.2790771484375,0.812889769681543,-0.5046183318883181,-1.3124527178764342
1768421486383077000,5.2890771484375,0.7713855006434023,0.021082535517215728,-0.7669201917976141
1768421486393077200,5.2990771484375,0.7171803015947341,0.5036462719857693,-0.41541364258565006
1768421486403077400,5.309077392578125,0.5873755255520343,0.9613654900550842,-0.17841595447659492
1768421486413077200,5.3190771484375,0.4298433691501617,1.4519044431865213,0.04547715472448617
1768421486423077400,5.329077392578125,0.2946696134202182,1.9020172779053448,0.1864448010228574
1768421486433077200,5.3390771484375,0.26328838672861454,2.2766560617059466,0.2825944871578365
1768421486443077400,5.349077392578125,0.25107670153975487,2.479670450866222,0.3458232794111594
1768421486453077200,5.3590771484375,0.260481658744812,2.4422639725357294,0.27366781498901543
1768421486463077400,5.369077392578125,0.33670565124750135,2.3007447933018206,0.3811305569726974
1768421486473076200,5.379076171875,0.35555414410233493,2.1122019970864057,0.5207275725049898
1768421486483076400,5.389076416015625,0.2169850468456745,1.860485244077444,0.5910107037166134
1768421486493076200,5.399076171875,0.05044073194861412,1.6074042169779539,0.6355884984485805
1768421486503076400,5.409076416015625,-0.09109890555143356,1.3599638261139393,0.5868408706860616
1768421486513076200,5.419076171875,-0.27760347393751145,1.2519997104793785,0.4868320614375174
1768421486523076400,5.429076416015625,-0.3762298523843288,1.2008359249532221,0.36924708082489666
1768421486533076200,5.439076171875,-0.3046563160359859,1.2506816136181353,0.32519604991339146
1768421486543076400,5.449076416015625,-0.3768400932371616,1.348266958579421,0.4009988943945616
1768421486553076200,5.459076171875,-0.6190612881481647,1.3658423627585172,0.5500996878638863
1768421486563076400,5.469076416015625,-0.8064066912725567,1.3878490273833275,0.6335131534792483
1768421486573076200,5.479076171875,-1.0143769492745398,1.3428110312610864,0.6503255373965948
1768421486583076400,5.489076416015625,-1.111129642803967,1.2707348060876131,0.6280643134888261
1768421486593076200,5.499076171875,-1.1491126058481633,1.1784066510021687,0.5353192481655628
1768421486603076000,5.509076171875,-1.162399665183574,1.0157786327660083,0.4505708806846291
1768421486613075200,5.5190751953125,-1.1871781326092778,0.8266168278694153,0.38078163393717257
1768421486623075300,5.529075439453125,-1.2231646611392497,0.5620043529301881,0.3729962407579645
1768421486633075200,5.5390751953125,-1.26969611068964,0.20611761587262153,0.28612012226702643
1768421486643075300,5.549075439453125,-1.2413047134637831,-0.1710667607575655,0.0892237958619371
1768421486653075200,5.5590751953125,-1.1597554342851042,-0.5375508796751499,0.02078362563587725
1768421486663075300,5.569075439453125,-1.070931487928331,-0.8501105161815882,0.21868173122834414
1768421486673075200,5.5790751953125,-0.8220834222234785,-1.0053501777321099,0.5868399939032272
1768421486683075000,5.589074951171875,-0.3683519586160779,-1.0085288077682255,1.0987423087872563
1768421486693075200,5.5990751953125,0.24690876820534466,-0.6850882962852716,1.837155806416273
1768421486703075000,5.609074951171875,0.22582973981946705,-0.460792634165287,2.7463267065927384
1768421486713075200,5.6190751953125,0.04530629166960716,-0.7185930910021067,3.0641946786403653
1768421486723075000,5.629074951171875,-0.7731342440068721,-1.667951332399249,1.9762045038834213
1768421486733075200,5.6390751953125,-1.9844681820988654,-2.7246862449318168,0.597186506274715
1768421486743075300,5.649075439453125,-3.3296588019728657,-3.33851021694839,-0.3059626128615811
1768421486753075500,5.659075439453125,-4.419444920235872,-3.402449897417426,-0.8718424555182457
1768421486763075300,5.669075439453125,-4.179869563658535,-2.751081499904394,-1.1797881684884428
1768421486773074200,5.67907421875,-2.1025079938068987,-1.4690700975209474,-1.0453547097317875
1768421486783074300,5.68907421875,0.800464149481058,-1.8237275850445032,-1.287893153898418
1768421486793074400,5.699074462890625,2.6836791117608545,-3.041658437183499,-1.1355677723594009
1768421486803074300,5.70907421875,2.778058354157209,-3.57900181158781,-0.0008194266241043805
1768421486813074400,5.719074462890625,3.055927201032638,-3.5524142489135264,0.5920515545390546
1768421486823074300,5.72907421875,4.12578579903245,-2.7883453548938033,0.5846630151903256
1768421486833074400,5.739074462890625,5.016339969283342,-1.3959890792191028,0.20784918890558182
1768421486843074300,5.74907421875,5.253856932026148,0.0800216312199831,-0.9888762319888919
1768421486853074400,5.759074462890625,4.686571423822641,1.6116139436274766,-2.677369490222633
1768421486863074300,5.76907421875,2.8081647386074065,2.832774279206991,-4.183680646379292
1768421486873074200,5.77907421875,0.22314356947541236,2.987240033775568,-4.922086983615159
1768421486883074300,5.78907421875,-1.5344962171554564,2.2591256657123564,-4.5902644282341
1768421486893074200,5.79907421875,-2.2057832209728656,1.1813099712282418,-3.548535946175456
1768421486903074300,5.80907421875,-2.034347626902908,-0.07700900540053844,-2.100423881009221
1768421486913074200,5.81907421875,-1.2571217296682298,-1.2401830159574747,-0.43060843523852527
1768421486923073300,5.8290732421875,-0.21879940279126167,-1.9961708948522805,1.3547342548973857
1768421486933073400,5.839073486328125,0.7395547766186297,-2.322799973243475,2.860235117584467
1768421486943073300,5.8490732421875,1.6037737515211103,-2.3096751187324522,3.615905308832228
1768421486953073200,5.8590732421875,2.4061807056330142,-2.080102392992377,3.495625316981971
1768421486963073300,5.8690732421875,3.074728639875352,-1.407098502254486,2.5497818057075143
1768421486973073200,5.8790732421875,3.2046190483748913,-0.43138416885137554,1.1417352089479564
1768421486983073300,5.8890732421875,2.594038003802299,0.5169032284438609,-0.19173848698418586
1768421486993073200,5.8990732421875,1.4227508294165134,1.4055080181926487,-1.3072482811011372
1768421487003073300,5.9090732421875,0.18699439772963522,2.227964219251275,-2.194740871824324
1768421487013073200,5.9190732421875,-0.7834931409358978,2.95982069645226,-2.610211724489927
1768421487023073300,5.9290732421875,-1.4487011171005666,3.366565514087677,-2.608180803184211
1768421487033073200,5.9390732421875,-1.6561328843116758,3.3452082532823084,-2.5814789664804936
1768421487043073300,5.9490732421875,-1.4603075298726558,2.970020018905401,-2.46993933044672
1768421487053073200,5.9590732421875,-1.182677240993455,2.397000350964069,-2.313041964817047
1768421487063073300,5.9690732421875,-0.7950012079000472,1.8056605979561804,-2.1424014666475353
1768421487073072000,5.979072021484375,-0.4895476040065288,1.3247948975771664,-1.9474027722910046
1768421487083072300,5.989072265625,-0.22839491413235663,0.9704583125710486,-1.5388878762431442
1768421487093072100,5.999072021484375,-0.16484218715429305,0.7089543250411748,-1.0142748771395533
1768421487103072300,6.009072265625,-0.25174656362533565,0.6297936945647001,-0.5095181231612339
1768421487113072000,6.019072021484375,-0.3909880071856081,0.5752934580922127,-0.21679566175341605
1768421487123072300,6.029072265625,-0.5773850235439837,0.5746119055688381,-0.03726100544519722
1768421487133072400,6.039072265625,-0.8616356804110109,0.6267571033477782,0.024912761329859492
1768421487143072300,6.049072265625,-1.1608327081277965,0.7182306874305009,0.00019066373389214276
1768421487153072400,6.059072265625,-1.4158523020744322,0.8216361168473959,-0.039009894939139485
1768421487163072300,6.069072265625,-1.5272914003431797,0.8605424783468246,-0.02758168827816844
1768421487173072400,6.079072265625,-1.5911051163449883,0.8745511299550532,0.02131532135978341
1768421487183072300,6.089072265625,-1.5712626440167425,1.0187532646626234,0.18484014230519533
1768421487193072400,6.099072265625,-1.513287571040541,1.1753162837713955,0.3457278927452862
1768421487203072300,6.109072265625,-1.4020844734847544,1.2205460030734538,0.4828523806842044
1768421487213072400,6.119072265625,-1.2695792063117026,1.0712678802758455,0.5402713906802237
1768421487223071200,6.1290712890625,-1.0293629214823246,0.7388730779647826,0.5569390323646366
1768421487233071400,6.1390712890625,-0.9883036197327076,0.2717471491247415,0.44097251979932184
1768421487243071200,6.1490712890625,-1.173531884572655,-0.12812076847851275,0.25710103986319155
1768421487253071400,6.1590712890625,-1.2947520798824728,-0.27932313733696934,0.05642386147882789
1768421487263071200,6.1690712890625,-1.173020720180124,-0.29564941823780533,-0.2323597809090279
1768421487273071400,6.1790712890625,-0.8425647769771516,-0.27664953421354294,-0.5520036948543041
1768421487283071200,6.1890712890625,-0.8187184758350252,-0.30848902606666084,-0.7346085523881017
1768421487293071400,6.1990712890625,-1.885580083975941,-0.5964174946635962,-0.7052119236424564
1768421487303071200,6.2090712890625,-3.4558594160437583,-1.2297604061424732,-0.5713139600019902
1768421487313071400,6.2190712890625,-4.184660012805462,-1.9639502947270868,-0.2789734653827734
1768421487323071200,6.2290712890625,-3.9420413430094716,-2.6233739884018896,-0.009497032531592411
1768421487333071000,6.239071044921875,-3.1854011376857754,-2.8221517629057167,0.08094223492993041
1768421487343071200,6.2490712890625,-2.0045314575709403,-1.90489838629961,0.057110957826999945
1768421487353071000,6.259071044921875,-1.804972177300602,-1.388224290436506,-0.2608489211546257
1768421487363071200,6.2690712890625,0.40937005157247186,-2.168520681157708,-0.92839538673684
1768421487373070300,6.2790703125,1.8944718309618531,-3.2596044380158182,-2.1205564223252233
1768421487383070200,6.2890703125,1.3733647210873663,-3.495472464507818,-3.0116534672811626
1768421487393070300,6.2990703125,0.15189020499214528,-2.8063316779613494,-3.4256831812277433
1768421487403070500,6.309070556640625,-0.8218870228685438,-2.0711901877403256,-3.416647934117913
1768421487413070300,6.3190703125,-0.8308198325172066,-1.7698656464755533,-2.8219211690202353
1768421487423070500,6.329070556640625,-0.28773206924200057,-1.8882032720863817,-2.2859889765881
1768421487433070300,6.3390703125,0.4497719123266637,-2.1304946096241473,-1.6486273309871553
1768421487443070500,6.349070556640625,1.0190836656607687,-2.48748901566267,-0.8012995773918926
1768421487453070300,6.3590703125,2.054704186233133,-2.492914547842741,-0.213967269927077
1768421487463070500,6.369070556640625,3.234035696995258,-1.904633597883582,0.3624962183251977
1768421487473070300,6.3790703125,3.7216470722422,-0.9264689487189054,1.1459534111648797
1768421487483070500,6.389070556640625,3.781991066306829,0.04276128336191177,1.7572376355707644
1768421487493070300,6.3990703125,3.817597801738977,0.7596130836546421,2.1472436459816993
1768421487503070500,6.409070556640625,3.821255447463691,1.1933943767756223,2.2076088289648292
1768421487513070300,6.4190703125,3.5659459306597707,1.4517781864583492,1.9573009198404847
1768421487523069400,6.4290693359375,3.078985420536995,1.6207704790294168,1.5739274793118239
1768421487533069300,6.4390693359375,2.518873164963722,1.7443448362499474,1.086423948353529
1768421487543069400,6.4490693359375,1.9801883128225801,1.8038965108931064,0.40401082609426225
1768421487553069300,6.4590693359375,1.3634429004013537,1.7800877652823923,-0.37268330235127356
1768421487563069400,6.4690693359375,0.7803777853943407,1.602832671278715,-1.1224176372766494
1768421487573069300,6.4790693359375,0.35942353288158774,1.307624567067623,-1.8366770829886196
1768421487583069400,6.4890693359375,0.20351284020170568,1.0432926626354455,-2.3481067023269833
1768421487593069300,6.4990693359375,0.1730206713043153,0.6627659898400307,-2.6054297509104014
1768421487603069200,6.509069091796875,0.3635914662159979,0.19611527729630468,-2.4683266345530748
1768421487613069300,6.5190693359375,0.5523334382653237,-0.07539280237555504,-1.94124264222607
1768421487623069200,6.529069091796875,0.5979039338290691,-0.12075696171224116,-1.264238283675164
1768421487633069300,6.5390693359375,0.5263337584815919,-0.06632452977895736,-0.6727842566378415
1768421487643069200,6.549069091796875,0.33175928088650103,0.2902764930278063,-0.20820845067203045
1768421487653069300,6.5590693359375,0.13541019483432173,0.8468927231788634,0.1433469791829586
1768421487663069200,6.569069091796875,0.10768164543136953,1.4899614943802355,0.4409349642679095
1768421487673068300,6.579068359375,0.14446005499139428,1.9560434671252964,0.7053950251244008
1768421487683068200,6.589068115234375,0.1594410587631166,2.1005513067811727,1.0237817603491246
1768421487693068300,6.599068359375,0.1572375573694706,2.0758248618036506,1.3431558991760015
1768421487703068200,6.609068115234375,0.08561126792058348,1.8146371006160973,1.603102574261278
1768421487713068300,6.619068359375,-0.06831994137987495,1.4127397230118512,1.8919141093030571
1768421487723068200,6.629068115234375,-0.1112310084760189,0.9848007261782884,2.0463122054629026
1768421487733068300,6.639068359375,-0.11212415792346,0.5825467902213335,1.9526875808261335
1768421487743068400,6.649068359375,-0.1535071386694908,0.377163918364048,1.7570111333385108
1768421487753068500,6.659068603515625,-0.23466113492026924,0.3059370034962892,1.4453604283705352
1768421487763068400,6.669068359375,-0.3588626841284334,0.362335182544589,1.0686503181885927
1768421487773068500,6.679068603515625,-0.5244540822148323,0.41090193731486796,0.6751786044284701
1768421487783068400,6.689068359375,-0.6553519141912459,0.5006453366041184,0.45464624036476015
1768421487793068300,6.699068359375,-0.7766871141828596,0.4941922149419784,0.32046036316100507
1768421487803068400,6.709068359375,-0.9620914662420749,0.42257016327679153,0.33883133816458283
1768421487813068300,6.719068359375,-1.1764959950752556,0.3426993387043476,0.485267844328098
1768421487823067400,6.7290673828125,-1.3578374816097318,0.2567126616001129,0.6855524066656827
1768421487833067500,6.739067626953125,-1.5293478944815695,0.25970307558774947,0.8011089501906186
1768421487843067400,6.7490673828125,-1.7055602014340459,0.30333880369663235,0.80105049800165
1768421487853067500,6.759067626953125,-1.745447829055786,0.38532735107541083,0.7483506620146334
1768421487863067400,6.7690673828125,-1.5561610826052725,0.4740501751452684,0.7588392497379333
1768421487873067300,6.7790673828125,-1.229421383446455,0.4351420600801706,0.882452185403183
1768421487883067400,6.7890673828125,-0.8110136005461216,0.2941138792335987,1.1115512292169034
1768421487893067300,6.7990673828125,-0.36880408629775047,0.06221592541635036,1.4536578627251089
1768421487903067400,6.8090673828125,-0.20081834042072294,-0.23612872325479983,1.5364394601777196
1768421487913067300,6.8190673828125,-0.19752061404958365,-0.5027525380164385,0.832353179564327
1768421487923067400,6.8290673828125,-0.121544312697649,-0.6351888316065073,-0.2574985512807965
1768421487933067300,6.8390673828125,-0.3941910410106182,-0.8392050912857055,-1.156481600246206
1768421487943067400,6.8490673828125,-1.2910370048820972,-1.1648638633400201,-1.6173292525343597
1768421487953067300,6.8590673828125,-2.6789900771617887,-1.5045534988343714,-1.776496462792158
1768421487963067400,6.8690673828125,-3.8422847914889453,-1.8497119211286306,-1.9192071898981928
1768421487973067300,6.8790673828125,-4.035186075174808,-1.9859101976007223,-1.861253305840492
1768421487983066400,6.88906640625,-3.304400442075729,-1.6941624629765748,-1.473220495198667
1768421487993066200,6.899066162109375,-2.357794275865704,-1.1078016674250364,-0.562948355782032
1768421488003066400,6.90906640625,-0.5123369434416294,-0.8376847498506307,0.32736097286231813
1768421488013066200,6.919066162109375,1.5849521466732024,-1.3307646196365355,1.1737613824795932
1768421488023066400,6.92906640625,3.062380322694778,-2.897624644780159,2.5084669217616318
1768421488033066200,6.939066162109375,3.670740184086561,-4.1143747627019875,4.304985889624059
1768421488043066400,6.94906640625,2.641626268929243,-4.092776678878069,6.125895786899328
1768421488053066200,6.959066162109375,2.03037653131485,-2.8071476705193517,6.653015873453021
1768421488063066400,6.96906640625,2.3095278192162514,-0.6036842707961797,5.27865761128366
1768421488073066200,6.979066162109375,3.1103660627067087,1.3623936836093664,3.656236734698713
1768421488083066000,6.989066162109375,4.203884937757254,2.7110072636693716,1.9217960373476146
1768421488093066500,6.99906640625,4.95175965282321,3.335945334896445,-0.12370945484228431
1768421488103066400,7.00906640625,4.298045568966865,3.0468484070420265,-2.1735170281402767
1768421488113066500,7.01906640625,2.1240252674795688,2.166234031525254,-3.3449469719976186
1768421488123066400,7.02906640625,-0.670008069922775,1.037836735317111,-3.2666610785290597
1768421488133065500,7.0390654296875,-2.6258266422510146,-0.17909867604374885,-2.2558742627009747
1768421488143065300,7.0490654296875,-2.706668357682228,-1.2896060952961443,-0.8085355930600315
1768421488153065500,7.0590654296875,-1.1857611054182051,-2.1338421664863825,0.8040395237497985
1768421488163065300,7.0690654296875,0.6549006632924079,-2.6515561267912386,2.199614615340531
1768421488173065500,7.0790654296875,1.8870448958314954,-2.831557889154553,2.9633471170127392
1768421488183065300,7.0890654296875,2.7583587974309918,-2.6906729161709544,3.019716654488444
1768421488193065500,7.0990654296875,3.4196552992403504,-2.3138749085098502,2.421763036298752
1768421488203065300,7.1090654296875,3.6320845824778076,-1.6779799744606017,1.5546201367735861
1768421488213065500,7.1190654296875,3.5124154160022734,-0.8721136736750602,0.6342142874859273
1768421488223065300,7.1290654296875,2.8653683888196944,0.021297055050730703,-0.3344005161102861
1768421488233065500,7.1390654296875,1.7682020971775054,1.0287158557504414,-0.9988028749804944
1768421488243065300,7.1490654296875,0.6526255579672754,1.9241268183827398,-1.4509493344187736
1768421488253065500,7.1590654296875,-0.2542026515405625,2.537633979535103,-1.6134614711903035
1768421488263065300,7.1690654296875,-0.79607789722085,2.7326351581096646,-1.5952052451401948
1768421488273065200,7.179065185546875,-0.8163749083835631,2.694458279928565,-1.5052511257097123
1768421488283064300,7.189064208984375,-0.6424211940128356,2.476061612719297,-1.3083346150331199
1768421488293064400,7.199064453125,-0.5402724135935306,2.128093393701315,-1.0225233577858657
1768421488303064300,7.209064208984375,-0.5312041409969329,1.7478092974901198,-0.6418177482269704
1768421488313064400,7.219064453125,-0.4425659995358437,1.3831851272255182,-0.23309571223445236
1768421488323064300,7.229064208984375,-0.3405694140035659,1.070634843069315,0.03996566129401326
1768421488333064200,7.239064208984375,-0.3188241037286818,0.8902496343463658,0.10851626962460577
1768421488343064300,7.249064208984375,-0.45751697349548337,0.8195973044961691,0.03399221290759742
1768421488353064200,7.259064208984375,-0.669026219278574,0.8500105629384517,-0.07391578862555324
1768421488363064300,7.269064208984375,-0.876971123643592,0.8652484640806913,-0.10787073826268315
1768421488373064700,7.279064697265625,-1.091295426847413,0.8632061445981264,-0.06451981844455003
1768421488383064800,7.28906494140625,-1.2106758395094424,0.8384896364927291,0.06624247751869261
1768421488393064700,7.299064697265625,-1.3188776363573969,0.8011872030586004,0.235208978061378
1768421488403064800,7.30906494140625,-1.4320049799740313,0.7696276971906423,0.4323909347411245
1768421488413064700,7.319064697265625,-1.5838345408201218,0.8407096506297588,0.5730751244556158
1768421488423064800,7.32906494140625,-1.6607950309038162,1.0758376724094152,0.5799107426293194
1768421488433064700,7.339064697265625,-1.6047323674201965,1.4303618889421224,0.5044097306389361
1768421488443063800,7.349063720703125,-1.4789491019785403,1.6614964571714401,0.425234414049983
1768421488453063700,7.359063720703125,-1.4127343161843717,1.6390315273851155,0.39307467726655304
1768421488463063800,7.369063720703125,-1.2758804984129966,1.4499959792166948,0.4302613023012876
1768421488473063700,7.379063720703125,-0.7708744823813438,1.183102115342021,0.2953885753445327
1768421488483063800,7.389063720703125,0.367604793510586,1.0746008240908385,-0.15100684628635644
1768421488493063700,7.399063720703125,1.4098517464853821,0.7295072837263346,-0.4797092238202691
1768421488503063600,7.4090634765625,0.018716537038236856,-0.4282978932738304,-0.4680624059725553
1768421488513063700,7.419063720703125,-2.5750237989917397,-1.8086966046512125,-0.10233045712914317
1768421488523063600,7.4290634765625,-3.682439974230528,-2.9066613531947136,0.727982558377087
1768421488533063700,7.439063720703125,-3.4598636832490564,-3.7980887991487977,1.7310145222947
1768421488543063800,7.449063720703125,-2.901432220369577,-4.314047440218925,2.188242011324316
1768421488553064000,7.45906396484375,-2.886210101318359,-4.053316775149106,2.2584479125812646
1768421488563063800,7.469063720703125,-3.3226936391353603,-2.55955238135457,1.623284215416014
1768421488573064000,7.47906396484375,-2.5197838500678538,-0.5796703580021858,0.8046877585254609
1768421488583063800,7.489063720703125,-1.0570914708852768,-0.2869844657450914,0.8209921198554336
1768421488593064000,7.49906396484375,1.9398177239894865,-1.8377631246596573,0.7742191166341305
1768421488603062800,7.509062744140625,2.420462036702782,-2.9354888037502764,-1.3827224781498313
1768421488613063000,7.51906298828125,0.7429120511572808,-2.738973713481426,-3.2149507650360465
1768421488623062800,7.529062744140625,0.06936521264910697,-1.6367372789680956,-2.990579699592292
1768421488633063000,7.53906298828125,0.9136858203176409,-1.3769248977869748,-1.6077407554559409
1768421488643062800,7.549062744140625,2.131096813300997,-2.553792502653599,-0.9162130007077008
1768421488653063000,7.55906298828125,2.3395313278138636,-2.845126395779848,-0.5688328472433611
1768421488663062800,7.569062744140625,2.434189825543016,-1.8352730614095925,0.25827636725287884
1768421488673063000,7.57906298828125,2.6922388503134247,-0.38378304424285886,0.8134099210981279
1768421488683062800,7.589062744140625,3.0995231816530224,0.9213526286184788,1.2821717075116932
1768421488693062700,7.599062744140625,3.769935886853933,1.9125480242699384,1.8905302537292241
1768421488703062800,7.609062744140625,3.9503392157554624,2.127923297831416,2.226820894435048
1768421488713062700,7.619062744140625,3.4210511375129222,1.5137480281591416,1.8389318761780857
1768421488723062800,7.629062744140625,2.9154923099040984,0.6307885508209466,1.0124947157245128
1768421488733062700,7.639062744140625,2.6456162153482436,0.03486322358846664,0.30224633228480813
1768421488743062800,7.649062744140625,2.554016959059238,-0.4884072017997503,-0.3952915495984256
1768421488753062700,7.659062744140625,2.232680726379156,-1.066016535618901,-1.0698496840409935
1768421488763061800,7.669061767578125,1.6377590232312678,-1.4257190315723418,-1.4732345237240194
1768421488773061600,7.6790615234375,0.9382358127497136,-1.4407166942179201,-1.6317524762928486
1768421488783061800,7.689061767578125,0.24039149526581166,-1.1705319721043108,-1.6861919224888084
1768421488793061600,7.6990615234375,-0.17272037318348885,-0.6626449938088655,-1.506223477873206
1768421488803061800,7.709061767578125,-0.15200725550055502,-0.06366670874655246,-0.973634750650078
1768421488813061600,7.7190615234375,0.03488879642114043,0.6339478916347027,-0.44852892652824516
1768421488823061800,7.729061767578125,0.2479426412977278,1.248119654175639,-0.08865034335553645
1768421488833061600,7.7390615234375,0.31329423439130183,1.7415969988465307,0.2654010680336505
1768421488843061800,7.749061767578125,0.18673940005525946,2.0938544394910332,0.6024727030493319
1768421488853061600,7.7590615234375,0.15224106425642966,2.3685633610308168,0.9112614427149295
1768421488863061800,7.769061767578125,0.19336334823966025,2.5882997524112463,1.2150535431370137
1768421488873061600,7.7790615234375,0.3004652940869331,2.682857858505845,1.4398488253422081
1768421488883061800,7.789061767578125,0.36222806890830395,2.6856208934783936,1.723159424880147
1768421488893062000,7.799061767578125,0.481844774544239,2.5495132178992033,1.8881335678510367
1768421488903061800,7.809061767578125,0.5620889624737203,2.1876941681832074,1.9802707304090261
1768421488913060600,7.819060546875,0.5033762228727341,1.748799477571249,2.0715560984432697
1768421488923060700,7.829060791015625,0.3271346898257732,1.3554448873847722,2.032090495625883
1768421488933060600,7.839060546875,0.03848360604271293,1.0045902992755174,1.7758033659614623
1768421488943061000,7.84906103515625,-0.3082476185262203,0.7775842091530561,1.3547986984357236
1768421488953060900,7.859060791015625,-0.5799776703856885,0.6971066508591175,1.0866112876191734
1768421488963060700,7.869060791015625,-0.6450479623198508,0.6405676020354032,0.8481265027575194
1768421488973060900,7.879060791015625,-0.5838530505143106,0.5602952109247445,0.6657792732466011
1768421488983060700,7.889060791015625,-0.5495733259022235,0.5228484005838633,0.49567960395552213
1768421488993060900,7.899060791015625,-0.5650481045402587,0.4942687873095274,0.391388258549571
1768421489003060700,7.909060791015625,-0.7351017427325248,0.34867432146072386,0.3396640626616776
1768421489013060900,7.919060791015625,-0.9706605571448802,0.21783260358572004,0.32414960960038003
1768421489023060700,7.929060791015625,-1.140653697321564,0.10875029757618904,0.3110922673676163
1768421489033060900,7.939060791015625,-1.1772105730853974,0.004116203147172927,0.3336692792262882
1768421489043060700,7.949060791015625,-1.170493539790064,-0.12675357177853583,0.3614731588877737
1768421489053060900,7.959060791015625,-1.0756326513566077,-0.33710780230760573,0.35884295651465653
1768421489063060700,7.969060791015625,-0.9368681776583194,-0.5498655868470669,0.43806415807195004
1768421489073059800,7.979059814453125,-0.9412380633056163,-0.6701759738355875,0.6130236154191195
1768421489083059700,7.989059814453125,-1.0445770033575594,-0.6950625778108834,0.8920888324722647
1768421489093059800,7.999059814453125,-1.0714356380581855,-0.6586538783460855,1.209040274196863
1768421489103059700,8.009059814453124,-1.0546773954808712,-0.6394926662802696,1.5571657296031713
1768421489113059800,8.019059814453126,-1.0601743854619563,-0.7304419342279433,1.9023468021206558
1768421489123059700,8.029059814453126,-1.1846188035152851,-0.9245435336142778,2.1184718711361286
1768421489133059800,8.039059814453125,-1.613326154372841,-1.1565671596378087,2.184946184649318
1768421489143059700,8.049059814453125,-2.1662930682361123,-1.1888923891812562,2.405313421279192
1768421489153059800,8.059059814453125,-2.4212615165174007,-1.0382938314348458,2.522880062517524
1768421489163059700,8.069059814453125,-1.9168880993008612,-0.8999719869375228,2.3381578475035725
1768421489173059600,8.0790595703125,-0.40286191178746517,-1.0746610298454762,2.1664137720063326
1768421489183059700,8.089059814453124,1.5522351413331925,-2.0682237391501666,1.6374350519739092
1768421489193059600,8.0990595703125,3.603333119767904,-3.327099765139818,1.4480816700279713
1768421489203059700,8.109059814453126,4.1970238198161125,-4.463526054024696,2.170670114276558
1768421489213059600,8.1190595703125,2.5397253988564015,-4.845158642235398,3.463939262124896
1768421489223059700,8.129059814453125,0.7457412101686001,-4.309814332693815,3.715983055131137
1768421489233058800,8.139058837890625,0.7692201393030583,-2.7800965819865464,3.199902833507955
1768421489243058700,8.14905859375,2.0731309465445578,-1.201578852275014,1.8920041256740687
1768421489253058600,8.15905859375,3.645083180260658,-0.0316799173772335,-0.16332027481663972
1768421489263058700,8.16905859375,4.558216262066364,0.8631687351971864,-2.0622731601826847
1768421489273058600,8.17905859375,4.367374541258812,1.4991595308363437,-3.3846567588344216
1768421489283058700,8.18905859375,3.30191856213212,1.8633967476099729,-4.146330866672098
1768421489293058800,8.199058837890625,1.7627578602969645,2.1022183632105587,-4.131842322592437
1768421489303059000,8.209058837890625,0.2160135714650154,2.0304607024669648,-3.5744130224928257
1768421489313058800,8.219058837890625,-0.9432067330300807,1.5933505571842193,-2.3362542058393356
1768421489323059000,8.229058837890625,-1.3749299245774744,1.218516543072462,-0.42359428216014056
1768421489333058800,8.239058837890624,-1.0414251151978968,0.6610451573967934,1.2182817844685165
1768421489343059000,8.249058837890624,-0.3256581144671887,-0.07312076579034328,2.4191692204132673
1768421489353058800,8.259058837890626,0.6717745681386441,-0.7458639597654342,3.2426006962448355
1768421489363058700,8.26905859375,1.70651750215888,-1.321433312189579,3.4455563409551977
1768421489373058300,8.279058349609375,2.5163784255385395,-1.6214356649398802,3.012867226985097
1768421489383058400,8.289058349609375,2.883819406789541,-1.5079156687438486,2.0297931784689425
1768421489393057000,8.29905712890625,2.6896739682614803,-0.9501824172616005,0.8449515259832143
1768421489403057400,8.309057373046874,2.0479916829824445,-0.18004910863637924,-0.07221577977463603
1768421489413057300,8.319057373046874,1.1857518261332065,0.6025222412794828,-0.7695633997827768
1768421489423057400,8.329057373046876,0.4011129492282867,1.2766922531872986,-1.4906640896916388
1768421489433057300,8.339057373046876,-0.10505378114581107,1.8957149628907441,-2.092961874565482
1768421489443057400,8.349057373046875,-0.4316401894390583,2.420931846171617,-2.3224159423619506
1768421489453057300,8.359057373046875,-0.5909446162104607,2.6808202151983975,-2.31058858031556
1768421489463057200,8.36905712890625,-0.646166737216711,2.7370997363030907,-2.19740599938035
1768421489473057300,8.379057373046875,-0.6983505134403705,2.5191613342553376,-2.0359870646730065
1768421489483057200,8.38905712890625,-0.7135235326528548,2.0411060151219367,-1.853995297536254
1768421489493057300,8.399057373046874,-0.5981915185987949,1.4463070615708826,-1.4898174097344279
1768421489503057200,8.40905712890625,-0.39819728097729384,0.8481190501034259,-1.0500951091919093
1768421489513057300,8.419057373046876,-0.28789456632733346,0.2676192555397749,-0.7786592910386622
1768421489523057200,8.42905712890625,-0.28111411240696904,-0.09000877222716808,-0.6211148596771061
1768421489533057300,8.439057373046875,-0.434589759959653,-0.132227034753561,-0.5002544375903905
1768421489543057200,8.44905712890625,-0.6669968323428184,-0.022214169895648957,-0.42516916679404676
1768421489553056300,8.45905615234375,-0.893341097555682,0.3073071228057146,-0.33685353528559203
1768421489563056000,8.46905615234375,-1.1177752913635224,0.7608271356195211,-0.15386165119558573
1768421489573056300,8.47905615234375,-1.273386781901121,1.0777233400255442,0.070978858390823
1768421489583056100,8.48905615234375,-1.3705308128356932,1.2705828303962945,0.1826519115459174
1768421489593056300,8.49905615234375,-1.4587036018073558,1.3461591726452111,0.21741470696721224
1768421489603056000,8.50905615234375,-1.5386825629293919,1.4009464093655346,0.39860662896316496
1768421489613056300,8.51905615234375,-1.6202198594093322,1.3411825532764197,0.6158529205609112
1768421489623056100,8.52905615234375,-1.6964754160940647,1.172583643937111,0.7702753474444151
1768421489633056300,8.53905615234375,-1.6300035867989062,0.9025830462187528,0.9921903980381787
1768421489643056000,8.54905615234375,-1.3965771082401275,0.5914128182440996,1.0916003280781208
1768421489653056300,8.55905615234375,-0.9648901570498942,0.39864509781002994,0.8162288509763777
1768421489663056100,8.56905615234375,-0.22269472972936927,0.4215887510240078,0.6121355805382133
1768421489673056000,8.579055908203125,0.6637187605202197,0.5821510689020156,0.41610220937170084
1768421489683056000,8.58905615234375,0.36938868125267327,0.3585322831302881,0.11000647164974361
1768421489693056000,8.599055908203125,-1.7044132233560085,-0.37316578863859173,0.226229662389867
1768421489703056400,8.609056396484375,-3.3671944596409795,-1.1909130813539028,0.9515412845246494
1768421489713056300,8.61905615234375,-3.746267426496744,-1.7673557094812393,2.1019275635704395
1768421489723055000,8.62905517578125,-3.4815222650885578,-2.221252154392004,2.9085335768073795
1768421489733055200,8.63905517578125,-3.2898645517230034,-2.452685997828841,3.356434580695629
1768421489743055000,8.64905517578125,-2.6936872955560682,-2.179574574613571,3.4554841529905795
1768421489753055200,8.65905517578125,-1.6915011348128317,-1.5710229900419712,2.9728672250300643
1768421489763055400,8.669055419921875,-0.282319469608739,-1.856040539628267,1.0894603934399782
1768421489773055200,8.67905517578125,2.2435563406586647,-2.642794143664837,-2.157876537546515
1768421489783055400,8.689055419921875,3.3330841002464293,-3.502604216083884,-4.867622110716998
1768421489793055200,8.69905517578125,3.1491362306058406,-4.119571746823191,-6.069460198450088
1768421489803055400,8.709055419921874,1.5142448717653751,-4.080315256711841,-5.743205214068293
1768421489813055200,8.71905517578125,0.6548738483507186,-3.355677040326595,-3.751228556035459
1768421489823055400,8.729055419921876,0.5186603743094951,-2.464961542034149,-2.1526101414509116
1768421489833055200,8.73905517578125,0.917907456600666,-1.2780185333549976,-1.3738894756138325
1768421489843055400,8.749055419921875,1.7784347373783587,-0.13422200796306133,-0.2777597970103845
1768421489853055200,8.75905517578125,2.760624404275417,0.708193277540803,1.197498012702167
1768421489863055000,8.76905517578125,4.178241962456703,1.4711837286740541,3.2004049378111956
1768421489873054200,8.77905419921875,4.547028513097763,1.5507698910862207,4.325178490564227
1768421489883054300,8.789054443359374,4.278381083554029,1.0591302832365035,4.29718719857186
1768421489893054200,8.79905419921875,3.4474294413506983,0.5794985085666179,3.4277398214966057
1768421489903054300,8.809054443359376,2.3272117983363567,0.15637772566974162,1.8922161609895527
1768421489913054200,8.81905419921875,1.8579485652066765,-0.23186989676654338,-0.0017912307983264325
1768421489923054300,8.829054443359375,1.6017501367390155,-0.7248118193864822,-1.94728542952165
1768421489933054200,8.83905419921875,1.014293801035732,-1.3025187683612107,-3.573006955087185
1768421489943054000,8.84905419921875,0.5208825073383748,-1.570627853244543,-4.433571937526763
1768421489953054200,8.85905419921875,0.29134324547648427,-1.3886053987085818,-4.3170194417670364
1768421489963054000,8.86905419921875,0.07636091675534844,-0.6615460926562547,-3.212049198375642
1768421489973054200,8.87905419921875,-0.21851430223956703,0.24514321983754633,-1.7413628978297113
1768421489983054000,8.88905419921875,-0.13352598852291703,1.2958785996943711,-0.3184724407467991
1768421489993054200,8.89905419921875,0.23705650562420486,2.3192010719686746,0.8772655034802853
1768421490003054000,8.90905419921875,0.5662066269256174,2.863052513092756,1.7860110178515314
1768421490013054200,8.91905419921875,0.9490298862256109,3.0066514212101696,2.206697559338808
1768421490023054000,8.92905419921875,0.9751249161425978,2.969184737125039,2.2164152357548472
1768421490033053200,8.93905322265625,0.6835306915797292,2.9312551117032766,2.0233019167535007
1768421490043053000,8.949052978515626,0.7277588326238096,2.921615176698565,1.6976307236090302
1768421490053053200,8.95905322265625,0.8110065862834454,2.6781489501625297,1.103255256167054
1768421490063053000,8.969052978515625,0.8945533228896557,2.1497657118052245,0.5658941269103437
1768421490073053200,8.97905322265625,0.859235341271013,1.3216238663256168,0.14383375805290416
1768421490083053000,8.989052978515625,0.5082957052268088,0.3650198915839195,-0.09462477812264114
1768421490093053200,8.99905322265625,0.09235548148378729,-0.3887976575344801,-0.25474870458338406
1768421490103053300,9.00905322265625,-0.40678047347068785,-0.9736182379066943,-0.4204897037409246
1768421490113053400,9.019053466796874,-0.90178152057752,-1.1684960823625326,-0.2144476555888541
1768421490123053300,9.02905322265625,-1.0386989051043987,-1.1445353610605,0.06577000116873533
1768421490133053200,9.03905322265625,-0.8067781549334525,-0.9082675215959548,0.2812846832009032
1768421490143053300,9.04905322265625,-0.5127110374510288,-0.37435529068410395,0.624888313801214
1768421490153053200,9.05905322265625,-0.34991716112866994,0.2815051575511694,0.9851039469085633
1768421490163053300,9.06905322265625,-0.47593175110816954,0.8075228358209132,1.1475625999271868
1768421490173053200,9.07905322265625,-0.9172866943538188,1.1251321569323538,1.2132886523563413
1768421490183053300,9.08905322265625,-1.299600396696478,1.2003624622225761,1.225992139650136
1768421490193053200,9.09905322265625,-1.3715163167417048,1.058543423259258,1.1432006053254007
1768421490203052300,9.10905224609375,-1.121261306848377,0.7296627665489912,0.9147301417388022
1768421490213052200,9.11905224609375,-0.9144003252625464,0.18066227209866045,0.6174706579558551
1768421490223052300,9.12905224609375,-0.9463782026730477,-0.3144219232469797,0.3931987785702571
1768421490233052200,9.13905224609375,-1.1903190609835088,-0.6060802260220051,0.2749178515827283
1768421490243052300,9.14905224609375,-1.4103519510924816,-0.5304460161060095,0.3641082566317171
1768421490253052200,9.15905224609375,-1.74408852340132,-0.34685178220868107,0.2592021768609062
1768421490263052300,9.16905224609375,-2.1437552193440497,-0.11093874753117561,0.18511976296417415
1768421490273052200,9.17905224609375,-2.414971038071066,0.4980968211650848,0.670177215944603
1768421490283052300,9.18905224609375,-2.5893700119912624,1.1319091037213802,1.3320352240942417
1768421490293052200,9.19905224609375,-2.528603116339445,1.5663526601433753,2.072251825622469
1768421490303052300,9.20905224609375,-2.302569670641422,1.8240993409663437,2.6903800707042214
1768421490313052200,9.21905224609375,-2.027125420564413,1.819143764385581,2.9354420419991016
1768421490323052300,9.22905224609375,-1.7348315963648258,1.4938982493072748,2.748929582567513
1768421490333052200,9.23905224609375,-1.3628303214609623,1.0280512543618678,2.378343581289053
1768421490343052000,9.249052001953125,-0.9875193374872208,0.2219084747225046,1.7411971858739852
1768421490353052200,9.25905224609375,-0.587016702177003,-0.8457961601138114,1.0920381349734962
1768421490363051300,9.26905126953125,0.1668704050462693,-1.6169903759688138,0.9684918348036706
1768421490373051100,9.279051025390626,0.9887656842865049,-2.2979268132716415,0.8848407610401511
1768421490383051300,9.28905126953125,1.3434427532933653,-2.702408362150192,0.8349341359682381
1768421490393051100,9.299051025390625,1.2653237408243119,-2.7499218084752557,0.8103241569772363
1768421490403051300,9.30905126953125,1.6901590725541114,-2.285339718899131,1.078567901090905
1768421490413051100,9.319051025390625,2.852948467707634,-1.6873972066253422,1.2221805454727261
1768421490423051000,9.329051025390624,4.471736248487234,-1.3754898965477942,0.9328597457345574
1768421490433051100,9.339051025390624,5.784165585488081,-1.667626922750473,0.5656018659655004
1768421490443051000,9.349051025390626,5.439349108499289,-2.9084166724294422,-0.4762495848856866
1768421490453051100,9.359051025390626,4.335207132625579,-3.800387723740935,-1.0225181701540946
1768421490463051000,9.369051025390625,4.214624942958355,-3.350941828498244,-0.8325185992591082
1768421490473051100,9.379051025390625,4.641494264733791,-2.1680144852012395,-1.1034759131804108
1768421490483051000,9.389051025390625,4.108839340406656,-0.3419897291302681,-2.2140793401531873
1768421490493051100,9.399051025390625,2.320705046790838,1.4378513679146765,-3.9150791018038986
1768421490503051000,9.409051025390625,-0.08280110587067901,2.2312790428876874,-5.283327356660366
1768421490513051100,9.419051025390624,-2.173299147605896,1.905653588581085,-5.3051405445396895
1768421490523051000,9.429051025390624,-2.4206197114825247,0.6997358303189277,-4.722945928756892
1768421490533050000,9.439050048828125,-1.0921101772964,-0.7076075866073369,-3.6196570625811813
1768421490543050000,9.449050048828125,0.23564064747691152,-1.9115297871381043,-2.2714501636259254
1768421490553050000,9.459050048828125,0.8573205936908721,-2.774591554829478,-1.1603970931895076
1768421490563050000,9.469050048828125,1.013227779239416,-3.118239572560787,-0.283476311493665
1768421490573050000,9.479050048828125,1.2154676768958568,-2.980473023858666,0.29311237404085694
1768421490583050000,9.489050048828124,1.5551625730872154,-2.3425544750273226,0.5056675486803055
1768421490593050000,9.499050048828124,1.6055647265911102,-1.3092483688771723,0.4598022348884493
1768421490603050000,9.509050048828126,1.023884782332182,-0.33865678531527516,0.4143337749270722
1768421490613049900,9.5190498046875,0.2850070281922817,0.4549012380391359,0.4720995890667662
1768421490623050200,9.52905029296875,-0.20164953054785728,1.0784218436837196,0.41463659379854795
1768421490633050000,9.539050048828125,-0.1392985805749893,1.536283685094118,0.2522550246041268
1768421490643050200,9.54905029296875,0.16359131031036375,1.6752578560203313,-0.058284431186318396
1768421490653050000,9.559050048828125,0.446432100379467,1.6274883891075849,-0.5395436974601819
1768421490663050200,9.56905029296875,0.6860860751509666,1.4928379265993832,-1.0715909747503698
1768421490673050000,9.579050048828124,0.8633341548919677,1.3794780894011258,-1.528583193719387
1768421490683050200,9.58905029296875,0.8603110076785087,1.3379974934995174,-1.8235006444208324
1768421490693050000,9.599050048828126,0.6185995158553124,1.3153285655736922,-1.9071688154496251
1768421490703049200,9.60904931640625,0.28637364037036894,1.2980126891136168,-1.7386752661809324
1768421490713049000,9.619049072265625,0.04960720373392105,1.393599553734064,-1.4827037783369421
1768421490723049200,9.62904931640625,-0.24271570042967794,1.596665380820632,-1.4317869533091783
1768421490733049000,9.639049072265625,-0.5786223102539777,1.7461311351448296,-1.29540060691908
1768421490743049200,9.64904931640625,-0.5429126989692449,1.8935247593700886,-1.0542238795597105
1768421490753049000,9.659049072265624,-0.2963087589293718,1.8583043929070233,-0.8686344532571733
1768421490763049200,9.66904931640625,-0.043910453397035594,1.6341571993470192,-0.8173748061411082
1768421490773049000,9.679049072265625,0.08468727581030688,1.341360832452774,-0.8184909506894648
1768421490783049200,9.68904931640625,0.05501404034667648,1.0057663573175668,-0.8241351671215146
1768421490793049000,9.699049072265625,-0.08547227957500145,0.7177203998208046,-0.7368532625749706
1768421490803049000,9.709049072265625,-0.2420207039028406,0.5542787271142006,-0.6628368631191551
1768421490813049000,9.719049072265625,-0.5166746803849935,0.5335749617815018,-0.502562130010873
1768421490823049000,9.729049072265624,-0.6776935098588466,0.6312579218983649,-0.13439272488746792
1768421490833049000,9.739049072265624,-0.7610299647152423,0.7945920425772667,0.40147111501619215
1768421490843049000,9.749049072265626,-0.8351771509438752,1.0122960513472556,0.9487747424207628
1768421490853049000,9.759049072265626,-0.8048591695696115,1.2679407914549112,1.2390103189162909
1768421490863049000,9.769049072265625,-0.5876905828505754,1.5265525646746159,1.3544351258203386
1768421490873048000,9.779048095703125,-0.12078384971916675,1.7439871088534593,1.489776200941205
1768421490883048000,9.7890478515625,0.5002390938907861,1.8858675226151942,1.630238126207143
1768421490893048000,9.799048095703125,1.1786848834216594,1.9013719657391308,1.7351845014557241
1768421490903048000,9.8090478515625,1.4242325924068688,1.7117314374148844,1.757771157925576
1768421490913048000,9.819048095703126,1.0511498058766127,1.3467495397537945,1.6025018318891524
1768421490923048000,9.8290478515625,0.44044601170718667,0.8973954144477844,1.337399527606368
1768421490933048000,9.839048095703125,0.051235681718587875,0.48314533574879165,0.9237016028974204
1768421490943048000,9.8490478515625,0.17844868770241737,0.34965865632295606,0.356682600142993
1768421490953048000,9.859048095703125,0.6079799221634864,0.39405835454165933,-0.28109168137945234
1768421490963048000,9.8690478515625,1.0074760838449002,0.5048375275969506,-0.9613533612258732
1768421490973048300,9.87904833984375,1.1659259396135806,0.5188982016533613,-1.7369462504312394
1768421490983048200,9.889048095703124,1.274423723733425,0.5135790524572134,-2.4520266571372744
1768421490993048000,9.899048095703124,1.5725602826118468,0.48519350045025345,-2.9993408059358595
1768421491003048200,9.909048095703126,2.0734628088474274,0.32954233548939227,-3.4160727645784617
1768421491013048000,9.919048095703126,2.192030736082792,0.23619185161888598,-3.7035245555743574
1768421491023048200,9.929048095703125,1.2795149093925953,0.46326048558354377,-3.6510616701483722
1768421491033048000,9.939048095703125,-0.08079028663807548,1.1701806744486092,-3.365886884173751
1768421491043047200,9.949047119140625,-0.920820713698864,1.910485831043124,-3.0920988768711686
1768421491053047300,9.95904736328125,-0.5934125041613355,2.5172084466218947,-2.7339564698413015
1768421491063047200,9.969047119140624,0.5140624520599841,2.873315548431873,-2.20935581876263
1768421491073047000,9.979047119140626,1.7355039426684378,3.0154525673031807,-1.6096967118293046
1768421491083047200,9.989047119140626,2.655570623129606,3.214246708419919,-0.8976199439186602
1768421491093047000,9.999047119140625,2.9273347233891487,3.559688623830676,-0.07082235265485942
1768421491103047200,10.009047119140625,2.7269302244663236,4.045408193981647,0.801676082554087
1768421491113047000,10.019047119140625,2.787007384288311,3.931727454265952,1.6045418132841587
1768421491123047200,10.029047119140625,3.389657635861635,2.421007249495387,2.2817948858991266
1768421491133047000,10.039047119140625,4.1382489747643465,-0.5144494055509568,3.0375659071728585
1768421491143047200,10.049047119140624,4.1214346180856225,-3.9464305178791284,3.68214683650285
1768421491153047000,10.059047119140626,2.729691505873203,-5.715200770333409,3.8630549000561234
1768421491163047200,10.069047119140626,0.970118120831251,-4.453053759849071,2.368951921956986
1768421491173047000,10.079047119140625,0.5945499472260475,-2.1069114894628522,-0.444676013959758
1768421491183047200,10.089047119140625,1.3726549653828144,-0.7783873422294855,-1.98002537734583
1768421491193047000,10.099047119140625,1.8985504785776137,0.204723531165719,-2.7016987525761125
1768421491203047000,10.109046875,1.4778256509065628,1.0921265439093113,-3.2894279138714073
1768421491213046000,10.1190458984375,0.8734984060317278,1.4873697243213653,-3.3813027722314
1768421491223046100,10.129046142578124,0.30444296554625033,1.0726759935081005,-3.002652122440934
1768421491233046000,10.1390458984375,0.045238487130403515,-0.07674304794073104,-1.9464552623078226
1768421491243046100,10.149046142578126,0.13469196356236934,-1.5573866788774728,-0.4646176723461598
1768421491253046000,10.1590458984375,0.6706704793542623,-2.756732073011994,0.7031618592448532
1768421491263046100,10.169046142578125,1.2856138107895851,-2.9606536401450634,1.746645514407754
1768421491273046000,10.1790458984375,1.8117478089153765,-2.084470525074005,2.4011320439413186
1768421491283046000,10.1890458984375,1.985632549703121,-0.6865601224035024,2.363837501552701
1768421491293046000,10.1990458984375,1.8290794674664734,0.7267980247676372,1.8711324564285576
1768421491303046000,10.2090458984375,1.5865017142027615,1.5140028797030447,1.0307822136957199
1768421491313046000,10.2190458984375,1.3223287997245787,1.6402029092520474,0.1757013252230361
1768421491323046100,10.229046142578126,1.1384465426661075,1.4124649977236985,-0.20283340657018123
1768421491333046300,10.23904638671875,1.2278349910378454,0.9239800545126199,-0.18395550495777277
1768421491343046100,10.249046142578125,1.587966818319261,0.21620821725428102,0.1317922235328704
1768421491353046300,10.25904638671875,1.8939887236200272,-0.5558341398626565,0.6808978588581085
1768421491363046100,10.269046142578125,2.012474817790836,-0.6232470494002104,1.2988332117162644
1768421491373046300,10.27904638671875,2.173912311068177,-0.21121815388202667,1.411595229151845
1768421491383046100,10.289046142578124,2.3114865520685908,0.4130974015325308,0.8332825693689286
1768421491393046000,10.2990458984375,1.9985143892385064,1.1897475447058676,-0.190362650320027
1768421491403045000,10.309045166015625,1.445860048455745,1.9835294399440286,-0.8380427695080638
1768421491413045200,10.319045166015625,1.1238333492934702,2.3287317013800144,-0.7328523563705385
1768421491423045000,10.329045166015625,1.0800479835808277,2.0298656591832636,-0.2735058476266451
1768421491433045200,10.339045166015625,1.275828329834342,1.381510472011566,0.14406793213495983
1768421491443045000,10.349045166015625,1.6190069764882324,0.9933072732388972,0.4118724628474563
1768421491453045200,10.359045166015624,2.0662141528934237,0.8719961847752332,0.5222170804103836
1768421491463045000,10.369045166015624,2.658506676581502,0.7853150956660508,0.4111866360077634
1768421491473045000,10.379044921875,3.1746736997053024,0.84434420773983,0.17009464605608954
1768421491483045000,10.389045166015626,3.340960532709956,1.3860785105794666,0.027761721020191907
1768421491493045000,10.399044921875,3.4491675171896814,1.9877561177283525,0.019473401553835718
1768421491503045000,10.409045166015625,3.562538460303843,2.2014760252982377,0.41897053134962914
1768421491513045000,10.419044921875,2.416952421146631,2.46757084774971,1.4367445757165551
1768421491523045000,10.429045166015625,0.5843365962475537,3.015841274359822,2.4839874372825026
1768421491533045000,10.439044921875,0.40663551204204557,3.052783057788014,2.353658345104754
1768421491543045000,10.449045166015624,1.9818325728982686,1.884823566520214,1.1935538781862705
1768421491553045000,10.459044921875,2.822119614201784,1.235213995373249,0.19548072398612273
1768421491563045000,10.469045166015626,2.4463901125550267,1.741190171611309,-0.30436661237441004
1768421491573044000,10.4790439453125,2.0161521911293265,2.5031898581415413,-0.6040886868786066
1768421491583044000,10.489044189453125,2.227353978398442,2.709916545823216,-0.8037026199456304
1768421491593044000,10.4990439453125,3.034558834311366,2.3806284773558377,-0.697414620829746
1768421491603044000,10.509044189453125,3.5468858408808708,1.781067423969507,-0.5295436604388057
1768421491613044000,10.5190439453125,3.5428017864376304,1.3574579807728528,-0.4086803522752598
1768421491623044000,10.529044189453124,3.0943449022322893,1.911439186245203,-0.27737350110653786
1768421491633044000,10.5390439453125,2.849960391807556,2.534900755178928,-0.21182452227734028
1768421491643044000,10.549044189453125,2.9065660761266945,2.6354133857637643,-0.09918963835276663
1768421491653044000,10.5590439453125,3.559980884775519,2.4729502027004955,-0.2833018682422116
1768421491663044000,10.569044189453125,4.423601455393434,2.1882500485002994,-0.574375868323259
1768421491673044200,10.579044189453125,4.43448174584806,1.8156740424484012,-0.7571637177411467
1768421491683044000,10.589044189453125,4.211095599788427,1.426123520720005,-0.929732115233317
1768421491693044200,10.599044189453124,3.916145269730687,1.5634236209541559,-1.0535961761154233
1768421491703044000,10.609044189453124,4.169581686139106,2.45740659660995,-0.8425604661282151
1768421491713044200,10.619044189453126,4.273071286708117,3.49821036503911,-0.493596660201624
1768421491723044000,10.629044189453126,3.6768320712208746,3.7623505462914704,0.118501072544232
1768421491733044200,10.639044189453125,3.4862218210816383,3.4345945096969603,-0.06176715873554348
1768421491743044000,10.649044189453125,3.323669790691137,3.04210442738533,-0.4493821823567152
1768421491753043200,10.659043212890625,3.3159500100940464,2.0328426291674373,-0.43787316554449496
1768421491763043000,10.66904296875,4.079456009534001,0.5943231527328491,-0.4797613193336874
1768421491773043200,10.679043212890624,4.5872839511185886,-0.21994448117315768,0.7540997270606458
1768421491783043000,10.68904296875,3.0680326493680474,-0.15791794084906577,3.876142929688096
1768421491793043200,10.699043212890626,-0.3586187923699617,-0.37309856862127777,5.892295120817423
1768421491803043000,10.70904296875,-1.8255121303737163,-1.6103852786153554,6.387854532459378
1768421491813043200,10.719043212890625,-0.894197495189309,-3.715923141637444,4.91046727297008
1768421491823043000,10.72904296875,-1.7418682170033455,-5.857191658732295,0.5059232770070433
1768421491833043200,10.739043212890625,-4.365313517075776,-7.260451605737209,-3.3355545820131898
1768421491843043000,10.74904296875,-4.387797151562571,-8.35048965293467,-4.992966692480445
1768421491853043200,10.759043212890624,1.430495159932971,-9.136003486043215,-4.154638968551159
1768421491863043000,10.76904296875,5.272534159967303,-9.034177434772252,-2.1696514387533066
1768421491873043000,10.77904296875,2.6386218264162538,-8.683285437262057,-0.4243095542900264
1768421491883043000,10.78904296875,-1.7364508681297302,-7.932232092159986,1.3345400465220212
1768421491893043000,10.79904296875,-3.3049200820356606,-7.480791808229684,3.1662381720542907
1768421491903043000,10.80904296875,-8.75514188220501,-7.323602181655168,0.43993572409749027
1768421491913043000,10.81904296875,-15.519742399877309,-6.276624108505248,-5.711045404219627
1768421491923043000,10.82904296875,-15.14845292650461,-4.450675340279936,-11.994288638603686
1768421491933042200,10.839042236328124,-2.5471640244245526,-4.072034335100651,-16.683324406713247
1768421491943042000,10.8490419921875,-1.884413232153654,-3.1252362995803353,-10.099967760419846
1768421491953042000,10.8590419921875,-9.056346596482395,-0.6103061731539666,-2.622275379510224
1768421491963042000,10.8690419921875,-12.304361134469508,2.4819728825896976,-0.21819223067834972
1768421491973042000,10.8790419921875,-12.263633987283706,6.382437183585763,-1.1253205191113054
1768421491983042000,10.8890419921875,-8.175207320308685,8.23995071837604,-4.660052542470395
1768421491993042000,10.8990419921875,-9.583007833352685,9.151628340676426,-5.74610327359736
1768421492003042000,10.9090419921875,-13.426328689891099,11.196832438766956,-3.2521254804372783
1768421492013042200,10.919042236328124,-15.518111583805084,13.546125282138584,-2.226642615258694
1768421492023042300,10.929042236328126,-13.226060969090462,16.771300796329975,-0.8147616279680281
1768421492033042200,10.939042236328126,-2.893122657185793,16.898976743650437,3.9773441270589824
1768421492043042300,10.949042236328125,6.384974593108892,10.246593907403945,5.873852286154031
1768421492053042200,10.959042236328125,9.4098508223176,2.0435218440920115,5.603935275065899
1768421492063042000,10.9690419921875,6.420694725787639,-1.3839349226795137,6.531330106458068
1768421492073042200,10.979042236328125,2.1435621809899805,-0.7306612760670482,7.434144623345136
1768421492083042000,10.9890419921875,-0.04174596883952617,0.6194577401198447,5.330502364811301
1768421492093042200,10.999042236328124,0.07726093433499336,1.6238815967872737,1.5843781461775301
1768421492103042000,11.0090419921875,1.4577438168644905,2.460908467251062,-1.4552012927748261
1768421492113042200,11.019042236328126,2.486933135345578,2.6419398649230597,-3.4503532198429108
1768421492123041300,11.029041259765625,2.678182267910242,2.1250933351024983,-3.7824008161514997
1768421492133041200,11.039041259765625,2.2126713730514047,1.3097364446550608,-3.106719230636954
1768421492143041000,11.049041015625,1.0603525185078382,0.7544749901138246,-2.2418778860524293
1768421492153041200,11.059041259765625,0.22914719380438325,0.5644632903896272,-1.352037709289789
1768421492163041000,11.069041015625,-0.0094242464274168,0.626003216240555,-0.9804016144365072
1768421492173041200,11.079041259765624,-0.6131079327017068,0.8326969515006989,-1.1644536751039325
1768421492183041000,11.089041015625,-1.5389105264663696,0.994070658826828,-1.4568028827525674
1768421492193041200,11.099041259765626,-2.0628280175864697,1.231902824998647,-1.1998502749167381
1768421492203041000,11.109041015625,-2.375892096483707,1.4613656606234608,-0.3640452013328671
1768421492213041200,11.119041259765625,-2.4834599062770604,1.684720534761995,0.4911177759326994
1768421492223041000,11.129041015625,-2.0337568214029074,1.9247933194674551,0.8676382818266749
1768421492233041200,11.139041259765625,-1.3620225122094154,2.100770502489805,0.8541879947535693
1768421492243041000,11.149041015625,-0.845841752821207,2.209877358418703,0.6070430797047913
1768421492253041200,11.159041259765624,-0.21062311059832572,1.9670240030840038,0.21559037761688232
1768421492263041000,11.169041015625,0.07812544220983982,1.3423629952326417,-0.051769350203871724
1768421492273041000,11.179041015625,0.11400924101769923,0.8161147961426526,0.02842880662679672
1768421492283041000,11.189041015625,0.5943535478711128,0.6760111097298562,0.3062660893201828
1768421492293041000,11.199041015625,0.5709703341960907,1.0828975277930497,0.5520233494028449
1768421492303040000,11.2090400390625,0.3535135781854391,1.4930220509946346,0.5810049676068126
1768421492313040100,11.2190400390625,0.25026772324442864,1.9470358386747537,0.46395460532754657
1768421492323040000,11.2290400390625,0.032252748829126356,2.2819451080247757,0.7321271108359098
1768421492333039900,11.239039794921876,-0.052423430198431015,2.4073848207257686,0.9865931625530123
1768421492343040000,11.2490400390625,0.11673194397985935,2.367532410547882,1.0989943838521838
1768421492353040000,11.259039794921875,0.5284937129944562,2.2988846985183655,0.9472598078131675
1768421492363040300,11.269040283203125,0.823489635759592,2.2522503731153902,0.7810846184894442
1768421492373040600,11.27904052734375,0.9865987155109643,1.9036974860772489,0.566327769087255
1768421492383040800,11.289040771484375,1.1921294714063406,1.6049819582670926,0.5044409294947981
1768421492393040600,11.29904052734375,1.1921364856690169,1.6013848105579613,0.5911015603378414
1768421492403040800,11.309040771484375,0.9223270266085862,1.6319439072117208,0.7734808654874563
1768421492413040600,11.31904052734375,0.7116150686830282,1.5623900401227175,0.9404244088351726
1768421492423040500,11.32904052734375,0.43805882430970666,1.458741449599713,0.9107786276340484
1768421492433040600,11.33904052734375,0.1736895104765892,1.3244330785274505,0.6923007118821144
1768421492443040500,11.34904052734375,-0.0355623117685318,1.2100888334017246,0.5066112592712044
1768421492453040600,11.35904052734375,-0.13839783234298228,1.054812858428806,0.40327947961241006
1768421492463040500,11.36904052734375,-0.20145546928048133,0.8240876016527414,0.435671052390337
1768421492473040600,11.37904052734375,-0.11659575037956237,0.5621011643681675,0.6611606004700065
1768421492483040500,11.38904052734375,-0.0351005394756794,0.3294616714686155,0.8497931207954883
1768421492493040600,11.39904052734375,-0.009091653472185135,0.1509672540614847,0.7823805035188793
1768421492503039500,11.40903955078125,-0.10182546674907207,-0.05515584170385263,0.5333972671270371
1768421492513039600,11.41903955078125,-0.2691507028907537,-0.22413570405161007,0.21504180382341145
1768421492523039500,11.42903955078125,-0.3356248702734709,-0.3345877092454582,0.03570201250016689
1768421492533039600,11.43903955078125,-0.34394027867615223,-0.3496642458135262,0.04671966559886932
1768421492543039500,11.44903955078125,-0.24487200168073175,-0.3660466773483902,0.07626169416457414
1768421492553039600,11.45903955078125,-0.05773205800056457,-0.4111353076793253,-0.03125789257287979
1768421492563039500,11.46903955078125,-0.003398410266637802,-0.3549536209259182,-0.19562427890896797
1768421492573039600,11.47903955078125,-0.013311316993832588,-0.20634711377955972,-0.19977409206479788
1768421492583039500,11.48903955078125,0.07638005984723567,-0.17224888321422038,-0.1202677168905735
1768421492593039600,11.49903955078125,0.04703238480985164,-0.21835978753129018,-0.1316550800845027
1768421492603039500,11.50903955078125,-0.0838683697760105,-0.1831107794956304,-0.3314391090214252
1768421492613039600,11.51903955078125,-0.3123614835858345,-0.09391345151551067,-0.5099553090021014
1768421492623039500,11.52903955078125,-0.327860666012764,-0.004257036389969289,-0.22458850758671758
1768421492633039600,11.53903955078125,-0.14035598067343233,0.07065762707982212,0.30740999865829943
1768421492643039700,11.549039794921875,0.07368307584822177,0.14767474272157996,0.6907707258358597
1768421492653039600,11.55903955078125,0.17779110057651995,0.19921865013912318,0.8373848901212215
1768421492663039700,11.569039794921874,0.28708441898822784,0.18476999967843294,0.8614487795367837
1768421492673039600,11.57903955078125,0.30670681882500644,0.1376513248246163,0.7095362165823579
1768421492683038700,11.589038818359375,0.13727613483667372,0.14744444109704344,0.4306561468377709
1768421492693038600,11.59903857421875,-0.12067395960390567,0.19575561367105693,0.17235446248054503
1768421492703038700,11.609038818359375,-0.32695874873697756,0.1870583298113197,0.15614946987181902
1768421492713038600,11.61903857421875,-0.24586685793697832,0.15597962973024695,0.4629442592412233
1768421492723038700,11.629038818359374,0.13773206191062926,0.18194643015768378,0.8360013268083334
1768421492733038600,11.63903857421875,0.4708317976206541,0.15342906846459953,0.9798398889005183
1768421492743038700,11.649038818359376,0.5321452212393284,-0.07469130304269492,0.8910372775927186
1768421492753038600,11.65903857421875,0.3614326807469129,-0.26343020635209974,0.8183204164281487
1768421492763038700,11.669038818359375,0.16889058576226235,-0.3526914481475949,0.7957812523618341
1768421492773038600,11.67903857421875,-0.007412906605005264,-0.369396572298184,0.5051978853419423
1768421492783038700,11.689038818359375,-0.07670622306168079,-0.2832026091188192,0.1036193644285202
1768421492793038600,11.69903857421875,-0.08323182543814182,-0.17744995898865162,-0.13741817365586756
1768421492803038700,11.709038818359375,-0.0757604666441679,-0.07076638468392193,0.020894027207791804
1768421492813038600,11.71903857421875,0.15440613333582878,0.045552813776582476,0.3814519709467888
1768421492823038500,11.72903857421875,0.4155956480890512,0.039276144659891724,0.5698951061800122
1768421492833038600,11.73903857421875,0.3244108178198337,-0.07907572867199777,0.5517413175910711
1768421492843038500,11.74903857421875,0.03275719121992588,-0.10995141699425875,0.6246490251526237
1768421492853038600,11.75903857421875,-0.09916939928233623,-0.08923910302892327,0.47453211344331503
1768421492863038500,11.76903857421875,-0.23096564140319822,-0.07813771716952324,0.24551176088899374
1768421492873038600,11.77903857421875,-0.4029173683017492,0.06998290615603327,0.004177285684645176
1768421492883037400,11.789037353515624,-0.31701369330585,0.2536066584087908,-0.2596662507086992
1768421492893037600,11.79903759765625,-0.09859481426477432,0.19388203835152087,-0.4127659776210785
1768421492903037400,11.809037353515626,0.09320435339808464,-0.07526267318986356,-0.324266733174026
1768421492913037600,11.81903759765625,0.3258376357525587,-0.36781792480461295,-0.15579320378005504
1768421492923037400,11.829037353515625,0.3607750936210155,-0.5653360546361654,-0.05017097509652376
1768421492933037600,11.83903759765625,-0.07067512620389461,-0.4885752518430352,0.05595218884646892
1768421492943037400,11.849037353515625,-0.5611410140991211,-0.08412585166841745,0.0446881597712636
1768421492953037600,11.85903759765625,-0.5575631556123495,0.41567843100167806,-0.18153730136752128
1768421492963037400,11.869037353515624,-0.2614835292637348,0.8278401591192931,-0.3506052895233035
1768421492973037600,11.87903759765625,-0.2012427033126354,0.7905267658997327,-0.6250204888135195
1768421492983037700,11.88903759765625,-0.01886953564286232,0.4635827032752335,-0.799907538511604
1768421492993037800,11.899037841796876,0.39569618487656116,0.17057758900113404,-0.5627811825215816
1768421493003037700,11.90903759765625,0.6390811628699302,-0.0035058161638677116,-0.08950506048873066
1768421493013037600,11.91903759765625,0.6060398940116166,-0.036220702612027526,0.30766309663653374
1768421493023037700,11.92903759765625,0.13851765933036803,0.06227576584480703,0.36806276641115543
1768421493033037600,11.93903759765625,-0.5951899986952542,0.3649032064016908,-0.049401744289696216
1768421493043037700,11.94903759765625,-1.2760749980717896,0.7749015459403396,-0.2999333791673183
1768421493053037600,11.95903759765625,-1.029136711511016,0.8673884717840701,0.1768558655530214
1768421493063037700,11.96903759765625,-0.37637306024730205,0.5704483561486006,0.6681381843976676
1768421493073037600,11.97903759765625,0.0316799173772335,0.2358652500130236,0.8181026820242404
1768421493083036700,11.98903662109375,0.29247254176735876,0.13317264504060147,0.5644347949475049
1768421493093036500,11.99903662109375,-0.08139175052940845,0.3033101621240377,0.028475276117026806
1768421493103036700,12.00903662109375,-0.4035270246326923,0.4771783901683986,-0.5604891260616481
1768421493113036500,12.01903662109375,-0.5352683216959238,0.4994983585260808,-0.9331368821755051
1768421493123036700,12.02903662109375,-0.6021785424083471,0.28146994010731574,-1.138782642752677
1768421493133036500,12.03903662109375,-0.5236123706936836,0.019982465320825576,-1.062259959564358
1768421493143036700,12.04903662109375,-0.25467969446778294,-0.22003595884889363,-0.5841375665441155
1768421493153036500,12.05903662109375,0.2843675612449646,-0.44926118632555007,0.034694150631874796
1768421493163036700,12.06903662109375,0.6310615225434303,-0.3771986974164843,0.4911880646899342
1768421493173036500,12.07903662109375,0.7525941448032856,-0.4270598759114742,0.48401335075497626
1768421493183036700,12.08903662109375,0.616988573527336,-0.8181370226852596,-0.05643222744837403
1768421493193036500,12.09903662109375,0.5116396088272332,-1.0275944505050778,-1.0965345696099102
1768421493203036700,12.10903662109375,0.192211255595088,-2.0286540914364157,-1.4718560749776661
1768421493213036500,12.11903662109375,0.09915420171320438,-2.0271002861231566,-0.6354916139453649
1768421493223036400,12.129036376953126,0.41152094599604605,-1.612923418790847,0.6357622475802898
1768421493233036500,12.13903662109375,1.3758008621931075,-2.0508172617971896,0.2940625874377787
1768421493243036400,12.149036376953125,2.3165660472899674,-2.1532411328308285,-0.6047501464620232
1768421493253036500,12.15903662109375,0.8772475294321775,-1.4483442664869128,-1.2825836493134497
1768421493263036400,12.169036376953125,-0.5690314750880002,-0.8854119850568473,-1.176027208519727
1768421493273035500,12.179035400390624,-0.25639643525779243,-0.7696540006756782,-0.8249814817525446
1768421493283035400,12.189035400390624,0.5266466238230466,-1.084800292674452,-0.6470259843945503
1768421493293035500,12.199035400390626,0.7791326076388359,-1.3462223010092973,-0.4541229471430182
1768421493303035400,12.209035400390626,0.48851943000257014,-1.3754822977632284,-0.1779454143553972
1768421493313035500,12.219035400390625,-0.20345511866509913,-1.2917309784956275,-0.027496932604163884
1768421493323035400,12.229035400390625,-0.6994236956298351,-1.071743169637397,0.011200170058757066
1768421493333035800,12.239035888671875,-0.7906067723333835,-0.7966078393790871,0.03290712108463049
1768421493343035600,12.24903564453125,-0.6088257253378629,-0.552229977890849,-0.026253362283855674
1768421493353035800,12.259035888671875,-0.34836803199052807,-0.3190409613497555,-0.04186988748013973
1768421493363035600,12.26903564453125,-0.182115978038311,-0.0624517799988389,-0.03795768247246742
1768421493373035800,12.279035888671874,-0.1414560508698225,0.29108254871368405,-0.09356368822976946
1768421493383035400,12.289035400390626,-0.16337854434251783,0.7011201973494142,-0.11126505687609314
1768421493393035500,12.299035400390625,-0.23929390928745267,1.0147002629447728,-0.12222191969826816
1768421493403035400,12.309035400390625,-0.19117606732845305,1.1935239945046603,-0.21463409980535506
1768421493413035500,12.319035400390625,-0.07055646826028823,1.2453691864237189,-0.3384747067466378
1768421493423035400,12.329035400390625,0.06132628310024738,1.2050740009143948,-0.458899660025537
1768421493433035300,12.33903515625,0.21227555398046968,1.0487123495966195,-0.5830694989211856
1768421493443035400,12.349035400390624,0.1508925722569227,0.8619528566014021,-0.6727398329742252
1768421493453035300,12.35903515625,-0.0028898762226104734,0.6471706535622477,-0.6957118354998528
1768421493463035400,12.369035400390626,-0.1032879405170679,0.4162956861171871,-0.5677637932397425
1768421493473034500,12.379034423828125,-0.14148527696430682,0.3698222503643483,-0.3145781367219984
1768421493483034400,12.389034423828125,-0.16555764194726943,0.3770802586685866,-0.04849763505682349
1768421493493034200,12.3990341796875,-0.16771335867643355,0.37102322365194557,0.3208576553829014
1768421493503034400,12.409034423828125,-0.12006430327296257,0.33940468107312916,0.7246477148659527
1768421493513034200,12.4190341796875,-0.002235211706161499,0.22702201834395527,1.0414287684597074
1768421493523034400,12.429034423828124,0.18726210875511168,0.028422742212191224,1.2238840614549815
1768421493533034200,12.4390341796875,0.4099298774123192,-0.2096197787746787,1.241020051303506
1768421493543034400,12.449034423828126,0.4307113841563463,-0.3169940387573093,1.1080432210959494
1768421493553034200,12.4590341796875,0.2693763283401728,-0.18401450513601303,0.842318839392066
1768421493563034400,12.469034423828125,0.15201660785079002,-0.011962021276727318,0.6425299881495535
1768421493573034200,12.4790341796875,0.12697978174984453,0.05946567686013877,0.49673400837928056
1768421493583034400,12.489034423828125,0.1581090795069933,0.13242292265184222,0.3680544369742274
1768421493593034200,12.4990341796875,0.16571370929181575,0.17032529474049807,0.24515198766589164
1768421493603034600,12.50903466796875,0.1420920106858015,0.15478380754180251,0.12400631889700889
1768421493613034500,12.519034423828124,0.15284721345603466,0.10560476609207689,0.04483502089604735
1768421493623034400,12.529034423828126,0.1708002187758684,0.05899674417413771,-0.00797711635902524
1768421493633034500,12.539034423828125,0.08860650421380996,0.0877425808608532,-0.039700142225623125
1768421493643034400,12.549034423828125,0.029126141241192817,0.060538201462477445,-0.09223886936679482
1768421493653034500,12.559034423828125,-0.0106704470962286,0.04563245488405227,-0.14747545728981495
1768421493663034400,12.569034423828125,-0.09004033640921115,0.012518924507126212,-0.1811276976533234
1768421493673033500,12.579033447265624,-0.11476268973350524,-0.0022799276307225226,-0.18556480331793426
1768421493683033300,12.589033447265624,-0.10386018744707107,0.0005767039094120264,-0.17434490564540028
1768421493693033500,12.599033447265626,-0.0661485886901617,-0.04517923122383654,-0.1586801573932171
1768421493703033300,12.609033447265626,-0.0551560700327158,-0.08583857387043535,-0.1375593356922269
1768421493713033500,12.619033447265625,-0.09069733901321887,-0.17270429883152247,-0.1264841071873903
1768421493723033300,12.629033447265625,-0.1454600258141756,-0.198358745374158,-0.0852009335540235
1768421493733033500,12.639033447265625,-0.1622615230113268,-0.1865845017544925,-0.04286898152008652
1768421493743033300,12.649033447265625,-0.17402268795371054,-0.20669994580522177,0.010929390293359756
1768421493753033500,12.659033447265625,-0.21306641209721564,-0.21154563227072357,0.09815130828097463
1768421493763033300,12.669033447265624,-0.12271861717402935,-0.231308317361027,0.21739318925514817
1768421493773033500,12.679033447265626,0.08782967462241649,-0.2733740196742117,0.30004151571691035
1768421493783033300,12.689033447265626,0.23721593396961688,-0.31588812334202226,0.2970969866976142
1768421493793033500,12.699033447265625,0.2612123111069202,-0.3169820560585707,0.24225933496430516
1768421493803033300,12.709033447265625,0.17894670035243032,-0.2141057650823146,0.14643033215105533
1768421493813033200,12.719033203125,0.08578618609607219,-0.055486872889660296,0.09932415145263075
1768421493823033300,12.729033447265625,0.038517654442787166,0.06679941728170961,0.07976137284860015
1768421493833033200,12.739033203125,0.027252748584747313,0.1598974972937256,0.04732186927571892
1768421493843033300,12.749033447265624,0.08202361869215964,0.17365264906492084,-0.023892624501883983
1768421493853033200,12.759033203125,0.11812310607731341,0.12976199634689836,-0.13890125182047486
1768421493863033300,12.769033447265626,0.13715806141495704,0.13127196251843123,-0.18253829510360955
1768421493873033200,12.779033203125,0.09774024326205254,0.141763290188089,-0.22262787503823636
1768421493883032300,12.7890322265625,-0.039000469523668285,0.14381635026037692,-0.21682810271829364
1768421493893032200,12.7990322265625,-0.16222352908849716,0.14636351399254052,-0.13705766978040337
1768421493903032300,12.8090322265625,-0.19659575428962706,0.1416262563375756,-0.08579261583685874
1768421493913032200,12.8190322265625,-0.23536592218875885,0.07242529433947056,-0.0653626990094781
1768421493923032300,12.8290322265625,-0.21474340539872644,0.009813136147148906,-0.010796119302511214
1768421493933032200,12.8390322265625,-0.14333470422327518,-0.029903482289239763,0.03591887012124061
1768421493943032600,12.849032470703126,-0.12377192561924456,-0.08866287404354661,0.020807371837645767
1768421493953032400,12.859032470703125,-0.03220890968739986,-0.10758881604876369,0.003168839294463396
1768421493963032600,12.869032470703125,0.011855272966623306,-0.07963606596849858,0.019206220251321793
1768421493973032400,12.879032470703125,-0.02510872229337692,-0.03747066614050418,0.03053688482195139
1768421493983032600,12.889032470703125,-0.05542787271142006,-0.023740612277947364,0.012887100232392548
1768421493993032400,12.899032470703125,-0.06982932302951812,-0.020001023890823123,0.025589491547644137
1768421494003032300,12.9090322265625,-0.07436229028403758,-0.031430070802010594,0.057950961448252195
1768421494013032400,12.919032470703126,-0.015346622213721274,-0.06338898778371513,0.05581760268136859
1768421494023032300,12.9290322265625,-0.01642915675342083,-0.06206716459542513,0.06010872400403022
1768421494033032400,12.939032470703125,-0.03253624194562435,-0.06331968540716916,0.05445815089643001
1768421494043032300,12.9490322265625,-0.008009703454375267,-0.009701967390254139,0.04828779169842601
1768421494053032400,12.959032470703125,-0.02352934414744377,0.007995053874514997,0.04824482933953404
1768421494063032300,12.9690322265625,-0.09934709393680095,-0.033678909174725415,0.011907879936695098
1768421494073032400,12.979032470703125,-0.033435821133852,-0.044664121308550235,0.007834785278886557
1768421494083031300,12.98903125,0.04572948551774025,-0.016467881328612564,0.013652970038354396
1768421494093031400,12.999031494140626,0.07862579294741154,-0.010728935817815363,0.020190262852609157
1768421494103031300,13.00903125,0.08035305513143538,0.0007031433006748557,0.018581658612191677
1768421494113031400,13.019031494140625,0.07171206803619862,-0.0043352161927148695,0.008653115924447775
1768421494123031300,13.02903125,0.016100070929527283,-0.01159424741026014,0.008476298052817582
1768421494133031400,13.039031494140625,-0.014745149189233779,-0.013739625408500431,0.02347074582800269
1768421494143031300,13.04903125,-0.035950434303283686,-0.04798975859992206,-0.0038771336942911147
1768421494153031400,13.059031494140624,-0.011099486163258551,-0.026489436062052844,0.025198300272971392
1768421494163031300,13.06903125,-0.06774608701467513,0.02565689422804862,0.05161810516491532
1768421494173031400,13.079031494140626,-0.07603811454176902,0.025922486361674962,0.07270590137913822
1768421494183031300,13.08903125,-0.04640986899733543,0.016961436999216675,0.09585413725450634
1768421494193031400,13.099031494140625,-0.07599778253138065,0.0034467429203912615,0.09817892694026231
1768421494203031300,13.10903125,-0.10585632970035075,-0.03145067519862205,0.027117724028229713
1768421494213031200,13.11903125,-0.007858896806836128,-0.052194809074327345,0.023827011919766664
1768421494223031300,13.12903125,0.09988251598775386,-0.04394673028681427,0.004491612330824136
1768421494233031200,13.13903125,0.12176409292817116,-0.06253207869343459,-0.02108180486485362
1768421494243031600,13.149031494140624,0.03944412163794041,-0.03675502868443727,-0.008318331012129783
1768421494253031400,13.159031494140624,-0.03227379161715507,0.010021116342023014,0.009650894790142774
1768421494263031600,13.169031494140626,-0.06215922679305076,-0.043490949343331156,-0.01622968865856528
1768421494273031400,13.179031494140625,-0.015097031366825104,-0.08303966386690735,0.014937164629995822
1768421494283031600,13.189031494140625,0.01973521256148815,-0.0888780876968056,0.043171179337054486
1768421494293030400,13.199030517578125,0.013708791878819465,-0.04969703744184226,0.025386516321450472
1768421494303030500,13.209030517578125,0.04301847299337387,-0.0006230272691696882,0.035149493183940644
1768421494313030400,13.219030517578124,0.08497194710373877,-0.022674517416395246,0.02731120077371597
1768421494323030500,13.229030517578124,0.09228782307505608,-0.007846183455735444,0.04343231449127197
1768421494333030400,13.239030517578126,0.04943535429835319,-0.004353774762712419,0.020382862815260885
1768421494343030500,13.249030517578126,-0.01695464193224907,-0.034840427234768864,-0.004466331759095192
1768421494353030400,13.259030517578125,-0.09628536827862262,-0.027840923736244437,0.004854892685264348
1768421494363030500,13.269030517578125,-0.1358130765467882,-0.002670680513978004,0.00010024550408124924
1768421494373030400,13.279030517578125,-0.14530045133829117,-0.0027264292892068623,0.02672083366513252
1768421494383030500,13.289030517578125,-0.16925006672441958,-0.01443312409799546,0.03754106449559331
1768421494393030700,13.29903076171875,-0.149942724186182,-0.010801343466900289,0.06168211080059409
1768421494403030500,13.309030517578124,-0.10448737943470478,-0.00834956640060991,0.04800137597247958
1768421494413030700,13.31903076171875,-0.10964636963307857,-0.003996412692405283,0.001402706404775381
1768421494423030500,13.329030517578126,-0.0812678318887949,0.027114253429509697,-0.04350187259614467
1768421494433030700,13.33903076171875,-0.04315115946233272,0.04341945500969886,-0.05241203202158212
1768421494443030500,13.349030517578125,-0.022377251502871513,0.02848415354322642,-0.026694530180096626
1768421494453030700,13.35903076171875,-0.010296353086829186,0.039806561742164195,-0.014103928676247596
1768421494463030500,13.369030517578125,-0.0201034613519907,0.04911357499808073,-0.0012310030996799469
1768421494473030700,13.37903076171875,-0.060194064199924464,0.0565109917730093,0.013257248719036578
1768421494483030500,13.389030517578124,-0.07053425642848014,0.03372391736023128,-0.0014316402383148668
1768421494493030700,13.39903076171875,-0.0526461330384016,-0.010662519518099725,0.007826748102903366
1768421494503030500,13.409030517578126,-0.025239655196666717,-0.03932659620549529,0.01907017278149724
1768421494513029600,13.419029541015625,0.04060030593574047,-0.06645626639984548,0.019054829081892967
1768421494523029500,13.429029541015625,0.07597089452445506,-0.060945211360789835,0.007077537170797586
1768421494533029600,13.439029541015625,0.046643093231320376,-0.03435253411997109,0.011515519618242978
1768421494543029500,13.449029541015625,-0.002229366487264633,-0.01950702982880175,0.014018588480353355
1768421494553029600,13.459029541015624,-0.011431494596600532,-0.021101130619831383,0.020109891092777252
1768421494563029500,13.469029541015624,-0.026896190232038496,-0.046059411591850216,0.026846652001887558
1768421494573029600,13.479029541015626,-0.03111410018801689,-0.05553823775071651,0.05422229631394147
1768421494583029500,13.489029541015626,-0.004912906482815742,-0.06727098031621426,0.043659547375887627
1768421494593029400,13.499029296875,-0.0024596681118011473,-0.06165862032715231,0.04583908337205648
1768421494603029500,13.509029541015625,-0.021348492977023122,-0.04673226935211569,0.02733955008536577
1768421494613029400,13.519029296875,-0.0016144494593143461,-0.037674116290733216,0.01603884226158261
1768421494623029800,13.52902978515625,0.038732758498191834,-0.037526378383114935,-0.014565116447210312
1768421494633029600,13.539029541015625,0.04481470876038074,-0.02839505048766732,-0.05803454807847738
1768421494643029800,13.54902978515625,0.05736088660061359,-0.03591079641263932,-0.054392684444785115
1768421494653029600,13.559029541015626,0.04852408467233181,-0.04695047868005931,0.0017906828090548514
1768421494663029800,13.56902978515625,0.06787994252741336,-0.04468162043262273,0.053205520486831664
1768421494673029600,13.579029541015625,0.08783493531942367,-0.025128522972390054,0.05690744374468922
1768421494683029800,13.58902978515625,0.01833060646057129,0.01829984599612653,0.03671586571782827
1768421494693029600,13.599029541015625,-0.04403554108142853,0.030163484932295977,0.04646919796913862
1768421494703029800,13.60902978515625,-0.0643102673470974,0.032720841264910996,0.02718406726270914
1768421494713029600,13.619029541015625,-0.0475526092916727,0.025756957069039344,0.010567863504588604
1768421494723028700,13.62902880859375,-0.029855040037631987,0.010364596017450094,0.006045709905028343
1768421494733028600,13.639028564453126,-0.06255144098103047,0.00816135035213083,0.03402896472141147
1768421494743028700,13.64902880859375,-0.06158347273170948,0.00601085778735578,0.05862520744800567
1768421494753028600,13.659028564453125,-0.04030570690333843,-0.007112645016796887,0.03829743582084775
1768421494763028700,13.66902880859375,-0.014122633376717566,-0.03709094610791653,0.04109568823724985
1768421494773028600,13.679028564453125,-0.003072247052192688,-0.052986543973907826,0.02996712210997939
1768421494783028500,13.689028564453125,-0.004448796102404594,-0.03154818075634539,0.034653672491014004
1768421494793028600,13.699028564453124,0.015095277801156043,-0.0007733224600553512,0.033372254378348586
1768421494803028500,13.709028564453124,-0.0002443301498889923,-0.010889569739624858,0.03419891446083784
1768421494813028600,13.719028564453126,-0.01634673916697502,-0.025488771119527517,0.014758154801279306
1768421494823028500,13.729028564453126,-0.03062953154146671,-0.013538111487030982,0.017484218764305115
1768421494833028600,13.739028564453125,-0.026338556349277495,-0.03843235077951103,0.022466391091048716
1768421494843028500,13.749028564453125,-0.014540566527843475,-0.04851115212552249,0.01579538889452815
1768421494853028600,13.759028564453125,0.028868367087841032,-0.04249433952141553,0.040246670192480086
1768421494863028500,13.769028564453125,0.009863222366571426,-0.021738296012207864,0.020096739350259303
1768421494873028600,13.779028564453125,-0.07115677224099635,-0.011097549934498964,-0.005875760165601969
1768421494883028500,13.789028564453124,-0.12908055342137814,0.019122268294915555,-0.014418693713843822
1768421494893028600,13.799028564453126,-0.03949614408612251,0.013397753168269992,-0.009873597630113362
1768421494903028500,13.809028564453126,0.10429624077677727,-0.033544578737951816,-0.03411927335336804
1768421494913028400,13.8190283203125,0.15659692137837408,-0.05771686043143272,-0.0389148370668292
1768421494923028700,13.82902880859375,0.07185819850862026,-0.02245108392406255,0.0024986849479377267
1768421494933028600,13.839028564453125,0.015755203014612196,0.027164887638203798,0.020023235722631216
1768421494943027500,13.84902734375,-0.03305412833988666,0.02307137124687433,0.023425006990134715
1768421494953027600,13.859027587890624,-0.05035656079649925,0.0007629837291315198,0.0354367856927216
1768421494963027500,13.86902734375,-0.1192740296781063,-0.007843370444141328,0.03356894599422812
1768421494973027600,13.879027587890626,-0.12895312764942646,-0.046725583883002395,0.012294979558140039
1768421494983027700,13.88902783203125,-0.03370353215932846,-0.09531560993101447,0.04248991907462477
1768421494993027600,13.899027587890625,0.1051525653451681,-0.14302322712130844,0.04660013087242842
1768421495003027700,13.90902783203125,0.14190321011543272,-0.10586853159479796,0.03633388066291809
1768421495013027600,13.919027587890625,0.10054010311365127,-0.05338675880525261,-0.008269815695285797
1768421495023027700,13.92902783203125,0.07534720966815948,-0.03845291864350438,-0.02790595179647207
1768421495033027600,13.939027587890624,0.04278992493450642,0.009890000775642692,-0.02888926374539733
1768421495043027700,13.94902783203125,0.007432195827364921,0.054138636618480084,0.013918927498161792
1768421495053027600,13.959027587890626,-0.0311006561845541,0.031302023975551124,0.02279971469864249
1768421495063027700,13.96902783203125,-0.06340659650564193,0.02982690992169082,0.0317453838288784
1768421495073027600,13.979027587890625,-0.09028349751532078,0.02857738478463143,0.030196400821208953
1768421495083027700,13.98902783203125,-0.07670154688656329,0.016758059914223848,0.015685791040211915
1768421495093027600,13.999027587890625,-0.0446247391462326,0.00041848114039748905,-0.0010208674803376197
1768421495103027500,14.00902734375,-0.033092122262716295,0.007574380777031183,0.0026990298256278035
1768421495113027600,14.019027587890625,-0.034441783306002616,0.027999073440022764,-0.00653100920394063
1768421495123027500,14.02902734375,-0.03531447448730469,0.020307970948144793,-0.019463263752311468
1768421495133027600,14.039027587890626,-0.009247136294841765,0.005339534397050738,0.008798661874979734
1768421495143027500,14.04902734375,0.01338788936138153,-0.01245977819841355,0.004640373151749372
1768421495153027600,14.059027587890625,0.021406360644102094,-0.026199147878587244,-0.0007946575090289115
1768421495163027500,14.06902734375,-0.00885609115064144,-0.03485748796742409,0.015046616353839635
1768421495173026600,14.079026611328125,-0.015490414598584175,-0.03957932885754853,0.02397869535014033
1768421495183026400,14.0890263671875,-0.011059154152870178,-0.023499204737506805,0.022927871122956276
1768421495193026600,14.099026611328124,-0.0058615855097770685,-0.013154738192632794,0.012190642400830983
1768421495203026400,14.1090263671875,-0.005370002600550651,-0.03000102437958121,0.01884367054924369
1768421495213026600,14.119026611328126,-0.04187047200202942,-0.04065810053758323,0.03218319072425365
1768421495223026400,14.1290263671875,-0.042512861558794975,-0.0645789282206446,0.022429858472943303
1768421495233026600,14.139026611328125,-0.0030038579910993575,-0.06055065908525139,0.06369491192772984
1768421495243026400,14.1490263671875,0.052346273308992386,-0.04428659323304891,0.04509805574640632
1768421495253026600,14.159026611328125,0.08831307422518729,-0.04627809584382921,0.019125702361017464
1768421495263026400,14.1690263671875,0.08336918808221816,-0.02684369285982102,0.019703794509917497
1768421495273026800,14.17902685546875,0.052183776223659516,-0.00785688751284033,-0.006570756692439317
1768421495283026700,14.189026611328124,0.02350011805295944,-0.011119871364161371,-0.026617373290657994
1768421495293026600,14.199026611328126,-0.020453005442023275,0.004924779583700001,-0.009848317058384418
1768421495303026700,14.209026611328126,-0.026835399955511093,-0.006713635761849582,-0.0065511752091348165
1768421495313026600,14.219026611328125,-0.014522446349263191,-0.005142879313789307,-0.005086801744997501
1768421495323026700,14.229026611328125,0.004817044892907143,-0.006397482484765351,-0.0015565817922353743
1768421495333026600,14.239026611328125,-0.027024785047769544,-0.020777232427708802,0.008097381737828254
1768421495343026700,14.249026611328125,-0.021506898409128186,-0.028722017419710755,-0.0021159692406654356
1768421495353026600,14.259026611328125,-0.024075872114300727,-0.02364599279705435,0.00406052743718028
1768421495363026700,14.269026611328124,-0.024725275933742522,0.007602255164645612,-0.012947744378447533
1768421495373026600,14.279026611328124,-0.009822305834293365,0.004459719355218112,0.00011968085691332816
1768421495383027700,14.28902783203125,0.03814999017417431,0.004867679101601243,0.00827814513221383
1768421495393026800,14.29902685546875,0.06248129835426807,0.010449680485017597,0.025513649832457304
1768421495403027000,14.30902685546875,0.058089785397052764,0.006030073944479227,0.00047813890576362607
1768421495413026800,14.31902685546875,0.024669746354222297,0.003166464674286544,0.004856500120460986
1768421495423026700,14.329026611328125,-0.00008534019589424133,-0.019212248133309184,0.021227350815385577
1768421495433026800,14.33902685546875,-0.0009258826732635498,-0.00618928309418261,0.009302958135306835
1768421495443026700,14.349026611328124,-0.0026776947766542435,-0.013066658050380646,0.0315766031332314
1768421495453026800,14.35902685546875,0.00930792657136917,-0.014677856106683611,0.02721986922845244
1768421495463026700,14.369026611328126,0.011412789896130562,-0.01828121436089277,0.011003332312405108
1768421495473026800,14.37902685546875,0.021786884394288063,-0.03274213978126645,-0.009706716630607843
1768421495483026700,14.389026611328125,0.03849602713286877,-0.041315322337299586,-0.0026934768676757813
1768421495493026800,14.39902685546875,0.07812485768795013,-0.03806998374052346,0.008710837461054324
1768421495503027000,14.40902685546875,0.08773556659817695,-0.062212637480720874,0.01176686403080821
1768421495513027000,14.419027099609375,0.0733247639298439,-0.04045377360451966,0.01397387255579233
1768421495523027000,14.42902685546875,0.033922727867960925,-0.001665558592043817,0.0303783332593739
1768421495533026800,14.43902685546875,-0.01987725138068199,-0.0014907865470275281,0.028924773450195788
1768421495543027000,14.44902685546875,-0.032577742999792096,-0.006802410023845732,0.017997428983449935
1768421495553026800,14.45902685546875,0.07757949876487255,-0.025757249329984185,-0.0011374795973300934
1768421495563027000,14.46902685546875,0.170769239115715,-0.05238547280821949,-0.026761165675520896
1768421495573026800,14.47902685546875,0.07329553783535957,-0.0005546016754582524,0.007290595399588346
1768421495583027000,14.48902685546875,-0.03023439474403858,0.018023403674922882,0.03755933080464601
1768421495593026800,14.49902685546875,-0.0737608172595501,0.0003543663956224918,0.04149447829648852
1768421495603027000,14.50902685546875,-0.05548340229094028,-0.00589318622443825,0.03877309050858021
1768421495613026800,14.51902685546875,-0.06531330690979957,-0.032578802445717155,0.010167612140625715
1768421495623027000,14.52902685546875,-0.13098024956285953,-0.04667761655542999,-0.006233195301145315
1768421495633025800,14.53902587890625,-0.11915887886583805,-0.0626367446443066,0.039112113204598425
1768421495643026000,14.54902587890625,-0.030092940446734426,-0.08517824679818004,0.04702390924245119
1768421495653025800,14.55902587890625,0.045481063714623446,-0.09735781981572508,0.04942585581764578
1768421495663026000,14.56902587890625,0.07195581366419791,-0.049919886412285265,0.004757569790631532
1768421495673025800,14.57902587890625,0.10214987639784813,-0.017864779047109185,-0.03253083511814475
1768421495683026000,14.58902587890625,0.07852408613860606,0.00491403899397701,-0.025341800396889446
1768421495693025800,14.59902587890625,0.0428472080796957,0.021857392347231507,-0.013859744656831026
1768421495703026000,14.60902587890625,-0.03737549867033958,0.0486070502480492,0.025868308489024636
1768421495713025800,14.61902587890625,-0.10044131891429424,0.048444407032243904,0.04981061735153198
1768421495723026000,14.62902587890625,-0.11853402496576308,0.03165880152396858,0.059104369267076254
1768421495733025800,14.63902587890625,-0.10618600004613399,0.012316205009259283,0.0408320688650012
1768421495743025700,14.649025634765625,-0.07584346875250339,0.01484163183365017,0.006487316192686558
1768421495753025800,14.65902587890625,-0.025631284862756728,0.018010069269314408,-0.007473112359642982
1768421495763025700,14.669025634765624,0.0029302082329988478,0.025159612230397758,-0.0014513678520917891
1768421495773025800,14.67902587890625,0.015814239725470542,0.02239971906300634,0.00463394341096282
1768421495783025700,14.689025634765626,0.0052390696972608565,-0.009841595056653022,-0.011400661066919565
1768421495793025800,14.69902587890625,-0.0012765958070755003,-0.029131146209873258,-0.002997135989367962
1768421495803026000,14.70902587890625,-0.008735095119476318,-0.030590989629365503,0.008918050470948218
1768421495813026000,14.719026123046875,-0.03386076854765415,-0.04281403646245598,0.013299918816983699
1768421495823026000,14.72902587890625,-0.01803776099383831,-0.033810243936814366,0.031243571786582467
1768421495833026000,14.739026123046875,0.013898761492967605,-0.042670207544974983,0.017540917387604712
1768421495843026000,14.74902587890625,0.06653729574680328,-0.03168075762744993,0.008961451221257447
1768421495853025800,14.75902587890625,0.07104571308195591,-0.03502853368539363,0.004444558318704366
1768421495863026000,14.76902587890625,0.04954232180416584,-0.027347769924439488,-0.0003606500059366226
1768421495873025000,14.77902490234375,-0.019505495458841324,-0.02417662907503545,0.007498246800899505
1768421495883025000,14.78902490234375,-0.0698778383463621,-0.04162964898347855,0.031035481993854044
1768421495893025000,14.79902490234375,-0.08243278401494025,-0.03973583459351211,0.039404081888496874
1768421495903025000,14.80902490234375,-0.04394903184175491,-0.044430750944092864,0.04057780184298754
1768421495913025000,14.81902490234375,-0.004067103308439255,-0.05048902806974947,0.04063713081479072
1768421495923025000,14.82902490234375,0.00007715688943862914,-0.04278429891131818,0.011760872681438923
1768421495933024800,14.839024658203124,0.033061727124452586,-0.03731361241526902,0.005835866546630859
1768421495943025000,14.84902490234375,0.04312368693351745,-0.025212438396178184,-0.00658522360920906
1768421495953024800,14.859024658203126,0.00933364553451538,-0.022521811072714625,-0.0009345043711364269
1768421495963025000,14.86902490234375,-0.014144845208525656,-0.000952807212807238,-0.0069864978864789
1768421495973024800,14.879024658203125,-0.02099018105864525,-0.01075180523674935,0.00984232570901513
1768421495983025000,14.88902490234375,-0.029441198539733884,-0.01368343824185431,0.009936579863727093
1768421495993024800,14.899024658203125,-0.0028518822997808456,-0.02458937459439039,0.020290654487162826
1768421496003025000,14.90902490234375,0.003837386205792427,-0.005364230446889997,0.024006460139900446
1768421496013024800,14.919024658203124,0.030144962894916534,-0.002954100565239787,0.017134528543800116
1768421496023025000,14.92902490234375,0.016053309178352355,0.010785524843260645,0.016704028172045946
1768421496033024800,14.939024658203126,0.01286591131389141,0.009728818864561617,0.01561433323919773
1768421496043025000,14.94902490234375,-0.011603928554058075,0.011533749394677578,0.0415834717541933
1768421496053024800,14.959024658203125,-0.021132219877839087,-0.015667561263777316,0.05251520013511181
1768421496063024600,14.969024658203125,-0.03679389939010143,-0.022864742758870123,0.043729836133122445
1768421496073024800,14.979024658203125,-0.05035305366516113,-0.019062062540277838,0.048359687890857456
1768421496083024600,14.989024658203125,-0.05640460878908634,-0.015984408660605548,0.02293736960366368
1768421496093024800,14.999024658203124,-0.03421089715957641,-0.014383110943809152,0.023103958342224357
1768421496103023900,15.00902392578125,0.018349895682930946,-0.023586444629542527,0.025571663630008696
1768421496113023700,15.019023681640626,0.01809562866091728,-0.037563860849291086,0.01947846132144332
1768421496123024000,15.02902392578125,-0.01775660596489906,-0.036364056605473156,0.014347674304246901
1768421496133023700,15.039023681640625,-0.02560673494338989,-0.02483761373441666,0.010440437732636927
1768421496143023600,15.049023681640625,-0.043349896904826164,-0.028914909643307327,-0.005315203673392534
1768421496153024000,15.05902392578125,0.002013093388080597,-0.023837350650690495,0.013056027058511971
1768421496163024000,15.06902392578125,0.012809797212481497,-0.02822769456412643,0.020049100816249846
1768421496173024000,15.07902392578125,-0.016532032606005668,-0.01756831685118377,0.017258885575830937
1768421496183023900,15.08902392578125,-0.07851064213514328,-0.005512625941634178,0.01671615700125694
1768421496193024000,15.09902392578125,-0.06047054305374622,-0.011142923446185886,0.00885156110599637
1768421496203024000,15.10902392578125,0.11191139195561409,-0.01976228323150426,-0.01171893323585391
1768421496213024000,15.11902392578125,0.17829145131409166,-0.02693962751496583,-0.006782499746978282
1768421496223023900,15.12902392578125,0.07823299423754215,0.003509944349713623,0.0008120470352470875
1768421496233024000,15.13902392578125,-0.019366379249095917,0.01711673715878278,0.012844430134445427
1768421496243024000,15.14902392578125,-0.06290040054917335,0.023520832047425208,0.021069091513752938
1768421496253023700,15.159023681640624,-0.06096095691919327,-0.004763634205237031,0.02191372564435005
1768421496263023900,15.16902392578125,-0.07005611752271652,-0.051118302416615184,-0.0030360066950321195
1768421496273023700,15.179023681640626,-0.15775018306672572,-0.05973159778732806,0.006258768133819103
1768421496283024000,15.18902392578125,-0.1923936264246702,-0.05127415056545287,0.03470058037266135
1768421496293023700,15.199023681640625,-0.061545478808879846,-0.09345306746214628,0.0736339760094881
1768421496303023900,15.20902392578125,0.05887888994812965,-0.08545063399877399,0.05662672710716724
1768421496313023700,15.219023681640625,0.12723054164052008,-0.056220338263362646,0.007941606654226779
1768421496323024000,15.22902392578125,0.1591144571572542,-0.04666808154210448,-0.030085049401223658
1768421496333023700,15.239023681640624,0.13364508485794066,0.006855272722244263,-0.03432254084050655
1768421496343023900,15.24902392578125,0.06727496237158775,0.01838726855125278,-0.007448854701220989
1768421496353022700,15.259022705078126,0.011266074901819228,0.03499214719776064,0.02484948683530092
1768421496363022800,15.26902294921875,-0.03876958337724209,0.04367163967248052,0.05275061632618308
1768421496373022700,15.279022705078125,-0.08406360008716583,0.02583320064302534,0.05020268540903926
1768421496383021300,15.289021240234375,-0.09204933814406395,0.02282663923818618,0.036757074511051174
1768421496393021700,15.299021728515624,-0.08428338031768798,0.02763312620446086,0.02733312034457922
1768421496403021600,15.309021484375,-0.05835515833497047,0.018659144295193254,0.01317658469825983
1768421496413021400,15.319021484375,-0.010578092637658118,0.01825940438788384,0.012357815661281347
1768421496423021600,15.329021484375,0.009254735079407692,0.011682729411311448,0.015058014530688524
1768421496433021400,15.339021484375,0.02893558710515499,-0.0071316419782117,0.01798106237053871
1768421496443021600,15.349021484375,0.03522621168196201,-0.04163691897448152,0.03437938559427857
1768421496453021400,15.359021484375,0.028738018706440924,-0.03498893232736736,0.020362550679594277
1768421496463021600,15.369021484375,0.006838906109333038,-0.04344002287369221,0.004522738121449947
1768421496473021400,15.379021484375,-0.007743161472678184,-0.04853489832729101,0.022176906625181434
1768421496483021600,15.389021484375,-0.024767946031689643,-0.047560500337183474,0.030382424912601708
1768421496493021400,15.399021484375,0.0022831425011157988,-0.03502122716177255,0.03083279902860522
1768421496503021600,15.409021484375,0.027365561309456825,-0.029165413805656133,0.009139876528084278
1768421496513021400,15.419021484375,0.03883095817565918,-0.023113128029368817,0.005494651893526315
1768421496523021600,15.429021484375,0.05200900417864322,-0.029887225274182853,-0.016866232996433972
1768421496533021400,15.439021484375,0.027537995266914365,-0.029484928083606064,-0.018594079702347516
1768421496543021600,15.449021484375,-0.006432078874111175,-0.026779468517191707,0.01927431705147028
1768421496553021400,15.459021484375,-0.03229074275195598,-0.03606602350696921,0.03717135440036654
1768421496563021300,15.469021240234374,-0.051588148418068885,-0.037872598004899914,0.049960547216236585
1768421496573021400,15.479021484375,-0.042616906455159184,-0.046295120043866336,0.03338394481614232
1768421496583021300,15.489021240234376,-0.042382513177394866,-0.0572920956807211,0.016643530156463384
1768421496593021400,15.499021484375,-0.01824994243979454,-0.04847571548596024,0.0007316752754151821
1768421496603020500,15.5090205078125,0.008420037820935249,-0.03352587403748184,-0.027000819650292395
1768421496613020400,15.5190205078125,0.023254034337401388,-0.02270790822934359,-0.015626608198881148
1768421496623020300,15.529020263671875,0.03271919729709625,-0.0240243976553902,-0.002814472898840904
1768421496633020400,15.5390205078125,0.031160861939191816,-0.0034582141624763607,0.00421498734652996
1768421496643020300,15.549020263671874,0.0354752180069685,-0.009315196562372147,-0.0075036536283791064
1768421496653020400,15.5590205078125,0.0009247136294841766,-0.021056232032179833,-0.01220554770901799
1768421496663020300,15.569020263671876,-0.0391699808716774,-0.0014482625795528292,0.0029378070175647736
1768421496673020400,15.5790205078125,-0.06871522430777549,0.025885296156443655,0.0005704933643341064
1768421496683020300,15.589020263671875,-0.07257832947671412,0.02178125837109983,0.010460895998775959
1768421496693020700,15.599020751953125,-0.04282674981355667,0.007413929518312216,0.01805909604281187
1768421496703020500,15.6090205078125,-0.0075157824575901025,0.0015105872260406613,0.007989099057763814
1768421496713020700,15.619020751953125,0.004633505019545555,-0.017406002428941428,0.009393120636790991
1768421496723020500,15.6290205078125,-0.007738485297560691,-0.037270796186849475,0.02192716964781284
1768421496733020700,15.639020751953124,0.012685294049978256,-0.032658005161769685,0.04337283938899636
1768421496743020500,15.6490205078125,0.03297346431910991,-0.03138400317057967,0.034622108308970924
1768421496753020400,15.6590205078125,0.025603812333941458,-0.023252536500059068,0.027273499111831186
1768421496763020500,15.6690205078125,0.03169979112148285,-0.03359945073034614,0.021514058802276848
1768421496773020400,15.6790205078125,-0.0027560207098722457,-0.019201872869767246,0.012736878106743097
1768421496783020500,15.6890205078125,-0.021671149060130117,-0.016879603934660554,0.023041560630500314
1768421496793020400,15.6990205078125,-0.03731587743759155,-0.03357398749552667,0.014747633407264947
1768421496803020500,15.7090205078125,-0.05416355186402797,-0.05088226517103612,0.013071955280005931
1768421496813020400,15.7190205078125,-0.03540273729264736,-0.02977046702671796,0.03181333449855447
1768421496823020500,15.7290205078125,-0.03906301336586475,-0.007919650550745427,0.049741936029493804
1768421496833020400,15.7390205078125,-0.06970014369189739,-0.01686984972562641,0.026703590269386766
1768421496843020500,15.7490205078125,-0.11012275497317313,-0.01738265808597207,0.031003771681338547
1768421496853019400,15.759019287109375,-0.15303776759207247,-0.0008104396000504494,0.042446664454787966
1768421496863019500,15.76901953125,-0.0849532424032688,-0.013054310025461017,0.026348347090929744
1768421496873019400,15.779019287109374,0.07101414889991282,-0.0379953841343522,-0.0025450083076953888
1768421496883019500,15.78901953125,0.09486030391156673,-0.03140186762083322,0.00789820590391755
1768421496893019400,15.799019287109376,0.018493688067793845,0.005308518204279244,0.02020721398741007
1768421496903019500,15.80901953125,0.012401800933480263,0.0439314231198281,0.019164865327626467
1768421496913019400,15.819019287109375,0.03298457023501396,0.037437275327555836,0.006114537357538938
1768421496923019500,15.82901953125,0.046861119896173475,0.004945676241256297,-0.0013967150554060935
1768421496933019400,15.839019287109375,0.001637245813012123,-0.041196299067512154,-0.014158143081516026
1768421496943019300,15.849019287109375,-0.11029109727740287,-0.034603403608500956,0.011727993325144051
1768421496953019400,15.859019287109374,-0.14098667979240417,-0.05929061255417764,0.040562896534800524
1768421496963019300,15.869019287109374,-0.05483984369039535,-0.08220522233676165,0.08082315686121583
1768421496973019400,15.879019287109376,0.011689853271842002,-0.07678633909318595,0.07402998958975077
1768421496983019300,15.889019287109376,0.042810383200645445,-0.07403649239577352,0.01997735075429082
1768421496993019600,15.89901953125,0.08336217381954193,-0.033587541096843775,-0.02616130008623004
1768421497003019500,15.90901953125,0.08030687790215014,-0.00028217794224619865,-0.025694851618260142
1768421497013019600,15.91901953125,0.05462298606932163,0.013091207969747483,0.009840133751928807
1768421497023019500,15.92901953125,-0.002141688203811645,0.013704115703701973,0.03998977282196283
1768421497033019600,15.93901953125,-0.04457037861049175,0.0035789544653147456,0.057647156196087596
1768421497043019500,15.94901953125,-0.06355038889050484,0.0012061243867501617,0.04648424940779805
1768421497053019600,15.95901953125,-0.09388006070256233,-0.004908778296969831,0.011557166802883148
1768421497063019500,15.96901953125,-0.08942951103448868,0.008555975692905485,0.011820640044659375
1768421497073019400,15.979019287109375,-0.0803922180980444,0.03769205380622297,-0.007916618343442677
1768421497083019500,15.98901953125,-0.04624970999956131,0.03870802591573447,0.011826777524501085
1768421497093019400,15.999019287109375,-0.0019125556230545043,0.020473025316745042,0.0058395198084414
1768421497103019500,16.00901953125,0.02213993561565876,-0.018623451927304267,0.011340163051337003
1768421497113019400,16.019019287109376,0.027276129460334777,-0.023967845162563024,0.003075023531168699
1768421497123018500,16.0290185546875,0.035757542079687114,-0.043830373898148534,-0.0019872282944619654
1768421497133018400,16.039018310546876,0.006083703827857971,-0.04833736646119505,-0.004094137445837259
1768421497143018500,16.0490185546875,-0.013161679390072822,-0.03872735167071223,0.011520341923832892
1768421497153018400,16.059018310546875,-0.02809679819345474,-0.03809745626933873,0.023130407957732677
1768421497163018500,16.0690185546875,-0.027668928170204162,-0.03547415856104344,0.005945318270474672
1768421497173018400,16.079018310546875,-0.008145897054672242,-0.014044015182554721,-0.011030220319330692
1768421497183018500,16.0890185546875,0.020213935989141462,-0.012885237068869173,0.004827420156449079
1768421497193018400,16.099018310546874,0.027661329385638235,-0.037126821138896045,0.0103828623265028
1768421497203018500,16.1090185546875,-0.0029869068562984463,-0.06755399850867688,0.021038257984071967
1768421497213018400,16.119018310546874,0.014649872121214866,-0.012432488332688807,-0.02277121925652027
1768421497223018500,16.1290185546875,-0.03237140677273273,-0.027303711587004363,0.02972586070001125
1768421497233018400,16.139018310546874,-0.02568213826715946,-0.025597857517190275,0.03690700437575579
1768421497243018500,16.1490185546875,0.000050268882513046264,-0.02496390699520707,0.02622194423228502
1768421497253018400,16.159018310546877,-0.020475801795721053,-0.03177928609848022,0.027716420573741195
1768421497263018500,16.1690185546875,-0.013407178583741188,-0.040313159557431935,0.0008193535588681697
1768421497273018400,16.179018310546876,-0.021362521502375602,-0.031167766604013738,-0.019383038122951984
1768421497283018200,16.189018310546874,-0.016542554000020027,-0.023215200164355337,-0.018216770822554827
1768421497293018600,16.1990185546875,-0.018515899899601937,-0.004441708774492144,0.011414835722744465
1768421497303018500,16.2090185546875,-0.010953355690836906,0.0030170097336173055,0.021741583947837352
1768421497313018600,16.2190185546875,-0.018418869265913962,-0.004149082503467798,0.018017741119116543
1768421497323018500,16.2290185546875,-0.05186813440322876,-0.01954579093661159,0.03841799346059561
1768421497333018600,16.2390185546875,-0.04778641804754734,-0.03757164229694754,0.02327259290739894
1768421497343018500,16.2490185546875,-0.03600128770768642,-0.03646254854388535,0.03877835120558738
1768421497353018600,16.2590185546875,-0.0033107319831848143,-0.014167860757932067,0.038432314246892925
1768421497363018500,16.2690185546875,0.0018681319594383238,0.0109729006415233,0.02501914431378245
1768421497373017600,16.279017578125,-0.004467500802874565,0.008670943842083216,0.027172815216332673
1768421497383016700,16.2890166015625,-0.014967852029204368,0.01006868181079626,0.025559096409380436
1768421497393016800,16.299016845703125,0.011824877828359602,0.026017873027548193,0.03247545166909695
1768421497403016700,16.3090166015625,-0.0033966567009687423,0.005766344974376261,0.03583382218629121
1768421497413016800,16.319016845703125,-0.02145195335149765,-0.0075981269787997,0.026914018149673938
1768421497423016700,16.3290166015625,-0.013374445357918738,-0.01883808105867356,0.017168869204819203
1768421497433016800,16.339016845703124,-0.011783376774191856,-0.018479696075059473,0.02373524198308587
1768421497443016700,16.3490166015625,-0.028225977531075475,-0.017676416868157685,0.037828649265319106
1768421497453016800,16.359016845703124,-0.01733107402920723,-0.014539507081918418,0.025778438248485327
1768421497463016700,16.3690166015625,-0.008174538627266883,-0.0038218963757157324,0.0034951486393809315
1768421497473016800,16.379016845703124,-0.0448731609493494,-0.032248766773752865,0.004530190775543451
1768421497483016700,16.3890166015625,-0.03682604809403419,-0.04890153968259692,0.0032118016533553596
1768421497493016800,16.399016845703127,-0.015015198302268981,-0.036950258995592594,0.005973375321179628
1768421497503017000,16.409016845703125,-0.0023451018214225767,-0.038877573796361684,0.007637655271589755
1768421497513016800,16.419016845703126,0.026623803031444546,-0.019669892240315675,0.014895809706300497
1768421497523017000,16.429016845703124,0.03421206620335579,-0.008402575229480862,0.018267331966012715
1768421497533016800,16.439016845703126,0.020379355683922767,-0.0008024389566853642,0.02369169510230422
1768421497543017000,16.449016845703124,-0.026686346873641013,0.0003736190853640437,0.028409809665381907
1768421497553016800,16.459016845703125,-0.03822656254172325,0.0037753172876313326,0.011942951250076293
1768421497563017000,16.469016845703123,0.02146247474551201,-0.008895363715104758,0.008032499808073043
1768421497573016800,16.479016845703125,0.15236264480948447,-0.010675050206109881,-0.022800153090059755
1768421497583017000,16.489016845703127,0.11141747095882892,0.0021038038788363336,-0.03636661388874054
1768421497593016800,16.499016845703125,0.03685293610095978,0.026330263444967566,0.01580415672287345
1768421497603017000,16.509016845703126,0.007279051092267036,0.006320398660562932,0.03211085614040494
1768421497613016800,16.519016845703124,-0.020345453414320945,-0.017898389055766163,0.020896949817240235
1768421497623017000,16.529016845703126,-0.040301030728220937,-0.05289418951533734,-0.007868395287543534
1768421497633015800,16.539015869140623,-0.10954875447750091,-0.06606375995092094,-0.0037967619344592093
1768421497643016000,16.549015869140625,-0.14984160189926624,-0.05902648172527551,0.026652152343094346
1768421497653015800,16.559015869140627,-0.07955284466445446,-0.06871982741765678,0.04902545832321047
1768421497663016000,16.569015869140625,0.028415947145223615,-0.09713869717232883,0.04554696855768561
1768421497673015800,16.579015869140626,0.07863456077575683,-0.05170318963248283,0.022103549128025767
1768421497683016000,16.589015869140624,0.08142273018956184,-0.028025924914330244,-0.030514380729198452
1768421497693015800,16.599015869140626,0.08048164994716644,-0.02661017636489123,-0.031579087351262566
1768421497703015700,16.609015625,0.05470306556820869,0.002029971457645297,-0.01676744879707694
1768421497713015800,16.619015869140625,0.016244447836279867,0.030133016728796064,0.0072498249977827065
1768421497723015700,16.629015625,-0.03250760037302971,0.030280060516670343,0.03628784956410527
1768421497733015800,16.639015869140625,-0.06257482185661792,0.029954079965315756,0.04546148223131895
1768421497743015700,16.649015625,-0.07028174297213553,0.021798392168991265,0.02882452794611454
1768421497753015800,16.659015869140624,-0.04154664687514305,0.012998670848086476,0.01998100401610136
1768421497763015700,16.669015625,-0.032467852884531016,0.007953187494166195,0.008813567183166742
1768421497773015800,16.679015869140624,-0.02194119817316532,-0.012547967938520014,0.016881430565565823
1768421497783015700,16.689015625,-0.0078688336789608,-0.034611075458303095,0.028675913255661725
1768421497793016000,16.69901611328125,0.02128594913482666,-0.0525266713771969,0.007927139737457036
1768421497803016000,16.709015869140625,0.05311316602826118,-0.0709748032702133,0.010795827041566371
1768421497813016000,16.71901611328125,0.04943418525457382,-0.10023874554689972,0.0031714696429669853
1768421497823016000,16.729015869140625,0.055337271818518635,-0.1291289956729859,0.009690203887224197
1768421497833015800,16.739015869140626,0.019523615637421606,-0.1162921277904883,0.033560470426827665
1768421497843016000,16.749015869140624,0.03731587743759155,-0.11043609523866325,0.049290100608766076
1768421497853015800,16.759015869140626,0.05969312894046306,-0.045041832047142086,0.04440627408996224
1768421497863016000,16.769015869140624,0.05495616354644298,0.02755699222832918,0.029463264241069553
1768421497873015800,16.779015869140625,0.05553600926101208,0.023292612782120702,0.019616700748354195
1768421497883016000,16.789015869140623,0.08503156833648681,-0.013794789661839604,-0.0045336979068815704
1768421497893014800,16.799014892578125,0.09156301593184471,-0.06719678256884216,-0.007193272504955529
1768421497903015000,16.809014892578126,0.05643032775223255,-0.10070384230799972,-0.009697802671790122
1768421497913014800,16.819014892578124,-0.03232230693399906,-0.1115766070432961,-0.038249943417310715
1768421497923015000,16.829014892578126,-0.06795183871984481,-0.03590973696671426,-0.018034838384389875
1768421497933014800,16.839014892578124,-0.11714636999964713,0.021060360218025743,-0.024295798475295304
1768421497943015000,16.849014892578126,-0.11985679800212383,0.06018409079518169,-0.003516775949299335
1768421497953014800,16.859014892578124,-0.07452537189126014,0.05813092112503945,0.033859453373402355
1768421497963015000,16.869014892578125,-0.008480243575572966,-0.0023261048600077628,0.040673955693840975
1768421497973014800,16.879014892578127,0.11054185716807842,-0.03748739807959646,0.05218041522279381
1768421497983015000,16.889014892578125,0.16954291219115256,-0.07513188641704618,0.04564662953987717
1768421497993014800,16.899014892578126,0.0782920309484005,-0.08084467457327991,0.038233138412982225
1768421498003015000,16.909014892578124,-0.10436229175031185,-0.05978186666984111,0.03274564691260457
1768421498013014800,16.919014892578126,-0.2392927402436733,-0.016464629925601184,0.013064648756384849
1768421498023014700,16.9290146484375,-0.17866846793293953,0.00545512360073626,0.008451748133450745
1768421498033014800,16.939014892578125,0.002513444125652313,0.012722447722591458,0.023536650671064852
1768421498043014700,16.9490146484375,0.1765817247867584,0.018482655217126012,0.01263502516746521
1768421498053014800,16.959014892578125,0.22728256897628307,0.04195186667516827,0.01679331389069557
1768421498063014700,16.9690146484375,0.1415209327995777,0.057109651785902674,0.04863455930948257
1768421498073014800,16.979014892578125,-0.015762801799178123,0.05786646150257438,0.061202364459633826
1768421498083014700,16.9890146484375,-0.09807575882673263,0.053063883526436983,0.0532834080286324
1768421498093015000,16.99901513671875,-0.09506897822618483,0.024138525554351507,0.05111936186254024
1768421498103015000,17.009014892578126,-0.019797171881794928,-0.0012585852263495324,0.034463410615921015
1768421498113015000,17.01901513671875,-0.00303425312936306,-0.034412849472463126,0.0031520342901349067
1768421498123015000,17.029014892578125,-0.021550153028964996,-0.018112762458808718,-0.02888663339689374
1768421498133015000,17.03901513671875,-0.053479076731204986,0.021305786346457897,-0.032845746286213395
1768421498143015000,17.049014892578125,-0.0771504596978426,0.03870970641616732,-0.025927199069410562
1768421498153014000,17.059013916015626,0.00013502455651760102,0.028410467252507805,-0.020092501566559076
1768421498163014000,17.069013916015624,0.07466507262289523,-0.012454590566642582,-0.011339432398974895
1768421498173014000,17.079013916015626,0.05651566794812679,-0.022307145408727226,-0.02519201666265726
1768421498183014000,17.089013916015624,0.005734159737825394,-0.035801892678067083,-0.015352613563090561
1768421498193014000,17.099013916015625,-0.05873685112893581,-0.023629845379851758,-0.004699702123552561
1768421498203014000,17.109013916015623,-0.11211655913889408,0.006886763839051127,0.012181290050595999
1768421498213013800,17.119013671875,-0.07999474321305751,0.020097287339530884,0.02727028424143791
1768421498223014000,17.129013916015627,-0.004710661908984184,0.015131993082351981,0.05301993478685617
1768421498233013800,17.139013671875,0.006249123522639274,0.01243763943184167,0.044397652392089364
1768421498243014000,17.149013916015626,-0.023873043018579482,0.01985127668920904,0.023693302537500856
1768421498253013800,17.159013671875,-0.025980244430899618,0.009549224513955413,0.008928133473545312
1768421498263014000,17.169013916015626,0.05002455236315727,0.007309665426239371,-0.008376490940153598
1768421498273013800,17.179013671875,0.1405932965606451,0.00869534763097763,-0.012330197001993655
1768421498283014000,17.189013916015625,0.06616027912795543,0.06628372284453361,-0.014823621252924203
1768421498293013800,17.199013671875,-0.01990472390949726,0.1007272962488234,-0.008956044393777847
1768421498303014000,17.209013916015625,0.021971008789539337,0.08690770093929022,-0.01844254240244627
1768421498313013800,17.219013671875,0.09959960739314555,0.010590440662577747,0.010302344436198473
1768421498323014000,17.229013916015624,0.08621522516310215,-0.043994149625115095,0.01353168174624443
1768421498333013800,17.239013671875,-0.008778934261202812,-0.09082728553581983,0.02968041412308812
1768421498343014000,17.249013916015624,-0.14986556729674338,-0.11712350058071315,0.05943272443860769
1768421498353013800,17.259013671875,-0.1868786623954773,-0.14290968374423682,0.08938231089189648
1768421498363013600,17.269013671875,-0.12661328652501105,-0.14704696621205657,0.10859686058014631
1768421498373013800,17.279013671875,-0.09473989240229129,-0.1189810015482828,0.07006897700428963
1768421498383014400,17.289014404296875,0.024293314257264137,-0.12220774504244326,-0.012463906384259461
1768421498393014500,17.2990146484375,0.16380115366876125,-0.1159417799828574,-0.03454568207189441
1768421498403014400,17.309014404296875,0.28214637806415555,-0.07762640664651989,-0.003388911785930395
1768421498413014500,17.3190146484375,0.29512217949330805,-0.04141680995039641,0.02462561495155096
1768421498423014400,17.329014404296874,0.1144856263577938,0.029101079865172505,0.05528992554545402
1768421498433013500,17.339013427734375,-0.09935995341837406,0.07468523862808943,0.05636807617098093
1768421498443013400,17.349013427734373,-0.2541191379755735,0.09124993139468134,0.0667791416786611
1768421498453013500,17.359013427734375,-0.2566729141116142,0.07281359953731298,0.06386223131865262
1768421498463013400,17.369013427734377,-0.17332184620797633,0.04947192344907671,0.03863850434347987
1768421498473013500,17.379013427734375,-0.04099368916749954,0.00841963596213609,0.027587679627537727
1768421498483013400,17.389013427734376,0.12400281176567077,-0.05726392903216183,0.027956951331347225
1768421498493013500,17.399013427734374,0.19545944373607635,-0.07904621031656861,0.03743380472883582
1768421498503013400,17.409013427734376,0.12824760972857474,-0.06667118779215961,0.004203735300153493
1768421498513013200,17.41901318359375,0.01469371126294136,-0.04685764929745346,0.0007142857491970061
1768421498523013400,17.429013427734375,-0.1304804833471775,0.00372979764547199,0.0018603870443999766
1768421498533013500,17.439013427734373,-0.1948690766274929,0.02749190936917439,0.0045713995687663555
1768421498543013600,17.449013671875,-0.11044131940305232,0.00400786566818133,0.013936755415797232
1768421498553013500,17.459013427734376,0.07123918982744216,-0.03809029587619006,0.0113664665363729
1768421498563013600,17.469013671875,0.16867314361929892,-0.06630261020809411,0.026185119353234768
1768421498573013500,17.479013427734376,0.14692074601650237,-0.10580377752920612,0.008691402108222246
1768421498583013600,17.489013671875,0.09206512023508548,-0.12310909606264904,-0.019026187509298322
1768421498593013500,17.499013427734376,-0.06167348910272121,-0.09267735211560502,-0.0259288065046072
1768421498603013600,17.509013671875,-0.181920163205266,-0.024667463065590707,0.023162848922610283
1768421498613013500,17.519013427734375,-0.14961363836228847,-0.0026731647320091725,0.024972967084497213
1768421498623013400,17.529013427734377,-0.016574118182063103,0.021109076464269308,0.0473689232878387
1768421498633013500,17.539013427734375,0.08113046924471855,0.009712781045213342,0.06310673677623271
1768421498643013400,17.549013427734376,0.1164730007827282,0.0023748393725603815,0.05876870757192373
1768421498653013500,17.559013427734374,0.08541443017423152,-0.035069523282907904,0.02597249951586127
1768421498663013400,17.569013427734376,0.07065232985019683,-0.06459235395779833,-0.006726531776040792
1768421498673013500,17.579013427734374,0.026454291683435438,-0.049635553045570845,-0.027319384080171583
1768421498683013400,17.589013427734375,-0.07508300577402115,-0.032939251522254194,-0.02725581732466817
1768421498693012500,17.599012451171873,-0.11711071416437625,0.0008462598321028053,0.032161125022917986
1768421498703012400,17.609012451171875,-0.09704583125710486,0.012212598504312337,0.07618453727513551
1768421498713012500,17.619012451171876,-0.037816812697052955,-0.019202950582001357,0.050325435005873435
1768421498723012400,17.629012451171874,0.08036357652544975,-0.018423253180086613,-0.003775719146430492
1768421498733012500,17.639012451171876,0.17391396688222885,-0.04387134522935375,-0.03813333130031824
1768421498743012400,17.649012451171874,0.16501286754608152,-0.05898010356659069,-0.06047141983658075
1768421498753012500,17.659012451171876,0.00634556963443756,-0.055123756932001555,-0.03036591216921806
1768421498763012400,17.669012451171874,-0.12429098105728625,-0.03375076883453876,-0.011580839939415454
1768421498773012500,17.679012451171875,-0.19589140541255473,-0.011729472896177321,0.002302723984420299
1768421498783012400,17.689012451171877,-0.11646189486682414,-0.009742984387231991,0.03753039697110653
1768421498793012500,17.699012451171875,0.04247486763596534,-0.050755012929020446,0.03027253479734063
1768421498803012400,17.709012451171876,0.11835223865807055,-0.06148112660208717,0.026939737112820147
1768421498813012500,17.719012451171874,0.15199907219409942,-0.06798332070349715,0.019414163913577795
1768421498823012400,17.729012451171876,0.16535656641721724,-0.06310335750905796,-0.0009679682493209838
1768421498833012500,17.739012451171874,0.11896364855468272,-0.03482371356198564,-0.024821429784595964
1768421498843012600,17.7490126953125,-0.03487549854815006,-0.01084173027621582,-0.06468246166035532
1768421498853012500,17.759012451171873,-0.21416882038116453,0.04874220266873017,-0.05234817300513386
1768421498863012600,17.7690126953125,-0.27459201716184617,0.08548850005744024,-0.007804390140622854
1768421498873012500,17.779012451171877,-0.21216975551843642,0.08204257912095636,0.04372384478375316
1768421498883012600,17.7890126953125,-0.019160627543926237,0.04041556961913593,0.08906330807060003
1768421498893012500,17.799012451171876,0.12606149786114693,-0.03335607042852789,0.08762216935157775
1768421498903012600,17.8090126953125,0.19740297901928425,-0.062275838910043235,0.07202917116135359
1768421498913012500,17.819012451171876,0.1802764876514673,-0.09400860071936622,0.025213059450685978
1768421498923012600,17.8290126953125,0.017218845826387403,-0.060156239240453574,0.014642857858538626
1768421498933012500,17.839012451171875,-0.17458090635836124,-0.0027442206742241976,0.010745412028580903
1768421498943012400,17.849012451171873,-0.3325818493157625,0.07773021408086642,0.011705489232391118
1768421498953012500,17.859012451171875,-0.2373638180077076,0.07664903124803676,0.052755000240355725
1768421498963012400,17.869012451171876,0.04066635690927505,0.04159034901955165,0.03911050576940179
1768421498973011500,17.879011474609374,0.11906652440726756,0.0042807072432129644,0.020042524944990873
1768421498983011600,17.889011474609376,0.0628156448751688,0.00898521797262365,0.004875204820930958
1768421498993011500,17.899011474609374,0.08127776876091956,-0.05466463782053906,-0.056446694365143775
1768421499003011600,17.909011474609375,0.12853928615152835,-0.09540790045750328,-0.047425475780665874
1768421499013011500,17.919011474609373,0.030451252365112303,-0.054303869083593595,-0.022949352302402255
1768421499023011300,17.92901123046875,-0.16916881818175314,-0.004804502788453829,-0.002101794584840536
1768421499033011500,17.939011474609377,-0.40658524315953254,0.024121300424914806,0.016507628817111254
1768421499043011300,17.94901123046875,-0.37484044385254384,0.023044622520555277,0.09898030645102263
1768421499053011500,17.959011474609376,-0.15386954224109647,-0.0330052750963252,0.10409370394200086
1768421499063011300,17.96901123046875,0.0571118802756071,-0.09609038456263952,0.07827727177068591
1768421499073011500,17.979011474609376,0.15327917513251305,-0.13364600730654783,0.014372224223613738
1768421499083011300,17.98901123046875,0.11572072111070156,-0.11797242729393764,-0.03550502862334251
1768421499093011500,17.999011474609375,0.04706745612323284,-0.09427914302274584,-0.012948182769864796
1768421499103011300,18.00901123046875,-0.0023538696497678755,-0.046503556896466756,0.017656652721762655
1768421499113011500,18.019011474609375,-0.025661095479130744,0.007581483517141896,0.05855126542896032
1768421499123011300,18.02901123046875,-0.03396481344401836,0.040856920178467405,0.06958031670451163
1768421499133011500,18.039011474609374,0.0005693243205547332,0.05668710639174096,0.07349749014824629
1768421499143011600,18.049011474609376,0.047481882143020626,0.04713616941131185,0.04218333734348416
1768421499153011500,18.059011474609374,-0.016893851655721662,0.03775512052151607,0.030951310841739178
1768421499163011600,18.069011474609376,-0.07880231855809688,0.001044863702211296,-0.004780658405274152
1768421499173011500,18.079011474609374,-0.08595686648786068,-0.023353957897785584,0.013880933575332164
1768421499183011600,18.089011474609375,-0.01940495769381523,-0.03400009481995366,0.050454760473966596
1768421499193011500,18.099011474609377,0.03585807984471321,-0.06439250227045268,0.04303118634447455
1768421499203011600,18.109011474609375,0.026436171504855156,-0.0577975701179821,0.030493191810697314
1768421499213011500,18.119011474609376,-0.012236965760588645,-0.0008265059605066198,0.034526831240952016
1768421499223011600,18.129011474609374,-0.03845394155681133,0.046326907988195304,0.04279240915253758
1768421499233011500,18.139011474609376,-0.037010757011175156,0.033228685755771585,0.05482888390496373
1768421499243011600,18.149011474609374,0.007383680510520935,-0.009571455753716873,0.07048384141549467
1768421499253011500,18.159011474609375,0.05266717582643032,-0.05125309864426963,0.061710898503661155
1768421499263011300,18.16901123046875,0.046453708139061925,-0.06314741127991583,0.059856941200047725
1768421499273010400,18.179010498046875,0.018437573966383933,0.000504017699114047,0.0636257922142744
1768421499283010600,18.189010498046876,0.029266426494717595,0.05300094695859588,0.10044102665334939
1768421499293010400,18.199010498046874,0.008268646651506423,0.07013990508234128,0.13611658953800795
1768421499303010600,18.209010498046876,-0.032437457746267315,0.02947621048761066,0.1567643868997693
1768421499313010400,18.219010498046874,-0.034278701698780056,-0.035513645754638126,0.129797907910496
1768421499323010600,18.229010498046875,0.0551776973426342,-0.12053798519931733,0.10532762965112924
1768421499333010400,18.239010498046873,0.07563947061300277,-0.15185581866535358,0.03755611593425274
1768421499343010300,18.24901025390625,0.03973988971412182,-0.09871124371867626,-0.006737199300527573
1768421499353010400,18.259010498046877,0.014469839379191397,-0.0543358762236312,-0.05220321157649159
1768421499363010300,18.26901025390625,-0.02906242835521698,0.0037409994594985617,-0.06133972710371017
1768421499373010400,18.279010498046876,-0.06290624576807022,0.02558191787925316,-0.0441534683726728
1768421499383010600,18.289010498046874,-0.07685878327488899,0.03344815089246258,-0.05377908259108662
1768421499393010700,18.2990107421875,-0.05610942523479461,0.032753951233357656,-0.04328808371499181
1768421499403010600,18.309010498046874,-0.0019563947647809983,-0.01564893647840945,-0.05256093897297978
1768421499413011000,18.319010986328124,-0.0094721772223711,-0.059073709267331284,-0.06073153207749128
1768421499423010800,18.3290107421875,-0.02197743853032589,-0.0672260817285627,-0.07545958400145172
1768421499433011000,18.339010986328127,-0.02104980229139328,-0.06370045118595008,-0.07135565581396222
1768421499443010800,18.3490107421875,-0.049049569851160046,-0.033477931826084384,-0.05418474078252911
1768421499453010700,18.3590107421875,-0.030385785913467404,-0.01965322195001645,-0.08352817803621292
1768421499463010800,18.3690107421875,-0.02805120548605919,0.006105445302207954,-0.10638634492382407
1768421499473010700,18.3790107421875,-0.044352351945638656,0.030638909007876643,-0.09327128115445375
1768421499483010800,18.3890107421875,-0.018266309052705765,0.013070322728634346,-0.0316170812740922
1768421499493010700,18.3990107421875,0.010416180074214935,-0.01903446443058783,-0.008338058625906706
1768421499503010800,18.4090107421875,-0.006627893707156181,-0.010147242922743317,-0.0036303193263709545
1768421499513010700,18.4190107421875,-0.021182488760352135,-0.00525915807064157,-0.009239975901693105
1768421499523010800,18.4290107421875,-0.01975391726195812,-0.0035998260066960937,0.00908946151509881
1768421499533010700,18.4390107421875,-0.017206570866703987,-0.005662966798292472,0.021313713924586773
1768421499543010800,18.4490107421875,0.016934768187999723,-0.016804132112232036,0.04741524664759636
1768421499553010700,18.4590107421875,-0.00468903459906578,-0.03521470390725881,0.06779927850663661
1768421499563010800,18.4690107421875,0.011593991681933402,-0.04341353672556579,0.06764438020586967
1768421499573010700,18.4790107421875,0.00879471635222435,-0.03327953687688569,0.07281199210211634
1768421499583009800,18.489009765625,-0.00656301177740097,0.006818256046948954,0.09674231826588511
1768421499593009700,18.499009765625,0.05312018029093742,0.016108352417394053,0.09362813176810741
1768421499603009800,18.509009765625,-0.007681786674261093,0.02709417190599488,0.07675166963860391
1768421499613009700,18.519009765625,-0.1030436103671789,0.01946603109813295,0.0607984598338604
1768421499623009800,18.529009765625,-0.08618132289350032,-0.05691127966959029,0.05858034539297223
1768421499633009700,18.539009765625,0.0016389993786811827,-0.12928199427761136,0.06146218443959951
1768421499643009500,18.549009521484376,0.08738719155192375,-0.14831621896289288,0.061629357700049875
1768421499653009700,18.559009765625,0.043756139618158336,-0.12008307190551422,0.03787497262507677
1768421499663009500,18.569009521484375,-0.023021394625306127,-0.06327530284274835,0.03232829828336835
1768421499673009700,18.579009765625,0.03556406533420086,-0.015179990092676598,0.013934855719655751
1768421499683009500,18.589009521484375,0.18349954135119914,-0.0032815264382981693,-0.0025657588347792622
1768421499693009700,18.599009765625,0.11258066951930522,0.054136490327166394,-0.025944442465156314
1768421499703009500,18.609009521484374,-0.08479834410250187,0.10396224131574854,-0.026973347121477125
1768421499713010000,18.619010009765624,-0.0745224492818117,0.07096651036590337,0.0157572488412261
1768421499723009800,18.629009765625,0.005933481702208519,-0.018938522925577125,0.049762540426105256
1768421499733010000,18.639010009765624,0.0083785367667675,-0.06329321752535179,0.008984539835900068
1768421499743009800,18.649009765625,-0.0963432359457016,-0.061776867278805,-0.019022095856070516
1768421499753010000,18.659010009765623,-0.1645171929836273,-0.040247734204982406,-0.01826689357459545
1768421499763009800,18.669009765625,-0.10747370176911353,-0.05038472744505852,-0.004354103556275368
1768421499773009700,18.679009765625,0.03468962058722973,-0.08162979706898331,-0.003582096270471811
1768421499783009800,18.689009765625,0.08293956449329852,-0.08187652923851274,-0.026427403676509857
1768421499793009700,18.699009765625,0.009146014007925987,-0.018155747650586997,-0.02431391865387559
1768421499803009800,18.709009765625,-0.01457388427555561,0.009312496573565294,-0.04978124512657523
1768421499813009700,18.719009765625,0.017503507986664772,-0.0026981678841693792,-0.04331467946097255
1768421499823009800,18.729009765625,0.03067570877075195,0.010886672246351372,-0.01656856522411108
1768421499833009700,18.739009765625,0.07620587232410907,0.009856349667790346,-0.021495938623696566
1768421499843009800,18.749009765625,0.10212824908792972,-0.0006558855050447164,0.011864333055913447
1768421499853009700,18.759009765625,0.05476210227906703,0.0022455059129570143,0.0069505497902631755
1768421499863009800,18.769009765625,-0.0029278701454401013,0.01631301841881941,0.0008458031743764876
1768421499873009700,18.779009765625,-0.015453005197644233,0.025889906116190832,-0.0056941199883818626
1768421499883009800,18.789009765625,-0.025813071170449255,0.0018492274712130891,-0.002187280911207199
1768421499893009700,18.799009765625,0.00443418305516243,-0.014605832050088792,0.02984641833975911
1768421499903009500,18.809009521484374,0.06369885745048523,-0.05646733529437333,0.022762743689119815
1768421499913009700,18.819009765625,0.11087854177653789,-0.07345072839707135,0.0317345701739192
1768421499923009500,18.829009521484377,0.15034896689951419,-0.07332957710227929,0.03631269174441695
1768421499933008600,18.839008544921874,0.0639221448123455,-0.026445455356431193,0.03437967785522342
1768421499943008800,18.8490087890625,-0.041512744605541226,0.016450240640644914,0.030181641643494368
1768421499953008600,18.859008544921874,-0.10178571926057338,0.01909907236570725,0.02567234752550721
1768421499963008800,18.8690087890625,-0.10837211191356182,-0.01590799612326082,0.04177914045676589
1768421499973008600,18.879008544921874,-0.054496729341149325,-0.04553964833433274,0.055678778732568025
1768421499983008500,18.889008544921875,0.028701778349280355,-0.08968575995103456,0.03857698341459036
1768421499993008600,18.899008544921877,0.10802081425786017,-0.1373582601621747,0.03560848899781704
1768421500003008500,18.909008544921875,0.09584697686135768,-0.11032006764356046,0.025330402220040557
1768421500013009000,18.9190087890625,0.006529109507799148,-0.046587992910062895,0.03846577812507748
1768421500023008800,18.9290087890625,-0.04199088351130485,0.00989379331805976,0.03475377186462283
1768421500033009000,18.9390087890625,-0.07443886265158653,0.046359874109458174,0.04153627161160111
1768421500043008800,18.9490087890625,-0.10048574257791042,0.058198241607053204,0.040951311330497266
1768421500053009000,18.9590087890625,-0.11000760416090488,0.05307212163181975,0.03990530940890312
1768421500063008800,18.9690087890625,-0.07435469149947166,0.020373757060198113,0.03991773049905896
1768421500073009000,18.9790087890625,0.0040653497427701945,-0.0184903019507532,0.03797945591285824
1768421500083008800,18.9890087890625,0.03358662778139114,-0.04286414094818756,0.0320296075977385
1768421500093008600,18.999008544921875,0.06164367848634719,-0.05185708785282913,0.03299523775950074
1768421500103008800,19.0090087890625,0.058062312868237494,-0.03696710281582782,0.016609335625916717
1768421500113008600,19.019008544921874,0.022522212931513786,-0.0017869108162354677,0.013585603890568017
1768421500123008800,19.0290087890625,0.008272153782844544,0.016631211814295964,0.019456980141997336
1768421500133008600,19.039008544921874,-0.01168517709672451,0.014557330432976596,0.017436580230295658
1768421500143008800,19.0490087890625,-0.03504150276482105,-0.010511740270024165,0.02501987496614456
1768421500153008600,19.059008544921873,0.015640636724233627,-0.02441801834916696,0.02240793890208006
1768421500163008800,19.0690087890625,0.04891688338220119,-0.0426870582150761,0.003834463596343994
1768421500173008600,19.079008544921876,0.06627542994022369,-0.05968583154999651,-0.02130100057348609
1768421500183008800,19.0890087890625,0.028828619599342343,-0.05515580060465727,-0.022496201707422732
1768421500193008600,19.099008544921876,-0.001807341682910919,-0.002021642020717263,-0.012658990564942359
1768421500203008800,19.1090087890625,-0.030363574081659316,0.014338148424075915,-0.0024596681118011473
1768421500213008600,19.119008544921876,-0.02408522446453571,0.00894457771827001,0.014762392584979533
1768421500223008500,19.129008544921874,-0.07224924365282058,-0.03112851687243674,-0.003252133663743734
1768421500233008600,19.139008544921875,-0.03534896127879619,-0.0389134853599593,-0.001644260075688362
1768421500243008500,19.149008544921877,0.02217033075392246,-0.07149679958401248,-0.005283639491349458
1768421500253008600,19.159008544921875,0.04153378739356994,-0.08168083313647657,-0.0014130816683173178
1768421500263008800,19.1690087890625,0.04449731337428093,-0.039502820422081274,0.004568623089790344
1768421500273007600,19.179007568359374,0.03288987768888473,-0.019595881722611373,0.0382930519066751
1768421500283007700,19.1890078125,-0.004901800566911697,-0.013012183350208215,0.03867123756930232
1768421500293007600,19.199007568359374,-0.03597381517887115,0.008283885319833643,0.03508168864473701
1768421500303007500,19.209007568359375,-0.05201309583187103,0.024772923600906504,0.051745384806394575
1768421500313007900,19.2190078125,-0.0596960515499115,0.021637246790528294,0.025482085650414227
1768421500323007700,19.2290078125,-0.007829086190462112,0.02134553840153385,0.04737009233161807
1768421500333008000,19.2390078125,-0.0016430910319089889,0.0103779760888312,0.04554711468815803
1768421500343007700,19.2490078125,-0.006724924340844154,-0.027029986379272303,0.01580868676751852
1768421500353007900,19.2590078125,-0.050585108855366705,-0.003911031397315673,0.0065976446993649
1768421500363007700,19.2690078125,-0.06296878961026668,0.0403696389850229,0.06212941617667675
1768421500373008000,19.2790078125,0.009516600885987282,0.023175649038678966,0.029654110638052223
1768421500383007000,19.289007080078125,0.1439309165507555,-0.0502690012440551,-0.0057258303008973594
1768421500393007000,19.299007080078123,0.12113806998431682,-0.04156453872486018,-0.04462108588442206
1768421500403007000,19.309007080078125,-0.022764789515733717,0.029664714230457318,-0.01791881078928709
1768421500413007000,19.319007080078126,0.044427170747518535,0.04532752625388093,0.022189035454392433
1768421500423007000,19.329007080078124,0.05335398904681205,0.001144639990478754,-0.02195084278434515
1768421500433007000,19.339007080078126,0.0627151071101427,0.015879569179797545,0.003680734339356422
1768421500443007000,19.349007080078124,-0.0635737697660923,0.013753964461106806,0.0029027357041835782
1768421500453007000,19.359007080078126,-0.22789690148234365,-0.02674945697141811,0.0023889409631490705
1768421500463007000,19.369007080078124,-0.2393757423520088,-0.06153832754888571,0.03188216195106506
1768421500473006800,19.3790068359375,-0.08578443253040313,-0.13235989475245588,0.07358677586689591
1768421500483007000,19.389007080078127,0.09457447270750999,-0.1731460877822712,0.06828443167507649
1768421500493006800,19.3990068359375,0.10672434470653533,-0.13401537034190258,0.034337738409638406
1768421500503007000,19.409007080078126,0.08908172051012515,-0.09375017811204306,-0.023449995300918815
1768421500513006800,19.4190068359375,0.052636780688166615,-0.04792075761747546,-0.016298223850131036
1768421500523007000,19.429007080078126,-0.008902852901816367,0.006094745811680332,-0.00201338564902544
1768421500533006800,19.4390068359375,-0.07779986351728439,0.03522158117261715,0.03815452021881938
1768421500543007000,19.449007080078125,-0.10846095924079417,0.06420750109236686,0.04320961165130138
1768421500553006800,19.4590068359375,-0.07366670923531055,0.05368872829335741,0.048833589012920856
1768421500563007000,19.469007080078125,-0.04609831883013248,0.048382676040800286,0.04179872194007039
1768421500573006800,19.4790068359375,-0.024522446838021277,0.009693418757617473,0.00030292846933007236
1768421500583007000,19.489007080078125,-0.001437339326739311,0.004155256515927613,0.020371172377467155
1768421500593007000,19.499007080078126,-0.0029191023170948025,0.011294725607568397,0.016802227849513292
1768421500603007000,19.509007080078124,-0.0029313772767782208,-0.005877805992215872,-0.007857727763056755
1768421500613007000,19.519007080078126,-0.019580898782610892,0.005637366566155106,-0.004392828131467103
1768421500623007000,19.529007080078124,-0.01938800655901432,0.016599983275681733,0.02699672799706459
1768421500633005800,19.539005859375,-0.01092003794312477,0.001876726257847622,0.04166179768741131
1768421500643006200,19.549006103515627,0.0038099136769771573,-0.0059808645078912375,0.05844897409826517
1768421500653006000,19.559006103515625,0.02469312722980976,-0.06154164288397878,0.05589797444120049
1768421500663006000,19.569005859375,0.004064765220880508,-0.10610308926934375,0.008783902697265148
1768421500673006000,19.579006103515624,-0.011171966877579688,-0.1059443733099848,0.00842369108274579
1768421500683006000,19.589005859375,-0.005503858113288879,-0.07406737159122713,-0.00635433746278286
1768421500693006000,19.599006103515624,0.007681202152371406,-0.04320708176749758,0.01706380139514804
1768421500703006000,19.609005859375,-0.0034030864417552947,-0.009271649681590497,0.01745528493076563
1768421500713006000,19.619006103515623,0.02348842761516571,0.009484141654800623,0.020081103389710187
1768421500723006000,19.629005859375,0.004643441891670227,0.027654470386588945,0.041224136922508474
1768421500733006000,19.639006103515626,-0.0174544081479311,0.03269794444651343,0.05761982979774475
1768421500743006000,19.649005859375,-0.02856733831465244,0.024779225477529688,0.0699817371122539
1768421500753006000,19.659006103515626,-0.07143325109481811,0.005082426963979378,0.036531741322577
1768421500763006000,19.669005859375,-0.03825520411431789,-0.025444484453229232,0.02054725959673524
1768421500773006000,19.679006103515626,0.03726327046751976,-0.03839873163769953,0.021888737333565948
1768421500783006000,19.689005859375,0.09037877458333969,-0.03983298395820893,0.03320347368270159
1768421500793005800,19.699005859375,0.11509586721062659,-0.059333145654806865,-0.0004648410327732563
1768421500803006000,19.709005859375,0.07416530640721321,-0.065614975003805,0.00338847339451313
1768421500813005800,19.719005859375,-0.011479425391554832,-0.02552913052937947,0.028498510862141845
1768421500823006000,19.729005859375,-0.04522855025827884,-0.02955595662635751,0.019789573097229004
1768421500833005800,19.739005859375,-0.018354571858048438,-0.016095942743681372,0.0264493232473731
1768421500843006000,19.749005859375,-0.0331745398491621,-0.030596533454162998,-0.0035934944473206996
1768421500853005800,19.759005859375,-0.03285188376605511,-0.05186314770085737,-0.005362403815984726
1768421500863006000,19.769005859375,-0.04028057246208191,-0.045337353528151283,-0.0230083890132606
1768421500873005800,19.779005859375,-0.024173487269878387,-0.033754102435940875,-0.0014057751446962356
1768421500883006000,19.789005859375,0.02470540218949318,-0.04585772414044477,0.03446078026741743
1768421500893006000,19.799006103515627,0.005844634374976158,-0.04180653992034495,0.028544688091427087
1768421500903006000,19.809005859375,0.009652794486284255,-0.026590923675149678,0.03632321313843131
1768421500913006000,19.819006103515626,-0.0036404023289680477,-0.03693052224866114,0.010810001697391271
1768421500923006000,19.829005859375,-0.00008475567400455475,-0.008613651563739404,0.0075832947358489035
1768421500933006000,19.839006103515626,-0.003997545203566551,-0.0026877777792513368,0.0006733692169189453
1768421500943006000,19.849005859375,-0.03412263435423374,-0.005062178760394454,-0.03451382562890649
1768421500953006000,19.859006103515625,0.011883330017328261,-0.0037922592892777173,-0.017220014870166778
1768421500963006000,19.869005859375,0.016425065100193023,0.0014232925350777803,0.002242079838365316
1768421500973006000,19.879006103515625,0.022808628657460212,-0.0013628949841950088,0.027195319309085607
1768421500983006000,19.889005859375,-0.02111819135248661,0.0068775941519066686,-0.0029297698415815827
1768421500993005000,19.899005126953124,-0.06900865429639816,0.021730030507361515,0.0014070903189480305
1768421501003005000,19.9090048828125,-0.07522095293998718,-0.0015919453665614127,-0.001672317126393318
1768421501013005000,19.919005126953124,-0.06993687505722046,-0.02163373052603565,-0.017620996886491776
1768421501023005000,19.9290048828125,-0.053441082808375354,-0.0190918548903428,0.03383125019222498
1768421501033005000,19.939005126953123,-0.05803893199265003,-0.03830197499864735,0.06674450875669717
1768421501043005000,19.9490048828125,-0.04188333148360252,-0.06103786721345968,0.0747539199501276
1768421501053005000,19.959005126953127,-0.05019523275494575,-0.040687016104813664,0.0756517455726862
1768421501063005000,19.9690048828125,-0.1265408058106899,-0.003289396934211254,0.06271379193589091
1768421501073005000,19.979005126953126,-0.20273148056566714,0.0362136244172696,0.038946985770761965
1768421501083005000,19.9890048828125,-0.21850947993397712,0.040959695566352455,0.04152048952057957
1768421501093005000,19.999005126953126,-0.0625105244487524,-0.0034650548952165987,0.052858606745302676
1768421501103005000,20.0090048828125,0.12354630016982554,-0.06610530667086131,0.038296412907540794
1768421501113004800,20.0190048828125,0.10927052205801009,-0.02125389176243916,0.032197803771495816
1768421501123005000,20.0290048828125,-0.021173136410117147,0.03878076235838234,0.023148820397257804
1768421501133004800,20.0390048828125,-0.03206570182442665,0.06354038808629847,-0.0015469371810555457
1768421501143005000,20.0490048828125,0.061657707011699675,0.0325927487726789,0.015322510685771703
1768421501153004800,20.0590048828125,0.10346095899641514,0.014971258695842697,0.025509119787812232
1768421501163005000,20.0690048828125,-0.006225742647051811,0.002960932164825499,0.02374956276938319
1768421501173004800,20.0790048828125,-0.1166033491641283,-0.03546637711338699,0.01702478455901146
1768421501183005000,20.0890048828125,-0.181793321955204,-0.06488376551927066,0.03222951408401131
1768421501193005000,20.099005126953124,-0.06800736829936505,-0.1002840642596595,0.03818184661716222
1768421501203005200,20.109005126953125,0.0894067146807909,-0.13759319229605607,0.02603197461813688
1768421501213005000,20.119005126953127,0.11390402707755565,-0.10087984732887707,0.008926964429765939
1768421501223005200,20.129005126953125,0.08672492825090884,-0.0756453706308268,-0.0154359079323709
1768421501233005000,20.139005126953126,0.033548633858561515,-0.050835092427907506,0.00635886750742793
1768421501243005000,20.1490048828125,-0.004695464339852333,-0.008671619695518166,0.028599633149057627
1768421501253005000,20.159005126953126,-0.02944236758351326,0.004558658818202093,0.06281169935241342
1768421501263005000,20.1690048828125,-0.04090075018703937,0.00853653120691888,0.06395356286391615
1768421501273005000,20.179005126953125,-0.03411211296021938,-0.005942687921971082,0.05247925203889608
1768421501283005000,20.1890048828125,-0.02516892804801464,0.018218423923524095,0.03560980417206883
1768421501293005000,20.199005126953125,-0.007148702710866928,0.038204414641996844,0.012788608293980359
1768421501303005000,20.2090048828125,-0.041510991039872165,0.047671084572188556,-0.0017049042217433452
1768421501313005000,20.219005126953125,-0.05261924503147602,0.04019953398196958,0.014770283630490303
1768421501323005000,20.2290048828125,-0.023110826474428175,0.014550357269495724,0.03546016656830907
1768421501333005000,20.239005126953124,0.011761749464273451,-0.006251055184821598,0.06294087869003415
1768421501343005000,20.2490048828125,0.04988777424097061,-0.03519712258479558,0.07363909057602286
1768421501353005000,20.259005126953124,0.03429565283358097,-0.0531875464387238,0.04590162721425295
1768421501363005000,20.2690048828125,0.04223404461741447,-0.04922537394263781,0.013862228874862194
1768421501373004800,20.2790048828125,0.0525590392768383,-0.03529630864295177,-0.013115063769370317
1768421501383004000,20.28900390625,0.012891045755147934,-0.012071957057761028,0.0020372049160301683
1768421501393004000,20.299004150390626,-0.0328957229077816,-0.008601504468219355,0.015319295815378426
1768421501403004000,20.30900390625,-0.07043196509778499,-0.008443541994108818,0.03451850180402398
1768421501413004000,20.319004150390626,-0.0330178879827261,-0.0213517946123844,0.03222206142991781
1768421501423004000,20.32900390625,0.04223930531442165,-0.06459649584337603,0.023278584256768226
1768421501433003800,20.339003662109373,0.0801215844631195,-0.07941718078712001,0.010639759697020053
1768421501443004000,20.34900390625,0.0401198289424181,-0.0464151433940744,0.019648703321814537
1768421501453003800,20.359003662109377,-0.028381460353732107,-0.029536087448685428,0.013350333829969167
1768421501463004000,20.36900390625,-0.076966919824481,-0.03604114022746216,0.024927812768518923
1768421501473003800,20.379003662109376,-0.041869302958250046,-0.07308832025888841,0.04312017980217933
1768421501483004000,20.38900390625,0.059573301953077314,-0.09530445834933779,0.028091975887864825
1768421501493003800,20.399003662109376,0.1296703360080719,-0.10593191568721085,-0.005239946480095386
1768421501503004000,20.40900390625,0.14388824645280837,-0.06546278468335513,-0.011345423748344182
1768421501513003800,20.419003662109375,0.06595511194467545,0.0033851215268019584,-0.007291764443367719
1768421501523004000,20.42900390625,-0.0381242712110281,0.054010201632953246,0.040796266899257895
1768421501533003800,20.439003662109375,-0.13461246858537196,0.09181633310578763,0.07773834258839488
1768421501543004000,20.44900390625,-0.12431845358610152,0.08140375149445608,0.09954130133464932
1768421501553003800,20.459003662109374,-0.06678571754992008,0.04099145154464058,0.09236658739969134
1768421501563004000,20.46900390625,-0.005929390048980712,0.008695959552330896,0.06350216583460569
1768421501573003800,20.479003662109374,0.029699557214975355,0.01522829763025511,0.05665595320165157
1768421501583004000,20.48900390625,0.031207039168477058,-0.0012814911779016256,0.007910042472183704
1768421501593004000,20.499004150390626,0.02089607303440571,0.013899017221294342,-0.01418240073993802
1768421501603004000,20.50900390625,-0.030717794346809386,0.020433620321541092,-0.03419350763335824
1768421501613004000,20.519004150390625,-0.028814591073989867,0.031651093141548334,-0.023501433227211235
1768421501623004000,20.52900390625,-0.02561550277173519,-0.01790043944895733,-0.016361206083744764
1768421501633004000,20.539004150390625,0.005128595060110092,-0.029749323773989454,-0.022779694823920726
1768421501643004000,20.54900390625,0.014159458255767822,-0.0638016054389067,-0.03376359178349376
1768421501653004000,20.559004150390624,0.005550619864463806,-0.07042970464203972,-0.018469576539844275
1768421501663004000,20.56900390625,-0.00004325461983680725,-0.05875210806357208,0.00786269619911909
1768421501673004000,20.579004150390624,0.015611410629749297,-0.05319663392747752,0.015638883158564567
1768421501683004000,20.58900390625,0.012561959931254385,-0.05816239854211453,0.04826689504086971
1768421501693003800,20.599003662109375,-0.027634441378712654,-0.06634991994854063,0.06005553251206874
1768421501703004000,20.60900390625,-0.02806640305519104,-0.06277127601047977,0.05114245047718286
1768421501713003800,20.619003662109375,-0.02598667417168617,-0.0778857151698321,0.029200813912600276
1768421501723004000,20.62900390625,0.0027367314875125885,-0.06594783282051794,0.025551789885759353
1768421501733003800,20.639003662109374,0.025079496198892593,-0.05608685720996,0.03071004943177104
1768421501743004000,20.64900390625,0.035928806993365286,-0.030695977523934558,0.03616626901105046
1768421501753003800,20.659003662109374,0.010462357303500175,-0.012915728105255401,0.037066724982112643
1768421501763003000,20.6690029296875,-0.012461422166228293,-0.007716246066289022,0.017909020047634838
1768421501773002800,20.679002685546877,-0.016005962905287743,0.0037195525293820535,0.017980477848649024
1768421501783003000,20.6890029296875,0.027288404420018196,-0.04034289710856974,0.008339519930630921
1768421501793002800,20.699002685546876,0.05918342585265636,-0.05118515710774809,0.03642638125196099
1768421501803003000,20.7090029296875,0.00036941783428192136,-0.02667098947430495,0.025017536878585815
1768421501813002800,20.719002685546876,-0.09583061024844645,0.0013819056453416123,0.009984072267264128
1768421501823003000,20.7290029296875,-0.0754419022142887,0.011135370327392593,0.019889380209892987
1768421501833002800,20.739002685546875,0.09491641801297664,-0.021992700031539424,0.03340615664795041
1768421501843003000,20.7490029296875,0.20535306124091146,-0.022566549830161965,0.02640826058462262
1768421501853002800,20.759002685546875,0.08802022875845432,0.026607310837658587,0.0025621055729687214
1768421501863003000,20.7690029296875,-0.030865093863010406,0.09719450074648484,0.030815555632859468
1768421501873002800,20.779002685546875,-0.01239537119269371,0.08900780589054338,0.03385521558970213
1768421501883003000,20.7890029296875,0.02911854245662689,0.03732318396121263,-0.0075597677297890185
1768421501893003000,20.7990029296875,0.022390695506334303,0.0015240346544364,-0.028031770133227107
1768421501903003000,20.8090029296875,-0.03810498198866844,-0.015531224957940867,0.0009347966320812701
1768421501913003000,20.8190029296875,-0.05585340464711189,-0.04823361839235294,0.05239055084213614
1768421501923003000,20.8290029296875,0.019055998125672338,-0.08061030869497918,0.06660305445939302
1768421501933003000,20.8390029296875,0.10174012655317782,-0.11760859895022585,0.0029946517713367936
1768421501943003000,20.8490029296875,0.13472060513496398,-0.08904864022443071,-0.02450491118133068
1768421501953003000,20.8590029296875,0.11639701293706893,-0.0765905790590681,-0.008957359568029642
1768421501963003000,20.8690029296875,0.020755787780880927,-0.06889294636170379,-0.019226240126043556
1768421501973003000,20.8790029296875,-0.004416647398471832,-0.0406597536385525,-0.023561931242793797
1768421501983003000,20.8890029296875,0.011895020455121993,-0.023460532677953595,-0.01694309762492776
1768421501993003000,20.8990029296875,0.00021159692406654356,0.010161086501716635,0.004577537048608064
1768421502003003000,20.9090029296875,-0.02024023947417736,-0.0032725051649147643,-0.006075958912819624
1768421502013002800,20.919002685546875,-0.014236030623316765,-0.00750975457560271,-0.005508972679823637
1768421502023003000,20.9290029296875,0.017268530187010765,-0.0038235814427258446,-0.011813187390565872
1768421502033002800,20.939002685546875,0.07616846292316913,-0.021651951169315724,0.0036484395049512382
1768421502043003000,20.9490029296875,0.09642389996647834,-0.03877325033878442,0.0015735329270362853
1768421502053002800,20.959002685546874,0.09457856436073779,-0.04452857616222463,-0.005783405707031488
1768421502063003000,20.9690029296875,0.09705576812922954,-0.021267080037575214,0.0036947628647089003
1768421502073002800,20.979002685546874,0.052498249000310894,0.008179155436879955,0.010690320840477942
1768421502083003000,20.9890029296875,0.012033552142977714,0.032984300806955434,0.02632204360589385
1768421502093002800,20.999002685546873,-0.05785363855361938,0.04817150380841922,0.03250073224082589
1768421502103003000,21.0090029296875,-0.11706278336942195,0.041941491411626335,0.05763882675915956
1768421502113002800,21.019002685546877,-0.11251169593632221,0.011671815291652456,0.08268661264553666
1768421502123003000,21.0290029296875,-0.01371639066338539,-0.04889951212229207,0.1083443471238017
1768421502133003000,21.0390029296875,0.020237901386618615,-0.07246963580469601,0.07109042900651692
1768421502143003000,21.0490029296875,0.02755085474848747,-0.07666891412544063,0.043852731860429046
1768421502153001700,21.059001708984376,0.022685879060626028,-0.06386798063942696,-0.003709375911951065
1768421502163001900,21.069001953125,-0.023107319343090058,-0.00493275739417877,0.011194909361749886
1768421502173002000,21.079001953125,-0.05302373417913914,0.017113083896972237,0.043961745192855596
1768421502183002000,21.089002197265625,-0.029078794968128204,0.000718706195987761,0.10062836591899395
1768421502193002000,21.099001953125,-0.05999240414798259,-0.012969399087829514,0.11435615475922822
1768421502203001900,21.109001953125,-0.0614998861014843,-0.026483618242619557,0.09344517641663551
1768421502213002000,21.119001953125,-0.01690145044028759,-0.0452348064691294,0.038488428348302836
1768421502223001900,21.129001953125,-0.006212883165478706,-0.0374583363818936,0.009562047462910414
1768421502233002000,21.139001953125,-0.009072364249825477,-0.05078027523444034,-0.0027010756522417067
1768421502243001900,21.149001953125,-0.023162264400720594,-0.027023926531244066,0.01508519479855895
1768421502253002000,21.159001953125,-0.05885901620388031,-0.013691822477709501,0.01598082846403122
1768421502263001900,21.169001953125,-0.03532733396887779,-0.038118362060049545,0.012985884431749582
1768421502273002000,21.179001953125,0.03017418898940086,-0.028922700224118306,0.033975919359922405
1768421502283001900,21.189001953125,0.043100890579819674,0.00037736367871984836,0.022395371681451795
1768421502293002000,21.199001953125,-0.005907762739062309,0.0005426281098742038,0.003872019127756357
1768421502303001900,21.209001953125,-0.05556465083360672,0.024673929338995367,0.0091791856251657
1768421502313002000,21.219001953125,-0.027995675906538963,0.006582867255341261,0.034154052405804394
1768421502323001900,21.229001953125,0.014607786545157432,-0.02612050228496082,0.003075023531168699
1768421502333001700,21.239001708984375,0.038925650721788406,-0.05118775092363357,0.010475947437435388
1768421502343001900,21.249001953125,0.014250059148669243,-0.03198297371072695,0.033869828636944294
1768421502353001700,21.259001708984375,0.02132686566710472,-0.0302652465400286,0.00037993922829627987
1768421502363001900,21.269001953125,0.05985971767902374,0.003647571855271235,-0.01426321089118719
1768421502373001700,21.279001708984374,0.050285833647847174,0.05015990571323782,0.0102728260807693
1768421502383003000,21.2890029296875,-0.030753450182080266,0.005473947032215073,0.025441753640025853
1768421502393002800,21.299002685546874,-0.0893061769157648,0.022132437295792624,0.044855917553603644
1768421502403002600,21.309002685546876,-0.102429862383008,-0.029609577376581726,0.03669876845255494
1768421502413002800,21.319002685546874,-0.04925590607821941,-0.06558552971361205,0.04709346734732389
1768421502423002600,21.329002685546875,0.04689852929711342,-0.057587452764948824,0.06710398971885442
1768421502433002800,21.339002685546873,0.023904607200622558,-0.00617959281723015,0.04430997410863638
1768421502443002600,21.349002685546875,-0.040001755520701406,0.040134277592878784,0.04527180487811565
1768421502453002800,21.359002685546876,-0.08451251289844512,0.06510106153176166,0.029326924510300157
1768421502463002600,21.369002685546874,-0.09373977544903754,0.051688613117858766,0.04356163995936513
1768421502473002800,21.379002685546876,-0.06522270601689815,0.0362786068117246,0.05389832505658269
1768421502483002600,21.389002685546874,0.023076924204826352,-0.02251549092978239,0.03573956803157925
1768421502493002800,21.399002685546876,0.07598901470303535,-0.03236163429738954,0.03849003578349948
1768421502503002600,21.409002685546874,0.05872223808169365,-0.010539368062466383,0.047111441395431754
1768421502513002800,21.419002685546875,0.06855681887567043,-0.00661735404683277,0.03965937182381749
1768421502523003000,21.4290029296875,0.04140811518728733,-0.00570416645836085,0.05454977470263839
1768421502533001700,21.439001708984375,-0.1117103164255619,-0.020808577414043246,0.05297098107859492
1768421502543001600,21.449001708984376,-0.2048334212809801,-0.0863348420879338,-0.0024115911863744257
1768421502553001700,21.459001708984374,-0.03841653215587139,-0.17992248658202586,-0.041311815205961465
1768421502563001900,21.469001953125,0.1825987931191921,-0.1938830795311369,-0.045499330023676156
1768421502573002000,21.479001953125,0.15985796900093555,-0.08276176024097949,-0.03536576628312468
1768421502583001900,21.489001953125,-0.015423779103159903,0.029843678393401202,-0.021808365573734043
1768421502593001700,21.499001708984373,-0.10715455281734466,0.036517603199370204,-0.024628975952416657
1768421502603001900,21.509001953125,-0.06517009904682636,0.020364760902989654,-0.01638560987263918
1768421502613001700,21.519001708984376,-0.0356885684967041,-0.021520762537699193,0.01732595946267247
1768421502623001900,21.529001953125,-0.017937223228812218,-0.041272286913171405,0.04520166225135326
1768421502633001700,21.539001708984376,-0.041627895417809486,-0.07282054073475301,0.007103694525361061
1768421502643001900,21.549001953125,-0.03220540255606174,-0.10504062940329313,0.06021276890039444
1768421502653001700,21.559001708984376,0.027407646885514256,-0.12774493916975332,0.07971490335837006
1768421502663001900,21.569001953125,0.07875380324125289,-0.10404036631956697,0.059680853980779644
1768421502673001700,21.579001708984375,0.08941372894346714,-0.029527232855372128,-0.004569938264042139
1768421502683001900,21.589001953125,0.05605155756771564,0.009554521743580699,-0.02255889168009162
1768421502693001700,21.599001708984375,-0.004755670094490051,0.0365500076316297,-0.005516571464389562
1768421502703001900,21.609001953125,-0.05439969870746136,0.03593119987985119,-0.0012153671391308307
1768421502713001700,21.619001708984374,-0.07252396894097328,0.07039313092473894,0.032995676150918
1768421502723001600,21.629001708984376,-0.03453764489591121,0.047705589629989116,0.0713515641607344
1768421502733001700,21.639001708984374,0.0002758943319320679,0.02745141296200454,0.10569310196265577
1768421502743001600,21.649001708984375,-0.01516425138413906,0.04885833986168727,0.08405234804078936
1768421502753001700,21.659001708984373,-0.048587797558307645,0.03470947606517002,0.02350654779374599
1768421502763001600,21.669001708984375,-0.055635377982258795,0.06325515053728595,-0.007393763513118028
1768421502773001700,21.679001708984377,-0.06128536656796932,0.05845167751200497,-0.0033747371301054954
1768421502783001600,21.689001708984375,-0.018930325919389722,0.06369491192772984,0.02290595155209303
1768421502793001700,21.699001708984376,0.0005541267514228821,0.041808750143740324,0.023882103107869625
1768421502803001600,21.709001708984374,0.01356090784072876,0.011431330199819057,0.049651189006119964
1768421502813002000,21.719001953125,0.01277355685532093,-0.03443040339546278,0.0519467525973916
1768421502823001900,21.729001953125,0.008289104917645455,-0.04143114900300279,0.06149769414439797
1768421502833001700,21.739001708984375,-0.020162498062849043,-0.041956469785049556,0.05728825975582003
1768421502843001900,21.749001953125,-0.03885726166069507,-0.07613311761515215,0.0627893413901329
1768421502853001700,21.759001708984375,-0.07399871766865253,-0.09508903463352471,0.027480712121725082
1768421502863001900,21.769001953125,-0.11344342382848262,-0.09479925790671259,0.06516746869832277
1768421502873001700,21.779001708984374,-0.0801040488064289,-0.08781973775029182,0.06522358279973269
1768421502883001900,21.789001953125,-0.009414894077181815,-0.09774864576421677,0.03238002847060561
1768421502893001700,21.799001708984374,-0.03525193064510822,-0.06975366397742182,0.03346285527125001
1768421502903001900,21.809001953125,-0.07465747383832931,-0.03980110011575743,0.03861629251167178
1768421502913001700,21.819001708984374,-0.12186989139020442,-0.024309151147212833,0.040004093608260155
1768421502923001900,21.829001953125,-0.17870763089954853,-0.018049323567468672,0.04634571771994233
1768421502933000700,21.839000732421876,-0.13626140483617782,-0.011043901784811168,0.029014497560262677
1768421502943000800,21.849000732421874,-0.042833764076232905,-0.00958794908914715,0.02651215935051441
1768421502953000700,21.859000732421876,0.03861819220781326,-0.01638723557414487,0.017889292433857916
1768421502963000800,21.869000732421874,0.05616495481431484,-0.00959476242242381,0.009415478599071502
1768421502973000700,21.879000732421876,0.04437164116799831,-0.0034019173979759213,-0.0004157411940395832
1768421502983000800,21.889000732421874,0.020635960793495178,0.012237440684624016,0.004125263236463069
1768421502993000700,21.899000732421875,0.0015489830076694487,0.041831656095292415,0.022180267626047134
1768421503003000800,21.909000732421877,0.007284311789274215,0.04185470817731693,0.026684154916554688
1768421503013000700,21.919000732421875,-0.002959434327483177,0.02344301757086068,0.03672273385003209
1768421503023000800,21.929000732421876,0.0421282461553812,-0.003221738525480032,0.06217734697163105
1768421503033000700,21.939000732421874,0.013455109378695488,-0.0029149558649398384,0.04341010265946388
1768421503043000600,21.94900048828125,-0.029783143845200536,-0.0011638835470657795,0.04014131012186408
1768421503053000700,21.959000732421874,-0.010867430973052978,-0.00023397315265610814,0.04298310941904783
1768421503063000600,21.96900048828125,-0.00036649522483348846,-0.004712890398688614,0.040689299393445254
1768421503073000700,21.979000732421873,0.036516836014389986,-0.026597463013790547,0.050910395286977286
1768421503083000600,21.98900048828125,0.03196399501562119,-0.018744813284650445,0.04521262203678488
1768421503093000700,21.999000732421877,0.011677578312158585,-0.01543127742302604,0.03164601510763168
1768421503103000800,22.009000732421875,-0.0068944356888532635,-0.008352278947504236,0.019475538711994884
1768421503113001000,22.0190009765625,-0.011702712753415107,-0.03841247703526169,0.005016074596345424
1768421503123000800,22.029000732421874,0.014008067086338996,-0.036642015030328184,0.010417787509411573
1768421503133001000,22.0390009765625,0.019839257457852363,-0.05777086477414704,0.027303455858677623
1768421503143000800,22.049000732421874,0.005938157877326012,-0.05053451117929071,0.0405444840952754
1768421503153000700,22.059000732421875,-0.013705869269371031,-0.04901135673262179,0.027012217827141284
1768421503163000800,22.069000732421873,-0.008086860343813895,-0.035217608250398186,0.020690029068291187
1768421503173000700,22.079000732421875,-0.013829787909984587,-0.0253689897979144,0.007683247978985309
1768421503183000800,22.089000732421876,-0.009763853645324706,-0.026685917615378273,-0.008340835104882717
1768421503193000700,22.099000732421874,-0.022279636347293852,0.005947537627024576,-0.005985650280863047
1768421503203000800,22.109000732421876,-0.034653380230069156,0.001035106068244204,0.02685103591606021
1768421503213000700,22.119000732421874,0.031332711374759674,-0.02731154783358797,0.017677987770736217
1768421503223000800,22.129000732421876,0.026254969719052314,-0.030663369878986848,0.02566153387054801
1768421503233000700,22.139000732421874,-0.0035088849037885664,-0.03778209757669829,0.030536446430534124
1768421503243000800,22.149000732421875,-0.010200491496920585,-0.01606684451336041,0.01699365876838565
1768421503253000700,22.159000732421877,0.02096387757360935,-0.014306575108878313,0.024998978308588264
1768421503263000800,22.169000732421875,-0.01717676025032997,0.05687416252959519,0.018046090430766343
1768421503273000700,22.179000732421876,-0.05265431634485721,0.059627562024118376,0.02693126154541969
1768421503283000800,22.189000732421874,-0.09315174642801284,0.046089596667559816,0.030918431485444306
1768421503293000700,22.199000732421876,0.02364917113482952,-0.0018862978037912398,0.02559504450559616
1768421503303000600,22.20900048828125,0.16954875741004943,-0.06874223104570992,0.016190817952901122
1768421503312999700,22.218999755859375,0.13114391569197176,-0.04792063888646662,-0.00040609658285975454
1768421503322999800,22.228999755859373,0.008326514318585396,-0.007927295001083984,0.015374094742536544
1768421503332999700,22.238999755859375,-0.016960487151145932,-0.02138654169877991,0.03549523788169026
1768421503342999800,22.248999755859376,0.058907531520724296,-0.0474945589615032,0.014217325922846793
1768421503352999700,22.258999755859374,0.032708091381192204,-0.04915845531942323,0.013980302296578883
1768421503362999600,22.26899951171875,-0.08490355804264545,-0.03567843982833437,0.023988924483209845
1768421503372999700,22.278999755859374,-0.16346856071352958,-0.027859363575233144,0.017309738980233667
1768421503382999600,22.28899951171875,-0.12482874119579791,-0.042729426918923855,0.05195259781628847
1768421503392999200,22.298999267578125,-0.01661386567056179,-0.10010387625400907,0.07342413265109062
1768421503402999000,22.3089990234375,0.035593291428685184,-0.09150515739792026,0.0538660302221775
1768421503412999200,22.318999267578125,0.04578033892214298,-0.048986651549628,-0.009676175361871719
1768421503422999000,22.3289990234375,0.032771804267168046,-0.07205110899852589,-0.058551849950850006
1768421503432999200,22.338999267578124,0.021132804399728772,0.027704428741848093,-0.009649725746363401
