{
    "n_hidden": 32,
    "n_classes": 6,
    "n_steps": 128,
    "n_input": 9,
    "learning_rate": 0.005,
    "lambda_loss_amount": 0.002,
    "final_accuracy": 0.9117746949195862,
    "final_loss": 0.34055203199386597
}