time,seconds_elapsed,z,y,x
1767708902723470600,0.047470703125,0.008193481713533401,0.022458171471953392,-0.007096791639924049
1767708902733470700,0.057470703125,0.007735684048384428,0.020013654604554176,0.0007701861904934049
1767708902743470600,0.067470703125,0.007766043767333031,0.011236408725380898,-0.0032498554792255163
1767708902753471500,0.077471435546875,0.012693158350884914,0.009486446157097816,-0.011189005337655544
1767708902763472000,0.087471923828125,0.016268718987703323,0.005369198974221945,-0.020314592868089676
1767708902773471700,0.0974716796875,0.015983493998646736,0.0024027039762586355,-0.016988305374979973
1767708902783471900,0.107471923828125,0.018142251297831535,0.00010519486386328936,-0.010779676958918571
1767708902793472800,0.11747265625,0.01853480190038681,0.002843989757820964,-0.0032256206031888723
1767708902803472600,0.12747265625,0.021090904250741005,0.007030212786048651,-0.003913515247404575
1767708902813472800,0.13747265625,0.021258417516946793,0.017121994867920876,0.0017507621087133884
1767708902823472600,0.14747265625,0.017528926953673363,0.018504176288843155,0.0034874093253165483
1767708902833472800,0.15747265625,0.0137227363884449,0.014515292830765247,-0.004306331276893616
1767708902843473700,0.1674736328125,0.013561614789068699,0.011862251907587051,-0.010100836865603924
1767708902853473500,0.1774736328125,0.009387110359966755,0.020418722182512283,-0.011254518292844296
1767708902863473700,0.1874736328125,0.008975119329988956,0.023749537765979767,-0.010967696085572243
1767708902873473500,0.1974736328125,0.008347677998244762,0.018568623811006546,-0.013003416359424591
1767708902883475000,0.207474853515625,0.008315187878906727,0.01332778949290514,-0.014586399309337139
1767708902893474800,0.217474853515625,0.010010023601353168,0.01004917174577713,-0.011885154992341995
1767708902903474700,0.227474609375,0.01077142171561718,0.009792443364858627,-0.008610532619059086
1767708902913474800,0.237474853515625,0.011994345113635063,0.01296426821500063,-0.007224090863019228
1767708902923474700,0.247474609375,0.01022547297179699,0.01643143780529499,-0.005360144190490246
1767708902933475800,0.257475830078125,0.009063003584742546,0.018622154369950294,-0.006929545197635889
1767708902943475700,0.267475830078125,0.007982558570802212,0.024748222902417183,-0.004282363224774599
1767708902953475800,0.277475830078125,0.00612420542165637,0.030117422342300415,0.0013851100811734796
1767708902963475700,0.287475830078125,0.0037148434203118086,0.03575107455253601,0.007685350254178047
1767708902973475600,0.2974755859375,-0.004048271104693413,0.03527223691344261,0.017076721414923668
1767708902983476700,0.307476806640625,-0.011114968918263912,0.043954409658908844,0.019784091040492058
1767708902993476600,0.3174765625,-0.00920228660106659,0.0547785609960556,0.012809005565941334
1767708903003476700,0.327476806640625,-0.006704241503030062,0.058765310794115067,0.007841943763196468
1767708903013476900,0.337476806640625,-0.003915912006050348,0.06102047860622406,0.00364719913341105
1767708903023477800,0.347477783203125,-0.0014112089993432164,0.06054243817925453,0.010497648268938065
1767708903033478000,0.357477783203125,-0.00407437002286315,0.05499933660030365,0.027284618467092514
1767708903043477800,0.367477783203125,-0.00737189594656229,0.053708501160144806,0.02532240003347397
1767708903053478000,0.377477783203125,-0.004185956437140703,0.03982650861144066,0.008647018112242222
1767708903063477800,0.387477783203125,-0.002752376953139901,0.029988525435328484,0.008892827667295933
1767708903073478700,0.397478759765625,-0.0032027175184339285,0.03251133859157562,0.019364643841981888
1767708903083478800,0.407478759765625,-0.0034200313966721296,0.03753379359841347,0.036672525107860565
1767708903093478700,0.417478759765625,-0.00506799528375268,0.04958060383796692,0.04481274634599686
1767708903103478800,0.427478759765625,-0.004491953644901514,0.05824173614382744,0.04511101916432381
1767708903113479700,0.437479736328125,-0.002079928759485483,0.061229802668094635,0.0356791689991951
1767708903123479800,0.447479736328125,-0.0019947076216340065,0.06443225592374802,0.024461401626467705
1767708903133480000,0.45747998046875,-0.003553189570084214,0.07286861538887024,0.015677763149142265
1767708903143479800,0.467479736328125,-0.006798517424613237,0.06729541718959808,0.012494486756622791
1767708903153480000,0.47747998046875,-0.006104231346398592,0.05013613775372505,0.0178743377327919
1767708903163480800,0.487480712890625,-0.00105354655534029,0.040660079568624496,0.03209375590085983
1767708903173480700,0.497480712890625,0.011806059628725052,0.03961292281746864,0.04343855381011963
1767708903183480800,0.507480712890625,0.028870264068245888,0.04692729562520981,0.05372900888323784
1767708903193480700,0.517480712890625,0.031071100383996964,0.04865781590342522,0.05374312400817871
1767708903203481600,0.527481689453125,0.02617621049284935,0.042560774832963943,0.05396096780896187
1767708903213481700,0.537481689453125,0.022536734119057655,0.043470777571201324,0.04952014982700348
1767708903223481600,0.547481689453125,0.022358302026987076,0.04840455204248428,0.03743205964565277
1767708903233481700,0.557481689453125,0.025047030299901962,0.06144418567419052,0.02514529973268509
1767708903243481600,0.567481689453125,0.027354925870895386,0.08086129277944565,0.02726544253528118
1767708903253482800,0.577482666015625,0.026161829009652138,0.10477913916110992,0.04820001870393753
1767708903263483000,0.58748291015625,0.03320722281932831,0.12152297049760818,0.06873725354671478
1767708903273482800,0.597482666015625,0.03880571946501732,0.09780432283878326,0.06423171609640121
1767708903283483000,0.60748291015625,0.031149929389357567,0.0525958314538002,0.037394244223833084
1767708903293482800,0.617482666015625,0.016208797693252563,-0.006028864067047834,0.0025574336759746075
1767708903303483600,0.627483642578125,0.01152802538126707,-0.027588218450546265,-0.02268959954380989
1767708903313483800,0.63748388671875,0.004340420011430979,-0.012799418531358242,-0.013770140707492828
1767708903323483600,0.647483642578125,0.00723607512190938,-0.013354421593248844,0.011289140209555626
1767708903333483800,0.65748388671875,-0.0010090717114508152,-0.004978513345122337,0.039265379309654236
1767708903343484700,0.667484619140625,-0.0020841897930949926,0.0038400120101869106,0.063911072909832
1767708903353484800,0.67748486328125,-0.0006607302348129451,0.00817936658859253,0.07085872441530228
1767708903363485000,0.68748486328125,0.0013590110465884209,-0.003579022129997611,0.06482453644275665
1767708903373484800,0.69748486328125,0.008348743431270123,-0.014940333552658558,0.05047063156962395
1767708903383485000,0.70748486328125,0.005449626594781876,-0.013760553672909737,0.03184288367629051
1767708903393485800,0.71748583984375,0.004736165516078472,-0.019116437062621117,0.00549303600564599
1767708903403485700,0.727485595703125,-0.0009643306257203221,-0.022555110976099968,-0.008772718720138073
1767708903413485800,0.73748583984375,-0.0028386632911860943,-0.025624403730034828,-0.0101375887170434
1767708903423485700,0.747485595703125,-0.008215852081775665,-0.027162645012140274,-0.006922088097780943
1767708903433486800,0.75748681640625,-0.012927516363561153,-0.025109080597758293,-0.00948245171457529
1767708903443487000,0.767487060546875,-0.01967996172606945,-0.023419838398694992,-0.011321363970637321
1767708903453486800,0.77748681640625,-0.019120164215564728,-0.0056954361498355865,-0.0023329290561378
1767708903463487000,0.787487060546875,-0.016465792432427406,0.021204354241490364,0.006150037981569767
1767708903473486800,0.79748681640625,-0.013569071888923645,0.033314015716314316,0.018748387694358826
1767708903483487700,0.80748779296875,-0.013917679898440838,0.0341036431491375,0.024688567966222763
1767708903493487900,0.81748779296875,-0.010247311554849148,0.03160399943590164,0.01738112047314644
1767708903503487700,0.82748779296875,-0.00666269613429904,0.03506584092974663,0.006216350477188826
1767708903513488000,0.83748779296875,-0.0031523837242275476,0.038176149129867554,0.0009334379574283957
1767708903523488800,0.84748876953125,-0.003913515247404575,0.03558063134551048,-0.010688863694667816
1767708903533488600,0.857488525390625,-0.003457848448306322,0.015115569345653057,-0.01992523856461048
1767708903543488800,0.86748876953125,-0.0062704128213226795,0.0005067995516583323,-0.017102021723985672
1767708903553489000,0.877489013671875,-0.0031129689887166023,-0.015471368096768856,-0.01673317328095436
1767708903563489000,0.887489013671875,-0.0018764632986858487,-0.0249029528349638,-0.011659319512546062
1767708903573490000,0.897489990234375,0.00044661210267804563,-0.03749491274356842,-0.0028455876745283604
1767708903583489800,0.90748974609375,0.003847202518954873,-0.038115959614515305,0.007737015374004841
1767708903593490000,0.917489990234375,0.007604124024510384,-0.02906334213912487,0.010822554118931293
1767708903603489800,0.92748974609375,0.005679191090166569,-0.02762177400290966,0.0044195158407092094
1767708903613491000,0.937490966796875,0.004734035115689039,-0.03026336431503296,-0.0006093312404118478
1767708903623490800,0.94749072265625,0.006127400789409876,-0.02629711851477623,-0.006271744146943092
1767708903633490700,0.95749072265625,0.0073111760430037975,-0.025983396917581558,-0.016259929165244102
1767708903643490800,0.96749072265625,0.0036338833160698414,-0.03452042490243912,-0.024276044219732285
1767708903653490700,0.97749072265625,-0.0024714134633541107,-0.031383223831653595,-0.02388961985707283
1767708903663491800,0.987491943359375,-0.00640756543725729,-0.03638570383191109,-0.02377430535852909
1767708903673492000,0.997491943359375,-0.010413758456707,-0.04561994969844818,-0.011317369528114796
1767708903683491800,1.007491943359375,-0.016227705404162407,-0.05113109573721886,0.002969424705952406
1767708903693492000,1.017491943359375,-0.020373715087771416,-0.06045402213931084,0.00564030883833766
1767708903703492900,1.027492919921875,-0.02490348555147648,-0.061951253563165665,0.003742007538676262
1767708903713493000,1.037492919921875,-0.024106135591864586,-0.060266535729169846,-0.0018293253378942609
1767708903723492900,1.047492919921875,-0.025194834917783737,-0.06121169030666351,0.002624545246362686
1767708903733492700,1.05749267578125,-0.02124456875026226,-0.05192551389336586,0.007003581151366234
1767708903743492900,1.067492919921875,-0.019638948142528534,-0.04758962243795395,0.01429291907697916
1767708903753493800,1.07749365234375,-0.02003762312233448,-0.0550970733165741,0.02273700386285782
1767708903763494000,1.087493896484375,-0.021269602701067924,-0.05829606205224991,0.028735240921378136
1767708903773493800,1.09749365234375,-0.025056084617972374,-0.057854510843753815,0.032585106790065765
1767708903783493600,1.10749365234375,-0.03086337447166443,-0.05348586291074753,0.030670294538140297
1767708903793493800,1.11749365234375,-0.037211816757917404,-0.051001399755477905,0.0341811403632164
1767708903803495000,1.127494873046875,-0.03983156755566597,-0.044984519481658936,0.04765327274799347
1767708903813495000,1.1374951171875,-0.04181376099586487,-0.04247715324163437,0.07727907598018646
1767708903823495000,1.147494873046875,-0.05018700286746025,-0.026566630229353905,0.1128610372543335
1767708903833494800,1.157494873046875,-0.05540333688259125,-0.01804637908935547,0.1351567506790161
1767708903843496000,1.167495849609375,-0.0581999234855175,-0.011118963360786438,0.13725905120372772
1767708903853495800,1.177495849609375,-0.057909637689590454,-0.0049188584089279175,0.12225134670734406
1767708903863496000,1.187495849609375,-0.06143193691968918,0.021578794345259666,0.12817713618278503
1767708903873495800,1.197495849609375,-0.08738470822572708,0.09167718887329102,0.21411468088626862
1767708903883495700,1.20749560546875,-0.1075749322772026,0.1313827931880951,0.3307078778743744
1767708903893496800,1.217496826171875,-0.11682195961475372,0.09978864341974258,0.33436015248298645
1767708903903496700,1.22749658203125,-0.10536131262779236,0.09191740304231644,0.2758563458919525
1767708903913497000,1.2374970703125,-0.07672886550426483,0.1007218137383461,0.2107846736907959
1767708903923497000,1.2474970703125,-0.04969644919037819,0.07105420529842377,0.1342286467552185
1767708903933497900,1.257497802734375,-0.0302583035081625,0.013361611403524876,0.06706558912992477
1767708903943498000,1.267498046875,-0.02961035631597042,-0.032218921929597855,0.03592151403427124
1767708903953497900,1.277497802734375,-0.03492283076047897,-0.042518433183431625,0.03952557221055031
1767708903963498000,1.287498046875,-0.04729507863521576,-0.06006280332803726,0.041007619351148605
1767708903973497900,1.297497802734375,-0.05078861117362976,-0.08032573014497757,0.03900519013404846
1767708903983498800,1.307498779296875,-0.048051148653030396,-0.08793704956769943,0.038417164236307144
1767708903993499000,1.317498779296875,-0.04116048663854599,-0.10783059149980545,0.020423516631126404
1767708904003498800,1.327498779296875,-0.03458620607852936,-0.12801282107830048,-0.004945490043610334
1767708904013499000,1.337498779296875,-0.026074742898344994,-0.13952088356018066,-0.03416622430086136
1767708904023500000,1.3475,-0.010703776963055134,-0.1334986686706543,-0.053523145616054535
1767708904033500000,1.3575,0.010636931285262108,-0.12156904488801956,-0.06685865670442581
1767708904043500000,1.3675,0.015396267175674438,-0.14328818023204803,-0.08632423728704453
1767708904053500000,1.3775,-0.03819532319903374,-0.27995920181274414,-0.12972231209278107
1767708904063500000,1.3875,0.0028812738601118326,-0.18307368457317352,-0.02202753722667694
1767708904073501000,1.3975009765625,0.013258014805614948,-0.1766757071018219,0.02749420888721943
1767708904083500800,1.407500732421875,0.02454608865082264,-0.18162518739700317,0.014363759197294712
1767708904093501000,1.4175009765625,0.028842832893133163,-0.17004257440567017,0.026732811704277992
1767708904103500800,1.427500732421875,0.029439382255077362,-0.09436485171318054,0.07798907160758972
1767708904113501700,1.437501708984375,0.02786758355796337,-0.05064213648438454,0.08787818998098373
1767708904123501800,1.447501708984375,0.013848970644176006,-0.05116225406527519,0.070868581533432
1767708904133501700,1.457501708984375,-0.006570018362253904,-0.05659909546375275,0.06964725255966187
1767708904143501800,1.467501708984375,-0.028916602954268456,-0.0575900599360466,0.07241294533014297
1767708904153501700,1.477501708984375,-0.04813157767057419,-0.06688608974218369,0.06899664551019669
1767708904163502800,1.4875029296875,-0.05774452164769173,-0.09534862637519836,0.07100173830986023
1767708904173503000,1.4975029296875,-0.06772418320178986,-0.10237403959035873,0.07213810831308365
1767708904183502800,1.5075029296875,-0.06424982845783234,-0.1042632907629013,0.05007515102624893
1767708904193503000,1.5175029296875,-0.05300436168909073,-0.08919592201709747,0.026972495019435883
1767708904203503900,1.52750390625,-0.027409520000219345,-0.05537697300314903,-0.017904166132211685
1767708904213503700,1.537503662109375,-0.01890072040259838,-0.03941851109266281,-0.03446369990706444
1767708904223504000,1.54750390625,-0.010075803846120834,-0.024761272594332695,-0.04054263234138489
1767708904233503700,1.557503662109375,-0.0005233111442066729,0.07980641722679138,-0.09383328258991241
1767708904243503900,1.56750390625,-0.0073532541282474995,0.06057706102728844,-0.11507066339254379
1767708904253504800,1.5775048828125,-0.020680245012044907,-0.010899253189563751,-0.03971146047115326
1767708904263504600,1.587504638671875,-0.023145532235503197,-0.03141225129365921,0.014148576185107231
1767708904273505000,1.597505126953125,-0.02160862274467945,-0.03482003137469292,0.031922779977321625
1767708904283505000,1.6075048828125,-0.013037238270044327,-0.040830519050359726,0.026374615728855133
1767708904293505800,1.617505859375,-0.006371612660586834,-0.07295224070549011,0.019962523132562637
1767708904303506000,1.627505859375,0.00025486451340839267,-0.1014816164970398,0.022038722410798073
1767708904313505800,1.637505859375,0.005637645721435547,-0.1104908213019371,0.017716679722070694
1767708904323506000,1.647505859375,0.011958392336964607,-0.09426525235176086,0.007279750891029835
1767708904333505800,1.657505859375,0.0207686610519886,-0.04616323485970497,-0.021155884489417076
1767708904343506700,1.667506591796875,0.036433640867471695,-0.02333834581077099,-0.05642732232809067
1767708904353507300,1.67750732421875,0.04018763452768326,-0.017297230660915375,-0.07937551289796829
1767708904363507200,1.687507080078125,0.0462588407099247,-0.027968784794211388,-0.07261881232261658
1767708904373507300,1.69750732421875,0.05044160038232803,-0.04193413257598877,-0.07465159893035889
1767708904383508200,1.70750830078125,0.06016533449292183,-0.05407894775271416,-0.09338533878326416
1767708904393508000,1.717508056640625,0.06409935653209686,-0.054485347121953964,-0.10622310638427734
1767708904403508500,1.727508544921875,0.06326552480459213,-0.04641224071383476,-0.08435323089361191
1767708904413508400,1.73750830078125,0.05859833210706711,-0.04652702063322067,-0.06341252475976944
1767708904423509200,1.74750927734375,0.04813849925994873,-0.04126328229904175,-0.0507822223007679
1767708904433509400,1.75750927734375,0.04242974892258644,-0.013982128351926804,-0.05862309783697128
1767708904443509200,1.76750927734375,0.03690448775887489,0.013059609569609165,-0.059726979583501816
1767708904453509400,1.77750927734375,0.01865810714662075,0.04014608636498451,-0.0379047729074955
1767708904463509200,1.78750927734375,-0.018666628748178482,0.08184453099966049,-0.0060179452411830425
1767708904473510100,1.79751025390625,-0.050089798867702484,0.07958324253559113,0.04011386260390282
1767708904483510300,1.80751025390625,-0.04048404470086098,0.03514467179775238,0.04244599491357803
1767708904493510100,1.81751025390625,-0.027951207011938095,0.0304401982575655,0.034378211945295334
1767708904503510300,1.82751025390625,-0.00535428524017334,0.034685008227825165,0.030822627246379852
1767708904513511400,1.837511474609375,0.007770837750285864,0.02245284430682659,0.014902516268193722
1767708904523511300,1.84751123046875,0.014767760410904884,-0.004939364735037088,0.0031521173659712076
1767708904533511400,1.857511474609375,0.018172612413764,-0.03699183836579323,-0.003153981640934944
1767708904543511300,1.86751123046875,0.012240687385201454,-0.0676639974117279,0.014611433260142803
1767708904553511400,1.877511474609375,0.00634817685931921,-0.07339858263731003,0.03196272626519203
1767708904563512300,1.88751220703125,0.004201669245958328,-0.06684534251689911,0.03880119323730469
1767708904573512200,1.89751220703125,0.00418515782803297,-0.07073275744915009,0.031000526621937752
1767708904583512300,1.90751220703125,0.0035923379473388195,-0.08020509034395218,0.024533571675419807
1767708904593512200,1.91751220703125,0.0041273669339716434,-0.08395428955554962,0.03447648510336876
1767708904603513300,1.927513427734375,0.0029356025625020266,-0.07474055141210556,0.047687094658613205
1767708904613513200,1.93751318359375,0.004544684197753668,-0.06228361278772354,0.05361369252204895
1767708904623513300,1.947513427734375,0.007665376644581556,-0.05733359605073929,0.050149720162153244
1767708904633513200,1.95751318359375,0.008615059778094292,-0.057009223848581314,0.0458092987537384
1767708904643513000,1.96751318359375,0.006572415120899677,-0.06693588942289352,0.05158383026719093
1767708904653514500,1.977514404296875,0.002682868391275406,-0.08418039232492447,0.06921315938234329
1767708904663514400,1.987514404296875,-0.006915696896612644,-0.09543997049331665,0.08226823806762695
1767708904673514200,1.99751416015625,-0.011863583698868752,-0.10794483870267868,0.09045027196407318
1767708904683514400,2.007514404296875,-0.014452708885073662,-0.09437496960163116,0.09175548702478409
1767708904693515300,2.017515380859375,-0.013139237649738789,-0.07444014400243759,0.06999693065881729
1767708904703515400,2.027515380859375,-0.011867045424878597,-0.060809023678302765,0.04622209072113037
1767708904713515300,2.037515380859375,-0.014446050859987736,-0.04987035319209099,0.033299632370471954
1767708904723515400,2.047515380859375,-0.012939234264194965,-0.045215949416160583,0.030769895762205124
1767708904733515300,2.057515380859375,-0.00857271533459425,-0.03972850367426872,0.029352828860282898
1767708904743516200,2.06751611328125,-0.004845355171710253,-0.030593594536185265,0.02359187789261341
1767708904753516300,2.077516357421875,-0.005064267199486494,-0.023333817720413208,0.015562980435788631
1767708904763516400,2.087516357421875,-0.001767273643054068,-0.014488928020000458,0.01130724884569645
1767708904773516500,2.0975166015625,-0.002126800362020731,-0.012971725314855576,0.007503456436097622
1767708904783517400,2.107517333984375,-0.0028431906830519438,0.0014474280178546906,0.0059841228649020195
1767708904793517300,2.117517333984375,0.0005334311863407493,0.012053733691573143,-0.0034298852551728487
1767708904803517400,2.127517333984375,0.0007819040911272168,0.010369017720222473,-0.014065485447645187
1767708904813517300,2.137517333984375,-0.002743055811151862,0.011620703153312206,-0.021099692210555077
1767708904823517400,2.147517333984375,-0.005061870440840721,0.01498321071267128,-0.025614816695451736
1767708904833518300,2.157518310546875,-0.0022053637076169252,0.01751427911221981,-0.021747106686234474
1767708904843518200,2.167518310546875,-0.00014381069922819734,0.023211846128106117,-0.027774905785918236
1767708904853518300,2.177518310546875,0.00119602563790977,0.02449708618223667,-0.022891201078891754
1767708904863518200,2.187518310546875,0.002326803747564554,0.017884191125631332,-0.010979680344462395
1767708904873519400,2.197519287109375,0.0028461201582103968,0.005113801918923855,-0.007876299321651459
1767708904883519500,2.20751953125,0.00395665830001235,-0.008309595286846161,-0.011711517348885536
1767708904893519400,2.217519287109375,0.003611512714996934,-0.015906793996691704,-0.009334912523627281
1767708904903519500,2.22751953125,0.004870389122515917,-0.010252105072140694,-0.006711432244628668
1767708904913520400,2.237520263671875,0.007218498270958662,-0.00663366774097085,-0.023933028802275658
1767708904923520300,2.247520263671875,0.0100238723680377,-0.011096060276031494,-0.03292838856577873
1767708904933520400,2.257520263671875,0.007764712441712618,-0.008886968716979027,-0.02455274760723114
1767708904943520300,2.267520263671875,0.004279966000467539,-0.009660083800554276,-0.013630058616399765
1767708904953520400,2.277520263671875,0.004551874939352274,-0.013411945663392544,-0.011799934320151806
1767708904963521300,2.287521240234375,0.005678924731910229,-0.008612928912043571,-0.02190343476831913
1767708904973521200,2.297521240234375,0.00033156355493701994,-0.008535430766642094,-0.022418489679694176
1767708904983521300,2.307521240234375,-0.002977147698402405,-0.012011655606329441,-0.013902232982218266
1767708904993521200,2.317521240234375,-0.0041153826750814915,-0.016702547669410706,-0.006894125137478113
1767708905003522300,2.327522216796875,-0.008713330142199993,-0.016163790598511696,-0.003891677362844348
1767708905013522400,2.3375224609375,-0.014772821217775345,-0.02430027909576893,-0.0041276332922279835
1767708905023522300,2.347522216796875,-0.016703879460692406,-0.0345209576189518,-0.006052832584828138
1767708905033522400,2.3575224609375,-0.019466109573841095,-0.032594162970781326,-0.007901865057647228
1767708905043522300,2.367522216796875,-0.018747854977846146,-0.029258819296956062,-0.006670952308923006
1767708905053523200,2.377523193359375,-0.019815249368548393,-0.02984018623828888,-0.0022471752017736435
1767708905063523300,2.3875234375,-0.0180000402033329,-0.026020148769021034,0.001657551503740251
1767708905073523200,2.397523193359375,-0.015330486930906773,-0.019294336438179016,0.0022120214998722076
1767708905083523300,2.4075234375,-0.014196778647601604,-0.015031147748231888,0.004038683604449034
1767708905093524200,2.417524169921875,-0.01577017456293106,-0.009692841209471226,0.00043649208964779973
1767708905103524000,2.427524169921875,-0.018215755000710487,-0.005527124274522066,0.002511360915377736
1767708905113524200,2.437524169921875,-0.017139306291937828,-0.005854959599673748,0.0033894050866365433
1767708905123524400,2.4475244140625,-0.016682308167219162,-0.0026229473296552896,0.00044581317342817783
1767708905133524500,2.4575244140625,-0.01555232796818018,0.0008849684381857514,0.00015180018090177327
1767708905143525400,2.467525390625,-0.018486598506569862,-0.0011883024126291275,0.002923884429037571
1767708905153525200,2.477525146484375,-0.015785887837409973,0.00216594897210598,0.0113413380458951
1767708905163525400,2.487525390625,-0.012110458686947823,0.012753346003592014,0.013942713849246502
1767708905173525200,2.497525146484375,-0.007457383442670107,0.012289423495531082,0.013341904617846012
1767708905183526400,2.5075263671875,-0.006579605862498283,0.0062792012467980385,0.010230266489088535
1767708905193526300,2.5175263671875,-0.004574778024107218,0.009765811264514923,0.006487726699560881
1767708905203526100,2.527526123046875,-0.0062677497044205666,0.00851705577224493,0.010208428837358952
1767708905213526300,2.5375263671875,-0.006852047052234411,0.013263873755931854,0.010222277604043484
1767708905223527400,2.54752734375,-0.008407066576182842,0.016169382259249687,0.005511678289622068
1767708905233527300,2.55752734375,-0.00663526589050889,0.010932542383670807,0.007861917838454247
1767708905243527400,2.56752734375,-0.005178783088922501,0.01059192419052124,0.008731972426176071
1767708905253527300,2.57752734375,-0.0012072109384462237,0.008450210094451904,0.005446697119623423
1767708905263527400,2.58752734375,-0.0004756405542138964,0.006022738758474588,0.008096275851130486
1767708905273528300,2.5975283203125,0.001401089015416801,0.0023606258910149336,0.011363974772393703
1767708905283528400,2.607528564453125,0.004710865672677755,0.0009752495680004358,0.008400408551096916
1767708905293528300,2.6175283203125,0.002183259464800358,0.006070409435778856,-0.001026382320560515
1767708905303528200,2.627528076171875,0.0038192393258213997,0.003765709698200226,-0.0027654264122247696
1767708905313529300,2.637529296875,0.0012740562669932842,0.0004945489927195013,0.0007773766992613673
1767708905323529200,2.647529296875,0.0023031015880405903,-0.007863515987992287,0.004827778320759535
1767708905333529300,2.657529296875,0.003994208760559559,-0.011847072280943394,0.010434797964990139
1767708905343529200,2.667529296875,0.005149488337337971,-0.016993630677461624,0.008460063487291336
1767708905353530600,2.677530517578125,0.005033374298363924,-0.013728861697018147,0.00624138442799449
1767708905363530800,2.68753076171875,0.007620369084179401,-0.01366308145225048,0.0014889733865857124
1767708905373530600,2.697530517578125,0.009688845835626125,-0.015490276739001274,-0.0007590008899569511
1767708905383530500,2.707530517578125,0.010477940551936626,-0.007093862164765596,-0.008624913170933723
1767708905393530600,2.717530517578125,0.011924037709832191,-0.009150355122983456,-0.0038895467296242714
1767708905403531500,2.727531494140625,0.010264355689287186,-0.006946056615561247,-0.0028937908355146646
1767708905413531600,2.73753173828125,0.009755425155162811,-0.004257062915712595,-0.0035095135681331158
1767708905423531500,2.747531494140625,0.007394000422209501,-0.003942277282476425,-0.005090366117656231
1767708905433531600,2.75753173828125,0.005239236634224653,-0.00920148752629757,-0.00481259822845459
1767708905443532500,2.767532470703125,0.004022704903036356,-0.012919261120259762,0.0022538332268595695
1767708905453532400,2.777532470703125,0.001859685406088829,-0.009807622991502285,0.0029973878990858793
1767708905463532500,2.787532470703125,-0.0010724549647420645,-0.009369799867272377,-0.004391552414745092
1767708905473532700,2.79753271484375,-0.001529187080450356,-0.011786085553467274,-0.003640541108325124
1767708905483533600,2.807533447265625,-0.002377936616539955,-0.01383964903652668,-0.00011478224041638896
1767708905493533700,2.81753369140625,-0.00043223105603829026,-0.012989035807549953,0.002767290687188506
1767708905503533600,2.827533447265625,0.005515939090400934,-0.013222594745457172,0.0018628811230883002
1767708905513533700,2.83753369140625,0.005526059307157993,-0.020016318187117577,-0.0006191849242895842
1767708905523533600,2.847533447265625,0.00612393906340003,-0.01635606959462166,-0.0026072347536683083
1767708905533534500,2.857534423828125,0.008156463503837585,-0.01611878164112568,-0.007530886679887772
1767708905543534600,2.86753466796875,0.00415453128516674,-0.013282516039907932,-0.003674097126349807
1767708905553534500,2.877534423828125,0.0019680759869515896,-0.014319817535579205,-0.0010157296201214194
1767708905563534600,2.88753466796875,0.002400306984782219,-0.00965688843280077,-0.002802977105602622
1767708905573535700,2.89753564453125,0.0011792477453127503,-0.0018967032665386796,-0.004078897647559643
1767708905583535600,2.90753564453125,-0.0002487392339389771,0.004391286056488752,0.00012303804396651685
1767708905593535700,2.91753564453125,-0.0023166837636381388,0.007859254255890846,-0.000008255799002654385
1767708905603535600,2.92753564453125,-0.001005343277938664,0.009463543072342873,-0.001210939371958375
1767708905613536500,2.93753662109375,-0.0003307645965833217,0.006926882080733776,-0.0016706009628251195
1767708905623536600,2.94753662109375,-0.0004394215648062527,0.008957276120781898,-0.0016823188634589314
1767708905633536500,2.95753662109375,-0.0018700717482715845,0.006954312324523926,-0.000360059377271682
1767708905643536600,2.96753662109375,-0.002587793627753854,0.004349474795162678,0.0004854942671954632
1767708905653536500,2.97753662109375,-0.0035750274546444416,0.005032575689256191,0.005424859002232552
1767708905663537400,2.987537353515625,-0.0062483083456754684,0.007065898738801479,0.0057494984939694405
1767708905673537500,2.99753759765625,-0.005185973364859819,0.009491506032645702,-0.0013851100811734796
1767708905683537400,3.007537353515625,-0.006429403554648161,0.01480531133711338,-0.0038959383964538574
1767708905693537500,3.01753759765625,-0.005452822428196669,0.013287842273712158,-0.0020783308427780867
1767708905703538700,3.02753857421875,-0.00495081627741456,0.01341860368847847,-0.00044314999831840396
1767708905713538600,3.03753857421875,-0.004932973068207502,0.014342454262077808,0.002703907433897257
1767708905723538700,3.04753857421875,-0.006198240909725428,0.017613880336284637,0.0038991342298686504
1767708905733538600,3.05753857421875,-0.004773183725774288,0.018855713307857513,0.003698598127812147
1767708905743538700,3.06753857421875,-0.005056277383118868,0.016346748918294907,0.004355067387223244
1767708905753539600,3.07753955078125,-0.001761148450896144,0.011020692996680737,0.004954544827342033
1767708905763539500,3.08753955078125,-0.00006684534309897572,0.009689378552138805,0.0059628174640238285
1767708905773539600,3.09753955078125,0.0018077536951750517,0.009246761910617352,-0.001817607437260449
1767708905783539500,3.10753955078125,0.0020383833907544613,0.011855061165988445,-0.009170861914753914
1767708905793540400,3.117540283203125,0.0005882922559976578,0.008806008845567703,-0.011259312741458416
1767708905803540500,3.12754052734375,0.0035931370221078396,0.009019593708217144,-0.005736448802053928
1767708905813540400,3.137540283203125,0.0030330740846693516,0.008245679549872875,-0.0034256239887326956
1767708905823540500,3.14754052734375,0.0012069445801898837,0.0022620889358222485,-0.004441353492438793
1767708905833541600,3.157541748046875,-0.004267981741577387,-0.007388674188405275,-0.006177468225359917
1767708905843541500,3.16754150390625,-0.005958290304988623,-0.00811971165239811,-0.004117247182875872
1767708905853541600,3.177541748046875,-0.007906392216682434,-0.005963882897049189,-0.006997722201049328
1767708905863541500,3.18754150390625,-0.005570800509303808,-0.0034378746058791876,-0.006256830412894487
1767708905873542700,3.197542724609375,-0.005286907311528921,-0.0017089504981413484,-0.004369448404759169
1767708905883542500,3.20754248046875,-0.001704689348116517,0.0007281082216650248,-0.0067511131055653095
1767708905893542700,3.217542724609375,0.0031902005430310965,0.010580206289887428,-0.005528722424060106
1767708905903542500,3.22754248046875,0.005015797447413206,0.015324627980589867,-0.0028823392931371927
1767708905913542400,3.23754248046875,0.00564137427136302,0.017314808443188667,0.0006439523422159255
1767708905923543600,3.24754345703125,0.0001030643325066194,0.022494656965136528,0.001035436987876892
1767708905933543700,3.257543701171875,-0.001989913871511817,0.02702549286186695,0.0016588830621913075
1767708905943543600,3.26754345703125,-0.004535097163170576,0.022457905113697052,0.0010692591313272715
1767708905953543700,3.277543701171875,-0.0067694890312850475,0.02468297630548477,-0.0029763488564640284
1767708905963544600,3.287544677734375,-0.005517537239938974,0.02840767242014408,-0.003510046284645796
1767708905973544700,3.297544677734375,-0.005571599118411541,0.027574103325605392,0.0034525219816714525
1767708905983544600,3.307544677734375,-0.0019076223252341151,0.024393755942583084,0.005085572600364685
1767708905993544700,3.317544677734375,0.00037630466977134347,0.02323608100414276,0.008008657954633236
1767708906003545600,3.327545654296875,0.002650644164532423,0.015985624864697456,-0.00008309062832267955
1767708906013545500,3.33754541015625,0.003884486621245742,0.012702745385468006,-0.004059989005327225
1767708906023545600,3.347545654296875,0.004068511072546244,0.012605806812644005,-0.010135192424058914
1767708906033545500,3.35754541015625,0.005369198974221945,0.010962902568280697,-0.009918943047523499
1767708906043546600,3.367546630859375,0.00404614070430398,0.010424677282571793,-0.008377771824598312
1767708906053546800,3.377546630859375,0.003299922915175557,0.014791728928685188,-0.009190568700432777
1767708906063546600,3.387546630859375,0.0006988134700804949,0.017485782504081726,-0.004804342519491911
1767708906073546800,3.397546630859375,-0.005113535560667515,0.020728981122374535,0.0018421085551381111
1767708906083546600,3.407546630859375,-0.0033041839487850666,0.02648353949189186,0.001517202821560204
1767708906093547500,3.417547607421875,-0.007790278643369675,0.028655612841248512,0.000502804818097502
1767708906103547600,3.427547607421875,-0.004914863966405392,0.034573156386613846,-0.0041526672430336475
1767708906113547500,3.437547607421875,-0.0020391824655234814,0.032218124717473984,0.0011025486746802926
1767708906123547600,3.447547607421875,0.0007544735562987626,0.0356765054166317,0.00041864890954457223
1767708906133548500,3.457548583984375,0.006136455573141575,0.04225717484951019,-0.002133724745362997
1767708906143548400,3.46754833984375,0.00914689339697361,0.0408552885055542,0.003718838095664978
1767708906153548500,3.477548583984375,0.010153568349778652,0.04414855316281319,0.006703975144773722
1767708906163548400,3.48754833984375,0.009518403559923172,0.04415760561823845,0.003757720347493887
1767708906173549600,3.497549560546875,0.007503989152610302,0.043231360614299774,0.000645550258923322
1767708906183549700,3.5075498046875,0.0031579763162881136,0.040594831109046936,-0.0017560884589329362
1767708906193549600,3.517549560546875,0.0025510420091450214,0.039574574679136276,-0.004741758108139038
1767708906203549700,3.5275498046875,-0.0009829727932810783,0.037521541118621826,-0.005152151454240084
1767708906213549600,3.537549560546875,-0.0031166973058134317,0.034513235092163086,-0.012795424088835716
1767708906223550500,3.547550537109375,-0.0032056469935923815,0.032580845057964325,-0.019234415143728256
1767708906233550600,3.557550537109375,-0.006061088293790817,0.027881965041160583,-0.02479988895356655
1767708906243550500,3.567550537109375,-0.005465338937938213,0.02592693828046322,-0.021495439112186432
1767708906253550600,3.577550537109375,-0.005139900837093592,0.02376897819340229,-0.02352423407137394
1767708906263551500,3.587551513671875,-0.005856557283550501,0.026327211409807205,-0.020848821848630905
1767708906273551400,3.59755126953125,-0.0054735951125621796,0.02990676648914814,-0.02202354371547699
1767708906283551500,3.607551513671875,-0.003478354774415493,0.027239343151450157,-0.018849054351449013
1767708906293551600,3.617551513671875,-0.00035127095179632306,0.024321051314473152,-0.01053120382130146
1767708906303552500,3.627552490234375,-0.000004793690095539205,0.025480326265096664,-0.009743707254529
1767708906313552600,3.637552734375,0.0006671218434348702,0.020329240709543228,-0.005915679503232241
1767708906323552500,3.647552490234375,-0.0028455876745283604,0.014599449001252651,-0.0013294500531628728
1767708906333552600,3.657552734375,-0.006402239203453064,0.013112340122461319,0.00008655273268232122
1767708906343553500,3.667553466796875,-0.0073447320610284805,0.02375752665102482,0.003162237349897623
1767708906353553200,3.67755322265625,-0.008895223960280418,0.03021169826388359,0.0047148605808615685
1767708906363553000,3.687552978515625,-0.011030014604330063,0.0349997952580452,0.007390804588794708
1767708906373553200,3.69755322265625,-0.014096643775701523,0.0391806922852993,0.007539675105363131
1767708906383553000,3.707552978515625,-0.011844408698379993,0.042689938098192215,0.013364807702600956
1767708906393554200,3.71755419921875,-0.011481952853500843,0.032534241676330566,0.019599268212914467
1767708906403554300,3.72755419921875,-0.011419101618230343,0.023984694853425026,0.0333331897854805
1767708906413554200,3.73755419921875,-0.011745339259505272,0.021145498380064964,0.04134184867143631
1767708906423554300,3.74755419921875,-0.013891047798097134,0.029763488098978996,0.03711434453725815
1767708906433555200,3.75755517578125,-0.008929046802222729,0.04741385579109192,0.016033561900258064
1767708906443555000,3.76755517578125,-0.006706106010824442,0.06360027939081192,-0.0012061456218361855
1767708906453555200,3.77755517578125,-0.0019630161114037037,0.07026883959770203,-0.011843076907098293
1767708906463555000,3.78755517578125,-0.0007366303470917046,0.06191796064376831,-0.012774384580552578
1767708906473556000,3.797555908203125,0.0007313040550798178,0.0548001304268837,-0.012180766090750694
1767708906483556000,3.80755615234375,0.001597630325704813,0.053648848086595535,-0.014673484489321709
1767708906493556000,3.817555908203125,0.0002695118892006576,0.058287009596824646,-0.01618828997015953
1767708906503556000,3.82755615234375,-0.0014884406700730324,0.056350890547037125,-0.010524280369281769
1767708906513557200,3.83755712890625,-0.003916444722563028,0.051297809928655624,-0.0029177593532949686
1767708906523557000,3.84755712890625,-0.004119910299777985,0.047869253903627396,-0.00042450788896530867
1767708906533557200,3.85755712890625,-0.0019481023773550987,0.0472993366420269,-0.006311425473541021
1767708906543557000,3.86755712890625,-0.0012242551892995834,0.03425650671124458,-0.0075455340556800365
1767708906553557200,3.87755712890625,-0.00038216362008824944,0.02840900421142578,-0.0044227116741240025
1767708906563558100,3.88755810546875,0.005814213305711746,0.025256887078285217,0.003832821501418948
1767708906573558000,3.89755810546875,0.00720491586253047,0.028379177674651146,0.006669087801128626
1767708906583558100,3.90755810546875,0.006406234111636877,0.02863484062254429,0.005405950825661421
1767708906593558000,3.91755810546875,0.005241101142019033,0.017782991752028465,0.010966897010803223
1767708906603559000,3.927558837890625,-0.0007590008899569511,0.0070278155617415905,0.015411446802318096
1767708906613559000,3.93755908203125,0.0002878876985050738,-0.002335858531296253,0.019578494131565094
1767708906623559000,3.947558837890625,0.0037318875547498465,-0.01931537501513958,0.018665030598640442
1767708906633559000,3.95755908203125,0.007253651972860098,-0.03158189356327057,0.01606711745262146
1767708906643560200,3.967560302734375,0.005172657780349255,-0.01781068928539753,0.009492305107414722
1767708906653560000,3.97756005859375,0.008980978280305862,-0.022779613733291626,0.011215636506676674
1767708906663560200,3.987560302734375,0.008223574608564377,-0.036724723875522614,0.014057761989533901
1767708906673560000,3.99756005859375,0.007513576187193394,-0.03996392711997032,0.010924020782113075
1767708906683561000,4.00756103515625,0.008067513816058636,-0.038491733372211456,0.004000334069132805
1767708906693561000,4.01756103515625,0.004486627411097288,-0.03429299220442772,0.0009472863748669624
1767708906703561000,4.02756103515625,0.002823483431711793,-0.034928955137729645,-0.00484349112957716
1767708906713561000,4.03756103515625,0.0020900487434118986,-0.03274036943912506,-0.007664577569812536
1767708906723561000,4.04756103515625,-0.005166266113519669,-0.1402905285358429,0.09027823060750961
1767708906733562000,4.05756201171875,-0.00606508320197463,-0.025013741105794907,0.027168504893779755
1767708906743562200,4.067562255859375,0.0019089538836851716,-0.038111165165901184,-0.00620995881035924
1767708906753562000,4.07756201171875,0.00017443705291952938,-0.04975983127951622,0.01067927572876215
1767708906763562200,4.087562255859375,0.002412024885416031,-0.038669098168611526,0.012938168831169605
1767708906773563100,4.097563232421875,0.00818229652941227,-0.02298201434314251,0.002927080262452364
1767708906783563300,4.107563232421875,0.015410381369292736,-0.005696235224604607,-0.014613031409680843
1767708906793563100,4.117563232421875,0.018202705308794975,-0.004365986213088036,-0.01900484971702099
1767708906803563000,4.12756298828125,0.01781175471842289,-0.014256699942052364,-0.012595154345035553
1767708906813564200,4.137564208984375,0.021229920908808708,-0.016169115900993347,-0.003307912265881896
1767708906823564000,4.14756396484375,0.0075940038077533245,-0.09178505092859268,0.05390797182917595
1767708906833564200,4.157564208984375,0.010396447964012623,-0.021685054525732994,0.03573083132505417
1767708906843564000,4.16756396484375,0.01629854552447796,-0.0018937737913802266,-0.014023673720657825
1767708906853565200,4.177565185546875,0.00863157119601965,-0.009409480728209019,-0.0065710837952792645
1767708906863565300,4.1875654296875,0.009886985644698143,-0.008286692202091217,-0.0012215919559821486
1767708906873565200,4.197565185546875,0.008665925823152065,0.005354018881917,-0.005873868241906166
1767708906883565300,4.2075654296875,0.00911253783851862,-0.0030035129748284817,-0.002858903491869569
1767708906893566200,4.217566162109375,0.000480434246128425,-0.060087572783231735,0.0342373326420784
1767708906903566000,4.227566162109375,0.005148422904312611,-0.03157417103648186,0.047501739114522934
1767708906913566200,4.237566162109375,0.010878746397793293,0.001886317040771246,-0.0073503246530890465
1767708906923566000,4.247566162109375,0.007996407337486744,-0.004502340219914913,-0.010055297054350376
1767708906933566200,4.257566162109375,0.004510862287133932,-0.00842837244272232,-0.004826979245990515
1767708906943567000,4.267567138671875,0.0034938009921461344,-0.005260542035102844,-0.0023347933311015368
1767708906953567000,4.27756689453125,0.004032026045024395,0.0008652610122226179,0.002089249901473522
1767708906963567000,4.287567138671875,0.0019566244445741177,0.004220045171678066,0.00794287770986557
1767708906973567000,4.29756689453125,0.0001174454009742476,0.007926899008452892,0.005875199567526579
1767708906983568100,4.307568115234375,-0.0019462381023913622,0.012645754031836987,0.0019385149935260415
1767708906993568300,4.317568359375,0.000639691308606416,0.010747719556093216,-0.0012996225850656629
1767708907003568000,4.327568115234375,-0.0011853729374706745,0.004041613079607487,0.0022708773612976074
1767708907013568300,4.337568359375,-0.0049556102603673935,-0.004531634971499443,0.009502957575023174
1767708907023569200,4.347569091796875,-0.007234210614115,-0.007722367998212576,0.016821857541799545
1767708907033569000,4.357569091796875,-0.012972258031368256,-0.002368615474551916,0.017179785296320915
1767708907043569200,4.367569091796875,-0.01122202817350626,0.0023909860756248236,0.009810286574065685
1767708907053569000,4.377569091796875,-0.013199691660702229,0.009013468399643898,0.001113201375119388
1767708907063570000,4.38756982421875,-0.01179354265332222,0.019328691065311432,-0.003462908323854208
1767708907073570000,4.397570068359375,-0.010041715577244759,0.031862325966358185,-0.006535930093377829
1767708907083570000,4.40756982421875,-0.008557535707950592,0.020120447501540184,-0.004793157335370779
1767708907093570000,4.417570068359375,-0.00945289060473442,0.0022056300658732653,-0.0022426480427384377
1767708907103571200,4.4275712890625,-0.011204184964299202,-0.010073672980070114,-0.0011065434664487839
1767708907113571000,4.437571044921875,-0.01671799272298813,-0.013187707401812077,0.0002913498319685459
1767708907123571200,4.4475712890625,-0.02244698628783226,-0.016922790557146072,0.002671683207154274
1767708907133571000,4.457571044921875,-0.022368421778082848,-0.018636267632246017,0.0010096043115481734
1767708907143572000,4.467572021484375,-0.02160835638642311,-0.011686217039823532,-0.002858637133613229
1767708907153572000,4.477572021484375,-0.020592892542481422,-0.0002844255941454321,-0.006433397997170687
1767708907163572000,4.487572021484375,-0.020048808306455612,0.007978564128279686,-0.008282430469989777
1767708907173572000,4.497572021484375,-0.013426059857010841,0.014631407335400581,-0.010208428837358952
1767708907183572000,4.507572021484375,-0.012298477813601494,0.013087039813399315,-0.013492106460034847
1767708907193573000,4.517572998046875,-0.013529391027987003,0.007428088691085577,-0.009559150785207748
1767708907203573000,4.527572998046875,-0.013439375907182693,0.0017747305100783706,-0.0017422399250790477
1767708907213573000,4.537572998046875,-0.014547783881425858,-0.0008609999786131084,0.005588643718510866
1767708907223573200,4.5475732421875,-0.01871350035071373,-0.003054911969229579,0.01672864705324173
1767708907233574100,4.55757421875,-0.016708938404917717,-0.006000634748488665,0.026639066636562347
1767708907243574000,4.567573974609375,-0.021407287567853928,-0.008498147130012512,0.030719297006726265
1767708907253574100,4.57757421875,-0.019306054338812828,-0.012469985522329807,0.027641747146844864
1767708907263574000,4.587573974609375,-0.013767477124929428,-0.01679549179971218,0.02010020799934864
1767708907273575200,4.5975751953125,-0.01098713744431734,-0.02461479790508747,0.010960238985717297
1767708907283575000,4.607574951171875,-0.013013004325330257,-0.03550766035914421,0.01895984262228012
1767708907293575200,4.6175751953125,-0.014088388532400131,-0.038001976907253265,0.030478812754154205
1767708907303575000,4.627574951171875,-0.01254934724420309,-0.03050917387008667,0.026455575600266457
1767708907313576200,4.637576171875,-0.008324242196977139,-0.00893836747854948,0.007268565706908703
1767708907323576300,4.647576416015625,-0.006406234111636877,0.00580915343016386,-0.015898538753390312
1767708907333576200,4.657576171875,-0.005820871330797672,0.009039035066962242,-0.021285580471158028
1767708907343576300,4.667576416015625,-0.008402273058891296,0.013529124669730663,-0.018637066707015038
1767708907353577700,4.67757763671875,-0.009195628575980663,0.018205102533102036,-0.013550695963203907
1767708907363577600,4.68757763671875,-0.01098367478698492,0.02292262576520443,-0.008901615627110004
1767708907373577500,4.697577392578125,-0.0086028091609478,0.021573735401034355,-0.004225371405482292
1767708907383577600,4.70757763671875,-0.00899855513125658,0.023983895778656006,0.004002464935183525
1767708907393578500,4.71757861328125,-0.00355851580388844,0.025913355872035027,0.0009137305896729231
1767708907403578600,4.72757861328125,0.00003941478280466981,0.022161494940519333,-0.0068155620247125626
1767708907413578500,4.73757861328125,0.004009921569377184,0.021225659176707268,-0.005412076134234667
1767708907423578600,4.74757861328125,0.006720487028360367,0.021952437236905098,-0.005419532768428326
1767708907433579800,4.757579833984375,0.007514108903706074,0.02219238691031933,-0.008742891252040863
1767708907443579600,4.76757958984375,0.006306897848844528,0.01864772103726864,-0.012508334591984749
1767708907453579800,4.777579833984375,0.0041555967181921005,0.01450091227889061,-0.012429239228367805
1767708907463579600,4.78757958984375,0.0018399780383333564,0.016039153560996056,-0.014611699618399143
1767708907473579500,4.79757958984375,0.0016929714474827051,0.017909491434693336,-0.016589095816016197
1767708907483580700,4.80758056640625,-0.000046339002437889576,0.02611921913921833,-0.016829313710331917
1767708907493580500,4.81758056640625,0.002400839701294899,0.028072914108633995,-0.018380871042609215
1767708907503580700,4.82758056640625,0.004904477391391993,0.03068254515528679,-0.016274310648441315
1767708907513580500,4.83758056640625,0.007248591631650925,0.02791125886142254,-0.01787939853966236
1767708907523581400,4.84758154296875,0.009097890928387642,0.01906610280275345,-0.01751747541129589
1767708907533581600,4.85758154296875,0.007449127733707428,0.015149392187595367,-0.015981363132596016
1767708907543581700,4.867581787109375,0.009781258180737495,0.013193832710385323,-0.016834907233715057
1767708907553581800,4.877581787109375,0.007405451964586973,0.013309147208929062,-0.013712350279092789
1767708907563582700,4.887582763671875,0.005148689262568951,0.013164271600544453,-0.010565558448433876
1767708907573582600,4.89758251953125,0.0025238776579499245,0.01218609232455492,-0.002481533447280526
1767708907583582700,4.907582763671875,0.0006697850185446441,0.012015383690595627,0.0017387778498232365
1767708907593582600,4.91758251953125,-0.0005488775204867125,0.012064119800925255,0.0012695288751274347
1767708907603583500,4.92758349609375,0.0034708979073911905,0.014133129268884659,-0.005765477195382118
1767708907613583600,4.93758349609375,0.005894108209758997,0.02461346797645092,-0.013175456784665585
1767708907623583500,4.94758349609375,0.007045126520097256,0.028976790606975555,-0.013688914477825165
1767708907633583600,4.95758349609375,0.008798818103969097,0.02558152563869953,-0.012775982730090618
1767708907643584500,4.96758447265625,0.009376191534101963,0.020229903981089592,-0.015981096774339676
1767708907653584600,4.977584716796875,0.009765544906258583,0.017619207501411438,-0.019937755540013313
1767708907663584800,4.987584716796875,0.010958641767501831,0.02105894684791565,-0.01804478093981743
1767708907673584600,4.997584716796875,0.010957043617963791,0.02659272775053978,-0.020924989134073257
1767708907683585500,5.00758544921875,0.01233629509806633,0.02256709337234497,-0.026911508291959763
1767708907693585700,5.017585693359375,0.010877414606511593,0.011394334957003593,-0.026022013276815414
1767708907703585500,5.02758544921875,0.004569185432046652,0.007748466916382313,-0.021764684468507767
1767708907713585700,5.037585693359375,0.0025563682429492474,0.011152786202728748,-0.015672435984015465
1767708907723586600,5.047586669921875,-0.0005842975224368274,0.012943761423230171,-0.01269981637597084
1767708907733586400,5.05758642578125,-0.0044349622912704945,0.016347015276551247,-0.007685350254178047
1767708907743586600,5.067586669921875,-0.005898635368794203,0.020086092874407768,-0.008755408227443695
1767708907753586400,5.07758642578125,-0.008154865354299545,0.022236330434679985,-0.012041216716170311
1767708907763587800,5.087587890625,-0.005841909907758236,0.01961684413254261,-0.009123191237449646
1767708907773587700,5.097587646484375,-0.0065199509263038635,0.018861571326851845,0.0035689021460711956
1767708907783587600,5.107587646484375,0.00009454221435589716,0.016031164675951004,0.013497965410351753
1767708907793587700,5.117587646484375,0.0011744539951905608,-0.009321862831711769,0.024984978139400482
1767708907803588600,5.127588623046875,-0.0005803027888759971,-0.024232635274529457,0.03610634058713913
1767708907813588700,5.137588623046875,-0.0065654912032186985,-0.02257375232875347,0.04147526994347572
1767708907823588600,5.147588623046875,-0.011012171395123005,-0.009268066845834255,0.03133155778050423
1767708907833588500,5.15758837890625,-0.01702984981238842,0.007171093951910734,0.01973988302052021
1767708907843589600,5.167589599609375,-0.019996611401438713,0.026704847812652588,0.017365140840411186
1767708907853589500,5.177589599609375,-0.022362830117344856,0.031327828764915466,0.005558549892157316
1767708907863589600,5.187589599609375,-0.019041335210204124,0.03361841291189194,-0.005585447885096073
1767708907873589500,5.197589599609375,-0.021523667499423027,0.04041746258735657,-0.00758042186498642
1767708907883589600,5.207589599609375,-0.02105175517499447,0.037281591445207596,-0.003450924064964056
1767708907893590800,5.2175908203125,-0.0199795663356781,0.04249872267246246,-0.006971090566366911
1767708907903590700,5.227590576171875,-0.018458636477589607,0.05483102425932884,-0.002662894781678915
1767708907913590800,5.2375908203125,-0.0132111432030797,0.05862149968743324,-0.0007555388147011399
1767708907923590700,5.247590576171875,-0.008670187555253506,0.058823902159929276,0.002977946773171425
1767708907933591600,5.257591552734375,-0.00580915343016386,0.06569299101829529,0.010122142732143402
1767708907943591700,5.267591796875,-0.004653341136872768,0.07422256469726562,0.016817595809698105
1767708907953591600,5.277591552734375,0.00021784658019896597,0.08176250755786896,0.019703397527337074
1767708907963591700,5.287591796875,0.001740109408274293,0.09059461206197739,0.02454262785613537
1767708907973592600,5.297592529296875,0.003236006945371628,0.09521253407001495,0.02509097196161747
1767708907983592400,5.307592529296875,0.002814162289723754,0.08791440725326538,0.03892635926604271
1767708907993592600,5.317592529296875,0.0064863949082791805,0.0851559042930603,0.047932371497154236
1767708908003592400,5.327592529296875,0.0034434671979397535,0.07856857776641846,0.04844236746430397
1767708908013593600,5.337593505859375,-0.0002492718631401658,0.08137821406126022,0.04168938845396042
1767708908023593700,5.34759375,-0.004954278469085693,0.08300087600946426,0.022818762809038162
1767708908033593600,5.357593505859375,-0.00638013519346714,0.0745549276471138,0.005323925521224737
1767708908043593700,5.36759375,-0.005228051450103521,0.07605428993701935,0.00430153775960207
1767708908053594600,5.3775947265625,0.0013438310706987977,0.06566183269023895,-0.0034794199746102095
1767708908063594500,5.387594482421875,0.009269132278859615,0.04861387610435486,-0.0075785573571920395
1767708908073594600,5.3975947265625,0.013286510482430458,0.04062971845269203,0.0051681301556527615
1767708908083594500,5.407594482421875,0.01624368503689766,0.03370523452758789,0.007994011044502258
1767708908093595400,5.417595458984375,0.01847381517291069,0.038303978741168976,0.0059718722477555275
1767708908103595500,5.427595458984375,0.024690432474017143,0.05299663916230202,-0.006573214195668697
1767708908113595600,5.437595703125,0.025201493874192238,0.06627782434225082,-0.013858291320502758
1767708908123595800,5.447595703125,0.02189677581191063,0.07260416448116302,-0.013876667246222496
1767708908133596700,5.4575966796875,0.013432984240353107,0.06863418966531754,-0.005918875336647034
1767708908143596500,5.467596435546875,0.0026261431630700827,0.06624586880207062,0.0035116442013531923
1767708908153596700,5.4775966796875,-0.003320429241284728,0.06880249828100204,0.0056954361498355865
1767708908163596500,5.487596435546875,-0.009187639690935612,0.06648235768079758,-0.007844074629247189
1767708908173597700,5.49759765625,-0.015813050791621208,0.06624773144721985,-0.02111673727631569
1767708908183597600,5.50759765625,-0.018030932173132896,0.06667622923851013,-0.021879466250538826
1767708908193597400,5.517597412109375,-0.01737925596535206,0.06834976375102997,-0.015308382920920849
1767708908203597600,5.52759765625,-0.014737134799361229,0.07285290211439133,-0.004591822158545256
1767708908213598500,5.537598388671875,-0.014388793148100376,0.08027806133031845,0.006401706486940384
1767708908223598600,5.5475986328125,-0.013104350306093693,0.08271698653697968,0.012572516687214375
1767708908233598700,5.5575986328125,-0.011657188646495342,0.0917365774512291,0.015629293397068977
1767708908243598600,5.5675986328125,-0.0035020567011088133,0.09499628841876984,0.01528920792043209
1767708908253599700,5.577599853515625,0.0011941614793613553,0.10542389750480652,0.0076211681589484215
1767708908263599600,5.587599609375,0.005046423990279436,0.12221325933933258,-0.0005645901546813548
1767708908273599700,5.597599853515625,0.0067812069319188595,0.14362747967243195,-0.0018647453980520368
1767708908283599600,5.607599609375,0.008236091583967209,0.14533668756484985,0.0016732640797272325
1767708908293600500,5.6176005859375,0.01095597818493843,0.13204538822174072,0.00971521157771349
1767708908303600600,5.6276005859375,0.00860201008617878,0.11303947120904922,0.020063189789652824
1767708908313600500,5.6376005859375,0.010772486217319965,0.10942183434963226,0.017044497653841972
1767708908323600600,5.6476005859375,0.0032352081034332514,0.10073087364435196,0.00950721837580204
1767708908333601800,5.657601806640625,-0.002064748667180538,0.09137359261512756,0.008412392809987068
1767708908343601700,5.6676015625,-0.00660384027287364,0.08403844386339188,0.008825182914733887
1767708908353601000,5.67760107421875,-0.009911753237247467,0.07420764863491058,0.0049582733772695065
1767708908363601000,5.687600830078125,-0.012506204657256603,0.07911559194326401,0.0012865731259807944
1767708908373602000,5.69760205078125,-0.01136690378189087,0.0830666571855545,0.005847502965480089
1767708908383602200,5.707602294921875,-0.009843575768172741,0.07291149348020554,0.005067463032901287
1767708908393602000,5.71760205078125,-0.0035390746779739857,0.07312934100627899,0.011956794187426567
1767708908403602200,5.727602294921875,-0.0015361113473773003,0.0726262629032135,0.01877501979470253
1767708908413603000,5.73760302734375,-0.004332962911576033,0.06413770467042923,0.012664396315813065
1767708908423603000,5.74760302734375,-0.01125398650765419,0.06363117694854736,0.0023696806747466326
1767708908433603000,5.75760302734375,-0.018989935517311096,0.06283196061849594,-0.006566556170582771
1767708908443603000,5.76760302734375,-0.023239275440573692,0.06071474775671959,-0.011977567337453365
1767708908453604000,5.77760400390625,-0.03104553371667862,0.06101062148809433,-0.01432221382856369
1767708908463604000,5.78760400390625,-0.03151505067944527,0.06558433920145035,-0.022946061566472054
1767708908473603800,5.797603759765625,-0.029404759407043457,0.06435928493738174,-0.03230494260787964
1767708908483604000,5.80760400390625,-0.0275016650557518,0.05542410910129547,-0.035772643983364105
1767708908493605000,5.817605224609375,-0.02654186263680458,0.04908791929483414,-0.033968087285757065
1767708908503605200,5.827605224609375,-0.018966766074299812,0.05439399927854538,-0.034027475863695145
1767708908513605000,5.837605224609375,-0.015200524590909481,0.060320064425468445,-0.03599821403622627
1767708908523605000,5.84760498046875,-0.012949087657034397,0.06205644831061363,-0.04886847361922264
1767708908533605000,5.857605224609375,-0.008732771500945091,0.06376193463802338,-0.057912036776542664
1767708908543606000,5.86760595703125,-0.00746271014213562,0.061523813754320145,-0.059973057359457016
1767708908553606100,5.877606201171875,-0.008647283539175987,0.05741828680038452,-0.04939284920692444
1767708908563606000,5.88760595703125,-0.006131129339337349,0.04863065108656883,-0.03723445534706116
1767708908573606000,5.89760595703125,-0.005164402071386576,0.03804032504558563,-0.030374683439731598
1767708908583607000,5.90760693359375,-0.005459479987621307,0.029817815870046616,-0.020606208592653275
1767708908593607000,5.91760693359375,-0.0035270904190838337,0.020054934546351433,-0.013303288258612156
1767708908603607300,5.927607177734375,-0.00029587719473056495,0.02263500541448593,-0.003187004942446947
1767708908613607200,5.937607177734375,-0.00030173614504747093,0.026279008015990257,-0.005892776418477297
1767708908623608000,5.947608154296875,0.0029909962322562933,0.028610339388251305,-0.017369668930768967
1767708908633608200,5.957608154296875,0.0033872744534164667,0.024703215807676315,-0.019543606787919998
1767708908643608000,5.967608154296875,0.004355067387223244,0.020113257691264153,-0.015459916554391384
1767708908653608200,5.977608154296875,0.005161472596228123,0.011843076907098293,-0.010095776990056038
1767708908663609000,5.987609130859375,0.0070491209626197815,0.009329586289823055,-0.006365221459418535
1767708908673609000,5.99760888671875,0.002645584288984537,0.012665728107094765,-0.007033142261207104
1767708908683609000,6.007609130859375,0.001847434788942337,0.01786661520600319,-0.01805010624229908
1767708908693609000,6.01760888671875,0.0014263890916481614,0.024176176637411118,-0.03194648027420044
1767708908703610000,6.027610107421875,-0.0007986819837242365,0.023359118029475212,-0.030012227594852448
1767708908713610200,6.0376103515625,0.004225371405482292,0.02479243092238903,-0.02388855442404747
1767708908723610000,6.047610107421875,0.007544735446572304,0.02298547700047493,-0.018987540155649185
1767708908733610200,6.0576103515625,0.014758972451090813,0.015338475815951824,-0.01672731526196003
1767708908743611100,6.067611083984375,0.01068007480353117,0.010578874498605728,-0.013185310177505016
1767708908753611000,6.077611083984375,0.008920790627598763,0.004037352278828621,-0.0014594122767448425
1767708908763611100,6.087611083984375,0.0106505136936903,-0.0023731428664177656,0.006600644905120134
1767708908773611000,6.097611083984375,0.009384979493916035,-0.005471464246511459,0.001614940818399191
1767708908783612000,6.10761181640625,0.00678227236494422,-0.0027955202385783195,-0.006491188891232014
1767708908793612000,6.117612060546875,0.004704740364104509,-0.0009568737586960196,-0.0011976235546171665
1767708908803612000,6.12761181640625,0.0009882990270853043,0.0037209687288850546,0.007419033907353878
1767708908813612000,6.137612060546875,0.0021654162555933,0.008547415025532246,0.00797110702842474
1767708908823613200,6.14761328125,-0.0011946940794587135,0.013852432370185852,0.0065404572524130344
1767708908833613000,6.157613037109375,-0.0010258496040478349,0.017466075718402863,-0.002719353651627898
1767708908843613200,6.16761328125,-0.0030597057193517685,0.022052837535738945,-0.00458782771602273
1767708908853613000,6.177613037109375,-0.002326537622138858,0.017583254724740982,0.006704774219542742
1767708908863614200,6.1876142578125,-0.0020032296888530254,0.012346947565674782,0.011729360558092594
1767708908873614000,6.197614013671875,-0.0003701793903019279,0.009498430415987968,0.01182177197188139
1767708908883614000,6.207614013671875,0.0019859191961586475,0.006440322380512953,0.012229502201080322
1767708908893614000,6.217614013671875,0.0037348170299082994,0.006215285509824753,0.008904545567929745
1767708908903615000,6.227614990234375,0.002766757970675826,0.005215268116444349,0.010601511225104332
1767708908913615000,6.237614990234375,0.00012144014181103557,-0.01275494322180748,0.024225978180766106
1767708908923615000,6.247614990234375,-0.0026937874499708414,-0.024336231872439384,0.023971378803253174
1767708908933614800,6.25761474609375,-0.0007060039788484573,-0.022943399846553802,0.017941715195775032
1767708908943616300,6.2676162109375,0.0028573055751621723,-0.01888633891940117,0.010178867727518082
1767708908953616100,6.2776162109375,0.008709069341421127,-0.013286510482430458,-0.0012474246323108673
1767708908963616300,6.2876162109375,0.010971425101161003,-0.0003581951605156064,-0.007388141471892595
1767708908973616000,6.2976162109375,0.012588229961693287,0.010041449218988419,-0.006611031014472246
1767708908983617000,6.307616943359375,0.014637266285717487,0.009870474226772785,0.0002884203568100929
1767708908993617200,6.3176171875,0.013881194405257702,0.009572199545800686,0.010427340865135193
1767708909003617000,6.327616943359375,0.015165637247264385,0.005333246197551489,0.013516074977815151
1767708909013618000,6.337617919921875,0.012775982730090618,0.002049568807706237,0.016762735322117805
1767708909023618000,6.3476181640625,0.01263776421546936,0.002186188939958811,0.018486332148313522
1767708909033618000,6.357617919921875,0.010718690231442451,-0.0049558766186237335,0.02244299091398716
1767708909043618000,6.3676181640625,0.009327189065515995,-0.012900352478027344,0.02093404345214367
1767708909053619200,6.377619140625,0.010637464001774788,-0.012172776274383068,0.01378319039940834
1767708909063619000,6.387619140625,0.010002566501498222,-0.01552116870880127,0.012566924095153809
1767708909073619200,6.397619140625,0.009777262806892395,-0.02154950052499771,0.006560697220265865
1767708909083619000,6.407619140625,0.007134342100471258,-0.024880049750208855,-0.0023521038237959146
1767708909093620000,6.417619873046875,0.0028783443849533796,-0.02544890157878399,-0.0073226275853812695
1767708909103620000,6.4276201171875,0.00023675501870457083,-0.02352902851998806,-0.0019353191601112485
1767708909113620000,6.437619873046875,0.001490571303293109,-0.024527447298169136,0.0006301039247773588
1767708909123620000,6.4476201171875,0.00415346585214138,-0.01685168407857418,-0.012989834882318974
1767708909133621000,6.45762109375,0.004502606578171253,-0.01188169326633215,-0.02315911464393139
1767708909143620900,6.467620849609375,0.0054632085375487804,-0.009272860363125801,-0.028545623645186424
1767708909153621000,6.47762109375,0.004744155332446098,-0.004257329273968935,-0.030991205945611
1767708909163620900,6.487620849609375,0.003103115363046527,0.0008029430755414069,-0.027595940977334976
1767708909173622000,6.4976220703125,0.0014106763992458582,-0.0035803536884486675,-0.019650399684906006
1767708909183622100,6.5076220703125,0.002231196267530322,-0.010786334984004498,-0.011871573515236378
1767708909193622000,6.5176220703125,0.0028783443849533796,-0.01817367784678936,-0.0036575854755938053
1767708909203622100,6.5276220703125,0.005899700801819563,-0.020909009501338005,0.0070616379380226135
1767708909213623000,6.537623046875,0.00863130483776331,-0.02395060658454895,0.016151273623108864
1767708909223623000,6.547622802734375,0.008816927671432495,-0.030705181881785393,0.01372433453798294
1767708909233623000,6.557623046875,0.005297826137393713,-0.033940389752388,0.002189118415117264
1767708909243623000,6.567622802734375,0.0038211036007851362,-0.0323888324201107,-0.007837682962417603
1767708909253624000,6.5776240234375,0.0023555660154670477,-0.038486938923597336,-0.007607319392263889
1767708909263624000,6.5876240234375,0.0001448759576305747,-0.044252149760723114,-0.009399360977113247
1767708909273624000,6.5976240234375,-0.004850947763770819,-0.04441620036959648,-0.006841660942882299
1767708909283624200,6.607624267578125,-0.005622199270874262,-0.04640717804431915,0.0008362325606867671
1767708909293625000,6.617625,-0.005172924138605595,-0.05162404477596283,-0.004222175572067499
1767708909303625200,6.627625244140625,-0.007202252745628357,-0.04544204846024513,-0.005856025032699108
1767708909313625000,6.637625,-0.007208644412457943,-0.03647838160395622,-0.014488928020000458
1767708909323625000,6.647625,-0.00570049649104476,-0.025561818853020668,-0.030162429437041283
1767708909333626000,6.657626220703125,-0.003962517250329256,-0.013981595635414124,-0.04276876896619797
1767708909343626000,6.6676259765625,-0.005590774118900299,-0.0011286477092653513,-0.043483562767505646
1767708909353625900,6.6776259765625,-0.0039292280562222,0.013891580514609814,-0.043419912457466125
1767708909363625700,6.687625732421875,-0.007976699620485306,0.02183445915579796,-0.033965155482292175
1767708909373626600,6.697626708984375,-0.007764712441712618,0.01455763727426529,-0.0227990560233593
1767708909383626800,6.707626708984375,-0.012269449420273304,0.004547613672912121,-0.017139306291937828
1767708909393626600,6.717626708984375,-0.01703091524541378,0.0032684975303709507,-0.02003362961113453
1767708909403626800,6.727626708984375,-0.017257817089557648,0.0070190271362662315,-0.014986938796937466
1767708909413627600,6.737627685546875,-0.015166702680289745,0.005190767347812653,-0.013155216351151466
1767708909423627500,6.74762744140625,-0.013221795670688152,0.003722566645592451,-0.011167965829372406
1767708909433628000,6.7576279296875,-0.009097091853618622,-0.005046956706792116,-0.001344363670796156
1767708909443627800,6.767627685546875,-0.004555603489279747,-0.020558005198836327,0.0038099181838333607
1767708909453628700,6.777628662109375,-0.0023933828342705965,-0.02118038572371006,0.002808303339406848
1767708909463628800,6.78762890625,-0.0011486213188618422,-0.018871426582336426,0.0002956108655780554
1767708909473628700,6.797628662109375,-0.00014674017438665032,-0.019755061715841293,-0.0013792511308565736
1767708909483628800,6.80762890625,0.0016759273130446672,-0.01793106272816658,-0.0005739112384617329
1767708909493629700,6.817629638671875,0.0038490667939186096,-0.012819658033549786,-0.0010748518398031592
1767708909503629600,6.827629638671875,0.0051894355565309525,-0.015168832615017891,0.0013611416798084974
1767708909513629700,6.837629638671875,0.004734567832201719,-0.021820610389113426,0.006691724993288517
1767708909523629600,6.847629638671875,0.005155880004167557,-0.0241391584277153,0.007260309532284737
1767708909533630700,6.857630615234375,0.0024767396971583366,-0.02341105043888092,0.0005512743373401463
1767708909543630800,6.867630859375,-0.0025150892324745655,-0.022102639079093933,-0.0020003002136945724
1767708909553630700,6.877630615234375,-0.004165982827544212,-0.02250690758228302,0.0018407768802717328
1767708909563630800,6.887630859375,-0.0035979305393993855,-0.024838769808411598,0.0010700580896809697
1767708909573631700,6.8976318359375,-0.0006122607155703008,-0.024729048833251,-0.002752643311396241
1767708909583632000,6.9076318359375,0.0007515440811403096,-0.01798805594444275,0.0002990729990415275
1767708909593631700,6.9176318359375,0.005209143273532391,-0.018435467034578323,0.0005185174522921443
1767708909603631600,6.927631591796875,0.0046365633606910706,-0.021378258243203163,0.002603239845484495
1767708909613632800,6.9376328125,0.007690676487982273,-0.01980353146791458,0.0015190670965239406
1767708909623632600,6.947632568359375,0.005147890187799931,-0.016077237203717232,-0.0005989448982290924
1767708909633632800,6.9576328125,0.0046967510133981705,-0.01401461847126484,-0.003371029393747449
1767708909643632600,6.967632568359375,0.004276237916201353,-0.009397496469318867,-0.00749067310243845
1767708909653633800,6.9776337890625,0.006825948134064674,-0.008232097141444683,-0.008801480755209923
1767708909663634000,6.987634033203125,0.0054666707292199135,-0.009692841209471226,-0.006902647204697132
1767708909673633800,6.9976337890625,0.004633633885532618,-0.010232397355139256,-0.010509898886084557
1767708909683634000,7.007634033203125,0.0020639498252421618,-0.006881874520331621,-0.01558188907802105
1767708909693634800,7.017634765625,-0.0028240159153938293,-0.005813414230942726,-0.01811056025326252
1767708909703634700,7.027634765625,-0.0025092302821576595,-0.0014146711910143495,-0.022047245875000954
1767708909713634800,7.037634765625,-0.0007041397620923817,-0.0029736857395619154,-0.020773189142346382
1767708909723634700,7.047634765625,-0.0009361011325381696,-0.00352868833579123,-0.014749119058251381
1767708909733635600,7.057635498046875,0.0027081684675067663,-0.00407623453065753,-0.013132313266396523
1767708909743635700,7.0676357421875,0.003053047927096486,-0.00920574925839901,-0.01312032900750637
1767708909753635600,7.077635498046875,0.00011211907985853031,-0.003954794257879257,-0.013765080831944942
1767708909763635700,7.0876357421875,-0.0017771273851394653,0.010352506302297115,-0.02015426941215992
1767708909773636900,7.097636962890625,-0.004412857815623283,0.021410483866930008,-0.02965669520199299
1767708909783636700,7.10763671875,-0.006707703694701195,0.024396685883402824,-0.02544250898063183
1767708909793636900,7.117636962890625,-0.008521316573023796,0.029978938400745392,-0.018514296039938927
1767708909803636700,7.12763671875,-0.009488577023148537,0.028623389080166817,-0.015751799568533897
1767708909813637600,7.1376376953125,-0.009516539983451366,0.02147866040468216,-0.021984394639730453
1767708909823637800,7.1476376953125,-0.010732538998126984,0.014794126152992249,-0.026993799954652786
1767708909833637600,7.1576376953125,-0.012339490465819836,0.0033726270776242018,-0.03074965626001358
1767708909843638800,7.167638671875,-0.014268950559198856,0.0043960800394415855,-0.028926189988851547
1767708909853638700,7.177638671875,-0.016259929165244102,0.004378503188490868,-0.02467738278210163
1767708909863638500,7.187638427734375,-0.01966957561671734,0.0023217438720166683,-0.02544836886227131
1767708909873638700,7.197638671875,-0.02149144373834133,0.010313889943063259,-0.02684146724641323
1767708909883639800,7.207639892578125,-0.02159850299358368,0.014695323072373867,-0.029281189665198326
1767708909893639700,7.2176396484375,-0.01852414943277836,0.016349678859114647,-0.026869431138038635
1767708909903639800,7.227639892578125,-0.014781609177589417,0.02082059346139431,-0.020073842257261276
1767708909913639700,7.2376396484375,-0.01575659215450287,0.01673237420618534,-0.01624288596212864
1767708909923640800,7.247640869140625,-0.01506816502660513,0.013941914774477482,-0.013529923744499683
1767708909933640700,7.257640625,-0.014027934521436691,0.011234811507165432,-0.011576761491596699
1767708909943640800,7.267640869140625,-0.013108078390359879,0.012737899087369442,-0.012346947565674782
1767708909953640700,7.277640625,-0.01341940276324749,0.022107433527708054,-0.016042616218328476
1767708909963641600,7.2876416015625,-0.011229218915104866,0.038957785815000534,-0.01703570783138275
1767708909973641700,7.297641845703125,-0.010492055676877499,0.05072496086359024,-0.018250109627842903
1767708909983641600,7.3076416015625,-0.008919725194573402,0.05101098492741585,-0.022413164377212524
1767708909993641700,7.317641845703125,-0.006988401059061289,0.040887244045734406,-0.02173032984137535
1767708910003643000,7.327642822265625,-0.008189752697944641,0.038422755897045135,-0.015536881983280182
1767708910013642800,7.337642822265625,-0.0060086240991950035,0.0410504974424839,-0.006678941659629345
1767708910023643000,7.347642822265625,-0.002959570847451687,0.03771568834781647,-0.01450011320412159
1767708910033642800,7.357642822265625,-0.00048363005043938756,0.023988157510757446,-0.024233967065811157
1767708910043643600,7.3676435546875,-0.0037409423384815454,0.00993119366466999,-0.02527925744652748
1767708910053643800,7.377643798828125,-0.00407516909763217,0.005694104824215174,-0.016822656616568565
1767708910063643600,7.3876435546875,-0.003855458227917552,0.0010250506456941366,-0.014099041000008583
1767708910073643800,7.397643798828125,-0.006074137985706329,-0.00555082643404603,-0.01390090212225914
1767708910083644700,7.407644775390625,-0.006352171767503023,-0.0004346278728917241,-0.015528359450399876
1767708910093644500,7.41764453125,-0.006371879018843174,0.00839721318334341,-0.011019893921911716
1767708910103645000,7.42764501953125,-0.0055004931055009365,0.010961304418742657,-0.0007603325066156685
1767708910113644800,7.437644775390625,-0.00589570589363575,0.00746004655957222,-0.0001371527905575931
1767708910123645700,7.447645751953125,-0.008413191884756088,-0.002112419344484806,-0.005876797717064619
1767708910133645800,7.457645751953125,-0.012254003435373306,-0.002526274649426341,-0.01552356593310833
1767708910143645700,7.467645751953125,-0.01432301290333271,-0.004526042379438877,-0.02231489308178425
1767708910153645800,7.477645751953125,-0.013796239160001278,-0.007771902717649937,-0.026613501831889153
1767708910163646700,7.487646728515625,-0.016804546117782593,-0.014971492812037468,-0.02274765633046627
1767708910173646600,7.497646484375,-0.012793026864528656,-0.012616192921996117,-0.016099873930215836
1767708910183646700,7.507646728515625,-0.017421867698431015,-0.0043902210891246796,-0.016538230702280998
1767708910193647600,7.517647705078125,-0.013456686399877071,0.003923102747648954,-0.013655091635882854
1767708910203647500,7.5276474609375,-0.011749600060284138,0.01077008992433548,-0.01618562825024128
1767708910213648000,7.53764794921875,-0.011489409022033215,0.016983777284622192,-0.020927386358380318
1767708910223647700,7.547647705078125,-0.01278929878026247,0.014721155166625977,-0.017173660919070244
1767708910233649000,7.55764892578125,-0.010276872664690018,0.011592740193009377,-0.00526666734367609
1767708910243648800,7.567648681640625,-0.009550095535814762,0.01011202298104763,0.004221110139042139
1767708910253648600,7.577648681640625,-0.008933307603001595,0.009644105099141598,0.0057737333700060844
1767708910263648800,7.587648681640625,-0.008557002991437912,0.004933239426463842,0.003923901356756687
1767708910273649700,7.597649658203125,-0.008517853915691376,0.0018168084789067507,0.007309312000870705
1767708910283649800,7.60764990234375,-0.011571701616048813,0.0021971079986542463,0.000990962260402739
1767708910293649700,7.617649658203125,-0.011001517996191978,-0.004712729714810848,-0.009464608505368233
1767708910303649500,7.6276494140625,-0.01284815464168787,-0.00666429428383708,-0.014372281730175018
1767708910313651000,7.63765087890625,-0.014145912602543831,-0.0006599313346669078,-0.015112906694412231
1767708910323650800,7.64765087890625,-0.013465208932757378,0.0016128103015944362,-0.014874286949634552
1767708910333651000,7.65765087890625,-0.016881512477993965,-0.0010974886827170849,-0.013785586692392826
1767708910343650800,7.66765087890625,-0.01960699073970318,0.0020548950415104628,-0.012606872245669365
1767708910353652500,7.677652587890625,-0.017942780628800392,0.0011060107499361038,-0.012031096033751965
1767708910363652400,7.68765234375,-0.021215273067355156,-0.004822984803467989,-0.014719557948410511
1767708910373652500,7.697652587890625,-0.024219851940870285,-0.012074505910277367,-0.0190820824354887
1767708910383652400,7.70765234375,-0.022639798000454903,-0.011695804074406624,-0.01581464894115925
1767708910393653500,7.717653564453125,-0.02383582480251789,-0.01332672405987978,-0.012035624124109745
1767708910403653400,7.7276533203125,-0.023300262168049812,-0.006963899824768305,-0.010863566771149635
1767708910413653200,7.7376533203125,-0.01961924135684967,-0.003251453395932913,-0.014252172783017159
1767708910423653400,7.7476533203125,-0.01739283837378025,0.0009733853512443602,-0.013654293492436409
1767708910433654500,7.757654541015625,-0.014343253336846828,0.0005763080553151667,-0.008115450851619244
1767708910443654700,7.767654541015625,-0.010353571735322475,0.002516420790925622,-0.0028242822736501694
1767708910453654500,7.777654541015625,-0.008919725194573402,-0.0022069616243243217,-0.0009480853332206607
1767708910463654400,7.787654296875,-0.011296330019831657,0.00039015308720991015,-0.0023872575256973505
1767708910473655600,7.797655517578125,-0.012136823497712612,0.002910302486270666,-0.003638144349679351
1767708910483655400,7.807655517578125,-0.016040751710534096,0.0005099953268654644,-0.00046099317842163146
1767708910493655600,7.817655517578125,-0.017061540856957436,-0.0009675264009274542,0.00027057717670686543
1767708910503656400,7.827656494140625,-0.01666739396750927,0.0008237157016992569,-0.004854676313698292
1767708910513656300,7.83765625,-0.015267369337379932,-0.0026314693968743086,-0.011113104410469532
1767708910523656400,7.847656494140625,-0.014575746841728687,-0.005570800509303808,-0.012634036131203175
1767708910533656600,7.857656494140625,-0.01263989508152008,-0.004780374001711607,-0.00857484620064497
1767708910543657500,7.867657470703125,-0.011419101618230343,-0.007979363203048706,-0.008895756676793098
1767708910553657600,7.87765771484375,-0.011070228181779385,-0.0038277613930404186,-0.004987035412341356
1767708910563657500,7.887657470703125,-0.008009190671145916,-0.0036456012167036533,-0.004800347611308098
1767708910573657600,7.89765771484375,-0.011451326310634613,-0.009676329791545868,-0.0027134947013109922
1767708910583658500,7.907658447265625,-0.011070494540035725,-0.004514058120548725,-0.001555818715132773
1767708910593658400,7.917658447265625,-0.012655074708163738,0.0024770060554146767,-0.007473895326256752
1767708910603658500,7.927658447265625,-0.01489239651709795,0.006281065288931131,-0.011289671994745731
1767708910613658400,7.937658447265625,-0.01414431445300579,0.010905911214649677,-0.0012737899087369442
1767708910623659300,7.9476591796875,-0.0145299406722188,0.014212758280336857,0.01218609232455492
1767708910633659400,7.957659423828125,-0.0143520412966609,0.019356653094291687,0.021748971194028854
1767708910643659500,7.967659423828125,-0.013338175602257252,0.019352925941348076,0.02665318176150322
1767708910653659600,7.97765966796875,-0.00923397857695818,0.015560850501060486,0.027417242527008057
1767708910663660500,7.98766064453125,-0.011963185854256153,0.012980513274669647,0.027295004576444626
1767708910673660400,7.997660400390625,-0.016016250476241112,0.013067332096397877,0.02244911715388298
1767708910683660500,8.00766064453125,-0.00959963072091341,0.010479272343218327,0.006075202953070402
1767708910693660400,8.017660400390625,-0.006400641519576311,0.01835663616657257,-0.00820866134017706
1767708910703661600,8.02766162109375,-0.0011353056179359555,0.019887154921889305,-0.013104616664350033
1767708910713661400,8.037661376953125,0.0019632822368294,0.00974610447883606,-0.00965502392500639
1767708910723661300,8.047661376953124,-0.007201720029115677,-0.010162089951336384,-0.005910885985940695
1767708910733662500,8.057662353515624,-0.00583791546523571,-0.018032530322670937,-0.011596734635531902
1767708910743662600,8.06766259765625,-0.003944674041122198,-0.020841898396611214,-0.02100701443850994
1767708910753662500,8.077662353515626,-0.003989148885011673,-0.019116703420877457,-0.021393172442913055
1767708910763662600,8.08766259765625,-0.008714395575225353,-0.02502439357340336,-0.022775886580348015
1767708910773663500,8.09766357421875,-0.008287491276860237,-0.03295661881566048,-0.02684519626200199
1767708910783663600,8.10766357421875,-0.007978830486536026,-0.029860960319638252,-0.0344272144138813
1767708910793663500,8.11766357421875,-0.00794554129242897,-0.0232952032238245,-0.03379444777965546
1767708910803663600,8.12766357421875,-0.00999218039214611,-0.015592541545629501,-0.029271336272358894
1767708910813664500,8.13766455078125,-0.011801266111433506,-0.019359316676855087,-0.024514930322766304
1767708910823664400,8.147664306640625,-0.011114169843494892,-0.01913214847445488,-0.0210709311068058
1767708910833664500,8.15766455078125,-0.012443353421986103,-0.016694026067852974,-0.01420396938920021
1767708910843664400,8.167664306640624,-0.014153103344142437,-0.0275083240121603,-0.01629801280796528
1767708910853665500,8.17766552734375,-0.018986741080880165,-0.04483591392636299,-0.023076556622982025
1767708910863665700,8.187665771484374,-0.010702711530029774,-0.04234639182686806,-0.024226244539022446
1767708910873665500,8.19766552734375,-0.008766327053308487,-0.040353816002607346,-0.02623293548822403
1767708910883666400,8.20766650390625,-0.004445348400622606,-0.032470591366291046,-0.02971528470516205
1767708910893666600,8.21766650390625,-0.0046160570345819,-0.022895196452736855,-0.031688421964645386
1767708910903666400,8.22766650390625,-0.0017172062071040273,-0.008670985698699951,-0.030498255044221878
1767708910913666600,8.23766650390625,0.0014301175251603127,-0.0024972460232675076,-0.024021446704864502
1767708910923667500,8.24766748046875,0.002560895634815097,0.007415838539600372,-0.016538230702280998
1767708910933667300,8.257667236328125,0.00007057376933516935,0.008464325219392776,-0.013798370026051998
1767708910943667500,8.26766748046875,0.0026229473296552896,0.00013156015484128147,-0.016024772077798843
1767708910953667300,8.277667236328124,0.001674595638178289,-0.0011832424206659198,-0.020191820338368416
1767708910963668500,8.28766845703125,-0.0011001517996191978,0.00022157499915920198,-0.020981181412935257
1767708910973668600,8.297668701171874,-0.0014120079576969147,-0.002642122097313404,-0.013068930245935917
1767708910983668500,8.30766845703125,-0.00044022052315995097,-0.0017811221769079566,-0.0028751487843692303
1767708910993668600,8.317668701171876,-0.001285241567529738,0.0029087045695632696,-0.000027430558475316502
1767708911003669500,8.32766943359375,-0.0005624596378766,0.004973985720425844,0.003919374197721481
1767708911013669400,8.33766943359375,-0.002007490722462535,0.0008495483780279756,0.010492854751646519
1767708911023669500,8.34766943359375,-0.0012359730899333954,0.0006186523241922259,0.012232697568833828
1767708911033669400,8.35766943359375,-0.002404035534709692,0.005649363622069359,0.009316802956163883
1767708911043670500,8.36767041015625,-0.0035230957437306643,0.012524846941232681,0.010663829743862152
1767708911053670400,8.37767041015625,-0.0032738239970058203,0.008731439709663391,0.010907774791121483
1767708911063670300,8.387670166015624,0.00009747169679030776,0.0073042516596615314,0.012998090125620365
1767708911073670400,8.39767041015625,-0.0004679173871409148,0.007873103022575378,0.018022676929831505
1767708911083671600,8.407671630859374,-0.00037710359902121127,0.010937602259218693,0.023624636232852936
1767708911093671700,8.417671630859376,-0.0030210898257791996,0.01998782344162464,0.023541811853647232
1767708911103671600,8.427671630859376,-0.00564030883833766,0.02232714369893074,0.022431273013353348
1767708911113672400,8.43767236328125,-0.005014199763536453,0.00797536876052618,0.01666259951889515
1767708911123672600,8.447672607421875,-0.005935120861977339,0.0033537186682224274,0.01236558984965086
1767708911133672400,8.45767236328125,-0.0070643010549247265,-0.001350755337625742,0.009767675772309303
1767708911143672600,8.467672607421875,-0.006237389519810677,-0.008023039437830448,0.009559150785207748
1767708911153673500,8.477673583984375,-0.00669332267716527,-0.007771636825054884,0.014928615652024746
1767708911163673300,8.48767333984375,-0.006474144756793976,0.0007241134881041944,0.013699833303689957
1767708911173673500,8.497673583984374,-0.005608084611594677,-0.001802693703211844,0.006569752003997564
1767708911183673300,8.50767333984375,-0.008099472150206566,0.002989931032061577,-0.0013291836949065328
1767708911193674500,8.517674560546874,-0.00881160143762827,0.0017531589837744832,0.0018881811993196607
1767708911203674600,8.527674560546876,-0.008025435730814934,-0.0014479606179520488,-0.000669518718495965
1767708911213674500,8.537674560546876,-0.00663446681573987,-0.0007097324123606086,-0.007868842221796513
1767708911223674600,8.547674560546875,-0.002895122393965721,0.0035603800788521767,-0.006262423470616341
1767708911233675500,8.557675537109375,-0.0006109291571192443,0.005538842175155878,0.0006330333999358118
1767708911243675400,8.56767529296875,0.0023467775899916887,0.013014068827033043,-0.0007017429452389479
1767708911253675500,8.577675537109375,0.004043211229145527,0.016439693048596382,-0.001806155894882977
1767708911263676400,8.587676513671875,0.002793389605358243,0.01679735630750656,0.005227785091847181
1767708911273676300,8.59767626953125,0.005575594026595354,0.01684875413775444,0.01152802538126707
1767708911283676400,8.607676513671874,0.008357532322406769,0.007425159215927124,0.00875274557620287
1767708911293676300,8.61767626953125,0.006334328558295965,0.0033334787003695965,-0.00013608753215521574
1767708911303677400,8.627677490234374,0.006632602773606777,0.005334844347089529,-0.00827710423618555
1767708911313677600,8.637677490234376,0.007001450285315514,0.006133792456239462,-0.004004595335572958
1767708911323677400,8.647677490234376,0.008083226159214973,0.004804342519491911,0.0060211410745978355
1767708911333677600,8.657677490234375,0.009925068356096745,0.006013683974742889,0.011777297593653202
1767708911343678500,8.667678466796875,0.008746087551116943,0.0019542276859283447,0.011575163342058659
1767708911353678600,8.6776787109375,0.00481339730322361,-0.000922252656891942,0.010000968351960182
1767708911363679000,8.687678955078125,0.0065412563271820545,-0.004571049474179745,0.00458729499951005
1767708911373678800,8.697678955078125,0.0002889529860112816,0.0000018642127770363004,0.0043745082803070545
1767708911383679700,8.7076796875,0.0004673847579397261,0.004547347314655781,0.004677842371165752
1767708911393680000,8.717679931640625,0.000037017940485384315,0.007947138510644436,0.0059809270314872265
1767708911403679700,8.7276796875,0.0002287655370309949,0.011784753762185574,0.012501144781708717
1767708911413679900,8.737679931640624,0.0014183996245265007,0.016650082543492317,0.013936055824160576
1767708911423680800,8.7476806640625,0.0016245282022282481,0.013243899680674076,0.015848470851778984
1767708911433681000,8.757680908203126,0.0018224010709673166,0.011744007468223572,0.018012555316090584
1767708911443680800,8.7676806640625,-0.0002348908019484952,0.0121839614585042,0.016025038436055183
1767708911453681700,8.777681640625,-0.0015880429418757558,0.009301356039941311,0.010252105072140694
1767708911463681800,8.787681884765625,-0.0016964336391538382,0.0083085298538208,0.0065415226854383945
1767708911473682000,8.797681884765625,-0.004056526813656092,0.006145776715129614,0.00421391986310482
1767708911483681800,8.807681884765625,-0.0020477045327425003,0.008802013471722603,0.0011254518758505583
1767708911493683000,8.817682861328125,-0.00033875409280881286,0.002868224401026964,-0.0040855552069842815
1767708911503682800,8.827682861328125,0.0046453517861664295,-0.004999818746000528,-0.008226504549384117
1767708911513683000,8.837682861328124,0.007505586836487055,-0.007648864760994911,-0.009439041838049889
1767708911523682800,8.847682861328124,0.005964948330074549,-0.009589243680238724,-0.015426626428961754
1767708911533683700,8.85768359375,0.006731139495968819,-0.0037832865491509438,-0.016230368986725807
1767708911543683800,8.867683837890626,0.006308495998382568,0.002412823960185051,-0.018218152225017548
1767708911553683700,8.87768359375,0.006569485645741224,0.001939580193720758,-0.011578358709812164
1767708911563683800,8.887683837890625,0.006109823938459158,0.005755091086030006,-0.007174289785325527
1767708911573685000,8.89768505859375,0.002694586291909218,0.010268882848322392,-0.008665925823152065
1767708911583684900,8.907684814453125,0.0005209143273532391,0.012783439829945564,-0.011898737400770187
1767708911593685000,8.91768505859375,-0.0007044061203487217,0.011393269523978233,-0.01492355577647686
1767708911603686000,8.927685791015625,-0.0022450448013842106,0.01245187595486641,-0.01728231832385063
1767708911613685800,8.937685791015625,-0.0005725796218030155,0.012630041688680649,-0.017371267080307007
1767708911623686000,8.947685791015624,0.00003222424857085571,0.006361226551234722,-0.015564844943583012
1767708911633685800,8.957685791015624,0.0003102582704741508,-0.0013851100811734796,-0.014272945001721382
1767708911643686700,8.967686767578124,0.0027651600539684296,-0.0059630838222801685,-0.00881133507937193
1767708911653686800,8.977686767578126,0.005276787560433149,-0.005605954211205244,-0.0028543761000037193
1767708911663686700,8.987686767578126,0.003713511861860752,-0.002651443239301443,-0.006255765445530415
1767708911673686800,8.997686767578125,0.002528405049815774,0.0020210728980600834,-0.009344765916466713
1767708911683688000,9.00768798828125,0.0038149782922118902,0.006113019771873951,-0.005855492316186428
1767708911693687800,9.017687744140625,0.004590490832924843,0.005125519819557667,-0.009687514975667
1767708911703688000,9.02768798828125,0.002968092914670706,0.0065255435183644295,-0.009411611594259739
1767708911713687800,9.037687744140625,0.0014229270163923502,-0.004014182835817337,-0.007837416604161263
1767708911723689000,9.04768896484375,0.0012756541837006807,-0.008547947742044926,-0.010603642091155052
1767708911733688800,9.057688720703124,0.00441019469872117,-0.0054456316865980625,-0.02214391715824604
1767708911743688700,9.067688720703124,0.0038988678716123104,-0.006070942152291536,-0.024877386167645454
1767708911753689900,9.07768994140625,0.005185441114008427,-0.014507836662232876,-0.026379942893981934
1767708911763689700,9.087689697265626,0.0054365769028663635,-0.016872189939022064,-0.024327710270881653
1767708911773689900,9.09768994140625,0.006371879018843174,-0.017598435282707214,-0.019230153411626816
1767708911783689700,9.107689697265625,0.00592420157045126,-0.018483668565750122,-0.010426808148622513
1767708911793691000,9.11769091796875,0.005422462243586779,-0.017247164621949196,-0.0037803570739924908
1767708911803691000,9.12769091796875,0.005146026145666838,-0.016031431034207344,-0.0021552962716668844
1767708911813691000,9.13769091796875,0.0048738508485257626,-0.012301141396164894,-0.008791361004114151
1767708911823691000,9.14769091796875,0.003606186481192708,-0.007786816451698542,-0.007987885735929012
1767708911833692000,9.15769189453125,0.001216531964018941,-0.0006934871198609471,-0.009346097707748413
1767708911843691800,9.16769189453125,0.0005187837523408234,0.006735400762408972,-0.005169195588678122
1767708911853692000,9.17769189453125,0.001148355077020824,0.004008323885500431,-0.0008474178612232208
1767708911863691800,9.18769189453125,0.000969923275988549,0.006974020041525364,-0.003085272153839469
1767708911873692700,9.197692626953126,0.00011078749957960099,0.009839048609137535,-0.0027238810434937477
1767708911883692800,9.20769287109375,-0.0007371630053967237,0.008806274272501469,-0.003949734382331371
1767708911893692700,9.217692626953125,0.00017097493400797248,0.010448645800352097,0.0008727178792469203
1767708911903693800,9.22769384765625,0.00048123320448212326,0.012587963603436947,0.0038450718857347965
1767708911913694000,9.23769384765625,0.00011345066013745964,0.01185080036520958,-0.00021278657368384302
1767708911923693800,9.24769384765625,0.00013022858183830976,0.011204984039068222,-0.0004394215648062527
1767708911933694000,9.25769384765625,0.001972337020561099,0.013748835772275925,-0.004262122791260481
1767708911943694800,9.26769482421875,0.0007387608638964593,0.020539363846182823,-0.003549461020156741
1767708911953694700,9.27769482421875,0.0036618465092033148,0.02539324015378952,0.000045806369598722085
1767708911963694800,9.28769482421875,0.00370072852820158,0.024158332496881485,0.0020519655663520098
1767708911973694700,9.29769482421875,0.0012929646763950586,0.014780810102820396,0.0032498554792255163
1767708911983696000,9.30769580078125,-0.0008910936885513365,0.003621100215241313,0.0017651431262493134
1767708911993695700,9.31769580078125,-0.006475742440670729,0.0033601103350520134,-0.0013720606220886111
1767708912003695600,9.327695556640625,-0.00990323070436716,0.005600095260888338,-0.004056793171912432
1767708912013695700,9.33769580078125,-0.011009241454303265,0.014508103020489216,-0.002501773415133357
1767708912023697000,9.34769677734375,-0.011416705325245857,0.011867311783134937,-0.0022130869328975677
1767708912033696800,9.35769677734375,-0.008833172731101513,0.00726483715698123,0.0015869776252657175
1767708912043697000,9.36769677734375,-0.005583050660789013,0.005330583080649376,0.006759102921932936
1767708912053697800,9.37769775390625,-0.003471164032816887,0.0035393410362303257,0.007814247161149979
1767708912063698000,9.387697998046875,-0.0032168321777135134,0.0017755294684320688,0.004584631882607937
1767708912073697800,9.39769775390625,-0.0021489046048372984,0.0027949875220656395,-0.0014977618120610714
1767708912083698000,9.407697998046874,-0.0023587618488818407,0.00509782275184989,-0.003564907470718026
1767708912093698800,9.41769873046875,-0.004804076161235571,0.007586546707898378,-0.00640916358679533
1767708912103698700,9.42769873046875,-0.0049252500757575035,0.012618057429790497,-0.004248274490237236
1767708912113698800,9.43769873046875,-0.0025984463281929493,0.01582237333059311,-0.0018154769204556942
1767708912123698700,9.44769873046875,-0.0016077503096312284,0.02076147124171257,-0.00803209375590086
1767708912133699800,9.457699951171875,-0.004323109518736601,-0.001748897833749652,0.0007984156836755574
1767708912143700000,9.467699951171875,-0.00498064374551177,0.0041465419344604015,0.004311923868954182
1767708912153699800,9.477699951171875,-0.0036551884841173887,0.010348244570195675,0.002071140334010124
1767708912163700000,9.487699951171875,-0.0024085629265755415,0.016568856313824654,-0.00036618465674109757
1767708912173700900,9.497700927734375,0.00007723167072981596,0.026982881128787994,-0.001966744428500533
1767708912183700700,9.50770068359375,0.0012173309223726392,0.024996962398290634,0.0024168186355382204
1767708912193700900,9.517700927734374,-0.0001651159836910665,0.021928735077381134,0.0022479742765426636
1767708912203701800,9.52770166015625,0.0011528824688866735,0.017796041443943977,0.001026115962304175
1767708912213701600,9.53770166015625,0.0015877765836194158,0.013393836095929146,-0.0011147991754114628
1767708912223701800,9.54770166015625,0.004997421521693468,0.0029406624380499125,0.007169762160629034
1767708912233701600,9.55770166015625,-0.002511360915377736,0.012629508972167969,0.011946141719818115
1767708912243702800,9.567702880859375,0.00014327807002700865,0.01624208688735962,0.004474376793950796
1767708912253703000,9.577702880859375,0.00152359448838979,0.02106613665819168,0.004066380672156811
1767708912263702800,9.587702880859375,0.003614708548411727,0.017367005348205566,0.0073623089119791985
1767708912273703000,9.597702880859375,0.007475226651877165,0.018753448501229286,0.012896090745925903
1767708912283703800,9.607703857421875,0.007998538203537464,0.01305454969406128,0.015447932295501232
1767708912293703700,9.61770361328125,0.010262224823236465,0.00691995769739151,0.011246263049542904
1767708912303703800,9.627703857421874,0.008619320578873158,0.01179247722029686,0.009194031357765198
1767708912313704700,9.63770458984375,0.007249923422932625,0.018642393872141838,0.00600436283275485
1767708912323704800,9.647704833984376,0.0051777176558971405,0.024152474477887154,0.0035422705113887787
1767708912333704700,9.65770458984375,0.0046328348107635975,0.023253390565514565,0.0013936321483924985
1767708912343704600,9.66770458984375,0.0037910097744315863,0.0198016669601202,-0.0003531351685523987
1767708912353704400,9.677704345703125,0.003379551460966468,0.014549647457897663,0.0015760586829856038
1767708912363704600,9.68770458984375,0.0046160570345819,0.015929166227579117,0.0030533140525221825
1767708912373704700,9.69770458984375,0.005948969163000584,0.017652230337262154,0.0011406318517401814
1767708912383704600,9.70770458984375,0.0032589102629572153,0.01823333278298378,0.0010751180816441774
1767708912393705700,9.717705810546875,0.004476773552596569,0.017411481589078903,-0.002226136391982436
1767708912403705600,9.72770556640625,0.0023616913240402937,0.016143282875418663,-0.0024833977222442627
1767708912413705500,9.73770556640625,0.0026109630707651377,0.018981413915753365,-0.005501025356352329
1767708912423705600,9.74770556640625,0.0005560680292546749,0.01660534180700779,-0.007378287613391876
1767708912433706500,9.75770654296875,-0.000467118457891047,0.016162991523742676,-0.006338589824736118
1767708912443706600,9.76770654296875,-0.0011970909545198083,0.017854364588856697,-0.00227806787006557
1767708912453706500,9.77770654296875,-0.0008748483960516751,0.018459169194102287,0.004811000544577837
1767708912463707400,9.787707275390625,0.00007936220208648592,0.018728414550423622,0.010701379738748074
1767708912473707800,9.797707763671875,0.0018277274211868644,0.017353422939777374,0.010180998593568802
1767708912483707600,9.807707763671875,0.0017411747248843312,0.01690894179046154,0.0052325790748000145
1767708912493707800,9.817707763671875,0.0008769789128564298,0.011781824752688408,-0.004714594222605228
1767708912503708700,9.827708740234375,0.0019491675775498152,-0.0009925601771101356,-0.009898170828819275
1767708912513708500,9.83770849609375,0.0017438378417864442,-0.00421418622136116,-0.010336526669561863
1767708912523708700,9.847708740234374,0.0006609965930692852,-0.0020788635592907667,-0.012839099392294884
1767708912533708500,9.85770849609375,-0.0009259810904040933,0.002201635157689452,-0.013549364171922207
1767708912543709400,9.86770947265625,0.0020125508308410645,0.007655256427824497,-0.011859589256346226
1767708912553709600,9.87770947265625,0.002383529208600521,0.006350839976221323,-0.012957876548171043
1767708912563709400,9.88770947265625,0.001990180229768157,0.018383001908659935,-0.012555738911032677
1767708912573710600,9.897710693359375,0.0010282464791089296,0.026806579902768135,-0.011811652220785618
1767708912583710700,9.907710693359375,0.00239205127581954,0.02774667553603649,-0.0028607675340026617
1767708912593710600,9.917710693359375,0.004622448701411486,0.018064487725496292,0.00398728484287858
1767708912603710700,9.927710693359375,0.0025153555907309055,0.014484932646155357,0.004562527406960726
1767708912613711600,9.937711669921875,-0.0029385320376604795,0.014678810723125935,-0.0026285399217158556
1767708912623711500,9.94771142578125,-0.007282680366188288,0.016096411272883415,-0.00812344066798687
1767708912633711600,9.957711669921874,-0.009041964076459408,0.01739763282239437,-0.005646700505167246
1767708912643711500,9.96771142578125,-0.00956793874502182,0.01733504794538021,-0.0020777983590960503
1767708912653712400,9.97771240234375,-0.00920361839234829,0.014366156421601772,-0.0038541266694664955
1767708912663712500,9.98771240234375,-0.008491755463182926,0.012022308073937893,-0.006678408943116665
1767708912673712400,9.99771240234375,-0.007358047645539045,0.007428355049341917,-0.008227836340665817
1767708912683712500,10.00771240234375,-0.0065567027777433395,0.016709737479686737,-0.003763046581298113
1767708912693713700,10.017713623046875,-0.007361776195466518,0.02215217426419258,-0.003100185887888074
1767708912703713500,10.027713623046875,-0.008728244341909885,0.027028953656554222,0.0007986819837242365
1767708912713713700,10.037713623046875,-0.009674998000264168,0.028600485995411873,0.0052048820070922375
1767708912723714600,10.047714599609375,-0.008249407634139061,0.03007933869957924,0.010666492395102978
1767708912733714700,10.057714599609374,-0.0062576294876635075,0.03370150551199913,0.013324061408638954
1767708912743714600,10.067714599609374,-0.0035960664972662926,0.028863605111837387,0.01501170638948679
1767708912753714700,10.077714599609376,-0.0015949672088027,0.01792120933532715,0.012442555278539658
1767708912763715600,10.087715576171876,0.0010961571242660284,0.014521684497594833,0.0033156354911625385
1767708912773715500,10.097715576171876,0.003355849301442504,0.016748353838920593,-0.0049135321751236916
1767708912783715600,10.107715576171875,0.0026109630707651377,0.015469769947230816,-0.00794287770986557
1767708912793715500,10.117715576171875,0.0017504957504570484,0.011202054098248482,-0.016885239630937576
1767708912803716600,10.127716552734375,0.0001704423048067838,0.006804642733186483,-0.018140388652682304
1767708912813716700,10.137716796875,-0.0022865901701152325,0.011056912131607533,-0.020426178351044655
1767708912823716600,10.147716552734375,-0.001433845958672464,0.0205159280449152,-0.023139940574765205
1767708912833717500,10.157717529296875,-0.003935352899134159,0.01854172721505165,-0.018140388652682304
1767708912843717600,10.167717529296874,-0.002679938916116953,0.026379942893981934,-0.01997637189924717
1767708912853717500,10.177717529296874,-0.0013432984706014395,0.02322143316268921,-0.0177552942186594
1767708912863717600,10.187717529296876,0.0009094694978557527,0.022236064076423645,-0.004710599314421415
1767708912873718500,10.197718505859376,-0.0014152037911117077,0.023782560601830482,-0.001639441936276853
1767708912883718400,10.207718505859376,0.0014895059866830707,0.03792740777134895,0.007006510626524687
1767708912893718500,10.217718505859375,-0.003724697045981884,0.03188655897974968,0.0052381716668605804
1767708912903718400,10.227718505859375,0.0010452907299622893,0.02491893246769905,0.00691969133913517
1767708912913719600,10.237719482421875,-0.0013936321483924985,0.021072793751955032,0.005905826110392809
1767708912923719700,10.2477197265625,-0.00007430219557136297,0.008700813166797161,0.00475320965051651
1767708912933719600,10.257719482421875,-0.000716922979336232,0.00872211903333664,0.0025276062078773975
1767708912943720700,10.267720703125,-0.0023177489638328552,0.006870955694466829,-0.0032354744616895914
1767708912953720600,10.277720458984374,-0.012174907140433788,-0.004257062915712595,0.001407214323990047
1767708912963720400,10.287720458984374,-0.009946640580892563,-0.0067484499886631966,0.0019917781464755535
1767708912973720600,10.297720458984376,-0.013718475587666035,0.00038456046604551375,0.0008013451588340104
1767708912983721500,10.307721435546876,-0.009307747706770897,-0.0020032296888530254,0.005577990785241127
1767708912993721600,10.3177216796875,-0.00806458480656147,-0.001984054921194911,0.011831891722977161
1767708913003721500,10.327721435546875,-0.0054765245877206326,-0.004518851637840271,0.012553076259791851
1767708913013721300,10.337721435546875,-0.0052442969754338264,-0.001796834752894938,0.010584200732409954
1767708913023722800,10.34772265625,-0.004926315508782864,0.000441818410763517,0.012211658991873264
1767708913033722600,10.35772265625,-0.0025981799699366093,-0.002514290390536189,0.013917679898440838
1767708913043722800,10.36772265625,-0.0035332157276570797,0.001856223214417696,0.016082562506198883
1767708913053722600,10.37772265625,-0.0008764463127590716,0.007865912280976772,0.012528575025498867
1767708913063723500,10.3877236328125,-0.004277036525309086,0.0124220484867692,0.004997687879949808
1767708913073723600,10.3977236328125,-0.007005711551755667,0.019876236096024513,0.000461259507574141
1767708913083723500,10.4077236328125,-0.0031997880432754755,0.02695891261100769,-0.010441722348332405
1767708913093724400,10.417724365234376,-0.006489857099950314,0.02364674024283886,-0.014275874942541122
1767708913103724500,10.427724609375,-0.00580782163888216,0.018063688650727272,-0.006721019744873047
1767708913113724400,10.437724365234375,-0.004381965380162001,0.009181514382362366,0.003032541600987315
1767708913123724500,10.447724609375,-0.003695135936141014,0.009137571789324284,0.0014567491598427296
1767708913133725700,10.4577255859375,0.0016018913593143225,0.008845956064760685,-0.003528155852109194
1767708913143725600,10.4677255859375,0.003500725142657757,0.01734064146876335,-0.0037851508241146803
1767708913153725700,10.4777255859375,0.0023811322171241045,0.024563666433095932,-0.0008367652189917862
1767708913163726600,10.4877265625,0.0003406183095648885,0.04195943474769592,-0.008955145254731178
1767708913173726500,10.4977265625,0.0003741741238627583,0.04640611261129379,-0.012710468843579292
1767708913183726600,10.5077265625,-0.0015065502375364304,0.046976298093795776,-0.009224923327565193
1767708913193726500,10.5177265625,-0.00041492050513625145,0.046117961406707764,-0.009856625460088253
1767708913203727400,10.527727294921876,0.002947586588561535,0.04470568522810936,-0.010840130969882011
1767708913213727500,10.5377275390625,-0.0003992078418377787,0.029023662209510803,-0.011797270737588406
1767708913223727400,10.547727294921875,-0.0013379721203818917,0.014200507663190365,-0.008762865327298641
1767708913233727500,10.5577275390625,-0.0013435647124424577,0.0062544336542487144,-0.0054450989700853825
1767708913243728600,10.567728759765625,-0.0035028557758778334,0.0000250337143370416,0.0021369203459471464
1767708913253728500,10.577728515625,-0.0037800907157361507,0.003400324145331979,-0.007325024344027042
1767708913263728600,10.587728759765625,-0.003242398612201214,0.004596882499754429,-0.004228300880640745
1767708913273729500,10.5977294921875,-0.0006652576266787946,0.002228266792371869,-0.006958040874451399
1767708913283729700,10.607729736328125,0.0013606089632958174,0.0040975394658744335,-0.0188413318246603
1767708913293729500,10.6177294921875,0.006473612040281296,0.01834944635629654,-0.027716316282749176
1767708913303729400,10.6277294921875,0.010142914950847626,0.031067105010151863,-0.03930879011750221
1767708913313730600,10.63773046875,0.010819357819855213,0.04535869136452675,-0.03831329941749573
1767708913323730400,10.64773046875,0.015141136012971401,0.05528828874230385,-0.03003726154565811
1767708913333730600,10.65773046875,0.01786741428077221,0.05335323512554169,-0.034757714718580246
1767708913343730400,10.66773046875,0.017258882522583008,0.045824479311704636,-0.04038843512535095
1767708913353731600,10.677731689453125,0.014914766885340214,0.039445411413908005,-0.03166711702942848
1767708913363732200,10.687732177734375,0.016565660014748573,0.02761431783437729,-0.030462834984064102
1767708913373732000,10.697732177734375,0.01293603889644146,0.029581326991319656,-0.030044184997677803
1767708913383732000,10.70773193359375,0.010159160941839218,0.019824039191007614,-0.030908914282917976
1767708913393733000,10.717733154296875,0.008087221533060074,0.0013222594279795885,-0.022911973297595978
1767708913403733000,10.72773291015625,0.006136189214885235,-0.007819573394954205,-0.011521100997924805
1767708913413733000,10.737733154296874,0.004225371405482292,-0.008815329521894455,-0.013230318203568459
1767708913423734000,10.747734130859374,0.001466336427256465,-0.01498347707092762,-0.010428672656416893
1767708913433734100,10.757734130859374,-0.00242081331089139,-0.021679995581507683,-0.0044352286495268345
1767708913443734300,10.767734375,-0.007041131611913443,-0.02797730639576912,0.00487278588116169
1767708913453734100,10.777734130859375,-0.010274741798639297,-0.0297299325466156,0.009066198952496052
1767708913463735000,10.787735107421875,-0.011365040205419064,-0.02473464049398899,-0.00070493872044608
1767708913473735200,10.797735107421875,-0.010105897672474384,-0.012170912697911263,-0.01435150858014822
1767708913483735000,10.807735107421875,-0.010351440869271755,-0.007458981592208147,-0.024811074137687683
1767708913493736000,10.81773583984375,-0.01022653840482235,-0.010064352303743362,-0.018311096355319023
1767708913503736000,10.827736083984375,-0.008599613793194294,-0.010906443931162357,-0.004194744862616062
1767708913513736000,10.83773583984375,-0.008093879558146,-0.01314909104257822,-0.0023313311394304037
1767708913523736000,10.847736083984374,-0.008390022441744804,-0.012427108362317085,-0.00012250541476532817
1767708913533737200,10.8577373046875,-0.00911546777933836,-0.011770639568567276,0.007622765842825174
1767708913543737000,10.867737060546874,-0.011003382503986359,-0.01104359608143568,0.010238256305456161
1767708913553737200,10.8777373046875,-0.012044412083923817,-0.009796171449124813,0.006146575789898634
1767708913563737000,10.887737060546876,-0.014658304862678051,-0.013413277454674244,0.007437942549586296
1767708913573738000,10.897738037109375,-0.015409848652780056,-0.01266812440007925,0.004151069093495607
1767708913583738000,10.907738037109375,-0.014037256129086018,-0.007105047348886728,-0.006095176562666893
1767708913593738000,10.917738037109375,-0.012131497263908386,-0.004572913981974125,-0.011228952556848526
1767708913603739100,10.9277392578125,-0.011942679062485695,-0.007425159215927124,-0.005666940473020077
1767708913613739000,10.937739013671875,-0.010508300736546516,-0.008935438469052315,0.0022325278259813786
1767708913623739000,10.94773876953125,-0.008044610731303692,-0.012347480282187462,0.00577879324555397
1767708913633739000,10.957739013671874,-0.007163636852055788,-0.008389489725232124,0.0022423816844820976
1767708913643740200,10.967740234375,-0.0062826634384691715,-0.0019382486352697015,-0.004166249185800552
1767708913653740300,10.977740234375,-0.00800413079559803,0.0006689860601909459,-0.008695220574736595
1767708913663740200,10.987740234375,-0.006713029928505421,0.0002926813904196024,-0.002811499172821641
1767708913673740000,10.997739990234376,-0.006399842444807291,0.0005685848882421851,0.005650694947689772
1767708913683741200,11.0077412109375,-0.004994226153939962,0.004214984830468893,0.00660517206415534
1767708913693741000,11.017740966796875,-0.009543970227241516,0.006097307428717613,0.0029473204631358385
1767708913703741200,11.0277412109375,-0.005426457151770592,0.009153018705546856,0.0018546254141256213
1767708913713742000,11.0377421875,-0.007435013074427843,0.005285841878503561,0.006042446009814739
1767708913723742000,11.047741943359375,-0.007861118763685226,0.0010524812387302518,0.0032237565610557795
1767708913733742000,11.0577421875,-0.008050736039876938,0.0043838294222950935,0.006195844151079655
1767708913743742000,11.067741943359374,-0.006172674708068371,0.0004857605672441423,0.005967611446976662
1767708913753743000,11.0777431640625,-0.0051686628721654415,-0.00424374733120203,0.006703975144773722
1767708913763743200,11.0877431640625,0.0001030643325066194,-0.003968376200646162,0.010624414309859276
1767708913773743000,11.0977431640625,0.0027164241764694452,-0.00430100504308939,0.006108492612838745
1767708913783743200,11.1077431640625,0.003683418035507202,0.00001651159800530877,-0.0005912217311561108
1767708913793744100,11.117744140625,0.006666957400739193,0.013169864192605019,-0.005948170088231564
1767708913803744000,11.127743896484375,0.009796704165637493,0.018806977197527885,-0.007762315683066845
1767708913813744000,11.137744140625,0.0051990230567753315,0.009736782871186733,-0.011739213950932026
1767708913823745000,11.1477451171875,0.001603489276021719,0.0036719664931297302,-0.013223127461969852
1767708913833745000,11.157744873046875,-0.002951315138489008,-0.0011134676169604063,-0.01125398650765419
1767708913843745000,11.1677451171875,-0.0073327478021383286,-0.006518353242427111,-0.008359129540622234
1767708913853745000,11.177744873046874,-0.008893893100321293,-0.009497098624706268,-0.006584133021533489
1767708913863746000,11.18774609375,-0.00914476253092289,-0.009441439062356949,-0.004565456882119179
1767708913873746200,11.19774609375,-0.003952663857489824,-0.010935205966234207,0.0029856697656214237
1767708913883746000,11.20774609375,0.00021837920940015465,-0.009534116834402084,0.0071178306825459
1767708913893746200,11.21774609375,0.0031313446816056967,-0.009298427030444145,0.006083725020289421
1767708913903747000,11.2277470703125,0.005754824727773666,-0.004591555800288916,0.0037787591572850943
1767708913913747200,11.237747314453125,0.007014766335487366,-0.000601075473241508,0.0012000204296782613
1767708913923747000,11.2477470703125,0.004566255956888199,0.0009158611064776778,-0.004039482679218054
1767708913933748000,11.257748046875,0.002130262553691864,0.0041396175511181355,-0.007166832685470581
1767708913943748000,11.267748046875,0.001925199176184833,0.011187407188117504,-0.012073706835508347
1767708913953748000,11.277748046875,0.0014359764754772186,0.004039749037474394,-0.013438044115900993
1767708913963748000,11.287748046875,0.0015675366157665849,0.0036788906436413527,-0.010902182199060917
1767708913973749200,11.297749267578125,0.004126301966607571,0.0027081684675067663,-0.012493154965341091
1767708913983749000,11.3077490234375,0.004865861497819424,-0.004760134033858776,-0.012628976255655289
1767708913993749200,11.317749267578124,0.003768639173358679,-0.006767358630895615,-0.007546066772192717
1767708914003750100,11.327750244140624,0.0030927290208637714,-0.004163586068898439,-0.00424188282340765
1767708914013750000,11.33775,0.005784918554127216,-0.007443535141646862,-0.008814264088869095
1767708914023750100,11.347750244140625,0.003742007538676262,-0.0041220407001674175,-0.009255549870431423
1767708914033750000,11.35775,0.0028250813484191895,-0.0006815029191784561,-0.011464109644293785
1767708914043751000,11.3677509765625,0.0011046791914850473,0.002710299100726843,-0.013126987032592297
1767708914053751000,11.3777509765625,-0.0010311759542673826,0.003581951605156064,-0.013209811411798
1767708914063751000,11.3877509765625,-0.0009643306257203221,0.008155664429068565,-0.007044593803584576
1767708914073751000,11.3977509765625,-0.0035835495218634605,0.008729576133191586,-0.007419832982122898
1767708914083752200,11.407752197265625,-0.00529489666223526,0.011005779728293419,-0.00854581780731678
1767708914093752000,11.417751953125,-0.0020775320008397102,0.011786085553467274,-0.008831308223307133
1767708914103752200,11.427752197265624,-0.0004958806093782187,0.01091842819005251,-0.009682188741862774
1767708914113753000,11.437753173828124,0.002826146548613906,0.007339139468967915,-0.007069360930472612
1767708914123753000,11.4477529296875,0.004709533881396055,0.00387276872061193,-0.0014024205738678575
1767708914133753000,11.457753173828126,0.004895688965916634,-0.0015345134306699038,-0.00042450788896530867
1767708914143753000,11.4677529296875,0.002578738844022155,-0.0008074704091995955,-0.004585164599120617
1767708914153754000,11.477754150390625,-0.0009685916593298316,0.0036967338528484106,-0.0067961206659674644
1767708914163754000,11.48775390625,-0.0017539578257128596,0.003108175238594413,-0.006578540429472923
1767708914173753900,11.49775390625,0.0005193164106458426,0.005507150664925575,-0.005341236013919115
1767708914183754000,11.50775390625,-0.0011646003695204854,0.012400743551552296,-0.004869057331234217
1767708914193755100,11.517755126953125,0.0007068029372021556,0.010601511225104332,-0.001979261403903365
1767708914203755300,11.52775537109375,-0.0008972189389169216,0.010704576037824154,-0.0031726236920803785
1767708914213755100,11.537755126953124,-0.0011491540353745222,0.007046990562230349,-0.008154066279530525
1767708914223756000,11.547756103515624,-0.0004090615548193455,0.000031957933970261365,-0.01038419734686613
1767708914233756200,11.557756103515626,0.0013821806060150266,-0.001249555149115622,-0.01124919205904007
1767708914243756000,11.567756103515626,0.002080195117741823,0.002439455594867468,-0.011902199126780033
1767708914253756200,11.577756103515625,0.002240783767774701,0.003837615018710494,-0.009284045547246933
1767708914263757000,11.587757080078125,0.0030506509356200695,0.006330600008368492,-0.007475493010133505
1767708914273757000,11.5977568359375,0.0017659420846030116,0.010785535909235477,-0.007756190374493599
1767708914283757000,11.607757080078125,0.001996039180085063,0.01281885989010334,-0.008155930787324905
1767708914293758200,11.61775830078125,-0.001017061178572476,0.01293151080608368,-0.007167099043726921
1767708914303758000,11.627758056640625,-0.0031667647417634726,0.009769273921847343,-0.008584699593484402
1767708914313758200,11.63775830078125,-0.004750014282763004,0.009938384406268597,-0.0084877610206604
1767708914323758000,11.647758056640624,-0.006156429648399353,0.009291502647101879,-0.004168912302702665
1767708914333759000,11.657759033203124,-0.006098106037825346,0.009003082290291786,-0.006103698629885912
1767708914343759000,11.667759033203126,-0.008285626769065857,0.010941597633063793,-0.008519452065229416
1767708914353759000,11.677759033203126,-0.009371397085487843,0.014637532643973827,-0.0019387812353670597
1767708914363758600,11.687758544921875,-0.005025917664170265,0.019047992303967476,0.002727875951677561
1767708914373759500,11.697759521484375,-0.005101817660033703,0.006299973931163549,0.0016873788554221392
1767708914383759600,11.707759521484375,-0.004573978949338198,0.008537028916180134,-0.004532699938863516
1767708914393759500,11.717759521484375,-0.002412557601928711,0.024042751640081406,-0.012899819761514664
1767708914403760600,11.7277607421875,0.00041998049709945917,0.02413303218781948,-0.011226022616028786
1767708914413760800,11.7377607421875,-0.002513491315767169,0.01913747563958168,-0.002779008587822318
1767708914423760600,11.7477607421875,-0.0035633095540106297,0.01477788109332323,-0.007756456732749939
1767708914433760800,11.7577607421875,-0.003608316881582141,0.0031374699901789427,-0.018263159319758415
1767708914443761700,11.76776171875,-0.007093595806509256,-0.000245543458731845,-0.014725948683917522
1767708914453761500,11.777761474609376,-0.009766077622771263,0.0014365090755745769,-0.008547681383788586
1767708914463761700,11.78776171875,-0.010478206910192966,0.003195793367922306,-0.003186472225934267
1767708914473761500,11.797761474609375,-0.011365572921931744,0.009958624839782715,0.0022447784431278706
1767708914483762400,11.807762451171875,-0.008922921493649483,0.013714213855564594,0.012495552189648151
1767708914493762600,11.817762451171875,-0.006462959107011557,0.011707521975040436,0.018924422562122345
1767708914503762700,11.8277626953125,-0.0049553439021110535,0.0052171326242387295,0.013538978062570095
1767708914513763600,11.837763671875,-0.003943609073758125,0.003946538548916578,0.012484099715948105
1767708914523763700,11.847763671875,-0.0022120214998722076,0.0025995115283876657,0.012478240765631199
1767708914533763600,11.857763671875,-0.003451190423220396,0.003698598127812147,0.013587714172899723
1767708914543763700,11.867763671875,-0.0017185378819704056,0.003293797606602311,0.01404870767146349
1767708914553764600,11.8777646484375,0.00022184131375979632,0.00782862864434719,0.011576228775084019
1767708914563764500,11.887764404296876,-0.0003733751946128905,0.01074026245623827,0.009909622371196747
1767708914573764600,11.8977646484375,0.0033132387325167656,0.01648123934864998,0.006625944748520851
1767708914583765500,11.907765625,0.0012122709304094315,0.020494090393185616,0.002290851203724742
1767708914593765400,11.917765380859375,0.004514324478805065,0.017952369526028633,0.006204898934811354
1767708914603765500,11.927765625,0.004463191609829664,0.01991431973874569,0.012889167293906212
1767708914613765600,11.937765625,0.0007811051327735186,0.016889501363039017,0.008275773376226425
1767708914623766800,11.947766845703125,0.004456799943000078,0.005176119972020388,0.007179616019129753
1767708914633766700,11.9577666015625,0.002683134749531746,0.0023451796732842922,0.008037686347961426
1767708914643766500,11.9677666015625,0.0037768951151520014,0.007380950730293989,-0.002432531211525202
1767708914653766700,11.9777666015625,0.0020969731267541647,0.0003933488915208727,-0.007003847509622574
1767708914663767600,11.987767578125,0.0014154701493680477,-0.00245090713724494,-0.00666349520906806
1767708914673767700,11.997767578125,0.0006133259739726782,-0.0017856494523584843,-0.008275240659713745
1767708914683767600,12.007767578125,-0.002026399364694953,-0.007035006303340197,-0.007386809680610895
1767708914693768400,12.0177685546875,-0.005597165785729885,-0.007421697489917278,-0.007553257513791323
1767708914703768600,12.0277685546875,-0.004148139618337154,-0.01251153089106083,-0.015594406053423882
1767708914713768700,12.037768798828125,-0.0018064221367239952,-0.012617524713277817,-0.012624715454876423
1767708914723768800,12.047768798828125,0.0010029464028775692,-0.009440906345844269,-0.010445983149111271
1767708914733769700,12.057769775390625,0.0008910936885513365,-0.007209443487226963,-0.005568936001509428
1767708914743769600,12.06776953125,0.0017073525814339519,-0.0015883093001320958,-0.00634924229234457
1767708914753769700,12.077769775390625,0.0006013417732901871,0.0010953581659123302,-0.00646828580647707
1767708914763769600,12.08776953125,-0.0004495415778364986,0.006500776391476393,-0.007869108580052853
1767708914773770500,12.0977705078125,-0.002156894188374281,0.007278419099748135,-0.00865953415632248
1767708914783770600,12.1077705078125,-0.0015941682504490018,0.007764712441712618,-0.011545335873961449
1767708914793770500,12.1177705078125,-0.0021257351618260145,0.013158945366740227,-0.01486150361597538
1767708914803771400,12.127771484375,-0.006102900020778179,0.021434186026453972,-0.016932377591729164
1767708914813771800,12.137771728515625,-0.012382101267576218,0.029232187196612358,-0.028977589681744576
1767708914823771600,12.147771728515625,-0.015978433191776276,0.02081340178847313,-0.029035646468400955
1767708914833771800,12.157771728515625,-0.015157381072640419,0.020830979570746422,-0.025496838614344597
1767708914843772700,12.167772705078125,-0.01823759265244007,0.01443779468536377,-0.030644994229078293
1767708914853772500,12.1777724609375,-0.014877216890454292,0.012436429969966412,-0.03364504501223564
1767708914863772700,12.187772705078125,-0.012192750349640846,0.01721254177391529,-0.03484932705760002
1767708914873773600,12.197773681640625,-0.00574843306094408,0.015310246497392654,-0.03765656426548958
1767708914883773400,12.2077734375,-0.005574794951826334,0.0013704627053812146,-0.03213103860616684
1767708914893773600,12.217773681640624,-0.0031824775505810976,-0.0012508867075666785,-0.022001439705491066
1767708914903773400,12.2277734375,-0.0008277104352600873,-0.00024154871061909944,-0.005671733990311623
1767708914913774600,12.237774658203126,-0.0012836436508223414,-0.0024607607629150152,0.010165286250412464
1767708914923774700,12.247774658203125,0.0009717874927446246,0.0005882922559976578,0.016042083501815796
1767708914933774600,12.257774658203125,0.00045300371129997075,-0.0010729875648394227,0.016879115253686905
1767708914943775700,12.267775634765625,-0.001606418751180172,-0.0034328147303313017,0.01589108258485794
1767708914953775600,12.277775634765625,-0.004313788376748562,-0.006160157732665539,0.011947207152843475
1767708914963775700,12.287775634765625,-0.004607002250850201,-0.010716826654970646,0.012227104976773262
1767708914973775600,12.297775634765625,-0.002323608146980405,-0.015307850204408169,0.014482536353170872
1767708914983776500,12.307776611328125,-0.003406449221074581,-0.019343603402376175,0.014817029237747192
1767708914993776600,12.317776611328124,-0.003718571737408638,-0.02780526503920555,0.007480286993086338
1767708915003776500,12.327776611328124,-0.004051466938108206,-0.010339456610381603,-0.0030096382834017277
1767708915013776600,12.337776611328126,-0.0014378406340256333,-0.0001994707708945498,-0.008203068748116493
1767708915023777800,12.34777783203125,-0.002680471632629633,0.005114867351949215,-0.010235860012471676
1767708915033777700,12.357777587890626,-0.0011550129856914282,0.01142789050936699,-0.004096208140254021
1767708915043777800,12.36777783203125,-0.003695135936141014,0.006206230726093054,-0.003123355330899358
1767708915053778700,12.37777880859375,-0.005391303449869156,0.007226753979921341,-0.00015472965606022626
1767708915063778600,12.387778564453125,-0.0073074474930763245,0.006517554167658091,-0.0018900453578680754
1767708915073778700,12.39777880859375,-0.00902438722550869,0.004708202555775642,-0.001005609636195004
1767708915083778600,12.407778564453125,-0.008447280153632164,0.0027177559677511454,0.0017145430902019143
1767708915093779500,12.417779541015625,-0.0026756778825074434,-0.0005017395596951246,-0.000740625080652535
1767708915103779600,12.427779541015624,-0.0008535431115888059,-0.0029885992407798767,-0.006800648290663958
1767708915113779500,12.437779541015624,0.003882888937368989,-0.004229366313666105,-0.0020501012913882732
1767708915123779600,12.447779541015626,0.003397660795599222,0.0033507891930639744,0.0002663161139935255
1767708915133780700,12.45778076171875,0.00281948852352798,0.014995727688074112,0.0005968143814243376
1767708915143780600,12.467780517578126,0.0014881744282320142,0.01589108258485794,0.0015925703337416053
1767708915153780700,12.47778076171875,-0.002112419344484806,0.018271680921316147,-0.0019955066964030266
1767708915163781600,12.48778173828125,-0.006202768534421921,0.017425594851374626,-0.0011310444679111242
1767708915173781800,12.49778173828125,-0.0036218990571796894,0.012258796952664852,-0.0021606225054711103
1767708915183781600,12.50778173828125,-0.00115421402733773,0.011353855021297932,-0.000913197931367904
1767708915193781500,12.517781494140625,0.001070857048034668,0.00863237027078867,0.0013992248568683863
1767708915203782700,12.52778271484375,0.0030900659039616585,0.0025840650778263807,0.0015006912872195244
1767708915213782500,12.537782470703124,0.004263720940798521,0.0015310513554140925,0.003285275539383292
1767708915223782700,12.54778271484375,0.0050099384970963,0.0019156117923557758,-0.003965446725487709
1767708915233783800,12.55778369140625,0.0036008600145578384,-0.0004977448261342943,-0.008672583848237991
1767708915243783700,12.56778369140625,0.004928978625684977,-0.004890096373856068,-0.008803078904747963
1767708915253783800,12.57778369140625,0.0031963258516043425,-0.008932508528232574,-0.0057188719511032104
1767708915263783700,12.58778369140625,0.0009832390351220965,-0.009675264358520508,-0.007791077718138695
1767708915273784600,12.59778466796875,0.0004886900424025953,-0.014736602082848549,-0.0043308325111866
1767708915283784700,12.60778466796875,-0.005970008205622435,-0.016923056915402412,0.0046426886692643166
1767708915293784600,12.61778466796875,-0.002350239548832178,-0.020830979570746422,0.00905900914222002
1767708915303784700,12.62778466796875,-0.0070919981226325035,-0.04396452754735947,0.030951524153351784
1767708915313785600,12.63778564453125,-0.005852296482771635,-0.02056759223341942,0.01696193963289261
1767708915323785500,12.647785400390624,-0.002442118711769581,0.007130613550543785,-0.012734970077872276
1767708915333785600,12.65778564453125,-0.000919323181733489,0.0038661109283566475,-0.017348630353808403
1767708915343786800,12.667786865234374,0.0009355684742331505,0.001568069215863943,-0.016347814351320267
1767708915353786600,12.67778662109375,0.0022913836874067783,-0.0011883024126291275,-0.013158945366740227
1767708915363787500,12.68778759765625,0.0023244069889187813,0.0014176006661728024,-0.00583844818174839
1767708915373787400,12.697787353515626,0.003958788700401783,0.008126103319227695,-0.009154882282018661
1767708915383788300,12.707788330078126,0.0022828616201877594,0.013044162653386593,-0.011981561779975891
1767708915393788400,12.717788330078125,0.001475657569244504,0.01167263463139534,-0.008955677971243858
1767708915403788300,12.727788330078125,0.0034378746058791876,0.007733553647994995,-0.00800093449652195
1767708915413789400,12.73778955078125,0.0023193468805402517,0.004397145472466946,-0.014184528030455112
1767708915423789600,12.74778955078125,-0.001142496126703918,-0.0018698053900152445,-0.01671932451426983
1767708915433789400,12.75778955078125,-0.0030248183757066727,-0.002953445538878441,-0.01816568709909916
1767708915443789600,12.76778955078125,-0.0020636834669858217,-0.000565122754778713,-0.019625898450613022
1767708915453790500,12.77779052734375,-0.0008700547041371465,-0.0013084110105410218,-0.012970926240086555
1767708915463790300,12.787790283203124,0.0008783105295151472,0.0021462414879351854,-0.007634750101715326
1767708915473790500,12.79779052734375,0.0020959076937288046,0.0009816411184147,-0.011395932175219059
1767708915483790300,12.807790283203126,0.001978462329134345,0.004248807206749916,-0.010580739006400108
1767708915493791200,12.817791259765626,0.0006407565670087934,0.0063007730059325695,-0.01070883683860302
1767708915503791400,12.827791259765625,-0.00018562232435215265,0.01053466647863388,-0.008779909461736679
1767708915513791200,12.837791259765625,-0.00010839065362233669,0.012321380898356438,-0.005768939387053251
1767708915523792400,12.84779248046875,0.0010255833622068167,0.01558109000325203,-0.009725331328809261
1767708915533792500,12.85779248046875,-0.0005004079430364072,0.014311561360955238,-0.011012704111635685
1767708915543792400,12.86779248046875,0.0004868258547503501,0.011654791422188282,-0.007758853491395712
1767708915553792500,12.87779248046875,-0.0018708707066252828,0.011313906870782375,-0.006388657260686159
1767708915563793400,12.88779345703125,-0.0018935075495392084,0.01124839298427105,-0.0006644586683250964
1767708915573793500,12.89779345703125,-0.0003384877636563033,0.013560550287365913,-0.006025135517120361
1767708915583793400,12.90779345703125,-0.001422128058038652,0.013803696259856224,-0.01309156697243452
1767708915593794300,12.917794189453126,-0.0026724820490926504,0.011480621062219143,-0.005914348177611828
1767708915603794400,12.92779443359375,-0.0029790119733661413,0.010304835624992847,-0.0035414716694504023
1767708915613794300,12.937794189453125,-0.0020777983590960503,0.010541058145463467,0.003963849041610956
1767708915623794400,12.94779443359375,-0.0026969832833856344,0.010276872664690018,0.01173308864235878
1767708915633795600,12.957795654296875,-0.00481366366147995,0.010647584684193134,0.005621666554361582
1767708915643795500,12.96779541015625,-0.0032767534721642733,0.015852199867367744,0.0037553233560174704
1767708915653795600,12.977795654296875,-0.0008876316132955253,0.018031464889645576,0.010668623261153698
1767708915663795500,12.98779541015625,0.000969656917732209,0.020144416019320488,0.009267534129321575
1767708915673796400,12.99779638671875,-0.0007358313887380064,0.012764264829456806,0.006013417616486549
1767708915683796500,13.00779638671875,-0.0028756812680512667,0.006426474079489708,0.007533550262451172
1767708915693796400,13.01779638671875,-0.006087453570216894,0.005091431550681591,0.0029031119775027037
1767708915703797200,13.02779736328125,-0.006931941956281662,0.00860387459397316,-0.0049369679763913155
1767708915713797400,13.03779736328125,-0.005244030617177486,0.007192132994532585,-0.004437359049916267
1767708915723797200,13.04779736328125,-0.011639611795544624,0.011226821690797806,0.001210939371958375
1767708915733797600,13.057797607421875,-0.004667988512665033,0.016831444576382637,0.007364972028881311
1767708915743798500,13.067798583984375,-0.0021699436474591494,0.02051779255270958,0.00726536987349391
1767708915753798400,13.07779833984375,0.00022610237647313625,0.014752048067748547,0.008229699917137623
1767708915763798500,13.087798583984375,0.003945473115891218,0.014507303945720196,0.010121343657374382
1767708915773799400,13.09779931640625,0.005234709475189447,0.023576699197292328,0.00956900417804718
1767708915783799300,13.10779931640625,0.004697549622505903,0.022706644609570503,0.003507116809487343
1767708915793799400,13.11779931640625,0.002005626680329442,0.02316630631685257,0.007786284200847149
1767708915803799300,13.12779931640625,0.0026056368369609118,0.030953921377658844,0.01185266487300396
1767708915813800400,13.137800537109374,0.005458681378513575,0.03178402781486511,0.01762479916214943
1767708915823800300,13.14780029296875,0.0037316211964935064,0.03009292110800743,0.020802482962608337
1767708915833800400,13.157800537109376,0.00541447289288044,0.0277932807803154,0.021017400547862053
1767708915843801600,13.167801513671876,0.00436065997928381,0.029859894886612892,0.01841229759156704
1767708915853801500,13.177801513671875,0.004799016285687685,0.0309818834066391,0.013558153063058853
1767708915863801600,13.187801513671875,0.0023276028223335743,0.027894748374819756,0.007035272661596537
1767708915873801500,13.197801513671875,0.0009502158500254154,0.023482156917452812,0.011079815216362476
1767708915883802400,13.20780224609375,0.001636246219277382,0.01883067935705185,0.013363209553062916
1767708915893802500,13.217802490234375,-0.0011124024167656898,0.021289842203259468,0.006530869752168655
1767708915903802400,13.22780224609375,-0.00038242992013692856,0.03032940998673439,-0.00640729907900095
1767708915913802500,13.237802490234374,-0.000907338981050998,0.03334091231226921,-0.01309103425592184
1767708915923803400,13.247803466796874,-0.00404667342081666,0.03634921833872795,-0.009836118668317795
1767708915933803500,13.257803466796876,-0.0029236183036118746,0.0413501039147377,-0.004608067683875561
1767708915943803600,13.2678037109375,-0.005132444202899933,0.04162813723087311,0.001942243310622871
1767708915953804500,13.277804443359376,-0.0021065603941679,0.045104894787073135,0.007582818623632193
1767708915963804400,13.287804443359375,-0.003451456781476736,0.04729960486292839,0.008416920900344849
1767708915973804500,13.297804443359375,-0.0008500810363329947,0.04526734724640846,0.011352256871759892
1767708915983804400,13.307804443359375,-0.0010045443195849657,0.042335737496614456,0.012529640458524227
1767708915993805300,13.317805419921875,-0.003197657410055399,0.04249419644474983,0.014613031409680843
1767708916003805400,13.327805419921875,-0.005818474106490612,0.03436329960823059,0.015519305132329464
1767708916013805300,13.337805419921875,-0.0019116170005872846,0.03632524982094765,0.0149224903434515
1767708916023806200,13.34780615234375,-0.007450459524989128,0.02448616735637188,0.01697179302573204
1767708916033806300,13.357806396484374,-0.006066680885851383,0.026548519730567932,0.014160027727484703
1767708916043806500,13.367806396484376,-0.00478277076035738,0.028854550793766975,0.012513660825788975
1767708916053806600,13.377806640625,-0.0032466596458107233,0.02876799926161766,0.012685168534517288
1767708916063807500,13.387807373046876,-0.0009049421059899032,0.020299945026636124,0.013392770662903786
1767708916073807400,13.397807373046875,-0.002889263443648815,0.022245118394494057,0.010390322655439377
1767708916083807500,13.407807373046875,-0.0027915253303945065,0.018386997282505035,0.012283564545214176
1767708916093807400,13.417807373046875,-0.0011179950088262558,0.018507370725274086,0.010429738089442253
1767708916103808500,13.42780859375,-0.000672181835398078,0.021498899906873703,0.0059907808899879456
1767708916113808400,13.437808349609375,0.0010367685463279486,0.030290260910987854,-0.0014884406700730324
1767708916123808300,13.447808349609375,-0.005801696330308914,0.034033868461847305,-0.0006375607335940003
1767708916133809400,13.457809326171875,-0.006176403257995844,0.032585639506578445,0.0067849354818463326
1767708916143809500,13.4678095703125,-0.011563978157937527,0.023976173251867294,0.016864733770489693
1767708916153809700,13.4778095703125,-0.013309679925441742,0.01996598392724991,0.020189689472317696
1767708916163809500,13.4878095703125,-0.01452780980616808,0.018671954050660133,0.018323879688978195
1767708916173810400,13.497810546875,-0.016149941831827164,0.017917215824127197,0.014135526493191719
1767708916183810600,13.507810546875,-0.017246099188923836,0.03219814971089363,0.014602910727262497
1767708916193810400,13.517810546875,-0.013383716344833374,0.03666267171502113,0.013878530822694302
1767708916203811300,13.527811279296875,-0.009010805748403072,0.035171836614608765,0.014207432046532631
1767708916213811500,13.5378115234375,-0.00703926756978035,0.0349702350795269,0.011957859620451927
1767708916223811300,13.547811279296875,-0.0017259946325793862,0.0313965380191803,0.008481369353830814
1767708916233811500,13.5578115234375,0.0033004553988575935,0.025857962667942047,0.004911934491246939
1767708916243812400,13.567812255859375,0.004086886998265982,0.022611569613218307,-0.005615541245788336
1767708916253812500,13.5778125,0.0038725025951862335,0.022974291816353798,-0.015076687559485435
1767708916263812600,13.5878125,-0.0005336974863894284,0.022578014060854912,-0.016693759709596634
1767708916273812500,13.5978125,0.0019680759869515896,0.02852538414299488,-0.0130540169775486
1767708916283813400,13.6078134765625,-0.0017707358347252011,0.04102573171257973,-0.016117451712489128
1767708916293813500,13.6178134765625,0.000871652620844543,0.04086194559931755,-0.020197680220007896
1767708916303813400,13.6278134765625,-0.0011049455497413874,0.0359145924448967,-0.018802182748913765
1767708916313814500,13.637814453125,-0.0027446537278592587,0.025238776579499245,-0.02528378553688526
1767708916323814400,13.647814453125,-0.004960403777658939,0.020608872175216675,-0.029345106333494186
1767708916333814300,13.657814208984375,-0.0018796591321006417,0.01894306391477585,-0.033301230520009995
1767708916343814400,13.667814453125,-0.0035800873301923275,0.012541624717414379,-0.036988113075494766
1767708916353815600,13.677815673828125,0.0010266485624015331,0.0040887510403990746,-0.02462039142847061
1767708916363814700,13.687814697265624,0.0006684534018859267,0.012621785514056683,-0.02799222059547901
1767708916373814500,13.697814453125,0.001383512164466083,0.013889983296394348,-0.02605769969522953
1767708916383815700,13.707815673828126,0.0028045750223100185,0.018933743238449097,-0.019388346001505852
1767708916393815800,13.71781591796875,0.0015153386630117893,0.028835643082857132,-0.01528734341263771
1767708916403815700,13.727815673828125,0.00010120012302650139,0.029869215562939644,-0.01631319336593151
1767708916413815800,13.73781591796875,-0.0006732470938004553,0.03129294142127037,-0.01239515095949173
1767708916423816700,13.747816650390625,-0.0013928331900388002,0.03403865918517113,-0.011690211482346058
1767708916433816600,13.757816650390625,0.0011291803093627095,0.03939241170883179,-0.0070216902531683445
1767708916443816700,13.767816650390625,0.0009267800487577915,0.03784032166004181,0.002740659052506089
1767708916453816600,13.777816650390625,0.00233266269788146,0.03158589079976082,0.012495817616581917
1767708916463817500,13.7878173828125,0.003694869577884674,0.021402493119239807,0.008758604526519775
1767708916473817600,13.797817626953124,0.005062935408204794,0.007123156916350126,-0.004031759686768055
1767708916483817500,13.8078173828125,0.006412093061953783,0.006431001238524914,-0.016401343047618866
1767708916493819000,13.81781884765625,0.007300257217139006,0.013396232388913631,-0.02852059155702591
1767708916503818800,13.82781884765625,0.008183361031115055,0.022178007289767265,-0.041361819952726364
1767708916513818600,13.837818603515625,0.0046448190696537495,0.030952323228120804,-0.03877296298742294
1767708916523818800,13.84781884765625,-0.00036991306114941835,0.030194386839866638,-0.030310235917568207
1767708916533819600,13.857819580078125,-0.003108175238594413,0.029532859101891518,-0.019276225939393044
1767708916543819800,13.86781982421875,-0.002156894188374281,0.03093314915895462,-0.011811652220785618
1767708916553819600,13.877819580078125,-0.0026117621455341578,0.03677958622574806,-0.014156565070152283
1767708916563820500,13.887820556640625,-0.0017867147689685225,0.03771382197737694,-0.011582354083657265
1767708916573820700,13.897820556640625,-0.009324525482952595,0.04469157010316849,-0.016461797058582306
1767708916583820500,13.907820556640624,-0.007493069861084223,0.052793972194194794,-0.03253903612494469
1767708916593820700,13.917820556640624,-0.009999371133744717,0.0472404807806015,-0.03369484469294548
1767708916603821800,13.92782177734375,-0.021434186026453972,0.048892706632614136,-0.02750912308692932
1767708916613821700,13.93782177734375,-0.014367753639817238,0.04470568522810936,-0.043045736849308014
1767708916623821800,13.94782177734375,-0.0003254382754676044,0.041680335998535156,-0.06054137274622917
1767708916633822700,13.95782275390625,0.0013305152533575892,0.014402374625205994,-0.05368746444582939
1767708916643822600,13.967822509765625,-0.00446825148537755,-0.00785818975418806,-0.03374677896499634
1767708916653822700,13.97782275390625,-0.003430151380598545,-0.0070669641718268394,-0.02425127662718296
1767708916663822600,13.987822509765625,-0.01200899202376604,-0.01034451648592949,-0.0054458980448544025
1767708916673823500,13.997823486328125,-0.013376791961491108,-0.01756647601723671,-0.0011054781498387456
1767708916683823600,14.00782373046875,-0.015848470851778984,-0.017467141151428223,0.004809668753296137
1767708916693823500,14.017823486328124,-0.013832991011440754,-0.011448662728071213,0.010369284078478813
1767708916703824000,14.027823974609374,-0.009672867134213448,-0.00035739620216190815,-0.0003563309437595308
1767708916713824800,14.03782470703125,-0.00941933412104845,0.0016026903176680207,-0.006612096447497606
1767708916723824600,14.04782470703125,-0.006165483966469765,0.00461579067632556,-0.008839298039674759
1767708916733824800,14.05782470703125,-0.00669332267716527,0.014857242815196514,-0.005340703297406435
1767708916743825700,14.06782568359375,-0.005421929527074099,0.024882180616259575,0.0025417208671569824
1767708916753825800,14.07782568359375,-0.0092321140691638,0.00923397857695818,0.005501558072865009
1767708916763825700,14.08782568359375,-0.010305368341505527,-0.019278356805443764,-0.0023094932548701763
1767708916773825500,14.097825439453125,-0.007685083895921707,-0.020355338230729103,-0.010507768020033836
1767708916783826700,14.10782666015625,-0.008796420879662037,-0.018505508080124855,-0.01122256089001894
1767708916793826600,14.11782666015625,-0.00888057705014944,-0.0005150553770363331,-0.004676776938140392
1767708916803826700,14.12782666015625,-0.009639577940106392,0.019340408965945244,0.005188636481761932
1767708916813827800,14.137827880859374,-0.007719704881310463,0.039741288870573044,0.00920601561665535
1767708916823827700,14.14782763671875,-0.010657438077032566,0.05506298691034317,0.010448379442095757
1767708916833827800,14.157827880859376,-0.009429454803466797,0.06313902139663696,0.010939466767013073
1767708916843827700,14.16782763671875,-0.005868541542440653,0.06130543351173401,0.012798619456589222
1767708916853828600,14.17782861328125,-0.0022069616243243217,0.029507292434573174,0.014939001761376858
1767708916863828700,14.187828857421875,0.002683933824300766,0.018328141421079636,0.018638664856553078
1767708916873828600,14.19782861328125,0.002659432590007782,0.021628329530358315,0.021333783864974976
1767708916883829500,14.20782958984375,0.003410177771002054,0.026511767879128456,0.016140088438987732
1767708916893829600,14.21782958984375,0.00794367678463459,0.03512496501207352,0.01630866527557373
1767708916903829500,14.22782958984375,0.007131146267056465,0.028735507279634476,0.017612017691135406
1767708916913830000,14.237829833984375,0.0030980552546679974,0.01890098676085472,0.015781093388795853
1767708916923830800,14.247830810546875,-0.0009334379574283957,0.02002563886344433,0.004591289907693863
1767708916933830700,14.25783056640625,-0.006767092272639275,0.021616345271468163,0.0018556906143203378
1767708916943830800,14.267830810546876,-0.01164680253714323,0.021219002082943916,0.007986820302903652
1767708916953831700,14.277831787109376,-0.014393853023648262,0.012346414849162102,0.0034072482958436012
1767708916963831600,14.28783154296875,-0.008817194029688835,0.01824025623500347,0.0012500877492129803
1767708916973831700,14.297831787109375,-0.006476541515439749,0.033546507358551025,0.002546514617279172
1767708916983831600,14.30783154296875,-0.0012564794160425663,0.033493246883153915,0.0035459990613162518
1767708916993832700,14.317832763671875,0.0005392901366576552,0.023370036855340004,0.0008916263468563557
1767708917003832600,14.32783251953125,-0.00037736992817372084,0.014057761989533901,0.004217914305627346
1767708917013832700,14.337832763671875,-0.0005376922199502587,0.011176754720509052,0.007442203816026449
1767708917023832800,14.347832763671875,0.0016753945965319872,0.024569258093833923,0.014376542530953884
1767708917033833700,14.357833740234375,0.0013145363191142678,0.02317669242620468,0.01661359705030918
1767708917043833900,14.367833740234374,0.003655987558886409,0.013591974973678589,0.009442503564059734
1767708917053833700,14.377833740234376,-0.0007797735743224621,0.007666441611945629,-0.002758235903456807
1767708917063834600,14.387834716796876,-0.006967628374695778,0.008641424588859081,-0.006598247680813074
1767708917073834800,14.397834716796876,-0.006099704187363386,0.006840062793344259,-0.010830809362232685
1767708917083834600,14.407834716796875,-0.009272327646613121,0.02021472342312336,-0.010445983149111271
1767708917093834800,14.417834716796875,-0.00782543234527111,0.022704247385263443,-0.007167898118495941
1767708917103835600,14.427835693359375,-0.003918308764696121,0.022785207256674767,-0.00487278588116169
1767708917113835500,14.43783544921875,0.0000031957933970261365,0.02791259065270424,-0.0028996497858315706
1767708917123836000,14.4478359375,0.0005515406373888254,0.026814837008714676,0.0007387608638964593
1767708917133836800,14.4578369140625,-0.00035606464371085167,0.02130715362727642,0.002153431996703148
1767708917143836700,14.467836669921875,-0.0003075950953643769,0.019175026565790176,0.0008415589109063148
1767708917153836800,14.4778369140625,-0.0008258462767116725,0.007740743923932314,-0.00376011710613966
1767708917163836700,14.487836669921874,-0.0043958136811852455,0.0017808558186516166,-0.005917011294513941
1767708917173837600,14.497837646484374,-0.0058656120672822,-0.004290618933737278,-0.014161358587443829
1767708917183837700,14.507837646484376,-0.0047835698351264,-0.01044465135782957,-0.02213859185576439
1767708917193837600,14.517837646484375,-0.0036461339332163334,-0.017555290833115578,-0.023999875411391258
1767708917203838500,14.52783837890625,0.00001944107498275116,-0.021342573687434196,-0.020230969414114952
1767708917213838600,14.537838623046875,0.0013366405619308352,-0.019276492297649384,-0.010969826951622963
1767708917223838700,14.547838623046875,0.004795287735760212,-0.015472699888050556,-0.00755006168037653
1767708917233838800,14.5578388671875,0.005314071662724018,-0.008353536948561668,-0.008251804858446121
1767708917243839700,14.56783984375,0.0038373488932847977,-0.005820604972541332,-0.007955661043524742
1767708917253839600,14.577839599609375,0.0003355582884978503,0.0013944311067461967,-0.0070491209626197815
1767708917263839700,14.58783984375,-0.0010080065112560987,0.008282963186502457,-0.006966030225157738
1767708917273840600,14.597840576171874,-0.004131628200411797,0.007325024344027042,-0.0074017234146595
1767708917283840800,14.6078408203125,-0.005115932319313288,-0.001957689644768834,-0.014574681408703327
1767708917293840600,14.617840576171876,-0.0052019525319337845,-0.010972489602863789,-0.01780403032898903
1767708917303840500,14.627840576171875,-0.005769205745309591,-0.011451059952378273,-0.011826565489172935
1767708917313841700,14.637841552734375,-0.001407214323990047,-0.008828379213809967,-0.010384730063378811
1767708917323841500,14.647841552734375,-0.002112152986228466,-0.006621949840337038,-0.009150887839496136
1767708917333842000,14.657842041015625,0.0007566040731035173,-0.0017480988753959537,-0.014000770635902882
1767708917343842800,14.6678427734375,-0.0008133294177241623,0.00026738137239590287,-0.019092202186584473
1767708917353842700,14.6778427734375,-0.0019805929623544216,0.002487658755853772,-0.016621055081486702
1767708917363843300,14.68784326171875,-0.0013560815714299679,0.001368598430417478,-0.010541058145463467
1767708917373843500,14.697843505859375,-0.0027601001784205437,-0.00811997801065445,-0.005612878128886223
1767708917383844400,14.70784423828125,-0.003823766717687249,-0.015134477987885475,0.0003022687742486596
1767708917393844500,14.717844482421874,-0.0029470541048794985,-0.012809804640710354,0.005903695244342089
1767708917403844400,14.72784423828125,-0.00261895265430212,-0.009779660031199455,0.0016021577175706625
1767708917413845500,14.737845458984374,-0.004427505191415548,-0.011719239875674248,-0.0038362834602594376
1767708917423845600,14.747845703125,-0.0029403960797935724,-0.007638478651642799,-0.004824049770832062
1767708917433845500,14.757845458984375,-0.00264824740588665,-0.007993744686245918,-0.00042583944741636515
1767708917443845600,14.767845703125,-0.0022559636272490025,-0.005972937680780888,0.0003171824791934341
1767708917453846500,14.777846435546875,0.0004964132094755769,-0.0036996633280068636,0.0003203782835043967
1767708917463846400,14.787846435546875,-0.0010431602131575346,-0.007879228331148624,0.0009635316673666239
1767708917473846500,14.797846435546875,0.001984853995963931,-0.004857339430600405,0.0006559365428984165
1767708917483847400,14.807847412109375,0.008199340663850307,0.01079565566033125,-0.00242107966914773
1767708917493847300,14.817847412109375,0.003397128311917186,0.019892215728759766,-0.002269812161102891
1767708917503847400,14.827847412109374,0.003054911969229579,0.0073135728016495705,-0.002389388158917427
1767708917513847300,14.837847412109374,0.0007395598222501576,-0.011452658101916313,0.0033217607997357845
1767708917523848400,14.847848388671874,-0.0028756812680512667,-0.014162424020469189,0.00469595193862915
1767708917533848600,14.8578486328125,-0.005983323790132999,-0.00814953912049532,-0.00047377636656165123
1767708917543848400,14.867848388671876,-0.005645368713885546,-0.012540292926132679,-0.003961984533816576
1767708917553848600,14.8778486328125,-0.004566522315144539,-0.014772821217775345,-0.008886968716979027
1767708917563849500,14.887849365234375,-0.0027513117529451847,-0.016704678535461426,-0.0044288369826972485
1767708917573849300,14.897849365234375,-0.0011416971683502197,-0.021444305777549744,0.00009667274571256712
1767708917583849500,14.907849365234375,0.0004063983797095716,-0.019327625632286072,-0.001603755634278059
1767708917593850400,14.917850341796875,0.004933239426463842,-0.01835397258400917,-0.00021145498612895608
1767708917603850200,14.927850341796875,0.00481206551194191,-0.017101222649216652,0.010371414013206959
1767708917613850400,14.937850341796874,0.0027624969370663166,-0.012809538282454014,0.012868127785623074
1767708917623850200,14.947850341796874,-0.00040266994619742036,-0.005110339727252722,0.007735950406640768
1767708917633851600,14.9578515625,0.0004889564006589353,-0.0019896477460861206,0.010351707227528095
1767708917643851500,14.9678515625,0.0047119311057031155,0.0014000238152220845,0.004914597608149052
1767708917653851400,14.977851318359376,0.006662430241703987,0.002870887517929077,-0.004177967086434364
1767708917663852500,14.9878525390625,0.004583566449582577,0.0010641991393640637,-0.00812210887670517
1767708917673852400,14.997852294921875,0.0016053534345701337,-0.008223840966820717,-0.007020092569291592
1767708917683852500,15.0078525390625,-0.00010093380114994943,-0.003972903825342655,-0.00854688324034214
1767708917693852400,15.017852294921875,0.0015363775892183185,0.004549478180706501,-0.010882741771638393
1767708917703853300,15.027853271484375,-0.0018602180061861873,0.00141041015740484,-0.007385478354990482
1767708917713853400,15.037853515625,-0.0020610203500837088,-0.002111886627972126,-0.003692739177495241
1767708917723853300,15.047853271484374,-0.0003784351865760982,-0.0020034960471093655,-0.006983873434364796
1767708917733854500,15.0578544921875,0.0014056164072826505,-0.0014594122767448425,-0.009159942157566547
1767708917743854600,15.0678544921875,-0.0007651261985301971,-0.0013108078856021166,-0.003388606244698167
1767708917753854500,15.0778544921875,-0.0015004249289631844,-0.002561694709584117,-0.005191832315176725
1767708917763854600,15.0878544921875,-0.0038282941095530987,-0.0025033713318407536,-0.007711715530604124
1767708917773855500,15.09785546875,-0.004963066894561052,-0.007949003018438816,-0.005075718741863966
1767708917783855400,15.10785546875,-0.00455613574013114,-0.010191917419433594,-0.00133903743699193
1767708917793855500,15.11785546875,-0.005585714243352413,-0.00827843602746725,-0.0036338833160698414
1767708917803856400,15.1278564453125,-0.002691923175007105,-0.0073473951779305935,-0.0025683525018393993
1767708917813856300,15.137856201171875,-0.0016109461430460215,-0.00794420950114727,-0.003477289341390133
1767708917823856400,15.1478564453125,-0.003206445835530758,-0.009761017747223377,-0.011292335577309132
1767708917833856300,15.157856201171874,-0.004027764778584242,-0.012139753438532352,-0.009995375759899616
1767708917843857400,15.167857421875,-0.00905634555965662,-0.014444452710449696,-0.001680454588495195
1767708917853857500,15.177857421875,-0.005627525504678488,-0.009971673600375652,0.001549693406559527
1767708917863857400,15.187857421875,-0.0062280683778226376,-0.007049920037388802,0.003948402591049671
1767708917873858600,15.197858642578124,-0.006720220670104027,-0.006445115897804499,0.00566933723166585
1767708917883858400,15.2078583984375,-0.004363855812698603,0.00088976213010028,0.008220379240810871
1767708917893858600,15.217858642578125,-0.0007488809060305357,0.003099386813119054,0.008172442205250263
1767708917903858400,15.2278583984375,-0.0023899206425994635,-0.004483431577682495,0.008523712866008282
1767708917913859300,15.237859375,-0.0037151097785681486,-0.0024258734192699194,0.0024458470288664103
1767708917923859500,15.247859375,-0.0008338357438333333,0.0028671592008322477,-0.00436119269579649
1767708917933859300,15.257859375,-0.0025686188600957394,0.005931125953793526,-0.003948668949306011
1767708917943860500,15.267860595703125,-0.0007531419396400452,0.003945206757634878,-0.005344697739928961
1767708917953860600,15.277860595703125,-0.0025680861435830593,0.0012543488992378116,-0.0021470405627042055
1767708917963860500,15.287860595703124,-0.001764344167895615,-0.0015371765475720167,0.0016074840677902102
1767708917973860600,15.297860595703124,0.0012772521004080772,-0.0012564794160425663,-0.0032567796297371387
1767708917983861500,15.307861572265624,0.002394714392721653,-0.0004117247008252889,-0.006001433357596397
1767708917993861400,15.317861328125,0.0003408846096135676,-0.009433715604245663,-0.0005257080192677677
1767708918003861500,15.327861572265626,0.0005052016349509358,-0.014038320630788803,0.00475320965051651
1767708918013862400,15.3378623046875,-0.00030892668291926384,-0.009616674855351448,0.008802013471722603
1767708918023862300,15.3478623046875,-0.0015273229219019413,-0.0004809668753296137,0.01035383716225624
1767708918033862400,15.3578623046875,-0.003525226376950741,0.004547347314655781,0.008154332637786865
1767708918043862300,15.3678623046875,-0.00224957219325006,0.007380684372037649,0.003959055058658123
1767708918053863400,15.377863525390625,-0.004058391321450472,0.006392651703208685,0.0015773903578519821
1767708918063863600,15.387863525390625,-0.004156661685556173,0.0028668928425759077,0.0001840244367485866
1767708918073863400,15.397863525390624,-0.0011653993278741837,0.000011451592399680521,0.0014066817238926888
1767708918083864600,15.407864501953124,-0.004629106726497412,0.013667608611285686,0.0031284152064472437
1767708918093864400,15.417864501953124,-0.0020421119406819344,-0.007556453347206116,-0.0014559502014890313
1767708918103864300,15.4278642578125,0.002481267089024186,-0.016157398000359535,-0.0016458334866911173
1767708918113864400,15.437864501953126,0.0032261533197015524,-0.01708471029996872,0.005960420705378056
1767708918123865300,15.447865234375,0.0008191883680410683,-0.014738732017576694,0.01227690652012825
1767708918133865500,15.457865478515625,-0.0023821976501494646,-0.015904931351542473,0.011065434664487839
1767708918143865300,15.467865234375,-0.0021427792962640524,-0.01631159521639347,0.0015387744642794132
1767708918153865200,15.477865234375,-0.007580687757581472,0.0007443535141646862,-0.003771568648517132
1767708918163866600,15.48786669921875,-0.005959355738013983,0.007678692229092121,-0.008175904862582684
1767708918173866500,15.497866455078125,-0.006327670533210039,0.009220396168529987,-0.008171110413968563
1767708918183866600,15.50786669921875,-0.005310343112796545,0.0037859496660530567,-0.0062672169879078865
1767708918193867500,15.517867431640624,-0.0015845808666199446,0.004845088813453913,-0.006104231346398592
1767708918203867400,15.527867431640624,0.0027286747936159372,0.005290369503200054,-0.0004013383586425334
1767708918213867500,15.537867431640626,0.005351355765014887,0.0037894118577241898,0.0014274542918428779
1767708918223867400,15.547867431640626,0.004608334042131901,0.0014658038271591067,-0.0054336474277079105
1767708918233868300,15.557868408203126,0.002103364560753107,-0.0011382350930944085,-0.006168147549033165
1767708918243868400,15.567868408203125,0.0021901836153119802,-0.005134574603289366,-0.00038535939529538155
1767708918253868300,15.577868408203125,0.0020775320008397102,-0.014576013199985027,0.0038842204958200455
1767708918263869400,15.587869384765625,0.0023640880826860666,-0.01774490810930729,0.0021204089280217886
1767708918273869600,15.59786962890625,0.002260491019114852,-0.01684582605957985,0.003941744565963745
1767708918283869400,15.607869384765625,0.004179831128567457,-0.013525928370654583,0.005980127956718206
1767708918293869600,15.61786962890625,0.002877012826502323,-0.007435279432684183,0.012091017328202724
1767708918303870500,15.627870361328124,0.0014314490836113691,-0.00845447089523077,0.011522166430950165
1767708918313870300,15.637870361328124,0.0029289445374161005,-0.010122941806912422,0.0070608388632535934
1767708918323870500,15.647870361328126,0.0014045510906726122,-0.008451009169220924,0.0014703312190249562
1767708918333871400,15.657871337890626,0.003069559345021844,-0.0065130265429615974,-0.0035430695861577988
1767708918343871200,15.667871337890626,-0.001401355373673141,-0.006589459255337715,-0.0039017973467707634
1767708918353871400,15.677871337890625,-0.0010391654213890433,-0.01059085875749588,-0.0015614113071933389
1767708918363871700,15.687871826171875,-0.003949734382331371,-0.017058612778782845,-0.004735100548714399
1767708918373872600,15.69787255859375,-0.004709800239652395,-0.015874570235610008,-0.003933222498744726
1767708918383872800,15.707872802734375,-0.000803209375590086,-0.023421170189976692,-0.00005858954318682663
1767708918393872600,15.71787255859375,-0.003724164329469204,-0.020126307383179665,-0.0009139968897216022
1767708918403874000,15.7278740234375,-0.002112685702741146,-0.010387127287685871,-0.00233266269788146
1767708918413874000,15.7378740234375,0.00013875069271307439,-0.012028699740767479,-0.0028826056513935328
1767708918423873800,15.747873779296874,0.005306082312017679,-0.015331019647419453,-0.004591822158545256
1767708918433874000,15.7578740234375,0.009031311608850956,-0.011994877830147743,-0.006081860978156328
1767708918443874800,15.767874755859374,0.016106531023979187,-0.01540825143456459,-0.006777212489396334
1767708918453875000,15.777875,0.019405921921133995,-0.02436233125627041,0.002394448034465313
1767708918463874800,15.787874755859375,0.02219425141811371,-0.028308337554335594,0.009580189362168312
1767708918473875700,15.797875732421875,0.011085674166679382,-0.019662650302052498,0.01387027557939291
1767708918483875800,15.807875732421875,0.008867793716490269,-0.008866994641721249,0.000368847802747041
1767708918493875700,15.817875732421875,0.005291168577969074,-0.008786567486822605,0.0015654060989618301
1767708918503875800,15.827875732421875,0.0015246596885845065,-0.004310326185077429,-0.0002798982313834131
1767708918513877000,15.837876953125,-0.00046578687033616006,0.0007054713787510991,-0.001157143502496183
1767708918523876900,15.847876953125,-0.001788312685675919,0.003460245206952095,0.00003408846168895252
1767708918533877000,15.857876953125,-0.002912699244916439,-0.0019867182709276676,-0.0012026835465803742
1767708918543878000,15.8678779296875,-0.00072597770486027,-0.0075721656903624535,-0.0019068233668804169
1767708918553877800,15.877877685546874,0.0012580773327499628,-0.006667756475508213,0.0005065332516096532
1767708918563878000,15.8878779296875,0.0014325142838060856,-0.007791077718138695,-0.0002740392810665071
1767708918573877800,15.897877685546876,-0.002922020386904478,-0.008590292185544968,0.003852262394502759
1767708918583878700,15.907878662109376,-0.0026407905388623476,-0.005113801918923855,0.00364746549166739
1767708918593878800,15.917878662109375,-0.004000600427389145,-0.0046940878964960575,0.002591255819424987
1767708918603878700,15.927878662109375,-0.0038075214251875877,-0.003276220755651593,0.0023337281309068203
1767708918613879800,15.9378798828125,-0.005892510060220957,-0.0011028150329366326,-0.001288171042688191
1767708918623880000,15.9478798828125,-0.006761499680578709,-0.00008096009696600959,-0.00466559175401926
1767708918633879800,15.9578798828125,-0.0070397998206317425,-0.0065039717592298985,-0.003997404593974352
1767708918643880000,15.9678798828125,-0.007745271548628807,-0.008189752697944641,-0.006713562645018101
1767708918653880800,15.977880859375,-0.0054735951125621796,-0.007924235425889492,-0.005222192499786615
1767708918663880700,15.987880615234374,-0.00552312983199954,-0.006325806491076946,-0.0036970002111047506
1767708918673880800,15.997880859375,-0.005642172880470753,-0.011421232484281063,-0.0021497036796063185
1767708918683881700,16.0078818359375,-0.0006229133578017354,-0.0094480961561203,0.0016016251174733043
1767708918693881900,16.0178818359375,-0.002264485927298665,-0.01449744962155819,-0.0022144184913486242
1767708918703881700,16.0278818359375,0.0006620618514716625,-0.013226322829723358,-0.007704258430749178
1767708918713881900,16.0378818359375,0.0011954930378124118,-0.007582818623632193,-0.009068063460290432
1767708918723883000,16.047883056640625,0.0012008192716166377,-0.00574816670268774,-0.0049036783166229725
1767708918733883000,16.0578828125,0.0023755396250635386,-0.016462329775094986,-0.002147839404642582
1767708918743883000,16.067883056640625,-0.0012452941155061126,-0.024203605949878693,-0.003921238239854574
1767708918753883000,16.0778828125,-0.004778243601322174,-0.025590049102902412,-0.0008977515972219408
1767708918763883800,16.0878837890625,-0.007763380650430918,-0.01968235895037651,-0.0006119944155216217
1767708918773884000,16.0978837890625,-0.009757556021213531,-0.0220941174775362,0.0007044061203487217
1767708918783883800,16.1078837890625,-0.008470982313156128,-0.02635171264410019,0.002620816696435213
1767708918793884700,16.117884765625,-0.003540938952937722,-0.027337081730365753,0.005257346201688051
1767708918803884800,16.127884765625,-0.001008539111353457,-0.03702166676521301,0.003555586328729987
1767708918813884700,16.137884765625,0.0041247038170695305,-0.02292928472161293,-0.00027856664382852614
1767708918823884800,16.147884765625,0.002862099092453718,-0.019953468814492226,0.0006708502769470215
1767708918833886000,16.157885986328125,0.0018184063956141472,-0.017315074801445007,0.0014495585346594453
1767708918843885800,16.1678857421875,7.989483492565341e-7,-0.013760553672909737,0.0028884646017104387
1767708918853886000,16.177885986328125,-0.00227913330309093,-0.009433449245989323,-0.00043010051012970507
1767708918863886800,16.187886962890627,-0.005600361619144678,-0.00714552728459239,-0.00421258807182312
1767708918873886700,16.19788671875,-0.005042695440351963,-0.0036519928835332394,-0.00564110791310668
1767708918883886800,16.207886962890626,-0.0026695525739341974,-0.007782289292663336,-0.004735899157822132
1767708918893886700,16.21788671875,0.0013422331539914012,-0.013822604902088642,-0.0019917781464755535
1767708918903888000,16.227887939453126,0.002448510378599167,-0.01329982653260231,0.00010199906682828441
1767708918913887700,16.2378876953125,0.0013555489713326097,-0.011315771378576756,-0.0004996090428903699
1767708918923887600,16.2478876953125,0.0024770060554146767,-0.004314587451517582,-0.002517486223950982
1767708918933889000,16.257888916015624,0.0019153454340994358,-0.0024927188642323017,-0.00046578687033616006
1767708918943889000,16.267888916015625,-0.0002721750643104315,-0.0038245655596256256,-0.004251736681908369
1767708918953888800,16.277888671875,-0.0023156185634434223,-0.0036647759843617678,-0.00612340634688735
1767708918963889000,16.287888916015625,-0.003692206460982561,-0.004273840691894293,-0.011316304095089436
1767708918973889800,16.297889892578127,-0.004222708288580179,-0.006284793838858604,-0.012822854332625866
1767708918983890000,16.307889892578125,-0.003820304526016116,-0.006089317612349987,-0.010817760601639748
1767708918993889800,16.317889892578126,-0.004924451000988483,-0.0037768951151520014,-0.011983426287770271
1767708919003890700,16.327890625,-0.00347489258274436,-0.002043443499132991,-0.012382101267576218
1767708919013890800,16.337890869140626,-0.0025334651581943035,0.0005994775565341115,-0.010452374815940857
1767708919023890700,16.347890625,-0.003153715282678604,-0.002341983839869499,-0.006248041987419128
1767708919033890800,16.357890869140626,-0.0005856291390955448,-0.005146825220435858,-0.0009387642494402826
1767708919043892000,16.36789208984375,-0.002429601736366749,-0.012269183062016964,-0.0023193468805402517
1767708919053891800,16.377891845703125,-0.0006293049664236605,0.0015126754296943545,-0.0023254721891134977
1767708919063892000,16.38789208984375,-0.0029824741650372744,0.006927680689841509,0.0008692557457834482
1767708919073892900,16.397892822265625,-0.0019971043802797794,0.010599381290376186,0.0014732606941834092
1767708919083892700,16.407892822265627,0.00016591492749284953,0.0156133146956563,-0.005422994960099459
1767708919093892900,16.417892822265625,-0.0008455536444671452,0.012444951571524143,-0.009884055703878403
1767708919103892700,16.427892822265626,-0.0014482269762083888,0.008082161657512188,-0.006231264211237431
1767708919113893600,16.4378935546875,-0.0014314490836113691,0.011461712419986725,-0.005030444823205471
1767708919123893800,16.447893798828126,-0.00185089698061347,0.013758422806859016,-0.006112753413617611
1767708919133893600,16.4578935546875,0.00032676986302249134,0.009489641524851322,-0.004328702110797167
1767708919143894800,16.467894775390626,-0.00013928332191426307,0.0004902879591099918,-0.004421113524585962
1767708919153895000,16.47789501953125,0.0007518103811889887,0.0008820389630272985,-0.0027427896857261658
1767708919163894800,16.487894775390625,0.0012751214671880007,0.004889297299087048,-0.0007243797881528735
1767708919173895000,16.49789501953125,0.0006993460701778531,0.005677326582372189,0.004237622022628784
1767708919183895800,16.507895751953125,-0.001389637473039329,0.00869229156523943,0.0030341395176947117
1767708919193896000,16.51789599609375,-0.001799764228053391,0.011477425694465637,0.0023150858469307423
1767708919203895800,16.527895751953125,-0.0038719698786735535,0.013952833600342274,-0.0016713999211788177
1767708919213896700,16.537896728515626,-0.004888232331722975,0.016227705404162407,-0.0012964267516508698
1767708919223896800,16.547896728515624,-0.0031372036319226027,0.019894879311323166,0.0002990729990415275
1767708919233896700,16.557896728515626,-0.0036477316170930862,0.021741781383752823,0.0028674255590885878
1767708919243896800,16.567896728515624,-0.002528937766328454,0.02359933592379093,0.0013827132061123848
1767708919253898000,16.57789794921875,-0.0054847802966833115,0.023876037448644638,0.004319647327065468
1767708919263897900,16.58789794921875,-0.004880775231868029,0.021936191245913506,0.008616391569375992
1767708919273898000,16.59789794921875,-0.001856489572674036,0.020206201821565628,0.014330470003187656
1767708919283899000,16.60789892578125,-0.00046152580762282014,0.018678080290555954,0.014646853320300579
1767708919293898800,16.617898681640625,-0.00011771172285079956,0.013636982999742031,0.011204184964299202
1767708919303899000,16.62789892578125,-0.0012397015234455466,0.008943160995841026,0.008785502053797245
1767708919313898800,16.637898681640625,-0.0017563547007739544,0.009135175496339798,0.007383347954601049
1767708919323899600,16.647899658203126,-0.0020519655663520098,0.011012437753379345,0.0025510420091450214
1767708919333899800,16.657899658203124,-0.0023462448734790087,0.016028767451643944,0.0011526161106303334
1767708919343899600,16.667899658203126,0.005860019475221634,0.02327948994934559,-0.001219461439177394
1767708919353900800,16.67790087890625,0.003388339886441827,0.020730046555399895,0.001285241567529738
1767708919363900400,16.687900390625,0.004220577888190746,0.01739816553890705,0.00015286543930415064
1767708919373900300,16.697900390625,0.0009068063227459788,0.008673649281263351,0.00047617321251891553
1767708919383900400,16.707900390625,0.0003094593121204525,0.0015622102655470371,0.0009709885343909264
1767708919393901300,16.7179013671875,-0.003412574529647827,0.003421895671635866,-0.000464188982732594
1767708919403901400,16.7279013671875,-0.0031403994653373957,0.009015332907438278,-0.0024493092205375433
1767708919413901300,16.7379013671875,-0.00418382603675127,0.014426076784729958,-0.006508499383926392
1767708919423902200,16.747902099609377,-0.0037081853952258825,0.014812768436968327,-0.003968109842389822
1767708919433902300,16.75790234375,-0.002926813904196024,0.013197294436395168,-0.0027142937760800123
1767708919443902200,16.767902099609376,-0.004040548112243414,0.01221671886742115,0.0007512777228839695
1767708919453902300,16.77790234375,-0.0036543896421790123,0.009500294923782349,-0.00029294771957211196
1767708919463903500,16.787903564453124,-0.004091148264706135,0.011098723858594894,0.00024154871061909944
1767708919473903400,16.7979033203125,-0.0021971079986542463,0.01366441324353218,-0.00037683729897253215
1767708919483903500,16.807903564453124,-0.0038096518255770206,0.018758773803710938,-0.0017057546647265553
1767708919493903400,16.8179033203125,-0.002600044244900346,0.02160302922129631,0.001686579897068441
1767708919503904300,16.827904296875,-0.0032916669733822346,0.021084511652588844,0.008102933876216412
1767708919513904400,16.837904296875,-0.0034621094819158316,0.021709822118282318,0.011054514907300472
1767708919523904300,16.847904296875,-0.001472461735829711,0.02287282608449459,0.013892912305891514
1767708919533905200,16.8579052734375,0.0008420915110036731,0.022120747715234756,0.010920558124780655
1767708919543905300,16.8679052734375,-0.0006543386843986809,0.02316763624548912,0.0070190271362662315
1767708919553905200,16.8779052734375,0.000030360035452758893,0.020849354565143585,0.0012985573848709464
1767708919563905300,16.8879052734375,-0.00024101608141791075,0.01660134643316269,-0.00010199906682828441
1767708919573906400,16.897906494140624,-0.0008484831196255982,0.019054384902119637,-0.003495398908853531
1767708919583906300,16.90790625,-0.0010921623324975371,0.01870551146566868,-0.007223824504762888
1767708919593906400,16.917906494140624,-0.0022767363116145134,0.015806393697857857,-0.009094960987567902
1767708919603907300,16.9279072265625,-0.003653324441984296,0.017554491758346558,-0.008331965655088425
1767708919613907500,16.937907470703124,-0.00628905463963747,0.015920110046863556,-0.008035289123654366
1767708919623907300,16.9479072265625,-0.0068059745244681835,0.011546667665243149,-0.006506102625280619
1767708919633908200,16.957908203125,-0.007808654569089413,0.011601794511079788,-0.0036762275267392397
1767708919643908400,16.967908447265625,-0.0030506509356200695,0.013220197521150112,-0.003946272190660238
1767708919653908200,16.977908203125,-0.0035800873301923275,0.01483673695474863,-0.005447229836136103
1767708919663908400,16.987908447265625,-0.0008127967594191432,0.014547251164913177,-0.006982542108744383
1767708919673909500,16.997909423828126,0.0007491472060792148,0.011907259002327919,-0.006248041987419128
1767708919683909400,17.007909423828124,0.000892691605258733,0.015355519950389862,-0.005626726895570755
1767708919693909500,17.017909423828126,-0.0005464806454256177,0.015959791839122772,-0.005231513641774654
1767708919703910400,17.027910400390624,-0.003102049930021167,0.01847381517291069,-0.009316802956163883
1767708919713910300,17.03791015625,-0.0031308121979236603,0.019830962643027306,-0.010324276052415371
1767708919723910400,17.047910400390624,-0.004706604406237602,0.017884191125631332,-0.009820939041674137
1767708919733910300,17.05791015625,-0.005829393398016691,0.014586132951080799,-0.010277404449880123
1767708919743911200,17.0679111328125,-0.004649346694350243,0.011518171988427639,-0.011482751928269863
1767708919753911300,17.077911376953125,-0.005382515024393797,0.003385410411283374,-0.0067961206659674644
1767708919763911200,17.0879111328125,-0.004502340219914913,-0.0016703346045687795,-0.006871754303574562
1767708919773912300,17.097912353515625,-0.004816326778382063,-0.00282002124004066,-0.006187854800373316
1767708919783912400,17.107912353515626,-0.003011502558365464,-0.0005941512063145638,-0.0046267095021903515
1767708919793912300,17.117912353515624,-0.004338289611041546,-0.0014421016676351428,-0.006294913589954376
1767708919803912400,17.127912353515626,-0.003457848448306322,0.002558232517912984,-0.0046272422187030315
1767708919813913300,17.137913330078124,-0.0034437335561960936,0.0048829056322574615,-0.006964965257793665
1767708919823913200,17.147913330078126,-0.0037886130157858133,0.0067657604813575745,-0.004655472002923489
1767708919833913300,17.157913330078124,-0.004532699938863516,0.010842793621122837,-0.002825613832101226
1767708919843913200,17.167913330078125,-0.002606169320642948,0.009363940916955471,-0.0005784385721199214
1767708919853914400,17.177914306640623,-0.000794420950114727,0.007256048731505871,0.003922570031136274
1767708919863914200,17.187914306640625,-0.0011555455857887864,0.00628905463963747,0.008928780443966389
1767708919873914400,17.197914306640627,-0.0024229439441114664,0.005203017964959145,0.008992696180939674
1767708919883915500,17.20791552734375,-0.005102616734802723,0.004041613079607487,0.00854714959859848
1767708919893915400,17.217915283203126,-0.007098922040313482,0.0032591766212135553,0.006609699688851833
1767708919903915500,17.22791552734375,-0.007272027432918549,0.0035539884120225906,0.007813980802893639
1767708919913916400,17.23791650390625,-0.006675213109701872,0.005910353269428015,0.005681321490556002
1767708919923916300,17.247916259765624,-0.006947388406842947,0.010037720203399658,0.0011211908422410488
1767708919933916400,17.25791650390625,-0.004431233741343021,0.010398845188319683,0.0024895230308175087
1767708919943916300,17.267916259765624,-0.004913798533380032,0.007632353343069553,0.0025843314360827208
1767708919953917200,17.277917236328125,-0.007290403358638287,0.005862416233867407,0.0018642127979546785
1767708919963917300,17.287917236328123,-0.005336175672709942,0.00845846626907587,0.0015965650090947747
1767708919973917200,17.297917236328125,-0.0020836573094129562,0.012720322236418724,0.0028871328104287386
1767708919983917300,17.307917236328127,-0.00021198761533014476,0.017299894243478775,0.002531068166717887
1767708919993918500,17.31791845703125,-0.0013116068439558148,0.007156446576118469,-0.0003062635369133204
1767708920003918300,17.32791845703125,-0.0019126823171973228,0.0007366303470917046,-0.00018482338055036962
1767708920013918500,17.33791845703125,-0.002832005498930812,-0.0016588830621913075,0.004253334365785122
1767708920023919400,17.34791943359375,-0.003626692807301879,-0.003082342678681016,0.00845500361174345
1767708920033919200,17.357919189453124,-0.005245628301054239,-0.007982558570802212,0.007980694994330406
1767708920043919400,17.36791943359375,-0.006543120369315147,-0.011276623234152794,0.008608401753008366
1767708920053919200,17.377919189453124,-0.0024983114562928677,-0.0119117870926857,0.012019111774861813
1767708920063920400,17.38792041015625,0.0004500742070376873,-0.008858206681907177,0.011120561510324478
1767708920073920300,17.397920166015624,0.0025952504947781563,-0.00726403808221221,0.0038597192615270615
1767708920083920100,17.407920166015625,-0.0005209143273532391,-0.005120459944009781,-0.0008277104352600873
1767708920093921500,17.417921630859375,0.0017361147329211235,0.0008519452530890703,-0.010363691486418247
1767708920103921400,17.42792138671875,0.001068193931132555,0.00115421402733773,-0.011020959354937077
1767708920113921300,17.43792138671875,-0.0016551546286791563,-0.0043707797303795815,-0.013732323423027992
1767708920123922400,17.44792236328125,-0.0010831075487658381,-0.010584733448922634,-0.013917147181928158
1767708920133922300,17.45792236328125,0.0019462381023913622,-0.01565512642264366,-0.011655590496957302
1767708920143922400,17.46792236328125,0.0036280243657529354,-0.019719641655683517,-0.005811550188809633
1767708920153922300,17.47792236328125,0.0038932752795517445,-0.023134613409638405,-0.0018458369886502624
1767708920163923200,17.487923095703124,0.006106095854192972,-0.02172420360147953,-0.0024833977222442627
1767708920173923300,17.49792333984375,0.007564975414425135,-0.013067598454654217,-0.0020969731267541647
1767708920183923200,17.507923095703124,0.009586314670741558,-0.007433947641402483,-0.0032831449061632156
1767708920193924400,17.51792431640625,0.010342119261622429,0.0009723200928419828,-0.007419832982122898
1767708920203924500,17.527924560546875,0.009384979493916035,0.005280782002955675,-0.00817830115556717
1767708920213924400,17.53792431640625,0.007765245158225298,0.0012282498646527529,-0.01050244178622961
1767708920223924500,17.547924560546875,0.004483165219426155,-0.0035888757556676865,-0.013017797842621803
1767708920233925400,17.55792529296875,0.002460494404658675,-0.009465939365327358,-0.008440623059868813
1767708920243925200,17.56792529296875,0.002385925967246294,-0.012601811438798904,-0.008376440964639187
1767708920253925400,17.57792529296875,0.0008711199625395238,-0.019144665449857712,-0.009186574257910252
1767708920263926300,17.58792626953125,0.005393700208514929,-0.017916150391101837,-0.0056863813661038876
1767708920273926100,17.597926025390624,0.006050968077033758,-0.01327106449753046,0.0013345100451260805
1767708920283926300,17.60792626953125,0.007379885762929916,-0.009166866540908813,-0.0000327568814100232
1767708920293926100,17.617926025390624,0.009948237799108028,-0.011241735890507698,-0.0008072041091509163
1767708920303927300,17.62792724609375,0.008732771500945091,-0.015895076096057892,-0.004163053352385759
1767708920313927400,17.637927490234375,0.009558618068695068,-0.018909242004156113,-0.002653307281434536
1767708920323927300,17.64792724609375,0.008957009762525558,-0.0166157279163599,-0.0023699470330029726
1767708920333928400,17.657928466796875,0.009044627659022808,-0.018571820110082626,-0.007010238710790873
1767708920343928300,17.66792822265625,0.005191832315176725,-0.016498282551765442,-0.012580506503582
1767708920353928400,17.677928466796875,0.0037294907961040735,-0.010880877263844013,-0.01830390654504299
1767708920363928000,17.687927978515624,0.003964648116379976,-0.006983074825257063,-0.018317488953471184
1767708920373929000,17.697928955078126,0.004447478801012039,-0.005328985396772623,-0.019103653728961945
1767708920383929000,17.70792919921875,0.007408914156258106,-0.006160157732665539,-0.017496967688202858
1767708920393929000,17.717928955078126,0.007425159215927124,-0.005036836490035057,-0.018672486767172813
1767708920403930000,17.72793017578125,0.01044198777526617,-0.002588059986010194,-0.011927765794098377
1767708920413930200,17.73793017578125,0.010252105072140694,-0.003971039317548275,-0.013483584858477116
1767708920423930000,17.74793017578125,0.011600463651120663,-0.008639827370643616,-0.015164039097726345
1767708920433930200,17.75793017578125,0.013774667866528034,-0.007737548090517521,-0.013852698728442192
1767708920443931100,17.76793115234375,0.012736834585666656,-0.011419367976486683,-0.016211992129683495
1767708920453931000,17.777930908203125,0.007756190374493599,-0.012139487080276012,-0.014431403949856758
1767708920463931100,17.78793115234375,0.007640609052032232,-0.010043312795460224,-0.009153816848993301
1767708920473932000,17.79793212890625,0.0081514036282897,-0.00815220270305872,-0.008392686024308205
1767708920483932000,17.807931884765626,0.007484281435608864,-0.00040080572944134474,-0.010831342078745365
1767708920493932000,17.81793212890625,0.008501076139509678,-0.002019474981352687,-0.008374842815101147
1767708920503932000,17.827931884765626,0.006939132697880268,-0.0025156219489872456,-0.007588677573949099
1767708920513933000,17.83793310546875,0.008320780470967293,-0.0046908920630812645,-0.007489341776818037
1767708920523933200,17.84793310546875,0.009106678888201714,-0.0070278155617415905,-0.011026818305253983
1767708920533933000,17.85793310546875,0.00990269798785448,-0.008592689409852028,-0.010412161238491535
1767708920543934200,17.867934326171873,0.010613761842250824,-0.01335761696100235,-0.007770038675516844
1767708920553934000,17.87793408203125,0.013025254011154175,-0.015275625512003899,-0.003884486621245742
1767708920563934200,17.887934326171877,0.012474779039621353,-0.01341540738940239,-0.0030301446095108986
1767708920573935000,17.89793505859375,0.012861203402280807,-0.008891229517757893,-0.0015070828376337886
1767708920583935000,17.90793505859375,0.014649515971541405,-0.0049135321751236916,-0.008199074305593967
1767708920593935000,17.91793505859375,0.019050922244787216,-0.0034165694378316402,-0.014733405783772469
1767708920603935000,17.92793505859375,0.020081833004951477,-0.004025634378194809,-0.016895892098546028
1767708920613936000,17.93793603515625,0.020652547478675842,-0.010555438697338104,-0.02063204161822796
1767708920623936300,17.947936279296876,0.021163608878850937,-0.020053336396813393,-0.027419107034802437
1767708920633936100,17.95793603515625,0.023305589333176613,-0.02208346500992775,-0.031742747873067856
1767708920643937000,17.96793701171875,0.02365472912788391,-0.024512533098459244,-0.03087269514799118
1767708920653937200,17.977937255859374,0.020659739151597023,-0.030008232221007347,-0.029207685962319374
1767708920663937000,17.98793701171875,0.016889767721295357,-0.030827688053250313,-0.027604462578892708
1767708920673937200,17.997937255859377,0.008988435380160809,-0.026825755834579468,-0.023375896736979485
1767708920683938000,18.00793798828125,0.0014002900570631027,-0.027247067540884018,-0.027043068781495094
1767708920693938000,18.01793798828125,-0.0036567864008247852,-0.024387897923588753,-0.03402188420295715
1767708920703938000,18.02793798828125,-0.010762100107967854,-0.018314825370907784,-0.03719450533390045
1767708920713939200,18.037939208984376,-0.019040802493691444,-0.017234114930033684,-0.04071440547704697
1767708920723939000,18.04793896484375,-0.02346164919435978,-0.011991415172815323,-0.04664553329348564
1767708920733939200,18.057939208984376,-0.026573820039629936,-0.010056628845632076,-0.05512716621160507
1767708920743939000,18.06793896484375,-0.029165875166654587,-0.008101335726678371,-0.0666450709104538
1767708920753940200,18.077940185546876,-0.030377879738807678,-0.011745871976017952,-0.07523936033248901
1767708920763940000,18.087940185546874,-0.025607891380786896,-0.020848024636507034,-0.07723486423492432
1767708920773940000,18.09793994140625,-0.02117745764553547,-0.032710809260606766,-0.08128979802131653
1767708920783941000,18.107941162109373,-0.012266785837709904,-0.05113589018583298,-0.08438359200954437
1767708920793941000,18.11794091796875,-0.015840481966733932,-0.051911402493715286,-0.07831397652626038
1767708920803941000,18.127941162109376,-0.010458233766257763,-0.052438441663980484,-0.08483473211526871
1767708920813941000,18.13794091796875,-0.010467554442584515,-0.062014900147914886,-0.08258862048387527
1767708920823942100,18.147942138671876,-0.01221725158393383,-0.06594172865152359,-0.07509768009185791
1767708920833942300,18.1579423828125,-0.018739067018032074,-0.05681481212377548,-0.06944272667169571
1767708920843942100,18.167942138671876,-0.026096582412719727,-0.055569253861904144,-0.06682243943214417
1767708920853943000,18.177943115234374,-0.032888706773519516,-0.04556269198656082,-0.06416220963001251
1767708920863943200,18.187943115234376,-0.03392680734395981,-0.028982382267713547,-0.052974533289670944
1767708920873943000,18.197943115234374,-0.03453826904296875,-0.022815832868218422,-0.038967106491327286
1767708920883944000,18.20794384765625,-0.033670078963041306,-0.017538780346512794,-0.02497219480574131
1767708920893944000,18.217944091796873,-0.03074273280799389,-0.01321034412831068,-0.017163807526230812
1767708920903944000,18.22794384765625,-0.02749474160373211,-0.010852115228772163,-0.008418784476816654
1767708920913944000,18.237944091796876,-0.02412344515323639,-0.01107235811650753,0.006925816647708416
1767708920923945200,18.2479453125,-0.01955905370414257,-0.015724634751677513,0.024983113631606102
1767708920933945000,18.257945068359376,-0.018557971343398094,-0.018727615475654602,0.042146652936935425
1767708920943945200,18.2679453125,-0.016231168061494827,-0.02070794068276882,0.05812349170446396
1767708920953946000,18.277946044921876,-0.015182415023446083,-0.021515944972634315,0.06524797528982162
1767708920963946000,18.287946044921874,-0.012834838591516018,-0.02508830837905407,0.07467556744813919
1767708920973946000,18.297946044921876,-0.013138438574969769,-0.026520557701587677,0.09313047677278519
1767708920983946000,18.307946044921874,-0.010371680371463299,-0.025042502209544182,0.10323983430862427
1767708920993947100,18.317947021484375,-0.0070397998206317425,-0.025355957448482513,0.11133291572332382
1767708921003947000,18.327947021484373,-0.004605937283486128,-0.0234049241989851,0.11797457188367844
1767708921013947100,18.337947021484375,-0.0036607813090085983,-0.01423672679811716,0.12834732234477997
1767708921023948300,18.3479482421875,-0.003847468877211213,0.00046605319948866963,0.12707193195819855
1767708921033948200,18.3579482421875,-0.002519350266084075,0.012614062055945396,0.12947437167167664
1767708921043948300,18.3679482421875,-0.004751345608383417,0.01985626295208931,0.11842811107635498
1767708921053949200,18.37794921875,-0.006999053526669741,0.030786940827965736,0.11076166480779648
1767708921063949000,18.387948974609376,-0.008405735716223717,0.040775660425424576,0.0956421047449112
1767708921073949200,18.39794921875,-0.011113104410469532,0.04093971103429794,0.08105970174074173
1767708921083949000,18.407948974609376,-0.008886169642210007,0.04749534651637077,0.06725600361824036
1767708921093950000,18.417949951171874,-0.00751996785402298,0.05333166569471359,0.053553506731987
1767708921103950000,18.4279501953125,-0.0028700886759907007,0.05910752713680267,0.04619678854942322
1767708921113950000,18.437949951171873,0.003518834710121155,0.06193793565034866,0.04087179899215698
1767708921123951000,18.447951171875,0.006858971435576677,0.054479219019412994,0.037279460579156876
1767708921133951200,18.457951171875,0.01113174669444561,0.04604259133338928,0.02521081455051899
1767708921143951000,18.467951171875,0.018918031826615334,0.04066913202404976,0.01950472593307495
1767708921153951200,18.477951171875,0.02744467370212078,0.03560300171375275,0.020381171256303787
1767708921163952000,18.4879521484375,0.034575555473566055,0.022534603253006935,0.03461390361189842
1767708921173952000,18.497951904296876,0.040831852704286575,0.010779676958918571,0.04700346291065216
1767708921183952100,18.5079521484375,0.04617095738649368,0.008983108215034008,0.06023937091231346
1767708921193953000,18.517953125,0.05235615000128746,0.0024088292848318815,0.06810475140810013
1767708921203953200,18.527953125,0.05457109957933426,0.00036671728594228625,0.07676961272954941
1767708921213953000,18.537953125,0.0564611442387104,0.0020301276817917824,0.08418066054582596
1767708921223953000,18.547952880859373,0.05589202791452408,-0.008697884157299995,0.08277317881584167
1767708921233954300,18.557954345703124,0.05052495747804642,-0.022639531642198563,0.08736047148704529
1767708921243954200,18.5679541015625,0.04306890815496445,-0.020339360460639,0.08049537241458893
1767708921253954000,18.5779541015625,0.04092692583799362,-0.01347346417605877,0.07455679029226303
1767708921263955200,18.587955078125,0.03712792694568634,-0.014377874322235584,0.07529634982347488
1767708921273955000,18.597955078125,0.036315396428108215,-0.013206616044044495,0.07278446108102798
1767708921283955200,18.607955078125,0.04104676842689514,-0.008955145254731178,0.07293492555618286
1767708921293956000,18.6179560546875,0.042333874851465225,-0.012388226576149464,0.07856564968824387
1767708921303956000,18.6279560546875,0.04429236426949501,-0.006992395501583815,0.08819111436605453
1767708921313956000,18.6379560546875,0.04446094110608101,-0.004168113227933645,0.09357282519340515
1767708921323956000,18.6479560546875,0.04074876010417938,0.003635747591033578,0.07992465794086456
1767708921333957000,18.65795703125,0.04078444838523865,0.006683735176920891,0.06994286179542542
1767708921343957200,18.667957275390624,0.041732266545295715,-0.011936820112168789,0.0525905080139637
1767708921353957000,18.67795703125,0.030337132513523102,-0.006740460637956858,0.05077236518263817
1767708921363958500,18.68795849609375,0.02761857770383358,-0.001743305241689086,0.050044525414705276
1767708921373958700,18.697958740234377,0.01703411154448986,-0.012467854656279087,0.05061204358935356
1767708921383958500,18.70795849609375,0.01392886508256197,-0.015337144955992699,0.041855838149785995
1767708921393958700,18.717958740234376,0.008834504522383213,-0.01811881549656391,0.037872813642024994
1767708921403959600,18.72795947265625,0.0017006946727633476,-0.012355735525488853,0.029829800128936768
1767708921413959400,18.73795947265625,0.002091380301862955,-0.0028788771014660597,0.017252756282687187
1767708921423959600,18.74795947265625,0.00180855265352875,0.010744256898760796,0.008407066576182842
1767708921433960700,18.757960693359376,0.0028674255590885878,0.01980086974799633,0.004764928016811609
1767708921443960600,18.767960693359374,0.0032589102629572153,0.018866898491978645,0.002432797569781542
1767708921453960700,18.777960693359375,-0.0016026903176680207,0.015912920236587524,0.0018186726374551654
1767708921463961600,18.787961669921874,-0.009950901381671429,0.009189769625663757,0.0005190501105971634
1767708921473961500,18.79796142578125,-0.019398732110857964,0.008651012554764748,-0.0021795309148728848
1767708921483961600,18.807961669921873,-0.02147306688129902,0.013010607101023197,-0.015222628600895405
1767708921493961500,18.81796142578125,-0.016767261549830437,0.009486446157097816,-0.010348777286708355
1767708921503962600,18.827962646484377,-0.011022024787962437,-0.0006173207075335085,-0.011913917027413845
1767708921513962500,18.83796240234375,-0.01356454472988844,-0.00905394833534956,-0.013437245041131973
1767708921523962600,18.847962646484376,-0.019763318821787834,-0.029254557564854622,-0.014050304889678955
1767708921533963800,18.8579638671875,-0.004757204558700323,-0.03434545546770096,-0.008474711328744888
1767708921543963600,18.867963623046876,-0.007096791639924049,-0.02689153514802456,0.0014540859265252948
1767708921553963800,18.8779638671875,-0.009631321765482426,-0.025289110839366913,0.017786987125873566
1767708921563963600,18.887963623046875,-0.01341567374765873,-0.022542594000697136,0.021869879215955734
1767708921573964500,18.897964599609374,-0.014243383891880512,-0.014867895282804966,0.01894333027303219
1767708921583964700,18.907964599609375,-0.018205102533102036,-0.002609365154057741,0.010966897010803223
1767708921593964500,18.917964599609373,-0.020538032054901123,-0.002487392397597432,0.006207029335200787
1767708921603965400,18.92796533203125,-0.01667911186814308,0.0036421390250325203,0.014186658896505833
1767708921613965600,18.937965576171877,-0.018728414550423622,0.0034474621061235666,0.02315804921090603
1767708921623965400,18.94796533203125,-0.021274661645293236,0.0022090920247137547,0.025832662358880043
1767708921633965600,18.957965576171876,-0.019523100927472115,0.0003307645965833217,0.02678074687719345
1767708921643966700,18.967966796875,-0.016870327293872833,0.0010657970560714602,0.03271826356649399
1767708921653966600,18.977966552734376,-0.015203453600406647,-0.00908670574426651,0.03341042250394821
1767708921663966700,18.987966796875,-0.014010890386998653,-0.014416489750146866,0.03489593043923378
1767708921673967600,18.997967529296876,-0.011810586787760258,-0.011129883117973804,0.03253690525889397
1767708921683967500,19.007967529296874,-0.012812468223273754,-0.008921856060624123,0.030900657176971436
1767708921693967600,19.017967529296875,-0.012502741999924183,-0.0018796591321006417,0.028147215023636818
1767708921703968500,19.027968505859373,-0.011545602232217789,0.0029827402904629707,0.023126358166337013
1767708921713968600,19.03796875,-0.009885920211672783,0.0018141453620046377,0.01954866759479046
1767708921723968500,19.047968505859377,-0.009846772067248821,-0.002412823960185051,0.0188453271985054
1767708921733968400,19.057968505859375,-0.008653941564261913,-0.0031217574141919613,0.0159416813403368
1767708921743969800,19.0679697265625,-0.006146842148154974,-0.005940180737525225,0.012296879664063454
1767708921753969700,19.0779697265625,-0.005066397599875927,-0.007938350550830364,0.013921674340963364
1767708921763969500,19.087969482421876,-0.00033662354690022767,-0.006426207721233368,0.015783490613102913
1767708921773970700,19.097970703125,0.001023452845402062,-0.002920954953879118,0.0156567245721817
1767708921783970600,19.107970458984376,0.0029995182994753122,-0.005322327371686697,0.01721201092004776
1767708921793970700,19.117970703125,0.0007555388147011399,-0.010568222030997276,0.02064216136932373
1767708921803970600,19.127970458984375,-0.005712480284273624,-0.006603308022022247,0.022963905707001686
1767708921813971500,19.137971435546874,-0.005901564843952656,-0.0038128476589918137,0.027763187885284424
1767708921823971600,19.1479716796875,-0.006187322083860636,-0.006452839355915785,0.03104260377585888
1767708921833971500,19.157971435546877,-0.006916495505720377,-0.013312876224517822,0.03671859949827194
1767708921843972600,19.16797265625,-0.010604707524180412,-0.016566192731261253,0.038484539836645126
1767708921853972700,19.17797265625,-0.012559734284877777,-0.015776831656694412,0.03230787068605423
1767708921863972600,19.18797265625,-0.01846609264612198,0.00213585514575243,0.013441240414977074
1767708921873973500,19.197973388671876,-0.017115870490670204,0.011196195147931576,0.0024562333710491657
1767708921883973600,19.2079736328125,-0.017233848571777344,0.011480354703962803,0.0070576430298388
1767708921893973500,19.217973388671876,-0.01612650603055954,0.006480802316218615,0.016636766493320465
1767708921903973600,19.2279736328125,-0.018278872594237328,0.0051628039218485355,0.026040654629468918
1767708921913974500,19.237974609375,-0.009913084097206593,0.011381018906831741,0.025656893849372864
1767708921923974400,19.247974365234374,-0.00965662207454443,0.016016250476241112,0.021459219977259636
1767708921933974500,19.257974609375,-0.004340686369687319,0.021134845912456512,0.019687684252858162
1767708921943975700,19.2679755859375,-0.00119575927965343,0.030953921377658844,0.013222062028944492
1767708921953975600,19.2779755859375,-0.0014631407102569938,0.042097121477127075,0.011139203794300556
1767708921963975700,19.2879755859375,-0.0012029499048367143,0.039797212928533554,0.014248178340494633
1767708921973975600,19.2979755859375,-0.009534649550914764,0.023478427901864052,0.02105122245848179
1767708921983976700,19.307976806640625,-0.003727360162883997,0.030956584960222244,0.02269066497683525
1767708921993976600,19.3179765625,-0.0029976540245115757,0.02761192061007023,0.020708207041025162
1767708922003976700,19.327976806640624,-0.00047936898772604764,0.019112708047032356,0.020749753341078758
1767708922013977600,19.3379775390625,-0.004591023549437523,0.021508486941456795,0.014071344397962093
1767708922023977500,19.3479775390625,0.002625077962875366,0.034091923385858536,0.0052237906493246555
1767708922033977600,19.3579775390625,0.013009808026254177,0.047694552689790726,-0.011966114863753319
1767708922043978800,19.367978759765624,0.020048808306455612,0.05048181489109993,-0.020446419715881348
1767708922053978600,19.377978515625,0.024384168907999992,0.04399062693119049,-0.012948555871844292
1767708922063978800,19.387978759765623,0.022358302026987076,0.028430309146642685,-0.0008375641773454845
1767708922073978600,19.397978515625,0.017680460587143898,0.025844380259513855,0.0011201255256310105
1767708922083979500,19.4079794921875,0.013248959556221962,0.025613218545913696,0.001526257605291903
1767708922093979600,19.417979736328125,0.0062634884379804134,0.01534433476626873,0.010850517079234123
1767708922103979500,19.4279794921875,0.0026964505668729544,0.01131097786128521,0.020172113552689552
1767708922113980400,19.43798046875,-0.0011270497925579548,0.010458500124514103,0.031246602535247803
1767708922123980500,19.44798046875,-0.0025068335235118866,0.001097755040973425,0.03765203803777695
1767708922133980400,19.45798046875,0.0018250643042847514,-0.006022738758474588,0.038172684609889984
1767708922143980500,19.46798046875,0.00166633992921561,-0.008015582337975502,0.03710795193910599
1767708922153981700,19.477981689453124,-0.00023409185814671218,-0.005077849142253399,0.03231586143374443
1767708922163981600,19.487981689453125,-0.002490854589268565,-0.0017686053179204464,0.03104819729924202
1767708922173981700,19.497981689453123,-0.006690659560263157,0.003961718175560236,0.02924070879817009
1767708922183982600,19.507982666015625,-0.002841060282662511,0.007494668010622263,0.02804441750049591
1767708922193982700,19.517982666015627,-0.009089634753763676,0.0017915084026753902,0.022646190598607063
1767708922203982600,19.527982666015625,-0.009255549870431423,0.004416320007294416,0.019627230241894722
1767708922213983500,19.5379833984375,-0.007200388703495264,0.0006916229031048715,0.016947824507951736
1767708922223983600,19.547983642578124,-0.011427624151110649,0.006174272391945124,0.015476960688829422
1767708922233983500,19.5579833984375,-0.009150621481239796,0.008217183873057365,0.011200456880033016
1767708922243983600,19.567983642578124,-0.0069489860907197,0.010959972627460957,0.0040823593735694885
1767708922253984800,19.57798486328125,-0.006136721931397915,0.015224759466946125,0.0012607404496520758
1767708922263984600,19.587984619140624,-0.007493336219340563,0.01840723678469658,0.0020442423410713673
1767708922273984800,19.59798486328125,-0.003908987622708082,0.02310984581708908,0.00046605319948866963
1767708922283985700,19.607985595703123,-0.004702077247202396,0.022823557257652283,0.007495999336242676
1767708922293985500,19.617985595703125,-0.0035393410362303257,0.015335546806454659,0.012225240468978882
1767708922303985700,19.627985595703127,-0.004457066301256418,0.013696104288101196,0.005085838492959738
1767708922313985500,19.637985595703125,-0.004175570327788591,0.011434814892709255,-0.0018138790037482977
1767708922323986400,19.647986328125,-0.0009651295840740204,0.012879046611487865,0.0016966998809948564
1767708922333986600,19.657986572265624,-0.0014000238152220845,0.00993039458990097,0.00737429317086935
1767708922343986400,19.667986328125,-0.0002561961009632796,0.012397280894219875,0.007553523872047663
1767708922353987600,19.677987548828124,-0.0016887104138731956,0.02051353082060814,0.009404420852661133
1767708922363987000,19.687987060546874,-0.0010511496802791953,0.026605777442455292,0.01019537914544344
1767708922373987000,19.697987060546875,-0.003964648116379976,0.024994032457470894,0.0028660940006375313
1767708922383987000,19.707987060546873,-0.002442385070025921,0.021103421226143837,-0.0007819040911272168
1767708922393988000,19.717988037109375,-0.002700977958738804,0.02328401803970337,0.0017062872648239136
1767708922403988200,19.72798828125,-0.0023550332989543676,0.019159313291311264,0.008333563804626465
1767708922413988000,19.737988037109375,-0.003186738584190607,0.01810949482023716,0.015079083852469921
1767708922423989000,19.747989013671877,-0.002507632365450263,0.023199861869215965,0.013524863868951797
1767708922433989000,19.757989013671875,-0.0008689894457347691,0.036792103201150894,0.003906857222318649
1767708922443989000,19.767989013671876,0.002612294629216194,0.04045448079705238,-0.004277036525309086
1767708922453990000,19.777989990234374,0.0052173989824950695,0.03430870547890663,-0.005868807900696993
1767708922463990000,19.787989990234376,0.006187322083860636,0.02226242795586586,-0.0044996771030128
1767708922473990000,19.797989990234374,0.0024945829063653946,0.017489511519670486,0.002385659608989954
1767708922483990000,19.807989990234375,0.00022370553051587194,0.014431137591600418,-0.006645918358117342
1767708922493991200,19.8179912109375,0.00020160128769930452,0.017103087157011032,-0.019352925941348076
1767708922503991000,19.827990966796875,-0.003489806316792965,0.0059540290385484695,-0.02159583941102028
1767708922513991200,19.8379912109375,-0.005373726598918438,0.007565508130937815,-0.016087356954813004
1767708922523992000,19.847991943359375,-0.002207760466262698,0.0161864273250103,-0.015529424883425236
1767708922533992000,19.857991943359377,-0.002757969545200467,0.01696034148335457,-0.014553642831742764
1767708922543992000,19.867991943359375,-0.0024596955627202988,0.02093351073563099,-0.004541222471743822
1767708922553992000,19.877991943359376,-0.0018301242962479591,0.017460215836763382,0.001076982356607914
1767708922563993000,19.8879931640625,-0.003091131104156375,0.014329404570162296,0.000016777914424892515
1767708922573993000,19.897992919921876,-0.003468234557658434,0.016648750752210617,-0.0009651295840740204
1767708922583992800,19.907992919921874,-0.006179599091410637,0.01631692238152027,-0.0010008158860728145
1767708922593994200,19.917994140625,-0.00950721837580204,0.01727858930826187,0.003703924361616373
1767708922603994000,19.927994140625,-0.00794394314289093,0.020483171567320824,0.00888057705014944
1767708922613994200,19.937994140625,-0.005814213305711746,0.018701516091823578,0.009883789345622063
1767708922623995100,19.9479951171875,-0.008071241900324821,0.012288091704249382,0.011767443269491196
1767708922633995000,19.9579951171875,-0.0058669438585639,0.004830707795917988,0.006293315906077623
1767708922643995100,19.9679951171875,-0.006759102921932936,0.0065223476849496365,-0.0013784521725028753
1767708922653995000,19.9779951171875,-0.0047060721553862095,0.01255121175199747,-0.006642722524702549
1767708922663996000,19.987995849609376,-0.009520268067717552,0.012652412056922913,-0.011632154695689678
1767708922673996000,19.99799609375,-0.006344981025904417,0.009436111897230148,-0.012416722252964973
1767708922683996000,20.007995849609376,-0.008635831996798515,0.006131928414106369,-0.010399644263088703
1767708922693997000,20.0179970703125,-0.00977566558867693,0.0065593658946454525,-0.007409446872770786
1767708922703997200,20.0279970703125,-0.012706208042800426,0.0038458709605038166,0.002433063928037882
1767708922713997000,20.0379970703125,-0.014989336021244526,-0.006690925918519497,0.00279019377194345
1767708922723997200,20.0479970703125,-0.031497206538915634,-0.02268773503601551,-0.004759867675602436
1767708922733998000,20.057998046875,-0.017413610592484474,-0.037513021379709244,-0.00443895673379302
1767708922743998000,20.067998046875,-0.009672867134213448,-0.019216038286685944,-0.00031904669594950974
1767708922753998000,20.077998046875,-0.00959510263055563,-0.035474635660648346,-0.005677592940628529
1767708922763999000,20.0879990234375,-0.006642988882958889,-0.025902437046170235,0.005756955128163099
1767708922773998800,20.097998779296876,-0.010626012459397316,-0.023313045501708984,0.004067179746925831
1767708922783999000,20.1079990234375,-0.010820156894624233,-0.014572285115718842,0.010816162452101707
1767708922793998800,20.117998779296876,-0.010089918039739132,-0.014547783881425858,0.00933118350803852
1767708922804000300,20.128000244140626,-0.008325307630002499,-0.013952833600342274,0.0046876962296664715
1767708922814000000,20.138000244140624,-0.008588694036006927,-0.015037006698548794,0.0024024376180022955
1767708922824000000,20.148,-0.011449728161096573,-0.01050403993576765,0.00506932707503438
1767708922834001200,20.158001220703124,-0.0087820403277874,-0.003912982530891895,0.007472563534975052
1767708922844001000,20.1680009765625,-0.010033459402620792,0.011447598226368427,0.004833370912820101
1767708922854001200,20.178001220703123,-0.009156746789813042,0.018978217616677284,0.00015180018090177327
1767708922864002000,20.188001953125,-0.008714129216969013,0.01489079836755991,-0.0027710190042853355
1767708922874002000,20.198001953125,-0.0054094125516712666,0.014226872473955154,-0.000185888638952747
1767708922884002000,20.208001953125,-0.0032226911280304193,0.008957808837294579,0.003578755771741271
1767708922894002000,20.218001953125,-0.000032490566809428856,0.0028181569650769234,0.004555869847536087
1767708922904003000,20.228003173828125,0.0002561961009632796,-0.00003808320252574049,0.005599029827862978
1767708922914003200,20.238003173828126,-0.00415399856865406,-0.001985120354220271,0.006970824208110571
1767708922924003000,20.248003173828124,-0.003567836945876479,-0.006018743850290775,0.013130183331668377
1767708922934004000,20.25800390625,-0.0070429956540465355,-0.010143714025616646,0.017246099188923836
1767708922944004000,20.268004150390624,-0.003513242118060589,-0.010675014927983284,0.016518788412213326
1767708922954004000,20.27800390625,-0.00484189298003912,-0.008785502053797245,0.017412545159459114
1767708922964004000,20.288004150390623,-0.003879160387441516,-0.008808138780295849,0.017177654430270195
1767708922974005000,20.2980048828125,-0.0009960222523659468,-0.00818229652941227,0.023560186848044395
1767708922984004900,20.3080048828125,-0.0009749832679517567,-0.004893824923783541,0.020253073424100876
1767708922994005000,20.3180048828125,-0.0006934871198609471,-0.0007850998663343489,0.014030065387487411
1767708923004006100,20.328006103515627,-0.004278901033103466,0.005374258849769831,0.013116867281496525
1767708923014006000,20.338006103515625,-0.004786499310284853,0.0027545075863599777,0.013203686103224754
1767708923024006100,20.348006103515626,-0.004967061802744865,0.004144411068409681,0.013621802441775799
1767708923034007000,20.358007080078124,-0.004989698529243469,0.00830906257033348,0.015868445858359337
1767708923044007200,20.368007080078126,-0.003568103304132819,0.009758355095982552,0.01432034932076931
1767708923054007000,20.378007080078124,-0.0027827369049191475,0.016138490289449692,0.006794789340347052
1767708923064007200,20.388007080078125,-0.0024767396971583366,0.021225128322839737,0.004939631093293428
1767708923074008000,20.398008056640624,0.00005832322858623229,0.023922909051179886,0.008788165636360645
1767708923084008000,20.408008056640625,-0.0026501116808503866,0.015222894959151745,0.005823268089443445
1767708923094008000,20.418008056640623,-0.005084507167339325,0.008793225511908531,-0.001820536912418902
1767708923104009200,20.42800927734375,-0.010466489009559155,0.005474926438182592,-0.006983074825257063
1767708923114009000,20.438009033203127,-0.014255368150770664,0.004306331276893616,-0.007376689929515123
1767708923124009200,20.44800927734375,-0.013462278991937637,0.007014499977231026,-0.008498147130012512
1767708923134009000,20.458009033203126,-0.010764497332274914,0.012693691067397594,-0.005901831202208996
1767708923144010000,20.468010009765624,-0.00920361839234829,0.02022058330476284,0.0041212416253983974
1767708923154010000,20.478010009765626,-0.004739894066005945,0.02148052491247654,0.007184942252933979
1767708923164010000,20.488010009765624,0.0004892227007076144,0.016380837187170982,0.002028263406828046
1767708923174011000,20.498010986328126,0.00009454221435589716,0.011783422902226448,-0.0034993935842067003
1767708923184011000,20.508010986328124,0.00007376955909421667,0.010579407215118408,-0.0014831144362688065
1767708923194011000,20.518010986328125,-0.0035750274546444416,0.015247928909957409,0.0003653856983873993
1767708923204011000,20.528010986328123,-0.004061587154865265,0.017243701964616776,-0.0019744676537811756
1767708923214012200,20.53801220703125,-0.0046331011690199375,0.012930446304380894,0.00015526228526141495
1767708923224012000,20.548011962890627,-0.0030149647500365973,0.008955677971243858,0.00443975580856204
1767708923234012200,20.55801220703125,-0.0041340249590575695,0.006164152640849352,-0.000755805114749819
1767708923244013000,20.568012939453126,-0.004619519226253033,0.006691458635032177,-0.0022831279784440994
1767708923254013200,20.57801318359375,-0.00487092137336731,0.005393167492002249,-0.001912948559038341
1767708923264013000,20.588012939453126,-0.004363855812698603,0.009701895527541637,-0.00759879732504487
1767708923274014000,20.598013916015624,-0.003055977402254939,0.010776747949421406,-0.008583900518715382
1767708923284014000,20.60801416015625,-0.002968891989439726,0.006615824531763792,-0.004670917987823486
1767708923294014000,20.618013916015624,-0.00440939562395215,-0.0010748518398031592,-0.0018016285030171275
1767708923304014000,20.62801416015625,-0.004703408572822809,-0.0031792817171663046,-0.0038488004356622696
1767708923314015200,20.63801513671875,-0.006613960489630699,-0.005320463329553604,-0.007821171544492245
1767708923324015000,20.64801513671875,-0.00631888210773468,-0.006493585649877787,-0.016077503561973572
1767708923334015200,20.65801513671875,-0.006024869158864021,-0.0029459886718541384,-0.016350211575627327
1767708923344016100,20.66801611328125,-0.005372394807636738,-0.003665042342618108,-0.011919243261218071
1767708923354016000,20.67801611328125,-0.0038181741256266832,-0.0029609024059027433,-0.007011570502072573
1767708923364016000,20.68801611328125,-0.003884486621245742,-0.00216568261384964,-0.008451808243989944
1767708923374016000,20.69801611328125,-0.0029286781791597605,-0.0006964165950194001,-0.012111257761716843
1767708923384017000,20.708016845703124,-0.005411010701209307,-0.0003379551344551146,-0.00848403200507164
1767708923394017000,20.71801708984375,-0.00177952426020056,0.0031457259319722652,-0.004614459350705147
1767708923404017000,20.728016845703124,-0.0008649947121739388,-0.005919408053159714,-0.004904477391391993
1767708923414018000,20.73801806640625,-0.0046876962296664715,0.0008285093936137855,0.0012658004416152835
1767708923424018200,20.74801806640625,-0.005259476602077484,-0.0015931029338389635,0.0007531419396400452
1767708923434018000,20.75801806640625,-0.004454935900866985,-0.0057164751924574375,-0.008443285711109638
1767708923444019200,20.768019287109375,-0.0073386067524552345,-0.014374678023159504,-0.005334311630576849
1767708923454019000,20.77801904296875,-0.007125820033252239,-0.01600639708340168,0.0037001960445195436
1767708923464019000,20.78801904296875,-0.003935885615646839,-0.021267471835017204,0.0009507485083304346
1767708923474019000,20.79801904296875,-0.001228782464750111,-0.019955597817897797,-0.0027337349019944668
1767708923484020000,20.80802001953125,-0.00015712650201749057,-0.018991533666849136,-0.0030370689928531647
1767708923494020000,20.81802001953125,-0.00216488353908062,-0.01678111031651497,-0.006061354652047157
1767708923504020000,20.82802001953125,-0.002538258908316493,-0.011345865204930305,-0.006172674708068371
1767708923514021000,20.838021240234376,-0.00330338510684669,-0.010824152268469334,-0.0033867419697344303
1767708923524021200,20.848021240234374,-0.002566488226875663,-0.011998339556157589,-0.003049319377169013
1767708923534021000,20.858021240234375,-0.005513275973498821,-0.015535283833742142,-0.006420881487429142
1767708923544021200,20.868021240234373,-0.0051960935816168785,-0.02063443884253502,-0.010612164624035358
1767708923554022100,20.878022216796875,-0.004235757514834404,-0.009697102010250092,-0.008051535114645958
1767708923564022000,20.88802197265625,-0.00532658863812685,-0.010131996124982834,-0.013406086713075638
1767708923574022100,20.898022216796875,-0.0016591493040323257,-0.012356800958514214,-0.01236612256616354
1767708923584023000,20.90802294921875,0.00031878036679700017,-0.014841530472040176,-0.010105098597705364
1767708923594023000,20.91802294921875,0.0031068436801433563,-0.021925805136561394,-0.003454652614891529
1767708923604023000,20.92802294921875,0.004481301177293062,-0.015473498031497002,0.000949150591623038
1767708923614023000,20.93802294921875,0.005644303746521473,-0.011629492044448853,-0.0023638217244297266
1767708923624024000,20.948024169921876,0.005431783385574818,-0.004761465825140476,0.002272208919748664
1767708923634024200,20.958024169921874,0.0036432044580578804,-0.0004519384237937629,-0.0002247707889182493
1767708923644024000,20.968024169921875,0.0006303702248260379,-0.00628932099789381,-0.0014660701854154468
1767708923654025000,20.97802490234375,-0.00018508969515096396,-0.0004189152386970818,0.0006151901907287538
1767708923664025000,20.988025146484375,-0.0006708502769470215,0.005163602996617556,0.0024469124618917704
1767708923674025000,20.99802490234375,0.002796319080516696,0.005677592940628529,0.006921821739524603
1767708923684026000,21.008026123046875,0.0027363980188965797,0.000023968450477696024,0.0012623383663594723
1767708923694026000,21.01802587890625,-0.0006199838826432824,-0.006551376078277826,-0.006985471583902836
1767708923704025900,21.02802587890625,-0.0016844493802636862,-0.011589543893933296,-0.012093148194253445
1767708923714026000,21.03802587890625,-0.003934554290026426,-0.016771523281931877,-0.014491857029497623
1767708923724027100,21.048027099609374,-0.005120992194861174,-0.006107160821557045,-0.012224708683788776
1767708923734027300,21.05802734375,-0.005438441410660744,-0.003628556849434972,-0.010854511521756649
1767708923744027100,21.068027099609374,-0.0028431906830519438,-0.0032959282398223877,-0.0019600866362452507
1767708923754028000,21.078028076171876,-0.0006186523241922259,-0.0029430591966956854,0.002156361471861601
1767708923764028200,21.088028076171874,0.0036133769899606705,-0.0004444815858732909,0.000806138850748539
1767708923774028000,21.098028076171875,0.0034011229872703552,-0.004532167688012123,-0.0007752461824566126
1767708923784028200,21.108028076171873,0.003379817819222808,-0.0028660940006375313,-0.0029374666046351194
1767708923794029000,21.118029052734375,-0.00043782367720268667,0.001657018787227571,-0.008465389721095562
1767708923804029000,21.12802880859375,-0.0027230822015553713,0.010396181605756283,-0.009187373332679272
1767708923814029000,21.138029052734375,-0.0026133600622415543,0.010760501958429813,-0.00487172044813633
1767708923824030200,21.1480302734375,-0.003001915058121085,0.016043148934841156,-0.0021640846971422434
1767708923834030000,21.158030029296874,-0.003043726785108447,0.018786471337080002,-0.0002388855500612408
1767708923844030200,21.1680302734375,-0.0021912488155066967,0.009786584414541721,-0.0005821670056320727
1767708923854030000,21.178030029296874,-0.0017504957504570484,-0.0031257520895451307,0.003040530951693654
1767708923864031000,21.188031005859376,-0.00005965480886516161,-0.006973753683269024,-0.0016735304379835725
1767708923874031000,21.198031005859374,-0.0006391586503013968,-0.013542707078158855,-0.008234494365751743
1767708923884031000,21.208031005859375,-0.002469549188390374,-0.019476762041449547,-0.006743922829627991
1767708923894032100,21.2180322265625,-0.0033475933596491814,-0.016982445493340492,-0.007120227441191673
1767708923904032000,21.228031982421875,-0.0033217607997357845,-0.013688115403056145,-0.00956953689455986
1767708923914031900,21.238031982421877,-0.004423776641488075,-0.007453921716660261,-0.012470518238842487
1767708923924033300,21.248033203125,-0.003172091208398342,-0.0009129316313192248,-0.015352324582636356
1767708923934033200,21.258033203125,-0.002061286708340049,0.004741491749882698,-0.014562697149813175
1767708923944033000,21.268032958984374,-0.0013145363191142678,0.004119643941521645,-0.011632953770458698
1767708923954033200,21.278033203125,-0.00024447820032946765,-0.000910268456209451,-0.004071440547704697
1767708923964034000,21.288033935546874,0.003718305379152298,-0.0036341496743261814,-0.0012189288390800357
1767708923974034200,21.2980341796875,0.0021015002857893705,-0.01022920198738575,-0.0002769687562249601
1767708923984034000,21.308033935546874,0.002412024885416031,-0.012024705298244953,-0.002983539365231991
1767708923994035000,21.318034912109376,0.0021169467363506556,-0.007493069861084223,-0.006925017572939396
1767708924004035000,21.32803515625,0.004563592839986086,-0.004661330953240395,-0.007993211969733238
1767708924014035000,21.338034912109375,0.0002716424351092428,-0.0016666061710566282,-0.010290986858308315
1767708924024035000,21.34803515625,-0.001118527608923614,0.0023041670210659504,-0.007734884973615408
1767708924034036200,21.3580361328125,-0.002590723102912307,0.004078631289303303,-0.00836845114827156
1767708924044036000,21.3680361328125,-0.0007475492893718183,0.009898170828819275,-0.010548247955739498
1767708924054036200,21.3780361328125,-0.00047883635852485895,0.004866926930844784,-0.014453507959842682
1767708924064037000,21.388037109375,-0.0005052016349509358,-0.00381471193395555,-0.008730640634894371
1767708924074037000,21.398037109375,0.00013875069271307439,-0.004210990387946367,-0.005654689855873585
1767708924084037000,21.408037109375,-0.0016010924009606242,0.00039974047103896737,-0.006535930093377829
1767708924094038000,21.4180380859375,-0.0022186795249581337,0.004111654590815306,-0.007614243775606155
1767708924104038000,21.428037841796876,-0.0016551546286791563,0.0041486723348498344,-0.008799883536994457
1767708924114038000,21.4380380859375,-0.004252535756677389,0.007120760157704353,-0.009639045223593712
1767708924124038000,21.448037841796875,-0.0031726236920803785,0.008854744024574757,-0.010931210592389107
1767708924134039000,21.4580390625,0.0004170510219410062,0.01512888539582491,-0.01537576038390398
1767708924144039200,21.4680390625,0.000031957933970261365,0.012538961134850979,-0.015664180740714073
1767708924154039000,21.4780390625,-0.0008527441532351077,0.007244597189128399,-0.012897688895463943
1767708924164040200,21.488040283203127,-0.0020695424173027277,0.004848551005125046,-0.0065678879618644714
1767708924174040000,21.4980400390625,-0.0020487697329372168,0.0073327478021383286,-0.0005510080372914672
1767708924184040200,21.508040283203126,-0.003623230615630746,0.009471000172197819,0.0003382214636076242
1767708924194040000,21.5180400390625,-0.0034384073223918676,0.006229400169104338,-0.0006556702428497374
1767708924204041000,21.528041015625,-0.002912699244916439,0.009209743700921535,-0.0031707596499472857
1767708924214041000,21.538041015625,-0.0031675638165324926,0.007492537144571543,0.0020823257509618998
1767708924224041000,21.548041015625,-0.0011491540353745222,0.007404386531561613,0.0024711471050977707
1767708924234042000,21.5580419921875,-0.0018303906545042992,0.006620352156460285,-0.0006852313526906073
1767708924244042200,21.568042236328125,0.0008037420338951051,0.01233629509806633,-0.0054482948035001755
1767708924254042000,21.5780419921875,0.0004146541759837419,0.013853231444954872,-0.007607585750520229
1767708924264042200,21.588042236328125,0.0009552759001962841,0.015331552363932133,-0.012153069488704205
1767708924274043100,21.598043212890627,-0.0011558119440451264,0.005629123654216528,-0.013317137025296688
1767708924284043000,21.60804296875,-0.003787281457334757,-0.009574863128364086,-0.01593635603785515
1767708924294043100,21.618043212890626,-0.006828611250966787,-0.023014504462480545,-0.018516426905989647
1767708924304044000,21.6280439453125,-0.006843791343271732,-0.02244618721306324,-0.017366206273436546
1767708924314044000,21.6380439453125,-0.006518086884170771,-0.018151307478547096,-0.012938168831169605
1767708924324044000,21.6480439453125,-0.005549228750169277,-0.009334379807114601,-0.008599880151450634
1767708924334045200,21.658045166015626,-0.00296329939737916,-0.0034932682756334543,-0.0057436395436525345
1767708924344045000,21.668045166015624,0.001820270554162562,-0.00021198761533014476,-0.00836978293955326
1767708924354045200,21.678045166015625,0.0029606360476464033,-0.0007225155713967979,-0.012231365777552128
1767708924364045000,21.688045166015623,0.00224930583499372,-0.007701063062995672,-0.01913134939968586
1767708924374045700,21.698045654296877,-0.00002902845517382957,-0.005320196971297264,-0.01872255466878414
1767708924384045600,21.708045654296875,-0.002005360322073102,0.001192829804494977,-0.01582024246454239
1767708924394045700,21.718045654296876,-0.0051683965139091015,0.0019952403381466866,-0.011751198209822178
1767708924404046800,21.728046875,-0.006490922532975674,0.004207261838018894,-0.009125054813921452
1767708924414046700,21.738046630859376,-0.0062941149808466434,0.003632818115875125,-0.009675797075033188
1767708924424046800,21.748046875,-0.006053365301340818,0.0009672601008787751,-0.007803328335285187
1767708924434046700,21.758046630859376,-0.0052083441987633705,-0.002514556748792529,-0.009513610042631626
1767708924444047600,21.768047607421874,-0.0067452541552484035,-0.00279125920496881,-0.01480770856142044
1767708924454047700,21.7780478515625,-0.007438208907842636,0.0007512777228839695,-0.023969514295458794
1767708924464047600,21.788047607421873,-0.009156746789813042,0.0030565098859369755,-0.03068174608051777
1767708924474048500,21.798048583984375,-0.006360427476465702,0.004342816770076752,-0.03159014880657196
1767708924484048600,21.808048583984377,-0.007518370170146227,0.004412058740854263,-0.030882015824317932
1767708924494048500,21.818048583984375,-0.003972637467086315,0.005376921966671944,-0.02562653459608555
1767708924504048600,21.828048583984376,-0.00242081331089139,0.0004037352045997977,-0.021313544362783432
1767708924514049800,21.8380498046875,0.0003347593592479825,-0.007283479440957308,-0.019589679315686226
1767708924524049700,21.848049560546876,0.0018956380663439631,-0.009100288152694702,-0.016158463433384895
1767708924534049800,21.8580498046875,0.003019491909071803,-0.008620918728411198,-0.012676646932959557
1767708924544050700,21.86805078125,0.007801730185747147,-0.011972772888839245,-0.008986304514110088
1767708924554050600,21.878050537109374,0.008697884157299995,-0.00977273564785719,-0.007833422161638737
1767708924564050700,21.88805078125,0.009662481024861336,-0.007134608458727598,-0.006057359743863344
1767708924574051600,21.898051513671874,0.010861968621611595,-0.00129695946816355,-0.006729009095579386
1767708924584051700,21.9080517578125,0.008294681087136269,0.002121474128216505,-0.008129033260047436
1767708924594051600,21.918051513671877,0.004530569538474083,0.0006082659820094705,-0.012589561752974987
1767708924604051700,21.9280517578125,0.0030575753189623356,0.00008628641808172688,-0.014426343142986298
1767708924614052900,21.938052978515625,0.003154247999191284,0.0005315669695846736,-0.01552489772439003
1767708924624052700,21.948052734375,0.003608316881582141,-0.00020746025256812572,-0.012888368219137192
1767708924634052900,21.958052978515624,0.00640916358679533,-0.00026045716367661953,-0.006903446279466152
1767708924644053800,21.9680537109375,0.008717059157788754,-0.0005430185701698065,-0.009681922383606434
1767708924654053600,21.9780537109375,0.009017730131745338,0.0018703379901126027,-0.009795372374355793
1767708924664053800,21.9880537109375,0.009506153874099255,-0.001270061475224793,-0.010025469586253166
1767708924674053600,21.9980537109375,0.008372978307306767,-0.003085005795583129,-0.011056645773351192
1767708924684054500,22.008054443359374,0.007480286993086338,-0.0027475832030177116,-0.007400924805551767
1767708924694054700,22.0180546875,0.008097341284155846,-0.003212304785847664,-0.013516874052584171
1767708924704054500,22.028054443359373,0.005981726106256247,-0.003930825740098953,-0.015361113473773003
1767708924714055700,22.0380556640625,0.0047060721553862095,-0.002374474424868822,-0.00552392890676856
1767708924724055800,22.048055908203125,0.0037880802992731333,0.00030306773260235786,-0.004957740660756826
1767708924734055700,22.0580556640625,0.005279450677335262,0.0027915253303945065,-0.012446283362805843
1767708924744055800,22.068055908203124,0.004138552118092775,0.005298625212162733,-0.014989868737757206
1767708924754056700,22.078056640625,0.003329484025016427,0.004434429574757814,-0.011590342968702316
1767708924764056600,22.088056640625,0.00410526292398572,0.0012628709664568305,-0.0070677632465958595
1767708924774056700,22.098056640625,0.002986468840390444,0.00364719913341105,-0.00842730700969696
1767708924784057600,22.1080576171875,0.004177168011665344,0.004828577395528555,-0.00851758848875761
1767708924794057700,22.1180576171875,0.0033891387283802032,0.0028812738601118326,-0.0076182386837899685
1767708924804057600,22.1280576171875,0.001790975802578032,0.001148355077020824,0.00012303804396651685
1767708924814058800,22.138058837890625,0.0014737932942807674,-0.003969441633671522,0.00729519734159112
1767708924824059000,22.148058837890623,-0.00017337177996523678,-0.0048799761570990086,0.013941648416221142
1767708924834058800,22.158058837890625,0.00008415588672505692,-0.005148955620825291,0.011997274123132229
1767708924844059000,22.168058837890626,0.0019560917280614376,-0.0015417039394378662,0.003373692510649562
1767708924854059800,22.178059814453125,0.0028133634477853775,0.0018663433147594333,0.0020783308427780867
1767708924864059600,22.1880595703125,0.0034320156555622816,0.003484213724732399,0.003963049966841936
1767708924874059800,22.198059814453124,0.0023273364640772343,-0.003967311233282089,0.0066650933586061
1767708924884060700,22.208060791015626,0.0005744438385590911,-0.01091736275702715,0.005723399575799704
1767708924894060500,22.218060546875,-0.003469299990683794,-0.01558268815279007,0.005155347287654877
1767708924904060700,22.228060791015626,-0.003174487967044115,-0.016471117734909058,-0.002522279741242528
1767708924914060500,22.238060546875,-0.004322843160480261,-0.013726198114454746,-0.0009321063989773393
1767708924924061700,22.248061767578125,0.0005826996639370918,-0.010916563682258129,0.0016029566759243608
1767708924934061800,22.258061767578123,-0.0012253203894942999,-0.005905559752136469,0.0026674221735447645
1767708924944061700,22.268061767578125,0.002743588527664542,-0.0028967203106731176,-0.002034122357144952
1767708924954062600,22.2780625,0.006828078534454107,-0.007483216468244791,-0.006602242588996887
1767708924964062700,22.288062744140625,0.007538610137999058,-0.010605240240693092,-0.003466104157269001
1767708924974062600,22.2980625,0.0067601678892970085,-0.006631537340581417,0.00033103092573583126
1767708924984063700,22.308063720703124,0.004770786967128515,-0.0031135017052292824,-0.002924949862062931
1767708924994063600,22.318063720703126,0.0032447953708469868,-0.00017843178648035973,-0.008442486636340618
1767708925004063500,22.3280634765625,0.0005779059720225632,0.0003073287953156978,-0.010978614911437035
1767708925014063600,22.338063720703126,0.002139050979167223,-0.0019084211671724916,-0.009168997406959534
1767708925024064800,22.348064697265624,0.0006636597099713981,-0.0014527543680742383,-0.007819839753210545
1767708925034065000,22.35806494140625,0.0002271676348755136,-0.002323608146980405,-0.00624165078625083
1767708925044064800,22.368064697265623,0.00140987744089216,0.001416269107721746,-0.00481419637799263
1767708925054065700,22.378065673828125,0.0015425028977915645,0.006456567905843258,-0.002380866091698408
1767708925064065800,22.388065673828127,0.000004261057711119065,0.006718622520565987,-0.004493551794439554
1767708925074065700,22.398065673828125,0.0007693872321397066,0.0052323127165436745,-0.006699181627482176
1767708925084065800,22.408065673828126,-0.0006921555614098907,0.0027305390685796738,-0.0065681543201208115
1767708925094066700,22.418066650390625,-0.0015837819082662463,0.001817873795516789,-0.007115433923900127
1767708925104066600,22.428066650390626,-0.0015970977256074548,0.003707652911543846,-0.0109855392947793
1767708925114066700,22.438066650390624,-0.004185690078884363,0.006608367897570133,-0.011297661811113358
1767708925124067800,22.44806787109375,-0.0037710361648350954,0.008729841560125351,-0.0076086511835455894
1767708925134067700,22.458067626953124,-0.004715126473456621,0.007257113698869944,-0.0016293219523504376
1767708925144067800,22.46806787109375,-0.0036828855518251657,0.0026911243330687284,0.0010902981739491224
1767708925154067700,22.478067626953123,-0.0022796657867729664,0.0004780374001711607,0.00033688987605273724
1767708925164068600,22.488068603515625,0.0004138552176300436,-0.0013608753215521574,-0.003156378399580717
1767708925174068700,22.49806884765625,-0.0002713761059567332,-0.002529470482841134,0.0007968177669681609
1767708925184068600,22.508068603515625,0.0006524744676426053,-0.0017145430902019143,-0.00033875409280881286
1767708925194069500,22.518069580078127,-0.0009914948605000973,0.001570998691022396,-0.00013555490295402706
1767708925204069600,22.528069580078125,-0.003795803524553776,0.0014692660188302398,-0.0003145193331874907
1767708925214069500,22.538069580078126,-0.002588059986010194,0.006533532869070768,-0.004479969386011362
1767708925224069600,22.548069580078124,-0.00424294825643301,0.010859837755560875,-0.010943194851279259
1767708925234070800,22.55807080078125,-0.00657694274559617,0.013004481792449951,-0.011407117359340191
1767708925244070700,22.568070556640624,-0.004956675227731466,0.011010306887328625,-0.012140818871557713
1767708925254070800,22.57807080078125,-0.004960137419402599,0.004687163513153791,-0.012106730602681637
1767708925264071700,22.58807177734375,-0.0027534421533346176,0.004220843780785799,-0.0107695572078228
1767708925274071800,22.59807177734375,-0.003462641965597868,0.001255946815945208,-0.011442271992564201
1767708925284071700,22.60807177734375,-0.003680754918605089,0.0017385114915668964,-0.012746687978506088
1767708925294072600,22.618072509765625,-0.0024112260434776545,0.0006362291751429439,-0.011394867673516273
1767708925304072700,22.62807275390625,-0.0028698223177343607,-0.0005012069013901055,-0.01158608216792345
1767708925314072600,22.638072509765625,-0.0016298545524477959,-0.006238454952836037,-0.010837467387318611
1767708925324072700,22.64807275390625,-0.002189651131629944,-0.013852166011929512,-0.012780776247382164
1767708925334073900,22.658073974609376,-0.0006151901907287538,-0.013856160454452038,-0.015470302663743496
1767708925344073700,22.66807373046875,-0.002180329989641905,-0.0029177593532949686,-0.021013671532273293
1767708925354073900,22.678073974609376,-0.0063798688352108,0.006220878101885319,-0.01564420759677887
1767708925364074800,22.68807470703125,-0.006281331647187471,0.0022301310673356056,-0.011114436201751232
1767708925374075600,22.69807568359375,-0.005578523501753807,-0.003567304229363799,-0.00678307143971324
1767708925384075500,22.708075439453125,-0.006615558639168739,-0.006572415120899677,-0.005329784471541643
1767708925394075600,22.71807568359375,-0.004218180663883686,-0.011477159336209297,-0.003626959165558219
1767708925404076500,22.72807666015625,-0.0029827402904629707,-0.01672491803765297,0.004544950556010008
1767708925414077000,22.738076904296875,0.0029553098138421774,-0.016162725165486336,0.00854581780731678
1767708925424076800,22.748076904296877,0.0022775353863835335,-0.02135349251329899,0.018139323219656944
1767708925434077700,22.75807763671875,0.0015536881983280182,-0.02196015976369381,0.021809957921504974
1767708925444077800,22.768077880859376,0.002496713539585471,-0.025041703134775162,0.015469503588974476
1767708925454077700,22.77807763671875,0.00242081331089139,-0.022407570853829384,0.013912620022892952
1767708925464077800,22.788077880859376,0.003103115363046527,-0.012375176884233952,0.014958709478378296
1767708925474078700,22.79807861328125,0.0020642161834985018,-0.01071176677942276,0.017189638689160347
1767708925484078600,22.80807861328125,-0.0019262643763795495,-0.014190653339028358,0.017907360568642616
1767708925494078700,22.81807861328125,-0.004995823837816715,-0.01793559081852436,0.015924371778964996
1767708925504079600,22.82807958984375,-0.007424360606819391,-0.01744663529098034,0.00830693170428276
1767708925514079500,22.83807958984375,-0.009764746762812138,-0.013567473739385605,0.0008932242053560913
1767708925524079900,22.848079833984375,-0.00878869742155075,-0.006458431947976351,0.0012863067677244544
1767708925534080800,22.858080810546873,-0.007121559232473373,-0.0007981493836268783,0.0031044469214975834
1767708925544080600,22.86808056640625,-0.0046693203039467335,0.001663144095800817,0.005531918257474899
1767708925554080800,22.878080810546876,-0.005570534151047468,-0.005998237524181604,0.01002413872629404
1767708925564080600,22.88808056640625,-0.004449609667062759,-0.014229802414774895,0.009985788725316525
1767708925574081500,22.89808154296875,-0.00484189298003912,-0.015363509766757488,0.011441472917795181
1767708925584081700,22.90808154296875,-0.0070371367037296295,-0.011389008723199368,0.012767992913722992
1767708925594081500,22.91808154296875,-0.008986570872366428,-0.006228334736078978,0.010773018933832645
1767708925604082700,22.928082763671874,-0.009045959450304508,-0.007715177722275257,0.010586597956717014
1767708925614082600,22.93808251953125,-0.011120561510324478,-0.007967911660671234,0.013500895351171494
1767708925624082700,22.948082763671874,-0.0073109096847474575,-0.005059739574790001,0.01426149345934391
1767708925634082800,22.958082763671875,-0.006557235028594732,-0.00022556974727194756,0.009759154170751572
1767708925644083700,22.968083740234373,-0.0046243127435445786,0.0015592807903885841,0.007988683879375458
1767708925654083800,22.978083740234375,-0.006351905409246683,0.007099454756826162,0.005139101762324572
1767708925664083700,22.988083740234377,-0.0073234266601502895,0.007586546707898378,-0.0007076018955558538
1767708925674084600,22.998084716796875,-0.010491789318621159,0.008928247727453709,-0.00965795386582613
1767708925684084700,23.008084716796876,-0.01254269015043974,0.014371749013662338,-0.014385596849024296
1767708925694084600,23.018084716796874,-0.01110671367496252,0.01673423871397972,-0.014577611349523067
1767708925704085500,23.02808544921875,-0.012767726555466652,0.016518522053956985,-0.01594487763941288
1767708925714085600,23.038085693359374,-0.011326423846185207,0.018488995730876923,-0.017835456877946854
1767708925724085800,23.048085693359376,-0.01224441546946764,0.020240556448698044,-0.023443806916475296
1767708925734086000,23.0580859375,-0.013293168507516384,0.023496802896261215,-0.027959195896983147
1767708925744086800,23.068086669921875,-0.011750399135053158,0.021401695907115936,-0.025110412389039993
1767708925754086700,23.078086669921873,-0.010144246742129326,0.015967248007655144,-0.02262754738330841
1767708925764086800,23.088086669921875,-0.00785818975418806,0.008926915936172009,-0.019413111731410027
1767708925774087700,23.098087646484377,-0.006740993354469538,0.0020730046089738607,-0.01907196082174778
1767708925784087600,23.108087646484375,-0.006741259712725878,0.0009211873984895647,-0.018081266433000565
1767708925794087700,23.118087646484376,-0.007684551179409027,0.002730805426836014,-0.0195515975356102
1767708925804087600,23.128087646484374,-0.008262723684310913,0.005906624719500542,-0.027060380205512047
1767708925814088700,23.138088623046876,-0.009732255712151527,0.00705711031332612,-0.03207191452383995
1767708925824088600,23.148088623046874,-0.011443602852523327,0.010793259367346764,-0.03133049234747887
1767708925834088700,23.158088623046876,-0.010391920804977417,0.018991000950336456,-0.03165379911661148
1767708925844089900,23.16808984375,-0.008589226752519608,0.02226828783750534,-0.028677716851234436
1767708925854089700,23.17808984375,-0.005842442624270916,0.02383742295205593,-0.024440094828605652
1767708925864089600,23.188089599609373,-0.004099936690181494,0.02028796076774597,-0.025053154677152634
1767708925874089700,23.19808984375,-0.0027893949300050735,0.017139306291937828,-0.022360699251294136
1767708925884090600,23.208090576171877,-0.0008122641011141241,0.014026602730154991,-0.01936810463666916
1767708925894090800,23.2180908203125,-0.00030413299100473523,0.01284815464168787,-0.020379306748509407
1767708925904090600,23.228090576171876,-0.0017329188995063305,0.007450459524989128,-0.021456556394696236
1767708925914091500,23.238091552734375,-0.0006838997360318899,0.008334895595908165,-0.020983578637242317
1767708925924091600,23.248091552734376,-0.004096208140254021,0.013175989501178265,-0.01918887533247471
1767708925934091800,23.258091796875,-0.0026045716367661953,0.017114005982875824,-0.019949739798903465
1767708925944092700,23.2680927734375,-0.004165716469287872,0.02136947028338909,-0.01515897922217846
1767708925954092800,23.2780927734375,-0.0034442662727087736,0.023388147354125977,-0.01841522566974163
1767708925964092700,23.2880927734375,-0.0010181264951825142,0.009207346476614475,-0.018984876573085785
1767708925974092800,23.2980927734375,-0.00009134642459684983,0.01079725380986929,-0.010413758456707
1767708925984093700,23.30809375,0.001817341079004109,0.021890118718147278,-0.013962420634925365
1767708925994093600,23.318093505859373,0.0007717840489931405,0.015188007615506649,-0.012804744765162468
1767708926004093700,23.32809375,0.00301762786693871,0.01913774199783802,-0.009210010059177876
1767708926014094600,23.338094482421877,0.002734533743932843,0.0205145962536335,-0.011463576927781105
1767708926024094500,23.348094482421875,0.0032354744616895914,0.017115071415901184,-0.01275734044611454
1767708926034094600,23.358094482421876,0.002281530061736703,0.016338227316737175,-0.01612544059753418
1767708926044094700,23.3680947265625,0.0023459785152226686,0.019954001531004906,-0.01811029389500618
1767708926054096000,23.378095947265624,0.004706338047981262,0.025913355872035027,-0.015075888484716415
1767708926064095700,23.388095703125,0.0076035913079977036,0.0292377807199955,-0.013830594718456268
1767708926074095600,23.398095703125,0.006725280545651913,0.023507989943027496,-0.017591776326298714
1767708926084096800,23.4080966796875,0.007369499187916517,0.019224029034376144,-0.01787780039012432
1767708926094096600,23.4180966796875,0.0060030315071344376,0.013059609569609165,-0.010369816794991493
1767708926104096800,23.4280966796875,0.0030839405953884125,0.01056236308068037,-0.024744760245084763
1767708926114097700,23.43809765625,0.004070375580340624,0.01962004043161869,-0.02780499868094921
1767708926124097500,23.44809765625,0.0046360306441783905,0.025227591395378113,-0.023549534380435944
1767708926134097700,23.45809765625,0.004554538056254387,0.01944320648908615,-0.017300426959991455
1767708926144097800,23.468097900390624,0.006084257736802101,0.01829405315220356,-0.019702864810824394
1767708926154098700,23.4780986328125,0.008041414432227612,0.026991937309503555,-0.018072742968797684
1767708926164098800,23.488098876953124,0.010882741771638393,0.032642632722854614,-0.013737649656832218
1767708926174098700,23.4980986328125,0.011313906870782375,0.03368126600980759,-0.014260162599384785
1767708926184099600,23.508099609375,0.01130751520395279,0.038963910192251205,-0.018193650990724564
1767708926194099700,23.518099609375,0.009161540307104588,0.03712766245007515,-0.024947427213191986
1767708926204099600,23.528099609375,0.006874950136989355,0.03544560819864273,-0.022010760381817818
1767708926214099700,23.538099609375,0.003656253917142749,0.03305142745375633,-0.01671932451426983
1767708926224100600,23.5481005859375,0.0035337484441697598,0.029825540259480476,-0.01372460089623928
1767708926234100500,23.5581005859375,0.005304484162479639,0.03056829608976841,-0.013373595662415028
1767708926244100600,23.5681005859375,0.0051681301556527615,0.028206337243318558,-0.01245400682091713
1767708926254101800,23.578101806640625,0.007830758579075336,0.028546156361699104,-0.015452992171049118
1767708926264101600,23.5881015625,0.0112236263230443,0.02768142893910408,-0.01865837350487709
1767708926274101800,23.598101806640624,0.01056023221462965,0.02731630951166153,-0.01847381517291069
1767708926284101600,23.6081015625,0.012396481819450855,0.033677536994218826,-0.016029300168156624
1767708926294102800,23.618102783203124,0.01176051888614893,0.038121286779642105,-0.015304121188819408
1767708926304102700,23.6281025390625,0.008164453320205212,0.03887283056974411,-0.024091754108667374
1767708926314102500,23.6381025390625,0.00361683894880116,0.0344700925052166,-0.02875787764787674
1767708926324103700,23.648103759765625,-0.0003709783486556262,0.029936859384179115,-0.026522420346736908
1767708926334103600,23.658103515625,0.00043356261448934674,0.03123861365020275,-0.021393172442913055
1767708926344103700,23.668103759765625,-0.0018471685471013188,0.032172318547964096,-0.017481256276369095
1767708926354104800,23.678104736328127,0.00017204020696226507,0.03635933995246887,-0.01732839085161686
1767708926364104700,23.688104736328125,0.0018993664998561144,0.03557397425174713,-0.016209596768021584
1767708926374104000,23.69810400390625,0.003207244910299778,0.036192625761032104,-0.006405435036867857
1767708926384104000,23.70810400390625,0.004927114117890596,0.030407439917325974,0.0002711098059080541
1767708926394104800,23.718104736328126,0.004513525404036045,0.02618446573615074,-0.001282045734114945
1767708926404105000,23.72810498046875,0.005495699122548103,0.025053953751921654,-0.0019896477460861206
1767708926414105000,23.73810498046875,0.003157177474349737,0.022293588146567345,-0.0054735951125621796
1767708926424106200,23.748106201171876,0.004566255956888199,0.017250359058380127,-0.003681021276861429
1767708926434106000,23.758106201171874,0.0041132522746920586,0.01398452464491129,0.0022205437999218702
1767708926444106000,23.76810595703125,0.0006559365428984165,0.012382900342345238,0.006658968050032854
1767708926454106000,23.778106201171877,-0.0014183996245265007,0.009489641524851322,0.005144428461790085
1767708926464107000,23.78810693359375,-0.0020213392563164234,0.011345865204930305,0.003841343568637967
1767708926474107100,23.798107177734376,-0.0024650217965245247,0.01509852521121502,0.006588127929717302
1767708926484107000,23.80810693359375,-0.00023808660625945777,0.013653228059411049,0.020927919074892998
1767708926494108000,23.81810791015625,0.00133850472047925,0.01503807120025158,0.02178572304546833
1767708926504108000,23.82810791015625,0.004724713973701,0.014174141921103,0.025053687393665314
1767708926514108200,23.838108154296876,0.005376123357564211,0.009019860066473484,0.023937024176120758
1767708926524109000,23.848109130859374,0.006872553378343582,0.008154332637786865,0.019363312050700188
1767708926534109200,23.858109130859376,0.006806507240980864,0.013609818182885647,0.015920376405119896
1767708926544109000,23.868109130859374,0.007231281138956547,0.01696966215968132,0.015205850824713707
1767708926554109200,23.878109130859375,0.0051681301556527615,0.01822427660226822,0.012055597268044949
1767708926564110000,23.888110107421873,0.0016437029698863626,0.019782759249210358,0.009762349538505077
1767708926574110000,23.89810986328125,0.0015712650492787361,0.01859845221042633,0.008745821192860603
1767708926584110000,23.908110107421876,0.002895655110478401,0.019106050953269005,0.012343218550086021
1767708926594111000,23.918111083984375,0.004441619850695133,0.02328241989016533,0.01124999113380909
1767708926604110800,23.92811083984375,0.0051742554642260075,0.024658741429448128,0.011351990513503551
1767708926614111000,23.938111083984374,0.006879211403429508,0.0236443430185318,0.013146694749593735
1767708926624112000,23.948112060546876,0.006702111102640629,0.02605397067964077,0.01299303025007248
1767708926634112000,23.958112060546874,0.006389988586306572,0.02725106105208397,0.014786402694880962
1767708926644112100,23.968112060546876,0.005600095260888338,0.025404425337910652,0.014799985103309155
1767708926654112000,23.978112060546874,0.006067746318876743,0.03368658944964409,0.008490423671901226
1767708926664113200,23.988113037109375,0.006339122075587511,0.0486982986330986,0.0021547635551542044
1767708926674113000,23.998113037109373,0.0070552462711930275,0.054310109466314316,0.0026551715563982725
1767708926684113200,24.008113037109375,0.007678958587348461,0.04869456961750984,0.005539641249924898
1767708926694114000,24.018114013671877,0.0019033611752092838,0.030888672918081284,0.005959089379757643
1767708926704114000,24.028114013671875,-0.0029049760196357965,0.013964817859232426,0.0027337349019944668
1767708926714114000,24.038114013671876,-0.007032875902950764,0.005505020264536142,-0.0036368127912282944
1767708926724114200,24.0481142578125,-0.009198292158544064,0.0017512947088107467,-0.003197923768311739
1767708926734115000,24.058114990234376,-0.00911679957062006,-0.00686190091073513,0.002805373864248395
1767708926744115200,24.068115234375,-0.006048038601875305,-0.008171643130481243,0.010863566771149635
1767708926754115000,24.078114990234376,-0.0035172367934137583,-0.009280583821237087,0.0187811441719532
1767708926764116000,24.088115966796874,0.00045087316539138556,-0.005387308541685343,0.01708737388253212
1767708926774116000,24.0981162109375,0.002039981307461858,-0.0004450142150744796,0.01685727760195732
1767708926784116000,24.108115966796873,0.0004293015517760068,0.006656038574874401,0.014943529851734638
1767708926794116900,24.118116943359375,-0.003028813051059842,0.014327273704111576,0.01787061057984829
1767708926804117000,24.128116943359377,-0.00469541922211647,0.018459169194102287,0.018019746989011765
1767708926814116900,24.138116943359375,-0.007472297176718712,0.017857028171420097,0.01184866949915886
1767708926824117200,24.1481171875,-0.007635549176484346,0.009103483520448208,0.004435494542121887
1767708926834118100,24.1581181640625,-0.005547364708036184,0.00621182331815362,0.0014644722687080503
1767708926844118000,24.168117919921876,-0.003745469730347395,0.0054339137859642506,0.004325239919126034
1767708926854118100,24.1781181640625,-0.0041305627673864365,0.006657636258751154,0.002365685999393463
1767708926864119000,24.188119140625,-0.0064776064828038216,0.009769273921847343,-0.002841326640918851
1767708926874119200,24.198119140625,-0.006970291491597891,0.009371663443744183,-0.004208060912787914
1767708926884119000,24.208119140625,-0.008170312270522118,0.00791704561561346,-0.001549959764815867
1767708926894119000,24.218118896484373,-0.007224623579531908,0.005995308049023151,-0.0029430591966956854
1767708926904120000,24.2281201171875,-0.00570049649104476,0.010192450135946274,-0.005375057924538851
1767708926914120000,24.238119873046877,-0.00544430036097765,0.006758037488907576,-0.0041010016575455666
1767708926924120000,24.2481201171875,-0.01678084395825863,0.008678709156811237,-0.001374457380734384
1767708926934121200,24.258121337890625,-0.01763278990983963,0.019762519747018814,-0.001392300589941442
1767708926944121000,24.26812109375,-0.011406052857637405,0.007388141471892595,-0.000940095866099
1767708926954121200,24.278121337890624,-0.014822621829807758,0.011888617649674416,-0.0016042882343754172
1767708926964122000,24.2881220703125,-0.014827948063611984,0.006746053230017424,-0.010011621750891209
1767708926974122000,24.2981220703125,-0.007541539613157511,0.0020240023732185364,-0.00027510453946888447
1767708926984122000,24.3081220703125,-0.006019809283316135,0.0036330842413008213,0.005602758377790451
1767708926994122000,24.3181220703125,-0.007388407830148935,0.000791491474956274,0.01176557969301939
1767708927004123000,24.328122802734374,0.00036964676110073924,-0.0011771172285079956,0.006105829495936632
1767708927014123000,24.338123046875,0.00026285400963388383,-0.008913333527743816,0.005675196181982756
1767708927024123000,24.348122802734373,0.0008990831556729972,-0.012024438939988613,0.005131911486387253
1767708927034124000,24.3581240234375,-0.00036964676110073924,-0.012622584588825703,0.0017893778858706355
1767708927044124200,24.368124267578125,-0.0007526093395426869,-0.013030847534537315,-0.002156095113605261
1767708927054124000,24.3781240234375,-0.001279116258956492,-0.009771670214831829,-0.006432066671550274
1767708927064124200,24.388124267578124,0.00009427589975530282,-0.0028884646017104387,-0.006944458931684494
1767708927074125000,24.398125,0.000570981705095619,-0.0005502090789377689,-0.0019185412675142288
1767708927084125000,24.408125,0.00039175100391730666,-0.00785792339593172,-0.00034940673504024744
1767708927094125000,24.418125,0.00043888893560506403,-0.00948245171457529,-0.002034655073657632
1767708927104126000,24.4281259765625,0.0020096213556826115,-0.0043619913049042225,-0.000176301269675605
1767708927114126000,24.4381259765625,0.0033401367254555225,-0.004707669839262962,0.0008620652370154858
1767708927124126000,24.4481259765625,0.0032296155113726854,-0.003138801548629999,0.005028314422816038
1767708927134127000,24.458127197265625,0.0007137271459214389,-0.0070366039872169495,0.0020482372492551804
1767708927144127200,24.468127197265623,0.0002998719282913953,0.0013486248208209872,0.010749050416052341
1767708927154127000,24.478127197265625,-0.001139033935032785,0.0024029703345149755,0.008386560715734959
1767708927164127200,24.488127197265626,-0.00180881901178509,-0.002767024328932166,0.007271495182067156
1767708927174128000,24.498128173828125,-0.0028727517928928137,-0.003808320267125964,0.006454969756305218
1767708927184128000,24.5081279296875,-0.0002846919232979417,0.005183043889701366,0.0028519791085273027
1767708927194128100,24.518128173828124,0.008212389424443245,0.013509416952729225,0.0019449065439403057
1767708927204129000,24.52812890625,0.0049071405082941055,0.01938062161207199,-0.0006522081675939262
1767708927214129000,24.53812890625,0.004626177251338959,0.0067575047723948956,0.0023877902422100306
1767708927224129000,24.54812890625,0.0011440940434113145,0.0009653958841226995,0.01113387756049633
1767708927234129000,24.55812890625,0.0014594122767448425,-0.00245143985375762,0.006864031311124563
1767708927244130000,24.568130126953125,-0.0002767024270724505,-0.00031425300403498113,-0.0023214775137603283
1767708927254130200,24.578130126953123,-0.00035446672700345516,0.006191316992044449,-0.004945223685353994
1767708927264130000,24.588130126953125,0.0018162758788093925,0.003916977439075708,-0.0006956176948733628
1767708927274131000,24.598130859375,0.0033747577108442783,0.003652791725471616,-0.0028250813484191895
1767708927284131000,24.608131103515625,0.0006048039067536592,-0.005073588341474533,-0.0031784826423972845
1767708927294131000,24.618130859375,-0.004197141621261835,-0.01185106672346592,-0.0072930664755403996
1767708927304132000,24.628132080078124,-0.005974003113806248,-0.012577843852341175,-0.012164254672825336
1767708927314132000,24.638132080078126,-0.0076153092086315155,-0.01537815760821104,-0.010452641174197197
1767708927324131800,24.6481318359375,-0.004508465528488159,-0.013581855222582817,-0.00672155199572444
1767708927334132000,24.658132080078126,-0.0011414308100938797,-0.009091765619814396,-0.003078347770497203
1767708927344133000,24.668133056640624,0.0035776905715465546,-0.004060255363583565,0.0025331987999379635
1767708927354133200,24.67813330078125,0.005081577692180872,-0.006591323763132095,0.004240285139530897
1767708927364133000,24.688133056640623,0.012340023182332516,0.0002942793071269989,0.006549512036144733
1767708927374134500,24.698134521484373,-0.003952131140977144,-0.00315930787473917,0.003940146882086992
1767708927384134700,24.708134765625,-0.0017323862994089723,0.004508731886744499,-0.000013315805517777335
1767708927394134500,24.718134521484377,-0.006679208017885685,0.008744489401578903,-0.006918360013514757
1767708927404135400,24.728135498046875,-0.007363640237599611,0.009163937531411648,-0.0034266894217580557
1767708927414135600,24.738135498046876,-0.008226504549384117,0.008756740018725395,-0.004186489153653383
1767708927424135400,24.748135498046874,-0.0054155378602445126,0.007695736363530159,0.00017230652156285942
1767708927434135600,24.758135498046876,-0.0019688750617206097,0.0026130937039852142,0.0009068063227459788
1767708927444136400,24.768136474609374,-0.0016674051294103265,0.0002798982313834131,0.003582750679925084
1767708927454136300,24.77813623046875,-0.000969656917732209,0.0009534116834402084,0.006070409435778856
1767708927464136400,24.788136474609374,-0.00010386328358436003,0.006369215901941061,0.0025510420091450214
1767708927474137600,24.7981376953125,0.0006170544074848294,0.013139504007995129,-0.007710916455835104
1767708927484137500,24.808137451171874,-0.0010037453612312675,0.012018313631415367,-0.011856392957270145
1767708927494137600,24.8181376953125,-0.0024916534312069416,0.011001517996191978,-0.013323795050382614
1767708927504137500,24.828137451171877,-0.0018780612153932452,0.0093892402946949,-0.0156474020332098
1767708927514138400,24.838138427734375,-0.004602208733558655,0.00612367270514369,-0.012543488293886185
1767708927524138500,24.848138427734376,-0.00478410255163908,0.004811266902834177,-0.006582801695913076
1767708927534138400,24.858138427734374,0.000565389113035053,0.009735718369483948,-0.007162838242948055
1767708927544139300,24.86813916015625,-0.008810802362859249,0.008593488484621048,0.004579039290547371
1767708927554139400,24.878139404296874,-0.005888249259442091,0.0028937908355146646,0.001970472978428006
1767708927564139300,24.88813916015625,-0.008315720595419407,-0.00024288028362207115,0.004548945464193821
1767708927574139400,24.898139404296874,-0.003245061729103327,-0.005592105444520712,0.003108974313363433
1767708927584140500,24.908140625,-0.0049705239944159985,-0.011624432168900967,-0.0041033984161913395
1767708927594140400,24.918140380859374,-0.0043803672306239605,-0.014081730507314205,-0.009588445536792278
1767708927604140500,24.928140625,-0.0062248725444078445,-0.010987670160830021,-0.015539544634521008
1767708927614141400,24.938141357421873,-0.008284561336040497,-0.012916863895952702,-0.01684502698481083
1767708927624141600,24.9481416015625,-0.00827683787792921,-0.01107315719127655,-0.016165386885404587
1767708927634141400,24.958141357421876,-0.011237740516662598,-0.008530370891094208,-0.015785621479153633
1767708927644142300,24.968142333984375,-0.011113637126982212,-0.004662395920604467,-0.014692925848066807
1767708927654142500,24.978142578125,-0.012180233374238014,-0.006797985173761845,-0.01450117863714695
1767708927664142300,24.988142333984374,-0.00965529028326273,-0.006843791343271732,-0.015570970252156258
1767708927674142500,24.998142578125,-0.008462727069854736,-0.0111634386703372,-0.011680091731250286
1767708927684143600,25.0081435546875,-0.007879761047661304,-0.01618482917547226,-0.009945308789610863
1767708927694143500,25.0181435546875,-0.00890720821917057,-0.014357633888721466,-0.007836351171135902
1767708927704143600,25.0281435546875,-0.010538927279412746,-0.010427873581647873,-0.007053382229059935
1767708927714144500,25.03814453125,-0.011057178489863873,-0.008393218740820885,-0.005209941882640123
1767708927724144400,25.048144287109373,-0.010280068032443523,-0.005270129535347223,-0.0019656792283058167
1767708927734144500,25.05814453125,-0.01196957752108574,-0.004058391321450472,-0.002350239548832178
1767708927744145400,25.0681455078125,-0.012663064524531364,-0.003579288488253951,-0.0034346787724643946
1767708927754145300,25.078145263671875,-0.013333382084965706,-0.0009177253232337534,-0.0018636800814419985
1767708927764145400,25.0881455078125,-0.012238822877407074,0.000434361572843045,-0.001303084660321474
1767708927774145300,25.098145263671874,-0.013018596917390823,-0.0019001654582098126,-0.006943393498659134
1767708927784146400,25.108146484375,-0.013918745331466198,-0.0036195022985339165,-0.007214237004518509
1767708927794146600,25.118146484375,-0.013568272814154625,-0.010283263400197029,-0.0025129588320851326
1767708927804146400,25.128146484375,-0.014401043765246868,-0.011117099784314632,0.0014327806420624256
1767708927814147600,25.138147705078126,-0.011180749163031578,-0.01582583412528038,-0.0004471447318792343
1767708927824147500,25.1481474609375,-0.008725048042833805,-0.014989336021244526,-0.0026589001063257456
1767708927834147300,25.158147216796873,-0.007002249360084534,-0.008705074898898602,-0.007796670310199261
1767708927844147500,25.1681474609375,-0.001942776027135551,-0.001582982949912548,-0.01113307848572731
1767708927854148400,25.1781484375,0.0012572783743962646,0.0002812298189383,-0.004867193289101124
1767708927864148500,25.1881484375,-0.0017092167399823666,-0.004947354551404715,-0.001752093667164445
1767708927874148400,25.1981484375,-0.004322310443967581,-0.013970943167805672,-0.004780107643455267
1767708927884149500,25.2081494140625,-0.010790063068270683,-0.015294267795979977,-0.007485346868634224
1767708927894149600,25.218149658203124,-0.0046698530204594135,-0.0179331935942173,-0.014392521232366562
1767708927904149500,25.2281494140625,-0.00301762786693871,-0.002840527566149831,-0.011091000400483608
1767708927914150400,25.238150390625,-0.006795587949454784,-0.01164547074586153,-0.004659466445446014
1767708927924150500,25.248150634765626,-0.00375958438962698,-0.016920659691095352,0.00199284334667027
1767708927934150400,25.258150390625,-0.0021523667965084314,-0.016628777608275414,-0.0019502328941598535
1767708927944150500,25.268150634765625,-0.0015190670965239406,-0.016538497060537338,-0.011641476303339005
1767708927954151400,25.2781513671875,0.00005885586142539978,-0.01902003027498722,-0.013050021603703499
1767708927964151300,25.2881513671875,0.0006415555253624916,-0.013273460790514946,-0.013981062918901443
1767708927974151400,25.2981513671875,-0.002354234457015991,-0.010216152295470238,-0.009837716817855835
1767708927984152600,25.308152587890625,-0.0032866070978343487,-0.0076059880666434765,-0.0068152956664562225
1767708927994152400,25.31815234375,-0.004023769870400429,-0.0059835901483893394,-0.004542021080851555
1767708928004152600,25.328152587890624,-0.0008969526388682425,-0.0006319681415334344,-0.005504753906279802
1767708928014153500,25.338153564453126,0.00033902039285749197,0.0012093414552509785,-0.004861334338784218
1767708928024153300,25.3481533203125,0.0008676578872837126,-0.0028269453905522823,-0.004417917691171169
1767708928034153500,25.358153564453126,0.00041332258842885494,-0.005149221979081631,-0.005381982307881117
1767708928044153300,25.3681533203125,-0.0019172097090631723,-0.005381982307881117,-0.006925283931195736
1767708928054154500,25.378154541015626,-0.0039145806804299355,-0.0028360001742839813,-0.007690942846238613
1767708928064154400,25.388154296875,-0.0060083577409386635,0.0003028014034498483,-0.006470948923379183
1767708928074154500,25.398154541015625,-0.006196909584105015,0.0024804682470858097,-0.006706638727337122
1767708928084155400,25.4081552734375,-0.006136455573141575,0.0030154972337186337,-0.004059456288814545
1767708928094155500,25.418155517578125,-0.005566272884607315,-0.0017230651574209332,-0.002659698948264122
1767708928104155600,25.42815576171875,-0.005204082932323217,-0.003099919529631734,0.0026442527305334806
1767708928114156500,25.438156494140625,-0.0034288198221474886,-0.00003062635369133204,0.007790278643369675
1767708928124156400,25.448156494140626,-0.002877012826502323,0.0016322514275088906,0.00836925022304058
1767708928134156500,25.458156494140624,-0.0025840650778263807,0.002936401404440403,0.012208462692797184
1767708928144156400,25.468156494140626,-0.0012112056137993932,0.00253532943315804,0.0131522873416543
1767708928154157300,25.4781572265625,-0.0032929987646639347,0.0008815063047222793,0.013974671252071857
1767708928164157400,25.488157470703126,-0.0014682007022202015,-0.0024596955627202988,0.01116317231208086
1767708928174157300,25.4981572265625,0.0006215817993506789,-0.009333847090601921,0.006490922532975674
1767708928184158200,25.508158203125,-0.0024493092205375433,-0.001787779969163239,0.012220180593430996
1767708928194158600,25.51815869140625,-0.0010298443958163261,0.00001704423084447626,0.003412840887904167
1767708928204158500,25.528158447265625,0.0011339739430695772,-0.006356965284794569,0.0020157466642558575
1767708928214158600,25.53815869140625,-0.00039947417099028826,-0.008332764729857445,-0.00264798104763031
1767708928224159500,25.548159423828125,-0.0021137509029358625,-0.006428338121622801,-0.008009723387658596
1767708928234159400,25.558159423828126,-0.0031015174463391304,-0.0067750816233456135,-0.006170277949422598
1767708928244159500,25.568159423828124,-0.00436012726277113,-0.005934321787208319,-0.007162039168179035
1767708928254160400,25.578160400390626,-0.003227218519896269,-0.0043870252557098866,-0.003641073824837804
1767708928264160500,25.588160400390624,-0.0037819549906998873,-0.003096190979704261,-0.002201369032263756
1767708928274160400,25.598160400390626,-0.002590723102912307,-0.002609365154057741,-0.0008295746520161629
1767708928284161300,25.608161376953124,-0.005299424286931753,-0.002882871776819229,-0.0015848471084609628
1767708928294161700,25.61816162109375,-0.003463441040366888,-0.00401578051969409,-0.003611512714996934
1767708928304161500,25.62816162109375,-0.003963849041610956,-0.004593153949826956,-0.005074919667094946
1767708928314161700,25.63816162109375,-0.0030242856591939926,-0.008225172758102417,-0.004584898240864277
1767708928324162600,25.64816259765625,-0.00293293921276927,-0.0073194317519664764,-0.003930559381842613
1767708928334162400,25.658162353515625,-0.004637628793716431,-0.006444317288696766,-0.002005626680329442
1767708928344162600,25.66816259765625,-0.005595833994448185,-0.004285026341676712,0.0009233179152943194
1767708928354163500,25.67816357421875,-0.005826730281114578,-0.00044767739018425345,0.0020359866321086884
1767708928364163300,25.688163330078126,-0.004761998075991869,0.0015744607662782073,0.004727643448859453
1767708928374163500,25.69816357421875,-0.006341785658150911,-0.0013259878614917397,0.004733236040920019
1767708928384164400,25.708164306640626,-0.007742075715214014,-0.002953978255391121,0.007387342397123575
1767708928394164200,25.718164306640624,-0.006589991971850395,-0.003955593332648277,0.0070555126294493675
1767708928404164600,25.72816455078125,-0.00694818701595068,-0.002189384773373604,0.004086620640009642
1767708928414164500,25.73816455078125,-0.006208893842995167,-0.0030538467690348625,0.002567820018157363
1767708928424165400,25.748165283203125,-0.0031318773981183767,0.0005893575726076961,0.00015952334797475487
1767708928434165500,25.75816552734375,0.000051399008953012526,0.002487658755853772,-0.0025033713318407536
1767708928444165400,25.768165283203125,-0.00035899411886930466,0.0025893915444612503,-0.0011086739832535386
1767708928454166500,25.77816650390625,-0.005349225364625454,-0.004150802735239267,0.003094060579314828
1767708928464166400,25.78816650390625,-0.008856874890625477,-0.006511695217341185,-0.0046607982367277145
1767708928474166300,25.798166259765626,-0.011687815189361572,-0.003132942598313093,-0.011383149772882462
1767708928484167400,25.80816748046875,-0.012411928735673428,-0.0037792918737977743,-0.009100021794438362
1767708928494167300,25.818167236328126,-0.009672867134213448,-0.005802495405077934,-0.008535963483154774
1767708928504167700,25.828167724609376,-0.00737189594656229,-0.008656072430312634,-0.00481313094496727
1767708928514167600,25.83816748046875,-0.005425391718745232,-0.011956794187426567,0.0006072007236070931
1767708928524168400,25.84816845703125,-0.0006838997360318899,-0.011058243922889233,0.0014407701091840863
1767708928534168600,25.85816845703125,-0.0010604707058519125,-0.009283512830734253,-0.0032927324064075947
1767708928544168400,25.86816845703125,-0.002948652021586895,-0.003893541404977441,0.000642354425508529
1767708928554169300,25.87816943359375,-0.004533765371888876,-0.0026205505710095167,0.0010495517635717988
1767708928564169500,25.88816943359375,-0.006645918358117342,-0.00020666129421442747,0.001398425898514688
1767708928574169300,25.89816943359375,-0.004679972771555185,-0.0013872405979782343,0.001118527608923614
1767708928584169500,25.90816943359375,-0.005782521795481443,-0.0064962487667799,-0.0015960324089974165
1767708928594170400,25.91817041015625,-0.0027276095934212208,-0.0074605792760849,-0.0040975394658744335
1767708928604170200,25.928170166015626,-0.0025718146935105324,-0.008617723360657692,-0.008008391596376896
1767708928614170600,25.938170654296876,-0.0029225528705865145,-0.009651562198996544,-0.007423028815537691
1767708928624171500,25.948171630859374,-0.0033507891930639744,-0.007713579572737217,-0.008204933255910873
1767708928634171400,25.95817138671875,-0.004974518436938524,-0.009279518388211727,-0.009157279506325722
1767708928644171500,25.968171630859374,-0.006420881487429142,-0.007684817537665367,-0.006179332733154297
1767708928654172400,25.97817236328125,-0.004969991277903318,-0.006718356627970934,-0.010232663713395596
1767708928664172300,25.98817236328125,-0.004060255363583565,-0.0038448055274784565,-0.01477468479424715
1767708928674172400,25.99817236328125,-0.005197957623749971,-0.006006493698805571,-0.013351758010685444
1767708928684172300,26.00817236328125,-0.0038480013608932495,-0.0031529164407402277,-0.008688030764460564
1767708928694173400,26.01817333984375,-0.0023369237314909697,-0.0004487426485866308,-0.006584133021533489
1767708928704173300,26.02817333984375,-0.0014088122406974435,0.0003475425182841718,-0.005619269795715809
1767708928714173400,26.03817333984375,-0.0020841897930949926,0.0027196200098842382,-0.0005291700945235789
1767708928724174600,26.048174560546876,-0.0016442356863990426,-0.003388073528185487,-0.0023012375459074974
1767708928734174500,26.058174560546874,-0.00341577036306262,-0.023690681904554367,-0.004774781409651041
1767708928744174600,26.068174560546876,-0.005031776614487171,-0.010957576334476471,-0.001865277998149395
1767708928754175500,26.078175537109374,-0.004446680191904306,-0.010661166161298752,-0.001981658162549138
1767708928764175400,26.08817529296875,-0.00512685114517808,-0.01489506009966135,-0.0037593182642012835
1767708928774175500,26.098175537109373,-0.0059897154569625854,-0.008834504522383213,-0.0059870523400604725
1767708928784175400,26.10817529296875,-0.005147890187799931,-0.006193447392433882,-0.0012088088551536202
1767708928794176300,26.11817626953125,-0.004233094397932291,-0.0046267095021903515,-0.004821120295673609
1767708928804176400,26.12817626953125,-0.004280765075236559,-0.0019888486713171005,-0.004293282050639391
1767708928814176300,26.13817626953125,-0.0034437335561960936,-0.0007025419035926461,-0.004026965703815222
1767708928824177400,26.148177490234374,-0.0017869811272248626,-0.0020687435753643513,-0.00526693370193243
1767708928834177500,26.158177490234376,-0.004347876645624638,-0.001639441936276853,-0.006615824531763792
1767708928844177400,26.168177490234374,-0.0025358619168400764,-0.002380866091698408,-0.0075718993321061134
1767708928854178300,26.17817822265625,-0.0024285365361720324,-0.0036570527590811253,-0.0065077003091573715
1767708928864178400,26.188178466796874,-0.005536711774766445,-0.0046967510133981705,-0.00452843913808465
1767708928874178300,26.19817822265625,-0.0037774275988340378,-0.006786000914871693,-0.0017710020765662193
1767708928884178400,26.208178466796873,-0.003743072971701622,-0.006053897552192211,-0.002695119008421898
1767708928894179300,26.218179443359375,-0.0024024376180022955,-0.006087719928473234,-0.0010037453612312675
1767708928904179500,26.228179443359377,-0.0019156117923557758,-0.005274656694382429,0.0014554174849763513
1767708928914179300,26.238179443359375,-0.003400590270757675,-0.0005837649223394692,0.002005360322073102
1767708928924180500,26.248180419921876,-0.004077299498021603,0.003421362955123186,0.002922286745160818
1767708928934180600,26.2581806640625,-0.005559614859521389,0.0046576024033129215,0.0004628573951777071
1767708928944180500,26.268180419921876,-0.005818208213895559,0.008401207625865936,-0.0016647420125082135
1767708928954181400,26.278181396484374,-0.005440571811050177,0.008618255145847797,-0.004562793765217066
1767708928964181500,26.288181396484376,-0.00444055488333106,0.00923291314393282,-0.003221093211323023
1767708928974181400,26.298181396484374,-0.0036333505995571613,0.007200921420007944,0.00017603494052309543
1767708928984181500,26.308181396484375,-0.0049159289337694645,0.0049127331003546715,0.00279046013019979
1767708928994182400,26.318182373046874,-0.005147091578692198,0.00023222764139063656,-0.0005752427969127893
1767708929004182300,26.328182373046875,-0.004072239622473717,0.0008042746339924634,-0.002692455891519785
1767708929014182400,26.338182373046877,-0.002630936913192272,0.009298427030444145,-0.006313289515674114
1767708929024183600,26.34818359375,-0.0004572647449094802,0.015120895579457283,-0.0046549392864108086
1767708929034183400,26.358183349609376,-0.000404534162953496,0.011682488955557346,-0.0005840312223881483
1767708929044183600,26.36818359375,-0.0033960631117224693,0.0032708945218473673,-0.0016527577536180615
1767708929054184400,26.378184326171876,-0.006750048138201237,-0.003799265483394265,-0.00304638990201056
1767708929064184300,26.388184326171874,-0.011199391447007656,-0.004061054438352585,-0.0023284016642719507
1767708929074184400,26.398184326171876,-0.007430219557136297,-0.0027419906109571457,-0.0033193640410900116
1767708929084184300,26.408184326171874,-0.008023039437830448,0.0013366405619308352,-0.003828826593235135
1767708929094185500,26.418185546875,-0.006503439508378506,0.0025920546613633633,-0.0009467537747696042
1767708929104185300,26.428185302734374,-0.0023422501981258392,0.0012626046082004905,-0.00012410330236889422
1767708929114185200,26.438185302734375,0.0011385013349354267,0.0006854976527392864,-0.0033361418172717094
1767708929124186600,26.4481865234375,-0.00010066748654935509,0.00216514989733696,-0.008729841560125351
1767708929134186500,26.4581865234375,0.0006458165589720011,0.0019867182709276676,-0.010162356309592724
1767708929144186600,26.4681865234375,-0.004092213232070208,0.005850698333233595,-0.00945182517170906
1767708929154187500,26.4781875,-0.005209409166127443,0.012986638583242893,-0.008097074925899506
1767708929164187400,26.4881875,-0.0062706791795790195,0.01715528406202793,-0.007723699789494276
1767708929174187500,26.4981875,-0.0028599686920642853,0.013786652125418186,-0.0049649314023554325
1767708929184187400,26.5081875,0.00010626012954162434,0.00854315422475338,0.0012383698485791683
1767708929194188300,26.518188232421874,-0.0004577973741106689,0.0037116475868970156,0.0012029499048367143
1767708929204188400,26.5281884765625,0.0018588864477351308,0.0025427863001823425,-0.0036096484400331974
1767708929214188300,26.538188232421874,0.003841609926894307,-0.005569468718022108,-0.005102350376546383
1767708929224189400,26.548189453125,0.0004569984448608011,0.0023281353060156107,-0.0022173479665070772
1767708929234189600,26.558189453125,-0.001461010193452239,0.01474512368440628,-0.010359962470829487
1767708929244189400,26.568189453125,-0.002522812457755208,0.008622250519692898,-0.014606107026338577
1767708929254190300,26.5781904296875,-0.0034498588647693396,0.0043590618297457695,-0.013376259244978428
1767708929264190500,26.5881904296875,-0.006081594619899988,0.0049494849517941475,-0.013316870667040348
1767708929274190300,26.5981904296875,-0.005888249259442091,0.000645550258923322,-0.014925952069461346
1767708929284190500,26.6081904296875,-0.005285841878503561,0.00001651159800530877,-0.009463010355830193
1767708929294191400,26.61819140625,-0.0044352286495268345,0.00041731735109351575,-0.00532525684684515
1767708929304191200,26.628191162109374,-0.0024644893128424883,0.0025486452504992485,-0.0010610034223645926
1767708929314191400,26.63819140625,0.0008460862445645034,0.001722532557323575,0.000532365869730711
1767708929324192500,26.648192626953126,0.003174221608787775,0.004729507956653833,0.00008255799184553325
1767708929334192600,26.658192626953124,0.0024319987278431654,0.00436039362102747,-0.0014972290955483913
1767708929344192500,26.668192626953125,0.003974767867475748,0.005916478578001261,0.0008178567513823509
1767708929354193400,26.678193359375,0.002513757674023509,0.006158560048788786,0.0013028184184804559
1767708929364193500,26.688193603515625,0.00023302659974433482,0.009553557261824608,0.002625077962875366
1767708929374193700,26.698193603515627,-0.0011821772204712033,0.009152752347290516,0.00021172130072955042
1767708929384193500,26.708193603515625,-0.003093794221058488,0.008645952679216862,-0.003204315435141325
1767708929394194700,26.718194580078126,-0.002353968098759651,0.007151386234909296,-0.008594021201133728
1767708929404194600,26.728194580078124,-0.00224957219325006,0.006129531655460596,-0.0076150428503751755
1767708929414194700,26.738194580078126,-0.0006886934279464185,0.007879761047661304,-0.009396164678037167
1767708929424195600,26.748195556640624,-0.0009992180857807398,0.012006063014268875,-0.005264004226773977
1767708929434195500,26.758195556640626,-0.0010671286145225167,0.012088887393474579,-0.005673864856362343
1767708929444195600,26.768195556640624,-0.0012215919559821486,0.01125292107462883,-0.0018985675415024161
1767708929454196500,26.778196533203126,-0.001713744131848216,0.012430837377905846,-0.00021145498612895608
1767708929464196600,26.788196533203124,-0.00043302998528815806,0.015280152671039104,-0.0018168084789067507
1767708929474196700,26.79819677734375,0.0009025452891364694,0.015413844026625156,-0.0029609024059027433
1767708929484196600,26.808196533203127,0.0001816275907913223,0.01564553938806057,-0.0057588196359574795
1767708929494197500,26.818197509765625,0.0012130698887631297,0.013348562642931938,-0.007991613820195198
1767708929504197600,26.82819775390625,0.00011877698125317693,0.010817494243383408,-0.003930559381842613
1767708929514197500,26.838197509765624,-0.0030474551022052765,0.01398638915270567,-0.0016881778137758374
1767708929524198700,26.84819873046875,-0.0016218650853261352,0.016086557880043983,-0.002222407842054963
1767708929534198500,26.858198486328124,-0.002406698651611805,0.014706241898238659,0.00008229167724493891
1767708929544198400,26.868198486328126,-0.0038453382439911366,0.017078852280974388,-0.0021662150975316763
1767708929554199600,26.878199462890624,-0.002971821464598179,0.019109245389699936,-0.001448759576305747
1767708929564199400,26.888199462890626,-0.001318264752626419,0.017529726028442383,-0.0018373148050159216
1767708929574199600,26.898199462890624,-0.0013230583863332868,0.01389850489795208,-0.000049801110435510054
1767708929584199700,26.90819970703125,-0.0018487664638087153,0.01583089493215084,0.007036071736365557
1767708929594200600,26.91820068359375,-0.0008591357618570328,0.01369530614465475,0.009315204806625843
1767708929604200700,26.92820068359375,-0.0017813884187489748,0.010274209082126617,0.005335643421858549
1767708929614200600,26.93820068359375,0.0010695254895836115,0.0179947130382061,-0.0008556736283935606
1767708929624201500,26.948201416015625,0.0022029669489711523,0.027589550241827965,-0.0016391756944358349
1767708929634201600,26.95820166015625,0.004697815980762243,0.02659912034869194,0.00034408041392453015
1767708929644201500,26.968201416015624,0.0016479641199111938,0.021446436643600464,-0.0014764565275982022
1767708929654202400,26.978202392578126,-0.0017134778900071979,0.01811428926885128,0.0007310376968234777
1767708929664202500,26.988202392578124,-0.005489573813974857,0.015483618713915348,0.0034703651908785105
1767708929674202600,26.99820263671875,-0.0051963599398732185,0.01284282747656107,-0.002272741636261344
1767708929684202800,27.00820263671875,-0.0043745082803070545,0.012556005269289017,-0.0017646105261519551
1767708929694203600,27.01820361328125,-0.003620034782215953,0.010786601342260838,0.0046331011690199375
1767708929704203500,27.02820361328125,-0.00026285400963388383,0.01158608216792345,0.0038924762047827244
1767708929714203600,27.03820361328125,0.004229898564517498,0.013048424385488033,0.0017251957906410098
1767708929724204500,27.04820458984375,0.004563859198242426,0.012014850974082947,0.0007566040731035173
1767708929734204400,27.058204345703125,0.003760383464396,0.012168781831860542,-0.0017558221006765962
1767708929744204500,27.06820458984375,0.0038131140172481537,0.009666741825640202,-0.005935120861977339
1767708929754205400,27.078205322265624,0.00004926848123432137,0.011666509322822094,-0.0013345100451260805
1767708929764205600,27.08820556640625,-0.00026738137239590287,0.013217002153396606,-0.00443922309204936
1767708929774205400,27.098205322265624,-0.00007616640505148098,0.01004837267100811,-0.007022755686193705
1767708929784206600,27.10820654296875,0.0011944277212023735,0.009981261566281319,-0.0029148298781365156
1767708929794206700,27.118206787109376,0.0010551444720476866,0.010301905684173107,-0.00031638352083973587
1767708929804206600,27.12820654296875,0.002375007141381502,0.005767075344920158,-0.001535312389023602
1767708929814206700,27.138206787109375,0.002416019793599844,0.005369998048990965,-0.001059405505657196
1767708929824207600,27.14820751953125,0.004986236337572336,0.006334861274808645,-0.008628908544778824
1767708929834207500,27.15820751953125,0.0029321403708308935,0.004638161510229111,-0.01757766120135784
1767708929844207600,27.16820751953125,0.000985103310085833,0.0066650933586061,-0.01738804578781128
1767708929854208500,27.17820849609375,-0.0019084211671724916,0.006258961278945208,-0.01321167591959238
1767708929864208400,27.18820849609375,-0.003178216516971588,0.008273376151919365,-0.012663863599300385
1767708929874208500,27.19820849609375,-0.001475391210988164,0.011522965505719185,-0.011748002842068672
1767708929884209700,27.208209716796876,-0.0026911243330687284,0.009908823296427727,-0.008556736633181572
1767708929894209500,27.21820947265625,0.0010167949367314577,0.009304285980761051,-0.005167864263057709
1767708929904209700,27.228209716796876,0.0015329155139625072,0.011513377539813519,-0.0014988270122557878
1767708929914209500,27.23820947265625,0.0022924491204321384,0.01582583412528038,-0.0012772521004080772
1767708929924210400,27.24821044921875,0.004429901950061321,0.019892482087016106,-0.004987834487110376
1767708929934210600,27.25821044921875,0.0016194682102650404,0.017429323866963387,-0.005060005933046341
1767708929944210400,27.26821044921875,0.0003920173039659858,0.014100106433033943,-0.003875964554026723
1767708929954211600,27.278211669921873,0.0024373249616473913,0.01599894091486931,-0.0037880802992731333
1767708929964211500,27.28821142578125,0.0012924320762977004,0.016702014952898026,-0.00577852688729763
1767708929974211300,27.29821142578125,0.0018996327416971326,0.01775023527443409,-0.007399326656013727
1767708929984212700,27.308212646484375,0.0020682108588516712,0.019815249368548393,-0.004802212119102478
1767708929994212600,27.318212646484376,-0.00008655273268232122,0.018681542947888374,-0.004118045791983604
1767708930004212700,27.328212646484374,-0.00006125270738266408,0.01643463410437107,-0.007208378054201603
1767708930014212600,27.338212646484376,-0.0010998855577781796,0.012773319147527218,-0.009770605713129044
1767708930024213500,27.348213623046874,-0.001493234420195222,0.014340856112539768,-0.008045143447816372
1767708930034213600,27.358213623046876,-0.0018074874533340335,0.017718011513352394,-0.012225240468978882
1767708930044213500,27.368213623046874,-0.0004719121498055756,0.023538881912827492,-0.012171711772680283
1767708930054214400,27.37821435546875,-0.00037710359902121127,0.02876400388777256,-0.010054764337837696
1767708930064214500,27.388214599609373,0.00006684534309897572,0.0288766548037529,-0.00782383419573307
1767708930074214400,27.39821435546875,-0.001606418751180172,0.026370620355010033,-0.007134075742214918
1767708930084215600,27.408215576171877,-0.0035774242132902145,0.023369237780570984,-0.006265352945774794
1767708930094215700,27.418215576171875,-0.004206729121506214,0.024645425379276276,-0.004670385736972094
1767708930104215600,27.428215576171876,-0.0025425199419260025,0.0223268773406744,-0.004815527703613043
1767708930114215700,27.438215576171874,-0.004163319710642099,0.024596955627202988,-0.0027366643771529198
1767708930124216600,27.448216552734376,-0.001973402453586459,0.02401212602853775,-0.004519650712609291
1767708930134216400,27.458216552734374,-0.003953995183110237,0.02544490620493889,-0.007351389620453119
1767708930144216600,27.468216552734376,-0.005495432764291763,0.02599191851913929,-0.011157846078276634
1767708930154217500,27.478217529296874,-0.006052033510059118,0.0265346709638834,-0.008475244045257568
1767708930164217600,27.488217529296875,-0.00762782571837306,0.02503158338367939,-0.0011432950850576162
1767708930174217500,27.498217529296873,-0.004032558295875788,0.026501914486289024,0.0029494508635252714
1767708930184218600,27.508218505859375,-0.003162770066410303,0.02214178815484047,0.0024258734192699194
1767708930194218800,27.51821875,-0.0029731530230492353,0.014729144982993603,0.0075942701660096645
1767708930204218600,27.528218505859375,-0.0005648564547300339,0.010520551353693008,0.003605920122936368
1767708930214218500,27.538218505859376,0.0005629922379739583,0.016985375434160233,0.0012913667596876621
1767708930224219600,27.5482197265625,0.004560397006571293,0.027159182354807854,0.00048123320448212326
1767708930234219500,27.558219482421876,0.005657352972775698,0.03359204903244972,-0.0012391688069328666
1767708930244219600,27.5682197265625,0.0049135321751236916,0.025979403406381607,-0.004043211229145527
1767708930254220500,27.578220458984376,-0.000508663768414408,0.020385432988405228,-0.005681587848812342
1767708930264220400,27.588220458984374,-0.002001898130401969,0.0173795223236084,-0.012595154345035553
1767708930274220500,27.598220458984375,-0.0067995828576385975,0.017732923850417137,-0.011787417344748974
1767708930284221700,27.6082216796875,-0.0033300165086984634,0.016653278842568398,-0.008615326136350632
1767708930294221600,27.6182216796875,-0.003343598684296012,0.013346698135137558,-0.001984853995963931
1767708930304221700,27.6282216796875,-0.0001661812566453591,0.01125265471637249,0.007394533138722181
1767708930314221600,27.6382216796875,0.003463441040366888,0.011381817981600761,0.010569287464022636
1767708930324222500,27.648222412109376,0.006440588738769293,0.011937352828681469,0.009183910675346851
1767708930334222600,27.65822265625,0.006440322380512953,0.01321327406913042,0.005650429055094719
1767708930344222500,27.668222412109376,0.004475974943488836,0.019898340106010437,0.0006657902849838138
1767708930354223600,27.6782236328125,0.0006101301987655461,0.022420354187488556,-0.002323075430467725
1767708930364223500,27.688223388671876,-0.00006364954606397077,0.02165309712290764,-0.0070587084628641605
1767708930374223400,27.698223388671874,-0.001207743538543582,0.018009893596172333,-0.00929310079663992
1767708930384224500,27.708224609375,-0.002073803450912237,0.013421532697975636,-0.009307481348514557
1767708930394224400,27.718224365234374,-0.001210939371958375,0.002276470186188817,-0.010913900099694729
1767708930404224500,27.728224609375,-0.0010306433541700244,-0.004267183132469654,-0.011137072928249836
1767708930414225400,27.738225341796873,-0.0028093685396015644,-0.004504470620304346,-0.013140569441020489
1767708930424225300,27.748225341796875,-0.0030104373581707478,-0.005853894166648388,-0.01261086668819189
1767708930434225400,27.758225341796877,-0.0028493159916251898,-0.0044165863655507565,-0.014971759170293808
1767708930444225500,27.7682255859375,-0.004689027555286884,-0.0030866037122905254,-0.008380968123674393
1767708930454226400,27.778226318359376,-0.005125786177814007,-0.006414223462343216,-0.008254733867943287
1767708930464226600,27.7882265625,-0.0034551850985735655,-0.0034796863328665495,-0.00805952399969101
1767708930474226400,27.798226318359376,-0.005119128152728081,-0.003334810258820653,-0.008547681383788586
1767708930484227300,27.808227294921874,-0.005898369010537863,-0.0031609057914465666,-0.009824400767683983
1767708930494227500,27.8182275390625,-0.00839428324252367,0.0017307883827015758,-0.0035598473623394966
1767708930504227300,27.828227294921874,-0.007418235298246145,0.002416286151856184,-0.0007310376968234777
1767708930514228200,27.838228271484375,-0.004845088813453913,-0.0025917883031070232,-0.0016415724530816078
1767708930524228400,27.848228271484373,-0.004963599611073732,-0.009325324557721615,-0.002273007994517684
1767708930534228200,27.858228271484375,-0.005374791566282511,-0.01019724365323782,-0.0037001960445195436
1767708930544228600,27.868228515625,-0.0032501218374818563,-0.006917560938745737,-0.0035417377948760986
1767708930554229500,27.8782294921875,-0.004384628497064114,-0.005453088786453009,-0.0049068741500377655
1767708930564229400,27.8882294921875,-0.004433364141732454,-0.00321896281093359,-0.0038301581516861916
1767708930574229500,27.8982294921875,-0.006625145673751831,-0.0005334311863407493,-0.0022719427943229675
1767708930584230400,27.90823046875,-0.005874134600162506,-0.0026818031910806894,-0.003695135936141014
1767708930594230500,27.91823046875,-0.007503456436097622,-0.0031816784758120775,-0.00413509039208293
1767708930604230400,27.92823046875,-0.0089980224147439,0.002633333671838045,-0.008358597755432129
1767708930614231300,27.938231201171874,-0.009702161885797977,0.0015041533624753356,-0.01005343347787857
1767708930624231400,27.9482314453125,-0.009411611594259739,0.0011851066956296563,-0.010214021429419518
1767708930634231300,27.958231201171873,-0.009030246175825596,-0.0031989889685064554,-0.009828396141529083
1767708930644232400,27.968232421875,-0.008356733247637749,0.0024378576781600714,-0.011857192032039165
1767708930654232600,27.978232666015625,-0.007738879881799221,0.007177751511335373,-0.0096273273229599
1767708930664232400,27.988232421875,-0.006941529456526041,0.009236641228199005,-0.006107959896326065
1767708930674232600,27.998232666015625,-0.0070339408703148365,0.005848567932844162,-0.0037033918779343367
1767708930684233500,28.0082333984375,-0.007238205522298813,0.002554770326241851,-0.0028490496333688498
1767708930694233300,28.0182333984375,-0.006828078534454107,0.0068214209750294685,-0.0031465247739106417
1767708930704233500,28.0282333984375,-0.007409979589283466,0.003282079705968499,-0.0011475561186671257
1767708930714234400,28.038234375,-0.006354035809636116,0.0021552962716668844,-0.001303084660321474
1767708930724234200,28.048234130859374,-0.008382831700146198,0.003296727081760764,-0.0030605047941207886
1767708930734234400,28.058234375,-0.0078073227778077126,0.00018881811411119998,-0.004202201962471008
1767708930744235500,28.068235595703126,-0.005826197564601898,-0.002266616327688098,-0.0036128442734479904
1767708930754235400,28.0782353515625,-0.0052080778405070305,-0.001023186487145722,0.00039068571641109884
1767708930764235500,28.088235595703125,-0.006849117577075958,0.0006048039067536592,0.004267981741577387
1767708930774235400,28.0982353515625,-0.006607036106288433,-0.0018221348291262984,0.0026490462478250265
1767708930784236500,28.108236572265625,-0.006587328854948282,-0.005591573193669319,0.0039292280562222
1767708930794236400,28.118236328125,-0.008684035390615463,-0.008259793743491173,0.006090383045375347
1767708930804236300,28.128236328125,-0.009123723953962326,-0.005576126743108034,0.004679440520703793
1767708930814237400,28.138237548828126,-0.0065439194440841675,-0.002644785214215517,-0.0015150723047554493
1767708930824237300,28.1482373046875,-0.0034120420459657907,0.0032402679789811373,-0.0029755497816950083
1767708930834237400,28.158237548828126,-0.0025784724857658148,0.008155664429068565,-0.0017331852577626705
1767708930844238600,28.168238525390624,-0.003959321416914463,0.0017749968683347106,-0.0036131106317043304
1767708930854238500,28.178238525390626,-0.008440090343356133,-0.0036005936563014984,-0.005558017175644636
1767708930864238600,28.188238525390624,-0.009309878572821617,-0.005200354848057032,-0.005802229046821594
1767708930874238500,28.198238525390625,-0.012504872865974903,-0.007334345486015081,-0.006558300461620092
1767708930884239400,28.2082392578125,-0.012022041715681553,-0.00794367678463459,-0.0046599991619586945
1767708930894239500,28.218239501953125,-0.009152219630777836,-0.006329801399260759,-0.003073820611461997
1767708930904239400,28.2282392578125,-0.006440855097025633,-0.006630471907556057,0.002560895634815097
1767708930914240300,28.238240234375,-0.004534298088401556,-0.00754952896386385,0.002763562137261033
1767708930924240400,28.248240478515626,-0.0014082795241847634,-0.01005290076136589,0.0012098740553483367
1767708930934240300,28.258240234375,-0.003251453395932913,-0.010276073589920998,0.0022711437195539474
1767708930944241400,28.268241455078126,-0.0027169568929821253,-0.006015548016875982,0.004095941781997681
1767708930954241500,28.278241455078124,-0.004706338047981262,-0.0018383801216259599,0.006184126250445843
1767708930964241400,28.288241455078126,-0.006307430565357208,-0.0022391858510673046,0.007017695810645819
1767708930974242600,28.29824267578125,-0.0057321880012750626,-0.006432066671550274,0.007861651480197906
1767708930984242400,28.308242431640625,-0.00746164470911026,-0.005227252375334501,0.0075785573571920395
1767708930994242300,28.3182421875,-0.0038360171020030975,-0.004101534374058247,0.004294347018003464
1767708931004242400,28.328242431640625,-0.006357231643050909,-0.0020642161834985018,0.0008623315370641649
1767708931014243300,28.338243408203127,-0.00506985979154706,-0.0027952538803219795,-0.0007930893916636705
1767708931024243500,28.348243408203125,-0.006072007119655609,-0.0030389330349862576,-0.0018738001817837358
1767708931034243300,28.358243408203126,-0.006047239992767572,0.0022298647090792656,-0.0014516890514642
1767708931044244500,28.368244384765624,-0.005275988485664129,0.004576109815388918,-0.0009411611245013773
1767708931054244600,28.37824462890625,-0.0070579093880951405,0.0007451524725183845,-0.0019949739798903465
1767708931064244500,28.388244384765624,-0.0037883466575294733,-0.0015981629258021712,-0.0067633637227118015
1767708931074245400,28.398245361328126,-0.0036304211243987083,-0.004895955324172974,-0.009349293075501919
1767708931084245500,28.40824560546875,-0.003897269954904914,-0.006390787661075592,-0.016156865283846855
1767708931094245400,28.418245361328125,-0.004202468320727348,-0.011546934023499489,-0.015623700805008411
1767708931104245500,28.42824560546875,-0.003727360162883997,-0.011169031262397766,-0.011662781238555908
1767708931114246400,28.438246337890625,-0.003482881933450699,-0.004480768460780382,-0.008286692202091217
1767708931124246300,28.448246337890627,-0.0016162724932655692,-0.0033459956757724285,-0.006941795814782381
1767708931134246400,28.458246337890625,-0.002037318190559745,-0.0027260116767138243,-0.011718708090484142
1767708931144247600,28.46824755859375,-0.0006173207075335085,-0.0024533038958907127,-0.015366439707577229
1767708931154247400,28.478247314453125,-0.00004900216299574822,-0.003865312086418271,-0.020410733297467232
1767708931164247600,28.48824755859375,0.00036378781078383327,-0.004465588368475437,-0.022723954170942307
1767708931174248400,28.49824853515625,-0.00008495483780279756,-0.00586641114205122,-0.02268320880830288
1767708931184248300,28.508248291015626,0.0003579288604669273,-0.004126834217458963,-0.02087918296456337
1767708931194248400,28.51824853515625,0.0008349010022357106,-0.006107693538069725,-0.019651731476187706
1767708931204248300,28.528248291015625,0.0005960154230706394,-0.00956634059548378,-0.02359560690820217
1767708931214249500,28.53824951171875,-0.0019627497531473637,-0.0116750318557024,-0.02082059346139431
1767708931224249300,28.548249267578125,-0.004505003336817026,-0.009226521477103233,-0.018879681825637817
1767708931234249500,28.55824951171875,-0.0036962011363357306,-0.006687197368592024,-0.01284868735820055
1767708931244250600,28.568250732421873,-0.005125519819557667,-0.0013398362789303064,-0.009296029806137085
1767708931254250500,28.57825048828125,-0.005027248989790678,-0.003662112867459655,-0.007212639320641756
1767708931264250600,28.588250732421876,-0.001845038030296564,-0.004529770463705063,-0.0057532270438969135
1767708931274251500,28.59825146484375,-0.0016676714876666665,-0.0013480921043083072,-0.0010394317796453834
1767708931284251400,28.60825146484375,-0.001008539111353457,-0.0034991272259503603,-0.00224903947673738
1767708931294251500,28.61825146484375,-0.003914047963917255,-0.005630188621580601,-0.0008761800127103925
1767708931304252400,28.62825244140625,-0.006371612660586834,-0.003847468877211213,0.0024764735717326403
1767708931314252300,28.638252197265626,-0.008852347731590271,0.0017126789316534996,0.002129996195435524
1767708931324252400,28.64825244140625,-0.009412144310772419,0.0036551884841173887,-0.0002817624481394887
1767708931334252300,28.658252197265625,-0.008256864733994007,0.004379302263259888,-0.003739078063517809
1767708931344253400,28.66825341796875,-0.005556951742619276,0.0033396040089428425,-0.0014540859265252948
1767708931354253600,28.678253662109373,-0.005423527676612139,0.001847967505455017,0.0006918892613612115
1767708931364253400,28.68825341796875,-0.004489290527999401,-0.0016825852217152715,0.0006301039247773588
1767708931374253800,28.69825390625,-0.00484322477132082,-0.003064233111217618,0.0032653016969561577
1767708931384253700,28.708253662109374,-0.006839796435087919,-0.003662112867459655,0.004628307651728392
1767708931394253800,28.71825390625,-0.006857373286038637,-0.00577746145427227,0.0025100293569266796
1767708931404255000,28.7282548828125,-0.006423011887818575,-0.0015717976493760943,-0.0030101709999144077
1767708931414254800,28.7382548828125,-0.0032953955233097076,0.004197141621261835,-0.004701278172433376
1767708931424255000,28.7482548828125,0.00013928332191426307,0.011477159336209297,-0.004780107643455267
1767708931434256000,28.758255859375,-0.00039468047907575965,0.007919708266854286,0.001116130850277841
1767708931444255700,28.768255859375,-0.0021017666440457106,0.00025246766745112836,0.005102616734802723
1767708931454255900,28.778255859375,-0.007389206904917955,-0.006481601390987635,0.001838646363466978
1767708931464255700,28.788255859375,-0.011094729416072369,-0.003846403444185853,-0.0021576930303126574
1767708931474256600,28.798256591796875,-0.012469452805817127,-0.002615756820887327,-0.007995075546205044
1767708931484256800,28.8082568359375,-0.010312558151781559,-0.0009928264189511538,-0.0111607750877738
1767708931494256600,28.818256591796874,-0.008186290971934795,-0.0035473306197673082,-0.004750014282763004
1767708931504257800,28.8282578125,-0.0022530341520905495,-0.006756706163287163,-0.002989664673805237
1767708931514258000,28.8382578125,0.002266616327688098,-0.005289836786687374,-0.0011377023765817285
1767708931524257800,28.8482578125,0.001877262257039547,0.0007094661123119295,0.00019361180602572858
1767708931534259000,28.858259033203126,0.0005608617211692035,0.004298874642699957,-0.0011416971683502197
1767708931544258800,28.8682587890625,-0.0019124159589409828,0.005964681971818209,-0.006866161711513996
1767708931554259000,28.878259033203125,-0.0035385421942919493,0.0033577135764062405,-0.008924518711864948
1767708931564258800,28.8882587890625,-0.0038812910206615925,-0.0014777880860492587,-0.01423486229032278
1767708931574259700,28.898259765625,-0.004424042999744415,-0.006080529186874628,-0.016169382259249687
1767708931584259800,28.908259765625,-0.003299922915175557,-0.006684800609946251,-0.011668373830616474
1767708931594259700,28.918259765625,-0.0029728866647928953,-0.010913367383182049,-0.010280600748956203
1767708931604260900,28.9282607421875,-0.0020682108588516712,-0.012672917917370796,-0.011994611471891403
1767708931614261000,28.938260986328125,-0.002930276095867157,-0.014296380802989006,-0.01446948666125536
1767708931624260900,28.9482607421875,-0.0017222663154825568,-0.014140586368739605,-0.02002563886344433
1767708931634261800,28.95826171875,-0.0013291836949065328,-0.009679525159299374,-0.021992383524775505
1767708931644262000,28.968261962890626,-0.0030631679110229015,-0.0060208747163414955,-0.023600667715072632
1767708931654261800,28.97826171875,-0.00159443449229002,-0.0071039823815226555,-0.024457139894366264
1767708931664262700,28.9882626953125,-0.003899400355294347,-0.0036490634083747864,-0.022340459749102592
1767708931674262800,28.9982626953125,-0.00350472005084157,-0.0049100699834525585,-0.022958844900131226
1767708931684262700,29.0082626953125,-0.004750280175358057,-0.0070467242039740086,-0.024807877838611603
1767708931694262800,29.0182626953125,-0.008068046532571316,-0.007623032201081514,-0.02394341677427292
1767708931704264000,29.028263916015625,-0.005499427672475576,-0.012379171326756477,-0.01812147907912731
1767708931714263800,29.038263916015627,-0.0026442527305334806,-0.016530239954590797,-0.013864416629076004
1767708931724264000,29.048263916015625,-0.00010492854926269501,-0.015119831077754498,-0.012049471959471703
1767708931734264800,29.058264892578126,0.0020937772933393717,-0.016509201377630234,-0.0123030049726367
1767708931744265000,29.068264892578124,0.0027025758754462004,-0.015212242491543293,-0.016831444576382637
1767708931754264800,29.078264892578126,0.00273133791051805,-0.01920112408697605,-0.024878984317183495
1767708931764265700,29.088265625,0.0017725999932736158,-0.01936890371143818,-0.02130129374563694
1767708931774265900,29.098265869140626,-0.0030213561840355396,-0.022537000477313995,-0.01810683123767376
1767708931784265700,29.108265625,-0.0022085595410317183,-0.03869865834712982,-0.019640546292066574
1767708931794265900,29.118265869140625,-0.005982258822768927,-0.030289461836218834,-0.01690308377146721
1767708931804267000,29.12826708984375,-0.003323092358186841,-0.019238408654928207,-0.022953253239393234
1767708931814267000,29.138266845703125,-0.0034703651908785105,-0.018251175060868263,-0.023663517087697983
1767708931824267000,29.14826708984375,-0.004846953321248293,-0.01564447395503521,-0.023151658475399017
1767708931834268000,29.158267822265625,-0.0041132522746920586,-0.008610266260802746,-0.016261793673038483
1767708931844267800,29.168267822265626,-0.001184041379019618,-0.008351407013833523,-0.013247095979750156
1767708931854268000,29.178267822265624,-0.0032953955233097076,-0.011583153158426285,-0.012542955577373505
1767708931864268800,29.188268798828126,-0.0024048343766480684,-0.0072355424053967,-0.010701113380491734
1767708931874268700,29.1982685546875,-0.0014503574930131435,-0.0034088462125509977,-0.011064635589718819
1767708931884268800,29.208268798828126,-0.0027603665366768837,-0.002251702593639493,-0.009106412529945374
1767708931894269700,29.218269775390624,-0.0020503676496446133,-0.002130528911948204,-0.008285893127322197
1767708931904269600,29.22826953125,-0.003299123840406537,-0.0012463594321161509,-0.007592406123876572
1767708931914270000,29.23827001953125,-0.004108192399144173,-0.0006956176948733628,-0.009093097411096096
1767708931924269800,29.248269775390625,-0.006717291194945574,0.004489823244512081,-0.007765245158225298
1767708931934271000,29.25827099609375,-0.005601692944765091,0.010230799205601215,-0.0038959383964538574
1767708931944270800,29.268270751953125,-0.006568952929228544,0.01284815464168787,0.0015781891997903585
1767708931954270700,29.278270751953126,-0.002686863299459219,0.013979731127619743,0.003573429537937045
1767708931964271900,29.28827197265625,-0.0038980687968432903,0.016379505395889282,0.004505003336817026
1767708931974271700,29.298271728515626,-0.0028181569650769234,0.009972739033401012,0.011427091434597969
1767708931984272000,29.30827197265625,-0.004480502102524042,0.010559167712926865,0.013719541020691395
1767708931994272800,29.318272705078126,-0.0043987431563436985,0.005166798830032349,0.011412976309657097
1767708932004272600,29.328272705078124,-0.00464588450267911,0.00015286543930415064,0.008071241900324821
1767708932014273000,29.33827294921875,-0.00413509039208293,0.0009510148083791137,0.0018394453218206763
1767708932024273000,29.34827294921875,-0.0006772418855689466,0.01305321790277958,-0.004713262431323528
1767708932034273800,29.358273681640625,0.0002383529208600521,0.01727512665092945,-0.001924666459672153
1767708932044274000,29.36827392578125,0.0015126754296943545,0.014223410747945309,0.0018913770327344537
1767708932054273800,29.378273681640625,-0.00006444849714171141,0.006305033806711435,0.004782504867762327
1767708932064274700,29.388274658203127,-0.004003529902547598,-0.0016471651615574956,0.0013148026773706079
1767708932074274800,29.39827490234375,-0.008481369353830814,-0.004079962614923716,-0.005242965184152126
1767708932084274700,29.408274658203126,-0.009471265599131584,-0.005112736485898495,-0.004156928043812513
1767708932094275800,29.41827587890625,-0.008505337871611118,-0.010506702587008476,-0.005800365004688501
1767708932104275700,29.428275634765626,-0.00503923324868083,-0.009396697394549847,-0.004014182835817337
1767708932114275800,29.43827587890625,-0.00210735946893692,-0.007693605963140726,0.00048602689639665186
1767708932124277000,29.448277099609374,-0.00009507485083304346,-0.0060080913826823235,-0.0024740765802562237
1767708932134276900,29.45827685546875,0.0009677927591837943,-0.0029499835800379515,-0.0024802018888294697
1767708932144276700,29.46827685546875,0.0017627463676035404,-0.0031577101908624172,-0.005506884306669235
1767708932154276900,29.47827685546875,-0.0005006743012927473,-0.0003483414766378701,-0.00689119566231966
1767708932164277800,29.48827783203125,-0.001716673607006669,0.0026554379146546125,-0.004649346694350243
1767708932174278000,29.49827783203125,-0.0025656893849372864,0.0024051007349044085,-0.005573197267949581
1767708932184277800,29.50827783203125,-0.0005539375124499202,0.005545500200241804,-0.008553540334105492
1767708932194278700,29.518278564453126,0.0011880361707881093,0.00433056615293026,-0.0062792012467980385
1767708932204278800,29.52827880859375,0.0006250438746064901,-0.0011443602852523327,-0.006207828409969807
1767708932214278700,29.538278564453126,0.0004724447790067643,-0.0035811527632176876,-0.006216084118932486
1767708932224279800,29.54827978515625,0.0007486145477741957,-0.002560629276558757,-0.008993495255708694
1767708932234280000,29.558280029296874,0.0016053534345701337,-0.0033965955954045057,-0.013993579894304276
1767708932244279800,29.56827978515625,0.0018679412314668298,-0.0014620753936469555,-0.014583736658096313
1767708932254280000,29.578280029296874,0.001318264752626419,0.0006572681595571339,-0.015854863449931145
1767708932264280800,29.58828076171875,0.00039068571641109884,0.0017129451734945178,-0.013494237326085567
1767708932274280700,29.59828076171875,-0.000538491178303957,-0.001210673013702035,-0.01170406024903059
1767708932284280800,29.60828076171875,-0.0035233621019870043,-0.0029348034877330065,-0.013746438547968864
1767708932294281700,29.61828173828125,-0.0028703550342470407,-0.003344131400808692,-0.011693674139678478
1767708932304281600,29.628281494140627,-0.002840527566149831,-0.004769721534103155,-0.009088569320738316
1767708932314281700,29.63828173828125,-0.0013701963471248746,-0.0032743564806878567,-0.010178601369261742
1767708932324283000,29.648282958984375,0.0006359628750942647,-0.005373193882405758,-0.006852313410490751
1767708932334282800,29.65828271484375,-0.002945189829915762,-0.014040185138583183,-0.0016948357224464417
1767708932344283000,29.668282958984374,-0.0015227955300360918,-0.005027248989790678,-0.0046693203039467335
1767708932354283800,29.67828369140625,-0.0010215885704383254,-0.0057039582170546055,-0.0065383268520236015
1767708932364284000,29.688283935546874,0.00037523938226513565,-0.011597533710300922,-0.009533051401376724
1767708932374284000,29.698283935546876,-0.00015233281010296196,-0.008041680790483952,-0.010030795820057392
1767708932384284000,29.708283935546874,0.0008436894277110696,-0.008883239701390266,-0.01176105160266161
1767708932394285000,29.71828515625,0.0017153420485556126,-0.010208162479102612,-0.013375726528465748
1767708932404285000,29.728284912109373,0.00006578007742064074,-0.008882175199687481,-0.01438320055603981
1767708932414285000,29.73828515625,-0.0005427522119134665,-0.006908239796757698,-0.018329739570617676
1767708932424286200,29.7482861328125,-0.004444282967597246,-0.008930377662181854,-0.01961924135684967
1767708932434286000,29.7582861328125,-0.005000350996851921,-0.009977798908948898,-0.017527328804135323
1767708932444286200,29.7682861328125,-0.005434180144220591,-0.010232663713395596,-0.018193384632468224
1767708932454287000,29.778287109375,-0.0037113812286406755,-0.016326243057847023,-0.016057530418038368
1767708932464287000,29.788286865234376,-0.0016618125373497605,-0.01606844924390316,-0.015246064402163029
1767708932474287000,29.798287109375,0.001898034941405058,-0.013907293789088726,-0.011537079699337482
1767708932484287000,29.808286865234376,0.0030514500103890896,-0.012525378726422787,-0.009971141815185547
1767708932494288000,29.818287841796874,0.0039116512052714825,-0.008859537541866302,-0.012413792312145233
1767708932504288000,29.8282880859375,0.00015153386630117893,-0.0068176924251019955,-0.014460165984928608
1767708932514287900,29.838287841796873,-0.000720118754543364,-0.0014234596164897084,-0.011958658695220947
1767708932524289000,29.8482890625,-0.0022746059112250805,0.0019630161114037037,-0.008041148073971272
1767708932534289200,29.8582890625,-0.0017052220646291971,0.0031912659760564566,-0.005689843557775021
1767708932544289000,29.8682890625,-0.003954527899622917,0.0008114652009680867,-0.006244846619665623
1767708932554290200,29.878290283203125,-0.004110589157789946,0.001282312092371285,-0.0016508935950696468
1767708932564290000,29.8882900390625,-0.006926882080733776,0.0020072245970368385,-0.0013281183782964945
1767708932574290000,29.8982900390625,-0.006617422681301832,0.002356364857405424,-0.0041156490333378315
1767708932584291000,29.908291015625,-0.006037119776010513,0.003088467987254262,-0.0059257997199893
1767708932594291000,29.918291015625,-0.003763312939554453,0.002856240142136812,-0.005591839086264372
1767708932604291000,29.928291015625,-0.0033683660440146923,0.002017078222706914,0.0002479403046891093
1767708932614291000,29.938291015625,-0.005085039883852005,-0.001894839107990265,0.003462375607341528
1767708932624292000,29.9482919921875,-0.006423810962587595,-0.0029968551825731993,0.002326803747564554
1767708932634292200,29.958292236328123,-0.006595850922167301,0.001389104756526649,0.0009121326729655266
1767708932644292000,29.9682919921875,-0.007724498864263296,0.006615558639168739,-0.0014543522847816348
1767708932654293000,29.97829296875,-0.0052083441987633705,0.008385228924453259,-0.005673864856362343
1767708932664293000,29.988293212890625,-0.0049161952920258045,0.008823851123452187,-0.0008056062506511807
1767708932674293000,29.99829296875,-0.00723474333062768,0.006217149551957846,0.002498843939974904
1767708932684294000,30.0082939453125,-0.007934888824820518,0.0011062771081924438,0.000660463934764266
1767708932694294000,30.0182939453125,-0.00774686923250556,-0.000565389113035053,-0.006746053230017424
1767708932704294000,30.0282939453125,-0.008302937261760235,-0.0009209210984408855,-0.012558935210108757
1767708932714295000,30.038294921875,-0.00911386962980032,-0.002981142606586218,-0.011100322008132935
1767708932724295200,30.048295166015624,-0.006789728999137878,-0.00561101408675313,-0.006079730577766895
1767708932734295000,30.058294921875,-0.0062850601971149445,-0.007890413515269756,0.0011054781498387456
1767708932744295200,30.068295166015623,-0.007302653975784779,-0.008775115944445133,0.004722050856798887
1767708932754296000,30.078296142578125,-0.007637679576873779,-0.012571718543767929,0.013629525899887085
1767708932764296000,30.0882958984375,-0.008495483547449112,-0.01744050905108452,0.023779630661010742
1767708932774296000,30.098296142578125,-0.00461685610935092,-0.024803083389997482,0.03487782180309296
1767708932784297000,30.108296875,-0.0023941819090396166,-0.038175616413354874,0.03924673795700073
1767708932794297000,30.118297119140625,0.0018186726374551654,-0.050751328468322754,0.04605484381318092
1767708932804297000,30.128296875,0.006446980405598879,-0.06323809176683426,0.05446244403719902
1767708932814298000,30.138298095703124,0.011069162748754025,-0.0776042491197586,0.06246604025363922
1767708932824298200,30.14829833984375,0.020082632079720497,-0.0868198499083519,0.0653262734413147
1767708932834298000,30.158298095703124,0.02202301099896431,-0.0976535901427269,0.0611317977309227
1767708932844298200,30.16829833984375,0.023605193942785263,-0.10173089057207108,0.053290385752916336
1767708932854299100,30.178299072265624,0.020126307383179665,-0.09709832072257996,0.04736565053462982
1767708932864299000,30.188299072265625,0.01985013671219349,-0.09742029756307602,0.033853303641080856
1767708932874299100,30.198299072265623,0.022003568708896637,-0.10643403232097626,0.006177734583616257
1767708932884300000,30.208300048828125,0.03133555129170418,-0.11302988231182098,-0.006048038601875305
1767708932894300000,30.2182998046875,0.039794549345970154,-0.12665008008480072,-0.002910568844527006
1767708932904300000,30.228300048828125,0.050690606236457825,-0.13439376652240753,0.003462908323854208
1767708932914301200,30.23830126953125,0.05555673688650131,-0.13354980945587158,0.008459530770778656
1767708932924301000,30.248301025390624,0.07000891119241714,-0.11575029790401459,0.013881194405257702
1767708932934301200,30.25830126953125,0.050880756229162216,-0.10344357043504715,0.040999364107847214
1767708932944302000,30.268302001953124,0.03734870254993439,-0.0690365880727768,0.0350666418671608
1767708932954302000,30.278302001953126,0.036081839352846146,-0.039258990436792374,0.029768282547593117
1767708932964302000,30.288302001953124,0.028386633843183517,-0.02497405931353569,0.02485767938196659
1767708932974302000,30.298302001953125,0.02695172280073166,-0.022002236917614937,0.016986707225441933
1767708932984303000,30.30830322265625,0.025522669777274132,-0.029091838747262955,0.021339643746614456
1767708932994303000,30.318302978515625,0.024472586810588837,-0.04771958664059639,0.024322649464011192
1767708933004303000,30.32830322265625,0.020144416019320488,-0.06166229769587517,0.023477895185351372
1767708933014304300,30.33830419921875,0.010261958464980125,-0.0775270164012909,0.018990201875567436
1767708933024304000,30.34830419921875,-0.0020780644845217466,-0.08314681798219681,0.009474994614720345
1767708933034304300,30.35830419921875,-0.017857294529676437,-0.07924608886241913,0.0024865935556590557
1767708933044305200,30.36830517578125,-0.03429991751909256,-0.06722617149353027,0.0009424926829524338
1767708933054305000,30.378304931640624,-0.04632408916950226,-0.05921272188425064,-0.004670385736972094
1767708933064305200,30.38830517578125,-0.04742716997861862,-0.045584261417388916,-0.00863023940473795
1767708933074306000,30.39830615234375,-0.04031866043806076,-0.04036872833967209,-0.01931244507431984
1767708933084306000,30.408305908203126,-0.0318111926317215,-0.0456836000084877,-0.02099050208926201
1767708933094306000,30.41830615234375,-0.02570323273539543,-0.06004176661372185,-0.014067615382373333
1767708933104306000,30.428305908203125,-0.02527419663965702,-0.04634379595518112,0.014084925875067711
1767708933114307000,30.43830712890625,-0.032584041357040405,-0.05447123199701309,0.024870995432138443
1767708933124307200,30.44830712890625,-0.045934733003377914,-0.0750979483127594,-0.019181150943040848
1767708933134307000,30.45830712890625,-0.045886266976594925,-0.0922313928604126,-0.04351445287466049
1767708933144308000,30.468307861328125,-0.03880918025970459,-0.06583414226770401,-0.05685050040483475
1767708933154308000,30.47830810546875,-0.05620601400732994,-0.07640742510557175,-0.07252852618694305
1767708933164308000,30.488307861328124,-0.036489833146333694,-0.05259902775287628,-0.1080673485994339
1767708933174309000,30.49830908203125,-0.046908654272556305,-0.0630069300532341,-0.1325252801179886
1767708933184309000,30.50830908203125,-0.03347114101052284,-0.08260353654623032,-0.1298045963048935
1767708933194309000,30.51830908203125,-0.03303784504532814,-0.08485656976699829,-0.13486912846565247
1767708933204309000,30.52830908203125,-0.016829580068588257,-0.0527644120156765,-0.161297008395195
1767708933214310100,30.53831005859375,-0.004730572924017906,-0.07602765411138535,-0.1824241429567337
1767708933224310300,30.548310302734375,0.00974344089627266,-0.08171110600233078,-0.17480216920375824
1767708933234310100,30.55831005859375,0.019232816994190216,-0.08451887965202332,-0.1653793752193451
1767708933244311000,30.56831103515625,0.02882259339094162,-0.0996062159538269,-0.13768543303012848
1767708933254311200,30.578311279296877,0.03310788422822952,-0.0881279930472374,-0.10652671009302139
1767708933264311000,30.58831103515625,0.041195373982191086,-0.09014081209897995,-0.11649518460035324
1767708933274312000,30.59831201171875,0.0533260703086853,-0.054732486605644226,-0.10659222304821014
1767708933284312000,30.60831201171875,0.06434063613414764,-0.04620158299803734,-0.10556557774543762
1767708933294312000,30.61831201171875,0.0692291408777237,-0.02419002540409565,-0.09875613451004028
1767708933304313000,30.62831298828125,0.07371097058057785,-0.01552356593310833,-0.08911709487438202
1767708933314313200,30.638313232421876,0.06848745048046112,0.002347576431930065,-0.08754662424325943
1767708933324313000,30.64831298828125,0.06229746341705322,0.030280940234661102,-0.0925871878862381
1767708933334313200,30.658313232421875,0.054793741554021835,0.028626585379242897,-0.102027028799057
1767708933344314000,30.668314208984373,0.046901728957891464,0.040895767509937286,-0.10592164099216461
1767708933354314000,30.67831396484375,0.03795350715517998,0.05648910999298096,-0.10415197163820267
1767708933364314000,30.688314208984377,0.037570543587207794,0.07839307188987732,-0.11417637020349503
1767708933374315000,30.69831494140625,0.023560985922813416,0.08271724730730057,-0.11771091818809509
1767708933384315100,30.708315185546876,0.023910658434033394,0.10037481039762497,-0.10701247304677963
1767708933394315300,30.718315185546874,0.021195832639932632,0.09023775160312653,-0.11689199507236481
1767708933404316400,30.72831640625,0.012168781831860542,0.09021218121051788,-0.11316623538732529
1767708933414316300,30.73831640625,0.01359490491449833,0.09759766608476639,-0.11092918366193771
1767708933424316400,30.74831640625,0.01528894156217575,0.09377043694257736,-0.1088218241930008
1767708933434317300,30.7583173828125,0.011183678172528744,0.07251494377851486,-0.11191215366125107
1767708933444317400,30.7683173828125,0.014936871826648712,0.06702643632888794,-0.09786930680274963
1767708933454317300,30.7783173828125,0.01841336116194725,0.04500289633870125,-0.09711616486310959
1767708933464317400,30.7883173828125,0.02093324437737465,0.028173048049211502,-0.08904998004436493
1767708933474318300,30.798318359375,0.024272317066788673,0.026280339807271957,-0.0845646858215332
1767708933484318200,30.808318115234375,0.026203108951449394,0.011590342968702316,-0.08048738539218903
1767708933494318300,30.818318359375,0.02996242605149746,0.0075548551976680756,-0.07923809438943863
1767708933504319500,30.828319580078126,0.03181225806474686,-0.0014365090755745769,-0.0822938084602356
1767708933514319400,30.8383193359375,0.031748607754707336,-0.018251175060868263,-0.06398830562829971
1767708933524319500,30.848319580078126,0.027159448713064194,-0.018624018877744675,-0.05291061848402023
1767708933534320400,30.8583203125,0.02480281889438629,-0.016987772658467293,-0.0486128106713295
1767708933544320300,30.8683203125,0.018735870718955994,-0.019458919763565063,-0.0514080636203289
1767708933554320400,30.8783203125,0.017715081572532654,-0.012487562373280525,-0.04769961163401604
1767708933564320300,30.8883203125,0.022226208820939064,-0.001055943313986063,-0.05885452777147293
1767708933574321200,30.898321044921875,0.03075791336596012,0.005842975340783596,-0.05974429100751877
1767708933584321300,30.9083212890625,0.037397440522909164,-0.010910971090197563,-0.06338056921958923
1767708933594321200,30.918321044921875,0.05180540680885315,-0.03672552481293678,-0.059118181467056274
1767708933604322600,30.928322509765625,0.06895163655281067,-0.06458991020917892,-0.05174228921532631
1767708933614322400,30.938322509765626,0.078463114798069,-0.09984537214040756,-0.044201016426086426
1767708933624322300,30.948322265625,0.0851931944489479,-0.13454502820968628,-0.04267049953341484
1767708933634323500,30.958323486328126,0.08039098232984543,-0.15504443645477295,-0.04081400856375694
1767708933644323300,30.9683232421875,0.06945763528347015,-0.14883768558502197,-0.046012233942747116
1767708933654323500,30.978323486328126,0.06245379149913788,-0.14238590002059937,-0.048706285655498505
1767708933664324400,30.988324462890624,0.05709870532155037,-0.13785827159881592,-0.06327857077121735
1767708933674324200,30.99832421875,0.04180363938212395,-0.11648773401975632,-0.08019603788852692
1767708933684324400,31.008324462890624,0.03176511824131012,-0.1022091954946518,-0.07644497603178024
1767708933694324200,31.01832421875,0.021768411621451378,-0.08106262981891632,-0.07018548250198364
1767708933704325000,31.0283251953125,0.022372949868440628,-0.08254121243953705,-0.058635082095861435
1767708933714325500,31.038325439453125,0.018746523186564445,-0.0688491016626358,-0.03485358878970146
1767708933724325400,31.048325439453127,0.017487913370132446,-0.05866224691271782,-0.028024444356560707
1767708933734326300,31.058326171875,0.02257428504526615,-0.06912793964147568,-0.026251310482621193
1767708933744326400,31.068326416015626,0.026501648128032684,-0.04555124044418335,-0.0194900780916214
1767708933754326300,31.078326171875,0.024327177554368973,-0.030007433146238327,-0.01182230468839407
1767708933764327200,31.0883271484375,0.019235480576753616,-0.01525724958628416,-0.011300858110189438
1767708933774327300,31.098327392578124,0.009766077622771263,-0.00373002327978611,-0.012056396342813969
1767708933784327200,31.1083271484375,0.0027856663800776005,0.0131496237590909,-0.018924422562122345
1767708933794328300,31.118328369140624,-0.006995324976742268,0.02793016843497753,-0.026863304898142815
1767708933804328200,31.128328125,-0.011317103169858456,0.03936711326241493,-0.039562057703733444
1767708933814328300,31.138328369140623,-0.015629027038812637,0.04899949952960014,-0.0498993843793869
1767708933824328400,31.148328369140625,-0.016956079751253128,0.04813157767057419,-0.05600228160619736
1767708933834329300,31.158329345703127,-0.017404023557901382,0.04117859527468681,-0.06476115435361862
1767708933844329500,31.16832958984375,-0.015916382893919945,0.031789619475603104,-0.06783444434404373
1767708933854329300,31.178329345703126,-0.011872371658682823,0.020777450874447823,-0.06799796223640442
1767708933864330200,31.188330322265625,-0.006847519893199205,0.014199175871908665,-0.06566236913204193
1767708933874330400,31.198330322265626,-0.00495054991915822,0.01257810927927494,-0.06286498159170151
1767708933884330200,31.208330322265624,-0.002695651724934578,0.020005932077765465,-0.06046734005212784
1767708933894331100,31.2183310546875,0.0010333064710721374,0.02835121378302574,-0.057432398200035095
1767708933904331300,31.228331298828124,0.0009526127250865102,0.02474236488342285,-0.05735063925385475
1767708933914331100,31.2383310546875,0.0009398295660503209,0.01341647282242775,-0.05517324060201645
1767708933924331500,31.24833154296875,0.00026258768048137426,0.015134477987885475,-0.05723932012915611
1767708933934332400,31.25833251953125,0.0027118970174342394,0.01631186157464981,-0.05420198664069176
1767708933944332300,31.268332275390627,0.010363425128161907,0.012655607424676418,-0.042817238718271255
1767708933954332400,31.27833251953125,0.007630755193531513,0.006311425473541021,-0.03208310157060623
1767708933964333300,31.288333251953127,0.01064838282763958,0.00782756321132183,-0.014035657979547977
1767708933974333200,31.298333251953125,0.018198445439338684,0.014860971830785275,-0.00743234995752573
1767708933984333300,31.308333251953126,0.030351513996720314,0.006938866339623928,-0.01395789347589016
1767708933994334200,31.318334228515624,0.029170934110879898,0.0022572954185307026,-0.013586648739874363
1767708934004334300,31.328334228515626,0.02845294587314129,0.009193498641252518,-0.01131017878651619
1767708934014334200,31.338334228515624,0.02708568051457405,0.013315272517502308,-0.02107146382331848
1767708934024335400,31.34833544921875,0.02690218761563301,0.014434599317610264,-0.025684058666229248
1767708934034335500,31.35833544921875,0.027287013828754425,0.017229586839675903,-0.03370363637804985
1767708934044335400,31.36833544921875,0.0287616066634655,0.02582280896604061,-0.034034132957458496
1767708934054335200,31.378335205078123,0.025379126891493797,0.015963787212967873,-0.04078178480267525
1767708934064336400,31.38833642578125,0.025978071615099907,0.013192234560847282,-0.04073943942785263
1767708934074336300,31.398336181640627,0.0255101528018713,0.008892294950783253,-0.038177747279405594
1767708934084336400,31.40833642578125,0.022096779197454453,0.003209375310689211,-0.03821449726819992
1767708934094337300,31.418337158203126,0.026219353079795837,0.009246761910617352,-0.03154247999191284
1767708934104337200,31.428337158203124,0.028813539072871208,0.012525112368166447,-0.02695225551724434
1767708934114337300,31.438337158203126,0.03400909900665283,0.009617473930120468,-0.03291400894522667
1767708934124338400,31.44833837890625,0.038846198469400406,0.017722005024552345,-0.024890435859560966
1767708934134338300,31.45833837890625,0.04450621455907822,0.014230867847800255,-0.017003217712044716
1767708934144338400,31.46833837890625,0.04267609119415283,0.019205652177333832,-0.018581407144665718
1767708934154338300,31.47833837890625,0.053820885717868805,0.01167210191488266,-0.01387187372893095
1767708934164339200,31.488339111328123,0.050338003784418106,-0.005036037415266037,0.0024341291282325983
1767708934174339300,31.49833935546875,0.061655376106500626,-0.019393671303987503,0.000669518718495965
1767708934184339200,31.508339111328127,0.0560787171125412,-0.019705528393387794,0.008462460711598396
1767708934194340400,31.51834033203125,0.05119820684194565,-0.040951427072286606,0.017102820798754692
1767708934204340200,31.52834033203125,0.04348595812916756,-0.023024626076221466,0.022340992465615273
1767708934214340000,31.538340087890624,0.03887256607413292,-0.007262174040079117,0.02105601690709591
1767708934224341500,31.548341552734374,0.034622158855199814,-0.015900136902928352,0.02160356193780899
1767708934234341400,31.55834130859375,0.030613303184509277,-0.018268220126628876,0.028369056060910225
1767708934244341200,31.56834130859375,0.02732669562101364,-0.024770060554146767,0.03892502933740616
1767708934254342400,31.57834228515625,0.02895095758140087,-0.02882525697350502,0.03807761147618294
1767708934264342300,31.58834228515625,0.0237620547413826,-0.014928349293768406,0.025911491364240646
1767708934274342400,31.59834228515625,0.01980619505047798,-0.0022506373934447765,0.008404137566685677
1767708934284342300,31.60834228515625,0.02268587052822113,0.010353571735322475,-0.0014048174489289522
1767708934294343200,31.61834326171875,0.021469073370099068,0.03375609964132309,-0.010927482508122921
1767708934304343300,31.62834326171875,0.013001286424696445,0.041430264711380005,-0.013404222205281258
1767708934314343200,31.63834326171875,0.0034767568577080965,0.05272659286856651,-0.010193781927227974
1767708934324344300,31.64834423828125,-0.0014455638593062758,0.05253857374191284,-0.01618296466767788
1767708934334344400,31.658344482421874,-0.006256031803786755,0.04033650457859039,-0.021563082933425903
1767708934344344300,31.66834423828125,-0.012427374720573425,0.04356798529624939,-0.023839285597205162
1767708934354345200,31.67834521484375,-0.016926253214478493,0.04339967295527458,-0.020593957975506783
1767708934364345300,31.688345458984376,-0.018267421051859856,0.042822033166885376,-0.017621072009205818
1767708934374345200,31.69834521484375,-0.02226216159760952,0.036793701350688934,-0.015913985669612885
1767708934384345900,31.708345947265624,-0.024777252227067947,0.03314756602048874,-0.01624847762286663
1767708934394345700,31.718345703125,-0.024813205003738403,0.04314054548740387,-0.01956278271973133
1767708934404345900,31.728345947265623,-0.021023526787757874,0.028370121493935585,-0.015692677348852158
1767708934414345700,31.738345703125,-0.012082495726644993,0.03159494325518608,-0.009402556344866753
1767708934424346600,31.7483466796875,-0.0038424087688326836,0.021094100549817085,-0.006566556170582771
1767708934434346800,31.7583466796875,0.0025361282750964165,0.015309181064367294,-0.0034290861804038286
1767708934444346600,31.7683466796875,0.007536479737609625,0.004086886998265982,-0.002927346620708704
1767708934454347500,31.778347412109376,0.00902918167412281,0.0011885687708854675,-0.0025515747256577015
1767708934464347600,31.78834765625,0.005823268089443445,0.008804144337773323,-0.005405151750892401
1767708934474347500,31.798347412109376,0.005243497900664806,0.004320446401834488,-0.0021899172570556402
1767708934484348700,31.8083486328125,0.0021350563038140535,0.01013945322483778,-0.0017598168924450874
1767708934494348800,31.818348876953124,-0.0013749900972470641,-0.0017507621087133884,-0.0015028218040242791
1767708934504348700,31.8283486328125,-0.00782703049480915,-0.006878145970404148,-0.007900533266365528
1767708934514349800,31.838349853515624,-0.008400941267609596,-0.0062459115870296955,-0.011990349739789963
1767708934524349700,31.848349609375,-0.003808053908869624,0.003437075763940811,-0.015846872702240944
1767708934534349600,31.858349609375,-0.004006992094218731,0.002304965863004327,-0.013559218496084213
1767708934544349700,31.868349609375,-0.0054395063780248165,-0.00993385724723339,-0.002448510378599167
1767708934554350600,31.8783505859375,-0.008332498371601105,-0.020487964153289795,-0.012058527208864689
1767708934564350700,31.888350830078124,-0.010896589607000351,-0.008320780470967293,-0.008428905159235
1767708934574350600,31.8983505859375,-0.008694421499967575,-0.00926247425377369,-0.009326656349003315
1767708934584351700,31.908351806640624,-0.00854688324034214,-0.000988032785244286,-0.014034858904778957
1767708934594351900,31.918351806640626,-0.006939132697880268,0.007207578979432583,-0.018981413915753365
1767708934604351700,31.928351806640624,-0.005200887098908424,0.009688845835626125,-0.026192188262939453
1767708934614352600,31.9383525390625,-0.003603257006034255,0.01583435758948326,-0.029269471764564514
1767708934624352800,31.948352783203124,-0.00014514227223116904,0.019542541354894638,-0.028850557282567024
1767708934634352600,31.9583525390625,-0.0006234460161067545,0.026129338890314102,-0.027701668441295624
1767708934644352800,31.968352783203127,-0.00040772996726445854,0.03146791085600853,-0.026972761377692223
1767708934654353700,31.978353759765625,0.003138801548629999,0.03321760892868042,-0.018456505611538887
1767708934664353500,31.988353515625,0.0027976506389677525,0.034744929522275925,-0.025363413617014885
1767708934674353700,31.998353759765624,0.008461927995085716,0.043116312474012375,-0.028320321813225746
1767708934684354800,32.00835473632812,0.012017780914902687,0.041619881987571716,-0.028210332617163658
1767708934694354700,32.01835473632813,0.013725931756198406,0.037095967680215836,-0.023973776027560234
1767708934704354800,32.028354736328126,0.017120130360126495,0.03874393180012703,-0.027836957946419716
1767708934714355700,32.03835571289063,0.01889912225306034,0.03447328880429268,-0.026069683954119682
1767708934724355600,32.04835546875,0.015470036305487156,0.023138608783483505,-0.02834295853972435
1767708934734355700,32.058355712890624,0.010940532200038433,0.01489213015884161,-0.028087293729186058
1767708934744356600,32.068356689453125,0.004221642855554819,0.010552243329584599,-0.018487663939595222
1767708934754356700,32.07835668945312,-0.0015808524331077933,0.008962868712842464,-0.006352171767503023
1767708934764356600,32.08835668945313,-0.002095375210046768,0.010352506302297115,-0.006929012481123209
1767708934774356500,32.0983564453125,-0.0004293015517760068,0.009163937531411648,-0.004922853317111731
1767708934784358000,32.10835791015625,-0.005262140184640884,0.0036213663406670094,0.004473844077438116
1767708934794357800,32.118357666015626,0.0034613104071468115,-0.0016415724530816078,0.007144728675484657
1767708934804358000,32.12835791015625,0.007684284821152687,-0.007170561235398054,0.011272627860307693
1767708934814358800,32.13835888671875,0.011751464568078518,-0.001047154888510704,0.016290290281176567
1767708934824358700,32.148358642578124,0.01492275670170784,-0.007472563534975052,0.01477788109332323
1767708934834358800,32.15835888671875,0.012259329669177532,-0.015623168088495731,0.011777297593653202
1767708934844359700,32.168359619140624,0.017887920141220093,-0.018687933683395386,0.010125604458153248
1767708934854359600,32.17835961914062,0.009392969310283661,-0.010660899803042412,0.015908125787973404
1767708934864359700,32.18835961914063,0.006558300461620092,-0.012738431803882122,0.02539164200425148
1767708934874360800,32.19836083984375,0.005840312223881483,-0.0016703346045687795,0.020619258284568787
1767708934884360700,32.20836059570313,0.00452684098854661,0.010429205372929573,0.012462528422474861
1767708934894360800,32.21836083984375,0.006597449071705341,0.0008958873804658651,0.006368417292833328
1767708934904361700,32.22836181640625,0.0011861718958243728,0.008110657334327698,0.0038685076870024204
1767708934914361600,32.238361572265624,-0.001130245509557426,0.014899587258696556,0.011006845161318779
1767708934924361700,32.24836181640625,-0.0003099919413216412,0.017192035913467407,0.0028655612841248512
1767708934934361600,32.25836157226563,-0.00643899105489254,0.016580574214458466,-0.002886600326746702
1767708934944362800,32.26836279296875,-0.00837031565606594,0.018082864582538605,-0.005228051450103521
1767708934954362600,32.27836254882813,-0.006449110805988312,0.011633486486971378,-0.011877964250743389
1767708934964362500,32.288362548828125,-0.006277603097259998,0.003995806910097599,-0.009432650171220303
1767708934974364000,32.29836401367187,-0.005567071959376335,-0.0005060005933046341,-0.003031742526218295
1767708934984363800,32.30836376953125,-0.005982791539281607,0.008244081400334835,-0.0036277580074965954
1767708934994364000,32.318364013671875,-0.004095941781997681,0.001975532853975892,-0.0015805860748514533
1767708935004364800,32.32836474609375,-0.007669903803616762,-0.0023784691002219915,-0.001172323478385806
1767708935014364700,32.33836474609375,-0.008889365009963512,-0.004238154739141464,-0.0035920715890824795
1767708935024364800,32.34836474609375,-0.006307164207100868,0.002865028567612171,-0.008191883563995361
1767708935034364700,32.35836474609375,-0.009534915909171104,0.013340572826564312,-0.004811266902834177
1767708935044365600,32.36836547851563,-0.008496282622218132,0.02106613665819168,-0.009564210660755634
1767708935054365700,32.37836572265625,-0.01028352975845337,0.030004238709807396,-0.013991981744766235
1767708935064365600,32.388365478515624,-0.015572035685181618,0.029676135629415512,-0.01582370325922966
1767708935074366700,32.39836669921875,-0.013766146264970303,0.029442576691508293,-0.012398079968988895
1767708935084366800,32.408366943359376,-0.015089204534888268,0.027949608862400055,-0.010734403505921364
1767708935094366700,32.41836669921875,-0.01629934459924698,0.025187911465764046,-0.015844743698835373
1767708935104367600,32.42836767578125,-0.01906770095229149,0.02317562699317932,-0.018323346972465515
1767708935114367700,32.43836767578125,-0.016510266810655594,0.020775586366653442,-0.022579077631235123
1767708935124367600,32.44836767578125,-0.01824212074279785,0.013247628696262836,-0.0287642702460289
1767708935134368800,32.45836865234375,-0.014082795940339565,0.010485131293535233,-0.023693345487117767
1767708935144368600,32.46836865234375,-0.009690976701676846,0.0101964445784688,-0.017365407198667526
1767708935154368500,32.478368408203124,-0.0088776471093297,0.008507467806339264,-0.019997410476207733
1767708935164368600,32.48836865234375,-0.007014766335487366,0.00640836451202631,-0.019952936097979546
1767708935174369500,32.49836962890625,-0.0070824106223881245,0.004261324182152748,-0.02442145347595215
1767708935184370000,32.508369873046874,-0.010334929451346397,0.009298693388700485,-0.02924816682934761
1767708935194369800,32.51836987304687,-0.00845367182046175,0.009105614386498928,-0.03127110376954079
1767708935204370700,32.52837060546875,-0.005160673521459103,0.004009388852864504,-0.026081401854753494
1767708935214370800,32.53837084960937,-0.0014146711910143495,-0.0027457191608846188,-0.020835507661104202
1767708935224370700,32.54837060546875,0.00037763622822239995,-0.006354035809636116,-0.01913614384829998
1767708935234371600,32.55837158203125,0.0025369273498654366,-0.008040616288781166,-0.022003035992383957
1767708935244371700,32.56837182617188,0.0010873686987906694,-0.004575843457132578,-0.027209250256419182
1767708935254371600,32.57837158203125,0.0026988473255187273,-0.004008323885500431,-0.031068170443177223
1767708935264372500,32.58837255859375,0.0051774512976408005,-0.0033153691329061985,-0.027367176488041878
1767708935274372600,32.59837255859375,0.008231830783188343,-0.002834135899320245,-0.02901620604097843
1767708935284372700,32.60837280273437,0.008669122122228146,-0.003305249148979783,-0.03274489566683769
1767708935294372900,32.61837280273438,0.011416971683502197,-0.001130245509557426,-0.02997707389295101
1767708935304373800,32.62837377929687,0.008928247727453709,-0.008130097761750221,-0.026606576517224312
1767708935314373600,32.63837353515625,0.006342317909002304,-0.009760751388967037,-0.024936774745583534
1767708935324373800,32.648373779296875,0.0054850466549396515,-0.00663366774097085,-0.02936667762696743
1767708935334374700,32.65837475585938,0.00024820660473778844,-0.010491522960364819,-0.03009558469057083
1767708935344374800,32.668374755859375,-0.0005243764026090503,-0.01588841900229454,-0.027336016297340393
1767708935354374700,32.67837475585937,-0.0016026903176680207,-0.019400596618652344,-0.02225497178733349
1767708935364375600,32.68837548828125,0.0010133327450603247,-0.014183729887008667,-0.017726533114910126
1767708935374375700,32.69837573242187,0.005281581077724695,-0.009126386605203152,-0.017463412135839462
1767708935384376600,32.70837646484375,0.008290153928101063,-0.008416121825575829,-0.014737932942807674
1767708935394377700,32.718377685546876,0.012513927184045315,-0.00797057431191206,-0.01618349738419056
1767708935404377600,32.728377685546874,0.01925838366150856,-0.005876797717064619,-0.021983595564961433
1767708935414377700,32.73837768554687,0.02245044708251953,-0.005828860681504011,-0.02045760490000248
1767708935424377600,32.74837768554688,0.02467711642384529,-0.00888084340840578,-0.015385081060230732
1767708935434378500,32.75837841796875,0.01996704936027527,-0.003400324145331979,-0.016524115577340126
1767708935444378600,32.76837866210938,0.019992882385849953,-0.012676114216446877,-0.011684352532029152
1767708935454378500,32.77837841796875,0.016893496736884117,-0.0017512947088107467,-0.007849400863051414
1767708935464379600,32.78837963867188,0.0073165022768080235,0.005881058517843485,-0.005652293097227812
1767708935474379500,32.798379638671875,0.00126766471657902,-0.0015909724170342088,-0.008957808837294579
1767708935484379600,32.80837963867187,-0.006651510950177908,0.01332858856767416,-0.007354319095611572
1767708935494380800,32.818380859375,-0.009740511886775494,0.01895132102072239,-0.009468602947890759
1767708935504380700,32.82838061523437,-0.012297412380576134,0.008296545594930649,-0.002843723399564624
1767708935514380800,32.838380859375,-0.012082229368388653,0.007465106900781393,-0.0003424825263209641
1767708935524381700,32.84838159179687,-0.014202105812728405,0.0011076086666435003,0.001585646066814661
1767708935534381600,32.85838159179688,-0.0121852932497859,0.004055728204548359,0.001976065570488572
1767708935544381700,32.868381591796876,-0.012169847264885902,0.014120345935225487,-0.000639424950350076
1767708935554382600,32.87838256835938,-0.010910172015428543,0.0196852870285511,0.00039760995423421264
1767708935564382500,32.888382568359376,-0.00941906776279211,0.025832662358880043,0.000031691615731688216
1767708935574382600,32.898382568359374,-0.009248092770576477,0.03254036605358124,0.007817975245416164
1767708935584382500,32.90838256835937,-0.009490174241364002,0.03815244510769844,0.0090568782761693
1767708935594383600,32.91838354492187,-0.010640660300850868,0.033910028636455536,0.0034045851789414883
1767708935604383700,32.9283837890625,-0.006065881811082363,0.035225898027420044,0.0011254518758505583
1767708935614383600,32.93838354492188,-0.002229065867140889,0.04008803144097328,0.004400873556733131
1767708935624384800,32.948384765625,-0.0009443568997085094,0.03738811984658241,0.003620034782215953
1767708935634384600,32.958384521484376,-0.0028016455471515656,0.0270108450204134,0.0057593523524701595
1767708935644384500,32.968384521484374,-0.0013486248208209872,0.023250993341207504,0.01008246187120676
1767708935654385700,32.9783857421875,-0.00370126124471426,0.01756620965898037,0.0031641016248613596
1767708935664385500,32.988385498046874,-0.005643504671752453,0.01209687627851963,-0.00018455706594977528
1767708935674385700,32.9983857421875,-0.0036693033762276173,0.010804178193211555,-0.008864864706993103
1767708935684386600,33.008386474609374,-0.008212123066186905,0.0062331282533705235,-0.007705323863774538
1767708935694386700,33.01838671875,-0.0030000510159879923,0.012834039516746998,-0.005565207917243242
1767708935704386800,33.02838671875,-0.00009800432599149644,0.019232017919421196,-0.004029895178973675
1767708935714386700,33.03838671875,-0.0011049455497413874,0.02347283624112606,-0.005155347287654877
1767708935724387600,33.0483876953125,-0.004179831128567457,0.02340705506503582,-0.0018836538074538112
1767708935734387700,33.0583876953125,-0.00461579067632556,0.015732090920209885,-0.0044019389897584915
1767708935744387600,33.0683876953125,-0.002394980750977993,0.005074653308838606,0.003907123580574989
1767708935754388500,33.078388427734374,-0.0023289343807846308,0.007237939164042473,-0.0015752597246319056
1767708935764388600,33.088388671875,-0.000972852751147002,0.007951133884489536,-0.002171275205910206
1767708935774388500,33.09838842773438,-0.0007344998302869499,0.007374825421720743,0.00002663161103555467
1767708935784389400,33.10838940429687,-0.0000804274677648209,0.0054850466549396515,0.004066114313900471
1767708935794389800,33.1183896484375,0.0013938985066488385,0.004896221682429314,0.0041643851436674595
1767708935804389600,33.1283896484375,0.003287938656285405,0.007703992538154125,-0.00009906959166983142
1767708935814390800,33.13839086914062,0.0048975530080497265,0.009021458216011524,-0.00421258807182312
1767708935824390700,33.148390625,0.000690291344653815,0.012495285831391811,-0.0022708773612976074
1767708935834390500,33.158390625,-0.00010199906682828441,0.01576405018568039,-0.005555620416998863
1767708935844391700,33.1683916015625,-0.0020940436515957117,0.02051566168665886,-0.006359628401696682
1767708935854391600,33.1783916015625,-0.0004021373169962317,0.01708843931555748,-0.006364955101162195
1767708935864391700,33.1883916015625,-0.0008681904873810709,0.013741911388933659,-0.011945609003305435
1767708935874391600,33.1983916015625,-0.00019414443522691727,0.01426255889236927,-0.014103568159043789
1767708935884392400,33.20839233398438,-0.0035206989850848913,0.01477521751075983,-0.015120895579457283
1767708935894392600,33.218392578125,-0.0062246061861515045,0.012958142906427383,-0.012148275971412659
1767708935904392700,33.228392822265626,-0.008234228007495403,0.013624998740851879,-0.01239515095949173
1767708935914393600,33.2383935546875,-0.009140501730144024,0.0110457269474864,-0.010641193017363548
1767708935924393700,33.248393798828126,-0.009514142759144306,0.01500984188169241,-0.008868859149515629
1767708935934393600,33.2583935546875,-0.0075671058148145676,0.015174158848822117,-0.005011270288378
1767708935944394500,33.26839453125,-0.007492537144571543,0.0138431116938591,-0.0020658141002058983
1767708935954394600,33.27839453125,-0.00378994457423687,0.010158361867070198,-0.005681587848812342
1767708935964394500,33.28839453125,-0.0014484933344647288,0.015325427055358887,-0.004293814767152071
1767708935974395400,33.2983955078125,-0.001877262257039547,0.01913534477353096,-0.000672181835398078
1767708935984395500,33.3083955078125,-0.0020032296888530254,0.02358042635023594,-0.0012570120161399245
1767708935994395400,33.3183955078125,-0.004443750716745853,0.024294953793287277,0.001579787116497755
1767708936004395800,33.328395751953124,-0.004621649626642466,0.025362081825733185,0.004650411661714315
1767708936014396700,33.338396728515626,-0.0028445222415030003,0.033249031752347946,-0.0032554480712860823
1767708936024396500,33.348396484375,-0.004000600427389145,0.048653822392225266,-0.0031518512405455112
1767708936034396700,33.35839672851562,-0.0024016385432332754,0.04243374243378639,0.0037238982040435076
1767708936044397600,33.3683974609375,-0.001136637176387012,0.03044472448527813,0.0037619813811033964
1767708936054397700,33.37839770507812,-0.002892725635319948,0.02100089006125927,0.00569916469976306
1767708936064397600,33.3883974609375,-0.012330436147749424,0.017544105648994446,0.018814966082572937
1767708936074398500,33.3983984375,-0.011335212737321854,0.025546371936798096,0.031071366742253304
1767708936084398600,33.40839868164063,-0.014214888215065002,-0.00045380264054983854,0.01878300867974758
1767708936094398500,33.4183984375,-0.02310665138065815,0.013679326511919498,0.003108707955107093
1767708936104399600,33.428399658203126,-0.013342170976102352,0.015085741877555847,0.008447014726698399
1767708936114399700,33.438399658203124,-0.005675728898495436,0.027896879240870476,0.004747350700199604
1767708936124399600,33.44839965820312,-0.0040972731076180935,0.016103336587548256,0.009492837823927402
1767708936134400500,33.458400390625,-0.0031582426745444536,0.014171479269862175,-0.002639192622154951
1767708936144400600,33.46840063476562,-0.0030181603506207466,0.01612384244799614,-0.013440174981951714
1767708936154400500,33.478400390625,-0.005833654198795557,0.011233746074140072,-0.014340589754283428
1767708936164400600,33.488400634765625,-0.0034645062405616045,0.006155630573630333,-0.015980564057826996
1767708936174401500,33.49840161132813,0.0018184063956141472,0.008114918135106564,-0.01649109274148941
1767708936184401400,33.5084013671875,0.0023499734234064817,0.012888368219137192,-0.024213727563619614
1767708936194401500,33.51840161132812,-0.0020788635592907667,0.025584988296031952,-0.004581169690936804
1767708936204402700,33.528402587890625,-0.0035031221341341734,0.03231159970164299,0.021143900230526924
