time,seconds_elapsed,z,y,x
1768416543818329600,0.06832958984375,-0.0549774169921875,-0.9912261962890625,-0.020843505859375
1768416543828330500,0.07833056640625,-0.0545196533203125,-0.9952239990234375,-0.0184478759765625
1768416543838332700,0.088332763671875,-0.0540618896484375,-0.997039794921875,-0.0172882080078125
1768416543848333600,0.09833349609375,-0.0538482666015625,-0.9976959228515625,-0.0172576904296875
1768416543858335500,0.10833544921875,-0.05645751953125,-1.000152587890625,-0.0182037353515625
1768416543868337700,0.118337646484375,-0.057952880859375,-1.0006866455078125,-0.015838623046875
1768416543878338600,0.128338623046875,-0.0594482421875,-1.001617431640625,-0.014739990234375
1768416543888340500,0.138340576171875,-0.0593109130859375,-1.0010833740234375,-0.0141143798828125
1768416543898341600,0.148341552734375,-0.059417724609375,-0.9999542236328125,-0.0149688720703125
1768416543908343600,0.158343505859375,-0.0597076416015625,-0.9986724853515625,-0.0147247314453125
1768416543918345700,0.168345703125,-0.057861328125,-0.9999237060546875,-0.0134429931640625
1768416543928346600,0.1783466796875,-0.057891845703125,-1.0028228759765625,-0.0118865966796875
1768416543938348500,0.1883486328125,-0.06072998046875,-1.00091552734375,-0.011138916015625
1768416543948349400,0.198349365234375,-0.0625,-0.9989166259765625,-0.009765625
1768416543958351600,0.2083515625,-0.0622711181640625,-0.999114990234375,-0.011138916015625
1768416543968353500,0.218353515625,-0.063873291015625,-0.9983978271484375,-0.010955810546875
1768416543978354700,0.228354736328125,-0.0662384033203125,-0.998291015625,-0.0102386474609375
1768416543988356600,0.238356689453125,-0.068939208984375,-0.9990081787109375,-0.011383056640625
1768416543998357500,0.248357421875,-0.0684661865234375,-1.0000762939453125,-0.0130615234375
1768416544008359700,0.258359619140625,-0.0666656494140625,-1.0021820068359375,-0.0160980224609375
1768416544018361600,0.268361572265625,-0.064788818359375,-0.9988555908203125,-0.0177154541015625
1768416544028362500,0.278362548828125,-0.066162109375,-0.9946441650390625,-0.01824951171875
1768416544038364700,0.28836474609375,-0.0685272216796875,-0.9920501708984375,-0.0186004638671875
1768416544048365600,0.298365478515625,-0.06927490234375,-0.994903564453125,-0.0162200927734375
1768416544058367500,0.308367431640625,-0.067474365234375,-0.9993896484375,-0.01629638671875
1768416544068369700,0.31836962890625,-0.0647735595703125,-1.00177001953125,-0.0165863037109375
1768416544078370600,0.32837060546875,-0.0655975341796875,-1.00323486328125,-0.0139312744140625
1768416544088372500,0.33837255859375,-0.0626373291015625,-1.0031280517578125,-0.011627197265625
1768416544098373600,0.34837353515625,-0.0616607666015625,-1.0044708251953125,-0.0124053955078125
1768416544108375600,0.35837548828125,-0.0643157958984375,-1.001922607421875,-0.0143280029296875
1768416544118377700,0.368377685546875,-0.0655517578125,-0.999542236328125,-0.0156097412109375
1768416544128378600,0.378378662109375,-0.0659027099609375,-0.9978485107421875,-0.0135498046875
1768416544138380500,0.388380615234375,-0.06488037109375,-0.9957427978515625,-0.013153076171875
1768416544148381400,0.39838134765625,-0.0645904541015625,-0.9941558837890625,-0.0099639892578125
1768416544158383600,0.408383544921875,-0.0658416748046875,-0.9972686767578125,-0.0111083984375
1768416544168385500,0.418385498046875,-0.06768798828125,-1.0019989013671875,-0.013214111328125
1768416544178386700,0.42838671875,-0.067779541015625,-1.0013885498046875,-0.0123748779296875
1768416544188388600,0.438388671875,-0.0677032470703125,-1.0006103515625,-0.012664794921875
1768416544198389500,0.448389404296875,-0.065704345703125,-1.00054931640625,-0.014617919921875
1768416544208391700,0.4583916015625,-0.064239501953125,-0.997711181640625,-0.015960693359375
1768416544218393600,0.4683935546875,-0.06414794921875,-0.99749755859375,-0.014892578125
1768416544228394500,0.47839453125,-0.0656280517578125,-0.9971466064453125,-0.0171051025390625
1768416544238396700,0.488396728515625,-0.064117431640625,-0.9979400634765625,-0.017364501953125
1768416544248397600,0.4983974609375,-0.0635528564453125,-0.9970703125,-0.015777587890625
1768416544258399500,0.5083994140625,-0.0634918212890625,-0.9952239990234375,-0.01678466796875
1768416544268401700,0.518401611328125,-0.06268310546875,-0.9978179931640625,-0.0165557861328125
1768416544278402800,0.52840283203125,-0.062652587890625,-0.9995574951171875,-0.0161285400390625
1768416544288404700,0.53840478515625,-0.0643463134765625,-1.0003662109375,-0.0155487060546875
1768416544298405600,0.548405517578125,-0.068115234375,-0.9975433349609375,-0.0153656005859375
1768416544308407800,0.55840771484375,-0.0694580078125,-0.996673583984375,-0.016448974609375
1768416544318409700,0.56840966796875,-0.0685882568359375,-0.9960784912109375,-0.017822265625
1768416544328410600,0.57841064453125,-0.0674591064453125,-0.9978485107421875,-0.0191650390625
1768416544338412800,0.588412841796875,-0.0676727294921875,-0.9983062744140625,-0.0173797607421875
1768416544348413700,0.59841357421875,-0.068023681640625,-0.997711181640625,-0.017578125
1768416544358415600,0.60841552734375,-0.06842041015625,-0.998016357421875,-0.018890380859375
1768416544368417800,0.618417724609375,-0.0686492919921875,-0.9994659423828125,-0.019866943359375
1768416544378418700,0.628418701171875,-0.0725250244140625,-1.001068115234375,-0.01800537109375
1768416544388420900,0.6384208984375,-0.072784423828125,-1.000030517578125,-0.017852783203125
1768416544398421800,0.648421875,-0.07403564453125,-1.00079345703125,-0.0186004638671875
1768416544408423700,0.658423583984375,-0.0743865966796875,-1.0009002685546875,-0.0192413330078125
1768416544418425900,0.66842578125,-0.0746307373046875,-1.0006561279296875,-0.0207366943359375
1768416544428426800,0.6784267578125,-0.0736541748046875,-0.9994964599609375,-0.0211334228515625
1768416544438428700,0.6884287109375,-0.07208251953125,-0.9972076416015625,-0.020538330078125
1768416544448429800,0.698429931640625,-0.069183349609375,-0.9955902099609375,-0.0174102783203125
1768416544458431700,0.708431640625,-0.0675811767578125,-0.9940185546875,-0.016998291015625
1768416544468433700,0.71843359375,-0.06781005859375,-0.995758056640625,-0.016265869140625
1768416544478434800,0.728434814453125,-0.0685577392578125,-0.99609375,-0.01556396484375
1768416544488436700,0.738436767578125,-0.0703277587890625,-0.9971466064453125,-0.0148468017578125
1768416544498437600,0.748437744140625,-0.07061767578125,-0.9977264404296875,-0.0153045654296875
1768416544508439800,0.758439697265625,-0.07293701171875,-0.9969482421875,-0.013336181640625
1768416544518441700,0.768441650390625,-0.0726318359375,-0.9986419677734375,-0.0137786865234375
1768416544528442600,0.778442626953125,-0.073699951171875,-1.0005950927734375,-0.0098419189453125
1768416544538444800,0.78844482421875,-0.0743865966796875,-1.0004730224609375,-0.00860595703125
1768416544548445700,0.79844580078125,-0.0730438232421875,-0.9995574951171875,-0.0092926025390625
1768416544558447600,0.808447509765625,-0.07379150390625,-0.999114990234375,-0.008758544921875
1768416544568449800,0.81844970703125,-0.0746917724609375,-0.997955322265625,-0.010467529296875
1768416544578450700,0.82845068359375,-0.0758209228515625,-0.9950714111328125,-0.012359619140625
1768416544588452900,0.838452880859375,-0.07452392578125,-0.9952392578125,-0.0131378173828125
1768416544598453800,0.848453857421875,-0.0749053955078125,-0.99700927734375,-0.0133819580078125
1768416544608455700,0.85845556640625,-0.07550048828125,-0.9992218017578125,-0.01275634765625
1768416544618457900,0.868457763671875,-0.0745697021484375,-1.0008697509765625,-0.012847900390625
1768416544628458800,0.878458740234375,-0.075439453125,-1.000885009765625,-0.01348876953125
1768416544638460700,0.888460693359375,-0.0749969482421875,-1.001861572265625,-0.0139617919921875
1768416544648461800,0.8984619140625,-0.0753021240234375,-1.001953125,-0.0140380859375
1768416544658463700,0.908463623046875,-0.0747833251953125,-0.99774169921875,-0.0140838623046875
1768416544668465700,0.918465576171875,-0.07550048828125,-0.9974212646484375,-0.01397705078125
1768416544678466800,0.928466796875,-0.074066162109375,-0.9967041015625,-0.012786865234375
1768416544688468700,0.93846875,-0.07489013671875,-0.997772216796875,-0.012786865234375
1768416544698469600,0.9484697265625,-0.0797882080078125,-0.9965667724609375,-0.01409912109375
1768416544708471800,0.958471923828125,-0.0769805908203125,-0.9977264404296875,-0.0139007568359375
1768416544718473700,0.9684736328125,-0.0729217529296875,-1.0002288818359375,-0.009613037109375
1768416544728474600,0.978474609375,-0.0700225830078125,-1.0001678466796875,-0.0135040283203125
1768416544738476800,0.988476806640625,-0.0707550048828125,-0.9993896484375,-0.0157318115234375
1768416544748477700,0.998477783203125,-0.0750885009765625,-0.9949188232421875,-0.0162200927734375
1768416544758479600,1.008479736328125,-0.07794189453125,-0.9935455322265625,-0.0171661376953125
1768416544768480800,1.018480712890625,-0.0776519775390625,-0.9948577880859375,-0.0169677734375
1768416544778482700,1.028482666015625,-0.0758209228515625,-0.9980316162109375,-0.0146331787109375
1768416544788484900,1.03848486328125,-0.0722198486328125,-0.9992828369140625,-0.013427734375
1768416544798485800,1.04848583984375,-0.073638916015625,-1.00018310546875,-0.0119171142578125
1768416544808487700,1.05848779296875,-0.0697479248046875,-1.002960205078125,-0.0127105712890625
1768416544818489900,1.06848974609375,-0.0703125,-1.002685546875,-0.0133056640625
1768416544828490800,1.07849072265625,-0.0738525390625,-1.000396728515625,-0.0157623291015625
1768416544838492700,1.08849267578125,-0.0758819580078125,-0.9956512451171875,-0.015533447265625
1768416544848493800,1.098493896484375,-0.075653076171875,-0.9961395263671875,-0.01641845703125
1768416544858495700,1.108495849609375,-0.0767364501953125,-0.997222900390625,-0.01806640625
1768416544868496600,1.11849658203125,-0.0775604248046875,-0.9972686767578125,-0.0174102783203125
1768416544878498800,1.128498779296875,-0.07623291015625,-0.99798583984375,-0.0162200927734375
1768416544888500700,1.138500732421875,-0.07568359375,-1.0001373291015625,-0.0160980224609375
1768416544898501600,1.148501708984375,-0.0739593505859375,-1.0003814697265625,-0.0164337158203125
1768416544908503800,1.15850390625,-0.073028564453125,-1.001953125,-0.016693115234375
1768416544918504700,1.168504638671875,-0.0724334716796875,-1.00128173828125,-0.017242431640625
1768416544928506600,1.178506591796875,-0.075347900390625,-0.999603271484375,-0.0173797607421875
1768416544938508800,1.1885087890625,-0.075286865234375,-0.99908447265625,-0.0149688720703125
1768416544948509700,1.198509765625,-0.072479248046875,-0.996917724609375,-0.0157623291015625
1768416544958511600,1.20851171875,-0.074859619140625,-0.9966583251953125,-0.0146636962890625
1768416544968512800,1.2185126953125,-0.076446533203125,-0.996673583984375,-0.015472412109375
1768416544978514700,1.2285146484375,-0.074371337890625,-0.9957733154296875,-0.0181427001953125
1768416544988516900,1.238516845703125,-0.0747222900390625,-0.9971771240234375,-0.0181427001953125
1768416544998517800,1.248517822265625,-0.077484130859375,-0.9971923828125,-0.017181396484375
1768416545008519700,1.258519775390625,-0.07647705078125,-0.99737548828125,-0.0161590576171875
1768416545018520600,1.2685205078125,-0.0774383544921875,-0.9965972900390625,-0.014801025390625
1768416545028522800,1.278522705078125,-0.0763702392578125,-0.9968414306640625,-0.01470947265625
1768416545038524700,1.288524658203125,-0.076507568359375,-0.9984893798828125,-0.01348876953125
1768416545048525800,1.29852587890625,-0.07464599609375,-0.99835205078125,-0.013519287109375
1768416545058527700,1.30852783203125,-0.0732879638671875,-0.9974365234375,-0.01458740234375
1768416545068528600,1.318528564453125,-0.0740203857421875,-0.9978790283203125,-0.016021728515625
1768416545078530800,1.32853076171875,-0.07440185546875,-0.9980010986328125,-0.0148162841796875
1768416545088532700,1.33853271484375,-0.075347900390625,-0.9988861083984375,-0.0144805908203125
1768416545098533600,1.34853369140625,-0.077301025390625,-0.998382568359375,-0.0135955810546875
1768416545108535800,1.358535888671875,-0.078277587890625,-0.997650146484375,-0.0127716064453125
1768416545118536700,1.36853662109375,-0.0775909423828125,-0.996673583984375,-0.014678955078125
1768416545128538600,1.37853857421875,-0.0780029296875,-0.9953460693359375,-0.0147552490234375
1768416545138540800,1.388540771484375,-0.0759124755859375,-0.997772216796875,-0.013702392578125
1768416545148541700,1.398541748046875,-0.0748748779296875,-1.0005645751953125,-0.0147857666015625
1768416545158543600,1.408543701171875,-0.075439453125,-0.999847412109375,-0.013092041015625
1768416545168544800,1.418544677734375,-0.0736541748046875,-0.999603271484375,-0.013916015625
1768416545178546700,1.428546630859375,-0.07440185546875,-0.9992828369140625,-0.0138092041015625
1768416545188548900,1.438548828125,-0.075714111328125,-0.9990081787109375,-0.0150909423828125
1768416545198549800,1.4485498046875,-0.0777740478515625,-0.998565673828125,-0.0155029296875
1768416545208551700,1.4585517578125,-0.079254150390625,-0.9972381591796875,-0.01470947265625
1768416545218552600,1.468552490234375,-0.0784149169921875,-0.996734619140625,-0.013031005859375
1768416545228554800,1.4785546875,-0.07861328125,-0.997100830078125,-0.0153656005859375
1768416545238556700,1.488556640625,-0.0767669677734375,-0.9964752197265625,-0.016204833984375
1768416545248557800,1.498557861328125,-0.07720947265625,-0.9972381591796875,-0.0161285400390625
1768416545258559700,1.508559814453125,-0.0777130126953125,-0.9979705810546875,-0.0152130126953125
1768416545268560400,1.518560302734375,-0.07611083984375,-0.9971466064453125,-0.0143890380859375
1768416545278562600,1.5285625,-0.077362060546875,-0.9965362548828125,-0.0146484375
1768416545288564500,1.538564453125,-0.07794189453125,-0.9971923828125,-0.011749267578125
1768416545298565400,1.5485654296875,-0.077239990234375,-0.9980926513671875,-0.0147705078125
1768416545308567600,1.558567626953125,-0.0760955810546875,-0.9993438720703125,-0.0142669677734375
1768416545318568400,1.568568359375,-0.0767364501953125,-1.000457763671875,-0.0157623291015625
1768416545328570400,1.5785703125,-0.0772705078125,-0.9997100830078125,-0.0150146484375
1768416545338571500,1.588571533203125,-0.0773773193359375,-1.000274658203125,-0.015228271484375
1768416545348573400,1.598573486328125,-0.0772857666015625,-0.9984130859375,-0.0153961181640625
1768416545358575400,1.608575439453125,-0.0773468017578125,-0.9960784912109375,-0.015625
1768416545368576500,1.618576416015625,-0.0770416259765625,-0.9957733154296875,-0.0169830322265625
1768416545378578400,1.628578369140625,-0.07598876953125,-0.9956512451171875,-0.0164794921875
1768416545388579300,1.638579345703125,-0.07647705078125,-0.9974212646484375,-0.01446533203125
1768416545398581500,1.64858154296875,-0.07666015625,-0.9983367919921875,-0.0146026611328125
1768416545408583400,1.65858349609375,-0.0769805908203125,-0.9986114501953125,-0.012481689453125
1768416545418584300,1.668584228515625,-0.0768890380859375,-0.998504638671875,-0.0122833251953125
1768416545428586500,1.67858642578125,-0.075836181640625,-0.9970245361328125,-0.01177978515625
1768416545438587400,1.68858740234375,-0.07415771484375,-0.997650146484375,-0.0133209228515625
1768416545448589600,1.698589599609375,-0.0746612548828125,-0.99591064453125,-0.0148162841796875
1768416545458591500,1.708591552734375,-0.0782012939453125,-0.9983978271484375,-0.015960693359375
1768416545468592400,1.71859228515625,-0.079132080078125,-0.9979705810546875,-0.01751708984375
1768416545478594600,1.728594482421875,-0.07958984375,-0.9973602294921875,-0.015533447265625
1768416545488595500,1.738595458984375,-0.07843017578125,-0.998291015625,-0.0150299072265625
1768416545498597400,1.748597412109375,-0.0767974853515625,-0.998199462890625,-0.0122222900390625
1768416545508599600,1.758599609375,-0.072540283203125,-0.9994354248046875,-0.01434326171875
1768416545518600400,1.768600341796875,-0.072723388671875,-0.99884033203125,-0.0157928466796875
1768416545528602400,1.778602294921875,-0.07855224609375,-0.996337890625,-0.016693115234375
1768416545538603500,1.788603515625,-0.0801849365234375,-0.9946441650390625,-0.0159759521484375
1768416545548605400,1.79860546875,-0.0821990966796875,-0.996612548828125,-0.0130615234375
1768416545558607400,1.808607421875,-0.0781097412109375,-1.000213623046875,-0.0133514404296875
1768416545568608500,1.8186083984375,-0.07513427734375,-1.000030517578125,-0.0131988525390625
1768416545578610400,1.8286103515625,-0.0757598876953125,-1.0002288818359375,-0.013092041015625
1768416545588611300,1.838611328125,-0.0735015869140625,-0.9983978271484375,-0.0126800537109375
1768416545598613500,1.848613525390625,-0.075042724609375,-0.99835205078125,-0.0118560791015625
1768416545608615400,1.858615478515625,-0.0810394287109375,-0.996246337890625,-0.0107269287109375
1768416545618616300,1.8686162109375,-0.0816802978515625,-0.99627685546875,-0.010955810546875
1768416545628618500,1.878618408203125,-0.080352783203125,-0.9972381591796875,-0.010650634765625
1768416545638619400,1.888619384765625,-0.0763702392578125,-0.9986572265625,-0.011932373046875
1768416545648621600,1.89862158203125,-0.074188232421875,-0.996368408203125,-0.011871337890625
1768416545658622500,1.90862255859375,-0.077667236328125,-0.996917724609375,-0.0142364501953125
1768416545668624400,1.918624267578125,-0.0784454345703125,-0.9965362548828125,-0.013580322265625
1768416545678626600,1.92862646484375,-0.0763092041015625,-0.9967193603515625,-0.0145263671875
1768416545688627500,1.93862744140625,-0.076507568359375,-0.9984893798828125,-0.015777587890625
1768416545698629400,1.94862939453125,-0.07733154296875,-0.9985198974609375,-0.0167083740234375
1768416545708630500,1.958630615234375,-0.0774993896484375,-0.998779296875,-0.0168609619140625
1768416545718632400,1.968632568359375,-0.0743560791015625,-0.9983673095703125,-0.01531982421875
1768416545728634400,1.97863427734375,-0.0762939453125,-0.99749755859375,-0.0151824951171875
1768416545738635500,1.988635498046875,-0.075469970703125,-0.9979400634765625,-0.0158843994140625
1768416545748637400,1.998637451171875,-0.0751495361328125,-0.996917724609375,-0.0161895751953125
1768416545758638300,2.008638427734375,-0.075439453125,-0.99725341796875,-0.0141448974609375
1768416545768640500,2.018640625,-0.074188232421875,-0.9993438720703125,-0.0116424560546875
1768416545778642400,2.028642333984375,-0.0726318359375,-1.0013275146484375,-0.0109100341796875
1768416545788643300,2.038643310546875,-0.07086181640625,-1.000244140625,-0.0109710693359375
1768416545798645500,2.0486455078125,-0.0724334716796875,-0.999603271484375,-0.0102081298828125
1768416545808646400,2.058646484375,-0.075775146484375,-0.998382568359375,-0.0142364501953125
1768416545818648300,2.0686484375,-0.07537841796875,-0.99884033203125,-0.016815185546875
1768416545828650500,2.078650390625,-0.0771484375,-0.99774169921875,-0.01776123046875
1768416545838651400,2.0886513671875,-0.076873779296875,-0.99676513671875,-0.0164642333984375
1768416545848653600,2.098653564453125,-0.0762786865234375,-0.994537353515625,-0.0142822265625
1768416545858654500,2.108654541015625,-0.0767822265625,-0.9919891357421875,-0.0127716064453125
1768416545868656400,2.118656494140625,-0.0776519775390625,-0.9948883056640625,-0.012603759765625
1768416545878657300,2.1286572265625,-0.076446533203125,-0.996856689453125,-0.0119476318359375
1768416545888659500,2.138659423828125,-0.0732574462890625,-0.9972991943359375,-0.010467529296875
1768416545898661400,2.148661376953125,-0.0731964111328125,-0.99871826171875,-0.011993408203125
1768416545908662500,2.15866259765625,-0.0743255615234375,-0.9988861083984375,-0.0130462646484375
1768416545918664400,2.16866455078125,-0.0736846923828125,-0.999267578125,-0.011749267578125
1768416545928665300,2.178665283203125,-0.072265625,-0.999786376953125,-0.01434326171875
1768416545938667500,2.18866748046875,-0.0722503662109375,-0.9984130859375,-0.0166015625
1768416545948669400,2.19866943359375,-0.0723419189453125,-0.9981842041015625,-0.018402099609375
1768416545958670300,2.20867041015625,-0.073883056640625,-0.99725341796875,-0.017547607421875
1768416545968672500,2.218672607421875,-0.076904296875,-0.996490478515625,-0.0172271728515625
1768416545978673400,2.22867333984375,-0.0768890380859375,-0.99761962890625,-0.0162506103515625
1768416545988675300,2.23867529296875,-0.075347900390625,-0.997406005859375,-0.01544189453125
1768416545998677500,2.248677490234375,-0.0731201171875,-0.9955902099609375,-0.0153961181640625
1768416546008678400,2.258678466796875,-0.0721435546875,-0.9954986572265625,-0.0170745849609375
1768416546018680600,2.2686806640625,-0.0719757080078125,-0.9962615966796875,-0.017242431640625
1768416546028681500,2.278681396484375,-0.0735626220703125,-0.998138427734375,-0.017730712890625
1768416546038683400,2.288683349609375,-0.071990966796875,-1.0004730224609375,-0.0181121826171875
1768416546048684300,2.298684326171875,-0.0708770751953125,-1.00054931640625,-0.017364501953125
1768416546058686500,2.3086865234375,-0.0694580078125,-1.0004730224609375,-0.017303466796875
1768416546068688400,2.3186884765625,-0.068359375,-1.000732421875,-0.0177764892578125
1768416546078689300,2.328689208984375,-0.0683135986328125,-0.99945068359375,-0.018035888671875
1768416546088691500,2.33869140625,-0.0700225830078125,-0.999053955078125,-0.0182342529296875
1768416546098692400,2.3486923828125,-0.07110595703125,-0.998199462890625,-0.017486572265625
1768416546108694500,2.358694580078125,-0.0709991455078125,-0.996673583984375,-0.0182037353515625
1768416546118696400,2.368696533203125,-0.0719451904296875,-0.99530029296875,-0.0193328857421875
1768416546128697300,2.378697265625,-0.070281982421875,-0.9917449951171875,-0.0189056396484375
1768416546138699500,2.388699462890625,-0.0657501220703125,-0.9867401123046875,-0.0194244384765625
1768416546148700400,2.398700439453125,-0.066009521484375,-0.982666015625,-0.0251922607421875
1768416546158702300,2.408702392578125,-0.0715789794921875,-0.9748382568359375,-0.024566650390625
1768416546168704500,2.41870458984375,-0.0807037353515625,-0.9703826904296875,-0.0200653076171875
1768416546178705400,2.428705322265625,-0.0846099853515625,-0.9693603515625,-0.0169830322265625
1768416546188707300,2.438707275390625,-0.08099365234375,-0.97015380859375,-0.0090484619140625
1768416546198708500,2.44870849609375,-0.0760955810546875,-0.9771575927734375,0.00909423828125
1768416546208710400,2.45871044921875,-0.081573486328125,-0.9917755126953125,0.0227508544921875
1768416546218711300,2.468711181640625,-0.0858917236328125,-1.00030517578125,0.025390625
1768416546228713500,2.47871337890625,-0.073150634765625,-0.9974212646484375,0.02435302734375
1768416546238715400,2.48871533203125,-0.059661865234375,-0.99285888671875,0.0246124267578125
1768416546248716300,2.49871630859375,-0.0587158203125,-0.988739013671875,0.0250701904296875
1768416546258718500,2.508718505859375,-0.0623779296875,-0.9918212890625,0.024139404296875
1768416546268719000,2.518718994140625,-0.074737548828125,-1.001556396484375,0.0201416015625
1768416546278721000,2.528720947265625,-0.0967864990234375,-1.01611328125,0.012481689453125
1768416546288723000,2.538722900390625,-0.126495361328125,-1.0326080322265625,0.0130615234375
1768416546298724000,2.54872412109375,-0.1456298828125,-1.045562744140625,0.0230560302734375
1768416546308726000,2.55872607421875,-0.143829345703125,-1.0517120361328125,0.0342864990234375
1768416546318727000,2.568726806640625,-0.131103515625,-1.052398681640625,0.037689208984375
1768416546328729000,2.57872900390625,-0.110992431640625,-1.0488433837890625,0.0304718017578125
1768416546338730000,2.58872998046875,-0.094696044921875,-1.044708251953125,0.0155029296875
1768416546348732000,2.59873193359375,-0.0943450927734375,-1.0443572998046875,0.002288818359375
1768416546358734000,2.608734130859375,-0.1038818359375,-1.0503387451171875,-0.003631591796875
1768416546368735000,2.61873486328125,-0.107208251953125,-1.0478668212890625,-0.00177001953125
1768416546378737000,2.62873681640625,-0.1068115234375,-1.0440673828125,0.001708984375
1768416546388738000,2.638738037109375,-0.0985870361328125,-1.03521728515625,0.0038909912109375
1768416546398740000,2.648739990234375,-0.0944976806640625,-1.0256805419921875,0.0057830810546875
1768416546408742100,2.6587421875,-0.0983734130859375,-1.0137481689453125,0.0048675537109375
1768416546418743000,2.668742919921875,-0.10693359375,-1.0044097900390625,0.000213623046875
1768416546428745000,2.678744873046875,-0.11456298828125,-0.9953460693359375,-0.0049591064453125
1768416546438745900,2.688745849609375,-0.1195831298828125,-0.9887237548828125,-0.007232666015625
1768416546448748000,2.698748046875,-0.1124114990234375,-0.9846038818359375,-0.0043487548828125
1768416546458749000,2.7087490234375,-0.0942535400390625,-0.9778900146484375,0.000457763671875
1768416546468751000,2.718751220703125,-0.0808563232421875,-0.9752960205078125,0.0060272216796875
1768416546478753000,2.7287529296875,-0.07110595703125,-0.9705963134765625,0.009429931640625
1768416546488754000,2.73875390625,-0.0622406005859375,-0.9685516357421875,0.0135040283203125
1768416546498756000,2.748756103515625,-0.0628814697265625,-0.967376708984375,0.0184478759765625
1768416546508757000,2.758757080078125,-0.0626068115234375,-0.974945068359375,0.0122528076171875
1768416546518759000,2.768759033203125,-0.0557861328125,-0.982147216796875,0.005218505859375
1768416546528761000,2.778760986328125,-0.0532073974609375,-0.988433837890625,-0.0090789794921875
1768416546538762000,2.788761962890625,-0.056854248046875,-0.9893646240234375,-0.0224151611328125
1768416546548764000,2.798763916015625,-0.0645294189453125,-0.9799041748046875,-0.039947509765625
1768416546558765000,2.80876513671875,-0.073760986328125,-0.966278076171875,-0.047760009765625
1768416546568767000,2.81876708984375,-0.084503173828125,-0.953704833984375,-0.052642822265625
1768416546578768100,2.82876806640625,-0.091217041015625,-0.944488525390625,-0.0557861328125
1768416546588770000,2.83877001953125,-0.101531982421875,-0.93878173828125,-0.0595703125
1768416546598772000,2.84877197265625,-0.112579345703125,-0.938690185546875,-0.06207275390625
1768416546608773000,2.858773193359375,-0.1265106201171875,-0.9437713623046875,-0.062042236328125
1768416546618775000,2.868775146484375,-0.1313934326171875,-0.9511566162109375,-0.0650482177734375
1768416546628776200,2.878776123046875,-0.1372222900390625,-0.96307373046875,-0.06964111328125
1768416546638777900,2.88877783203125,-0.138824462890625,-0.9742584228515625,-0.070404052734375
1768416546648779300,2.898779296875,-0.1284332275390625,-0.98590087890625,-0.0686187744140625
1768416546658781000,2.908781005859375,-0.1278228759765625,-0.9989471435546875,-0.0661163330078125
1768416546668783000,2.918783203125,-0.136810302734375,-1.006378173828125,-0.0609283447265625
1768416546678784300,2.9287841796875,-0.1484222412109375,-1.0109100341796875,-0.0579986572265625
1768416546688786000,2.938785888671875,-0.1552276611328125,-1.0143280029296875,-0.0546112060546875
1768416546698787000,2.948787109375,-0.155364990234375,-1.015716552734375,-0.0557098388671875
1768416546708789000,2.9587890625,-0.14569091796875,-1.018951416015625,-0.0592041015625
1768416546718791000,2.968791015625,-0.1468658447265625,-1.017181396484375,-0.067230224609375
1768416546728792000,2.9787919921875,-0.1550140380859375,-1.0096893310546875,-0.07611083984375
1768416546738794000,2.9887939453125,-0.16583251953125,-0.998046875,-0.0843658447265625
1768416546748795100,2.998795166015625,-0.17291259765625,-0.9829559326171875,-0.0928192138671875
1768416546758797000,3.008797119140625,-0.18084716796875,-0.9712371826171875,-0.1027984619140625
1768416546768798200,3.018798095703125,-0.19464111328125,-0.959808349609375,-0.108673095703125
1768416546778800000,3.028800048828125,-0.2055511474609375,-0.9530487060546875,-0.1094818115234375
1768416546788802000,3.038802001953125,-0.215850830078125,-0.95599365234375,-0.1059417724609375
1768416546798803200,3.04880322265625,-0.22210693359375,-0.966033935546875,-0.0973358154296875
1768416546808804900,3.058804931640625,-0.2293548583984375,-0.97967529296875,-0.0872039794921875
1768416546818806300,3.06880615234375,-0.2349700927734375,-0.99310302734375,-0.0791015625
1768416546828808200,3.07880810546875,-0.2345733642578125,-0.9947967529296875,-0.0749969482421875
1768416546838809000,3.08880908203125,-0.2289581298828125,-0.9860382080078125,-0.069580078125
1768416546848811300,3.098811279296875,-0.2220611572265625,-0.9735870361328125,-0.07220458984375
1768416546858813000,3.10881298828125,-0.21942138671875,-0.953857421875,-0.077239990234375
1768416546868814000,3.11881396484375,-0.2098846435546875,-0.938720703125,-0.083160400390625
1768416546878816000,3.12881591796875,-0.201904296875,-0.9326934814453125,-0.0943603515625
1768416546888817200,3.138817138671875,-0.1990509033203125,-0.9274444580078125,-0.1008453369140625
1768416546898819000,3.148819091796875,-0.199951171875,-0.9217681884765625,-0.1094818115234375
1768416546908820200,3.1588203125,-0.20196533203125,-0.9155120849609375,-0.1171722412109375
1768416546918822100,3.168822265625,-0.20361328125,-0.904205322265625,-0.112274169921875
1768416546928824000,3.178823974609375,-0.2112274169921875,-0.894439697265625,-0.1078643798828125
1768416546938825200,3.1888251953125,-0.2214813232421875,-0.891387939453125,-0.1070709228515625
1768416546948827100,3.1988271484375,-0.225860595703125,-0.8938751220703125,-0.103271484375
1768416546958828000,3.208828125,-0.2313232421875,-0.90020751953125,-0.102569580078125
1768416546968830200,3.218830322265625,-0.2319488525390625,-0.9060821533203125,-0.0995635986328125
1768416546978832100,3.22883203125,-0.2283172607421875,-0.91339111328125,-0.0977020263671875
1768416546988833300,3.238833251953125,-0.2304840087890625,-0.918701171875,-0.0934600830078125
1768416546998835200,3.248835205078125,-0.22637939453125,-0.9163970947265625,-0.08172607421875
1768416547008836000,3.258836181640625,-0.2209014892578125,-0.9188079833984375,-0.0677337646484375
1768416547018838300,3.26883837890625,-0.2187347412109375,-0.925048828125,-0.053436279296875
1768416547028839200,3.278839111328125,-0.2184600830078125,-0.931915283203125,-0.039459228515625
1768416547038841000,3.288841064453125,-0.222564697265625,-0.939697265625,-0.0325927734375
1768416547048843300,3.29884326171875,-0.2311859130859375,-0.9438018798828125,-0.031219482421875
1768416547058844200,3.30884423828125,-0.240936279296875,-0.950347900390625,-0.031890869140625
1768416547068846000,3.31884619140625,-0.2480926513671875,-0.9581298828125,-0.024505615234375
1768416547078847200,3.32884716796875,-0.2556915283203125,-0.96844482421875,-0.008575439453125
1768416547088849200,3.33884912109375,-0.2597198486328125,-0.980926513671875,0.017303466796875
1768416547098850000,3.34885009765625,-0.265472412109375,-0.9946441650390625,0.045166015625
1768416547108852200,3.358852294921875,-0.2688140869140625,-1.00189208984375,0.06591796875
1768416547118854100,3.368854248046875,-0.27301025390625,-1.0016326904296875,0.0672454833984375
1768416547128855000,3.37885498046875,-0.2862701416015625,-0.99267578125,0.0529327392578125
1768416547138857200,3.388857177734375,-0.3053741455078125,-0.9732513427734375,0.038116455078125
1768416547148858000,3.398858154296875,-0.32037353515625,-0.953338623046875,0.0273284912109375
1768416547158860000,3.408860107421875,-0.321990966796875,-0.936065673828125,0.0245513916015625
1768416547168861200,3.418861083984375,-0.3161773681640625,-0.92779541015625,0.0246124267578125
1768416547178863000,3.428863037109375,-0.31927490234375,-0.9305267333984375,0.0189666748046875
1768416547188865300,3.438865234375,-0.3397979736328125,-0.9430389404296875,0.0149383544921875
1768416547198866200,3.4488662109375,-0.3504486083984375,-0.9603729248046875,0.0095367431640625
1768416547208868000,3.4588681640625,-0.2490692138671875,-0.9769134521484375,0.0023956298828125
1768416547218869000,3.468868896484375,-0.1166229248046875,-1.0540313720703125,0.0019989013671875
1768416547228871200,3.47887109375,-0.0330810546875,-1.2474212646484375,-0.0384979248046875
1768416547238872000,3.4888720703125,0.1491241455078125,-1.5162506103515625,-0.1215362548828125
1768416547248874200,3.498874267578125,0.2999420166015625,-1.75482177734375,-0.1342010498046875
1768416547258876200,3.508876220703125,0.2156524658203125,-2.025360107421875,-0.214599609375
1768416547268877300,3.518877197265625,-0.1149444580078125,-1.97198486328125,-0.3665618896484375
1768416547278879500,3.52887939453125,-0.3551025390625,-1.399200439453125,-0.3849334716796875
1768416547288880400,3.53888037109375,-0.4608154296875,-0.925811767578125,-0.320068359375
1768416547298882300,3.54888232421875,-0.4478912353515625,-0.691680908203125,-0.294097900390625
1768416547308883500,3.558883544921875,-0.3684539794921875,-0.563446044921875,-0.237091064453125
1768416547318885400,3.568885498046875,-0.3196563720703125,-0.519317626953125,-0.11468505859375
1768416547328887300,3.57888720703125,-0.299591064453125,-0.58831787109375,0.020294189453125
1768416547338888400,3.588888427734375,-0.2045135498046875,-0.7238311767578125,0.079193115234375
1768416547348890400,3.598890380859375,-0.0561370849609375,-0.883575439453125,0.1147613525390625
1768416547358891300,3.608891357421875,0.097442626953125,-1.048492431640625,0.1190338134765625
1768416547368893400,3.6188935546875,0.2091064453125,-1.1969757080078125,0.096771240234375
1768416547378894300,3.628894287109375,0.183441162109375,-1.3315887451171875,0.081787109375
1768416547388896300,3.638896240234375,0.0911102294921875,-1.3983001708984375,0.0523223876953125
1768416547398898400,3.6488984375,0.054443359375,-1.2528839111328125,0.0176239013671875
1768416547408899300,3.6588994140625,0.0584716796875,-1.0678863525390625,-0.0073394775390625
1768416547418901500,3.668901611328125,0.08154296875,-0.9309844970703125,-0.025360107421875
1768416547428902400,3.67890234375,0.086578369140625,-0.84149169921875,-0.0233612060546875
1768416547438904300,3.688904296875,0.1033172607421875,-0.8191986083984375,-0.0081787109375
1768416547448905200,3.6989052734375,0.102752685546875,-0.8702392578125,0.02032470703125
1768416547458907400,3.708907470703125,0.086334228515625,-0.962860107421875,0.0419158935546875
1768416547468909300,3.718909423828125,0.0624847412109375,-1.0655517578125,0.0289459228515625
1768416547478910500,3.728910400390625,0.024932861328125,-1.1435699462890625,-0.0013275146484375
1768416547488912400,3.738912353515625,-0.01226806640625,-1.177947998046875,-0.038909912109375
1768416547498913300,3.748913330078125,-0.020599365234375,-1.1458282470703125,-0.0584716796875
1768416547508915500,3.75891552734375,-0.006134033203125,-1.0731353759765625,-0.0606842041015625
1768416547518916400,3.768916259765625,0.016937255859375,-0.991546630859375,-0.0676727294921875
1768416547528918300,3.778918212890625,0.052703857421875,-0.9205322265625,-0.0537109375
1768416547538920400,3.78892041015625,0.076507568359375,-0.8598175048828125,-0.003448486328125
1768416547548921300,3.79892138671875,0.0979156494140625,-0.8143768310546875,0.047332763671875
1768416547558923300,3.80892333984375,0.111358642578125,-0.8001861572265625,0.0957794189453125
1768416547568924400,3.81892431640625,0.112060546875,-0.7966156005859375,0.1368255615234375
1768416547578926300,3.82892626953125,0.08917236328125,-0.78912353515625,0.14739990234375
1768416547588927200,3.83892724609375,0.0611724853515625,-0.780609130859375,0.1188507080078125
1768416547598929400,3.848929443359375,0.0355224609375,-0.7885284423828125,0.0501251220703125
1768416547608931300,3.858931396484375,0.0101776123046875,-0.8132781982421875,-0.024749755859375
1768416547618932200,3.86893212890625,0.0086517333984375,-0.854522705078125,-0.0703582763671875
1768416547628934400,3.878934326171875,0.0165863037109375,-0.90093994140625,-0.0702362060546875
1768416547638935300,3.888935302734375,0.0529937744140625,-0.9219512939453125,-0.110137939453125
1768416547648937200,3.898937255859375,0.0483551025390625,-0.954803466796875,-0.0906524658203125
1768416547658938400,3.9089384765625,-0.0032958984375,-0.9718475341796875,-0.020782470703125
1768416547668940300,3.918940185546875,-0.0764312744140625,-0.981903076171875,0.050567626953125
1768416547678942500,3.9289423828125,-0.12103271484375,-0.991180419921875,0.09539794921875
1768416547688943400,3.938943359375,-0.13812255859375,-1.0015106201171875,0.1264495849609375
1768416547698945300,3.9489453125,-0.1472930908203125,-1.01025390625,0.1654052734375
1768416547708946200,3.9589462890625,-0.1914825439453125,-1.01519775390625,0.2259674072265625
1768416547718948400,3.9689482421875,-0.2841949462890625,-1.0041656494140625,0.3521728515625
1768416547728949200,3.97894921875,-0.35137939453125,-0.9709014892578125,0.4682769775390625
1768416547738951400,3.988951416015625,-0.4317474365234375,-0.948638916015625,0.55511474609375
1768416547748953300,3.998953369140625,-0.396453857421875,-0.9676971435546875,0.5891571044921875
1768416547758954200,4.008954345703125,-0.208740234375,-1.0525665283203125,0.5157928466796875
1768416547768956400,4.018956298828125,-0.0190277099609375,-1.14874267578125,0.3118133544921875
1768416547778957300,4.028957275390625,0.0430755615234375,-1.2179107666015625,0.0894622802734375
1768416547788959200,4.038959228515625,-0.0587615966796875,-1.160491943359375,-0.0958251953125
1768416547798960400,4.04896044921875,-0.2958221435546875,-0.93499755859375,-0.287200927734375
1768416547808962300,4.05896240234375,-0.4069976806640625,-0.6302337646484375,-0.4565582275390625
1768416547818963200,4.068963134765625,-0.35394287109375,-0.401397705078125,-0.5660552978515625
1768416547828965400,4.07896533203125,-0.173583984375,-0.2934722900390625,-0.5988616943359375
1768416547838967300,4.08896728515625,0.092376708984375,-0.2821807861328125,-0.5012969970703125
1768416547848968200,4.09896826171875,0.285308837890625,-0.3369903564453125,-0.236175537109375
1768416547858970400,4.108970458984375,0.2523956298828125,-0.4138946533203125,0.0830230712890625
1768416547868971300,4.11897119140625,0.2122802734375,-0.4433441162109375,0.3606719970703125
1768416547878973200,4.12897314453125,0.1937408447265625,-0.4510040283203125,0.5170745849609375
1768416547888974300,4.138974365234375,0.073638916015625,-0.453277587890625,0.559112548828125
1768416547898976300,4.148976318359375,-0.038421630859375,-0.459503173828125,0.5711517333984375
1768416547908978200,4.158978271484375,0.0013885498046875,-0.4500885009765625,0.5550537109375
1768416547918979300,4.168979248046875,-0.0158843994140625,-0.477508544921875,0.47869873046875
1768416547928981200,4.178981201171875,-0.0409088134765625,-0.5871124267578125,0.3465423583984375
1768416547938982100,4.188982177734375,0.0212860107421875,-0.7192230224609375,0.189361572265625
1768416547948984300,4.198984375,-0.006103515625,-0.8399200439453125,0.0975494384765625
1768416547958985200,4.208985107421875,-0.0756683349609375,-0.9354705810546875,0.0423431396484375
1768416547968987100,4.218987060546875,-0.0499725341796875,-0.9801788330078125,-0.0460357666015625
1768416547978989300,4.2289892578125,0.0303497314453125,-0.943389892578125,-0.11260986328125
1768416547988990200,4.238990234375,0.136871337890625,-0.820220947265625,-0.1393890380859375
1768416547998992400,4.248992431640625,0.102447509765625,-0.6639251708984375,-0.100341796875
1768416548008993300,4.2589931640625,-0.02410888671875,-0.55908203125,-0.0088653564453125
1768416548018995200,4.2689951171875,-0.1656036376953125,-0.573486328125,0.1085357666015625
1768416548028996400,4.278996337890625,-0.2806396484375,-0.6360931396484375,0.30035400390625
1768416548038998300,4.288998291015625,-0.238006591796875,-0.72418212890625,0.418365478515625
1768416548048999400,4.29899951171875,-0.09112548828125,-0.76971435546875,0.3327789306640625
1768416548059001300,4.30900146484375,0.050140380859375,-0.7220611572265625,0.096221923828125
1768416548069003300,4.319003173828125,0.1031341552734375,-0.6070098876953125,-0.1263275146484375
1768416548079004200,4.329004150390625,0.2137451171875,-0.4737548828125,-0.2371063232421875
1768416548089006300,4.33900634765625,0.4420166015625,-0.3580474853515625,-0.2437286376953125
1768416548099007500,4.349007568359375,0.519866943359375,-0.2879486083984375,-0.193389892578125
1768416548109009200,4.359009033203125,0.195770263671875,-0.263397216796875,-0.110198974609375
1768416548119010600,4.369010498046875,-0.092041015625,-0.31658935546875,0.041595458984375
1768416548129012200,4.37901220703125,-0.0651702880859375,-0.411224365234375,0.1210479736328125
1768416548139014100,4.38901416015625,0.0052337646484375,-0.5090179443359375,0.1214141845703125
1768416548149015600,4.399015625,0.072540283203125,-0.542449951171875,0.1365203857421875
1768416548159017200,4.409017333984375,0.163665771484375,-0.5408477783203125,0.1428375244140625
1768416548169018400,4.419018310546875,0.2903900146484375,-0.5162506103515625,0.2374267578125
1768416548179020300,4.429020263671875,0.2924346923828125,-0.486083984375,0.3628082275390625
1768416548189021400,4.439021484375,0.3319549560546875,-0.527679443359375,0.310577392578125
1768416548199023400,4.4490234375,0.413665771484375,-0.624053955078125,0.140411376953125
1768416548209024500,4.4590244140625,0.4274749755859375,-0.738006591796875,-0.0733184814453125
1768416548219026400,4.4690263671875,0.603118896484375,-0.885345458984375,-0.4246368408203125
1768416548229028400,4.4790283203125,2.0142059326171875,-1.2528228759765625,-0.99212646484375
1768416548239029500,4.489029541015625,3.3175811767578125,-1.81072998046875,-0.79046630859375
1768416548254032400,4.504032470703125,1.8418731689453125,-4.0337371826171875,-0.4059906005859375
1768416548264033300,4.514033203125,1.97796630859375,-6.6263885498046875,-1.010162353515625
1768416548274035200,4.52403515625,1.2227325439453125,-7.6067047119140625,-1.1536865234375
1768416548284036000,4.5340361328125,0.0026397705078125,-5.8646087646484375,-0.8152313232421875
1768416548294038300,4.544038330078125,-0.6551361083984375,-2.71514892578125,-0.689788818359375
1768416548304039200,4.5540390625,-1.4197540283203125,-0.7422637939453125,-0.663665771484375
1768416548314041000,4.564041015625,-1.5110931396484375,0.4635162353515625,-0.249420166015625
1768416548324042200,4.574042236328125,-1.71923828125,1.2761688232421875,0.1205291748046875
1768416548334044200,4.584044189453125,-1.709930419921875,1.66925048828125,0.328277587890625
1768416548344046000,4.594046142578125,-0.92059326171875,1.5942535400390625,0.4083709716796875
1768416548354047200,4.604047119140625,0.1197662353515625,1.15679931640625,0.220977783203125
1768416548364049200,4.614049072265625,0.5699615478515625,0.7755584716796875,0.031768798828125
1768416548374050000,4.624050048828125,0.691497802734375,0.4904632568359375,-0.110809326171875
1768416548384052200,4.63405224609375,0.617767333984375,0.175994873046875,-0.1822967529296875
1768416548394053000,4.64405322265625,0.175323486328125,-0.0782012939453125,-0.1329345703125
1768416548404055000,4.654054931640625,-0.1511993408203125,-0.3011322021484375,-0.0877685546875
1768416548414056200,4.66405615234375,-0.049041748046875,-0.632415771484375,-0.0791168212890625
1768416548424058000,4.67405810546875,0.1959991455078125,-0.8896484375,-0.0341949462890625
1768416548434060000,4.68406005859375,0.35980224609375,-0.9319915771484375,-0.0513153076171875
1768416548444061200,4.694061279296875,0.244049072265625,-0.67840576171875,-0.090850830078125
1768416548454063000,4.70406298828125,0.3583221435546875,-0.254638671875,-0.27642822265625
1768416548464064000,4.71406396484375,0.529144287109375,-0.0431060791015625,-0.58306884765625
1768416548474066200,4.724066162109375,0.6319732666015625,0.0327301025390625,-0.9474639892578125
1768416548484067300,4.7340673828125,0.704803466796875,-0.0074462890625,-1.3533935546875
1768416548494069000,4.744069091796875,0.565185546875,-0.097869873046875,-1.7931365966796875
1768416548504070400,4.7540703125,0.52337646484375,-0.1325531005859375,-2.07122802734375
1768416548514072000,4.764072021484375,0.726776123046875,-0.1213836669921875,-2.128997802734375
1768416548524074200,4.77407421875,0.9473419189453125,-0.1264801025390625,-1.969940185546875
1768416548534075100,4.7840751953125,1.217315673828125,-0.1725006103515625,-1.5611419677734375
1768416548544077000,4.7940771484375,1.76251220703125,-0.1858673095703125,-1.00799560546875
1768416548554078200,4.804078125,2.1352996826171875,-0.215972900390625,-0.5945892333984375
1768416548564080000,4.814080078125,2.404937744140625,-0.237060546875,-0.381439208984375
1768416548574081300,4.824081298828125,2.1941680908203125,-0.233062744140625,-0.411712646484375
1768416548584083200,4.834083251953125,1.4716796875,-0.1130828857421875,-0.2198638916015625
1768416548594084400,4.84408447265625,-0.432769775390625,0.35089111328125,0.028350830078125
1768416548604086300,4.854086181640625,-0.8921051025390625,0.5107879638671875,-1.220794677734375
1768416548614088200,4.864088134765625,-0.0805816650390625,0.6280059814453125,-1.8195343017578125
1768416548624089300,4.87408935546875,-0.05731201171875,0.558013916015625,-1.6781768798828125
1768416548634091300,4.88409130859375,-0.7136688232421875,0.2211456298828125,-2.069610595703125
1768416548644092400,4.894092529296875,-0.5562591552734375,0.0874786376953125,-2.4772491455078125
1768416548654094300,4.90409423828125,-0.0833740234375,0.29583740234375,-2.570068359375
1768416548664095200,4.91409521484375,0.2169952392578125,0.4557952880859375,-2.9535675048828125
1768416548674097400,4.924097412109375,0.820556640625,0.29046630859375,-2.9745941162109375
1768416548684098300,4.934098388671875,0.8842926025390625,0.087432861328125,-2.7409515380859375
1768416548694100200,4.944100341796875,0.6009674072265625,-0.226806640625,-2.28582763671875
1768416548704102400,4.954102294921875,0.501373291015625,-0.436004638671875,-1.9291229248046875
1768416548714103300,4.964103271484375,0.06072998046875,-0.246826171875,-1.8177032470703125
1768416548724105200,4.974105224609375,-0.3200225830078125,0.17633056640625,-1.5056610107421875
1768416548734106400,4.9841064453125,-0.3905181884765625,0.4437408447265625,-1.0449066162109375
1768416548744108300,4.9941083984375,-0.3909454345703125,0.5038909912109375,-0.833099365234375
1768416548754109200,5.004109130859375,-0.5734710693359375,0.5565032958984375,-0.991455078125
1768416548764111400,5.014111328125,-0.5264129638671875,0.54473876953125,-1.09295654296875
1768416548774112300,5.0241123046875,-0.24725341796875,0.3966522216796875,-1.0558624267578125
1768416548784114200,5.0341142578125,-0.0269622802734375,0.1778411865234375,-0.836944580078125
1768416548794116400,5.044116455078125,0.0118408203125,-0.01385498046875,-0.611572265625
1768416548804117200,5.0541171875,0.070892333984375,-0.11767578125,-0.4861297607421875
1768416548814119200,5.064119140625,0.1500396728515625,-0.140716552734375,-0.4032745361328125
1768416548824120300,5.074120361328125,0.0607147216796875,-0.11053466796875,-0.413604736328125
1768416548834122200,5.084122314453125,-0.183074951171875,-0.0227203369140625,-0.4629974365234375
1768416548844123100,5.094123046875,-0.368072509765625,0.1026763916015625,-0.48004150390625
1768416548854125300,5.104125244140625,-0.3142242431640625,0.2082977294921875,-0.4775543212890625
1768416548864126200,5.114126220703125,-0.1810760498046875,0.2093048095703125,-0.4906005859375
1768416548874128100,5.124128173828125,-0.06268310546875,0.12176513671875,-0.4780426025390625
1768416548884130300,5.13413037109375,-0.0386199951171875,0.035675048828125,-0.46490478515625
1768416548894131200,5.144131103515625,-0.059326171875,-0.007537841796875,-0.4609832763671875
1768416548904133400,5.15413330078125,-0.1493377685546875,-0.02490234375,-0.5299224853515625
1768416548914134300,5.16413427734375,-0.274566650390625,0.04107666015625,-0.6932525634765625
1768416548924136200,5.17413623046875,-0.245361328125,0.1160125732421875,-0.9659576416015625
1768416548934137000,5.18413720703125,-0.1025238037109375,0.136566162109375,-1.32476806640625
1768416548944139300,5.19413916015625,-0.0546417236328125,0.1847686767578125,-1.634307861328125
1768416548954140200,5.20414013671875,-0.0623931884765625,0.2797698974609375,-1.8036651611328125
1768416548964142300,5.214142333984375,-0.02093505859375,0.3388519287109375,-1.8053131103515625
1768416548974144300,5.224144287109375,-0.0138397216796875,0.2873382568359375,-1.6998291015625
1768416548984145200,5.234145263671875,-0.105133056640625,0.2267608642578125,-1.56951904296875
1768416548994147300,5.244147216796875,-0.1610260009765625,0.1950225830078125,-1.4407958984375
1768416549004148200,5.254148193359375,-0.15716552734375,0.1730194091796875,-1.30859375
1768416549014150100,5.264150146484375,-0.1307830810546875,0.1806640625,-1.1493988037109375
1768416549024151000,5.274151123046875,-0.1123046875,0.17266845703125,-1.02880859375
1768416549034153200,5.2841533203125,-0.0970001220703125,0.1522369384765625,-0.9399566650390625
1768416549044154000,5.294154052734375,-0.123016357421875,0.133941650390625,-0.870269775390625
1768416549054156300,5.30415625,-0.1856536865234375,0.1202239990234375,-0.7974700927734375
1768416549064158200,5.314158203125,-0.19805908203125,0.132965087890625,-0.70404052734375
1768416549074159000,5.3241591796875,-0.1556549072265625,0.1291351318359375,-0.64373779296875
1768416549084161300,5.334161376953125,-0.14495849609375,0.1015472412109375,-0.614776611328125
1768416549094162200,5.344162109375,-0.200439453125,0.042755126953125,-0.6364898681640625
1768416549104164000,5.3541640625,-0.26080322265625,0.00640869140625,-0.667083740234375
1768416549114165200,5.364165283203125,-0.2566375732421875,-0.0038299560546875,-0.725494384765625
1768416549124167200,5.374167236328125,-0.2067108154296875,-0.0017547607421875,-0.801300048828125
1768416549134168000,5.38416796875,-0.1638641357421875,-0.0009918212890625,-0.8697357177734375
1768416549144170200,5.394170166015625,-0.127716064453125,-0.00726318359375,-0.9320831298828125
1768416549154171100,5.404171142578125,-0.09521484375,-0.024688720703125,-0.9824066162109375
1768416549164173000,5.414173095703125,-0.10699462890625,-0.0384368896484375,-1.0155487060546875
1768416549174175200,5.42417529296875,-0.15869140625,-0.0370941162109375,-1.0492095947265625
1768416549184176000,5.434176025390625,-0.20172119140625,-0.04010009765625,-1.095916748046875
1768416549194178000,5.444177978515625,-0.1922149658203125,-0.04632568359375,-1.1263885498046875
1768416549204179200,5.45417919921875,-0.1537933349609375,-0.059051513671875,-1.1428680419921875
1768416549214181000,5.46418115234375,-0.117919921875,-0.07489013671875,-1.143951416015625
1768416549224182000,5.47418212890625,-0.0949859619140625,-0.0951080322265625,-1.125946044921875
1768416549234184200,5.48418408203125,-0.0889129638671875,-0.119659423828125,-1.0901336669921875
1768416549244185000,5.49418505859375,-0.1019744873046875,-0.137176513671875,-1.0419769287109375
1768416549254187000,5.50418701171875,-0.1253814697265625,-0.1499176025390625,-0.9918212890625
1768416549264189200,5.514189208984375,-0.1426544189453125,-0.1595001220703125,-0.9426116943359375
1768416549274190000,5.524190185546875,-0.165802001953125,-0.1555023193359375,-0.902099609375
1768416549284192500,5.534192626953125,-0.1926116943359375,-0.145904541015625,-0.8830108642578125
1768416549294193400,5.544193359375,-0.1960906982421875,-0.1353607177734375,-0.8802032470703125
1768416549304195600,5.554195556640625,-0.1839447021484375,-0.131072998046875,-0.886138916015625
1768416549314196500,5.564196533203125,-0.171844482421875,-0.1209564208984375,-0.895172119140625
1768416549324198400,5.574198486328125,-0.1461181640625,-0.11993408203125,-0.9049530029296875
1768416549334199600,5.584199462890625,-0.1157989501953125,-0.1271820068359375,-0.9139251708984375
1768416549344201500,5.594201416015625,-0.0867462158203125,-0.135101318359375,-0.91790771484375
1768416549354202600,5.60420263671875,-0.0536041259765625,-0.1456146240234375,-0.918914794921875
1768416549364204500,5.61420458984375,-0.03118896484375,-0.153778076171875,-0.9234466552734375
1768416549374206500,5.62420654296875,-0.0341339111328125,-0.1561126708984375,-0.9385223388671875
1768416549384207400,5.634207275390625,-0.0388031005859375,-0.1486358642578125,-0.963470458984375
1768416549394209500,5.64420947265625,-0.06134033203125,-0.138275146484375,-0.9903411865234375
1768416549404210700,5.654210693359375,-0.095672607421875,-0.129852294921875,-1.015655517578125
1768416549414212400,5.66421240234375,-0.12115478515625,-0.1208343505859375,-1.02069091796875
1768416549424213800,5.6742138671875,-0.1294097900390625,-0.1124420166015625,-1.00830078125
1768416549434215400,5.68421533203125,-0.110382080078125,-0.1055755615234375,-0.99017333984375
1768416549444216600,5.694216552734375,-0.079315185546875,-0.1033935546875,-0.972625732421875
1768416549454218800,5.70421875,-0.0582122802734375,-0.1031951904296875,-0.9620361328125
1768416549464220400,5.714220458984375,-0.037200927734375,-0.0997772216796875,-0.9509429931640625
1768416549474221600,5.7242216796875,-0.008636474609375,-0.0935516357421875,-0.9403228759765625
1768416549484223500,5.734223388671875,0.0217132568359375,-0.0885467529296875,-0.9382171630859375
1768416549494224600,5.744224609375,0.04803466796875,-0.0862274169921875,-0.9503021240234375
1768416549504226600,5.7542265625,0.062774658203125,-0.081390380859375,-0.9719085693359375
1768416549514227700,5.764227783203125,0.0718841552734375,-0.0717010498046875,-0.9909210205078125
1768416549524229600,5.774229736328125,0.0788116455078125,-0.0576019287109375,-1.0002288818359375
1768416549534230500,5.78423046875,0.094329833984375,-0.039825439453125,-0.9896240234375
1768416549544232700,5.794232666015625,0.101959228515625,-0.0318756103515625,-0.9736785888671875
1768416549554233600,5.804233642578125,0.099761962890625,-0.0361328125,-0.962677001953125
1768416549564235800,5.81423583984375,0.104278564453125,-0.039398193359375,-0.9594879150390625
1768416549574237700,5.82423779296875,0.1139678955078125,-0.041259765625,-0.9697265625
1768416549584238600,5.834238525390625,0.1218109130859375,-0.0370025634765625,-0.984405517578125
1768416549594240800,5.84424072265625,0.1223297119140625,-0.0271453857421875,-0.996795654296875
1768416549604241700,5.85424169921875,0.114532470703125,-0.01483154296875,-1.0027313232421875
1768416549614243600,5.86424365234375,0.1167449951171875,-0.010894775390625,-1.0092315673828125
1768416549624244700,5.87424462890625,0.139007568359375,-0.012298583984375,-1.0134429931640625
1768416549634246700,5.88424658203125,0.1623992919921875,-0.01641845703125,-1.0174713134765625
1768416549644247600,5.89424755859375,0.1742706298828125,-0.0207061767578125,-1.02886962890625
1768416549654249700,5.904249755859375,0.1875,-0.015167236328125,-1.0272674560546875
1768416549664250600,5.914250732421875,0.1992645263671875,-0.0138397216796875,-1.0218658447265625
1768416549674252500,5.92425244140625,0.20599365234375,-0.0131378173828125,-1.0186004638671875
1768416549684254700,5.934254638671875,0.2054443359375,-0.01910400390625,-1.0259246826171875
1768416549694255600,5.944255615234375,0.211822509765625,-0.0224609375,-1.04180908203125
1768416549704257500,5.954257568359375,0.232177734375,-0.02447509765625,-1.0589599609375
1768416549714258700,5.9642587890625,0.2615203857421875,-0.0212554931640625,-1.06158447265625
1768416549724260600,5.974260498046875,0.28985595703125,-0.032684326171875,-1.0731353759765625
1768416549734261500,5.984261474609375,0.3119659423828125,-0.031463623046875,-1.058013916015625
1768416549744263700,5.994263671875,0.3155517578125,-0.0311126708984375,-1.0440521240234375
1768416549754264600,6.0042646484375,0.305755615234375,-0.032562255859375,-1.0336456298828125
1768416549764266500,6.0142666015625,0.2946014404296875,-0.0352783203125,-1.0235443115234375
1768416549774267600,6.024267578125,0.297027587890625,-0.0421600341796875,-1.015350341796875
1768416549784269600,6.03426953125,0.3040313720703125,-0.0509796142578125,-1.0102386474609375
1768416549794271500,6.044271484375,0.3104248046875,-0.05859375,-1.0104827880859375
1768416549804272600,6.054272705078125,0.3130340576171875,-0.0587005615234375,-1.010498046875
1768416549814274600,6.064274658203125,0.31005859375,-0.0576629638671875,-1.0138397216796875
1768416549824275500,6.074275390625,0.312774658203125,-0.0500030517578125,-1.005767822265625
1768416549834277600,6.084277587890625,0.3119049072265625,-0.047149658203125,-1.0014801025390625
1768416549844278500,6.094278564453125,0.3116455078125,-0.0474395751953125,-0.995025634765625
1768416549854280400,6.104280517578125,0.311431884765625,-0.052032470703125,-0.986968994140625
1768416549864281600,6.114281494140625,0.3092803955078125,-0.0541229248046875,-0.9805908203125
1768416549874283500,6.124283447265625,0.3018951416015625,-0.0608978271484375,-0.982818603515625
1768416549884285700,6.13428564453125,0.29705810546875,-0.060394287109375,-0.9903564453125
1768416549894286600,6.14428662109375,0.2928466796875,-0.054412841796875,-0.9957427978515625
1768416549904288500,6.15428857421875,0.2878570556640625,-0.04779052734375,-0.9993133544921875
1768416549914289400,6.164289306640625,0.279815673828125,-0.041351318359375,-1.0035858154296875
1768416549924291600,6.17429150390625,0.2681121826171875,-0.0384979248046875,-1.0053253173828125
1768416549934292500,6.18429248046875,0.2645416259765625,-0.0367584228515625,-1.003448486328125
1768416549944294700,6.194294677734375,0.2741851806640625,-0.0427703857421875,-1.0027313232421875
1768416549954295600,6.204295654296875,0.2791290283203125,-0.0503082275390625,-0.9994659423828125
1768416549964297500,6.21429736328125,0.26910400390625,-0.0511016845703125,-1.0006866455078125
1768416549974298400,6.22429833984375,0.246917724609375,-0.0451812744140625,-1.000091552734375
1768416549984300500,6.234300537109375,0.228057861328125,-0.0364532470703125,-0.9956817626953125
1768416549994301400,6.244301513671875,0.220855712890625,-0.0308990478515625,-0.9907684326171875
1768416550004303600,6.2543037109375,0.21685791015625,-0.0335845947265625,-0.9876251220703125
1768416550014305500,6.264305419921875,0.21185302734375,-0.0359344482421875,-0.984649658203125
1768416550024306400,6.274306396484375,0.20404052734375,-0.041046142578125,-0.9797515869140625
1768416550034308600,6.28430859375,0.1934814453125,-0.044891357421875,-0.9736328125
1768416550044309500,6.2943095703125,0.183135986328125,-0.0489501953125,-0.9669189453125
1768416550054311400,6.3043115234375,0.171630859375,-0.0511474609375,-0.9658355712890625
1768416550064312600,6.3143125,0.1595916748046875,-0.049072265625,-0.96649169921875
1768416550074314500,6.324314453125,0.1486053466796875,-0.045379638671875,-0.966522216796875
1768416550084315600,6.334315673828125,0.1406097412109375,-0.04534912109375,-0.9664306640625
1768416550094317600,6.344317626953125,0.1339111328125,-0.04559326171875,-0.9682464599609375
1768416550104318700,6.354318603515625,0.1251220703125,-0.0469818115234375,-0.972564697265625
1768416550114320600,6.364320556640625,0.122314453125,-0.0475006103515625,-0.975799560546875
1768416550124322600,6.374322509765625,0.1214752197265625,-0.0480499267578125,-0.9765167236328125
1768416550134323700,6.38432373046875,0.1163177490234375,-0.053070068359375,-0.9744415283203125
1768416550144325400,6.394325439453125,0.114044189453125,-0.05426025390625,-0.9698028564453125
1768416550154326800,6.404326904296875,0.1062469482421875,-0.0566253662109375,-0.9695587158203125
1768416550164328400,6.414328369140625,0.101898193359375,-0.0544281005859375,-0.9677276611328125
1768416550174329600,6.42432958984375,0.0995635986328125,-0.050567626953125,-0.9699859619140625
1768416550184331800,6.434331787109375,0.0941314697265625,-0.050811767578125,-0.971343994140625
1768416550194332700,6.444332763671875,0.090301513671875,-0.0535736083984375,-0.9680633544921875
1768416550204334600,6.45433447265625,0.0882568359375,-0.0554962158203125,-0.9676361083984375
1768416550214335700,6.464335693359375,0.0891571044921875,-0.056854248046875,-0.9681549072265625
1768416550224337700,6.474337646484375,0.09375,-0.0579376220703125,-0.96875
1768416550234339600,6.484339599609375,0.098388671875,-0.0547943115234375,-0.9700775146484375
1768416550244340700,6.4943408203125,0.1050872802734375,-0.0552978515625,-0.9691925048828125
1768416550254342700,6.5043427734375,0.1110687255859375,-0.0576324462890625,-0.970916748046875
1768416550264343600,6.514343505859375,0.111175537109375,-0.0614166259765625,-0.97662353515625
1768416550274345700,6.524345703125,0.109771728515625,-0.063690185546875,-0.9784088134765625
1768416550284346000,6.53434619140625,0.112579345703125,-0.0619354248046875,-0.9813995361328125
1768416550294348000,6.54434814453125,0.1160888671875,-0.0601959228515625,-0.97967529296875
1768416550304349000,6.554348876953125,0.1192169189453125,-0.05841064453125,-0.9786224365234375
1768416550314351000,6.56435107421875,0.12176513671875,-0.0567169189453125,-0.9763641357421875
1768416550324352000,6.57435205078125,0.123291015625,-0.0582733154296875,-0.9761505126953125
1768416550334354000,6.58435400390625,0.1274871826171875,-0.0592803955078125,-0.974365234375
1768416550344355000,6.59435498046875,0.1315765380859375,-0.056121826171875,-0.9747467041015625
1768416550354357000,6.60435693359375,0.1346893310546875,-0.0532989501953125,-0.9781036376953125
1768416550364359000,6.61435888671875,0.136932373046875,-0.050689697265625,-0.9844207763671875
1768416550374360000,6.624360107421875,0.13934326171875,-0.0457611083984375,-0.9869232177734375
1768416550384362000,6.634362060546875,0.147491455078125,-0.0451202392578125,-0.9924774169921875
1768416550394363000,6.64436279296875,0.15631103515625,-0.0432281494140625,-0.9931640625
1768416550404365000,6.654364990234375,0.16278076171875,-0.0424652099609375,-0.994140625
1768416550414366000,6.664365966796875,0.17071533203125,-0.0433807373046875,-0.9953460693359375
1768416550424367900,6.674367919921875,0.17230224609375,-0.039947509765625,-0.9979705810546875
1768416550434369000,6.684369140625,0.1771392822265625,-0.037933349609375,-1.00213623046875
1768416550444371000,6.694370849609375,0.177825927734375,-0.0359954833984375,-1.0051727294921875
1768416550454371800,6.704371826171875,0.178192138671875,-0.0337066650390625,-1.0089111328125
1768416550464374000,6.7143740234375,0.176300048828125,-0.0326995849609375,-1.0074005126953125
1768416550474375000,6.724375,0.1772918701171875,-0.031829833984375,-1.00628662109375
1768416550484376800,6.734376953125,0.1774749755859375,-0.032623291015625,-1.00653076171875
1768416550494379000,6.74437890625,0.174468994140625,-0.0326385498046875,-1.005584716796875
1768416550504380000,6.7543798828125,0.171478271484375,-0.0313262939453125,-1.00421142578125
1768416550514381800,6.7643818359375,0.17254638671875,-0.03192138671875,-1.0063323974609375
1768416550524383000,6.774383056640625,0.1734619140625,-0.03179931640625,-1.0051116943359375
1768416550534385000,6.784385009765625,0.172943115234375,-0.03179931640625,-1.0022430419921875
1768416550544385800,6.7943857421875,0.1698760986328125,-0.0310211181640625,-1.0001373291015625
1768416550554388000,6.804387939453125,0.1702728271484375,-0.0312347412109375,-0.999664306640625
1768416550564388900,6.814388916015625,0.171722412109375,-0.0342864990234375,-0.998260498046875
1768416550574390800,6.824390869140625,0.170501708984375,-0.03436279296875,-0.9944915771484375
1768416550584392200,6.83439208984375,0.1656036376953125,-0.034912109375,-0.9908599853515625
1768416550594393900,6.844393798828125,0.1610260009765625,-0.0362091064453125,-0.9923858642578125
1768416550604395000,6.85439501953125,0.15887451171875,-0.037689208984375,-0.9916534423828125
1768416550614397000,6.86439697265625,0.162139892578125,-0.0379486083984375,-0.9903106689453125
1768416550624398800,6.87439892578125,0.163482666015625,-0.0382080078125,-0.9895477294921875
1768416550634400000,6.88439990234375,0.15887451171875,-0.04132080078125,-0.98675537109375
1768416550644402000,6.89440185546875,0.1527862548828125,-0.041717529296875,-0.9863128662109375
1768416550654403000,6.904403076171875,0.1477203369140625,-0.04083251953125,-0.98602294921875
1768416550664405000,6.914405029296875,0.1473846435546875,-0.040771484375,-0.987518310546875
1768416550674406100,6.92440625,0.1506195068359375,-0.041259765625,-0.9865875244140625
1768416550684408000,6.934407958984375,0.1480255126953125,-0.0431976318359375,-0.9846954345703125
1768416550694409000,6.944408935546875,0.142578125,-0.0457305908203125,-0.9833984375
1768416550704411100,6.9544111328125,0.1424102783203125,-0.0487213134765625,-0.980682373046875
1768416550714412000,6.964412109375,0.1399383544921875,-0.051055908203125,-0.9817657470703125
1768416550724414200,6.974414306640625,0.1350250244140625,-0.0454864501953125,-0.9845733642578125
1768416550734415000,6.9844150390625,0.134735107421875,-0.0427093505859375,-0.9873504638671875
1768416550744417000,6.9944169921875,0.13824462890625,-0.0404205322265625,-0.9869384765625
1768416550754419200,7.004419189453125,0.1431732177734375,-0.04205322265625,-0.985198974609375
1768416550764420000,7.014420166015625,0.1478424072265625,-0.044189453125,-0.9844512939453125
1768416550774422000,7.024422119140625,0.1496429443359375,-0.0461273193359375,-0.9829559326171875
1768416550784423200,7.034423095703125,0.1515350341796875,-0.0456695556640625,-0.980926513671875
1768416550794425000,7.044425048828125,0.1528167724609375,-0.0440826416015625,-0.9837646484375
1768416550804426000,7.054426025390625,0.1551971435546875,-0.042755126953125,-0.98516845703125
1768416550814428200,7.06442822265625,0.1547698974609375,-0.0416259765625,-0.985504150390625
1768416550824429000,7.074428955078125,0.156097412109375,-0.041534423828125,-0.98529052734375
1768416550834431000,7.084430908203125,0.157379150390625,-0.04144287109375,-0.9854888916015625
1768416550844432100,7.09443212890625,0.155548095703125,-0.0397796630859375,-0.98736572265625
1768416550854434000,7.10443408203125,0.153961181640625,-0.0381011962890625,-0.986663818359375
1768416550864435000,7.11443505859375,0.15484619140625,-0.0381011962890625,-0.988067626953125
1768416550874437000,7.12443701171875,0.1551055908203125,-0.037261962890625,-0.988922119140625
1768416550884438000,7.13443798828125,0.15765380859375,-0.037261962890625,-0.9887237548828125
1768416550894440000,7.14443994140625,0.1598358154296875,-0.0378570556640625,-0.9893798828125
1768416550904442000,7.154442138671875,0.1630859375,-0.0368804931640625,-0.9903717041015625
1768416550914443000,7.164443115234375,0.16766357421875,-0.0357513427734375,-0.991668701171875
1768416550924445000,7.17444482421875,0.1699676513671875,-0.036468505859375,-0.9940643310546875
1768416550934446000,7.184446044921875,0.17156982421875,-0.0370635986328125,-0.993743896484375
1768416550944448000,7.194447998046875,0.1732330322265625,-0.0377349853515625,-0.995330810546875
1768416550954449000,7.204448974609375,0.1734161376953125,-0.0377655029296875,-0.993011474609375
1768416550964451000,7.214451171875,0.1710968017578125,-0.0365447998046875,-0.990631103515625
1768416550974452000,7.224451904296875,0.1699676513671875,-0.0367889404296875,-0.989105224609375
1768416550984454000,7.234453857421875,0.172027587890625,-0.037567138671875,-0.9879913330078125
1768416550994455000,7.244455078125,0.1727142333984375,-0.037445068359375,-0.9919891357421875
1768416551004457000,7.25445703125,0.17401123046875,-0.036163330078125,-0.99176025390625
1768416551014457900,7.264457763671875,0.1729583740234375,-0.0372161865234375,-0.9889678955078125
1768416551024460000,7.2744599609375,0.172271728515625,-0.0381927490234375,-0.9866485595703125
1768416551034461000,7.2844609375,0.1690521240234375,-0.0373687744140625,-0.9877471923828125
1768416551044462800,7.294462890625,0.168701171875,-0.0369873046875,-0.98858642578125
1768416551054465000,7.304465087890625,0.1663665771484375,-0.03582763671875,-0.9880523681640625
1768416551064466000,7.3144658203125,0.1629486083984375,-0.036468505859375,-0.98724365234375
1768416551074467800,7.3244677734375,0.1652374267578125,-0.0372161865234375,-0.9881439208984375
1768416551084469000,7.334468994140625,0.16845703125,-0.0368804931640625,-0.988006591796875
1768416551094471000,7.344470947265625,0.1678924560546875,-0.0374298095703125,-0.989288330078125
1768416551104471800,7.354471923828125,0.1675567626953125,-0.0368499755859375,-0.98876953125
1768416551114474000,7.364473876953125,0.169677734375,-0.037109375,-0.9903717041015625
1768416551124475000,7.374474853515625,0.1667938232421875,-0.0378570556640625,-0.98956298828125
1768416551134476800,7.384476806640625,0.1676025390625,-0.038665771484375,-0.9874114990234375
1768416551144478200,7.394478271484375,0.168609619140625,-0.0371551513671875,-0.9886627197265625
1768416551154479900,7.40447998046875,0.1696624755859375,-0.03680419921875,-0.98773193359375
1768416551164481000,7.41448095703125,0.169921875,-0.0375823974609375,-0.990264892578125
1768416551174483000,7.42448291015625,0.1710052490234375,-0.0362701416015625,-0.9913177490234375
1768416551184484000,7.434484130859375,0.1689910888671875,-0.037933349609375,-0.9923248291015625
1768416551194486000,7.444486083984375,0.1672515869140625,-0.0366058349609375,-0.9915008544921875
1768416551204487200,7.454487060546875,0.1648712158203125,-0.03680419921875,-0.99078369140625
1768416551214489000,7.464489013671875,0.1617431640625,-0.0361328125,-0.987762451171875
1768416551224491000,7.474490966796875,0.1634063720703125,-0.037750244140625,-0.9844818115234375
1768416551234492200,7.4844921875,0.164794921875,-0.03662109375,-0.982391357421875
1768416551244494000,7.494494140625,0.166046142578125,-0.0369720458984375,-0.9853057861328125
1768416551254495000,7.504494873046875,0.164337158203125,-0.035980224609375,-0.9857177734375
1768416551264497200,7.5144970703125,0.16680908203125,-0.03680419921875,-0.9870452880859375
1768416551274498000,7.524498046875,0.17340087890625,-0.0367431640625,-0.9876556396484375
1768416551284500000,7.5345,0.176788330078125,-0.038482666015625,-0.9870758056640625
1768416551294500900,7.5445009765625,0.174957275390625,-0.038177490234375,-0.9856414794921875
1768416551304503000,7.5545029296875,0.169464111328125,-0.0364532470703125,-0.987030029296875
1768416551314504000,7.56450390625,0.166168212890625,-0.0319976806640625,-0.9894256591796875
1768416551324505900,7.574505859375,0.1700439453125,-0.031768798828125,-0.991119384765625
1768416551334507000,7.584507080078125,0.1736907958984375,-0.0340728759765625,-0.990203857421875
1768416551344509000,7.594509033203125,0.17156982421875,-0.03729248046875,-0.986907958984375
1768416551354509800,7.604509765625,0.1674957275390625,-0.04052734375,-0.9818572998046875
1768416551364512000,7.614511962890625,0.1689453125,-0.041046142578125,-0.980621337890625
1768416551374514000,7.624513916015625,0.1699676513671875,-0.040985107421875,-0.98291015625
1768416551384514800,7.634514892578125,0.169281005859375,-0.0367584228515625,-0.984649658203125
1768416551394517000,7.64451708984375,0.174072265625,-0.0363922119140625,-0.990142822265625
1768416551404518000,7.654517822265625,0.17901611328125,-0.0350799560546875,-0.989227294921875
1768416551414519800,7.664519775390625,0.180328369140625,-0.0362701416015625,-0.991058349609375
1768416551424521000,7.67452099609375,0.181610107421875,-0.037384033203125,-0.989044189453125
1768416551434523000,7.68452294921875,0.178436279296875,-0.0368499755859375,-0.9882659912109375
1768416551444523800,7.694523681640625,0.1724090576171875,-0.035003662109375,-0.986968994140625
1768416551454526000,7.70452587890625,0.171234130859375,-0.03619384765625,-0.9873809814453125
1768416551464526800,7.71452685546875,0.1690673828125,-0.03338623046875,-0.9880828857421875
1768416551474528800,7.72452880859375,0.1680755615234375,-0.0326995849609375,-0.99237060546875
1768416551484530000,7.734530029296875,0.1693878173828125,-0.0330047607421875,-0.9956817626953125
1768416551494531800,7.74453173828125,0.167755126953125,-0.033172607421875,-0.9925079345703125
1768416551504532700,7.75453271484375,0.16796875,-0.0325775146484375,-0.9886932373046875
1768416551514535000,7.764534912109375,0.1708221435546875,-0.0324554443359375,-0.987762451171875
1768416551524535800,7.774535888671875,0.172271728515625,-0.0326690673828125,-0.986968994140625
1768416551534537700,7.784537841796875,0.17340087890625,-0.03375244140625,-0.9862213134765625
1768416551544540000,7.794539794921875,0.1711273193359375,-0.0345458984375,-0.98565673828125
1768416551554540800,7.804540771484375,0.17034912109375,-0.033935546875,-0.98516845703125
1768416551564542700,7.814542724609375,0.1692352294921875,-0.0357666015625,-0.98663330078125
1768416551574544000,7.8245439453125,0.1698455810546875,-0.0348052978515625,-0.9867095947265625
1768416551584545800,7.8345458984375,0.1713714599609375,-0.0334625244140625,-0.98858642578125
1768416551594546700,7.844546630859375,0.1725006103515625,-0.035400390625,-0.989501953125
1768416551604548900,7.854548828125,0.17205810546875,-0.0355224609375,-0.9884796142578125
1768416551614549800,7.8645498046875,0.17169189453125,-0.0346221923828125,-0.988494873046875
1768416551624551700,7.8745517578125,0.1679840087890625,-0.0356292724609375,-0.9881744384765625
1768416551634552800,7.884552734375,0.168487548828125,-0.0366058349609375,-0.98736572265625
1768416551644554800,7.8945546875,0.169097900390625,-0.0358123779296875,-0.987579345703125
1768416551654556000,7.904555908203125,0.1708526611328125,-0.0350341796875,-0.9871368408203125
1768416551664557800,7.914557861328125,0.173187255859375,-0.0357818603515625,-0.986480712890625
1768416551674559000,7.92455908203125,0.171478271484375,-0.0351409912109375,-0.98712158203125
1768416551684561000,7.934560791015625,0.1717681884765625,-0.033935546875,-0.9879608154296875
1768416551694562000,7.94456201171875,0.171875,-0.0341644287109375,-0.9874725341796875
1768416551704564000,7.95456396484375,0.16986083984375,-0.0356292724609375,-0.986297607421875
1768416551714565600,7.964565673828125,0.1687774658203125,-0.0354766845703125,-0.9853363037109375
1768416551724567000,7.974567138671875,0.16644287109375,-0.03570556640625,-0.982757568359375
1768416551734569000,7.98456884765625,0.167327880859375,-0.035614013671875,-0.9822235107421875
1768416551744569900,7.99456982421875,0.1668701171875,-0.0353240966796875,-0.9858856201171875
1768416551754572000,8.004572021484375,0.167449951171875,-0.0336761474609375,-0.9883880615234375
1768416551764573000,8.014572998046875,0.1682891845703125,-0.0321197509765625,-0.988433837890625
1768416551774574800,8.024574951171875,0.1696624755859375,-0.0312042236328125,-0.9898834228515625
1768416551784576000,8.034575927734375,0.1688690185546875,-0.0338134765625,-0.9891510009765625
1768416551794578000,8.044577880859375,0.17218017578125,-0.03509521484375,-0.9866180419921875
1768416551804578800,8.054578857421875,0.1740875244140625,-0.0364227294921875,-0.9865570068359375
1768416551814581000,8.0645810546875,0.1724090576171875,-0.0360107421875,-0.987457275390625
1768416551824582000,8.074581787109375,0.173797607421875,-0.0365753173828125,-0.9865875244140625
1768416551834583800,8.084583740234375,0.173370361328125,-0.036163330078125,-0.9878082275390625
1768416551844585000,8.0945849609375,0.1730499267578125,-0.034912109375,-0.9890899658203125
1768416551854587000,8.1045869140625,0.172332763671875,-0.0345916748046875,-0.9882659912109375
1768416551864587800,8.114587890625,0.1702880859375,-0.032806396484375,-0.9873199462890625
1768416551874590000,8.12458984375,0.16851806640625,-0.033355712890625,-0.986114501953125
1768416551884590800,8.1345908203125,0.1671905517578125,-0.035400390625,-0.9842529296875
1768416551894592800,8.1445927734375,0.1694488525390625,-0.03521728515625,-0.9855194091796875
1768416551904595000,8.154594970703124,0.171417236328125,-0.0356597900390625,-0.9871826171875
1768416551914595800,8.164595947265624,0.1711273193359375,-0.0334320068359375,-0.988250732421875
1768416551924598000,8.174597900390625,0.1669158935546875,-0.0321197509765625,-0.9905548095703125
1768416551934599000,8.184598876953125,0.16973876953125,-0.0325469970703125,-0.9908447265625
1768416551944600800,8.194600830078125,0.1768341064453125,-0.03363037109375,-0.990570068359375
1768416551954601700,8.204601806640625,0.1804962158203125,-0.0364990234375,-0.9882965087890625
1768416551964604000,8.21460400390625,0.17755126953125,-0.037353515625,-0.987579345703125
1768416551974604800,8.224604736328125,0.1723785400390625,-0.034423828125,-0.9871826171875
1768416551984607000,8.23460693359375,0.17242431640625,-0.0318603515625,-0.9886932373046875
1768416551994607900,8.24460791015625,0.17523193359375,-0.032562255859375,-0.9898681640625
1768416552004609800,8.25460986328125,0.1743621826171875,-0.03472900390625,-0.987152099609375
1768416552014610700,8.264610595703125,0.1700592041015625,-0.036712646484375,-0.9848175048828125
1768416552024612900,8.27461279296875,0.16668701171875,-0.0379180908203125,-0.9821014404296875
1768416552034613800,8.28461376953125,0.168701171875,-0.0374298095703125,-0.980712890625
1768416552044616000,8.294615966796876,0.166900634765625,-0.0351104736328125,-0.9834747314453125
1768416552054616800,8.304616943359376,0.166717529296875,-0.0335693359375,-0.985992431640625
1768416552064618800,8.31461865234375,0.16851806640625,-0.0332183837890625,-0.987091064453125
1768416552074619600,8.32461962890625,0.170562744140625,-0.0351409912109375,-0.9875640869140625
1768416552084621800,8.334621826171874,0.17633056640625,-0.0361785888671875,-0.989776611328125
1768416552094623000,8.344623046875,0.180572509765625,-0.0355072021484375,-0.9912261962890625
1768416552104625000,8.354625,0.1810455322265625,-0.0363922119140625,-0.9879302978515625
1768416552114626800,8.364626708984375,0.17376708984375,-0.0352783203125,-0.9864501953125
1768416552124627700,8.374627685546875,0.1678314208984375,-0.031768798828125,-0.9871368408203125
1768416552134630000,8.3846298828125,0.1681060791015625,-0.032745361328125,-0.9891510009765625
1768416552144630800,8.394630859375,0.173492431640625,-0.0346832275390625,-0.9898834228515625
1768416552154632700,8.4046328125,0.1751861572265625,-0.0345306396484375,-0.9895477294921875
1768416552164634000,8.414634033203125,0.1700286865234375,-0.0351104736328125,-0.9866790771484375
1768416552174635800,8.4246357421875,0.1651611328125,-0.0336151123046875,-0.9849395751953125
1768416552184637000,8.434636962890625,0.16485595703125,-0.034423828125,-0.9835052490234375
1768416552194638800,8.444638916015625,0.1643829345703125,-0.034454345703125,-0.983551025390625
1768416552204640000,8.454639892578125,0.1658172607421875,-0.0346527099609375,-0.9856719970703125
1768416552214642000,8.464641845703126,0.167877197265625,-0.0347442626953125,-0.9870452880859375
1768416552224642800,8.474642822265626,0.166351318359375,-0.03369140625,-0.9864349365234375
1768416552234645000,8.48464501953125,0.167144775390625,-0.0322723388671875,-0.9899444580078125
1768416552244646000,8.49464599609375,0.1704559326171875,-0.0337371826171875,-0.9900970458984375
1768416552254648000,8.50464794921875,0.1725921630859375,-0.0317840576171875,-0.9911041259765625
1768416552264649000,8.51464892578125,0.1726837158203125,-0.033172607421875,-0.9906005859375
1768416552274651000,8.52465087890625,0.1742401123046875,-0.034912109375,-0.9906158447265625
1768416552284652500,8.534652587890625,0.176025390625,-0.0357208251953125,-0.9886932373046875
1768416552294654500,8.544654541015625,0.1733245849609375,-0.0372772216796875,-0.9878997802734375
1768416552304655600,8.554655517578125,0.1694793701171875,-0.035858154296875,-0.9892120361328125
1768416552314657500,8.564657470703125,0.168792724609375,-0.0349884033203125,-0.98846435546875
1768416552324658400,8.574658447265625,0.1705474853515625,-0.0355224609375,-0.988677978515625
1768416552334660600,8.58466064453125,0.173828125,-0.0355072021484375,-0.9881439208984375
1768416552344661500,8.59466162109375,0.172393798828125,-0.0347747802734375,-0.9881134033203125
1768416552354663400,8.604663330078125,0.1705322265625,-0.0345306396484375,-0.9886627197265625
1768416552364665600,8.61466552734375,0.1689605712890625,-0.034332275390625,-0.9891204833984375
1768416552374666500,8.62466650390625,0.166046142578125,-0.032470703125,-0.9911956787109375
1768416552384668400,8.63466845703125,0.16845703125,-0.031280517578125,-0.9922943115234375
1768416552394669600,8.644669677734376,0.170318603515625,-0.0317840576171875,-0.9933929443359375
1768416552404671500,8.65467138671875,0.172088623046875,-0.032928466796875,-0.9926300048828125
1768416552414672400,8.66467236328125,0.1743011474609375,-0.0350189208984375,-0.9900360107421875
1768416552424674600,8.674674560546874,0.17572021484375,-0.03656005859375,-0.9895477294921875
1768416552434675500,8.684675537109374,0.1728668212890625,-0.0362701416015625,-0.98797607421875
1768416552444677400,8.694677490234374,0.170440673828125,-0.033294677734375,-0.9881134033203125
1768416552454678500,8.704678466796874,0.1667633056640625,-0.0317840576171875,-0.987762451171875
1768416552464680400,8.714680419921875,0.1654510498046875,-0.0328521728515625,-0.9880218505859375
1768416552474681300,8.724681396484375,0.163970947265625,-0.033233642578125,-0.98724365234375
1768416552484683500,8.73468359375,0.1647491455078125,-0.0339508056640625,-0.9859771728515625
1768416552494684400,8.744684326171875,0.16607666015625,-0.0344085693359375,-0.9858245849609375
1768416552504686300,8.754686279296875,0.1646575927734375,-0.0341949462890625,-0.9857940673828125
1768416552514687500,8.7646875,0.1647796630859375,-0.0339202880859375,-0.984832763671875
1768416552524689400,8.774689453125,0.162353515625,-0.03399658203125,-0.985931396484375
1768416552534690300,8.784690185546875,0.1603240966796875,-0.033416748046875,-0.988861083984375
1768416552544692500,8.7946923828125,0.16290283203125,-0.032440185546875,-0.987762451171875
1768416552554693400,8.804693359375,0.1636199951171875,-0.03240966796875,-0.98944091796875
1768416552564695300,8.8146953125,0.16180419921875,-0.0334625244140625,-0.9877471923828125
1768416552574696400,8.824696533203126,0.1619720458984375,-0.034149169921875,-0.9863128662109375
1768416552584698400,8.834698486328126,0.1620635986328125,-0.035369873046875,-0.9864044189453125
1768416552594699300,8.84469921875,0.160552978515625,-0.034088134765625,-0.984771728515625
1768416552604701400,8.854701416015626,0.1592864990234375,-0.033660888671875,-0.9863739013671875
1768416552614702300,8.864702392578126,0.16058349609375,-0.033843994140625,-0.9864501953125
1768416552624704300,8.874704345703124,0.1648101806640625,-0.0345458984375,-0.9872283935546875
1768416552634706400,8.88470654296875,0.165618896484375,-0.035186767578125,-0.98455810546875
1768416552644707300,8.894707275390624,0.1632080078125,-0.03857421875,-0.9840850830078125
1768416552654709200,8.904709228515625,0.159149169921875,-0.0382080078125,-0.9835968017578125
1768416552664710400,8.91471044921875,0.158233642578125,-0.0357513427734375,-0.9837799072265625
1768416552674712300,8.92471240234375,0.1610107421875,-0.0351104736328125,-0.9860382080078125
1768416552684713500,8.93471337890625,0.1612396240234375,-0.03668212890625,-0.98455810546875
1768416552694715400,8.94471533203125,0.1558074951171875,-0.0387420654296875,-0.981658935546875
1768416552704716500,8.954716552734375,0.153564453125,-0.0407257080078125,-0.9804534912109375
1768416552714718500,8.964718505859375,0.1582183837890625,-0.042449951171875,-0.9804534912109375
1768416552724719600,8.9747197265625,0.157745361328125,-0.0406036376953125,-0.98284912109375
1768416552734721500,8.984721435546875,0.157379150390625,-0.03607177734375,-0.9890899658203125
1768416552744722400,8.994722412109375,0.161346435546875,-0.033660888671875,-0.9908905029296875
1768416552754724600,9.004724609375,0.1650238037109375,-0.033203125,-0.9903411865234375
1768416552764725500,9.0147255859375,0.1692962646484375,-0.0352020263671875,-0.9908905029296875
1768416552774727400,9.0247275390625,0.1708984375,-0.0364227294921875,-0.9922027587890625
1768416552784728600,9.034728515625,0.169342041015625,-0.0352325439453125,-0.990875244140625
1768416552794730500,9.04473046875,0.1667938232421875,-0.0319366455078125,-0.9903411865234375
1768416552804731400,9.0547314453125,0.1664276123046875,-0.0312957763671875,-0.990509033203125
1768416552814733600,9.064733642578124,0.1659088134765625,-0.03240966796875,-0.9912109375
1768416552824734500,9.074734375,0.1653594970703125,-0.0307464599609375,-0.99139404296875
1768416552834736400,9.084736328125,0.164306640625,-0.031219482421875,-0.98931884765625
1768416552844737500,9.094737548828125,0.1662445068359375,-0.0339202880859375,-0.9871063232421875
1768416552854739500,9.104739501953125,0.1693115234375,-0.033935546875,-0.987396240234375
1768416552864740400,9.114740234375,0.1699676513671875,-0.0357513427734375,-0.986328125
1768416552874742500,9.124742431640625,0.16680908203125,-0.0337982177734375,-0.987060546875
1768416552884743400,9.134743408203125,0.1633148193359375,-0.030792236328125,-0.9887847900390625
1768416552894745300,9.144745361328125,0.1602630615234375,-0.029754638671875,-0.9901885986328125
1768416552904746500,9.15474658203125,0.1609649658203125,-0.0281219482421875,-0.99163818359375
1768416552914748400,9.16474853515625,0.16412353515625,-0.0303192138671875,-0.9915008544921875
1768416552924749300,9.174749267578125,0.16668701171875,-0.031707763671875,-0.99029541015625
1768416552934751500,9.18475146484375,0.168792724609375,-0.032562255859375,-0.990203857421875
1768416552944752400,9.19475244140625,0.1683349609375,-0.03436279296875,-0.9900360107421875
1768416552954754300,9.20475439453125,0.1688385009765625,-0.0363311767578125,-0.9880828857421875
1768416552964756500,9.214756591796874,0.1694793701171875,-0.0347137451171875,-0.987213134765625
1768416552974757400,9.22475732421875,0.1692657470703125,-0.0347442626953125,-0.98748779296875
1768416552984759600,9.234759521484374,0.1691741943359375,-0.0346221923828125,-0.988250732421875
1768416552994760400,9.244760498046874,0.168792724609375,-0.0356597900390625,-0.9867706298828125
1768416553004762400,9.254762451171874,0.16864013671875,-0.03594970703125,-0.986297607421875
1768416553014763300,9.26476318359375,0.1657257080078125,-0.03582763671875,-0.9871826171875
1768416553024765400,9.274765380859375,0.16949462890625,-0.034820556640625,-0.986785888671875
1768416553034766300,9.284766357421875,0.16839599609375,-0.035919189453125,-0.988037109375
1768416553044768500,9.2947685546875,0.168426513671875,-0.034698486328125,-0.990203857421875
1768416553054769400,9.304769287109375,0.166717529296875,-0.0356903076171875,-0.9892578125
1768416553064771300,9.314771240234375,0.1634979248046875,-0.034423828125,-0.9893951416015625
1768416553074772500,9.3247724609375,0.164276123046875,-0.0330963134765625,-0.9878997802734375
1768416553084774400,9.3347744140625,0.1644287109375,-0.0326080322265625,-0.9873504638671875
1768416553094775600,9.344775634765625,0.1642303466796875,-0.0321807861328125,-0.9861602783203125
1768416553104777500,9.354777587890625,0.1656494140625,-0.0319976806640625,-0.986480712890625
1768416553114778600,9.364778564453125,0.1657257080078125,-0.03131103515625,-0.989288330078125
1768416553124780500,9.374780517578126,0.1633148193359375,-0.0326690673828125,-0.9878692626953125
1768416553134781400,9.384781494140626,0.16448974609375,-0.03076171875,-0.98760986328125
1768416553144783600,9.39478369140625,0.165863037109375,-0.0321197509765625,-0.9871673583984375
1768416553154784500,9.404784423828126,0.1635894775390625,-0.03338623046875,-0.984954833984375
1768416553164786400,9.414786376953124,0.165557861328125,-0.033050537109375,-0.9856719970703125
1768416553174787600,9.42478759765625,0.1676177978515625,-0.032501220703125,-0.9876861572265625
1768416553184789500,9.43478955078125,0.166229248046875,-0.0337677001953125,-0.9871368408203125
1768416553194790400,9.444790283203124,0.1662139892578125,-0.034698486328125,-0.986114501953125
1768416553204792600,9.45479248046875,0.1655426025390625,-0.0348968505859375,-0.9874267578125
1768416553214793500,9.46479345703125,0.16265869140625,-0.033050537109375,-0.9874114990234375
1768416553224795400,9.47479541015625,0.161163330078125,-0.0324554443359375,-0.986236572265625
1768416553234796500,9.484796630859375,0.1602935791015625,-0.0320892333984375,-0.9872589111328125
1768416553244798500,9.494798583984375,0.1620941162109375,-0.0325927734375,-0.9879302978515625
1768416553254799400,9.50479931640625,0.163665771484375,-0.0326995849609375,-0.987335205078125
1768416553264801500,9.514801513671875,0.1663360595703125,-0.0334320068359375,-0.988067626953125
1768416553274802400,9.524802490234375,0.16497802734375,-0.0323333740234375,-0.9876556396484375
1768416553284804900,9.534804931640625,0.16571044921875,-0.03253173828125,-0.9885406494140625
1768416553294805800,9.5448056640625,0.1668701171875,-0.03265380859375,-0.9881591796875
1768416553304807700,9.5548076171875,0.169708251953125,-0.0331268310546875,-0.9882659912109375
1768416553314808600,9.56480859375,0.175506591796875,-0.0345001220703125,-0.9881439208984375
1768416553324810800,9.574810791015626,0.1730499267578125,-0.0361480712890625,-0.987396240234375
1768416553334811600,9.584811767578126,0.1693878173828125,-0.0352935791015625,-0.9884185791015625
1768416553344813800,9.594813720703126,0.16552734375,-0.0320892333984375,-0.9877166748046875
1768416553354814700,9.604814697265626,0.169097900390625,-0.030609130859375,-0.9906768798828125
1768416553364816600,9.614816650390624,0.171295166015625,-0.029693603515625,-0.989013671875
1768416553374817500,9.624817626953124,0.1693267822265625,-0.031982421875,-0.9859619140625
1768416553384819700,9.63481982421875,0.1671142578125,-0.035736083984375,-0.985748291015625
1768416553394821600,9.644821533203125,0.1677398681640625,-0.0386505126953125,-0.98040771484375
1768416553404822500,9.654822509765625,0.167449951171875,-0.037689208984375,-0.983001708984375
1768416553414824700,9.66482470703125,0.166412353515625,-0.033294677734375,-0.9873046875
1768416553424825600,9.67482568359375,0.16412353515625,-0.033355712890625,-0.9893798828125
1768416553434827800,9.684827880859375,0.1644744873046875,-0.0320587158203125,-0.9912872314453125
1768416553444828700,9.69482861328125,0.168212890625,-0.0295257568359375,-0.990753173828125
1768416553454830600,9.70483056640625,0.170867919921875,-0.0330963134765625,-0.99072265625
1768416553464831500,9.71483154296875,0.1717681884765625,-0.0323028564453125,-0.988189697265625
1768416553474833700,9.724833740234375,0.1672821044921875,-0.0308685302734375,-0.9815673828125
1768416553484834600,9.73483447265625,0.169158935546875,-0.0323638916015625,-0.9830169677734375
1768416553494836700,9.744836669921876,0.170745849609375,-0.0335693359375,-0.992828369140625
1768416553504837600,9.754837646484376,0.1669769287109375,-0.0325927734375,-0.992950439453125
1768416553514839600,9.764839599609376,0.1682281494140625,-0.0315399169921875,-0.9926910400390625
1768416553524840700,9.7748408203125,0.1655120849609375,-0.0284576416015625,-0.9915008544921875
1768416553534842600,9.784842529296874,0.163421630859375,-0.028106689453125,-0.9890289306640625
1768416553544843800,9.79484375,0.1626129150390625,-0.0281829833984375,-0.9884185791015625
1768416553554845700,9.804845703125,0.1629180908203125,-0.0301361083984375,-0.9873199462890625
1768416553564846800,9.814846923828124,0.1631622314453125,-0.0305023193359375,-0.98626708984375
1768416553574848800,9.824848876953125,0.1635894775390625,-0.0307159423828125,-0.98553466796875
1768416553584849700,9.834849609375,0.1652069091796875,-0.0305328369140625,-0.9871368408203125
1768416553594851800,9.844851806640625,0.1643524169921875,-0.0316009521484375,-0.9868621826171875
1768416553604852700,9.854852783203125,0.1639556884765625,-0.0316925048828125,-0.987030029296875
1768416553614855000,9.86485498046875,0.1656951904296875,-0.0315704345703125,-0.9878387451171875
1768416553624855800,9.874855712890625,0.166229248046875,-0.031219482421875,-0.9883270263671875
1768416553634857700,9.884857666015625,0.16778564453125,-0.030792236328125,-0.9891357421875
1768416553644858600,9.894858642578125,0.168426513671875,-0.0329132080078125,-0.9879608154296875
1768416553654860800,9.90486083984375,0.16986083984375,-0.0345458984375,-0.9874114990234375
1768416553664861700,9.91486181640625,0.16876220703125,-0.0350799560546875,-0.9864959716796875
1768416553674863900,9.92486376953125,0.1674346923828125,-0.034912109375,-0.987457275390625
1768416553684864800,9.93486474609375,0.1669769287109375,-0.032379150390625,-0.987213134765625
1768416553694866700,9.94486669921875,0.1660308837890625,-0.03167724609375,-0.9873504638671875
1768416553704867600,9.95486767578125,0.16571044921875,-0.032440185546875,-0.987762451171875
1768416553714869800,9.964869873046876,0.166259765625,-0.0299224853515625,-0.9874114990234375
1768416553724870700,9.97487060546875,0.1679840087890625,-0.0303497314453125,-0.9877166748046875
1768416553734872800,9.984872802734374,0.167633056640625,-0.0316009521484375,-0.9880828857421875
1768416553744873700,9.994873779296874,0.16741943359375,-0.031524658203125,-0.988189697265625
1768416553754875600,10.004875732421874,0.16949462890625,-0.030364990234375,-0.98931884765625
1768416553764876500,10.01487646484375,0.1681365966796875,-0.028961181640625,-0.988037109375
1768416553774878700,10.024878662109375,0.17120361328125,-0.0302886962890625,-0.989227294921875
1768416553784879600,10.034879638671875,0.1733856201171875,-0.0305938720703125,-0.9879150390625
1768416553794881800,10.0448818359375,0.1711883544921875,-0.0311126708984375,-0.986724853515625
1768416553804882700,10.054882568359375,0.1708221435546875,-0.0314788818359375,-0.9880523681640625
1768416553814884600,10.064884521484375,0.171417236328125,-0.0306396484375,-0.98883056640625
1768416553824885500,10.074885498046875,0.1684417724609375,-0.0302734375,-0.9892425537109375
1768416553834887700,10.0848876953125,0.1685333251953125,-0.030120849609375,-0.98828125
1768416553844888600,10.094888671875,0.16766357421875,-0.0302581787109375,-0.9876556396484375
1768416553854890800,10.104890869140625,0.1679534912109375,-0.0309600830078125,-0.9894561767578125
1768416553864891600,10.1148916015625,0.1679840087890625,-0.0315704345703125,-0.98846435546875
1768416553874893600,10.1248935546875,0.17034912109375,-0.0313720703125,-0.9874725341796875
1768416553884894700,10.134894775390626,0.1708221435546875,-0.0320587158203125,-0.9865570068359375
1768416553894896600,10.144896728515626,0.1721038818359375,-0.0322265625,-0.988525390625
1768416553904897800,10.154897705078126,0.1726226806640625,-0.03106689453125,-0.99066162109375
1768416553914899700,10.164899658203124,0.1688995361328125,-0.0317840576171875,-0.990264892578125
1768416553924900900,10.17490087890625,0.1660614013671875,-0.0302734375,-0.990478515625
1768416553934902800,10.18490283203125,0.1637115478515625,-0.02911376953125,-0.9910125732421875
1768416553944903700,10.194903564453124,0.16680908203125,-0.02789306640625,-0.9906158447265625
1768416553954905900,10.20490576171875,0.167022705078125,-0.030029296875,-0.9897003173828125
1768416553964906800,10.21490673828125,0.1666259765625,-0.031158447265625,-0.9880828857421875
1768416553974908700,10.22490869140625,0.1665496826171875,-0.033111572265625,-0.984954833984375
1768416553984909800,10.234909912109375,0.16754150390625,-0.0335693359375,-0.9820556640625
1768416553994911700,10.244911865234375,0.1663055419921875,-0.0334320068359375,-0.981903076171875
1768416554004912600,10.25491259765625,0.16259765625,-0.0331573486328125,-0.9850311279296875
1768416554014914800,10.264914794921875,0.1637725830078125,-0.0298309326171875,-0.9871368408203125
1768416554024915700,10.274915771484375,0.168548583984375,-0.02960205078125,-0.9894866943359375
1768416554034917600,10.284917724609375,0.1706695556640625,-0.0297393798828125,-0.98876953125
1768416554044918800,10.294918701171875,0.168487548828125,-0.03302001953125,-0.9880218505859375
1768416554054920700,10.304920654296875,0.1631927490234375,-0.03228759765625,-0.987701416015625
1768416554064921600,10.314921630859375,0.1623077392578125,-0.0284271240234375,-0.988067626953125
1768416554074923800,10.324923828125,0.165008544921875,-0.02618408203125,-0.98956298828125
1768416554084924700,10.334924560546876,0.168670654296875,-0.02947998046875,-0.988250732421875
1768416554094926600,10.344926513671876,0.1695404052734375,-0.0323486328125,-0.9843902587890625
1768416554104927700,10.354927734375,0.1672821044921875,-0.0330810546875,-0.981475830078125
1768416554114929700,10.3649296875,0.16864013671875,-0.035736083984375,-0.980743408203125
1768416554124930600,10.3749306640625,0.1662750244140625,-0.03619384765625,-0.9845123291015625
1768416554134932700,10.3849326171875,0.163543701171875,-0.0303802490234375,-0.98809814453125
1768416554144933600,10.39493359375,0.164947509765625,-0.0290679931640625,-0.989227294921875
1768416554154935600,10.404935546875,0.166259765625,-0.031646728515625,-0.98876953125
1768416554164936700,10.414936767578125,0.1686859130859375,-0.032135009765625,-0.98779296875
1768416554174938600,10.424938720703125,0.1705780029296875,-0.034759521484375,-0.987884521484375
1768416554184939500,10.434939453125,0.171173095703125,-0.0333099365234375,-0.98748779296875
1768416554194941700,10.444941650390625,0.1717987060546875,-0.03204345703125,-0.9895782470703125
1768416554204942600,10.454942626953125,0.1709442138671875,-0.030731201171875,-0.9882965087890625
1768416554214944500,10.464944580078125,0.1684417724609375,-0.0297088623046875,-0.9887542724609375
1768416554224945700,10.474945556640625,0.168853759765625,-0.0296630859375,-0.989593505859375
1768416554234947600,10.484947509765625,0.1683197021484375,-0.028839111328125,-0.9891357421875
1768416554244948700,10.49494873046875,0.16705322265625,-0.028961181640625,-0.9889068603515625
1768416554254950700,10.50495068359375,0.1660003662109375,-0.028839111328125,-0.98931884765625
1768416554264951800,10.514951904296876,0.1666107177734375,-0.0289459228515625,-0.99090576171875
1768416554274953700,10.52495361328125,0.1663818359375,-0.0288543701171875,-0.98809814453125
1768416554284954600,10.53495458984375,0.1670684814453125,-0.0284271240234375,-0.9871673583984375
1768416554294956800,10.544956787109374,0.168548583984375,-0.0303802490234375,-0.987518310546875
1768416554304957700,10.554957763671876,0.169586181640625,-0.0308380126953125,-0.9864654541015625
1768416554314959600,10.564959716796874,0.170440673828125,-0.0314178466796875,-0.986724853515625
1768416554324960800,10.574960693359374,0.1697998046875,-0.03179931640625,-0.987274169921875
1768416554334962700,10.584962646484374,0.1720428466796875,-0.031646728515625,-0.9891815185546875
1768416554344963600,10.594963623046874,0.171661376953125,-0.0292510986328125,-0.99066162109375
1768416554354965800,10.6049658203125,0.171844482421875,-0.0290374755859375,-0.988861083984375
1768416554364966700,10.614966552734375,0.1716156005859375,-0.030853271484375,-0.9879302978515625
1768416554374968600,10.624968505859375,0.1692657470703125,-0.0302886962890625,-0.988983154296875
1768416554384969700,10.6349697265625,0.167877197265625,-0.030120849609375,-0.988677978515625
1768416554394971600,10.6449716796875,0.166656494140625,-0.0306854248046875,-0.9899749755859375
1768416554404972500,10.65497265625,0.1648101806640625,-0.03106689453125,-0.9860382080078125
1768416554414974700,10.664974609375,0.166412353515625,-0.032684326171875,-0.9864349365234375
1768416554424975600,10.6749755859375,0.170013427734375,-0.0323638916015625,-0.987640380859375
1768416554434977500,10.6849775390625,0.170074462890625,-0.03143310546875,-0.9891510009765625
1768416554444978700,10.694978759765625,0.1688385009765625,-0.0304718017578125,-0.9866180419921875
1768416554454980600,10.704980712890626,0.167877197265625,-0.0291595458984375,-0.9863128662109375
1768416554464981500,10.7149814453125,0.1678466796875,-0.0296478271484375,-0.985809326171875
1768416554474983700,10.724983642578126,0.1671142578125,-0.029083251953125,-0.98748779296875
1768416554484984600,10.734984619140626,0.168212890625,-0.029571533203125,-0.987945556640625
1768416554494986500,10.744986572265624,0.1670074462890625,-0.02764892578125,-0.98785400390625
1768416554504987600,10.754987548828124,0.1678314208984375,-0.0304107666015625,-0.9874267578125
1768416554514989600,10.764989501953124,0.1671295166015625,-0.030181884765625,-0.9874267578125
1768416554524990500,10.774990478515624,0.1676788330078125,-0.03021240234375,-0.987640380859375
1768416554534992600,10.78499267578125,0.1688690185546875,-0.029815673828125,-0.9871368408203125
1768416554544993500,10.79499365234375,0.168792724609375,-0.0299072265625,-0.9874725341796875
1768416554554995500,10.804995361328125,0.1680145263671875,-0.032073974609375,-0.986724853515625
1768416554564996600,10.81499658203125,0.1669769287109375,-0.032073974609375,-0.9846343994140625
1768416554574998500,10.82499853515625,0.1689300537109375,-0.0314483642578125,-0.9854888916015625
1768416554584999700,10.834999755859375,0.1679840087890625,-0.0322113037109375,-0.9886627197265625
1768416554595001600,10.845001708984375,0.169219970703125,-0.0294036865234375,-0.989959716796875
1768416554605002800,10.855002685546875,0.170074462890625,-0.0308837890625,-0.989990234375
1768416554615004400,10.86500439453125,0.169281005859375,-0.0306854248046875,-0.99078369140625
1768416554625005800,10.875005859375,0.1682281494140625,-0.0321807861328125,-0.989990234375
1768416554635007700,10.8850078125,0.1692352294921875,-0.032958984375,-0.9871978759765625
1768416554645008600,10.895008544921875,0.1673126220703125,-0.0320892333984375,-0.9873809814453125
1768416554655010800,10.9050107421875,0.163787841796875,-0.0319061279296875,-0.9869537353515625
1768416554665011700,10.91501171875,0.16326904296875,-0.031768798828125,-0.98504638671875
1768416554675013600,10.925013671875,0.1643829345703125,-0.031890869140625,-0.9834442138671875
1768416554685014800,10.935014892578126,0.164520263671875,-0.0317230224609375,-0.985504150390625
1768416554695016700,10.9450166015625,0.166015625,-0.031524658203125,-0.9847259521484375
1768416554705017600,10.955017578125,0.1662139892578125,-0.0319366455078125,-0.9846954345703125
1768416554715019800,10.965019775390624,0.1671600341796875,-0.0304412841796875,-0.9862518310546875
1768416554725020700,10.975020751953124,0.16778564453125,-0.02996826171875,-0.985198974609375
1768416554735022600,10.985022705078125,0.1665496826171875,-0.030670166015625,-0.9853363037109375
1768416554745023700,10.995023681640625,0.1650848388671875,-0.02972412109375,-0.985809326171875
1768416554755025700,11.005025634765625,0.1700897216796875,-0.0298919677734375,-0.9880218505859375
1768416554765026600,11.015026611328125,0.1744384765625,-0.0289306640625,-0.9895782470703125
1768416554775028700,11.02502880859375,0.1778411865234375,-0.0294189453125,-0.992462158203125
1768416554785029600,11.035029541015625,0.175445556640625,-0.031097412109375,-0.9930267333984375
1768416554795031600,11.045031494140625,0.169891357421875,-0.027252197265625,-0.9927215576171875
1768416554805032700,11.05503271484375,0.171661376953125,-0.02618408203125,-0.994232177734375
1768416554815034600,11.06503466796875,0.1761016845703125,-0.029205322265625,-0.990966796875
1768416554825035500,11.075035400390625,0.175201416015625,-0.0293121337890625,-0.985076904296875
1768416554835037700,11.08503759765625,0.1707305908203125,-0.0330047607421875,-0.98345947265625
1768416554845038600,11.09503857421875,0.168487548828125,-0.034881591796875,-0.9788818359375
1768416554855040500,11.10504052734375,0.170196533203125,-0.037139892578125,-0.9814300537109375
1768416554865041700,11.115041748046876,0.1691741943359375,-0.0351715087890625,-0.98724365234375
1768416554875043600,11.125043701171874,0.16845703125,-0.031829833984375,-0.988677978515625
1768416554885044500,11.13504443359375,0.1690216064453125,-0.0298919677734375,-0.9881591796875
1768416554895046700,11.145046630859374,0.173583984375,-0.030303955078125,-0.9874420166015625
1768416554905047600,11.155047607421874,0.1733551025390625,-0.0299530029296875,-0.9889068603515625
1768416554915049500,11.165049560546874,0.1744537353515625,-0.0303497314453125,-0.9893798828125
1768416554925050600,11.175050537109374,0.17291259765625,-0.03082275390625,-0.988555908203125
1768416554935052500,11.185052490234375,0.17218017578125,-0.031036376953125,-0.9871368408203125
1768416554945053700,11.1950537109375,0.1729888916015625,-0.0309600830078125,-0.98828125
1768416554955055600,11.2050556640625,0.1699066162109375,-0.030029296875,-0.987548828125
1768416554965056800,11.215056884765625,0.170440673828125,-0.031005859375,-0.98675537109375
1768416554975058400,11.225058349609375,0.1684112548828125,-0.028900146484375,-0.988494873046875
1768416554985059800,11.235059814453125,0.16705322265625,-0.029144287109375,-0.988922119140625
1768416554995061800,11.245061767578125,0.165740966796875,-0.0286407470703125,-0.9893798828125
1768416555005062700,11.255062744140625,0.1640777587890625,-0.028564453125,-0.9881134033203125
1768416555015064800,11.26506494140625,0.1657562255859375,-0.027496337890625,-0.98773193359375
1768416555025065700,11.275065673828125,0.1665496826171875,-0.029144287109375,-0.986297607421875
1768416555035067600,11.285067626953126,0.1688690185546875,-0.031494140625,-0.986541748046875
1768416555045068800,11.29506884765625,0.1700286865234375,-0.029052734375,-0.9869232177734375
1768416555055069700,11.305069580078126,0.1687164306640625,-0.030029296875,-0.9886016845703125
1768416555065071600,11.315071533203126,0.1696929931640625,-0.030364990234375,-0.9896087646484375
1768416555075072500,11.325072509765626,0.166595458984375,-0.0303802490234375,-0.9895172119140625
1768416555085074700,11.33507470703125,0.166717529296875,-0.0298614501953125,-0.9874114990234375
1768416555095075600,11.34507568359375,0.1697998046875,-0.0322113037109375,-0.98504638671875
1768416555105077500,11.355077392578124,0.1694793701171875,-0.0331573486328125,-0.9852294921875
1768416555115078700,11.36507861328125,0.1668853759765625,-0.0308837890625,-0.98455810546875
1768416555125080600,11.37508056640625,0.163970947265625,-0.0322113037109375,-0.98626708984375
1768416555135081500,11.38508154296875,0.164154052734375,-0.0317535400390625,-0.9868927001953125
1768416555145083600,11.395083740234375,0.1652679443359375,-0.0323028564453125,-0.9864349365234375
1768416555155084500,11.40508447265625,0.1677703857421875,-0.0319671630859375,-0.9882659912109375
1768416555165086500,11.41508642578125,0.17010498046875,-0.0323486328125,-0.9882354736328125
1768416555175087600,11.425087646484375,0.1690826416015625,-0.0324554443359375,-0.986480712890625
1768416555185089500,11.435089599609375,0.1694488525390625,-0.03057861328125,-0.9867706298828125
1768416555195090400,11.44509033203125,0.16937255859375,-0.0273284912109375,-0.9857177734375
1768416555205092600,11.455092529296875,0.1696319580078125,-0.02978515625,-0.990142822265625
1768416555215093500,11.465093505859375,0.1697235107421875,-0.0275726318359375,-0.9888458251953125
1768416555225095400,11.475095458984375,0.1680755615234375,-0.02813720703125,-0.987640380859375
1768416555235096600,11.4850966796875,0.1685943603515625,-0.0276641845703125,-0.9859771728515625
1768416555245098500,11.495098388671876,0.167572021484375,-0.028289794921875,-0.9849853515625
1768416555255099600,11.505099609375,0.169464111328125,-0.0295257568359375,-0.9873504638671875
1768416555265101600,11.5151015625,0.1710968017578125,-0.0289154052734375,-0.9911346435546875
1768416555275102700,11.525102783203126,0.1712799072265625,-0.0275115966796875,-0.9920654296875
1768416555285103900,11.535103759765626,0.1714324951171875,-0.0269775390625,-0.99163818359375
1768416555295104800,11.545104736328126,0.1715240478515625,-0.0270843505859375,-0.9912567138671875
1768416555305106700,11.555106689453124,0.1712646484375,-0.0286407470703125,-0.990203857421875
1768416555315107800,11.56510791015625,0.1726226806640625,-0.0281829833984375,-0.98846435546875
1768416555325109800,11.57510986328125,0.1705474853515625,-0.028472900390625,-0.987823486328125
1768416555335110700,11.585110595703124,0.1719818115234375,-0.028472900390625,-0.9899749755859375
1768416555345112800,11.59511279296875,0.170379638671875,-0.0270233154296875,-0.9894256591796875
1768416555355113700,11.60511376953125,0.168212890625,-0.0274810791015625,-0.9905853271484375
1768416555365115600,11.61511572265625,0.1687469482421875,-0.0303192138671875,-0.9892425537109375
1768416555375116500,11.625116455078125,0.1707305908203125,-0.0310211181640625,-0.9874267578125
1768416555385118700,11.63511865234375,0.1698455810546875,-0.03082275390625,-0.9878997802734375
1768416555395119600,11.64511962890625,0.169921875,-0.0295867919921875,-0.988922119140625
1768416555405121800,11.655121826171875,0.1697235107421875,-0.031982421875,-0.9894561767578125
1768416555415122700,11.665122802734375,0.1696929931640625,-0.0311279296875,-0.9872283935546875
1768416555425124600,11.67512451171875,0.16656494140625,-0.031890869140625,-0.9865875244140625
1768416555435125500,11.68512548828125,0.1659088134765625,-0.032958984375,-0.9855804443359375
1768416555445127700,11.695127685546876,0.1662139892578125,-0.0314788818359375,-0.986663818359375
1768416555455128600,11.705128662109376,0.1656646728515625,-0.0293731689453125,-0.988067626953125
1768416555465130800,11.715130859375,0.1651458740234375,-0.0283966064453125,-0.9891357421875
1768416555475131600,11.725131591796876,0.1651153564453125,-0.0268096923828125,-0.9880828857421875
1768416555485133600,11.735133544921876,0.1660919189453125,-0.0291290283203125,-0.9867401123046875
1768416555495134700,11.745134765625,0.16546630859375,-0.0285797119140625,-0.9842987060546875
1768416555505136600,11.75513671875,0.16326904296875,-0.029449462890625,-0.9842987060546875
1768416555515137800,11.7651376953125,0.1628265380859375,-0.0290985107421875,-0.9852294921875
1768416555525138700,11.775138671875,0.1666259765625,-0.028411865234375,-0.98822021484375
1768416555535140900,11.785140869140625,0.1678314208984375,-0.027191162109375,-0.988311767578125
1768416555545141800,11.795141845703125,0.1705169677734375,-0.0279541015625,-0.9892730712890625
1768416555555143700,11.805143798828125,0.1675872802734375,-0.03009033203125,-0.990020751953125
1768416555565144800,11.815144775390625,0.166015625,-0.028594970703125,-0.9886932373046875
1768416555575146800,11.825146728515625,0.169036865234375,-0.0274810791015625,-0.9901275634765625
1768416555585147600,11.835147705078125,0.1697845458984375,-0.028472900390625,-0.9884185791015625
1768416555595149800,11.84514990234375,0.166168212890625,-0.03033447265625,-0.986358642578125
1768416555605150700,11.855150634765625,0.1641387939453125,-0.02996826171875,-0.9835052490234375
1768416555615152600,11.865152587890625,0.163238525390625,-0.0330963134765625,-0.9813385009765625
1768416555625153800,11.87515380859375,0.166107177734375,-0.0352783203125,-0.9838714599609375
1768416555635155700,11.88515576171875,0.166717529296875,-0.0327606201171875,-0.988250732421875
1768416555645156600,11.895156494140625,0.1680145263671875,-0.031097412109375,-0.9881744384765625
1768416555655158800,11.90515869140625,0.17431640625,-0.0302276611328125,-0.9914093017578125
1768416555665159700,11.91515966796875,0.18560791015625,-0.03167724609375,-0.995147705078125
1768416555675161600,11.92516162109375,0.193084716796875,-0.0329132080078125,-0.995361328125
1768416555685162800,11.935162841796876,0.18756103515625,-0.03094482421875,-0.9933319091796875
1768416555695164700,11.94516455078125,0.17388916015625,-0.0275726318359375,-0.9890899658203125
1768416555705165600,11.95516552734375,0.1660919189453125,-0.027984619140625,-0.987701416015625
1768416555715167700,11.965167724609374,0.163848876953125,-0.0279083251953125,-0.98773193359375
1768416555725168600,11.975168701171874,0.1636962890625,-0.0281524658203125,-0.9904022216796875
1768416555735170600,11.985170654296875,0.1620941162109375,-0.0271148681640625,-0.9907073974609375
1768416555745171700,11.995171630859375,0.16253662109375,-0.0272369384765625,-0.989471435546875
1768416555755173600,12.005173583984375,0.1628570556640625,-0.0267791748046875,-0.9889068603515625
1768416555765174500,12.015174560546875,0.1611175537109375,-0.0262298583984375,-0.986053466796875
1768416555775176700,12.0251767578125,0.1604156494140625,-0.027587890625,-0.9856414794921875
1768416555785177600,12.035177490234375,0.1607666015625,-0.0288543701171875,-0.98406982421875
1768416555795179500,12.045179443359375,0.1593780517578125,-0.0296173095703125,-0.9823150634765625
1768416555805180700,12.0551806640625,0.15936279296875,-0.0289306640625,-0.98309326171875
1768416555815182600,12.0651826171875,0.16094970703125,-0.0284576416015625,-0.9843597412109375
1768416555825183700,12.075183837890625,0.1640777587890625,-0.030670166015625,-0.9857330322265625
1768416555835185700,12.085185546875,0.166046142578125,-0.030181884765625,-0.986602783203125
1768416555845186800,12.095186767578125,0.1660614013671875,-0.02886962890625,-0.9891510009765625
1768416555855188700,12.105188720703126,0.1688232421875,-0.0290679931640625,-0.9880218505859375
1768416555865190000,12.11518994140625,0.167388916015625,-0.0300750732421875,-0.98602294921875
1768416555875191800,12.12519189453125,0.166748046875,-0.0338134765625,-0.9865264892578125
1768416555885192700,12.135192626953126,0.167327880859375,-0.0330810546875,-0.985931396484375
1768416555895195000,12.14519482421875,0.16448974609375,-0.03399658203125,-0.98675537109375
1768416555905195800,12.15519580078125,0.162567138671875,-0.034271240234375,-0.9884185791015625
1768416555915197700,12.16519775390625,0.162567138671875,-0.0319366455078125,-0.9887542724609375
1768416555925198800,12.17519873046875,0.16375732421875,-0.0307159423828125,-0.9916534423828125
1768416555935200800,12.18520068359375,0.1636505126953125,-0.0295257568359375,-0.992218017578125
1768416555945201700,12.19520166015625,0.163909912109375,-0.0294342041015625,-0.9910430908203125
1768416555955203800,12.205203857421875,0.1649627685546875,-0.0299072265625,-0.9893035888671875
1768416555965204700,12.215204833984375,0.1652069091796875,-0.031158447265625,-0.98797607421875
1768416555975206700,12.22520654296875,0.1649932861328125,-0.032073974609375,-0.988067626953125
1768416555985207800,12.235207763671875,0.1667938232421875,-0.0290069580078125,-0.9878387451171875
1768416555995209700,12.245209716796875,0.162567138671875,-0.03204345703125,-0.9941864013671875
1768416556005210600,12.255210693359375,0.1688232421875,-0.0236053466796875,-0.9821929931640625
1768416556015212800,12.265212890625,0.168487548828125,-0.0281982421875,-0.983734130859375
1768416556025213700,12.275213623046875,0.1658782958984375,-0.0312652587890625,-0.9878387451171875
1768416556035215600,12.285215576171876,0.169281005859375,-0.0278472900390625,-0.9873046875
1768416556045216800,12.295216796875,0.16925048828125,-0.0278472900390625,-0.98773193359375
1768416556055218700,12.30521875,0.167144775390625,-0.027313232421875,-0.986968994140625
1768416556065219600,12.315219482421876,0.16668701171875,-0.0290374755859375,-0.987274169921875
1768416556075221800,12.3252216796875,0.1646728515625,-0.0281524658203125,-0.9871368408203125
1768416556085222700,12.33522265625,0.1650390625,-0.02899169921875,-0.9872589111328125
1768416556095224600,12.345224609375,0.1676788330078125,-0.0300750732421875,-0.987030029296875
1768416556105225700,12.355225830078124,0.1685333251953125,-0.03125,-0.98944091796875
1768416556115227600,12.3652275390625,0.1692352294921875,-0.032135009765625,-0.9886474609375
1768416556125228500,12.375228515625,0.1683349609375,-0.0322418212890625,-0.9882965087890625
1768416556135230700,12.385230712890625,0.16815185546875,-0.03131103515625,-0.989715576171875
1768416556145231600,12.395231689453125,0.17083740234375,-0.032257080078125,-0.9891357421875
1768416556155233500,12.405233642578125,0.1701507568359375,-0.03118896484375,-0.9893035888671875
1768416556165234700,12.415234619140625,0.1680145263671875,-0.033050537109375,-0.9896087646484375
1768416556175236600,12.425236572265625,0.1657562255859375,-0.0325469970703125,-0.9894561767578125
1768416556185237800,12.43523779296875,0.1637115478515625,-0.0328826904296875,-0.9893646240234375
1768416556195239700,12.44523974609375,0.1630096435546875,-0.0319061279296875,-0.988983154296875
1768416556205240800,12.45524072265625,0.1635284423828125,-0.032806396484375,-0.9886322021484375
1768416556215242800,12.46524267578125,0.16363525390625,-0.031646728515625,-0.9885101318359375
1768416556225244000,12.475243896484375,0.1625518798828125,-0.0314178466796875,-0.9871978759765625
1768416556235245800,12.485245849609376,0.16265869140625,-0.0313262939453125,-0.9857025146484375
1768416556245246700,12.495246826171876,0.16253662109375,-0.0306854248046875,-0.98516845703125
1768416556255249000,12.505248779296876,0.16058349609375,-0.0328216552734375,-0.9854278564453125
1768416556265249800,12.515249755859376,0.1593017578125,-0.0301513671875,-0.98553466796875
1768416556275251700,12.525251708984374,0.159637451171875,-0.030242919921875,-0.98834228515625
1768416556285253600,12.535253662109374,0.164520263671875,-0.03082275390625,-0.989349365234375
1768416556295255300,12.54525537109375,0.169158935546875,-0.0295562744140625,-0.989990234375
1768416556305256400,12.55525634765625,0.1666717529296875,-0.0305023193359375,-0.9878997802734375
1768416556315258600,12.565258544921875,0.1606597900390625,-0.030059814453125,-0.988006591796875
1768416556325259500,12.575259521484375,0.1610260009765625,-0.0261077880859375,-0.9886627197265625
1768416556335261400,12.585261474609375,0.161956787109375,-0.02777099609375,-0.9908447265625
1768416556345262600,12.5952626953125,0.1651153564453125,-0.0305328369140625,-0.9893798828125
1768416556355264500,12.605264404296875,0.164581298828125,-0.0330657958984375,-0.987396240234375
1768416556365265400,12.615265380859375,0.158355712890625,-0.0317840576171875,-0.984619140625
1768416556375267600,12.625267578125,0.1550140380859375,-0.0322113037109375,-0.983856201171875
1768416556385268500,12.6352685546875,0.15771484375,-0.0351715087890625,-0.9823150634765625
1768416556395270400,12.6452705078125,0.160736083984375,-0.0342559814453125,-0.987030029296875
1768416556405271600,12.655271484375,0.1647186279296875,-0.0313720703125,-0.988983154296875
1768416556415273500,12.6652734375,0.1697540283203125,-0.0308074951171875,-0.99090576171875
1768416556425274400,12.6752744140625,0.1696319580078125,-0.029083251953125,-0.9912261962890625
1768416556435276500,12.685276611328124,0.17059326171875,-0.029266357421875,-0.991912841796875
1768416556445277400,12.69527734375,0.16845703125,-0.0304412841796875,-0.992340087890625
1768416556455279400,12.705279296875,0.1641998291015625,-0.0274658203125,-0.992919921875
1768416556465280500,12.715280517578124,0.1609954833984375,-0.0287933349609375,-0.99114990234375
1768416556475282400,12.725282470703124,0.16033935546875,-0.02947998046875,-0.9900054931640625
1768416556485283300,12.735283447265624,0.1593170166015625,-0.0300445556640625,-0.9881439208984375
1768416556495285500,12.745285400390625,0.1606292724609375,-0.0298004150390625,-0.988433837890625
1768416556505286400,12.755286376953125,0.1599884033203125,-0.0292816162109375,-0.9869842529296875
1768416556515288300,12.765288330078125,0.160614013671875,-0.028106689453125,-0.986236572265625
1768416556525289500,12.77528955078125,0.1597900390625,-0.029144287109375,-0.986663818359375
1768416556535291400,12.78529150390625,0.1602935791015625,-0.028656005859375,-0.9857940673828125
1768416556545292300,12.795292236328125,0.16326904296875,-0.028717041015625,-0.985992431640625
1768416556555294500,12.80529443359375,0.161163330078125,-0.0289306640625,-0.98980712890625
1768416556565295400,12.81529541015625,0.1614837646484375,-0.0283050537109375,-0.9887847900390625
1768416556575297300,12.82529736328125,0.1628570556640625,-0.02960205078125,-0.987060546875
1768416556585298400,12.83529833984375,0.164947509765625,-0.0319366455078125,-0.989227294921875
1768416556595300400,12.84530029296875,0.165985107421875,-0.031890869140625,-0.9874420166015625
1768416556605301500,12.855301513671876,0.1660308837890625,-0.0323333740234375,-0.9881134033203125
1768416556615303400,12.865303466796876,0.1640777587890625,-0.032318115234375,-0.9861907958984375
1768416556625304600,12.8753046875,0.1627655029296875,-0.03277587890625,-0.9855194091796875
1768416556635306200,12.88530615234375,0.1619415283203125,-0.033050537109375,-0.9860382080078125
1768416556645307600,12.8953076171875,0.16265869140625,-0.033172607421875,-0.98699951171875
1768416556655309300,12.905309326171874,0.1633148193359375,-0.0326080322265625,-0.9865875244140625
1768416556665310500,12.915310546875,0.161834716796875,-0.0319976806640625,-0.9886474609375
1768416556675312600,12.925312744140625,0.1640777587890625,-0.0314178466796875,-0.988922119140625
1768416556685313500,12.9353134765625,0.164794921875,-0.031646728515625,-0.9890899658203125
1768416556695315500,12.9453154296875,0.165802001953125,-0.031646728515625,-0.98992919921875
1768416556705316600,12.955316650390625,0.165069580078125,-0.0296173095703125,-0.9906005859375
1768416556715318500,12.965318603515625,0.164398193359375,-0.0297088623046875,-0.990753173828125
1768416556725319400,12.9753193359375,0.1663970947265625,-0.0297088623046875,-0.98760986328125
1768416556735321600,12.985321533203125,0.1639862060546875,-0.0301971435546875,-0.9868316650390625
1768416556745322500,12.995322509765625,0.1626739501953125,-0.0301055908203125,-0.987335205078125
1768416556755324400,13.005324462890625,0.163726806640625,-0.0305023193359375,-0.986083984375
1768416556765325600,13.01532568359375,0.165069580078125,-0.0294647216796875,-0.98638916015625
1768416556775327500,13.025327392578125,0.1644744873046875,-0.0286407470703125,-0.987884521484375
1768416556785328400,13.035328369140625,0.1650543212890625,-0.0285186767578125,-0.9888458251953125
1768416556795330600,13.04533056640625,0.166107177734375,-0.0287017822265625,-0.9896087646484375
1768416556805331500,13.05533154296875,0.1666717529296875,-0.028717041015625,-0.9900360107421875
1768416556815333400,13.06533349609375,0.1674346923828125,-0.0274658203125,-0.990264892578125
1768416556825334500,13.07533447265625,0.16595458984375,-0.027740478515625,-0.9906463623046875
1768416556835336400,13.08533642578125,0.164825439453125,-0.028472900390625,-0.99249267578125
1768416556845337300,13.09533740234375,0.1644287109375,-0.0289154052734375,-0.9898834228515625
1768416556855339500,13.105339599609374,0.1637115478515625,-0.0302886962890625,-0.989532470703125
1768416556865340400,13.11534033203125,0.16339111328125,-0.0288848876953125,-0.9906463623046875
1768416556875342300,13.12534228515625,0.16217041015625,-0.029022216796875,-0.991943359375
1768416556885343500,13.135343505859375,0.16424560546875,-0.0295562744140625,-0.9912567138671875
1768416556895345400,13.145345458984375,0.165740966796875,-0.03076171875,-0.9901580810546875
1768416556905346300,13.15534619140625,0.1652374267578125,-0.0310821533203125,-0.9901885986328125
1768416556915348500,13.165348388671875,0.1662139892578125,-0.031829833984375,-0.98876953125
1768416556925349400,13.175349365234375,0.1656646728515625,-0.032257080078125,-0.9876556396484375
1768416556935351300,13.185351318359375,0.1655731201171875,-0.03045654296875,-0.9891815185546875
1768416556945352400,13.1953525390625,0.163177490234375,-0.031280517578125,-0.9877777099609375
1768416556955354400,13.205354248046875,0.1625213623046875,-0.029876708984375,-0.986541748046875
1768416556965355500,13.21535546875,0.163360595703125,-0.0318450927734375,-0.9868316650390625
1768416556975357400,13.225357421875,0.1634521484375,-0.0326385498046875,-0.9863433837890625
1768416556985358600,13.235358642578126,0.16436767578125,-0.031585693359375,-0.9855804443359375
1768416556995360300,13.2453603515625,0.1627349853515625,-0.03179931640625,-0.984832763671875
1768416557005361700,13.255361572265626,0.162200927734375,-0.031890869140625,-0.9860076904296875
1768416557015363300,13.26536328125,0.161529541015625,-0.029998779296875,-0.9874725341796875
1768416557025364500,13.275364501953124,0.160064697265625,-0.030853271484375,-0.9875946044921875
1768416557035366700,13.28536669921875,0.1566925048828125,-0.0306396484375,-0.9878692626953125
1768416557045367600,13.295367431640624,0.1588134765625,-0.0290679931640625,-0.9880218505859375
1768416557055369500,13.305369384765624,0.1615753173828125,-0.031280517578125,-0.9883270263671875
1768416557065370600,13.31537060546875,0.1654815673828125,-0.0301971435546875,-0.98651123046875
1768416557075372500,13.32537255859375,0.1657562255859375,-0.0307769775390625,-0.986175537109375
1768416557085373400,13.33537353515625,0.1628265380859375,-0.0307769775390625,-0.986785888671875
1768416557095375600,13.345375732421875,0.16143798828125,-0.029083251953125,-0.98809814453125
1768416557105376500,13.35537646484375,0.162841796875,-0.0289306640625,-0.990447998046875
1768416557115378400,13.36537841796875,0.1654510498046875,-0.0307159423828125,-0.988128662109375
1768416557125379600,13.375379638671875,0.1675567626953125,-0.0306243896484375,-0.987945556640625
1768416557135381500,13.385381591796875,0.16290283203125,-0.0317840576171875,-0.9857940673828125
1768416557145382400,13.39538232421875,0.160430908203125,-0.032501220703125,-0.9832305908203125
1768416557155384600,13.405384521484375,0.16180419921875,-0.033416748046875,-0.983428955078125
1768416557165385500,13.415385498046875,0.1632843017578125,-0.032012939453125,-0.9880828857421875
1768416557175387400,13.425387451171876,0.1634063720703125,-0.0306549072265625,-0.9902801513671875
1768416557185388500,13.435388427734376,0.16485595703125,-0.031982421875,-0.989227294921875
1768416557195390500,13.445390380859376,0.16851806640625,-0.028839111328125,-0.98974609375
1768416557205391400,13.455391357421876,0.171234130859375,-0.0309295654296875,-0.99212646484375
1768416557215393500,13.4653935546875,0.1710968017578125,-0.0291900634765625,-0.9913330078125
1768416557225394400,13.47539453125,0.1676025390625,-0.02880859375,-0.9903564453125
1768416557235396400,13.485396240234374,0.1675567626953125,-0.02947998046875,-0.9892730712890625
1768416557245397500,13.4953974609375,0.1660919189453125,-0.0277557373046875,-0.98944091796875
1768416557255399400,13.5053994140625,0.1639251708984375,-0.0287628173828125,-0.9890899658203125
1768416557265400300,13.515400390625,0.1638946533203125,-0.0290679931640625,-0.98895263671875
1768416557275402500,13.525402587890625,0.1645965576171875,-0.027587890625,-0.9890594482421875
1768416557285403400,13.5354033203125,0.1669158935546875,-0.028656005859375,-0.9859619140625
1768416557295405300,13.5454052734375,0.1690826416015625,-0.0296783447265625,-0.98956298828125
1768416557305406500,13.555406494140625,0.169097900390625,-0.0287628173828125,-0.988555908203125
1768416557315408400,13.565408447265625,0.1692352294921875,-0.0273895263671875,-0.988372802734375
1768416557325409500,13.575409423828125,0.1685028076171875,-0.0295257568359375,-0.9895477294921875
1768416557335411500,13.585411376953125,0.171142578125,-0.0293426513671875,-0.9879913330078125
1768416557345412600,13.59541259765625,0.1727752685546875,-0.0307464599609375,-0.986724853515625
1768416557355414300,13.605414306640625,0.171844482421875,-0.0309600830078125,-0.9875946044921875
1768416557365415700,13.615415771484376,0.1732635498046875,-0.0323944091796875,-0.989593505859375
1768416557375417300,13.625417236328126,0.1733856201171875,-0.0327301025390625,-0.98968505859375
1768416557385418500,13.63541845703125,0.1723480224609375,-0.0308685302734375,-0.991302490234375
1768416557395420700,13.645420654296874,0.1691741943359375,-0.0298004150390625,-0.9915618896484375
1768416557405421600,13.655421630859376,0.167572021484375,-0.0302581787109375,-0.989166259765625
1768416557415423500,13.665423583984374,0.1662445068359375,-0.0306243896484375,-0.9874267578125
1768416557425424600,13.675424560546874,0.1642303466796875,-0.0323486328125,-0.9869842529296875
1768416557435426600,13.685426513671874,0.1641387939453125,-0.0319671630859375,-0.986114501953125
1768416557445427500,13.695427490234374,0.1638336181640625,-0.0308074951171875,-0.985382080078125
1768416557455429600,13.7054296875,0.1646728515625,-0.0302581787109375,-0.98748779296875
1768416557465430500,13.715430419921875,0.165802001953125,-0.0292205810546875,-0.98907470703125
1768416557475432400,13.725432373046875,0.1653594970703125,-0.0285186767578125,-0.9874267578125
1768416557485433600,13.73543359375,0.163970947265625,-0.0281219482421875,-0.9881591796875
1768416557495435500,13.745435546875,0.164947509765625,-0.0305328369140625,-0.9860992431640625
1768416557505436400,13.7554365234375,0.1659088134765625,-0.0295867919921875,-0.98681640625
1768416557515438600,13.7654384765625,0.1653289794921875,-0.02825927734375,-0.9865264892578125
1768416557525439500,13.775439453125,0.1661224365234375,-0.0283050537109375,-0.9868927001953125
1768416557535441400,13.78544140625,0.1665802001953125,-0.027740478515625,-0.9871673583984375
1768416557545442600,13.795442626953125,0.16802978515625,-0.0286102294921875,-0.98828125
1768416557555444500,13.805444580078126,0.1695404052734375,-0.0302886962890625,-0.98809814453125
1768416557565445400,13.8154453125,0.1688385009765625,-0.03131103515625,-0.9864349365234375
1768416557575447600,13.825447509765626,0.1693878173828125,-0.030181884765625,-0.9871673583984375
1768416557585448400,13.835448486328126,0.16802978515625,-0.0301361083984375,-0.9881591796875
1768416557595450400,13.845450439453124,0.166259765625,-0.029083251953125,-0.9884490966796875
1768416557605451500,13.855451416015624,0.1668853759765625,-0.0294036865234375,-0.98956298828125
1768416557615453400,13.865453369140624,0.167816162109375,-0.030670166015625,-0.9884796142578125
1768416557625454300,13.875454345703124,0.1689605712890625,-0.0320281982421875,-0.9873809814453125
1768416557635456500,13.88545654296875,0.16839599609375,-0.0328826904296875,-0.98876953125
1768416557645457400,13.89545751953125,0.168487548828125,-0.0326690673828125,-0.9883880615234375
1768416557655459300,13.905459228515625,0.1688385009765625,-0.0319976806640625,-0.988372802734375
1768416557665460500,13.91546044921875,0.167510986328125,-0.0309906005859375,-0.9895782470703125
1768416557675461600,13.925461669921875,0.166748046875,-0.0310516357421875,-0.98834228515625
1768416557685463600,13.935463623046875,0.1661834716796875,-0.0314178466796875,-0.9862213134765625
1768416557695464700,13.945464599609375,0.165985107421875,-0.0323333740234375,-0.985595703125
1768416557705466600,13.955466552734375,0.1666412353515625,-0.0320281982421875,-0.9862213134765625
1768416557715467500,13.965467529296875,0.1661224365234375,-0.0314483642578125,-0.984283447265625
1768416557725469700,13.9754697265625,0.1678619384765625,-0.0300750732421875,-0.9861602783203125
1768416557735470600,13.985470703125,0.1684112548828125,-0.0303802490234375,-0.9879302978515625
1768416557745472500,13.995472412109375,0.1676483154296875,-0.0291290283203125,-0.987060546875
1768416557755473700,14.0054736328125,0.165924072265625,-0.0288238525390625,-0.9863433837890625
1768416557765475600,14.0154755859375,0.166717529296875,-0.0284576416015625,-0.9854278564453125
1768416557775476500,14.0254765625,0.1658477783203125,-0.0316925048828125,-0.985137939453125
1768416557785478700,14.035478759765626,0.168212890625,-0.03021240234375,-0.98736572265625
1768416557795479600,14.0454794921875,0.1686553955078125,-0.0295562744140625,-0.9871063232421875
1768416557805481500,14.0554814453125,0.1696319580078125,-0.0315093994140625,-0.9864501953125
1768416557815482600,14.065482666015624,0.169830322265625,-0.0315093994140625,-0.9867401123046875
1768416557825484500,14.075484619140624,0.1688232421875,-0.030303955078125,-0.9876708984375
1768416557835485400,14.0854853515625,0.1684722900390625,-0.0308990478515625,-0.986968994140625
1768416557845487600,14.095487548828125,0.1685791015625,-0.0311126708984375,-0.9894561767578125
1768416557855488500,14.105488525390625,0.1702880859375,-0.0299072265625,-0.9911346435546875
1768416557865490400,14.115490478515625,0.172210693359375,-0.029998779296875,-0.9917755126953125
1768416557875491300,14.1254912109375,0.1736602783203125,-0.032257080078125,-0.990234375
1768416557885493500,14.135493408203125,0.1731414794921875,-0.0315093994140625,-0.989410400390625
1768416557895494400,14.145494384765625,0.173248291015625,-0.0309295654296875,-0.991241455078125
1768416557905496600,14.15549658203125,0.1773223876953125,-0.02984619140625,-0.99493408203125
1768416557915497500,14.16549755859375,0.1804656982421875,-0.0296478271484375,-0.9965057373046875
1768416557925499400,14.17549951171875,0.1793365478515625,-0.0290069580078125,-0.99407958984375
1768416557935500300,14.185500244140625,0.173370361328125,-0.0291900634765625,-0.98931884765625
1768416557945502500,14.19550244140625,0.1706695556640625,-0.0323333740234375,-0.9854888916015625
1768416557955503400,14.20550341796875,0.1685638427734375,-0.0347137451171875,-0.9811248779296875
1768416557965505500,14.215505615234376,0.1665191650390625,-0.033172607421875,-0.983856201171875
1768416557975506400,14.22550634765625,0.164031982421875,-0.0306854248046875,-0.986053466796875
1768416557985508400,14.23550830078125,0.1658782958984375,-0.0285797119140625,-0.9879913330078125
1768416557995509500,14.245509521484376,0.1654815673828125,-0.02783203125,-0.988800048828125
1768416558005511400,14.255511474609374,0.168792724609375,-0.0287322998046875,-0.9881591796875
1768416558015512600,14.2655126953125,0.170379638671875,-0.0311279296875,-0.98712158203125
1768416558025514500,14.275514404296874,0.1714935302734375,-0.0315704345703125,-0.98504638671875
1768416558035515600,14.285515625,0.1696929931640625,-0.0330352783203125,-0.98388671875
1768416558045517600,14.295517578125,0.170013427734375,-0.031463623046875,-0.9864349365234375
1768416558055518500,14.3055185546875,0.1678924560546875,-0.0303192138671875,-0.989044189453125
1768416558065520600,14.315520751953125,0.16717529296875,-0.0295867919921875,-0.988494873046875
1768416558075521500,14.325521484375,0.165313720703125,-0.0298004150390625,-0.98919677734375
1768416558085523700,14.335523681640625,0.16375732421875,-0.029571533203125,-0.9872283935546875
1768416558095524600,14.345524658203125,0.162933349609375,-0.029998779296875,-0.9841461181640625
1768416558105525500,14.355525390625,0.1634979248046875,-0.031829833984375,-0.9867706298828125
1768416558115527400,14.36552734375,0.163482666015625,-0.0313568115234375,-0.9872589111328125
1768416558125528600,14.375528564453125,0.165771484375,-0.03179931640625,-0.9879302978515625
1768416558135530500,14.385530517578125,0.1667938232421875,-0.0308380126953125,-0.98956298828125
1768416558145531400,14.395531494140625,0.166534423828125,-0.032318115234375,-0.9896240234375
1768416558155533600,14.405533447265626,0.1659088134765625,-0.03155517578125,-0.987457275390625
1768416558165534500,14.415534423828126,0.1668548583984375,-0.03289794921875,-0.98779296875
1768416558175536400,14.425536376953126,0.1693572998046875,-0.0341033935546875,-0.9877166748046875
1768416558185537500,14.43553759765625,0.1699676513671875,-0.0316009521484375,-0.988311767578125
1768416558195539500,14.44553955078125,0.1683197021484375,-0.031280517578125,-0.98779296875
1768416558205540400,14.455540283203124,0.17034912109375,-0.03106689453125,-0.9878387451171875
1768416558215542500,14.46554248046875,0.1700286865234375,-0.031829833984375,-0.9870452880859375
1768416558225543400,14.47554345703125,0.168853759765625,-0.0323944091796875,-0.9870452880859375
1768416558235545300,14.48554541015625,0.1675262451171875,-0.0320281982421875,-0.9877166748046875
1768416558245546500,14.49554638671875,0.165863037109375,-0.0318756103515625,-0.9871368408203125
1768416558255548400,14.50554833984375,0.16650390625,-0.0316925048828125,-0.9886016845703125
1768416558265549300,14.51554931640625,0.167816162109375,-0.0308990478515625,-0.9878692626953125
1768416558275551500,14.525551513671875,0.168792724609375,-0.0323486328125,-0.992401123046875
1768416558285552600,14.535552734375,0.1695709228515625,-0.031280517578125,-0.9909820556640625
1768416558295554600,14.545554443359375,0.1686248779296875,-0.0286407470703125,-0.9912567138671875
1768416558305555500,14.555555419921875,0.1671600341796875,-0.0287628173828125,-0.9896392822265625
1768416558315557600,14.5655576171875,0.166107177734375,-0.0294036865234375,-0.989105224609375
1768416558325558800,14.575558837890625,0.16546630859375,-0.0306396484375,-0.9900054931640625
1768416558335560400,14.585560546875,0.167022705078125,-0.030029296875,-0.9912872314453125
1768416558345561600,14.5955615234375,0.1682586669921875,-0.0315093994140625,-0.99188232421875
1768416558355563500,14.6055634765625,0.1707000732421875,-0.03021240234375,-0.990447998046875
1768416558365564700,14.615564697265626,0.1691741943359375,-0.0289306640625,-0.9893341064453125
1768416558375565600,14.625565673828126,0.1684417724609375,-0.03033447265625,-0.9910430908203125
1768416558385567700,14.635567626953126,0.1682891845703125,-0.028778076171875,-0.990264892578125
1768416558395568600,14.645568603515626,0.1696624755859375,-0.0299224853515625,-0.9898529052734375
1768416558405570600,14.655570556640624,0.1691436767578125,-0.0298614501953125,-0.989349365234375
1768416558415571700,14.66557177734375,0.1686553955078125,-0.0299530029296875,-0.9897918701171875
1768416558425573600,14.67557373046875,0.1674652099609375,-0.0287628173828125,-0.989593505859375
1768416558435574500,14.685574462890624,0.1661376953125,-0.028717041015625,-0.99090576171875
1768416558445576700,14.69557666015625,0.16522216796875,-0.027740478515625,-0.989837646484375
1768416558455577600,14.70557763671875,0.1647796630859375,-0.0279693603515625,-0.9890899658203125
1768416558465579500,14.71557958984375,0.1630401611328125,-0.0301055908203125,-0.987884521484375
1768416558475580700,14.72558056640625,0.1627197265625,-0.0318603515625,-0.9887237548828125
1768416558485582600,14.73558251953125,0.1631622314453125,-0.032196044921875,-0.9874114990234375
1768416558495583500,14.74558349609375,0.1639251708984375,-0.0316925048828125,-0.9890594482421875
1768416558505585700,14.755585693359375,0.1631622314453125,-0.03118896484375,-0.9882354736328125
1768416558515586600,14.765586669921875,0.16180419921875,-0.0318603515625,-0.98822021484375
1768416558525588500,14.77558837890625,0.16326904296875,-0.033416748046875,-0.990142822265625
1768416558535589600,14.785589599609375,0.165374755859375,-0.0358123779296875,-0.989776611328125
1768416558545591600,14.795591552734376,0.1678924560546875,-0.03900146484375,-0.9920654296875
1768416558555592400,14.805592529296876,0.1694183349609375,-0.0411224365234375,-0.992095947265625
1768416558565594600,14.8155947265625,0.1744232177734375,-0.04443359375,-0.9942779541015625
1768416558575595500,14.825595458984376,0.1773834228515625,-0.0441436767578125,-0.9955291748046875
1768416558585597400,14.835597412109376,0.168731689453125,-0.04180908203125,-0.9983367919921875
1768416558595598600,14.8455986328125,0.1557769775390625,-0.037200927734375,-1.000335693359375
1768416558605600500,14.8556005859375,0.147979736328125,-0.03460693359375,-0.996124267578125
1768416558615601700,14.8656015625,0.1460723876953125,-0.0242462158203125,-0.9833526611328125
1768416558625603600,14.875603515625,0.1470489501953125,-0.016357421875,-0.9785614013671875
1768416558635604700,14.885604736328125,0.147552490234375,-0.01422119140625,-0.975494384765625
1768416558645605600,14.895605712890625,0.1504669189453125,-0.0173187255859375,-0.9736175537109375
1768416558655607800,14.90560791015625,0.1527252197265625,-0.0199432373046875,-0.9744720458984375
1768416558665608700,14.915608642578125,0.1549072265625,-0.0238037109375,-0.976104736328125
1768416558675610600,14.925610595703125,0.1540679931640625,-0.0249176025390625,-0.978546142578125
1768416558685611800,14.93561181640625,0.149078369140625,-0.0221405029296875,-0.979888916015625
1768416558695613700,14.94561376953125,0.1431121826171875,-0.0207672119140625,-0.98187255859375
1768416558705614600,14.955614501953125,0.1341552734375,-0.0155487060546875,-0.9832611083984375
1768416558715616800,14.96561669921875,0.1324920654296875,-0.01263427734375,-0.98162841796875
1768416558725617700,14.97561767578125,0.1346893310546875,-0.017608642578125,-0.98199462890625
1768416558735619600,14.98561962890625,0.1377410888671875,-0.02264404296875,-0.9833526611328125
1768416558745620700,14.995620849609375,0.1392974853515625,-0.0225982666015625,-0.9828948974609375
1768416558755622700,15.00562255859375,0.1428375244140625,-0.0211944580078125,-0.983673095703125
1768416558765623600,15.01562353515625,0.1447601318359375,-0.02032470703125,-0.985565185546875
1768416558775625700,15.025625732421876,0.1579437255859375,-0.0250396728515625,-0.9875335693359375
1768416558785626600,15.035626708984376,0.1679229736328125,-0.033050537109375,-0.9913177490234375
1768416558795628500,15.045628662109374,0.1707000732421875,-0.0349884033203125,-0.99566650390625
1768416558805629700,15.055629638671874,0.1705780029296875,-0.037628173828125,-0.9979400634765625
1768416558815631600,15.065631591796874,0.166656494140625,-0.0339508056640625,-1.001220703125
1768416558825632500,15.075632568359374,0.162841796875,-0.0311737060546875,-1.0033416748046875
1768416558835634700,15.085634765625,0.1609649658203125,-0.0291290283203125,-1.0029296875
1768416558845635600,15.095635498046875,0.1602783203125,-0.028411865234375,-0.9967498779296875
1768416558855636500,15.105636474609375,0.162506103515625,-0.0303192138671875,-0.9925537109375
1768416558865638700,15.115638671875,0.1653900146484375,-0.0357818603515625,-0.9903564453125
1768416558875639600,15.1256396484375,0.1710052490234375,-0.03875732421875,-0.988128662109375
1768416558885641500,15.135641357421875,0.1731719970703125,-0.032806396484375,-0.9884490966796875
1768416558895642600,15.145642578125,0.16796875,-0.028533935546875,-0.99029541015625
1768416558905644500,15.15564453125,0.1640777587890625,-0.026763916015625,-0.9902496337890625
1768416558915645700,15.165645751953125,0.1639862060546875,-0.0279998779296875,-0.988006591796875
1768416558925647600,15.175647705078125,0.1641845703125,-0.031707763671875,-0.9832611083984375
1768416558935648800,15.185648681640625,0.161834716796875,-0.0327301025390625,-0.9820709228515625
1768416558945650700,15.195650634765625,0.162628173828125,-0.0279998779296875,-0.9839935302734375
1768416558955651600,15.205651611328125,0.16644287109375,-0.0226593017578125,-0.9854736328125
1768416558965653800,15.21565380859375,0.1699981689453125,-0.0246124267578125,-0.99249267578125
1768416558975654700,15.225654541015626,0.170013427734375,-0.0237274169921875,-0.9984588623046875
1768416558985656800,15.23565673828125,0.1690216064453125,-0.0240631103515625,-1.0018768310546875
1768416558995657700,15.24565771484375,0.1654205322265625,-0.0226898193359375,-1.0035552978515625
1768416559005659600,15.25565966796875,0.1624908447265625,-0.0177001953125,-1.000946044921875
1768416559015660500,15.26566064453125,0.1612396240234375,-0.0183258056640625,-1.0007781982421875
1768416559025662700,15.275662841796875,0.1667022705078125,-0.01934814453125,-0.998382568359375
1768416559035663600,15.28566357421875,0.1701202392578125,-0.01824951171875,-0.996246337890625
1768416559045664500,15.29566455078125,0.172943115234375,-0.022552490234375,-0.9936676025390625
1768416559055666700,15.305666748046875,0.17327880859375,-0.0260467529296875,-0.992523193359375
1768416559065667600,15.31566748046875,0.1676025390625,-0.029693603515625,-0.9944915771484375
1768416559075669500,15.32566943359375,0.161376953125,-0.0255584716796875,-0.998687744140625
1768416559085670700,15.335670654296875,0.166595458984375,-0.01904296875,-1.0017547607421875
1768416559095672600,15.345672607421875,0.1763458251953125,-0.0163116455078125,-0.99676513671875
1768416559105673500,15.355673583984375,0.1751861572265625,-0.0172882080078125,-0.987152099609375
1768416559115675600,15.365675537109375,0.167236328125,-0.023834228515625,-0.97650146484375
1768416559125676500,15.375676513671875,0.16455078125,-0.032073974609375,-0.9687957763671875
1768416559135678500,15.385678466796875,0.1728363037109375,-0.0391998291015625,-0.9644775390625
1768416559145679600,15.3956796875,0.177978515625,-0.043853759765625,-0.969482421875
1768416559155681500,15.405681640625,0.1735992431640625,-0.042083740234375,-0.9758148193359375
1768416559165682400,15.415682373046875,0.1618499755859375,-0.035980224609375,-0.974945068359375
1768416559175684600,15.4256845703125,0.1472930908203125,-0.0291748046875,-0.9729461669921875
1768416559185685800,15.435685791015626,0.1353912353515625,-0.0232391357421875,-0.9784393310546875
1768416559195687400,15.4456875,0.1242218017578125,-0.0228118896484375,-0.990997314453125
1768416559205688800,15.455688720703124,0.1313934326171875,-0.024017333984375,-1.0032958984375
1768416559215689700,15.465689697265624,0.160369873046875,-0.0311431884765625,-0.983551025390625
1768416559225691600,15.475691650390624,0.1767730712890625,-0.0403900146484375,-0.957061767578125
1768416559235692800,15.48569287109375,0.2226104736328125,-0.0418701171875,-1.00335693359375
1768416559245694700,15.49569482421875,0.2109832763671875,-0.0554656982421875,-0.997406005859375
1768416559255695600,15.505695556640624,0.174530029296875,-0.055694580078125,-0.9954833984375
1768416559265697800,15.51569775390625,0.14892578125,-0.0479888916015625,-0.998565673828125
1768416559275698700,15.52569873046875,0.12091064453125,-0.033233642578125,-1.006622314453125
1768416559285699800,15.535699951171875,0.1166534423828125,-0.0162353515625,-1.0190887451171875
1768416559295701000,15.545700927734375,0.138519287109375,-0.0110626220703125,-1.0242767333984375
1768416559305703000,15.555702880859375,0.1676177978515625,-0.015533447265625,-1.017669677734375
1768416559315703800,15.565703857421875,0.17852783203125,-0.025421142578125,-1.002197265625
1768416559325706000,15.5757060546875,0.1749267578125,-0.0334320068359375,-0.988433837890625
1768416559335707000,15.585706787109375,0.1653900146484375,-0.038604736328125,-0.974884033203125
1768416559345708800,15.595708740234375,0.1576080322265625,-0.045074462890625,-0.96807861328125
1768416559355710000,15.6057099609375,0.1510162353515625,-0.049713134765625,-0.9677581787109375
1768416559365712000,15.6157119140625,0.152557373046875,-0.0506744384765625,-0.9680023193359375
1768416559375712800,15.625712646484375,0.1483306884765625,-0.042572021484375,-0.9641571044921875
1768416559385715000,15.63571484375,0.140533447265625,-0.0350189208984375,-0.9648895263671875
1768416559395715800,15.6457158203125,0.1296539306640625,-0.0305023193359375,-0.9656982421875
1768416559405717000,15.655717041015626,0.1251373291015625,-0.0319366455078125,-0.960906982421875
1768416559415719000,15.665718994140626,0.11956787109375,-0.0303955078125,-0.970306396484375
1768416559425720000,15.675719970703126,0.1266326904296875,-0.0225677490234375,-0.994842529296875
1768416559435722000,15.685721923828124,0.1143035888671875,-0.0145263671875,-1.0016632080078125
1768416559445723100,15.69572314453125,0.109771728515625,-0.0061187744140625,-1.0082855224609375
1768416559455725000,15.70572509765625,0.132537841796875,-0.0077972412109375,-1.004638671875
1768416559465726000,15.715725830078124,0.1541748046875,-0.0142364501953125,-0.9908294677734375
1768416559475728100,15.72572802734375,0.1653594970703125,-0.02362060546875,-0.9729766845703125
1768416559485729000,15.73572900390625,0.156707763671875,-0.032196044921875,-0.9553070068359375
1768416559495731000,15.74573095703125,0.1386260986328125,-0.0309906005859375,-0.9465789794921875
1768416559505732000,15.755732177734375,0.1287384033203125,-0.0277862548828125,-0.9560089111328125
1768416559515734000,15.765734130859375,0.12615966796875,-0.019195556640625,-0.9749603271484375
1768416559525735000,15.77573486328125,0.14019775390625,-0.006439208984375,-0.991119384765625
1768416559535737000,15.785737060546875,0.1572723388671875,-0.0004425048828125,-0.9965667724609375
1768416559545738000,15.795738037109375,0.160247802734375,-0.0007171630859375,-0.988616943359375
1768416559555739000,15.80573876953125,0.164031982421875,-0.004638671875,-0.9756317138671875
1768416559565741000,15.815740966796875,0.170745849609375,-0.013519287109375,-0.9649658203125
1768416559575742000,15.825741943359375,0.165283203125,-0.0139007568359375,-0.9550018310546875
1768416559585744000,15.835743896484376,0.1557159423828125,-0.0008544921875,-0.960052490234375
1768416559595744800,15.845744873046876,0.1518402099609375,0.0037994384765625,-0.978973388671875
1768416559605747000,15.855746826171876,0.162109375,0.0048675537109375,-0.983428955078125
1768416559615747800,15.865747802734376,0.1686553955078125,-0.00750732421875,-0.954864501953125
1768416559625750000,15.87575,0.169677734375,-0.018096923828125,-0.9808197021484375
1768416559635751000,15.8857509765625,0.1817474365234375,-0.0112152099609375,-1.0104217529296875
1768416559645752800,15.8957529296875,0.1689605712890625,-0.00360107421875,-1.005859375
1768416559655753700,15.905753662109374,0.170928955078125,-0.0034942626953125,-1.0078277587890625
1768416559665756000,15.915755859375,0.186431884765625,-0.0133819580078125,-1.012664794921875
1768416559675757000,15.925757080078125,0.2039947509765625,-0.0197601318359375,-1.0003662109375
1768416559685759000,15.935759033203125,0.2085418701171875,-0.0143585205078125,-0.9788055419921875
1768416559695760100,15.945760009765625,0.204986572265625,-0.00927734375,-0.9749603271484375
1768416559705761800,15.95576171875,0.2077789306640625,-0.01861572265625,-0.98760986328125
1768416559715763000,15.965762939453125,0.2116546630859375,-0.021392822265625,-0.999725341796875
1768416559725764000,15.97576416015625,0.2286529541015625,-0.0168304443359375,-1.0066070556640625
1768416559735766000,15.98576611328125,0.2435455322265625,-0.0170745849609375,-1.0086822509765625
1768416559745767000,15.995766845703125,0.2484588623046875,-0.0208282470703125,-1.0031585693359375
1768416559755769000,16.00576904296875,0.2418975830078125,-0.0238800048828125,-0.995697021484375
1768416559765770000,16.01577001953125,0.2381744384765625,-0.0235748291015625,-0.987823486328125
1768416559775772000,16.02577197265625,0.240814208984375,-0.019744873046875,-0.9917144775390625
1768416559785773000,16.03577294921875,0.2526702880859375,-0.0216064453125,-0.996124267578125
1768416559795775000,16.04577490234375,0.2549896240234375,-0.0226593017578125,-0.99176025390625
1768416559805776000,16.05577587890625,0.2509765625,-0.0225372314453125,-0.9882049560546875
1768416559815778000,16.065778076171874,0.243621826171875,-0.019805908203125,-0.9810791015625
1768416559825779000,16.075779052734376,0.2317962646484375,-0.019073486328125,-0.9782562255859375
1768416559835780900,16.08578076171875,0.2220001220703125,-0.0137786865234375,-0.986083984375
1768416559845782000,16.095781982421876,0.2196197509765625,-0.0052337646484375,-0.9908905029296875
1768416559855784000,16.105783935546874,0.22430419921875,-0.0024871826171875,-0.9893035888671875
1768416559865784800,16.115784912109376,0.2284698486328125,-0.0061492919921875,-0.988555908203125
1768416559875786000,16.125785888671874,0.2286376953125,-0.0055694580078125,-0.9850311279296875
1768416559885788000,16.135787841796876,0.224273681640625,-0.0061798095703125,-0.9798736572265625
1768416559895788800,16.145788818359375,0.2213592529296875,-0.007171630859375,-0.978790283203125
1768416559905791000,16.155791015625,0.22021484375,-0.0061187744140625,-0.9775848388671875
1768416559915792000,16.1657919921875,0.216156005859375,-0.00604248046875,-0.97998046875
1768416559925793800,16.175793701171877,0.210662841796875,-0.0064544677734375,-0.9847259521484375
1768416559935795000,16.185794921875,0.21240234375,-0.0100250244140625,-0.9884185791015625
1768416559945796900,16.195796875,0.2196502685546875,-0.0167083740234375,-0.983795166015625
1768416559955798000,16.205798095703123,0.223968505859375,-0.0231781005859375,-0.980438232421875
1768416559965800000,16.215800048828125,0.2266082763671875,-0.027587890625,-0.9714813232421875
1768416559975801000,16.225801025390624,0.22503662109375,-0.030181884765625,-0.9617156982421875
1768416559985803000,16.235802978515625,0.2176666259765625,-0.0301513671875,-0.961669921875
1768416559995804200,16.24580419921875,0.2120819091796875,-0.0262451171875,-0.96795654296875
1768416560005806000,16.25580615234375,0.2108001708984375,-0.0264129638671875,-0.977508544921875
1768416560015807000,16.265806884765624,0.2139892578125,-0.0241546630859375,-0.9819793701171875
1768416560025808000,16.275807861328126,0.2212677001953125,-0.0220794677734375,-0.9807586669921875
1768416560035810000,16.28581005859375,0.22125244140625,-0.0216522216796875,-0.975433349609375
1768416560045811000,16.29581103515625,0.2245025634765625,-0.0211639404296875,-0.9731597900390625
1768416560055813000,16.305813232421876,0.22930908203125,-0.01708984375,-0.9743194580078125
1768416560065814000,16.31581396484375,0.2266693115234375,-0.013427734375,-0.9771270751953125
1768416560075816000,16.32581591796875,0.2230682373046875,-0.010589599609375,-0.9820404052734375
1768416560085816800,16.33581689453125,0.21954345703125,-0.00677490234375,-0.9814910888671875
1768416560095819000,16.345819091796876,0.2220458984375,-0.0087890625,-0.9786529541015625
1768416560105820000,16.35581982421875,0.218414306640625,-0.014312744140625,-0.972137451171875
1768416560115821800,16.36582177734375,0.2140045166015625,-0.0145721435546875,-0.9697265625
1768416560125823000,16.375822998046875,0.204376220703125,-0.0121917724609375,-0.97174072265625
1768416560135825000,16.385824951171877,0.2071533203125,-0.0114898681640625,-0.9762725830078125
1768416560145825800,16.39582568359375,0.2096405029296875,-0.0108642578125,-0.984344482421875
1768416560155827000,16.405826904296877,0.2164154052734375,-0.007049560546875,-0.985626220703125
1768416560165828900,16.415828857421875,0.2228851318359375,-0.0142364501953125,-0.98504638671875
1768416560175829800,16.425829833984373,0.2259368896484375,-0.019683837890625,-0.9779510498046875
1768416560185832000,16.43583203125,0.22637939453125,-0.0210418701171875,-0.97796630859375
1768416560195833000,16.4458330078125,0.2194976806640625,-0.016204833984375,-0.9807586669921875
1768416560205834800,16.455834716796875,0.2159271240234375,-0.011505126953125,-0.985809326171875
1768416560215836200,16.465836181640626,0.2163238525390625,-0.0078887939453125,-0.98760986328125
1768416560225837800,16.475837890625,0.2217254638671875,-0.01165771484375,-0.98431396484375
1768416560235839000,16.4858388671875,0.2236480712890625,-0.0172882080078125,-0.982574462890625
1768416560245841200,16.495841064453124,0.221466064453125,-0.0207366943359375,-0.9788055419921875
1768416560255842000,16.505842041015626,0.2191009521484375,-0.0200347900390625,-0.973846435546875
1768416560265844000,16.515843994140624,0.216094970703125,-0.01898193359375,-0.97174072265625
1768416560275845000,16.52584521484375,0.2117462158203125,-0.01800537109375,-0.9740447998046875
1768416560285847800,16.535847900390625,0.212188720703125,-0.0178985595703125,-0.9752655029296875
1768416560295849000,16.545848876953126,0.2104034423828125,-0.0190887451171875,-0.974212646484375
1768416560305849900,16.555849853515625,0.2028045654296875,-0.0178680419921875,-0.9769744873046875
1768416560315852000,16.56585205078125,0.204345703125,-0.0180511474609375,-0.9763336181640625
1768416560325853000,16.57585302734375,0.212310791015625,-0.0190582275390625,-0.9722442626953125
1768416560335854800,16.585854736328123,0.213348388671875,-0.021087646484375,-0.9724273681640625
1768416560345856000,16.59585595703125,0.2110595703125,-0.0233306884765625,-0.9803924560546875
1768416560355858000,16.60585791015625,0.210906982421875,-0.0207672119140625,-0.98333740234375
1768416560365858800,16.61585888671875,0.2068634033203125,-0.0181884765625,-0.977691650390625
1768416560375861000,16.625861083984375,0.2029876708984375,-0.0181884765625,-0.9722442626953125
1768416560385862000,16.63586181640625,0.20806884765625,-0.0207977294921875,-0.96923828125
1768416560395863800,16.64586376953125,0.2123870849609375,-0.0219879150390625,-0.9712066650390625
1768416560405865000,16.655864990234374,0.214630126953125,-0.0206298828125,-0.97796630859375
1768416560415867000,16.665866943359376,0.2197723388671875,-0.015655517578125,-0.981964111328125
1768416560425867800,16.67586767578125,0.2139892578125,-0.0150299072265625,-0.98291015625
1768416560435869000,16.685868896484376,0.2100982666015625,-0.013397216796875,-0.9815826416015625
1768416560445870800,16.695870849609374,0.2130126953125,-0.01263427734375,-0.97808837890625
1768416560455871700,16.705871826171876,0.217498779296875,-0.0146026611328125,-0.97650146484375
1768416560465874000,16.7158740234375,0.221832275390625,-0.017486572265625,-0.975341796875
1768416560475874800,16.725874755859376,0.21929931640625,-0.0157012939453125,-0.9774169921875
1768416560485876700,16.735876708984375,0.2188873291015625,-0.0150146484375,-0.978912353515625
1768416560495878000,16.7458779296875,0.21783447265625,-0.0145416259765625,-0.978363037109375
1768416560505879800,16.7558798828125,0.2201080322265625,-0.0134735107421875,-0.978485107421875
1768416560515880700,16.765880615234376,0.222564697265625,-0.0119781494140625,-0.9800567626953125
1768416560525883000,16.7758828125,0.2253875732421875,-0.01361083984375,-0.9793853759765625
1768416560535883800,16.7858837890625,0.220916748046875,-0.016693115234375,-0.979827880859375
1768416560545885700,16.7958857421875,0.2181854248046875,-0.0127105712890625,-0.978668212890625
1768416560555887000,16.80588720703125,0.2156982421875,-0.01202392578125,-0.975830078125
1768416560565888000,16.815887939453123,0.21533203125,-0.0127410888671875,-0.9739532470703125
1768416560575890000,16.825889892578125,0.214630126953125,-0.0151214599609375,-0.9722747802734375
1768416560585890800,16.835890869140623,0.2205657958984375,-0.0178985595703125,-0.9682464599609375
1768416560595893000,16.84589306640625,0.2263031005859375,-0.0207366943359375,-0.9691009521484375
1768416560605894000,16.855893798828124,0.2259368896484375,-0.020843505859375,-0.9761962890625
1768416560615896000,16.86589599609375,0.225067138671875,-0.0179290771484375,-0.9827880859375
1768416560625897000,16.87589697265625,0.2263946533203125,-0.0140228271484375,-0.9852447509765625
1768416560635899000,16.88589892578125,0.2272186279296875,-0.0128021240234375,-0.9832916259765625
1768416560645899800,16.895899658203124,0.22369384765625,-0.0152435302734375,-0.9781646728515625
1768416560655902000,16.90590185546875,0.222686767578125,-0.017364501953125,-0.973876953125
1768416560665902800,16.91590283203125,0.2228546142578125,-0.0183868408203125,-0.9722747802734375
1768416560675905000,16.925905029296874,0.2220306396484375,-0.0194091796875,-0.972137451171875
1768416560685906000,16.935906005859376,0.2178497314453125,-0.0190277099609375,-0.974578857421875
1768416560695906800,16.94590673828125,0.2174835205078125,-0.0180816650390625,-0.978240966796875
1768416560705908700,16.95590869140625,0.2222442626953125,-0.014678955078125,-0.978607177734375
1768416560715910000,16.965909912109375,0.22454833984375,-0.016326904296875,-0.976654052734375
1768416560725911800,16.975911865234377,0.2251434326171875,-0.0215911865234375,-0.97467041015625
1768416560735912700,16.98591259765625,0.2280731201171875,-0.0245208740234375,-0.9747314453125
1768416560745915000,16.995914794921877,0.2277374267578125,-0.0244598388671875,-0.975494384765625
1768416560755915800,17.005915771484375,0.2249908447265625,-0.02099609375,-0.977325439453125
1768416560765917700,17.015917724609373,0.2243804931640625,-0.017242431640625,-0.97869873046875
1768416560775918800,17.0259189453125,0.2249755859375,-0.0139617919921875,-0.9770965576171875
1768416560785920800,17.035920654296874,0.2245025634765625,-0.0150909423828125,-0.9726104736328125
1768416560795922000,17.045921875,0.223663330078125,-0.01666259765625,-0.97003173828125
1768416560805923000,17.055923095703125,0.2248992919921875,-0.017425537109375,-0.971527099609375
1768416560815925000,17.065925048828124,0.222259521484375,-0.0164337158203125,-0.9756011962890625
1768416560825926000,17.07592578125,0.222198486328125,-0.0154266357421875,-0.9782562255859375
1768416560835928000,17.085927978515624,0.2231597900390625,-0.012115478515625,-0.9826507568359375
1768416560845929000,17.095928955078126,0.223876953125,-0.00927734375,-0.98162841796875
1768416560855931000,17.105930908203124,0.2266693115234375,-0.0085296630859375,-0.9764556884765625
1768416560865932000,17.11593212890625,0.22833251953125,-0.0124053955078125,-0.9728546142578125
1768416560875934000,17.125933837890624,0.2275543212890625,-0.0153350830078125,-0.9713287353515625
1768416560885934800,17.135934814453126,0.2275543212890625,-0.0143280029296875,-0.97332763671875
1768416560895937000,17.14593701171875,0.229705810546875,-0.0127716064453125,-0.9788360595703125
1768416560905938000,17.15593798828125,0.2318572998046875,-0.012786865234375,-0.9816131591796875
1768416560915939800,17.16593994140625,0.230194091796875,-0.01251220703125,-0.9827423095703125
1768416560925941000,17.17594091796875,0.2271270751953125,-0.011505126953125,-0.980560302734375
1768416560935942000,17.18594189453125,0.219207763671875,-0.012054443359375,-0.9794158935546875
1768416560945943800,17.19594384765625,0.2180023193359375,-0.01177978515625,-0.977935791015625
1768416560955944700,17.20594482421875,0.2229461669921875,-0.0143890380859375,-0.9736328125
1768416560965947000,17.21594677734375,0.2318572998046875,-0.0165252685546875,-0.972076416015625
1768416560975947800,17.22594775390625,0.2322540283203125,-0.015777587890625,-0.9752197265625
1768416560985949700,17.23594970703125,0.2298736572265625,-0.014373779296875,-0.9762115478515625
1768416560995950800,17.245950927734373,0.2305908203125,-0.0137939453125,-0.97998046875
1768416561005952800,17.255952880859375,0.2322845458984375,-0.015350341796875,-0.97955322265625
1768416561015953700,17.26595361328125,0.2313232421875,-0.0157012939453125,-0.9794464111328125
1768416561025955800,17.275955810546876,0.2237548828125,-0.011749267578125,-0.9791107177734375
1768416561035956700,17.285956787109374,0.2181549072265625,-0.011383056640625,-0.97467041015625
1768416561045958000,17.2959580078125,0.2290191650390625,-0.0172119140625,-0.972991943359375
1768416561055960000,17.3059599609375,0.2374267578125,-0.01800537109375,-0.9710845947265625
1768416561065961000,17.3159609375,0.237518310546875,-0.0167694091796875,-0.973968505859375
1768416561075963000,17.325962890625,0.23193359375,-0.0146331787109375,-0.97698974609375
1768416561085964000,17.335964111328124,0.22564697265625,-0.0126953125,-0.9770355224609375
1768416561095966000,17.345966064453126,0.2228240966796875,-0.011749267578125,-0.974822998046875
1768416561105966800,17.355966796875,0.2192840576171875,-0.01300048828125,-0.9727630615234375
1768416561115969000,17.365968994140626,0.2222747802734375,-0.0163726806640625,-0.968994140625
1768416561125970000,17.375969970703125,0.2270965576171875,-0.0177154541015625,-0.9690093994140625
1768416561135971800,17.385971923828127,0.2321624755859375,-0.0182037353515625,-0.9737701416015625
1768416561145973000,17.395972900390625,0.236236572265625,-0.014739990234375,-0.9801177978515625
1768416561155975000,17.405974853515627,0.2373504638671875,-0.0128631591796875,-0.9801483154296875
1768416561165975800,17.415975830078125,0.236297607421875,-0.012115478515625,-0.980133056640625
1768416561175976700,17.425976806640627,0.2336883544921875,-0.0111236572265625,-0.97955322265625
1768416561185979000,17.435978759765625,0.2327423095703125,-0.0111541748046875,-0.976470947265625
1768416561195979800,17.445979736328123,0.231292724609375,-0.0127410888671875,-0.9774017333984375
1768416561205982000,17.45598193359375,0.2289886474609375,-0.0147705078125,-0.9768524169921875
1768416561215982800,17.46598291015625,0.2292633056640625,-0.0114898681640625,-0.977752685546875
1768416561225984800,17.47598486328125,0.2280426025390625,-0.0101165771484375,-0.978851318359375
1768416561235985700,17.485985595703124,0.22998046875,-0.0085296630859375,-0.97711181640625
1768416561245987800,17.49598779296875,0.2306671142578125,-0.0084228515625,-0.9755859375
1768416561255988700,17.50598876953125,0.22991943359375,-0.0112457275390625,-0.974090576171875
1768416561265991000,17.515990966796874,0.233154296875,-0.01190185546875,-0.9743499755859375
1768416561275991800,17.52599169921875,0.2328643798828125,-0.0111083984375,-0.9766387939453125
1768416561285993000,17.535992919921874,0.2288818359375,-0.0108184814453125,-0.979095458984375
1768416561295993900,17.545993896484376,0.22906494140625,-0.00982666015625,-0.977081298828125
1768416561305994800,17.555994873046874,0.232513427734375,-0.0112152099609375,-0.97442626953125
1768416561315996700,17.56599658203125,0.234375,-0.01165771484375,-0.971710205078125
1768416561325997800,17.575997802734374,0.2362060546875,-0.0128631591796875,-0.9710540771484375
1768416561335999700,17.585999755859376,0.2392120361328125,-0.015472412109375,-0.974395751953125
1768416561346000600,17.596000732421874,0.2351226806640625,-0.014007568359375,-0.9781951904296875
1768416561356002800,17.6060029296875,0.233123779296875,-0.0123138427734375,-0.978546142578125
1768416561366003700,17.616003662109375,0.23114013671875,-0.013641357421875,-0.974884033203125
1768416561376005600,17.626005615234376,0.23211669921875,-0.0129241943359375,-0.9716796875
1768416561386006800,17.6360068359375,0.230621337890625,-0.015045166015625,-0.97052001953125
1768416561396008700,17.6460087890625,0.231170654296875,-0.0155029296875,-0.970367431640625
1768416561406009600,17.656009521484375,0.234039306640625,-0.014862060546875,-0.97467041015625
1768416561416010800,17.6660107421875,0.23150634765625,-0.0127716064453125,-0.9771270751953125
1768416561426012700,17.6760126953125,0.229644775390625,-0.0111541748046875,-0.978179931640625
1768416561436013800,17.686013916015625,0.225189208984375,-0.0127410888671875,-0.97845458984375
1768416561446015700,17.696015625,0.22515869140625,-0.0120697021484375,-0.9774627685546875
1768416561456017000,17.706016845703125,0.225311279296875,-0.0114288330078125,-0.9741973876953125
1768416561466018600,17.7160185546875,0.2254791259765625,-0.012298583984375,-0.9740753173828125
1768416561476020000,17.72602001953125,0.2289276123046875,-0.0104217529296875,-0.975067138671875
1768416561486021600,17.736021728515624,0.2294464111328125,-0.010833740234375,-0.9754486083984375
1768416561496022800,17.746022705078126,0.2315826416015625,-0.0109405517578125,-0.9744415283203125
1768416561506025000,17.75602490234375,0.2281646728515625,-0.01025390625,-0.972015380859375
1768416561516025900,17.76602587890625,0.2239990234375,-0.008941650390625,-0.9711456298828125
1768416561526027800,17.77602783203125,0.225921630859375,-0.008087158203125,-0.9739990234375
1768416561536029000,17.78602880859375,0.230224609375,-0.010467529296875,-0.9763336181640625
1768416561546029800,17.79602978515625,0.2315673828125,-0.01171875,-0.9774932861328125
1768416561556031700,17.80603173828125,0.2291259765625,-0.010406494140625,-0.97845458984375
1768416561566032600,17.81603271484375,0.2281646728515625,-0.0096588134765625,-0.976806640625
1768416561576034800,17.826034912109375,0.2303924560546875,-0.0106048583984375,-0.9762115478515625
1768416561586035700,17.83603564453125,0.2324066162109375,-0.011260986328125,-0.9743804931640625
1768416561596038000,17.846037841796875,0.2316131591796875,-0.0119476318359375,-0.9737701416015625
1768416561606038800,17.856038818359377,0.231536865234375,-0.0134124755859375,-0.9719085693359375
1768416561616040700,17.866040771484375,0.2305908203125,-0.011810302734375,-0.9737091064453125
1768416561626041600,17.87604150390625,0.2314300537109375,-0.0128936767578125,-0.9757080078125
1768416561636043800,17.886043701171875,0.2322235107421875,-0.0120391845703125,-0.9780120849609375
1768416561646044700,17.896044677734373,0.2298126220703125,-0.01043701171875,-0.9787445068359375
1768416561656046600,17.906046630859375,0.2288360595703125,-0.0111083984375,-0.9783477783203125
1768416561666047700,17.9160478515625,0.2307281494140625,-0.01092529296875,-0.976715087890625
1768416561676048600,17.926048583984375,0.2336578369140625,-0.01177978515625,-0.974700927734375
1768416561686050600,17.936050537109374,0.234039306640625,-0.01171875,-0.97564697265625
1768416561696051700,17.9460517578125,0.2332763671875,-0.0098419189453125,-0.9764404296875
1768416561706053600,17.9560537109375,0.2314453125,-0.010467529296875,-0.9743194580078125
1768416561716054800,17.9660546875,0.2292022705078125,-0.011932373046875,-0.9720458984375
1768416561726056700,17.976056640625,0.230743408203125,-0.011932373046875,-0.972808837890625
1768416561736057900,17.986057861328124,0.2343597412109375,-0.014007568359375,-0.9750213623046875
1768416561746059800,17.996059814453126,0.2337188720703125,-0.0121917724609375,-0.975067138671875
1768416561756061000,18.00606103515625,0.2268524169921875,-0.007781982421875,-0.975982666015625
1768416561766062800,18.016062744140626,0.230438232421875,-0.008087158203125,-0.9759979248046875
1768416561776063700,18.026063720703124,0.240814208984375,-0.0100250244140625,-0.972991943359375
1768416561786065000,18.03606494140625,0.2418212890625,-0.0125885009765625,-0.973663330078125
1768416561796066800,18.04606689453125,0.23944091796875,-0.0130462646484375,-0.977752685546875
1768416561806067700,18.056067626953126,0.235076904296875,-0.0085601806640625,-0.978515625
1768416561816070000,18.06606982421875,0.2308807373046875,-0.0086212158203125,-0.977264404296875
1768416561826070800,18.07607080078125,0.22894287109375,-0.0083465576171875,-0.9725189208984375
1768416561836072700,18.08607275390625,0.225433349609375,-0.0120086669921875,-0.9674072265625
1768416561846073900,18.096073974609375,0.228179931640625,-0.013275146484375,-0.967132568359375
1768416561856075800,18.10607568359375,0.2310943603515625,-0.012786865234375,-0.97283935546875
1768416561866076700,18.11607666015625,0.2319793701171875,-0.0122528076171875,-0.9757843017578125
1768416561876078800,18.126078857421874,0.23175048828125,-0.009368896484375,-0.9799346923828125
1768416561886079700,18.136079833984375,0.2318267822265625,-0.0093231201171875,-0.98101806640625
1768416561896081700,18.14608154296875,0.233489990234375,-0.0085906982421875,-0.9802703857421875
1768416561906082600,18.15608251953125,0.2325897216796875,-0.0081024169921875,-0.978485107421875
1768416561916083700,18.166083740234374,0.2322235107421875,-0.0118560791015625,-0.9755401611328125
1768416561926085600,18.176085693359376,0.2321319580078125,-0.011077880859375,-0.9738311767578125
1768416561936086500,18.18608642578125,0.2308807373046875,-0.010528564453125,-0.971954345703125
1768416561946088700,18.196088623046876,0.2261962890625,-0.011383056640625,-0.9744873046875
1768416561956089900,18.20608984375,0.226715087890625,-0.0101470947265625,-0.977386474609375
1768416561966091500,18.216091552734376,0.227325439453125,-0.0094146728515625,-0.977630615234375
1768416561976093000,18.226093017578126,0.2244415283203125,-0.00665283203125,-0.9802093505859375
1768416561986094600,18.236094482421876,0.2281951904296875,-0.006134033203125,-0.977508544921875
1768416561996095700,18.246095703125,0.2342681884765625,-0.0093841552734375,-0.975555419921875
1768416562006098000,18.256097900390625,0.235687255859375,-0.0119171142578125,-0.97265625
1768416562016098800,18.266098876953127,0.2342071533203125,-0.01251220703125,-0.9731292724609375
1768416562026099700,18.276099609375,0.2326507568359375,-0.01123046875,-0.975555419921875
1768416562036102000,18.286101806640627,0.2331085205078125,-0.0079345703125,-0.977783203125
1768416562046102800,18.296102783203125,0.23297119140625,-0.0063629150390625,-0.9764251708984375
1768416562056104700,18.306104736328123,0.2292022705078125,-0.004608154296875,-0.9759521484375
1768416562066105900,18.31610595703125,0.2299346923828125,-0.0045166015625,-0.977569580078125
1768416562076107800,18.326107666015623,0.2362060546875,-0.008819580078125,-0.97607421875
1768416562086108700,18.336108642578125,0.2357635498046875,-0.01165771484375,-0.97552490234375
1768416562096110800,18.34611083984375,0.2355194091796875,-0.01043701171875,-0.976287841796875
1768416562106111700,18.35611181640625,0.236663818359375,-0.0095062255859375,-0.97772216796875
1768416562116113700,18.36611376953125,0.23541259765625,-0.011322021484375,-0.9793548583984375
1768416562126114800,18.37611474609375,0.234283447265625,-0.0098114013671875,-0.979888916015625
1768416562136115700,18.38611572265625,0.2353515625,-0.0099945068359375,-0.97900390625
1768416562146117600,18.39611767578125,0.23785400390625,-0.010894775390625,-0.973236083984375
1768416562156118500,18.406118408203124,0.237548828125,-0.0132293701171875,-0.9712982177734375
1768416562166120700,18.41612060546875,0.24114990234375,-0.0147705078125,-0.9701690673828125
1768416562176121600,18.42612158203125,0.2413787841796875,-0.0145416259765625,-0.9742431640625
1768416562186123800,18.436123779296874,0.2374725341796875,-0.012359619140625,-0.9765625
1768416562196124700,18.446124755859376,0.231475830078125,-0.009552001953125,-0.97515869140625
1768416562206126600,18.456126708984375,0.23138427734375,-0.008819580078125,-0.9763336181640625
1768416562216127700,18.466127685546876,0.2348785400390625,-0.0098724365234375,-0.9744720458984375
1768416562226129700,18.476129638671875,0.2363739013671875,-0.0139312744140625,-0.972808837890625
1768416562236130800,18.486130859375,0.2377166748046875,-0.01300048828125,-0.972259521484375
1768416562246131700,18.496131591796875,0.237396240234375,-0.013763427734375,-0.977569580078125
1768416562256134000,18.5061337890625,0.236968994140625,-0.012115478515625,-0.98052978515625
1768416562266134800,18.516134765625,0.237762451171875,-0.0137176513671875,-0.98321533203125
1768416562276136700,18.52613671875,0.2386474609375,-0.0140838623046875,-0.9777374267578125
1768416562286137900,18.536137939453123,0.2401275634765625,-0.01214599609375,-0.97314453125
1768416562296140000,18.54614013671875,0.238311767578125,-0.0138397216796875,-0.9686737060546875
1768416562306141000,18.556140869140624,0.2305755615234375,-0.0156707763671875,-0.9655303955078125
1768416562316142800,18.566142822265626,0.2260894775390625,-0.015350341796875,-0.9687347412109375
1768416562326144000,18.57614404296875,0.231231689453125,-0.0146331787109375,-0.96942138671875
1768416562336146000,18.58614599609375,0.2346649169921875,-0.0152740478515625,-0.9705352783203125
1768416562346146800,18.596146728515624,0.2338409423828125,-0.015960693359375,-0.97308349609375
1768416562356147700,18.606147705078126,0.226806640625,-0.0107269287109375,-0.9726409912109375
1768416562366150000,18.61614990234375,0.2225494384765625,-0.0089263916015625,-0.9708099365234375
1768416562376150800,18.62615087890625,0.229766845703125,-0.0094146728515625,-0.9680938720703125
1768416562386153000,18.636153076171876,0.2339019775390625,-0.0118408203125,-0.96844482421875
1768416562396153900,18.64615380859375,0.2349853515625,-0.0123748779296875,-0.9691009521484375
1768416562406155800,18.65615576171875,0.23388671875,-0.0084381103515625,-0.973052978515625
1768416562416156700,18.66615673828125,0.2307891845703125,-0.00750732421875,-0.973907470703125
1768416562426158800,18.676158935546876,0.2339019775390625,-0.0067596435546875,-0.97003173828125
1768416562436159700,18.68615966796875,0.2392120361328125,-0.0084991455078125,-0.968505859375
1768416562446162000,18.696161865234377,0.2407073974609375,-0.01141357421875,-0.9674072265625
1768416562456162800,18.706162841796875,0.2412567138671875,-0.0124359130859375,-0.9680023193359375
1768416562466164000,18.7161640625,0.243682861328125,-0.012420654296875,-0.9698944091796875
1768416562476166000,18.726165771484375,0.2480926513671875,-0.0125732421875,-0.975067138671875
1768416562486167000,18.7361669921875,0.2429046630859375,-0.01080322265625,-0.9788665771484375
1768416562496169000,18.7461689453125,0.2327880859375,-0.002960205078125,-0.977874755859375
1768416562506169900,18.756169921875,0.23321533203125,-0.0023040771484375,-0.9782257080078125
1768416562516172000,18.766172119140624,0.245361328125,-0.0082550048828125,-0.9737091064453125
1768416562526173000,18.7761728515625,0.251922607421875,-0.0135040283203125,-0.968017578125
1768416562536174800,18.7861748046875,0.2485504150390625,-0.01202392578125,-0.9713592529296875
1768416562546176000,18.796176025390626,0.2459259033203125,-0.0104827880859375,-0.97576904296875
1768416562556178000,18.806177978515624,0.244140625,-0.0095367431640625,-0.974822998046875
1768416562566178800,18.8161787109375,0.2424468994140625,-0.0116119384765625,-0.973876953125
1768416562576180000,18.826179931640624,0.2433624267578125,-0.0152740478515625,-0.9722442626953125
1768416562586182000,18.836181884765626,0.2467803955078125,-0.015777587890625,-0.9718780517578125
1768416562596182800,18.846182861328124,0.2483367919921875,-0.0135955810546875,-0.9725494384765625
1768416562606185000,18.85618505859375,0.2468719482421875,-0.0111083984375,-0.9728546142578125
1768416562616185900,18.866185791015624,0.2486419677734375,-0.0123748779296875,-0.9731292724609375
1768416562626187800,18.876187744140626,0.252899169921875,-0.015472412109375,-0.973968505859375
1768416562636189000,18.88618896484375,0.25311279296875,-0.0123443603515625,-0.9704742431640625
1768416562646190800,18.89619091796875,0.24853515625,-0.0135040283203125,-0.9722137451171875
1768416562656191700,18.906191650390625,0.246917724609375,-0.0113983154296875,-0.9723663330078125
1768416562666194000,18.91619384765625,0.24468994140625,-0.011138916015625,-0.97210693359375
1768416562676194800,18.92619482421875,0.2431640625,-0.0123291015625,-0.970916748046875
1768416562686196000,18.936196044921875,0.2415618896484375,-0.0107269287109375,-0.9685821533203125
1768416562696198000,18.946197998046873,0.2426605224609375,-0.01251220703125,-0.9694366455078125
1768416562706199000,18.956198974609375,0.2439422607421875,-0.01361083984375,-0.969512939453125
1768416562716200700,18.96620068359375,0.244659423828125,-0.0128936767578125,-0.972198486328125
1768416562726201900,18.976201904296875,0.245147705078125,-0.0116119384765625,-0.9758453369140625
1768416562736204000,18.9862041015625,0.2451629638671875,-0.0104522705078125,-0.9756622314453125
1768416562746205000,18.996204833984375,0.24481201171875,-0.01043701171875,-0.9708099365234375
1768416562756207000,19.00620703125,0.24273681640625,-0.0131683349609375,-0.969879150390625
1768416562766208000,19.0162080078125,0.2462921142578125,-0.013702392578125,-0.969879150390625
1768416562776209000,19.026208984375,0.2497711181640625,-0.0129547119140625,-0.9710540771484375
1768416562786210800,19.0362109375,0.2492218017578125,-0.011260986328125,-0.9720306396484375
1768416562796212000,19.0462119140625,0.24755859375,-0.0087127685546875,-0.9711761474609375
1768416562806214000,19.0562138671875,0.249542236328125,-0.01025390625,-0.9715576171875
1768416562816214800,19.06621484375,0.2493743896484375,-0.011505126953125,-0.9694671630859375
1768416562826217000,19.076217041015624,0.248992919921875,-0.0109710693359375,-0.9714508056640625
1768416562836217900,19.0862177734375,0.24871826171875,-0.00927734375,-0.9739990234375
1768416562846219800,19.0962197265625,0.247100830078125,-0.0073089599609375,-0.97491455078125
1768416562856221000,19.106220947265626,0.24652099609375,-0.0087890625,-0.97161865234375
1768416562866222800,19.116222900390625,0.24993896484375,-0.0133209228515625,-0.9680633544921875
1768416562876223700,19.1262236328125,0.248779296875,-0.017181396484375,-0.9658203125
1768416562886225000,19.136224853515625,0.2466583251953125,-0.0166778564453125,-0.9648895263671875
1768416562896226800,19.146226806640627,0.2476959228515625,-0.0156097412109375,-0.967864990234375
1768416562906227700,19.156227783203125,0.2482757568359375,-0.01568603515625,-0.9717254638671875
1768416562916230000,19.16622998046875,0.2530364990234375,-0.013275146484375,-0.9722747802734375
1768416562926230800,19.176230712890625,0.251190185546875,-0.012237548828125,-0.9717254638671875
1768416562936232700,19.186232666015623,0.249053955078125,-0.013275146484375,-0.9708099365234375
1768416562946234000,19.196234130859374,0.247528076171875,-0.013641357421875,-0.9677581787109375
1768416562956235800,19.20623583984375,0.249542236328125,-0.0141143798828125,-0.965545654296875
1768416562966237000,19.21623681640625,0.247283935546875,-0.016082763671875,-0.96490478515625
1768416562976237800,19.22623779296875,0.249267578125,-0.014923095703125,-0.96514892578125
1768416562986240000,19.236239990234374,0.2497406005859375,-0.01531982421875,-0.96490478515625
1768416562996241000,19.246240966796876,0.2515106201171875,-0.016143798828125,-0.96612548828125
1768416563006243000,19.2562431640625,0.2526092529296875,-0.0170440673828125,-0.9673919677734375
1768416563016244000,19.266243896484376,0.247711181640625,-0.015106201171875,-0.9642333984375
1768416563026246000,19.276245849609374,0.243927001953125,-0.014984130859375,-0.9666748046875
1768416563036246800,19.286246826171876,0.2424468994140625,-0.0138397216796875,-0.9682464599609375
1768416563046249000,19.2962490234375,0.242340087890625,-0.0128631591796875,-0.972747802734375
1768416563056249900,19.306249755859376,0.2457427978515625,-0.0124053955078125,-0.9752655029296875
1768416563066250800,19.316250732421874,0.2505340576171875,-0.010223388671875,-0.9766998291015625
1768416563076253000,19.3262529296875,0.2548675537109375,-0.011474609375,-0.9751129150390625
1768416563086253800,19.33625390625,0.253875732421875,-0.01043701171875,-0.9729156494140625
1768416563096255700,19.346255859375,0.252838134765625,-0.0100250244140625,-0.97161865234375
1768416563106257000,19.3562568359375,0.2521820068359375,-0.00958251953125,-0.9690093994140625
1768416563116258800,19.3662587890625,0.24993896484375,-0.00946044921875,-0.96868896484375
1768416563126259700,19.376259765625,0.2479705810546875,-0.0104827880859375,-0.9682159423828125
1768416563136262000,19.386261962890625,0.249267578125,-0.010223388671875,-0.968597412109375
1768416563146262800,19.3962626953125,0.2516937255859375,-0.0127410888671875,-0.9675140380859375
1768416563156264700,19.4062646484375,0.251220703125,-0.0115814208984375,-0.9669189453125
1768416563166265900,19.416265869140624,0.252532958984375,-0.0094146728515625,-0.9690399169921875
1768416563176267000,19.42626708984375,0.2531280517578125,-0.009613037109375,-0.968963623046875
1768416563186269000,19.43626904296875,0.25457763671875,-0.01025390625,-0.9689483642578125
1768416563196270000,19.44627001953125,0.25732421875,-0.012451171875,-0.971160888671875
1768416563206272000,19.45627197265625,0.2623291015625,-0.01446533203125,-0.970184326171875
1768416563216273000,19.46627294921875,0.262237548828125,-0.013885498046875,-0.969818115234375
1768416563226275000,19.476275146484376,0.252685546875,-0.0085296630859375,-0.9724578857421875
1768416563236276000,19.48627587890625,0.2517242431640625,-0.004425048828125,-0.974090576171875
1768416563246278000,19.49627783203125,0.258087158203125,-0.0072174072265625,-0.9731597900390625
1768416563256278800,19.50627880859375,0.2615966796875,-0.01019287109375,-0.97088623046875
1768416563266280000,19.516280029296876,0.259918212890625,-0.012908935546875,-0.970977783203125
1768416563276281900,19.52628173828125,0.2559356689453125,-0.0116424560546875,-0.9700927734375
1768416563286282800,19.53628271484375,0.2506256103515625,-0.0113372802734375,-0.966827392578125
1768416563296285000,19.546284912109375,0.2494049072265625,-0.0119781494140625,-0.966705322265625
1768416563306285800,19.556285888671876,0.254730224609375,-0.014312744140625,-0.9670867919921875
1768416563316287700,19.566287841796875,0.260223388671875,-0.01544189453125,-0.966796875
1768416563326289000,19.576288818359377,0.26019287109375,-0.0142974853515625,-0.972442626953125
1768416563336290800,19.586290771484375,0.26214599609375,-0.0116424560546875,-0.9747314453125
1768416563346291700,19.596291748046873,0.2621612548828125,-0.0100860595703125,-0.9743499755859375
1768416563356292600,19.606292724609375,0.260833740234375,-0.0109710693359375,-0.973114013671875
1768416563366294800,19.616294677734373,0.2592926025390625,-0.0109405517578125,-0.9693450927734375
1768416563376295700,19.626295654296875,0.260284423828125,-0.0119171142578125,-0.967987060546875
1768416563386297900,19.6362978515625,0.2601165771484375,-0.0110321044921875,-0.966705322265625
1768416563396299000,19.646299072265624,0.25836181640625,-0.010009765625,-0.965362548828125
1768416563406300700,19.65630078125,0.2589569091796875,-0.0088653564453125,-0.966888427734375
1768416563416301800,19.6663017578125,0.2601470947265625,-0.0085296630859375,-0.967498779296875
1768416563426303700,19.6763037109375,0.259979248046875,-0.0093841552734375,-0.96551513671875
1768416563436305000,19.686304931640624,0.2609405517578125,-0.0086669921875,-0.96527099609375
1768416563446305800,19.696305908203126,0.2603607177734375,-0.0099945068359375,-0.96636962890625
1768416563456308000,19.706307861328124,0.259735107421875,-0.009796142578125,-0.966888427734375
1768416563466308900,19.716308837890626,0.2587738037109375,-0.0079498291015625,-0.970703125
1768416563476310800,19.726310791015624,0.2599334716796875,-0.0073089599609375,-0.97222900390625
1768416563486312000,19.73631201171875,0.2610626220703125,-0.0085601806640625,-0.97161865234375
1768416563496313900,19.74631396484375,0.260345458984375,-0.009918212890625,-0.972076416015625
1768416563506314800,19.756314697265626,0.26129150390625,-0.011566162109375,-0.97076416015625
1768416563516317000,19.76631689453125,0.2604217529296875,-0.01116943359375,-0.96783447265625
1768416563526317800,19.77631787109375,0.2597503662109375,-0.00946044921875,-0.967529296875
1768416563536318700,19.786318603515625,0.2640533447265625,-0.01055908203125,-0.96759033203125
1768416563546321000,19.79632080078125,0.2631072998046875,-0.0112152099609375,-0.9678955078125
1768416563556321800,19.80632177734375,0.265045166015625,-0.0103607177734375,-0.967315673828125
1768416563566323700,19.81632373046875,0.2637786865234375,-0.011749267578125,-0.9665374755859375
1768416563576324900,19.826324951171873,0.2598724365234375,-0.00927734375,-0.9672698974609375
1768416563586326800,19.836326904296875,0.2613677978515625,-0.0105133056640625,-0.967681884765625
1768416563596327700,19.84632763671875,0.261016845703125,-0.010711669921875,-0.9681854248046875
1768416563606329900,19.856329833984375,0.262542724609375,-0.0093536376953125,-0.9693145751953125
1768416563616330800,19.866330810546874,0.262786865234375,-0.00799560546875,-0.969024658203125
1768416563626332000,19.876331787109375,0.263946533203125,-0.0099945068359375,-0.9663543701171875
1768416563636333800,19.886333740234374,0.2592315673828125,-0.0112762451171875,-0.9655914306640625
1768416563646335000,19.8963349609375,0.2578582763671875,-0.0115203857421875,-0.964599609375
1768416563656337000,19.9063369140625,0.258026123046875,-0.00872802734375,-0.9641571044921875
1768416563666337800,19.916337890625,0.260498046875,-0.0114288330078125,-0.9643096923828125
1768416563676340000,19.926340087890626,0.264556884765625,-0.0113983154296875,-0.9683074951171875
1768416563686340900,19.9363408203125,0.265289306640625,-0.0121917724609375,-0.970184326171875
1768416563696343000,19.946343017578126,0.2650299072265625,-0.0095672607421875,-0.96783447265625
1768416563706344000,19.956343994140624,0.26226806640625,-0.0107421875,-0.9676361083984375
1768416563716344800,19.9663447265625,0.2646636962890625,-0.010467529296875,-0.9642333984375
1768416563726346800,19.9763466796875,0.26434326171875,-0.0123748779296875,-0.9634552001953125
1768416563736348000,19.986347900390626,0.2632904052734375,-0.0115203857421875,-0.9650726318359375
1768416563746349800,19.996349853515625,0.26513671875,-0.0095062255859375,-0.966888427734375
1768416563756350700,20.006350830078127,0.26324462890625,-0.009552001953125,-0.9684906005859375
1768416563766353000,20.016352783203125,0.26361083984375,-0.0086822509765625,-0.971343994140625
1768416563776353800,20.026353759765627,0.26275634765625,-0.0077056884765625,-0.97100830078125
1768416563786354700,20.036354736328125,0.2645416259765625,-0.006439208984375,-0.971649169921875
1768416563796356900,20.04635693359375,0.2636871337890625,-0.009185791015625,-0.9712677001953125
1768416563806357800,20.056357666015625,0.2633209228515625,-0.0109710693359375,-0.969757080078125
1768416563816359700,20.066359619140623,0.2654266357421875,-0.010101318359375,-0.9676666259765625
1768416563826360800,20.07636083984375,0.263458251953125,-0.00921630859375,-0.9665374755859375
1768416563836362800,20.08636279296875,0.2627716064453125,-0.0099945068359375,-0.96826171875
1768416563846364000,20.096364013671874,0.2603302001953125,-0.0098114013671875,-0.9696044921875
1768416563856365800,20.10636572265625,0.2598724365234375,-0.0107269287109375,-0.970977783203125
1768416563866367000,20.116366943359374,0.2603912353515625,-0.01025390625,-0.9702301025390625
1768416563876368000,20.126367919921876,0.2633056640625,-0.010345458984375,-0.9695587158203125
1768416563886370000,20.1363701171875,0.2656097412109375,-0.010772705078125,-0.9700927734375
1768416563896371000,20.146370849609376,0.2683258056640625,-0.0089874267578125,-0.9691314697265625
1768416563906372900,20.156372802734374,0.2711181640625,-0.0090789794921875,-0.9672698974609375
1768416563916373800,20.166373779296876,0.271942138671875,-0.007843017578125,-0.96826171875
1768416563926376000,20.1763759765625,0.26861572265625,-0.0067596435546875,-0.966522216796875
1768416563936376800,20.186376953125,0.2657623291015625,-0.005859375,-0.9656524658203125
1768416563946377700,20.196377685546874,0.2664031982421875,-0.0076141357421875,-0.964569091796875
1768416563956380000,20.2063798828125,0.2705230712890625,-0.010345458984375,-0.9652862548828125
1768416563966380800,20.216380859375,0.2713623046875,-0.00799560546875,-0.9640655517578125
1768416563976382700,20.2263828125,0.2682647705078125,-0.008544921875,-0.9652252197265625
1768416563986384000,20.2363837890625,0.27215576171875,-0.011138916015625,-0.9664459228515625
1768416563996385800,20.2463857421875,0.277252197265625,-0.0109710693359375,-0.9664154052734375
1768416564006386700,20.25638671875,0.2782745361328125,-0.01007080078125,-0.9676055908203125
1768416564016388900,20.266388916015625,0.2775726318359375,-0.00994873046875,-0.9684295654296875
1768416564026389800,20.2763896484375,0.2703704833984375,-0.009735107421875,-0.9681854248046875
1768416564036390700,20.286390625,0.26580810546875,-0.01031494140625,-0.9659881591796875
1768416564046392800,20.296392822265624,0.2615814208984375,-0.0143890380859375,-0.9616851806640625
1768416564056394000,20.30639404296875,0.26019287109375,-0.0159454345703125,-0.9609527587890625
1768416564066395600,20.316395751953124,0.2622222900390625,-0.0159759521484375,-0.966827392578125
1768416564076397000,20.32639697265625,0.269134521484375,-0.0129241943359375,-0.9676971435546875
1768416564086398700,20.336398681640624,0.274932861328125,-0.01019287109375,-0.9692840576171875
1768416564096400000,20.34639990234375,0.273834228515625,-0.011138916015625,-0.9707489013671875
1768416564106400800,20.35640087890625,0.271240234375,-0.0122833251953125,-0.966552734375
1768416564116403000,20.36640283203125,0.266021728515625,-0.010009765625,-0.9647064208984375
1768416564126403800,20.37640380859375,0.2639007568359375,-0.009246826171875,-0.9671478271484375
1768416564136406000,20.386406005859374,0.26104736328125,-0.0080108642578125,-0.966888427734375
1768416564146407000,20.396406982421876,0.2640380859375,-0.0079345703125,-0.9654541015625
1768416564156408800,20.406408935546875,0.2647247314453125,-0.0094757080078125,-0.9651641845703125
1768416564166409700,20.41640966796875,0.26708984375,-0.0117340087890625,-0.96484375
1768416564176412000,20.426411865234375,0.264251708984375,-0.0123291015625,-0.9637451171875
1768416564186412800,20.436412841796876,0.26336669921875,-0.010040283203125,-0.963134765625
1768416564196413700,20.44641357421875,0.2613677978515625,-0.0081329345703125,-0.9631805419921875
1768416564206416000,20.456415771484377,0.2613677978515625,-0.00726318359375,-0.9654541015625
1768416564216416800,20.466416748046875,0.2628021240234375,-0.006927490234375,-0.9654388427734375
1768416564226418700,20.476418701171873,0.261688232421875,-0.0095367431640625,-0.9637603759765625
1768416564236419800,20.486419921875,0.2606658935546875,-0.0111083984375,-0.9622955322265625
1768416564246421800,20.496421875,0.262420654296875,-0.0110015869140625,-0.9628143310546875
1768416564256422700,20.506422607421875,0.2651214599609375,-0.009735107421875,-0.9624786376953125
1768416564266424000,20.516424072265625,0.2647705078125,-0.0103912353515625,-0.9632720947265625
1768416564276425700,20.52642578125,0.2657928466796875,-0.010284423828125,-0.966064453125
1768416564286427000,20.536427001953125,0.27276611328125,-0.0094451904296875,-0.966583251953125
1768416564296428800,20.5464287109375,0.2707366943359375,-0.009765625,-0.9646759033203125
1768416564306430000,20.556429931640626,0.26824951171875,-0.00848388671875,-0.966766357421875
1768416564316432000,20.566431884765624,0.2678375244140625,-0.009765625,-0.96588134765625
1768416564326433000,20.57643310546875,0.26806640625,-0.011993408203125,-0.9671173095703125
1768416564336435000,20.58643505859375,0.2689056396484375,-0.0128326416015625,-0.968841552734375
1768416564346435800,20.596435791015626,0.2684326171875,-0.0122833251953125,-0.968048095703125
1768416564356437000,20.60643701171875,0.2702789306640625,-0.01226806640625,-0.96917724609375
1768416564366439000,20.61643896484375,0.27423095703125,-0.014617919921875,-0.9641876220703125
1768416564376439800,20.626439697265624,0.2700347900390625,-0.012603759765625,-0.96502685546875
1768416564386442000,20.63644189453125,0.26202392578125,-0.0119476318359375,-0.969207763671875
1768416564396443000,20.64644287109375,0.2660980224609375,-0.010986328125,-0.96929931640625
1768416564406444800,20.65644482421875,0.2697906494140625,-0.0105133056640625,-0.969818115234375
1768416564416446000,20.666446044921877,0.26910400390625,-0.010498046875,-0.968475341796875
1768416564426446800,20.67644677734375,0.2659149169921875,-0.010528564453125,-0.9671783447265625
1768416564436448800,20.68644873046875,0.2669219970703125,-0.0095062255859375,-0.9614715576171875
1768416564446449700,20.69644970703125,0.2686004638671875,-0.0106201171875,-0.961669921875
1768416564456451800,20.706451904296873,0.2650604248046875,-0.013763427734375,-0.9669952392578125
1768416564466452700,20.71645263671875,0.267852783203125,-0.009490966796875,-0.966888427734375
1768416564476455000,20.726454833984373,0.270355224609375,-0.00823974609375,-0.9671173095703125
1768416564486455800,20.736455810546875,0.26885986328125,-0.009918212890625,-0.9651031494140625
1768416564496457000,20.74645703125,0.26904296875,-0.010162353515625,-0.962066650390625
1768416564506459000,20.756458984375,0.2689208984375,-0.0125885009765625,-0.96295166015625
1768416564516460000,20.7664599609375,0.269744873046875,-0.0132904052734375,-0.9636688232421875
1768416564526462000,20.7764619140625,0.2691650390625,-0.01251220703125,-0.967071533203125
1768416564536462800,20.786462890625,0.2655792236328125,-0.010711669921875,-0.9669036865234375
1768416564546465000,20.796465087890624,0.2627716064453125,-0.0081024169921875,-0.96734619140625
1768416564556466000,20.8064658203125,0.263824462890625,-0.0071868896484375,-0.96630859375
1768416564566466800,20.816466796875,0.266082763671875,-0.0074920654296875,-0.967376708984375
1768416564576469000,20.826468994140626,0.2679595947265625,-0.006622314453125,-0.966461181640625
1768416564586470000,20.836469970703124,0.267120361328125,-0.008819580078125,-0.966644287109375
1768416564596471800,20.846471923828126,0.2655029296875,-0.008148193359375,-0.965362548828125
1768416564606473000,20.856472900390624,0.264739990234375,-0.0097503662109375,-0.9643096923828125
1768416564616475000,20.866474853515626,0.261383056640625,-0.0096893310546875,-0.964019775390625
1768416564626475800,20.876475830078125,0.2640533447265625,-0.00927734375,-0.9660797119140625
1768416564636476700,20.8864765625,0.266143798828125,-0.0101165771484375,-0.968048095703125
1768416564646478800,20.896478759765625,0.268463134765625,-0.01275634765625,-0.968963623046875
1768416564656479700,20.906479736328127,0.269256591796875,-0.0106201171875,-0.9684295654296875
1768416564666482000,20.91648193359375,0.270843505859375,-0.01116943359375,-0.9655914306640625
1768416564676482800,20.92648291015625,0.26910400390625,-0.011138916015625,-0.962005615234375
1768416564686484700,20.936484619140625,0.2664794921875,-0.0113372802734375,-0.9592437744140625
1768416564696485600,20.946485595703123,0.2656402587890625,-0.01190185546875,-0.961639404296875
1768416564706487000,20.956487060546873,0.270660400390625,-0.0158233642578125,-0.9635162353515625
1768416564716489000,20.966489013671875,0.2745819091796875,-0.0158233642578125,-0.9640655517578125
1768416564726489900,20.97648974609375,0.263916015625,-0.0083465576171875,-0.96478271484375
1768416564736492000,20.986491943359376,0.26318359375,-0.0070037841796875,-0.9660797119140625
1768416564746493000,20.996492919921874,0.27081298828125,-0.009033203125,-0.9662322998046875
1768416564756494800,21.006494873046876,0.2733917236328125,-0.01123046875,-0.9651336669921875
1768416564766496000,21.01649609375,0.2701263427734375,-0.0097503662109375,-0.9662017822265625
1768416564776498000,21.026497802734376,0.2632904052734375,-0.0103912353515625,-0.9680328369140625
1768416564786498800,21.036498779296874,0.258819580078125,-0.0083770751953125,-0.9659576416015625
1768416564796500000,21.0465,0.2544403076171875,-0.009185791015625,-0.9652252197265625
1768416564806502000,21.056501953125,0.2597808837890625,-0.0104522705078125,-0.96820068359375
1768416564816502800,21.066502685546876,0.2673492431640625,-0.012115478515625,-0.9675750732421875
1768416564826505000,21.0765048828125,0.27227783203125,-0.009552001953125,-0.97119140625
1768416564836505900,21.086505859375,0.2751617431640625,-0.0071258544921875,-0.9701385498046875
1768416564846507800,21.0965078125,0.2738189697265625,-0.005889892578125,-0.968231201171875
1768416564856509000,21.106509033203125,0.2705230712890625,-0.005615234375,-0.96728515625
1768416564866509800,21.116509765625,0.269256591796875,-0.005462646484375,-0.966400146484375
1768416564876511700,21.12651171875,0.26385498046875,-0.00225830078125,-0.9680938720703125
1768416564886512600,21.1365126953125,0.2652435302734375,-0.000732421875,-0.9705963134765625
1768416564896514800,21.146514892578125,0.2674713134765625,-0.0048828125,-0.9684295654296875
1768416564906515700,21.156515625,0.2706146240234375,-0.00640869140625,-0.966583251953125
1768416564916518000,21.166517822265625,0.268768310546875,-0.0081787109375,-0.9644317626953125
1768416564926519000,21.17651904296875,0.26495361328125,-0.0099639892578125,-0.9611968994140625
1768416564936520000,21.18652001953125,0.265838623046875,-0.008636474609375,-0.957977294921875
1768416564946521900,21.19652197265625,0.268341064453125,-0.0100250244140625,-0.95770263671875
1768416564956523000,21.20652294921875,0.2696990966796875,-0.0085906982421875,-0.959869384765625
1768416564966525000,21.21652490234375,0.2720947265625,-0.011505126953125,-0.9642333984375
1768416564976525800,21.22652587890625,0.2743072509765625,-0.0117034912109375,-0.965240478515625
1768416564986527000,21.23652685546875,0.2721710205078125,-0.011383056640625,-0.9657440185546875
1768416564996529000,21.24652880859375,0.2686309814453125,-0.0089874267578125,-0.9683990478515625
1768416565006529800,21.25652978515625,0.2691192626953125,-0.008270263671875,-0.968475341796875
1768416565016532000,21.266531982421874,0.26837158203125,-0.0078582763671875,-0.9657440185546875
1768416565026532900,21.276532958984376,0.2640228271484375,-0.006378173828125,-0.966033935546875
