time,seconds_elapsed,z,y,x
1767708643579126800,0.067126708984375,0.04469481483101845,-0.02750532515347004,0.05899506434798241
1767708643589127700,0.077127685546875,0.04090194031596184,-0.036393627524375916,0.05771169066429138
1767708643599127800,0.0871279296875,0.04115919768810272,-0.04693163186311722,0.06839277595281601
1767708643609129000,0.09712890625,0.03415375202894211,-0.054552268236875534,0.08282604068517685
1767708643619128800,0.10712890625,0.021684587001800537,-0.06756465882062912,0.09479792416095734
1767708643629129000,0.11712890625,0.008477972820401192,-0.08153693377971649,0.10118365287780762
1767708643639129900,0.1271298828125,-0.009410189464688301,-0.09817707538604736,0.10909581184387207
1767708643649130000,0.1371298828125,-0.026534315198659897,-0.11157117784023285,0.12624523043632507
1767708643659131000,0.147130859375,-0.03432806208729744,-0.11531267315149307,0.15131185948848724
1767708643669130800,0.157130859375,-0.03709482029080391,-0.10489758104085922,0.1874813288450241
1767708643679131600,0.167131591796875,-0.03148433938622475,-0.07304217666387558,0.21017785370349884
1767708643689131800,0.1771318359375,-0.024800121784210205,-0.01869882643222809,0.2114458978176117
1767708643699132000,0.1871318359375,-0.021781427785754204,0.033317502588033676,0.20402394235134125
1767708643709132800,0.1971328125,-0.02242719568312168,0.0542430654168129,0.20893920958042145
1767708643719133000,0.2071328125,-0.01862790249288082,0.03931053727865219,0.22403311729431152
1767708643729133800,0.2171337890625,-0.011596625670790672,-0.007652441971004009,0.2397758662700653
1767708643739134000,0.227134033203125,-0.007128640543669462,-0.05978089198470116,0.240359365940094
1767708643749134800,0.237134765625,-0.01487473864108324,-0.09324773401021957,0.2321496605873108
1767708643759134700,0.247134765625,-0.029767991974949837,-0.11386679112911224,0.22180597484111786
1767708643769134800,0.257134765625,-0.041848357766866684,-0.12238623946905136,0.19795310497283936
1767708643779136000,0.267135986328125,-0.050478287041187286,-0.10892793536186218,0.17305922508239746
1767708643789136000,0.277135986328125,-0.055764127522706985,-0.08190803229808807,0.1550394743680954
1767708643799136800,0.28713671875,-0.061362359672784805,-0.06797410547733307,0.13206864893436432
1767708643809137000,0.297136962890625,-0.07118494808673859,-0.06608092784881592,0.10718169808387756
1767708643819136800,0.30713671875,-0.08681472390890121,-0.07543216645717621,0.08527871966362
1767708643829138000,0.317137939453125,-0.09838482737541199,-0.09861844778060913,0.08423129469156265
1767708643839137800,0.3271376953125,-0.09558185189962387,-0.11748987436294556,0.09798546135425568
1767708643849138700,0.337138671875,-0.10202112048864365,-0.11770882457494736,0.09851627796888351
1767708643859139000,0.34713916015625,-0.10560788959264755,-0.11203772574663162,0.08615333586931229
1767708643869140000,0.357139892578125,-0.10168132930994034,-0.11570437252521515,0.08486436307430267
1767708643879139800,0.367139892578125,-0.09971937537193298,-0.13128013908863068,0.09740865230560303
1767708643889140000,0.377139892578125,-0.10141953080892563,-0.16215863823890686,0.1094231903553009
1767708643899140900,0.387140869140625,-0.10058622807264328,-0.19166380167007446,0.12225589901208878
1767708643909140700,0.397140625,-0.09308063983917236,-0.22104045748710632,0.12677960097789764
1767708643919142000,0.407141845703125,-0.08227244019508362,-0.23797036707401276,0.12245693057775497
1767708643929141800,0.417141845703125,-0.07532265037298203,-0.23147304356098175,0.11445572972297668
1767708643939143000,0.427142822265625,-0.06566949188709259,-0.25059694051742554,0.09988290816545486
1767708643949143000,0.43714306640625,-0.0633900910615921,-0.24938493967056274,0.08192894607782364
1767708643959143000,0.447142822265625,-0.06061752140522003,-0.27023378014564514,0.05190044641494751
1767708643969143800,0.457143798828125,-0.06280343979597092,-0.28206995129585266,0.022382766008377075
1767708643979144000,0.46714404296875,-0.06344067305326462,-0.3040566146373749,-0.004141584970057011
1767708643989144800,0.477144775390625,-0.06236129254102707,-0.3040963113307953,-0.022562935948371887
1767708643999144700,0.487144775390625,-0.05406504124403,-0.3055262565612793,-0.0385589674115181
1767708644009144800,0.497144775390625,-0.03337361291050911,-0.2748250663280487,-0.06588539481163025
1767708644019146000,0.50714599609375,-0.012000129558146,-0.2524467408657074,-0.0959492176771164
1767708644029145900,0.517145751953125,0.019460590556263924,-0.25392982363700867,-0.11800765246152878
1767708644039147000,0.52714697265625,0.052341584116220474,-0.2359919548034668,-0.13336247205734253
1767708644049147000,0.53714697265625,0.09689973294734955,-0.21746939420700073,-0.14445960521697998
1767708644059147800,0.547147705078125,0.15401414036750793,-0.19416333734989166,-0.16933971643447876
1767708644069148000,0.55714794921875,0.21301114559173584,-0.17240585386753082,-0.19186019897460938
1767708644079147800,0.567147705078125,0.26744991540908813,-0.1492379754781723,-0.2094925045967102
1767708644089148700,0.577148681640625,0.3160046637058258,-0.13459645211696625,-0.22230549156665802
1767708644099148800,0.587148681640625,0.35511496663093567,-0.11189578473567963,-0.23357273638248444
1767708644109149700,0.597149658203125,0.3910601735115051,-0.09029781073331833,-0.25442394614219666
1767708644119149600,0.607149658203125,0.42149168252944946,-0.0394793264567852,-0.2812965214252472
1767708644129149700,0.617149658203125,0.4473557770252228,0.03880429267883301,-0.30340448021888733
1767708644139150800,0.62715087890625,0.4663209021091461,0.11083294451236725,-0.3192196190357208
1767708644149151000,0.63715087890625,0.4758678078651428,0.1870419681072235,-0.3358105719089508
1767708644159151900,0.64715185546875,0.48201197385787964,0.24789798259735107,-0.34432923793792725
1767708644169151700,0.65715185546875,0.4835302531719208,0.25660383701324463,-0.3447878360748291
1767708644179152600,0.667152587890625,0.4840115010738373,0.2434355765581131,-0.3533805310726166
1767708644189152800,0.67715283203125,0.481715589761734,0.1916537582874298,-0.37667223811149597
1767708644199152600,0.687152587890625,0.46473366022109985,0.134069561958313,-0.40126681327819824
1767708644209153500,0.697153564453125,0.43616220355033875,0.06367301940917969,-0.4293927550315857
1767708644219154000,0.70715380859375,0.41108667850494385,0.012747515924274921,-0.48663607239723206
1767708644229154800,0.71715478515625,0.409287691116333,-0.02857261896133423,-0.5775221586227417
1767708644239154700,0.72715478515625,0.415231317281723,-0.042681511491537094,-0.6725815534591675
1767708644249155800,0.73715576171875,0.4204162657260895,-0.057410575449466705,-0.7539784908294678
1767708644259155700,0.74715576171875,0.41405245661735535,-0.08325768262147903,-0.8312216401100159
1767708644269155800,0.75715576171875,0.4037090241909027,-0.09531940519809723,-0.8978525996208191
1767708644279156700,0.76715673828125,0.40228450298309326,-0.08629874885082245,-0.9410887956619263
1767708644289156600,0.777156494140625,0.40132594108581543,-0.08266850560903549,-0.9661465883255005
1767708644299157800,0.78715771484375,0.3861858546733856,-0.0852845311164856,-0.9683655500411987
1767708644309158000,0.797157958984375,0.3665439486503601,-0.09983838349580765,-0.9388501048088074
1767708644319157800,0.80715771484375,0.3477894365787506,-0.10448239743709564,-0.8732863068580627
1767708644329158700,0.81715869140625,0.3456682860851288,-0.0759783610701561,-0.78194260597229
1767708644339158800,0.82715869140625,0.34578385949134827,-0.04669344052672386,-0.6845524311065674
1767708644349159700,0.83715966796875,0.34331345558166504,0.0057187750935554504,-0.583699643611908
1767708644359159800,0.847159912109375,0.3232097923755646,0.08033107966184616,-0.48326733708381653
1767708644369160700,0.85716064453125,0.29170486330986023,0.11646245419979095,-0.36836153268814087
1767708644379160800,0.867160888671875,0.2533910274505615,0.13787400722503662,-0.2611328065395355
1767708644389161000,0.877160888671875,0.22944499552249908,0.12389273941516876,-0.1828468292951584
1767708644399161900,0.887161865234375,0.21360823512077332,0.08359511941671371,-0.1333988606929779
1767708644409161700,0.89716162109375,0.21305590867996216,0.028251802548766136,-0.1021372377872467
1767708644419162600,0.90716259765625,0.23202985525131226,-0.023316582664847374,-0.07810913026332855
1767708644429162800,0.917162841796875,0.2524847984313965,-0.08034567534923553,-0.051693663001060486
1767708644439163600,0.92716357421875,0.24232244491577148,-0.15367470681667328,-0.021075613796710968
1767708644449163800,0.937163818359375,0.20771679282188416,-0.21131829917430878,0.008614901453256607
1767708644459163600,0.94716357421875,0.16877923905849457,-0.23394617438316345,0.024327488616108894
1767708644469164800,0.957164794921875,0.13702823221683502,-0.2257484346628189,0.025825515389442444
1767708644479165000,0.9671650390625,0.09620990604162216,-0.18954172730445862,0.025646792724728584
1767708644489165800,0.977165771484375,0.05621109530329704,-0.16890382766723633,0.029263364151120186
1767708644499165700,0.987165771484375,0.03138330206274986,-0.15159253776073456,0.045773666352033615
1767708644509165800,0.997165771484375,0.010787746869027615,-0.1376551389694214,0.07054585218429565
1767708644519166700,1.007166748046875,-0.006941759958863258,-0.13400477170944214,0.10912998020648956
1767708644529166600,1.01716650390625,-0.017378157004714012,-0.1477797031402588,0.15616007149219513
1767708644539168000,1.02716796875,-0.02770724892616272,-0.1645030975341797,0.20760363340377808
1767708644549167900,1.03716796875,-0.0386672206223011,-0.15906040370464325,0.26585736870765686
1767708644559168800,1.047168701171875,-0.07377192378044128,-0.14671537280082703,0.3123558461666107
1767708644569169000,1.0571689453125,-0.11306951940059662,-0.14397470653057098,0.34615054726600647
1767708644579168800,1.067168701171875,-0.1555408090353012,-0.22115802764892578,0.3779117465019226
1767708644589169700,1.077169677734375,-0.20212535560131073,-0.29274511337280273,0.4364922344684601
1767708644599169800,1.087169677734375,-0.23789747059345245,-0.32101666927337646,0.5014913082122803
1767708644609170700,1.097170654296875,-0.27142268419265747,-0.3053831160068512,0.5509962439537048
1767708644619170600,1.107170654296875,-0.302318811416626,-0.2740286588668823,0.569290041923523
1767708644629172000,1.117171875,-0.3363126814365387,-0.24056226015090942,0.5732614398002625
1767708644639171800,1.127171875,-0.36308199167251587,-0.21973048150539398,0.5634247660636902
1767708644649171700,1.137171630859375,-0.39081162214279175,-0.21195514500141144,0.5545353293418884
1767708644659172900,1.1471728515625,-0.4009993076324463,-0.2266409546136856,0.5591834187507629
1767708644669172700,1.1571728515625,-0.41355717182159424,-0.27082812786102295,0.586071789264679
1767708644679173600,1.167173583984375,-0.4351311922073364,-0.283041387796402,0.6303465962409973
1767708644689173800,1.177173828125,-0.46649473905563354,-0.2664298117160797,0.6709383130073547
1767708644699173600,1.187173583984375,-0.47833487391471863,-0.22676841914653778,0.6905463337898254
1767708644709174800,1.1971748046875,-0.47645437717437744,-0.17388837039470673,0.7025727033615112
1767708644719175000,1.2071748046875,-0.47107505798339844,-0.12975206971168518,0.7217740416526794
1767708644729175800,1.21717578125,-0.46714478731155396,-0.060701608657836914,0.7621405124664307
1767708644739175700,1.22717578125,-0.4607289433479309,0.03364194184541702,0.8086102604866028
1767708644749176800,1.2371767578125,-0.42780476808547974,0.18205511569976807,0.8358556628227234
1767708644759176700,1.2471767578125,-0.3720320463180542,0.344015508890152,0.8306412100791931
1767708644769176800,1.2571767578125,-0.32221361994743347,0.3945271670818329,0.7808563113212585
1767708644779177700,1.267177734375,-0.30064520239830017,0.34304800629615784,0.700124979019165
1767708644789177600,1.277177490234375,-0.28195324540138245,0.2761460244655609,0.6261445879936218
1767708644799178800,1.2871787109375,-0.2477409690618515,0.2100817859172821,0.5668703317642212
1767708644809179000,1.297178955078125,-0.2157578021287918,0.12326144427061081,0.5240933895111084
1767708644819178800,1.3071787109375,-0.1941787451505661,0.0226576067507267,0.48880305886268616
1767708644829179600,1.3171796875,-0.17142386734485626,-0.027188921347260475,0.46296361088752747
1767708644839179800,1.3271796875,-0.14500051736831665,-0.007328396663069725,0.4625726640224457
1767708644849180700,1.3371806640625,-0.13395586609840393,0.028079187497496605,0.5040251612663269
1767708644859180800,1.347180908203125,-0.16233137249946594,0.03476673364639282,0.5519384145736694
1767708644869182000,1.357181884765625,-0.21102434396743774,0.00024337554350495338,0.5899845957756042
1767708644879181800,1.367181884765625,-0.2568991184234619,-0.016030829399824142,0.6086997389793396
1767708644889182000,1.377181884765625,-0.27483871579170227,0.01977537013590336,0.6048296093940735
1767708644899182800,1.387182861328125,-0.2594703435897827,0.06469187140464783,0.6112806797027588
1767708644909182700,1.3971826171875,-0.23087041079998016,0.07788784056901932,0.6238343119621277
1767708644919183600,1.40718359375,-0.2060766965150833,0.05469350889325142,0.6297052502632141
1767708644929183700,1.417183837890625,-0.19681581854820251,0.03918112814426422,0.6323239803314209
1767708644939184600,1.4271845703125,-0.21255050599575043,0.031513601541519165,0.6351932287216187
1767708644949184800,1.437184814453125,-0.233073890209198,0.013448048382997513,0.622162938117981
1767708644959185000,1.447184814453125,-0.2510608732700348,-0.0045701609924435616,0.5801101922988892
1767708644969185800,1.457185791015625,-0.2617010176181793,-0.018935784697532654,0.5107039213180542
1767708644979186000,1.46718603515625,-0.2573818862438202,-0.027122875675559044,0.43433091044425964
1767708644989186800,1.477186767578125,-0.25745272636413574,-0.03871721401810646,0.3835790455341339
1767708644999186700,1.487186767578125,-0.25459009408950806,-0.03679664060473442,0.3597375154495239
1767708645009186800,1.497186767578125,-0.25010374188423157,-0.019303137436509132,0.33783966302871704
1767708645019187700,1.507187744140625,-0.23652803897857666,0.008072356693446636,0.32052552700042725
1767708645029187600,1.5171875,-0.22657181322574615,0.012141400016844273,0.29237326979637146
1767708645039188700,1.527188720703125,-0.21511590480804443,0.004923331085592508,0.2584311068058014
1767708645049188900,1.53718896484375,-0.2053961604833603,-0.025206606835126877,0.22465449571609497
1767708645059189800,1.547189697265625,-0.19969730079174042,-0.07267726957798004,0.20375382900238037
1767708645069190000,1.55718994140625,-0.19395019114017487,-0.09619138389825821,0.19910076260566711
1767708645079189800,1.567189697265625,-0.1799667477607727,-0.08580419421195984,0.19926121830940247
1767708645089190700,1.577190673828125,-0.16744430363178253,-0.06939087063074112,0.171352356672287
1767708645099190800,1.587190673828125,-0.15439960360527039,-0.05702634155750275,0.14634661376476288
1767708645109191700,1.597191650390625,-0.1476585865020752,-0.053872257471084595,0.13943998515605927
1767708645119191800,1.60719189453125,-0.14433495700359344,-0.05023730918765068,0.133372500538826
1767708645129192000,1.61719189453125,-0.1510392278432846,-0.06156899780035019,0.12027576565742493
1767708645139192800,1.62719287109375,-0.15148185193538666,-0.049507543444633484,0.12784606218338013
1767708645149192700,1.637192626953125,-0.12860822677612305,-0.01807638257741928,0.16665524244308472
1767708645159193900,1.64719384765625,-0.09504147619009018,-0.007202696055173874,0.20829056203365326
1767708645169193700,1.65719384765625,-0.04813528433442116,0.009971125982701778,0.23624317348003387
1767708645179194600,1.667194580078125,0.0015933908289298415,0.029034297913312912,0.24286486208438873
1767708645189194800,1.67719482421875,0.04725892096757889,0.038986414670944214,0.2450728565454483
1767708645199194600,1.687194580078125,0.08878026902675629,0.02679792232811451,0.24190662801265717
1767708645209195800,1.69719580078125,0.1415659785270691,0.008174559101462364,0.230858713388443
1767708645219196000,1.70719580078125,0.20022262632846832,0.0016828381922096014,0.2219776064157486
1767708645229196800,1.71719677734375,0.2372710406780243,-0.0030817841179668903,0.21655414998531342
1767708645239196700,1.72719677734375,0.27693936228752136,-0.015087846666574478,0.20659631490707397
1767708645249197800,1.73719775390625,0.30402812361717224,-0.028245458379387856,0.1866302192211151
1767708645259197700,1.74719775390625,0.31693407893180847,-0.006360932253301144,0.16013416647911072
1767708645269197800,1.75719775390625,0.3223784565925598,0.06261643767356873,0.14346125721931458
1767708645279199000,1.767198974609375,0.300216406583786,0.17199112474918365,0.1382470577955246
1767708645289198800,1.77719873046875,0.2635901868343353,0.241559237241745,0.15468108654022217
1767708645299199700,1.78719970703125,0.22928495705127716,0.23557297885417938,0.20926524698734283
1767708645309200000,1.797199951171875,0.20313000679016113,0.20568057894706726,0.32030928134918213
1767708645319199700,1.80719970703125,0.13195303082466125,0.18711967766284943,0.44109296798706055
1767708645329200600,1.81720068359375,0.0384603850543499,0.10547548532485962,0.49062010645866394
1767708645339200800,1.82720068359375,-0.00883153360337019,-0.02912520430982113,0.46786612272262573
1767708645349201700,1.83720166015625,-0.02847740426659584,-0.14907237887382507,0.45430558919906616
1767708645359201800,1.847201904296875,-0.0490279421210289,-0.1995972841978073,0.44248855113983154
1767708645369203000,1.857202880859375,-0.060137320309877396,-0.1889454424381256,0.4098901152610779
1767708645379202800,1.867202880859375,-0.06369980424642563,-0.14796343445777893,0.3215482532978058
1767708645389203000,1.877202880859375,-0.062036655843257904,-0.10644476115703583,0.19230957329273224
1767708645399203800,1.887203857421875,-0.02409728243947029,-0.02789846993982792,0.07294908165931702
1767708645409203700,1.89720361328125,0.05142304301261902,0.08527202904224396,0.012512639164924622
1767708645419204600,1.90720458984375,0.10585220158100128,0.16442252695560455,0.02018611691892147
1767708645429204700,1.917204833984375,0.12513402104377747,0.21710304915905,0.04515698179602623
1767708645439204600,1.92720458984375,0.13928818702697754,0.25621646642684937,0.06150926649570465
1767708645449205800,1.937205810546875,0.15690873563289642,0.25938138365745544,0.06720257550477982
1767708645459206000,1.947205810546875,0.16651131212711334,0.23107731342315674,0.07553871721029282
1767708645469206800,1.957206787109375,0.16441354155540466,0.18163679540157318,0.09333555400371552
1767708645479207000,1.96720703125,0.15780594944953918,0.10270897299051285,0.11372597515583038
1767708645489207800,1.977207763671875,0.14594635367393494,0.016806049272418022,0.12629848718643188
1767708645499207700,1.987207763671875,0.13788683712482452,-0.05462220683693886,0.12817223370075226
1767708645509207800,1.997207763671875,0.12793166935443878,-0.09204041212797165,0.11297784000635147
1767708645519208700,2.007208740234375,0.11632215976715088,-0.09711771458387375,0.08452153950929642
1767708645529208600,2.01720849609375,0.09569384902715683,-0.09517733752727509,0.0510844886302948
1767708645539209700,2.027209716796875,0.08572347462177277,-0.08066851645708084,0.013021349906921387
1767708645549209900,2.0372099609375,0.07161351293325424,-0.05504224821925163,-0.014582314528524876
1767708645559210800,2.047210693359375,0.05758160725235939,-0.02731349505484104,-0.03706178069114685
1767708645569211000,2.0572109375,0.04092593118548393,-0.01689920388162136,-0.06150667369365692
1767708645579210800,2.067210693359375,0.03369304910302162,-0.003327735001221299,-0.08438695222139359
1767708645589211600,2.077211669921875,0.02953188493847847,0.010468177497386932,-0.09183462709188461
1767708645599211800,2.087211669921875,0.02375841699540615,0.019323719665408134,-0.08228932321071625
1767708645609213000,2.097212890625,0.020513612776994705,0.02532658725976944,-0.06836622208356857
1767708645619212800,2.107212890625,0.02144891396164894,0.02979430742561817,-0.0566863939166069
1767708645629213700,2.117213623046875,0.024940291419625282,0.017509983852505684,-0.046324264258146286
1767708645639213800,2.1272138671875,0.034402500838041306,0.000576274236664176,-0.031223874539136887
1767708645649213700,2.137213623046875,0.04149239510297775,-0.01059119962155819,-0.012137036770582199
1767708645659214800,2.14721484375,0.045708443969488144,-0.01780650205910206,0.0027846544981002808
1767708645669214700,2.157214599609375,0.05228136479854584,-0.020631419494748116,0.009941082447767258
1767708645679215600,2.167215576171875,0.052442219108343124,-0.018651094287633896,0.012812236323952675
1767708645689215700,2.1772158203125,0.04861614108085632,-0.010807940736413002,0.010433393530547619
1767708645699215600,2.187215576171875,0.03631260246038437,-0.00610053725540638,-0.0010935664176940918
1767708645709216800,2.197216796875,0.02366361767053604,-0.005237651523202658,-0.012648031115531921
1767708645719217000,2.207216796875,0.015938319265842438,-0.0035505390260368586,-0.019573315978050232
1767708645729217800,2.2172177734375,0.012700671330094337,0.004170619882643223,-0.023188797757029533
1767708645739217700,2.2272177734375,0.010445507243275642,0.001280557131394744,-0.03105337731540203
1767708645749218800,2.23721875,0.014344383962452412,0.008831849321722984,-0.04285208135843277
1767708645759218700,2.24721875,0.020300542935729027,0.01988130249083042,-0.05849362537264824
1767708645769218600,2.257218505859375,0.02306467294692993,0.029068121686577797,-0.07305704802274704
1767708645779220000,2.267219970703125,0.031687188893556595,0.038873616605997086,-0.08748552203178406
1767708645789219800,2.2772197265625,0.04013581946492195,0.04622811824083328,-0.09567180275917053
1767708645799220700,2.287220703125,0.04618785157799721,0.04791096970438957,-0.10730209201574326
1767708645809220900,2.297220947265625,0.05240920931100845,0.04521914944052696,-0.1260891705751419
1767708645819221800,2.3072216796875,0.059403736144304276,0.020631516352295876,-0.14434674382209778
1767708645829221600,2.3172216796875,0.0708569809794426,-0.01593911461532116,-0.15905024111270905
1767708645839221800,2.3272216796875,0.08890838176012039,-0.04842474311590195,-0.1703845113515854
1767708645849222700,2.33722265625,0.10300476104021072,-0.08705122768878937,-0.18175487220287323
1767708645859222500,2.347222412109375,0.11970467865467072,-0.13104359805583954,-0.2024989128112793
1767708645869224000,2.357223876953125,0.14718636870384216,-0.16652515530586243,-0.25003233551979065
1767708645879223800,2.367223876953125,0.17392073571681976,-0.19577240943908691,-0.31794050335884094
1767708645889224700,2.377224609375,0.21123668551445007,-0.20343272387981415,-0.38698455691337585
1767708645899224800,2.387224853515625,0.24224914610385895,-0.19892270863056183,-0.4615212678909302
1767708645909224700,2.397224609375,0.25300484895706177,-0.2252160906791687,-0.5324644446372986
1767708645919225600,2.4072255859375,0.23563867807388306,-0.26084575057029724,-0.5964640974998474
1767708645929225700,2.417225830078125,0.21510598063468933,-0.30093616247177124,-0.6684719920158386
1767708645939227000,2.427226806640625,0.19891025125980377,-0.3628179132938385,-0.7457817792892456
1767708645949226800,2.437226806640625,0.1772017627954483,-0.4246272146701813,-0.8198557496070862
1767708645959227000,2.447226806640625,0.15526318550109863,-0.4917844831943512,-0.8712283372879028
1767708645969227800,2.457227783203125,0.12875781953334808,-0.5212079286575317,-0.8954916000366211
1767708645979228000,2.467227783203125,0.11437808722257614,-0.48251867294311523,-0.890511691570282
1767708645989228800,2.477228759765625,0.10548712313175201,-0.398628830909729,-0.8458635210990906
1767708645999228700,2.487228759765625,0.0835098922252655,-0.3115634024143219,-0.7787888050079346
1767708646009229600,2.4972294921875,0.03640284016728401,-0.24392922222614288,-0.7333803176879883
1767708646019229700,2.507229736328125,-0.01624014973640442,-0.19585976004600525,-0.7222006320953369
1767708646029229800,2.517229736328125,-0.06100788712501526,-0.17036372423171997,-0.7230768203735352
1767708646039230700,2.527230712890625,-0.07583396881818771,-0.15590594708919525,-0.7095194458961487
1767708646049230800,2.53723095703125,-0.05762479454278946,-0.1605936735868454,-0.6727529764175415
1767708646059231700,2.547231689453125,-0.015227539464831352,-0.18075406551361084,-0.6207238435745239
1767708646069231900,2.55723193359375,0.033296823501586914,-0.22295193374156952,-0.5552046298980713
1767708646079232800,2.567232666015625,0.08414216339588165,-0.2681726813316345,-0.48864269256591797
1767708646089232100,2.577232177734375,0.14083656668663025,-0.2928553819656372,-0.41120532155036926
1767708646099232300,2.587232177734375,0.19033381342887878,-0.27928364276885986,-0.34063130617141724
1767708646109233200,2.597233154296875,0.22417008876800537,-0.24908038973808289,-0.2897634208202362
1767708646119233000,2.60723291015625,0.24373313784599304,-0.21856242418289185,-0.2666413187980652
1767708646129234400,2.617234375,0.2569515109062195,-0.17499080300331116,-0.2579282522201538
1767708646139234300,2.627234375,0.2583045959472656,-0.12165173143148422,-0.25031372904777527
1767708646149235200,2.637235107421875,0.2490444928407669,-0.06842207163572311,-0.23621946573257446
1767708646159235300,2.6472353515625,0.2445802390575409,0.0026158872060477734,-0.23279064893722534
1767708646169235200,2.657235107421875,0.24782432615756989,0.10265953838825226,-0.2369452863931656
1767708646179236000,2.667236083984375,0.2488563060760498,0.20404048264026642,-0.23500756919384003
1767708646189236200,2.677236328125,0.24256347119808197,0.25604748725891113,-0.22511757910251617
1767708646199237000,2.687237060546875,0.21455207467079163,0.2859281599521637,-0.21496213972568512
1767708646209237200,2.6972373046875,0.172780379652977,0.2894243001937866,-0.20957447588443756
1767708646219237400,2.7072373046875,0.1314300149679184,0.30989521741867065,-0.20789988338947296
1767708646229238300,2.71723828125,0.09885375946760178,0.35876548290252686,-0.20892302691936493
1767708646239238100,2.727238037109375,0.07195822894573212,0.41316428780555725,-0.21019256114959717
1767708646249239300,2.7372392578125,0.053713951259851456,0.4437626004219055,-0.20472222566604614
1767708646259239200,2.7472392578125,0.03291839361190796,0.47470319271087646,-0.17592759430408478
1767708646269240000,2.757239990234375,0.01859372667968273,0.5056750178337097,-0.13762594759464264
1767708646279240200,2.767240234375,-0.008208592422306538,0.5239714980125427,-0.10639238357543945
1767708646289240000,2.777239990234375,-0.03179771825671196,0.5439544916152954,-0.08432361483573914
1767708646299241200,2.7872412109375,-0.04959806427359581,0.5717969536781311,-0.07209089398384094
1767708646309241300,2.797241455078125,-0.06913075596094131,0.5922402143478394,-0.06131282076239586
1767708646319242200,2.8072421875,-0.0855422243475914,0.5888635516166687,-0.058462973684072495
1767708646329242000,2.8172421875,-0.09104937314987183,0.5739003419876099,-0.05692819133400917
1767708646339243300,2.8272431640625,-0.08296032249927521,0.5529098510742188,-0.046211279928684235
1767708646349243100,2.8372431640625,-0.06731132417917252,0.529511570930481,-0.02458534948527813
1767708646359243300,2.8472431640625,-0.05739336088299751,0.5037551522254944,0.000053046271204948425
1767708646369244400,2.857244384765625,-0.04112038016319275,0.4687495529651642,0.021071776747703552
1767708646379244300,2.867244384765625,-0.03822449967265129,0.42730677127838135,0.04418729618191719
1767708646389245200,2.8772451171875,-0.06011515110731125,0.37826305627822876,0.08243828266859055
1767708646399245300,2.887245361328125,-0.09520172327756882,0.3105263411998749,0.1289369910955429
1767708646409246200,2.89724609375,-0.13974708318710327,0.22245322167873383,0.1747092753648758
1767708646419246000,2.90724609375,-0.17923030257225037,0.13187198340892792,0.20321236550807953
1767708646429246200,2.91724609375,-0.21385644376277924,0.03960090130567551,0.2156463861465454
1767708646439247000,2.9272470703125,-0.23538362979888916,-0.047644149512052536,0.21882398426532745
1767708646449247200,2.937247314453125,-0.23852375149726868,-0.0860368087887764,0.2191355675458908
1767708646459248400,2.947248291015625,-0.21003639698028564,-0.0643191859126091,0.22624284029006958
1767708646469248300,2.957248291015625,-0.14062589406967163,0.006370159797370434,0.2383652925491333
1767708646479249200,2.967249267578125,-0.040463849902153015,0.10284148901700974,0.2767859101295471
1767708646489249300,2.977249267578125,0.041599858552217484,0.12679849565029144,0.31510162353515625
1767708646499249200,2.987249267578125,0.08038128912448883,0.07810310274362564,0.30366119742393494
1767708646509250000,2.99725,0.09612083435058594,-0.008216870948672295,0.2289733737707138
1767708646519250200,3.007250244140625,0.13051874935626984,-0.07718315720558167,0.1243090033531189
1767708646529251300,3.017251220703125,0.16173067688941956,-0.1268688589334488,0.033861469477415085
1767708646539251200,3.027251220703125,0.1392994076013565,-0.13927999138832092,0.016692867502570152
1767708646549252400,3.03725244140625,-0.0033476585522294044,-0.10908998548984528,0.10819296538829803
1767708646559252200,3.047252197265625,-0.1889641135931015,-0.13115720450878143,0.25975504517555237
1767708646569252400,3.05725244140625,-0.2965066134929657,-0.1654599905014038,0.38510367274284363
1767708646579253200,3.067253173828125,-0.354878306388855,-0.11938251554965973,0.4476589560508728
1767708646589253000,3.077253173828125,-0.3743401765823364,-0.010044699534773827,0.45087671279907227
1767708646599254000,3.08725390625,-0.3446912169456482,0.1040528416633606,0.4197739362716675
1767708646609254100,3.097254150390625,-0.3027171194553375,0.19935178756713867,0.3813955783843994
1767708646619255300,3.10725537109375,-0.26553407311439514,0.24666523933410645,0.31071528792381287
1767708646629255200,3.117255126953125,-0.2466905564069748,0.21455608308315277,0.2110799103975296
1767708646639255300,3.12725537109375,-0.2608377933502197,0.17808941006660461,0.1143358051776886
1767708646649256200,3.137256103515625,-0.3019714653491974,0.16348682343959808,0.029374951496720314
1767708646659256300,3.14725634765625,-0.3499424159526825,0.1652841717004776,-0.06022622436285019
1767708646669257200,3.15725732421875,-0.39570140838623047,0.201346293091774,-0.1425946056842804
1767708646679257000,3.167257080078125,-0.41894200444221497,0.2593741714954376,-0.19975750148296356
1767708646689258200,3.17725830078125,-0.4105471968650818,0.29493963718414307,-0.2179330438375473
1767708646699258400,3.18725830078125,-0.39806413650512695,0.3155018985271454,-0.20437808334827423
1767708646709259300,3.19725927734375,-0.39148908853530884,0.3495875298976898,-0.17035254836082458
1767708646719259100,3.207259033203125,-0.39131227135658264,0.4011921286582947,-0.13924123346805573
1767708646729259300,3.21725927734375,-0.38920271396636963,0.4641075134277344,-0.12500424683094025
1767708646739260200,3.22726025390625,-0.38161778450012207,0.4824947714805603,-0.1283784806728363
1767708646749260300,3.23726025390625,-0.3823632001876831,0.4780161678791046,-0.12600789964199066
1767708646759261200,3.24726123046875,-0.3821248412132263,0.4582751989364624,-0.115159772336483
1767708646769261000,3.257260986328125,-0.3833637535572052,0.40378737449645996,-0.12331917881965637
1767708646779261200,3.26726123046875,-0.3843427002429962,0.3676981031894684,-0.1614132672548294
1767708646789262300,3.277262451171875,-0.36832910776138306,0.3693031668663025,-0.2258407324552536
1767708646799262200,3.28726220703125,-0.3275598883628845,0.40621328353881836,-0.2992010712623596
1767708646809263000,3.29726318359375,-0.2672739028930664,0.41117793321609497,-0.35486164689064026
1767708646819263200,3.30726318359375,-0.1997113972902298,0.3795381784439087,-0.3657742738723755
1767708646829264100,3.31726416015625,-0.14077350497245789,0.32980579137802124,-0.3292247951030731
1767708646839264300,3.32726416015625,-0.09564806520938873,0.26901501417160034,-0.26543766260147095
1767708646849265400,3.337265380859375,-0.07627969235181808,0.1920216828584671,-0.19982139766216278
1767708646859265300,3.347265380859375,-0.07290763407945633,0.14281198382377625,-0.14054866135120392
1767708646869265400,3.357265380859375,-0.07653272897005081,0.1346171647310257,-0.07549562305212021
1767708646879266300,3.367266357421875,-0.08315332233905792,0.1433449387550354,-0.009197233244776726
1767708646889266200,3.37726611328125,-0.09552477300167084,0.15991619229316711,0.034261029213666916
1767708646899267000,3.38726708984375,-0.11298152059316635,0.196498841047287,0.05284648388624191
1767708646909267200,3.39726708984375,-0.12238753587007523,0.22764691710472107,0.053641706705093384
1767708646919268000,3.40726806640625,-0.125049889087677,0.25265926122665405,0.03965170681476593
1767708646929268200,3.417268310546875,-0.12544003129005432,0.26127538084983826,0.014651019126176834
1767708646939268000,3.42726806640625,-0.11904153972864151,0.2556520700454712,-0.019152818247675896
1767708646949269200,3.437269287109375,-0.09076276421546936,0.2555362284183502,-0.09358017891645432
1767708646959269400,3.447269287109375,-0.03742581978440285,0.2516593337059021,-0.19907595217227936
1767708646969270300,3.457270263671875,0.03469817712903023,0.2342563420534134,-0.30559679865837097
1767708646979270100,3.467270263671875,0.13160954415798187,0.17070773243904114,-0.3884141743183136
1767708646989271000,3.47727099609375,0.24115712940692902,0.07267602533102036,-0.4324013590812683
1767708646999271200,3.487271240234375,0.3583069443702698,-0.026040691882371902,-0.4273826479911804
1767708647009271000,3.49727099609375,0.4470285177230835,-0.1270054578781128,-0.38678494095802307
1767708647019272400,3.5072724609375,0.46252545714378357,-0.1668625771999359,-0.3316359221935272
1767708647029272300,3.517272216796875,0.41011470556259155,-0.1930214762687683,-0.2783668637275696
1767708647039273200,3.527273193359375,0.2962890863418579,-0.2107139229774475,-0.2929830849170685
1767708647049273300,3.5372734375,0.08977698534727097,-0.21332404017448425,-0.411588579416275
1767708647059274200,3.547274169921875,-0.09739183634519577,-0.27435383200645447,-0.5989435315132141
1767708647069274000,3.557274169921875,-0.21628183126449585,-0.33705008029937744,-0.7774544954299927
1767708647079274200,3.567274169921875,-0.25463560223579407,-0.359719455242157,-0.8707442283630371
1767708647089275600,3.577275634765625,-0.16316424310207367,-0.32201269268989563,-0.8806617259979248
1767708647099275500,3.587275634765625,-0.009218884631991386,-0.1599164605140686,-0.7724739909172058
1767708647109276400,3.5972763671875,0.15411488711833954,-0.0041713230311870575,-0.5967978835105896
1767708647119276800,3.60727685546875,0.24616731703281403,0.08402751386165619,-0.39667195081710815
1767708647129277700,3.617277587890625,0.241002157330513,0.06400707364082336,-0.23782585561275482
1767708647139277800,3.62727783203125,0.15700897574424744,-0.10670527815818787,-0.18164780735969543
1767708647149278700,3.63727880859375,0.046800464391708374,-0.23860590159893036,-0.22159665822982788
1767708647159278600,3.647278564453125,-0.061605192720890045,-0.28987210988998413,-0.24227721989154816
1767708647169278700,3.65727880859375,-0.15324430167675018,-0.3011695146560669,-0.13676810264587402
1767708647179279600,3.667279541015625,-0.1993635892868042,-0.38549691438674927,0.00016604363918304443
1767708647189279500,3.677279541015625,-0.16028860211372375,-0.5362159013748169,0.0143722640350461
1767708647199280600,3.68728076171875,-0.02210196666419506,-0.60538649559021,-0.015781110152602196
1767708647209280800,3.69728076171875,0.1737930029630661,-0.5711868405342102,0.0049890149384737015
1767708647219281700,3.70728173828125,0.36844080686569214,-0.5014133453369141,0.04191400855779648
1767708647229281500,3.717281494140625,0.48816272616386414,-0.4649049639701843,0.05311961472034454
1767708647239281700,3.72728173828125,0.4719134569168091,-0.4182959198951721,-0.011320624500513077
1767708647249282600,3.737282470703125,0.3908297121524811,-0.3233516812324524,-0.11724524945020676
1767708647259282700,3.74728271484375,0.33160239458084106,-0.20890402793884277,-0.15670537948608398
1767708647269283600,3.75728369140625,0.23292160034179688,-0.10943762212991714,-0.09714671224355698
1767708647279283700,3.76728369140625,0.12426857650279999,-0.06854654103517532,-0.03388100862503052
1767708647289284600,3.77728466796875,0.06421110033988953,-0.07329149544239044,-0.011033216491341591
1767708647299284700,3.78728466796875,0.014381169341504574,-0.07812916487455368,-0.005593318957835436
1767708647309284600,3.79728466796875,-0.038717735558748245,-0.07839149236679077,0.009386163204908371
1767708647319285500,3.807285400390625,-0.09359533339738846,-0.07422301173210144,0.0348886139690876
1767708647329285600,3.81728564453125,-0.1293029934167862,-0.05735534802079201,0.05829433724284172
1767708647339286500,3.82728662109375,-0.13763463497161865,-0.07450354099273682,0.09238342195749283
1767708647349286700,3.83728662109375,-0.11952435225248337,-0.09953832626342773,0.17685995995998383
1767708647359287800,3.847287841796875,-0.08528438955545425,-0.16597245633602142,0.30987200140953064
1767708647369287700,3.85728759765625,-0.04330231621861458,-0.20519575476646423,0.46809545159339905
1767708647379288600,3.86728857421875,0.028297556564211845,-0.187269389629364,0.6151952147483826
1767708647389288700,3.877288818359375,0.14582763612270355,-0.16143698990345,0.7409989833831787
1767708647399288600,3.88728857421875,0.28124281764030457,-0.10537735372781754,0.8335397839546204
1767708647409289500,3.89728955078125,0.4019002616405487,-0.027430089190602303,0.9009065628051758
1767708647419289600,3.90728955078125,0.4690339267253876,0.03115798719227314,0.9342969059944153
1767708647429290500,3.91729052734375,0.4958426356315613,0.07736356556415558,0.9341722726821899
1767708647439291000,3.927290771484375,0.4773518741130829,0.07158224284648895,0.8869417905807495
1767708647449291800,3.937291748046875,0.41590234637260437,0.023589685559272766,0.7880628705024719
1767708647459291600,3.947291748046875,0.32934510707855225,-0.004554068204015493,0.6675918698310852
1767708647469291800,3.957291748046875,0.2422008216381073,-0.0436580553650856,0.547821581363678
1767708647479292700,3.967292724609375,0.15386298298835754,-0.09203863888978958,0.4544287621974945
1767708647489292500,3.97729248046875,0.07012920081615448,-0.061935167759656906,0.40767741203308105
1767708647499293400,3.98729345703125,0.009762533009052277,0.009482556954026222,0.4130178391933441
1767708647509293600,3.99729345703125,-0.0559929758310318,0.06561657786369324,0.43144604563713074
1767708647519294700,4.007294677734375,-0.119561567902565,0.11582887917757034,0.45609918236732483
1767708647529294800,4.017294921875,-0.17552046477794647,0.1363535225391388,0.48824256658554077
1767708647539295700,4.027295654296875,-0.24239963293075562,0.09530461579561234,0.5393185615539551
1767708647549295600,4.037295654296875,-0.3178315758705139,-0.010061134584248066,0.5981954336166382
1767708647559295700,4.047295654296875,-0.3980467915534973,-0.09437495470046997,0.6408874988555908
1767708647569296600,4.057296630859375,-0.46212053298950195,-0.14112764596939087,0.6489480137825012
1767708647579296500,4.067296630859375,-0.4701038897037506,-0.20089270174503326,0.6099795699119568
1767708647589297400,4.07729736328125,-0.4629581570625305,-0.26603707671165466,0.5406109690666199
1767708647599297800,4.0872978515625,-0.4368860721588135,-0.28685128688812256,0.4985508322715759
1767708647609298700,4.097298583984375,-0.36186426877975464,-0.2676544487476349,0.5722829103469849
1767708647619298800,4.107298828125,-0.17047831416130066,-0.24364125728607178,0.8006892204284668
1767708647629298700,4.117298583984375,0.03921122848987579,-0.18867981433868408,1.0834778547286987
1767708647639299600,4.127299560546875,0.23661723732948303,-0.06302202492952347,1.2824844121932983
1767708647649299700,4.1372998046875,0.36291053891181946,0.03019583597779274,1.2329574823379517
1767708647659300600,4.147300537109375,0.4035370647907257,-0.010938016697764397,0.9460442066192627
1767708647669300500,4.157300537109375,0.36650368571281433,-0.06386592984199524,0.5941576361656189
1767708647679301600,4.167301513671875,0.30006179213523865,0.0033157735597342253,0.36775729060173035
1767708647689301800,4.1773017578125,0.2895667850971222,0.10127659887075424,0.24549899995326996
1767708647699302700,4.187302734375,0.32294151186943054,0.16198042035102844,0.17704564332962036
1767708647709302800,4.197302734375,0.35242748260498047,0.11147754639387131,0.1799321323633194
1767708647719302700,4.207302734375,0.35374733805656433,0.030216656625270844,0.22167004644870758
1767708647729303600,4.217303466796875,0.3323083519935608,-0.05639147385954857,0.24310770630836487
1767708647739303700,4.2273037109375,0.3031217157840729,-0.13492070138454437,0.23091886937618256
1767708647749304600,4.2373046875,0.22500452399253845,-0.14849217236042023,0.17268112301826477
1767708647759304700,4.2473046875,0.08877190947532654,-0.07380501925945282,0.12025321274995804
1767708647769305600,4.2573056640625,-0.09546184539794922,-0.004323951434344053,0.14370234310626984
1767708647779305700,4.2673056640625,-0.22860528528690338,0.05381994694471359,0.21390751004219055
1767708647789305600,4.2773056640625,-0.2536610960960388,0.10088013857603073,0.25574442744255066
1767708647799306800,4.287306640625,-0.2229791134595871,0.21751777827739716,0.22585220634937286
1767708647809306600,4.297306640625,-0.17490053176879883,0.3515520393848419,0.18336306512355804
1767708647819307500,4.3073076171875,-0.13661913573741913,0.4445303976535797,0.17451894283294678
1767708647829307600,4.3173076171875,-0.09694363921880722,0.49545347690582275,0.17214393615722656
1767708647839308800,4.327308837890625,-0.03635333105921745,0.5734168887138367,0.12127330899238586
1767708647849308700,4.33730859375,0.01992884837090969,0.6431099772453308,0.03437143936753273
1767708647859309600,4.3473095703125,0.011987924575805664,0.6626095175743103,-0.01874152384698391
1767708647869309700,4.357309814453125,-0.0670831948518753,0.6111367344856262,-0.013128377497196198
1767708647879309600,4.3673095703125,-0.17891651391983032,0.5187829732894897,0.020374774932861328
1767708647889310700,4.377310791015625,-0.26404204964637756,0.44564881920814514,0.04625244438648224
1767708647899310600,4.387310546875,-0.289903461933136,0.3835906684398651,0.05308324098587036
1767708647909311500,4.3973115234375,-0.2601777911186218,0.3229747414588928,0.037944767624139786
1767708647919312000,4.407311767578125,-0.1927039474248886,0.27963924407958984,0.014316139742732048
1767708647929312800,4.417312744140625,-0.1178949847817421,0.25704681873321533,-0.00766421714797616
1767708647939312600,4.427312744140625,-0.035088516771793365,0.2269967645406723,-0.021704401820898056
1767708647949312800,4.437312744140625,0.051545411348342896,0.21231332421302795,-0.03534194082021713
1767708647959313700,4.447313720703125,0.08338509500026703,0.21787799894809723,-0.062914177775383
1767708647969313500,4.4573134765625,0.06522525101900101,0.21383795142173767,-0.11215092241764069
1767708647979314700,4.467314697265625,0.002203679410740733,0.22226738929748535,-0.17381800711154938
1767708647989314600,4.477314453125,-0.07422211021184921,0.24640482664108276,-0.2430214136838913
1767708647999315700,4.487315673828125,-0.1441151648759842,0.29501232504844666,-0.32019850611686707
1767708648009315800,4.49731591796875,-0.2078211009502411,0.3166294991970062,-0.40950921177864075
1767708648019316700,4.507316650390625,-0.2557942271232605,0.30735746026039124,-0.49799275398254395
1767708648029316600,4.517316650390625,-0.24699677526950836,0.2895738184452057,-0.5464391112327576
1767708648039316700,4.527316650390625,-0.2054932862520218,0.27719810605049133,-0.5624105930328369
1767708648049317600,4.537317626953125,-0.17360034584999084,0.2750735282897949,-0.5432114005088806
1767708648059317500,4.5473173828125,-0.13211362063884735,0.3198375403881073,-0.47577160596847534
1767708648069318700,4.557318603515625,-0.12411719560623169,0.3931731879711151,-0.3681335747241974
1767708648079318800,4.56731884765625,-0.09241572767496109,0.4827243685722351,-0.26415151357650757
1767708648089319400,4.5773193359375,0.0028105895034968853,0.5048030018806458,-0.2241436243057251
1767708648099319600,4.587319580078125,0.12131592631340027,0.4385981559753418,-0.22498224675655365
1767708648109319400,4.5973193359375,0.26640525460243225,0.2959934175014496,-0.22193370759487152
1767708648119320300,4.6073203125,0.4176653325557709,0.16486230492591858,-0.20206919312477112
1767708648129320400,4.617320556640625,0.535444438457489,0.015696486458182335,-0.17575666308403015
1767708648139321300,4.6273212890625,0.5951471924781799,-0.14142681658267975,-0.1518971472978592
1767708648149321200,4.6373212890625,0.5756046175956726,-0.30795150995254517,-0.13808314502239227
1767708648159322400,4.647322265625,0.4542075991630554,-0.44396525621414185,-0.13900458812713623
1767708648169322200,4.657322265625,0.26219502091407776,-0.448986679315567,-0.1861831396818161
1767708648179323400,4.667323486328125,0.06605161726474762,-0.4105178415775299,-0.3131818175315857
1767708648189323500,4.677323486328125,-0.12546394765377045,-0.43799281120300293,-0.4995834529399872
1767708648199323400,4.687323486328125,-0.2552608251571655,-0.4559635818004608,-0.6634296774864197
1767708648209324300,4.69732421875,-0.27732113003730774,-0.48846161365509033,-0.7044135928153992
1767708648219324400,4.707324462890625,-0.20881719887256622,-0.5234355330467224,-0.6777568459510803
1767708648229325300,4.7173251953125,-0.17309169471263885,-0.5733543634414673,-0.6577088236808777
1767708648239325200,4.7273251953125,-0.12481063604354858,-0.4831100106239319,-0.6425670981407166
1767708648249326600,4.73732666015625,-0.03446635976433754,-0.34043434262275696,-0.5909995436668396
1767708648259326500,4.747326416015625,0.01128110010176897,-0.23258258402347565,-0.47668546438217163
1767708648269327400,4.757327392578125,-0.007478472776710987,-0.14156505465507507,-0.37055903673171997
1767708648279327500,4.767327392578125,-0.10326781123876572,-0.15991269052028656,-0.349519282579422
1767708648289327400,4.777327392578125,-0.2889932096004486,-0.3120766580104828,-0.34627529978752136
1767708648299328300,4.787328369140625,-0.4985957443714142,-0.3742065131664276,-0.2589491009712219
1767708648309328400,4.797328369140625,-0.5964664220809937,-0.45712989568710327,-0.11448512971401215
1767708648319329300,4.807329345703125,-0.6022879481315613,-0.5726200342178345,0.0228398647159338
1767708648329329200,4.8173291015625,-0.5212882161140442,-0.6242284178733826,0.20334598422050476
1767708648339330600,4.82733056640625,-0.38292795419692993,-0.6311654448509216,0.3476836681365967
1767708648349330400,4.837330322265625,-0.20155179500579834,-0.5011683106422424,0.40354615449905396
1767708648359330300,4.847330322265625,0.029707252979278564,-0.29038435220718384,0.39239946007728577
1767708648369331500,4.85733154296875,0.21054786443710327,-0.063569575548172,0.3471267819404602
1767708648379331300,4.867331298828125,0.3180002272129059,0.10120376944541931,0.3021498918533325
1767708648389332200,4.877332275390625,0.347761869430542,0.17589931190013885,0.2877728044986725
1767708648399332400,4.887332275390625,0.2979687452316284,0.18977464735507965,0.32090041041374207
1767708648409333500,4.89733349609375,0.17221616208553314,0.25024938583374023,0.3819010257720947
1767708648419333400,4.90733349609375,0.035793405026197433,0.26882895827293396,0.4417027235031128
1767708648429334500,4.91733447265625,-0.06323917210102081,0.2454136461019516,0.4896439015865326
1767708648439334400,4.92733447265625,-0.1252695620059967,0.21174556016921997,0.5447971820831299
1767708648449334300,4.937334228515625,-0.14681267738342285,0.18599039316177368,0.6051436066627502
1767708648459335400,4.94733544921875,-0.1662321835756302,0.14694605767726898,0.6822266578674316
1767708648469335300,4.957335205078125,-0.18853908777236938,0.08759952336549759,0.7769764065742493
1767708648479336200,4.967336181640625,-0.1778571456670761,0.06993450969457626,0.8637171983718872
1767708648489336300,4.97733642578125,-0.1184026300907135,0.045929618179798126,0.9479863047599792
1767708648499337500,4.98733740234375,-0.006030555348843336,0.04107174277305603,1.025873064994812
1767708648509337300,4.99733740234375,0.12170663475990295,0.05160827189683914,1.0680564641952515
1767708648519338500,5.00733837890625,0.24662519991397858,0.025578591972589493,1.0549335479736328
1767708648529338400,5.01733837890625,0.3129885196685791,-0.0019782003946602345,1.015340805053711
1767708648539338200,5.027338134765625,0.3668235242366791,0.03144500404596329,1.0089935064315796
1767708648549339400,5.03733935546875,0.39995691180229187,0.10854948312044144,1.0278642177581787
1767708648559339300,5.04733935546875,0.39279595017433167,0.16071441769599915,1.0109938383102417
1767708648569340400,5.05734033203125,0.35150980949401855,0.18731412291526794,0.9443986415863037
1767708648579340500,5.067340576171875,0.305706650018692,0.1817355901002884,0.8525139689445496
1767708648589341400,5.077341552734375,0.2483959197998047,0.16635043919086456,0.756959855556488
1767708648599341300,5.08734130859375,0.1789124459028244,0.1421540230512619,0.6751350164413452
1767708648609341400,5.097341552734375,0.09117139130830765,0.12010218948125839,0.6197004318237305
1767708648619342300,5.10734228515625,0.021216006949543953,0.08149008452892303,0.5833941102027893
1767708648629342200,5.11734228515625,-0.0325683057308197,0.054224200546741486,0.5610077381134033
1767708648639343400,5.12734326171875,-0.09725063294172287,0.03648008778691292,0.5420972108840942
1767708648649343200,5.13734326171875,-0.14679428935050964,0.012968218885362148,0.5294647216796875
1767708648659344400,5.147344482421875,-0.182185560464859,-0.03657509759068489,0.538322389125824
1767708648669344500,5.157344482421875,-0.21916702389717102,-0.11289682239294052,0.5794329643249512
1767708648679345400,5.167345458984375,-0.24054822325706482,-0.17714279890060425,0.6341779232025146
1767708648689345300,5.17734521484375,-0.2000705748796463,-0.1743195801973343,0.6516109704971313
1767708648699345400,5.187345458984375,-0.1313607543706894,-0.18975970149040222,0.5777421593666077
1767708648709346300,5.19734619140625,-0.09882678836584091,-0.25172585248947144,0.4043525457382202
1767708648719346200,5.20734619140625,-0.11294151842594147,-0.3427942991256714,0.24777212738990784
1767708648729347600,5.21734765625,-0.1938917487859726,-0.3829371929168701,0.2432018667459488
1767708648739347500,5.227347412109375,-0.2766420841217041,-0.43802785873413086,0.5059322118759155
1767708648749348400,5.237348388671875,-0.1478305608034134,-0.44571322202682495,0.9147039651870728
1767708648759348500,5.247348388671875,0.13588698208332062,-0.3328193426132202,1.0979695320129395
1767708648769349400,5.257349365234375,0.34669187664985657,-0.23691625893115997,0.9753621220588684
1767708648779349200,5.267349365234375,0.3906850814819336,-0.11659777164459229,0.5992469787597656
1767708648789349400,5.277349365234375,0.37664249539375305,-0.012034882791340351,0.15619812905788422
1767708648799350300,5.287350341796875,0.34204941987991333,0.08329571038484573,-0.1288565993309021
1767708648809350100,5.29735009765625,0.36334431171417236,0.2695167362689972,-0.21396483480930328
1767708648819351600,5.3073515625,0.4478035271167755,0.39866548776626587,-0.1760273277759552
1767708648829351400,5.317351318359375,0.5178816318511963,0.36520498991012573,0.0020534684881567955
1767708648839352300,5.327352294921875,0.4839908480644226,0.2094792127609253,0.19903498888015747
1767708648849352400,5.3373525390625,0.4155731499195099,0.05211275815963745,0.3009592294692993
1767708648859353300,5.347353271484375,0.4043862819671631,0.011317923665046692,0.2906320095062256
1767708648869353200,5.357353271484375,0.32912665605545044,0.0009963542688637972,0.12137777358293533
1767708648879353300,5.367353271484375,0.14815768599510193,0.034672290086746216,-0.1269177943468094
1767708648889354500,5.3773544921875,-0.0507156141102314,0.04968631640076637,-0.235899418592453
1767708648899354400,5.387354248046875,-0.17210888862609863,0.08351325243711472,-0.2580862045288086
1767708648909355500,5.39735546875,-0.2016461044549942,0.18300125002861023,-0.3207356035709381
1767708648919355400,5.40735546875,-0.18229131400585175,0.29947513341903687,-0.3977491557598114
1767708648929356300,5.417356201171875,-0.17367835342884064,0.3248182535171509,-0.4136206805706024
1767708648939356400,5.4273564453125,-0.20129747688770294,0.38647016882896423,-0.42142242193222046
1767708648949357300,5.437357421875,-0.22055935859680176,0.541928768157959,-0.533439040184021
1767708648959357200,5.447357177734375,-0.17431730031967163,0.705706775188446,-0.658953845500946
1767708648969357300,5.457357421875,-0.1371704339981079,0.7256806492805481,-0.6486194133758545
1767708648979358500,5.4673583984375,-0.2255229353904724,0.5796864032745361,-0.4981551170349121
1767708648989358300,5.4773583984375,-0.3656613826751709,0.3747555911540985,-0.32366397976875305
1767708648999359500,5.487359375,-0.46481990814208984,0.22811901569366455,-0.21923291683197021
1767708649009359400,5.497359375,-0.5073437690734863,0.15319761633872986,-0.22177612781524658
1767708649019360300,5.5073603515625,-0.4695252478122711,0.13225078582763672,-0.2867375612258911
1767708649029360400,5.5173603515625,-0.39634257555007935,0.14190256595611572,-0.35703232884407043
1767708649039361300,5.527361328125,-0.3238459825515747,0.14757509529590607,-0.39379647374153137
1767708649049361400,5.537361328125,-0.24512191116809845,0.0933569073677063,-0.40101999044418335
1767708649059361500,5.547361572265625,-0.17297261953353882,0.06015261262655258,-0.3998274505138397
1767708649069362400,5.557362548828125,-0.12992851436138153,0.05529853701591492,-0.41238436102867126
1767708649079362300,5.5673623046875,-0.0991937667131424,0.1223076656460762,-0.44117632508277893
1767708649089363200,5.57736328125,-0.08984178304672241,0.17407026886940002,-0.45740172266960144
1767708649099363000,5.587363037109375,-0.11911418288946152,0.22826187312602997,-0.48373478651046753
1767708649109364000,5.597364013671875,-0.14513671398162842,0.2066570371389389,-0.5411695241928101
1767708649119364000,5.607364013671875,-0.17042715847492218,0.23661653697490692,-0.6021889448165894
1767708649129364000,5.617364013671875,-0.19837093353271484,0.26511746644973755,-0.6367042660713196
1767708649139365000,5.627365234375,-0.21608227491378784,0.24329420924186707,-0.6300773620605469
1767708649149365200,5.637365234375,-0.21240605413913727,0.22322489321231842,-0.6081752777099609
1767708649159366100,5.6473662109375,-0.18749935925006866,0.21109595894813538,-0.5781753659248352
1767708649169366000,5.657365966796875,-0.11438412964344025,0.21026133000850677,-0.5637356638908386
1767708649179367200,5.6673671875,-0.014443689957261086,0.22648943960666656,-0.574225902557373
1767708649189367000,5.677366943359375,0.0665382444858551,0.1858125776052475,-0.5505789518356323
1767708649199368000,5.687367919921875,0.15463462471961975,0.058893971145153046,-0.49018529057502747
1767708649209368000,5.6973681640625,0.25106608867645264,-0.14810235798358917,-0.4206022024154663
1767708649219368200,5.7073681640625,0.35126760601997375,-0.3246932625770569,-0.3736717700958252
1767708649229369000,5.717369140625,0.4200301766395569,-0.4074475169181824,-0.34428858757019043
1767708649239369200,5.727369140625,0.4294157326221466,-0.4629848003387451,-0.2948194146156311
1767708649249370000,5.7373701171875,0.3766273558139801,-0.5157867670059204,-0.18738456070423126
1767708649259370000,5.747369873046875,0.29059743881225586,-0.5727112889289856,-0.07314576953649521
1767708649269371100,5.75737109375,0.18521960079669952,-0.5048467516899109,-0.03884878009557724
1767708649279371000,5.76737109375,0.07298441231250763,-0.4334762692451477,-0.09892883896827698
1767708649289372200,5.7773720703125,-0.039738673716783524,-0.35224318504333496,-0.2353772222995758
1767708649299372300,5.787372314453125,-0.1863560825586319,-0.32005801796913147,-0.4113026261329651
1767708649309372200,5.7973720703125,-0.4313775599002838,-0.24974095821380615,-0.5333970785140991
1767708649319373000,5.807373046875,-0.620314359664917,-0.1862863004207611,-0.4956207275390625
1767708649329373200,5.817373291015625,-0.5449138879776001,-0.054496049880981445,-0.45986032485961914
1767708649339374000,5.8273740234375,-0.3265104591846466,-0.11684224754571915,-0.48228999972343445
1767708649349374000,5.8373740234375,-0.207600399851799,-0.09028209745883942,-0.5069348216056824
1767708649359375000,5.847375,-0.09410899877548218,-0.07851971685886383,-0.4923921227455139
1767708649369375000,5.857375,-0.06225058063864708,-0.20835697650909424,-0.4684905707836151
1767708649379376000,5.867376220703125,-0.09837130457162857,-0.40316563844680786,-0.46358048915863037
1767708649389376300,5.877376220703125,-0.20250418782234192,-0.5132018327713013,-0.40623608231544495
1767708649399376100,5.887376220703125,-0.4277234375476837,-0.3332328498363495,-0.3167690336704254
1767708649409377000,5.897376953125,-0.7235639095306396,-0.355977326631546,-0.16440176963806152
1767708649419377200,5.907377197265625,-0.7132241725921631,-0.40900084376335144,0.004698575474321842
1767708649429378000,5.9173779296875,-0.5601698160171509,-0.3861810863018036,0.12231729179620743
1767708649439378000,5.9273779296875,-0.340075820684433,-0.44369789958000183,0.230232834815979
1767708649449379300,5.93737939453125,-0.12593026459217072,-0.40550222992897034,0.29449447989463806
1767708649459379200,5.947379150390625,0.08116939663887024,-0.2917112410068512,0.2724888026714325
1767708649469380000,5.957380126953125,0.26731714606285095,-0.11989530920982361,0.20513391494750977
1767708649479380200,5.967380126953125,0.40600472688674927,-0.00327122351154685,0.15973234176635742
1767708649489380000,5.977380126953125,0.4782629609107971,0.08808457851409912,0.18031491339206696
1767708649499381000,5.987381103515625,0.42010167241096497,0.2318532019853592,0.28417447209358215
1767708649509381000,5.997381103515625,0.2504958212375641,0.28618255257606506,0.4003824293613434
1767708649519382000,6.007382080078125,0.042453136295080185,0.2582840919494629,0.42958638072013855
1767708649529382000,6.0173818359375,-0.09458646923303604,0.21583198010921478,0.39454808831214905
1767708649539383300,6.02738330078125,-0.17683660984039307,0.18286924064159393,0.3706637918949127
1767708649549383200,6.037383056640625,-0.24372297525405884,0.1671191304922104,0.3943101167678833
1767708649559383000,6.047383056640625,-0.31853461265563965,0.10625524818897247,0.4525366723537445
1767708649569384200,6.05738427734375,-0.36333462595939636,0.04349509999155998,0.516071617603302
1767708649579384000,6.067384033203125,-0.3711118698120117,-0.01970277912914753,0.5514424443244934
1767708649589385000,6.077385009765625,-0.33576929569244385,-0.13897955417633057,0.5711204409599304
1767708649599385000,6.087385009765625,-0.25974318385124207,-0.11831626296043396,0.5796116590499878
1767708649609386200,6.09738623046875,-0.13955606520175934,-0.08603369444608688,0.5775330662727356
1767708649619386000,6.10738623046875,-0.009399103932082653,-0.06875692307949066,0.569067120552063
1767708649629387300,6.11738720703125,0.11588983982801437,-0.041161518543958664,0.5675262212753296
1767708649639387100,6.12738720703125,0.2494497150182724,0.006281781941652298,0.5813663005828857
1767708649649387000,6.137386962890625,0.3645070791244507,0.058742061257362366,0.5914791226387024
1767708649659388200,6.14738818359375,0.4303518831729889,0.10625460743904114,0.5867806673049927
1767708649669388000,6.157387939453125,0.4243389964103699,0.11837013065814972,0.5649334192276001
1767708649679389000,6.167388916015625,0.36893677711486816,0.09315455704927444,0.5321361422538757
1767708649689389000,6.17738916015625,0.28673431277275085,0.05727272108197212,0.49417176842689514
1767708649699390200,6.18739013671875,0.20057936012744904,0.025088166818022728,0.4410881996154785
1767708649709390000,6.19739013671875,0.14715927839279175,0.01577882096171379,0.36623552441596985
1767708649719391200,6.20739111328125,0.1291116178035736,0.07801143825054169,0.28056082129478455
1767708649729391000,6.21739111328125,0.10758369415998459,0.09689271450042725,0.23542264103889465
1767708649739391000,6.227390869140625,0.051591016352176666,0.05814562737941742,0.250578910112381
1767708649749392100,6.23739208984375,-0.04281964153051376,-0.03540189936757088,0.29826146364212036
1767708649759392000,6.24739208984375,-0.15826375782489777,-0.12243448197841644,0.34559500217437744
1767708649769393200,6.25739306640625,-0.2788381278514862,-0.17477545142173767,0.3540119230747223
1767708649779393300,6.267393310546875,-0.3657474219799042,-0.18998894095420837,0.32256603240966797
1767708649789394200,6.277394287109375,-0.42799270153045654,-0.1938987374305725,0.2919468879699707
1767708649799394000,6.28739404296875,-0.4765234887599945,-0.22281213104724884,0.31320902705192566
1767708649809395200,6.297395263671875,-0.5309842824935913,-0.2926679253578186,0.4051802158355713
1767708649819395000,6.30739501953125,-0.4898824393749237,-0.3556934893131256,0.5649251341819763
1767708649829395000,6.31739501953125,-0.28312256932258606,-0.31629279255867004,0.772998034954071
1767708649839396000,6.32739599609375,0.013300304301083088,-0.20902787148952484,0.941783607006073
1767708649849396000,6.33739599609375,0.28660985827445984,-0.13521045446395874,0.9491726160049438
1767708649859397000,6.347397216796875,0.4341753423213959,-0.022229567170143127,0.7480037808418274
1767708649869397200,6.357397216796875,0.41045400500297546,0.1512945294380188,0.4429149031639099
1767708649879398100,6.367398193359375,0.3107963800430298,0.34915727376937866,0.1994796097278595
1767708649889398000,6.37739794921875,0.29684892296791077,0.5297473073005676,0.07524760067462921
1767708649899398100,6.387398193359375,0.443237841129303,0.5390515923500061,0.09281007945537567
1767708649909399000,6.39739892578125,0.580186128616333,0.42625969648361206,0.1652185171842575
1767708649919399000,6.40739892578125,0.6300809383392334,0.23560480773448944,0.1749153435230255
1767708649929400300,6.417400390625,0.7023839354515076,0.06630730628967285,0.16843755543231964
1767708649939400200,6.427400146484375,0.7403896450996399,-0.030277825891971588,0.1879713088274002
1767708649949401000,6.437401123046875,0.6373820304870605,-0.036669496446847916,0.13695794343948364
1767708649959401200,6.447401123046875,0.4158112704753876,-0.03911694139242172,0.045700736343860626
1767708649969402000,6.457402099609375,0.18603768944740295,-0.11480053514242172,-0.012588434852659702
1767708649979402000,6.467402099609375,-0.001879216404631734,-0.13005778193473816,-0.08865737169981003
1767708649989402000,6.477402099609375,-0.14465495944023132,-0.03782733529806137,-0.18536487221717834
1767708649999403000,6.487403076171875,-0.2086629718542099,0.15799729526042938,-0.27960750460624695
1767708650009403000,6.49740283203125,-0.22385817766189575,0.30640047788619995,-0.35843604803085327
1767708650019404300,6.507404296875,-0.2299317717552185,0.41462868452072144,-0.41030776500701904
1767708650029404200,6.517404052734375,-0.24150745570659637,0.5131248831748962,-0.4674014449119568
1767708650039405000,6.527405029296875,-0.23988613486289978,0.5598577857017517,-0.5454118847846985
1767708650049405200,6.5374052734375,-0.24351175129413605,0.5515007972717285,-0.5898364782333374
1767708650059406000,6.547406005859375,-0.2994932532310486,0.4445677399635315,-0.5659015774726868
1767708650069406000,6.557406005859375,-0.34374940395355225,0.3112589716911316,-0.5168850421905518
1767708650079406000,6.567406005859375,-0.34417709708213806,0.20994685590267181,-0.48140275478363037
1767708650089407200,6.5774072265625,-0.32638877630233765,0.12361302971839905,-0.47477972507476807
1767708650099408000,6.587407958984375,-0.2788495421409607,0.06143529340624809,-0.4794885814189911
1767708650109409000,6.597408935546875,-0.21140365302562714,0.03435787186026573,-0.4752160906791687
1767708650119409200,6.6074091796875,-0.13539941608905792,0.05052702873945236,-0.46276453137397766
1767708650129410000,6.61741015625,-0.07089632004499435,0.07172072678804398,-0.462627649307251
1767708650139410000,6.627409912109375,-0.05047649145126343,0.07936517894268036,-0.47146812081336975
1767708650149411000,6.6374111328125,-0.06595584750175476,0.0784253478050232,-0.4786647856235504
1767708650159411000,6.647410888671875,-0.08262860029935837,0.10037119686603546,-0.4917977452278137
1767708650169410800,6.657410888671875,-0.10262414067983627,0.13700351119041443,-0.5321894288063049
1767708650179412000,6.667411865234375,-0.13681435585021973,0.15859784185886383,-0.5981864929199219
1767708650189411800,6.677411865234375,-0.17185541987419128,0.20052744448184967,-0.6554402112960815
1767708650199413000,6.6874130859375,-0.20105212926864624,0.24822720885276794,-0.6833058595657349
1767708650209413000,6.6974130859375,-0.2183150053024292,0.29310518503189087,-0.6862539649009705
1767708650219414000,6.7074140625,-0.19759617745876312,0.32037976384162903,-0.6773064136505127
1767708650229414000,6.717413818359375,-0.159031480550766,0.34886202216148376,-0.6716890335083008
1767708650239415000,6.7274150390625,-0.11275296658277512,0.3297036588191986,-0.6584272980690002
1767708650249415000,6.737414794921875,-0.07187610864639282,0.29520267248153687,-0.6017285585403442
1767708650259414800,6.747414794921875,-0.046128127723932266,0.2770364582538605,-0.5116847157478333
1767708650269416200,6.757416259765625,-0.005841427948325872,0.2471770942211151,-0.4460921287536621
1767708650279416000,6.767416015625,0.052982475608587265,0.18322448432445526,-0.4489249289035797
1767708650289417000,6.7774169921875,0.139185830950737,0.07857471704483032,-0.4943654239177704
1767708650299417000,6.7874169921875,0.2456236034631729,-0.02409413456916809,-0.5320768356323242
1767708650309418000,6.79741796875,0.3342568278312683,-0.0758623257279396,-0.5130696892738342
1767708650319417900,6.80741796875,0.3917731046676636,-0.09537184238433838,-0.4046953320503235
1767708650329419000,6.8174189453125,0.40082672238349915,-0.17450036108493805,-0.2285424917936325
1767708650339419000,6.8274189453125,0.3633105158805847,-0.2819269597530365,-0.07585654407739639
1767708650349418800,6.837418701171875,0.2748722732067108,-0.32781752943992615,-0.04330696538090706
1767708650359420200,6.847420166015625,0.13958260416984558,-0.32997679710388184,-0.1857898235321045
1767708650369420000,6.857419921875,-0.011873717419803143,-0.3668558597564697,-0.4743221402168274
1767708650379421000,6.8674208984375,-0.20346525311470032,-0.4355587661266327,-0.7647779583930969
1767708650389421000,6.877421142578125,-0.4173174202442169,-0.5121054649353027,-0.9115100502967834
1767708650399422000,6.887421875,-0.5160245299339294,-0.5522124171257019,-0.8699026703834534
1767708650409421800,6.897421875,-0.36968278884887695,-0.45527246594429016,-0.6961517930030823
1767708650419422000,6.907421875,-0.13669365644454956,-0.3604240417480469,-0.5838570594787598
1767708650429423000,6.917423095703125,0.00025274395011365414,-0.1725718230009079,-0.5494434237480164
1767708650439423000,6.927423095703125,0.1142493486404419,-0.04466632008552551,-0.5313584208488464
1767708650449424100,6.937424072265625,0.12507343292236328,-0.21927890181541443,-0.54373699426651
1767708650459424000,6.947424072265625,0.004070054739713669,-0.4267716407775879,-0.5068737864494324
1767708650469425000,6.9574248046875,-0.2317752093076706,-0.39859694242477417,-0.35777050256729126
1767708650479425000,6.967425048828125,-0.6453481316566467,-0.3303171992301941,-0.2867618501186371
1767708650489426000,6.977426025390625,-0.814186692237854,-0.48137718439102173,-0.30022603273391724
1767708650499425800,6.98742578125,-0.6956523656845093,-0.47094425559043884,-0.22682026028633118
1767708650509426000,6.997426025390625,-0.4479784071445465,-0.3446691930294037,-0.013482037000358105
1767708650519427000,7.007427001953125,-0.16119244694709778,-0.20737868547439575,0.2264123111963272
1767708650529427000,7.017427001953125,0.09911351650953293,-0.15184876322746277,0.37658071517944336
1767708650539428000,7.027427978515625,0.23549716174602509,-0.16805937886238098,0.4378401041030884
1767708650549428000,7.037427978515625,0.2797122895717621,-0.16781623661518097,0.4676550030708313
1767708650559428900,7.047428955078125,0.32530322670936584,-0.09583819657564163,0.522240936756134
1767708650569429000,7.057428955078125,0.35792186856269836,0.012391605414450169,0.6298853754997253
1767708650579430000,7.067429931640625,0.3434830904006958,0.07349536567926407,0.776361882686615
1767708650589430000,7.077429931640625,0.24655945599079132,0.06805505603551865,0.8890929818153381
1767708650599430100,7.08743017578125,0.12046033143997192,0.011518537998199463,0.9047570824623108
1767708650609431000,7.09743115234375,-0.0014157721307128668,-0.05515982210636139,0.8609305620193481
1767708650619431000,7.107430908203125,-0.10919259488582611,-0.08931399881839752,0.8118345141410828
1767708650629432000,7.11743212890625,-0.1870597004890442,-0.11100783944129944,0.8065752983093262
1767708650639432000,7.127431884765625,-0.2449629306793213,-0.1589387059211731,0.8526597619056702
1767708650649432800,7.137432861328125,-0.2601645290851593,-0.20523136854171753,0.9165394306182861
1767708650659433000,7.147432861328125,-0.21093356609344482,-0.2060658484697342,0.9565277099609375
1767708650669434000,7.15743408203125,-0.1070612370967865,-0.17932717502117157,0.9730126261711121
1767708650679434000,7.16743408203125,0.021604828536510468,-0.14972636103630066,0.9811444282531738
1767708650689434000,7.17743408203125,0.1374611258506775,-0.12117461115121841,1.0126781463623047
1767708650699435000,7.18743505859375,0.2329740822315216,-0.09132598340511322,1.0669440031051636
1767708650709435000,7.197434814453125,0.33355289697647095,-0.04181275516748428,1.0979887247085571
1767708650719436000,7.20743603515625,0.4232273995876312,0.054893992841243744,1.0848987102508545
1767708650729436000,7.217435791015625,0.47008201479911804,0.16224229335784912,1.038590908050537
1767708650739436800,7.227436767578125,0.4710109233856201,0.19627535343170166,0.9719631671905518
1767708650749437200,7.237437255859375,0.41759559512138367,0.16868962347507477,0.8739469051361084
1767708650759438000,7.24743798828125,0.3348991274833679,0.13372710347175598,0.7699615955352783
1767708650769438000,7.25743798828125,0.23566283285617828,0.08413203805685043,0.6897588968276978
1767708650779438000,7.26743798828125,0.12069043517112732,0.055078282952308655,0.6359068751335144
1767708650789439000,7.27743896484375,0.024850204586982727,0.08827022463083267,0.5845538377761841
1767708650799438800,7.28743896484375,-0.03512844070792198,0.12523570656776428,0.49977797269821167
1767708650809440000,7.29743994140625,-0.06585602462291718,0.1032504215836525,0.42046910524368286
1767708650819439900,7.30743994140625,-0.11851444095373154,0.00865680817514658,0.3933482766151428
1767708650829441000,7.31744091796875,-0.19694741070270538,-0.07618149369955063,0.4239558279514313
1767708650839441200,7.327441162109375,-0.2891122102737427,-0.11519014835357666,0.47788190841674805
1767708650849441000,7.33744091796875,-0.36971232295036316,-0.12072046101093292,0.526519775390625
1767708650859442000,7.34744189453125,-0.4372338354587555,-0.13217391073703766,0.5234038829803467
1767708650869442000,7.357442138671875,-0.5162306427955627,-0.15583716332912445,0.4649675190448761
1767708650879443000,7.36744287109375,-0.5658243298530579,-0.21016591787338257,0.392839252948761
1767708650889442800,7.37744287109375,-0.4839581847190857,-0.3097344934940338,0.41968658566474915
1767708650899444000,7.38744384765625,-0.2503547668457031,-0.2618955969810486,0.6056455373764038
1767708650909444000,7.397444091796875,0.06544123589992523,-0.11832403391599655,0.8222776651382446
1767708650919445000,7.407445068359375,0.33118394017219543,-0.0019942326471209526,0.9062622785568237
1767708650929445000,7.417445068359375,0.5207797884941101,0.08760533481836319,0.7884178161621094
1767708650939445000,7.427445068359375,0.5842596888542175,0.1318625509738922,0.4614062011241913
1767708650949446000,7.43744580078125,0.45987939834594727,0.16946609318256378,0.11911583691835403
1767708650959446000,7.447446044921875,0.3524898290634155,0.18645280599594116,-0.05778064951300621
1767708650969447000,7.457447021484375,0.3718473017215729,0.2197231501340866,-0.06449276208877563
1767708650979446800,7.46744677734375,0.4625103771686554,0.24873216450214386,-0.012520644813776016
1767708650989448200,7.4774482421875,0.5093368887901306,0.19277337193489075,0.042908743023872375
1767708650999448000,7.487447998046875,0.4652232527732849,0.05314436927437782,0.060057371854782104
1767708651009449000,7.497448974609375,0.4051498472690582,-0.0075422972440719604,0.04882002994418144
1767708651019449000,7.507448974609375,0.3793422281742096,0.03304390609264374,0.014846517704427242
1767708651029449000,7.517448974609375,0.33768078684806824,0.07274843752384186,-0.07527618855237961
1767708651039449900,7.527449951171875,0.22297468781471252,0.08241338282823563,-0.16726800799369812
1767708651049450000,7.537449951171875,0.03290008753538132,0.10201744735240936,-0.25783413648605347
1767708651059451000,7.547450927734375,-0.09447669982910156,0.16758586466312408,-0.3293311297893524
1767708651069451000,7.557450927734375,-0.10822952538728714,0.26548901200294495,-0.3779231607913971
1767708651079452200,7.5674521484375,-0.06520543247461319,0.32444533705711365,-0.3418988883495331
1767708651089452000,7.5774521484375,-0.029065808281302452,0.3105415105819702,-0.26731041073799133
1767708651099452200,7.5874521484375,-0.06281200051307678,0.38325420022010803,-0.3006502687931061
1767708651109452300,7.597452392578125,-0.10813713818788528,0.5614097714424133,-0.49129027128219604
1767708651119452200,7.6074521484375,-0.11692669242620468,0.7046172618865967,-0.6978093981742859
1767708651129453000,7.617453125,-0.1546972393989563,0.7371078133583069,-0.7451872825622559
1767708651139453200,7.627453125,-0.2719862759113312,0.6272668838500977,-0.657410204410553
1767708651149454300,7.637454345703125,-0.38475358486175537,0.4876677393913269,-0.5870247483253479
1767708651159454500,7.647454345703125,-0.4449722170829773,0.4005548655986786,-0.6160221099853516
1767708651169455400,7.657455322265625,-0.44461214542388916,0.34435659646987915,-0.708422064781189
1767708651179455200,7.667455322265625,-0.3580951392650604,0.29333871603012085,-0.7890183329582214
1767708651189456100,7.6774560546875,-0.1505288928747177,0.2743107080459595,-0.8192569613456726
1767708651199456300,7.687456298828125,-0.022668322548270226,0.2939784824848175,-0.7928556203842163
1767708651209456000,7.6974560546875,-0.013957655057311058,0.28328803181648254,-0.7700033187866211
1767708651219457000,7.70745703125,0.011650502681732178,0.24969731271266937,-0.7921416163444519
1767708651229457400,7.71745751953125,0.02191060781478882,0.2746827006340027,-0.8293213248252869
1767708651239458300,7.727458251953125,-0.0224818903952837,0.37408891320228577,-0.85233074426651
1767708651249458400,7.73745849609375,-0.06536226719617844,0.4658166468143463,-0.8607064485549927
1767708651259459300,7.747459228515625,-0.13112184405326843,0.5447183847427368,-0.8446800708770752
1767708651269459200,7.757459228515625,-0.2174636423587799,0.6177942156791687,-0.8032052516937256
1767708651279459300,7.767459228515625,-0.27757811546325684,0.6888694763183594,-0.7652994394302368
1767708651289460200,7.777460205078125,-0.3223026990890503,0.7684117555618286,-0.7517694234848022
1767708651299460000,7.787460205078125,-0.35081103444099426,0.774879515171051,-0.7649432420730591
1767708651309461200,7.797461181640625,-0.34704992175102234,0.7262970209121704,-0.7426795363426208
1767708651319461400,7.80746142578125,-0.31087353825569153,0.7070434093475342,-0.656668484210968
1767708651329462300,7.817462158203125,-0.2255021184682846,0.7431635856628418,-0.5585904717445374
1767708651339462400,7.82746240234375,-0.10208297520875931,0.747400164604187,-0.4619496762752533
1767708651349463300,7.83746337890625,0.016955766826868057,0.6232230067253113,-0.35929325222969055
1767708651359463200,7.847463134765625,0.11001703143119812,0.4158395826816559,-0.27726373076438904
1767708651369463300,7.85746337890625,0.1967386156320572,0.20721019804477692,-0.22122788429260254
1767708651379464200,7.867464111328125,0.27224427461624146,0.022515177726745605,-0.20869211852550507
1767708651389464300,7.87746435546875,0.3299376666545868,-0.09679353982210159,-0.22267761826515198
1767708651399465200,7.88746533203125,0.3572806119918823,-0.16299866139888763,-0.22742363810539246
1767708651409465300,7.89746533203125,0.3480285108089447,-0.2334602177143097,-0.1833970546722412
1767708651419466200,7.90746630859375,0.2796100378036499,-0.3081171214580536,-0.10848234593868256
1767708651429466400,7.91746630859375,0.1381637305021286,-0.3770201802253723,-0.08137164264917374
1767708651439467300,7.92746728515625,-0.022050725296139717,-0.44926273822784424,-0.15780124068260193
1767708651449467100,7.937467041015625,-0.19596925377845764,-0.480660080909729,-0.30414700508117676
1767708651459467300,7.94746728515625,-0.3619396388530731,-0.5092539191246033,-0.40948250889778137
1767708651469468400,7.957468505859375,-0.48303091526031494,-0.5332533121109009,-0.4209783375263214
1767708651479468300,7.96746826171875,-0.5194344520568848,-0.5450524091720581,-0.3837531805038452
1767708651489469200,7.97746923828125,-0.4269804358482361,-0.5343904495239258,-0.35737526416778564
1767708651499469300,7.98746923828125,-0.24585960805416107,-0.4654158353805542,-0.3602573871612549
1767708651509470200,7.99747021484375,-0.07576937973499298,-0.32512930035591125,-0.3408583998680115
1767708651519470300,8.00747021484375,0.02123999036848545,-0.15575836598873138,-0.2567538917064667
1767708651529471200,8.01747119140625,0.010775099508464336,-0.12369365245103836,-0.18295636773109436
1767708651539471000,8.02747119140625,-0.09638568758964539,-0.17665469646453857,-0.1905823051929474
1767708651549471500,8.037471435546875,-0.26890847086906433,-0.2277916520833969,-0.1695244312286377
1767708651559472400,8.047472412109375,-0.4730651378631592,-0.3437311053276062,-0.057130880653858185
1767708651569472300,8.05747216796875,-0.629170298576355,-0.5475186109542847,0.07729697227478027
1767708651579473200,8.06747314453125,-0.6390708684921265,-0.7324182987213135,0.11151119321584702
1767708651589473300,8.077473388671875,-0.5349372625350952,-0.7178332805633545,0.16930286586284637
1767708651599474200,8.08747412109375,-0.35516107082366943,-0.5523400902748108,0.24255099892616272
1767708651609474300,8.097474365234374,-0.15797902643680573,-0.37085017561912537,0.2782069742679596
1767708651619474200,8.10747412109375,-0.0027460786513984203,-0.2371865212917328,0.25408101081848145
1767708651629475300,8.117475341796874,0.07959087193012238,-0.13028615713119507,0.19755035638809204
1767708651639475500,8.127475341796876,0.1255703717470169,-0.03748183697462082,0.19148172438144684
1767708651649476400,8.137476318359376,0.16759106516838074,0.11935970187187195,0.31060466170310974
1767708651659476200,8.147476318359375,0.19150543212890625,0.33470427989959717,0.5008633136749268
1767708651669477000,8.15747705078125,0.17972919344902039,0.45335209369659424,0.6210851073265076
1767708651679477200,8.167477294921875,0.10835037380456924,0.39898204803466797,0.6117149591445923
1767708651689478100,8.17747802734375,-0.008499277755618095,0.25947341322898865,0.5301665663719177
1767708651699478300,8.187478271484375,-0.09974317252635956,0.13451042771339417,0.4404204487800598
1767708651709478400,8.197478515625,-0.1446956843137741,0.008702159859240055,0.39250075817108154
1767708651719479300,8.207479248046875,-0.1363256275653839,-0.122943215072155,0.3896421492099762
1767708651729479400,8.2174794921875,-0.09722276031970978,-0.236973375082016,0.4309680759906769
1767708651739480300,8.227480224609375,-0.0457204133272171,-0.29668861627578735,0.5297135710716248
1767708651749480200,8.237480224609374,0.038273826241493225,-0.29268816113471985,0.6665732264518738
1767708651759481000,8.247481201171874,0.14867250621318817,-0.28670457005500793,0.7938746809959412
1767708651769481200,8.257481201171874,0.25176218152046204,-0.292114794254303,0.8764150142669678
1767708651779482400,8.267482421875,0.33007216453552246,-0.2839899957180023,0.9155760407447815
1767708651789482200,8.277482177734376,0.40376466512680054,-0.23497529327869415,0.9209690690040588
1767708651799482400,8.287482421875,0.4849362373352051,-0.15194804966449738,0.9172592759132385
1767708651809483300,8.297483154296875,0.5332555770874023,-0.04640965163707733,0.8976486921310425
1767708651819483400,8.3074833984375,0.5227632522583008,0.04312023147940636,0.85801100730896
1767708651829484300,8.317484375,0.46652424335479736,0.08359938859939575,0.7835049629211426
1767708651839484200,8.327484130859375,0.4133608937263489,0.06973790377378464,0.6319940090179443
1767708651849485000,8.337485107421875,0.36586523056030273,-0.008020740002393723,0.4220258593559265
1767708651859485200,8.347485107421875,0.2659780979156494,-0.11496669799089432,0.22263476252555847
1767708651869486300,8.357486328125,0.14466287195682526,-0.15436923503875732,0.11307737976312637
1767708651879486200,8.367486328125,0.04081663489341736,-0.07886461913585663,0.08952917903661728
1767708651889486300,8.377486328125,-0.027983222156763077,-0.01692381501197815,0.10358794033527374
1767708651899487200,8.3874873046875,-0.09252706170082092,-0.022536160424351692,0.12760485708713531
1767708651909487400,8.3974873046875,-0.15005479753017426,-0.07969475537538528,0.12890416383743286
1767708651919488300,8.40748828125,-0.22074413299560547,-0.16971464455127716,0.12809696793556213
1767708651929488100,8.417488037109376,-0.2896857261657715,-0.22451333701610565,0.1684342920780182
1767708651939489300,8.4274892578125,-0.32523706555366516,-0.1671520322561264,0.23071390390396118
1767708651949489400,8.437489501953126,-0.31465575098991394,-0.06799238175153732,0.189494788646698
1767708651959489300,8.4474892578125,-0.29172730445861816,-0.036208804696798325,0.07632561028003693
1767708651969490200,8.457490234375,-0.29203781485557556,-0.05110146850347519,0.02911921963095665
1767708651979490300,8.467490234375,-0.1847006231546402,-0.09008581936359406,0.16901490092277527
1767708651989491200,8.4774912109375,0.02383314073085785,-0.09820925444364548,0.49774083495140076
1767708651999491300,8.4874912109375,0.2742115259170532,-0.05209919810295105,0.8469492197036743
1767708652009492200,8.4974921875,0.4893379509449005,0.08378646522760391,0.9954270720481873
1767708652019492000,8.5074921875,0.5755099058151245,0.2355073094367981,0.7804664373397827
1767708652029493200,8.5174931640625,0.46185606718063354,0.4154195785522461,0.35695910453796387
1767708652039493400,8.527493408203124,0.28066736459732056,0.5039370656013489,0.011209895834326744
1767708652049493200,8.5374931640625,0.16884441673755646,0.30973729491233826,-0.14562472701072693
1767708652059494100,8.547494140625,0.15399852395057678,-0.030148904770612717,-0.03013898804783821
1767708652069494300,8.557494384765626,0.18424005806446075,-0.1473759412765503,0.25451403856277466
1767708652079495200,8.5674951171875,0.19914184510707855,-0.15980204939842224,0.41068825125694275
1767708652089495300,8.577495361328126,0.2397065907716751,-0.14018785953521729,0.37692520022392273
1767708652099496400,8.587496337890625,0.2860682010650635,-0.14085786044597626,0.2387780398130417
1767708652109496300,8.597496337890625,0.2750333845615387,-0.10276081413030624,0.1258232593536377
1767708652119497200,8.607497314453125,0.20399680733680725,-0.020471543073654175,0.08120112121105194
1767708652129497300,8.617497314453125,0.07194501906633377,0.0033072903752326965,0.033500708639621735
1767708652139497200,8.627497314453125,0.0077111623249948025,0.04524112120270729,-0.018023690208792686
1767708652149498400,8.637498291015625,-0.04482794925570488,0.15539158880710602,-0.03478163108229637
1767708652159498500,8.64749853515625,-0.054082393646240234,0.30496451258659363,0.018146000802516937
1767708652169499400,8.65749951171875,-0.06414221972227097,0.4363132119178772,0.0844469964504242
1767708652179499300,8.667499267578124,-0.13245975971221924,0.6426019668579102,-0.025806009769439697
1767708652189500400,8.67750048828125,-0.1984628140926361,0.8387278318405151,-0.3394959568977356
1767708652199500300,8.687500244140624,-0.211696594953537,0.9609395265579224,-0.603672444820404
1767708652209500400,8.69750048828125,-0.23451370000839233,0.9546018838882446,-0.6434067487716675
1767708652219501300,8.707501220703126,-0.2811536192893982,0.8203327655792236,-0.5291129350662231
1767708652229501200,8.717501220703125,-0.3386409282684326,0.6333462595939636,-0.3922431468963623
1767708652239502300,8.72750244140625,-0.3437079191207886,0.4644627273082733,-0.338129460811615
1767708652249502500,8.73750244140625,-0.2675577402114868,0.35742440819740295,-0.36971908807754517
1767708652259503400,8.74750341796875,-0.13878029584884644,0.2953253388404846,-0.45607519149780273
1767708652269503200,8.757503173828125,0.0039030821062624454,0.1744156777858734,-0.5268875360488892
1767708652279504400,8.76750439453125,0.11985791474580765,0.07515407353639603,-0.5593386888504028
1767708652289504300,8.777504150390625,0.20288653671741486,0.03736592456698418,-0.5599056482315063
1767708652299504400,8.78750439453125,0.22653327882289886,-0.006000191438943148,-0.5566560626029968
1767708652309505500,8.797505615234375,0.21890674531459808,-0.03682101517915726,-0.5615182518959045
1767708652319505400,8.80750537109375,0.16971443593502045,0.001779110636562109,-0.5564920902252197
1767708652329506300,8.81750634765625,0.10141845047473907,0.030138380825519562,-0.5549105405807495
1767708652339506400,8.82750634765625,0.05442776903510094,0.054831475019454956,-0.5900477170944214
1767708652349507300,8.83750732421875,0.00854416936635971,0.08406753093004227,-0.6507978439331055
1767708652359507200,8.847507080078126,-0.04089446738362312,0.13601121306419373,-0.7360248565673828
1767708652369508400,8.85750830078125,-0.07912281155586243,0.19188274443149567,-0.7970109581947327
1767708652379508200,8.86750830078125,-0.11548061668872833,0.2077227532863617,-0.8320959806442261
1767708652389508400,8.87750830078125,-0.12527839839458466,0.21360993385314941,-0.8343178629875183
1767708652399509500,8.887509521484375,-0.11563029140233994,0.22281035780906677,-0.8034933805465698
1767708652409509400,8.89750927734375,-0.07529401034116745,0.2672770321369171,-0.7380475401878357
1767708652419510300,8.90751025390625,-0.002436535432934761,0.34595102071762085,-0.6659096479415894
1767708652429510400,8.917510498046875,0.05840231478214264,0.40733158588409424,-0.5783699154853821
1767708652439511300,8.92751123046875,0.11887787282466888,0.4532289505004883,-0.5955955386161804
1767708652449511200,8.93751123046875,0.18402917683124542,0.4483625590801239,-0.6522305607795715
1767708652459512300,8.94751220703125,0.24025222659111023,0.33099329471588135,-0.6530895829200745
1767708652469512400,8.957512451171874,0.2513035535812378,0.20980215072631836,-0.5677496194839478
1767708652479512600,8.9675126953125,0.24757112562656403,0.1023881733417511,-0.4117106795310974
1767708652489513500,8.977513427734374,0.22027692198753357,-0.0024490212090313435,-0.23872317373752594
1767708652499513300,8.987513427734376,0.1765512377023697,-0.12527328729629517,-0.11566587537527084
1767708652509514200,8.99751416015625,0.10463178157806396,-0.2365279197692871,-0.071037158370018
1767708652519514400,9.007514404296876,-0.02754945307970047,-0.32722416520118713,-0.09733652323484421
1767708652529515300,9.017515380859376,-0.23371301591396332,-0.48834437131881714,-0.17824016511440277
1767708652539515100,9.02751513671875,-0.45379170775413513,-0.6408904194831848,-0.2738019824028015
1767708652549516500,9.0375166015625,-0.6007398962974548,-0.7842720746994019,-0.32186830043792725
1767708652559516400,9.047516357421875,-0.5954117774963379,-0.8004213571548462,-0.2794736325740814
1767708652569516500,9.0575166015625,-0.46647584438323975,-0.6854015588760376,-0.19821789860725403
1767708652579517400,9.067517333984375,-0.257264643907547,-0.4753894507884979,-0.13584080338478088
1767708652589517300,9.077517333984375,-0.023953622207045555,-0.19421318173408508,-0.03414081037044525
1767708652599518200,9.087518310546875,0.1581600457429886,-0.14144597947597504,0.05125369504094124
1767708652609518300,9.097518310546874,0.13621772825717926,-0.38784322142601013,0.0380241759121418
1767708652619519200,9.107519287109374,-0.07591956853866577,-0.6059385538101196,-0.056368108838796616
1767708652629519400,9.117519287109374,-0.40269869565963745,-0.6260250806808472,-0.1440444141626358
1767708652639520500,9.1275205078125,-0.7350982427597046,-0.5755872130393982,-0.21008627116680145
1767708652649520400,9.137520263671876,-0.7884648442268372,-0.7732008099555969,-0.24142371118068695
1767708652659520500,9.1475205078125,-0.6678811311721802,-0.9082894325256348,-0.10819704830646515
1767708652669521400,9.157521484375,-0.5172972679138184,-0.8885085582733154,0.08001546561717987
1767708652679521300,9.167521240234375,-0.2892374098300934,-0.6459976434707642,0.2293785959482193
1767708652689522200,9.177522216796875,-0.004811856895685196,-0.40594106912612915,0.2737804353237152
1767708652699522300,9.187522216796875,0.21057848632335663,-0.2354324609041214,0.18654780089855194
1767708652709523500,9.1975234375,0.24238035082817078,-0.10169252008199692,0.07716554403305054
1767708652719523300,9.2075234375,0.2162076085805893,0.08935599774122238,0.08587807416915894
1767708652729523500,9.2175234375,0.20259727537631989,0.3986069858074188,0.2780761420726776
1767708652739524400,9.2275244140625,0.13528001308441162,0.6265309453010559,0.4087215065956116
1767708652749524500,9.2375244140625,0.03365352377295494,0.7062773108482361,0.38005170226097107
1767708652759525400,9.247525390625,-0.056039080023765564,0.6832476258277893,0.3089572787284851
1767708652769525200,9.257525146484374,-0.09714043885469437,0.5870913863182068,0.2904675602912903
1767708652779526100,9.267526123046874,-0.10385586321353912,0.4065152406692505,0.2933722734451294
1767708652789526500,9.277526611328126,-0.13222521543502808,0.20839984714984894,0.3145577013492584
1767708652799527400,9.28752734375,-0.13970522582530975,0.017286885529756546,0.40342074632644653
1767708652809527300,9.29752734375,-0.12246359139680862,-0.09461470693349838,0.5569087862968445
1767708652819527400,9.30752734375,-0.045189570635557175,-0.1755945086479187,0.7383944392204285
1767708652829528300,9.3175283203125,0.04981648921966553,-0.2644815742969513,0.8993951678276062
1767708652839528400,9.327528564453125,0.15947507321834564,-0.34102827310562134,1.0118145942687988
1767708652849529300,9.337529296875,0.2592507004737854,-0.34864258766174316,1.077879548072815
1767708652859529200,9.347529296875,0.35114121437072754,-0.29710355401039124,1.0925796031951904
1767708652869530400,9.3575302734375,0.40423130989074707,-0.21672561764717102,1.0641125440597534
1767708652879530500,9.367530517578125,0.4113275706768036,-0.08609835803508759,1.0096967220306396
1767708652889531400,9.377531494140625,0.3950974643230438,0.06828207522630692,0.9299671053886414
1767708652899531300,9.38753125,0.3654059171676636,0.18126048147678375,0.8346167206764221
1767708652909531400,9.397531494140624,0.3154226541519165,0.2444426566362381,0.7239648103713989
1767708652919532300,9.4075322265625,0.2658577561378479,0.25971296429634094,0.6108659505844116
1767708652929532400,9.417532470703126,0.20198316872119904,0.20990917086601257,0.4980853199958801
1767708652939533300,9.427533203125,0.10725876688957214,0.14395779371261597,0.36617183685302734
1767708652949533400,9.437533447265626,0.0007578923832625151,0.13261431455612183,0.2147703319787979
1767708652959534300,9.447534423828126,-0.059956274926662445,0.137498676776886,0.08863437920808792
1767708652969534500,9.457534423828125,-0.09689618647098541,0.0513126514852047,0.020009513944387436
1767708652979535400,9.467535400390625,-0.15750712156295776,-0.13681305944919586,0.004807621240615845
1767708652989535200,9.47753515625,-0.22966361045837402,-0.389070063829422,0.06262404471635818
1767708652999535400,9.487535400390625,-0.30695971846580505,-0.5485982298851013,0.16101545095443726
1767708653009536300,9.497536376953125,-0.35333094000816345,-0.5255565643310547,0.2469455450773239
1767708653019536400,9.507536376953125,-0.3967668116092682,-0.4520731270313263,0.23713403940200806
1767708653029537500,9.51753759765625,-0.4309426248073578,-0.44912874698638916,0.1352902352809906
1767708653039537400,9.527537353515624,-0.40425586700439453,-0.49958595633506775,0.06321881711483002
1767708653049538300,9.537538330078124,-0.2955208718776703,-0.5777816772460938,0.1459118276834488
1767708653059538400,9.547538330078124,-0.07971912622451782,-0.5598792433738708,0.4416320323944092
1767708653069538300,9.557538330078126,0.17540505528450012,-0.4232276678085327,0.7353249192237854
1767708653079539200,9.567539306640626,0.3496655821800232,-0.20184363424777985,0.6940191984176636
1767708653089539300,9.577539306640626,0.3395812511444092,-0.02094603329896927,0.24682070314884186
1767708653099541000,9.587541015625,0.2667919993400574,0.07243558019399643,-0.24955417215824127
1767708653109540900,9.597540771484375,0.1986139863729477,0.19893887639045715,-0.4847716987133026
1767708653119541800,9.607541748046875,0.2055046409368515,0.31118208169937134,-0.4876881241798401
1767708653129542000,9.6175419921875,0.25250813364982605,0.24795055389404297,-0.2730397582054138
1767708653139542800,9.627542724609375,0.25128865242004395,0.07561961561441422,0.16696426272392273
1767708653149543000,9.63754296875,0.17880432307720184,-0.053505878895521164,0.6017895340919495
1767708653159542800,9.647542724609375,0.13757646083831787,-0.15002550184726715,0.8062808513641357
1767708653169544000,9.6575439453125,0.16352683305740356,-0.16056255996227264,0.7722379565238953
1767708653179544000,9.6675439453125,0.17316214740276337,-0.17095847427845,0.5345492362976074
1767708653189545000,9.677544921875,0.15976272523403168,-0.1972741186618805,0.2578955888748169
1767708653199544800,9.687544921875,0.10984788835048676,-0.26402732729911804,0.15861853957176208
1767708653209545700,9.697545654296874,0.05575372651219368,-0.2035740613937378,0.11471237242221832
1767708653219545900,9.7075458984375,0.04912964627146721,0.0024334355257451534,0.0649847611784935
1767708653229546800,9.717546630859376,0.07253943383693695,0.22526003420352936,0.14033645391464233
1767708653239547000,9.727546875,-0.0012487730709835887,0.36068791151046753,0.2631095051765442
1767708653249547000,9.737547119140626,-0.19091758131980896,0.5077904462814331,0.14150653779506683
1767708653259548000,9.7475478515625,-0.31668534874916077,0.7039189338684082,-0.20430761575698853
1767708653269548000,9.757548095703125,-0.27431151270866394,0.8778454661369324,-0.44607630372047424
1767708653279549000,9.767548828125,-0.1961067169904709,0.9433094263076782,-0.4379746913909912
1767708653289548800,9.777548828125,-0.1849948912858963,0.7920024394989014,-0.26410114765167236
1767708653299549700,9.7875498046875,-0.20897825062274933,0.5925388932228088,-0.1454639732837677
1767708653309549800,9.7975498046875,-0.22324888408184052,0.43438589572906494,-0.14867383241653442
1767708653319551000,9.807551025390625,-0.17326562106609344,0.31549304723739624,-0.2291654795408249
1767708653329551000,9.817551025390625,-0.10773424804210663,0.22986678779125214,-0.3249892294406891
1767708653339551000,9.827551025390624,-0.03124932385981083,0.16618740558624268,-0.3688831925392151
1767708653349551900,9.8375517578125,0.07942184805870056,0.10851733386516571,-0.3915405869483948
1767708653359552000,9.847552001953124,0.17998012900352478,0.08118017762899399,-0.4115043580532074
1767708653369553000,9.857552978515624,0.22291533648967743,0.07143833488225937,-0.42019930481910706
1767708653379552800,9.867552734375,0.18829025328159332,0.06790804862976074,-0.4342972934246063
1767708653389553700,9.8775537109375,0.13124747574329376,0.08775285631418228,-0.4559069871902466
1767708653399553800,9.8875537109375,0.051960110664367676,0.17078213393688202,-0.46964630484580994
1767708653409555000,9.897554931640625,-0.0034442907199263573,0.2763519585132599,-0.5160636305809021
1767708653419555000,9.90755517578125,-0.0015646241372451186,0.387332022190094,-0.578558623790741
1767708653429555000,9.917554931640625,0.011090717278420925,0.4762304723262787,-0.6468154191970825
1767708653439555800,9.927555908203125,0.018968043848872185,0.5334017276763916,-0.7091445922851562
1767708653449556000,9.937555908203125,0.03325111046433449,0.5507216453552246,-0.7609111070632935
1767708653459556900,9.947556884765625,0.023718856275081635,0.5674872994422913,-0.7937896847724915
1767708653469556700,9.957556640625,0.017097173258662224,0.587232232093811,-0.7950575947761536
1767708653479558000,9.967557861328125,0.026042180135846138,0.6418390870094299,-0.7650132179260254
1767708653489558000,9.97755810546875,0.046972230076789856,0.702798068523407,-0.708706796169281
1767708653499559000,9.987558837890624,0.0883500725030899,0.6740007996559143,-0.6493450999259949
1767708653509559000,9.99755908203125,0.12059296667575836,0.5251167416572571,-0.5902360081672668
1767708653519559000,10.007558837890626,0.14229269325733185,0.2708885669708252,-0.5122854709625244
1767708653529559800,10.017559814453126,0.13768862187862396,0.02305159717798233,-0.4415242373943329
1767708653539560000,10.027559814453125,0.1364392787218094,-0.1384848952293396,-0.40332862734794617
1767708653549560800,10.037560791015625,0.1468794047832489,-0.15764953196048737,-0.375058114528656
1767708653559560700,10.047560791015625,0.13877278566360474,-0.13836638629436493,-0.3289061486721039
1767708653569561900,10.057561767578125,0.11391883343458176,-0.18797041475772858,-0.26236096024513245
1767708653579562000,10.06756201171875,0.07293624430894852,-0.30074384808540344,-0.20424090325832367
1767708653589561900,10.077561767578125,-0.006125363986939192,-0.45403945446014404,-0.19426827132701874
1767708653599563000,10.08756298828125,-0.1474129855632782,-0.6246804594993591,-0.25841236114501953
1767708653609563000,10.09756298828125,-0.3446948528289795,-0.7503001093864441,-0.3731335997581482
1767708653619563800,10.107563720703125,-0.5204163193702698,-0.8146737813949585,-0.4545650780200958
1767708653629564000,10.11756396484375,-0.5629904270172119,-0.6967951059341431,-0.46265095472335815
1767708653639565000,10.12756494140625,-0.42500144243240356,-0.5221015214920044,-0.4706488251686096
1767708653649565000,10.13756494140625,-0.23324497044086456,-0.3406420648097992,-0.5300621390342712
1767708653659565800,10.14756591796875,-0.04807491600513458,-0.1407938450574875,-0.558120608329773
1767708653669566000,10.15756591796875,0.022853851318359375,-0.02804945595562458,-0.5370171666145325
1767708653679565800,10.16756591796875,-0.025775469839572906,-0.05306266248226166,-0.4967110753059387
1767708653689567000,10.17756689453125,-0.1548047959804535,-0.14829188585281372,-0.4182513654232025
1767708653699566800,10.18756689453125,-0.35167309641838074,-0.2859378755092621,-0.2665095031261444
1767708653709567700,10.197567626953125,-0.6072180271148682,-0.456132709980011,-0.09884151071310043
1767708653719568000,10.20756787109375,-0.7516428232192993,-0.7595373392105103,-0.034145601093769073
1767708653729569000,10.217569091796875,-0.6550266146659851,-0.9981241822242737,0.014090390875935555
1767708653739569000,10.22756884765625,-0.4621437191963196,-0.9588436484336853,0.15412446856498718
1767708653749569800,10.23756982421875,-0.24167098104953766,-0.7696263790130615,0.3199135661125183
1767708653759570000,10.24756982421875,-0.05637142434716225,-0.6477822065353394,0.4176553189754486
1767708653769569800,10.25756982421875,0.028778349980711937,-0.5395755171775818,0.4238898456096649
1767708653779571000,10.267571044921874,0.0448172390460968,-0.377986878156662,0.36871448159217834
1767708653789570800,10.27757080078125,0.06183771789073944,-0.14702582359313965,0.33936014771461487
1767708653799572000,10.287572021484374,0.09781276434659958,0.19749267399311066,0.41868796944618225
1767708653809572000,10.297572021484376,0.07725612074136734,0.440175861120224,0.5024613738059998
1767708653819573000,10.307572998046876,-0.021043017506599426,0.5725501179695129,0.44522419571876526
1767708653829572900,10.31757275390625,-0.1102675199508667,0.5891762375831604,0.3146963119506836
1767708653839573800,10.32757373046875,-0.16769127547740936,0.5308154225349426,0.24717751145362854
1767708653849574000,10.337573974609375,-0.2012934535741806,0.4234820604324341,0.25804001092910767
1767708653859573800,10.34757373046875,-0.20396913588047028,0.2808648347854614,0.3001595139503479
1767708653869575000,10.357574951171875,-0.19736742973327637,0.11168830096721649,0.3701207637786865
1767708653879574800,10.36757470703125,-0.19061951339244843,-0.04983296990394592,0.47569605708122253
1767708653889576000,10.377575927734375,-0.15182657539844513,-0.14034849405288696,0.6072066426277161
1767708653899576000,10.387576171875,-0.0790943056344986,-0.17929679155349731,0.729024350643158
1767708653909577000,10.397576904296875,0.018200550228357315,-0.1954382061958313,0.803072988986969
1767708653919576800,10.407576904296874,0.11537209153175354,-0.1777077317237854,0.8578655123710632
1767708653929577700,10.41757763671875,0.18573786318302155,-0.15214750170707703,0.9068042635917664
1767708653939577900,10.427577880859374,0.23831982910633087,-0.10418456047773361,0.9358901977539062
1767708653949577700,10.43757763671875,0.27049720287323,-0.050955429673194885,0.9443784356117249
1767708653959579000,10.447578857421876,0.3055979311466217,0.046349797397851944,0.9284963011741638
1767708653969579000,10.4575791015625,0.3427644670009613,0.16167134046554565,0.8966196179389954
1767708653979580000,10.467579833984376,0.3518753945827484,0.23996250331401825,0.8390058279037476
1767708653989580000,10.477580078125,0.31182414293289185,0.28904667496681213,0.7606436610221863
1767708653999581000,10.487580810546875,0.25477975606918335,0.2994013726711273,0.6628584861755371
1767708654009580800,10.497580810546875,0.17461061477661133,0.29317861795425415,0.547592043876648
1767708654019581700,10.507581787109375,0.07585339993238449,0.26595935225486755,0.40677139163017273
1767708654029581800,10.517581787109375,-0.009371480904519558,0.17486564815044403,0.2687693238258362
1767708654039581700,10.527581787109375,-0.0963633731007576,0.04980548098683357,0.1514919549226761
1767708654049582800,10.537582763671875,-0.1594536006450653,-0.07396014034748077,0.08247100561857224
1767708654059583000,10.5475830078125,-0.18173493444919586,-0.22754782438278198,0.08286286890506744
1767708654069584000,10.557583984375,-0.20460377633571625,-0.38400107622146606,0.14100739359855652
1767708654079584000,10.567583984375,-0.24948523938655853,-0.4958533048629761,0.20986129343509674
1767708654089585000,10.5775849609375,-0.30307283997535706,-0.5387833118438721,0.22324469685554504
1767708654099584500,10.58758447265625,-0.35809507966041565,-0.5089462399482727,0.1761050820350647
1767708654109585400,10.59758544921875,-0.40840911865234375,-0.4970594644546509,0.15307965874671936
1767708654119585500,10.60758544921875,-0.36781615018844604,-0.46064260601997375,0.30018600821495056
1767708654129585400,10.61758544921875,-0.19780394434928894,-0.3242088258266449,0.5815227627754211
1767708654139586600,10.627586669921875,0.022153442725539207,-0.13592064380645752,0.7747138142585754
1767708654149586700,10.637586669921875,0.20131412148475647,-0.025210851803421974,0.7116371989250183
1767708654159587600,10.647587646484375,0.3322969377040863,0.07762684673070908,0.42927470803260803
1767708654169587700,10.657587646484375,0.35884013772010803,0.15686120092868805,0.05534078925848007
1767708654179588600,10.667588623046875,0.27763983607292175,0.17197011411190033,-0.2075267881155014
1767708654189588500,10.67758837890625,0.16835564374923706,0.13108544051647186,-0.2772952616214752
1767708654199588600,10.687588623046874,0.0936846062541008,0.05435790866613388,-0.2673534154891968
1767708654209589800,10.69758984375,0.03493398427963257,0.036618441343307495,-0.1874096840620041
1767708654219589600,10.707589599609374,0.03705812245607376,-0.009098446927964687,-0.0035242768935859203
1767708654229590500,10.717590576171874,0.036533650010824203,0.014543631114065647,0.21995392441749573
1767708654239590700,10.727590576171876,0.0698881447315216,0.0033130813390016556,0.3587735891342163
1767708654249591600,10.737591552734376,0.17039303481578827,-0.020473778247833252,0.3804428279399872
1767708654259591700,10.747591796875,0.24065592885017395,-0.08447353541851044,0.3300659954547882
1767708654269592600,10.757592529296875,0.2280818074941635,-0.15388110280036926,0.18989770114421844
1767708654279592400,10.767592529296875,0.15205521881580353,-0.23717333376407623,-0.002832589205354452
1767708654289592600,10.777592529296875,0.05668213963508606,-0.25581157207489014,-0.2127605378627777
1767708654299593700,10.78759375,0.023550819605588913,-0.1529664397239685,-0.3515096604824066
1767708654309593600,10.797593505859375,0.03870844095945358,0.018140923231840134,-0.3621554970741272
1767708654319594500,10.807594482421875,0.03902696445584297,0.19279344379901886,-0.2461848258972168
1767708654329594600,10.8175947265625,-0.03158675134181976,0.4036513566970825,-0.15690821409225464
1767708654339595500,10.827595458984375,-0.12817372381687164,0.6393852233886719,-0.2538693845272064
1767708654349595600,10.837595703125,-0.1586272418498993,0.8415244817733765,-0.46209901571273804
1767708654359596500,10.847596435546874,-0.13377463817596436,0.9081034660339355,-0.5711830854415894
1767708654369596700,10.8575966796875,-0.12966351211071014,0.8027815818786621,-0.5147919654846191
1767708654379596800,10.8675966796875,-0.16870543360710144,0.6132130026817322,-0.39368507266044617
1767708654389597700,10.87759765625,-0.2138902246952057,0.3997979462146759,-0.3291606605052948
1767708654399597600,10.88759765625,-0.2135286033153534,0.2163156419992447,-0.35977602005004883
1767708654409598500,10.897598388671875,-0.16307607293128967,0.10187562555074692,-0.4454733431339264
1767708654419598600,10.9075986328125,-0.08180677145719528,0.025579189881682396,-0.5167627930641174
1767708654429599500,10.917599609375,-0.00821989681571722,-0.041951119899749756,-0.5482770800590515
1767708654439599600,10.927599609375,0.05063671991229057,-0.08482626080513,-0.5497656464576721
1767708654449600800,10.937600830078125,0.12104137241840363,-0.061855971813201904,-0.5366839170455933
1767708654459600600,10.9476005859375,0.16170817613601685,-0.009447731077671051,-0.5329000353813171
1767708654469600800,10.957600830078125,0.13396230340003967,0.09532475471496582,-0.5390831232070923
1767708654479601700,10.9676015625,0.11534936726093292,0.187154158949852,-0.5696136355400085
1767708654489601500,10.9776015625,0.08669242262840271,0.28855669498443604,-0.5908598303794861
1767708654499602400,10.9876025390625,0.042039260268211365,0.400668740272522,-0.600691020488739
1767708654509602600,10.9976025390625,-0.031064243987202644,0.4845263659954071,-0.6176519393920898
1767708654519603500,11.007603515625,-0.09027483314275742,0.5215656161308289,-0.6364942789077759
1767708654529603800,11.017603759765626,-0.13163238763809204,0.5030798316001892,-0.6837883591651917
1767708654539603700,11.027603759765626,-0.12271105498075485,0.5020656585693359,-0.7389876842498779
1767708654549604600,11.0376044921875,-0.08421798795461655,0.5555176734924316,-0.7697901725769043
1767708654559604700,11.047604736328125,-0.028506256639957428,0.5798353552818298,-0.7658125162124634
1767708654569605600,11.057605712890625,0.04671632498502731,0.597980260848999,-0.7285066843032837
1767708654579605500,11.06760546875,0.11918067187070847,0.6168622970581055,-0.6692953109741211
1767708654589606400,11.0776064453125,0.1679372787475586,0.5821698307991028,-0.6159746646881104
1767708654599606500,11.0876064453125,0.20998406410217285,0.4616772532463074,-0.5832047462463379
1767708654609607700,11.097607666015625,0.24789047241210938,0.3093513250350952,-0.574060320854187
1767708654619607800,11.10760791015625,0.2764848470687866,0.18388794362545013,-0.5514868497848511
1767708654629607700,11.117607666015624,0.2548215985298157,0.07993367314338684,-0.4812358319759369
1767708654639608600,11.127608642578124,0.19037336111068726,-0.08759114146232605,-0.37499913573265076
1767708654649608700,11.137608642578124,0.10971999913454056,-0.25527167320251465,-0.2435302585363388
1767708654659609600,11.147609619140624,0.05023222416639328,-0.3534196615219116,-0.12270160019397736
1767708654669609500,11.157609375,-0.003150573931634426,-0.4143402874469757,-0.09185207635164261
1767708654679610400,11.1676103515625,-0.09146127104759216,-0.48508504033088684,-0.1881071925163269
1767708654689610800,11.17761083984375,-0.22206829488277435,-0.5989112257957458,-0.34937357902526855
1767708654699611600,11.187611572265626,-0.375355064868927,-0.7105227112770081,-0.496529757976532
1767708654709611800,11.19761181640625,-0.5023324489593506,-0.7743038535118103,-0.5689710378646851
1767708654719611600,11.207611572265625,-0.5411807894706726,-0.6358016133308411,-0.5120052099227905
1767708654729612500,11.217612548828125,-0.4162777066230774,-0.43226566910743713,-0.3523443937301636
1767708654739612700,11.22761279296875,-0.2261221557855606,-0.24610164761543274,-0.24502138793468475
1767708654749613600,11.237613525390625,-0.09367167949676514,-0.21467003226280212,-0.20949003100395203
1767708654759613400,11.247613525390625,-0.033339910209178925,-0.3175047039985657,-0.20935863256454468
1767708654769614600,11.257614501953125,-0.0387948639690876,-0.41081786155700684,-0.20767605304718018
1767708654779614700,11.26761474609375,-0.12324424088001251,-0.4255756437778473,-0.15746593475341797
1767708654789615600,11.27761572265625,-0.35696858167648315,-0.5091232657432556,-0.08148753643035889
1767708654799615700,11.28761572265625,-0.5752689242362976,-0.7310624122619629,-0.04250790551304817
1767708654809615600,11.29761572265625,-0.5379114151000977,-0.8798697590827942,-0.012984104454517365
1767708654819616500,11.307616455078126,-0.41961705684661865,-0.8256691694259644,0.03810431435704231
1767708654829616600,11.31761669921875,-0.2623518109321594,-0.6323606967926025,0.12778520584106445
1767708654839617500,11.327617431640626,-0.0886777713894844,-0.4924176335334778,0.2731025815010071
1767708654849617700,11.33761767578125,0.05383677035570145,-0.4203175902366638,0.3988479971885681
1767708654859618600,11.34761865234375,0.12224309146404266,-0.3451603949069977,0.44580647349357605
1767708654869618700,11.35761865234375,0.14568264782428741,-0.20682352781295776,0.4466075301170349
1767708654879619600,11.36761962890625,0.17264437675476074,0.023943442851305008,0.5009413957595825
1767708654889619700,11.37761962890625,0.15876397490501404,0.23601175844669342,0.5900565981864929
1767708654899619600,11.38761962890625,0.08474703878164291,0.306303471326828,0.6116107106208801
1767708654909620500,11.397620361328125,0.02804088220000267,0.27371490001678467,0.5607587099075317
1767708654919620600,11.40762060546875,-0.018076568841934204,0.1903657466173172,0.4928453266620636
1767708654929621800,11.417621826171874,-0.05825674533843994,0.08155431598424911,0.44013842940330505
1767708654939621600,11.42762158203125,-0.09550957381725311,-0.06637655943632126,0.3954702913761139
1767708654949622500,11.43762255859375,-0.14047092199325562,-0.2370060831308365,0.3972375690937042
1767708654959622700,11.44762255859375,-0.17839406430721283,-0.37484702467918396,0.4401729106903076
1767708654969622500,11.45762255859375,-0.20812931656837463,-0.45169758796691895,0.5049763917922974
1767708654979623700,11.467623779296876,-0.1775122731924057,-0.4791969954967499,0.5714695453643799
1767708654989623600,11.47762353515625,-0.08214448392391205,-0.48475128412246704,0.6326224207878113
1767708654999624400,11.48762451171875,0.019563503563404083,-0.46770143508911133,0.6761512160301208
1767708655009624800,11.497624755859375,0.12429390102624893,-0.4361187517642975,0.7212144732475281
1767708655019625700,11.507625732421875,0.2520340383052826,-0.3589174449443817,0.7591410875320435
1767708655029625600,11.51762548828125,0.40510401129722595,-0.20279838144779205,0.7829079031944275
1767708655039626500,11.52762646484375,0.5437093377113342,0.0022988421842455864,0.7834828495979309
1767708655049626600,11.537626708984375,0.6002064347267151,0.1963815987110138,0.7350767254829407
1767708655059626500,11.54762646484375,0.59848952293396,0.343833863735199,0.6467790007591248
1767708655069627600,11.557627685546874,0.5694994330406189,0.42670738697052,0.5426003932952881
1767708655079627500,11.56762744140625,0.509800374507904,0.4836708605289459,0.44248247146606445
1767708655089628700,11.577628662109374,0.42724609375,0.4866701066493988,0.33453628420829773
1767708655099628800,11.58762890625,0.340707927942276,0.47092264890670776,0.22584226727485657
1767708655109630000,11.5976298828125,0.24398352205753326,0.3927929699420929,0.12860040366649628
1767708655119629800,11.6076298828125,0.15254628658294678,0.2669500708580017,0.07306765019893646
1767708655129630700,11.617630615234376,0.06007950007915497,0.07110171020030975,0.05492813140153885
1767708655139630800,11.627630859375,-0.06706753373146057,-0.0968199148774147,0.05898572504520416
1767708655149630700,11.637630615234375,-0.19672882556915283,-0.21185797452926636,0.07370435446500778
1767708655159631600,11.647631591796875,-0.2978871464729309,-0.27631518244743347,0.08227641135454178
1767708655169631700,11.6576318359375,-0.35055676102638245,-0.24493809044361115,0.05248469486832619
1767708655179632600,11.667632568359375,-0.36738067865371704,-0.17600446939468384,-0.05299350619316101
1767708655189632800,11.6776328125,-0.3718990087509155,-0.1501433104276657,-0.17745953798294067
1767708655199634000,11.687634033203125,-0.354490727186203,-0.2609936594963074,-0.16023793816566467
1767708655209633800,11.6976337890625,-0.24932894110679626,-0.34885546565055847,0.10059032589197159
1767708655219634000,11.707634033203124,0.05404212325811386,-0.2549486756324768,0.5004879236221313
1767708655229634800,11.717634765625,0.35238492488861084,-0.15867768228054047,0.7383546829223633
1767708655239634700,11.727634765625,0.470915824174881,-0.06660208106040955,0.548825204372406
1767708655249635600,11.737635498046876,0.39232078194618225,0.00035426882095634937,0.11798471957445145
1767708655259635700,11.7476357421875,0.2874775826931,0.0989549309015274,-0.12625840306282043
1767708655269636900,11.757636962890626,0.2701169550418854,0.03701672703027725,-0.050252579152584076
1767708655279636700,11.76763671875,0.2513892650604248,-0.18957780301570892,0.22935251891613007
1767708655289638000,11.777637939453125,0.24277980625629425,-0.3265111446380615,0.5443405508995056
1767708655299637800,11.7876376953125,0.21008236706256866,-0.2831519842147827,0.5978916883468628
1767708655309638000,11.797637939453125,0.22228656709194183,-0.22650468349456787,0.4241122305393219
1767708655319638800,11.807638671875,0.28792116045951843,-0.15275460481643677,0.23268555104732513
1767708655329638700,11.817638671875,0.30452942848205566,-0.17523115873336792,0.15676148235797882
1767708655339639600,11.8276396484375,0.2333751618862152,-0.216195747256279,0.20461086928844452
1767708655349639700,11.8376396484375,0.13798578083515167,-0.2395801693201065,0.24474550783634186
1767708655359640800,11.847640869140625,0.049666792154312134,-0.14776834845542908,0.16812236607074738
1767708655369640700,11.857640625,0.0034345819149166346,0.08886629343032837,0.03530467674136162
1767708655379641900,11.867641845703124,-0.010154453106224537,0.29976511001586914,-0.059802234172821045
1767708655389641700,11.877641845703126,-0.05189710482954979,0.3692438006401062,-0.0943482294678688
1767708655399641900,11.887641845703126,-0.14364959299564362,0.41852685809135437,-0.16553500294685364
1767708655409642800,11.897642822265626,-0.2215755432844162,0.4990765452384949,-0.33121851086616516
1767708655419642600,11.907642578125,-0.2478003054857254,0.5665682554244995,-0.48358744382858276
1767708655429643800,11.917643798828125,-0.2594372630119324,0.5367307662963867,-0.5206277370452881
1767708655439644000,11.927643798828125,-0.32054615020751953,0.41756200790405273,-0.4754446744918823
1767708655449644800,11.937644775390625,-0.4202442467212677,0.24200110137462616,-0.436206191778183
1767708655459644700,11.947644775390625,-0.5055756568908691,0.033112868666648865,-0.37446266412734985
1767708655469644800,11.957644775390625,-0.588615357875824,-0.08443435281515121,-0.40709176659584045
1767708655479645700,11.967645751953125,-0.6077821850776672,-0.19192299246788025,-0.4944489002227783
1767708655489645800,11.977645751953125,-0.5207684636116028,-0.22875425219535828,-0.5768026113510132
1767708655499646700,11.987646728515625,-0.37238460779190063,-0.2170131653547287,-0.5848594903945923
1767708655509646600,11.997646484375,-0.19763804972171783,-0.2312898337841034,-0.558733344078064
1767708655519647700,12.007647705078124,-0.09158005565404892,-0.24553588032722473,-0.5134686231613159
1767708655529647900,12.01764794921875,-0.03972511366009712,-0.243952214717865,-0.47082576155662537
1767708655539648800,12.027648681640626,-0.040952831506729126,-0.20199650526046753,-0.4810267388820648
1767708655549648600,12.037648681640626,-0.03996347263455391,-0.122998908162117,-0.5403085947036743
1767708655559648800,12.047648681640625,-0.022456126287579536,-0.021538086235523224,-0.6261324882507324
1767708655569649700,12.057649658203125,-0.053498197346925735,0.06174907833337784,-0.6862366199493408
1767708655579649800,12.06764990234375,-0.05923377722501755,0.12036983668804169,-0.6869519352912903
1767708655589651000,12.07765087890625,-0.03445226326584816,0.17433160543441772,-0.6600190997123718
1767708655599650800,12.08765087890625,0.0030253338627517223,0.21868814527988434,-0.6262696385383606
1767708655609651700,12.097651611328125,0.03262658789753914,0.25618574023246765,-0.5949355959892273
1767708655619651800,12.10765185546875,0.03906238451600075,0.3043860197067261,-0.5821958780288696
1767708655629652700,12.11765283203125,0.03781203180551529,0.35315874218940735,-0.5820543766021729
1767708655639652600,12.127652587890625,0.03807195648550987,0.34935709834098816,-0.575398325920105
1767708655649652700,12.13765283203125,0.046465709805488586,0.3310297429561615,-0.5346543788909912
1767708655659653600,12.147653564453124,0.0700325295329094,0.26632940769195557,-0.4858327805995941
1767708655669653800,12.15765380859375,0.11970315128564835,0.1955801397562027,-0.4598190188407898
1767708655679655000,12.167655029296874,0.19034774601459503,0.13347744941711426,-0.3999505341053009
1767708655689654800,12.17765478515625,0.2691067159175873,0.041286006569862366,-0.27214065194129944
1767708655699655700,12.18765576171875,0.3245534896850586,-0.0714847519993782,-0.0867883637547493
1767708655709655800,12.19765576171875,0.3484920859336853,-0.158431276679039,0.10324575006961823
1767708655719655700,12.20765576171875,0.3094349801540375,-0.1924382448196411,0.20921877026557922
1767708655729656600,12.217656494140625,0.20432400703430176,-0.20545551180839539,0.15933270752429962
1767708655739656700,12.22765673828125,0.048900917172431946,-0.24403829872608185,-0.03870592266321182
1767708655749657900,12.237657958984375,-0.1668553352355957,-0.32430702447891235,-0.2987215220928192
1767708655759658000,12.247657958984375,-0.40648478269577026,-0.3973454535007477,-0.48770979046821594
1767708655769659000,12.257658935546875,-0.5537500977516174,-0.3525388240814209,-0.5361846089363098
1767708655779658800,12.26765869140625,-0.4716280400753021,-0.16668479144573212,-0.4572393298149109
1767708655789659600,12.27765966796875,-0.22276175022125244,0.0022011632099747658,-0.37569600343704224
1767708655799659800,12.28765966796875,-0.032877594232559204,0.03967604041099548,-0.3602481186389923
1767708655809659600,12.29765966796875,-0.06632690131664276,-0.15370993316173553,-0.42094317078590393
1767708655819660500,12.30766064453125,-0.1459282636642456,-0.2652803361415863,-0.5404675006866455
1767708655829660700,12.31766064453125,-0.1881156712770462,-0.2119755744934082,-0.667214035987854
1767708655839661800,12.327661865234376,-0.3245333433151245,-0.20412832498550415,-0.7411265969276428
1767708655849662000,12.337661865234375,-0.5504916310310364,-0.2400495857000351,-0.6606738567352295
1767708655859662800,12.347662841796875,-0.5994914770126343,-0.34207645058631897,-0.43598759174346924
1767708655869662700,12.357662841796875,-0.43107715249061584,-0.4146188497543335,-0.21237929165363312
1767708655879663600,12.36766357421875,-0.2549130916595459,-0.394002765417099,0.03193545341491699
1767708655889663700,12.377663818359375,-0.06989449262619019,-0.27128589153289795,0.29634392261505127
1767708655899663600,12.38766357421875,0.09693385660648346,-0.22472427785396576,0.44530224800109863
1767708655909664800,12.397664794921875,0.18009638786315918,-0.16434642672538757,0.42114657163619995
1767708655919665000,12.407664794921875,0.1911223977804184,-0.04222744330763817,0.33662983775138855
1767708655929665800,12.417665771484375,0.1735948622226715,0.14101913571357727,0.3707590103149414
1767708655939666000,12.427666015625,0.1476607471704483,0.3149150311946869,0.5360374450683594
1767708655949666800,12.437666748046874,0.07124906778335571,0.4086419343948364,0.684785008430481
1767708655959666700,12.447666748046874,-0.03334762156009674,0.3803110420703888,0.7457485795021057
1767708655969667600,12.45766748046875,-0.11614503711462021,0.30868983268737793,0.7273575663566589
1767708655979667700,12.467667724609376,-0.12163516134023666,0.22213692963123322,0.673642635345459
1767708655989667600,12.47766748046875,-0.112662173807621,0.08765847980976105,0.6179128289222717
1767708655999668700,12.487668701171875,-0.11584492027759552,-0.0413367860019207,0.573584258556366
1767708656009668900,12.4976689453125,-0.10808045417070389,-0.1606752574443817,0.5514093637466431
1767708656019669800,12.507669677734375,-0.08801007270812988,-0.2512621581554413,0.568982720375061
1767708656029670000,12.517669921875,-0.025320328772068024,-0.29485049843788147,0.6243230104446411
1767708656039670800,12.5276708984375,0.07968438416719437,-0.28421226143836975,0.6861602663993835
1767708656049670700,12.537670654296875,0.1890215277671814,-0.22658038139343262,0.7403862476348877
1767708656059670800,12.5476708984375,0.3198770582675934,-0.14524824917316437,0.7666155099868774
1767708656069672000,12.557671875,0.4521495997905731,-0.02451358363032341,0.7503076195716858
1767708656079671800,12.567671875,0.5634968876838684,0.12430119514465332,0.6679782271385193
1767708656089672700,12.577672607421874,0.5779956579208374,0.22684115171432495,0.5791639685630798
1767708656099672000,12.587672119140626,0.5495057106018066,0.3221474885940552,0.5198619961738586
1767708656109673000,12.5976728515625,0.5212796330451965,0.42877671122550964,0.4659896492958069
1767708656119673000,12.607673095703126,0.49068978428840637,0.49658799171447754,0.40940919518470764
1767708656129674000,12.617674072265626,0.4429935812950134,0.5182591676712036,0.3638232350349426
1767708656139673900,12.627673828125,0.3377537131309509,0.5144548416137695,0.32893022894859314
1767708656149674000,12.637674072265625,0.20119959115982056,0.4966885447502136,0.3035714626312256
1767708656159675100,12.647675048828125,0.08545494824647903,0.4317496716976166,0.2889403998851776
1767708656169675000,12.657675048828125,0.024085866287350655,0.37667417526245117,0.2987717390060425
1767708656179676200,12.66767626953125,0.004406453110277653,0.30969730019569397,0.33727407455444336
1767708656189676000,12.677676025390625,-0.021715695038437843,0.2032238394021988,0.3754377067089081
1767708656199677000,12.687677001953125,-0.10682404041290283,0.07981506735086441,0.40947389602661133
1767708656209677000,12.697677001953124,-0.2117975950241089,-0.007381620816886425,0.46328386664390564
1767708656219677000,12.707677001953124,-0.29839879274368286,-0.03415609896183014,0.5096295475959778
1767708656229677800,12.717677734375,-0.33573922514915466,-0.06726372241973877,0.5071427226066589
1767708656239678000,12.727677978515626,-0.3677295744419098,-0.13574343919754028,0.4405130445957184
1767708656249679000,12.73767919921875,-0.39267513155937195,-0.2513648569583893,0.3376322090625763
1767708656259679000,12.747678955078126,-0.30318978428840637,-0.3221844732761383,0.3375083804130554
1767708656269680000,12.75768017578125,-0.05914543196558952,-0.3296205401420593,0.5166949033737183
1767708656279680000,12.767679931640625,0.27226659655570984,-0.31269821524620056,0.7243456244468689
1767708656289681000,12.777680908203125,0.5794747471809387,-0.1696862131357193,0.7649039626121521
1767708656299681000,12.787680908203125,0.7487316727638245,0.03679380938410759,0.5353166460990906
1767708656309681000,12.797680908203125,0.7709352374076843,0.1163024827837944,0.18907056748867035
1767708656319682000,12.80768212890625,0.6703585386276245,0.23952071368694305,-0.028664784505963326
1767708656329682200,12.81768212890625,0.5556373000144958,0.3062209188938141,-0.08252561837434769
1767708656339683000,12.82768310546875,0.46167808771133423,0.22122645378112793,0.03921465203166008
1767708656349683000,12.837682861328124,0.4343617856502533,0.026221543550491333,0.3367009162902832
1767708656359684000,12.84768408203125,0.3109402656555176,-0.08991917967796326,0.5653330683708191
1767708656369684000,12.85768408203125,0.11539098620414734,-0.07240249961614609,0.5534266233444214
1767708656379684900,12.867684814453124,0.10895253717899323,0.002850461285561323,0.4255707263946533
1767708656389685000,12.87768505859375,0.14745251834392548,0.024859091266989708,0.2962747812271118
1767708656399684900,12.887684814453126,0.09022998064756393,-0.06700266152620316,0.23749615252017975
1767708656409686000,12.89768603515625,0.0721132904291153,-0.16422216594219208,0.17855523526668549
1767708656419686100,12.90768603515625,0.07296230643987656,-0.15342597663402557,0.04955730587244034
1767708656429687000,12.91768701171875,0.09877707809209824,-0.04555676504969597,-0.041070256382226944
1767708656439687000,12.92768701171875,0.11218103766441345,0.05449393391609192,-0.015067151747643948
1767708656449688000,12.93768798828125,0.05135183036327362,0.10105200856924057,0.03717004507780075
1767708656459688000,12.94768798828125,-0.055430009961128235,0.22200824320316315,-0.05424482375383377
1767708656469688000,12.95768798828125,-0.1405513733625412,0.388715922832489,-0.27978482842445374
1767708656479689200,12.967689208984375,-0.1977544128894806,0.49331361055374146,-0.47190889716148376
1767708656489689000,12.977689208984375,-0.25512874126434326,0.5256749987602234,-0.5017496347427368
1767708656499690000,12.98768994140625,-0.34492069482803345,0.5076440572738647,-0.4073925018310547
1767708656509690000,12.997690185546874,-0.44115859270095825,0.4424173831939697,-0.28764376044273376
1767708656519691000,13.00769091796875,-0.5129358172416687,0.41180700063705444,-0.2831624746322632
1767708656529691000,13.01769091796875,-0.5252294540405273,0.36152613162994385,-0.3800433576107025
1767708656539692000,13.027692138671876,-0.45123836398124695,0.3017357587814331,-0.49152299761772156
1767708656549692000,13.03769189453125,-0.2258020043373108,0.2715458571910858,-0.5496798157691956
1767708656559692000,13.047692138671875,-0.08130720257759094,0.2710082530975342,-0.532065212726593
1767708656569693200,13.057693115234375,0.002126973355188966,0.22461014986038208,-0.4806142747402191
1767708656579693000,13.067693115234375,0.05643682926893234,0.18754948675632477,-0.4320545494556427
1767708656589694000,13.07769384765625,0.007395248860120773,0.17710670828819275,-0.42288637161254883
1767708656599694000,13.087694091796875,-0.019849687814712524,0.18877694010734558,-0.47098731994628906
1767708656609695000,13.097695068359375,-0.05985083803534508,0.22754913568496704,-0.55045485496521
1767708656619694800,13.10769482421875,-0.12888209521770477,0.21845950186252594,-0.6812165975570679
1767708656629695000,13.117695068359374,-0.106279157102108,0.26762065291404724,-0.8238650560379028
1767708656639696100,13.127696044921874,-0.08942427486181259,0.3778470456600189,-0.9312487244606018
1767708656649696000,13.137696044921874,-0.039038822054862976,0.48418623208999634,-0.978576123714447
1767708656659697200,13.147697265625,-0.0003782446729019284,0.5543562769889832,-0.978807806968689
1767708656669697000,13.157697021484376,0.022049032151699066,0.5799077153205872,-0.9397403001785278
1767708656679698000,13.167697998046876,0.03380366787314415,0.618838369846344,-0.8786677122116089
1767708656689698000,13.177697998046876,0.0553600937128067,0.6667771339416504,-0.8272261023521423
1767708656699699000,13.187698974609376,0.0765458196401596,0.6950618028640747,-0.7932949066162109
1767708656709698800,13.19769873046875,0.06756643950939178,0.6286918520927429,-0.7510731816291809
1767708656719699000,13.207698974609375,0.018905945122241974,0.48500871658325195,-0.715618908405304
1767708656729700000,13.2177001953125,-0.025067370384931564,0.3484428822994232,-0.6766073107719421
1767708656739700000,13.227699951171875,-0.0467580184340477,0.1790389120578766,-0.6194486618041992
1767708656749701000,13.237701171875,-0.06694930046796799,-0.08025524020195007,-0.5020243525505066
1767708656759701000,13.247700927734375,-0.1027645468711853,-0.28482869267463684,-0.2888427972793579
1767708656769702000,13.257701904296875,-0.14965695142745972,-0.41011524200439453,-0.04296833276748657
1767708656779702000,13.267701904296874,-0.18228089809417725,-0.47737619280815125,0.11315588653087616
1767708656789702000,13.277701904296874,-0.20407114923000336,-0.5036120414733887,0.10495441406965256
1767708656799703000,13.287703125,-0.27292245626449585,-0.5187724232673645,-0.021442923694849014
1767708656809703200,13.297703125,-0.41779762506484985,-0.5271022915840149,-0.1655910462141037
1767708656819704000,13.3077041015625,-0.5965392589569092,-0.5570365786552429,-0.27900025248527527
1767708656829704000,13.317703857421876,-0.6557163000106812,-0.5493355393409729,-0.32232484221458435
1767708656839705000,13.327705078125,-0.4872051775455475,-0.38406917452812195,-0.2990809679031372
1767708656849705000,13.337705078125,-0.19692035019397736,-0.04286549985408783,-0.22510209679603577
1767708656859705900,13.347705810546875,-0.00845902319997549,0.08341792225837708,-0.12488122284412384
1767708656869706000,13.3577060546875,-0.05029036104679108,-0.11155449599027634,-0.10113594681024551
1767708656879705900,13.367705810546875,-0.2079325169324875,-0.30158841609954834,-0.16116651892662048
1767708656889707000,13.37770703125,-0.40061116218566895,-0.3289603888988495,-0.2477448284626007
1767708656899707100,13.38770703125,-0.6125527024269104,-0.34531378746032715,-0.3478149473667145
1767708656909708000,13.3977080078125,-0.6516249775886536,-0.5282029509544373,-0.4294256269931793
1767708656919708000,13.4077080078125,-0.49774935841560364,-0.763416051864624,-0.37329259514808655
1767708656929709000,13.417708984375,-0.3014715313911438,-0.8226842284202576,-0.1993604451417923
1767708656939709000,13.427708984375,-0.05545429512858391,-0.7038084268569946,0.011169091798365116
1767708656949710000,13.4377099609375,0.1710936278104782,-0.6004170179367065,0.15080033242702484
1767708656959710200,13.447710205078126,0.2747787535190582,-0.487408846616745,0.12507851421833038
1767708656969710000,13.4577099609375,0.27287858724594116,-0.3123829662799835,-0.0020293681882321835
1767708656979711000,13.4677109375,0.2708793878555298,-0.04971437528729439,-0.04295111075043678
1767708656989711000,13.477711181640625,0.2726975381374359,0.32040321826934814,0.08078600466251373
1767708656999712000,13.4877119140625,0.2278088629245758,0.5507594347000122,0.2148335576057434
1767708657009711900,13.4977119140625,0.08176963776350021,0.5805245637893677,0.2523861527442932
1767708657019713000,13.507713134765625,-0.06983453780412674,0.48872748017311096,0.232342928647995
1767708657029713000,13.517712890625,-0.12981456518173218,0.3150936961174011,0.21649731695652008
1767708657039713000,13.527713134765625,-0.12957966327667236,0.19201542437076569,0.22595606744289398
1767708657049714200,13.537714111328125,-0.12922918796539307,0.16676457226276398,0.2570965588092804
1767708657059714000,13.547714111328125,-0.10837528109550476,0.11051971465349197,0.31801366806030273
1767708657069715000,13.55771484375,-0.09315824508666992,-0.01003360003232956,0.39799797534942627
1767708657079715000,13.567715087890624,-0.05536322668194771,-0.12906977534294128,0.4864555299282074
1767708657089716000,13.577716064453124,0.044062692672014236,-0.22896654903888702,0.5845754146575928
1767708657099716400,13.58771630859375,0.18202722072601318,-0.32309412956237793,0.7072978615760803
1767708657109717200,13.59771728515625,0.2967391908168793,-0.34790581464767456,0.8289086818695068
1767708657119717400,13.60771728515625,0.4031261205673218,-0.3447083532810211,0.9262892603874207
1767708657129717200,13.61771728515625,0.49709653854370117,-0.32757091522216797,0.9899862408638
1767708657139718400,13.627718505859375,0.5702425837516785,-0.2522593140602112,1.0177271366119385
1767708657149718300,13.63771826171875,0.6102195978164673,-0.13205726444721222,0.9961251616477966
1767708657159719400,13.647719482421875,0.6083780527114868,0.0039223055355250835,0.9183411002159119
1767708657169719600,13.657719482421875,0.5667475461959839,0.12171019613742828,0.8083338737487793
1767708657179720400,13.667720458984375,0.5152758359909058,0.18306048214435577,0.6841801404953003
1767708657189720300,13.67772021484375,0.450435072183609,0.19932813942432404,0.5576706528663635
1767708657199720400,13.687720458984375,0.37909212708473206,0.20495915412902832,0.4258454442024231
1767708657209721300,13.697721435546875,0.2955301105976105,0.20279347896575928,0.2745310068130493
1767708657219721200,13.70772119140625,0.2077568918466568,0.17946892976760864,0.13681147992610931
1767708657229722400,13.717722412109374,0.126653790473938,0.08569316565990448,0.06328851729631424
1767708657239722200,13.72772216796875,-0.011963523924350739,-0.04128778353333473,0.07493370026350021
1767708657249723400,13.737723388671874,-0.13047339022159576,-0.17209000885486603,0.1513483226299286
1767708657259723500,13.7477236328125,-0.209339439868927,-0.20933733880519867,0.26517438888549805
1767708657269724400,13.757724365234376,-0.288653165102005,-0.22113275527954102,0.34067341685295105
1767708657279724300,13.767724365234375,-0.36837974190711975,-0.24833783507347107,0.30485519766807556
1767708657289724400,13.777724365234375,-0.4668402671813965,-0.29096734523773193,0.18077798187732697
1767708657299725300,13.787725341796875,-0.575529158115387,-0.3277124762535095,0.10652254521846771
1767708657309725200,13.79772509765625,-0.5407541394233704,-0.3384181261062622,0.19092503190040588
1767708657319726600,13.8077265625,-0.28932568430900574,-0.3121825158596039,0.43994683027267456
1767708657329726500,13.8177265625,0.047280605882406235,-0.3581732511520386,0.7621442675590515
1767708657339727400,13.827727294921875,0.38278988003730774,-0.20056390762329102,0.8912774920463562
1767708657349727500,13.8377275390625,0.505944550037384,0.022442828863859177,0.5470808148384094
1767708657359727400,13.847727294921874,0.3877987563610077,0.14463821053504944,-0.007307498715817928
1767708657369728300,13.857728271484374,0.28729239106178284,0.18911220133304596,-0.2533942461013794
1767708657379728400,13.867728271484374,0.248163640499115,0.09930428862571716,-0.14490638673305511
1767708657389729300,13.877729248046874,0.2749752700328827,0.0717402994632721,0.11948000639677048
1767708657399729200,13.887729248046876,0.2492496818304062,0.0004719777498394251,0.43786996603012085
1767708657409730600,13.89773046875,0.2213226705789566,-0.02390260063111782,0.6547080874443054
1767708657419730400,13.90773046875,0.2623947262763977,0.006798852235078812,0.6260296106338501
1767708657429731300,13.9177314453125,0.33027979731559753,0.06965205073356628,0.4795164167881012
1767708657439731500,13.9277314453125,0.34196388721466064,0.04557255282998085,0.3459298610687256
1767708657449731300,13.9377314453125,0.29635992646217346,-0.01081429235637188,0.2771265506744385
1767708657459732200,13.947732177734375,0.2227102369070053,-0.10001406818628311,0.1913037747144699
1767708657469732400,13.957732421875,0.11838410049676895,-0.09373141080141068,0.08232162892818451
1767708657479733500,13.9677333984375,0.045821450650691986,0.05685335397720337,-0.0201724860817194
1767708657489733400,13.9777333984375,0.016514694318175316,0.2387046366930008,-0.09418626129627228
1767708657499734500,13.987734619140625,-0.05001053586602211,0.3434281349182129,-0.10681603848934174
1767708657509734400,13.997734375,-0.16126567125320435,0.42086437344551086,-0.11762239038944244
1767708657519735300,14.0077353515625,-0.2714776396751404,0.5375646352767944,-0.21910692751407623
1767708657529735400,14.0177353515625,-0.31998708844184875,0.6755104064941406,-0.384780615568161
1767708657539735300,14.0277353515625,-0.31184929609298706,0.7649447321891785,-0.5003101229667664
1767708657549736200,14.037736083984376,-0.33422279357910156,0.7257221341133118,-0.500680148601532
1767708657559736300,14.047736328125,-0.38219621777534485,0.5776163339614868,-0.4497050344944
1767708657569737500,14.057737548828126,-0.3982776999473572,0.41028597950935364,-0.4363034963607788
1767708657579737300,14.0677373046875,-0.3569832742214203,0.2932734489440918,-0.4816558361053467
1767708657589738500,14.077738525390625,-0.274033784866333,0.21077190339565277,-0.5506937503814697
1767708657599738400,14.08773828125,-0.15404877066612244,0.13380514085292816,-0.5933610200881958
1767708657609738200,14.09773828125,-0.007823661901056767,0.0637861117720604,-0.5977193117141724
1767708657619739400,14.107739501953125,0.09464172273874283,0.017466263845562935,-0.5780051350593567
1767708657629739300,14.1177392578125,0.14628253877162933,0.00615874957293272,-0.5457366704940796
1767708657639740400,14.127740478515625,0.14949378371238708,-0.012598037719726562,-0.5481692552566528
1767708657649740500,14.137740478515624,0.12168505042791367,-0.006351060699671507,-0.5943774580955505
1767708657659741400,14.147741455078124,0.0665520429611206,0.05369410291314125,-0.6577092409133911
1767708657669741300,14.1577412109375,-0.018457382917404175,0.15877018868923187,-0.7050522565841675
1767708657679742500,14.167742431640624,-0.07058604061603546,0.2739054560661316,-0.7647775411605835
1767708657689742300,14.177742431640626,-0.04463353753089905,0.32425037026405334,-0.8460513353347778
1767708657699742200,14.1877421875,-0.028911346569657326,0.3515443503856659,-0.9076709747314453
1767708657709743400,14.197743408203126,-0.05010025203227997,0.37241819500923157,-0.9198874235153198
1767708657719743200,14.2077431640625,-0.07164950668811798,0.39004984498023987,-0.9058395624160767
1767708657729744400,14.217744384765625,-0.07650551944971085,0.42170870304107666,-0.8788284659385681
1767708657739744500,14.22774462890625,-0.0721440240740776,0.49505534768104553,-0.8464341759681702
1767708657749745400,14.237745361328125,-0.054489921778440475,0.5651620030403137,-0.8155732154846191
1767708657759745300,14.247745361328125,-0.02294323407113552,0.593054473400116,-0.7753432393074036
1767708657769745400,14.257745361328125,-0.00685427850112319,0.5319575667381287,-0.7350900769233704
1767708657779746300,14.267746337890625,0.013331656344234943,0.3836026191711426,-0.700470507144928
1767708657789746200,14.27774609375,0.07444827258586884,0.20691440999507904,-0.6845623850822449
1767708657799747600,14.28774755859375,0.16946132481098175,0.0505671463906765,-0.6377682685852051
1767708657809747500,14.29774755859375,0.23556207120418549,-0.08634582161903381,-0.5444880723953247
1767708657819748400,14.307748291015624,0.28436076641082764,-0.20879210531711578,-0.4021008014678955
1767708657829748500,14.31774853515625,0.28331097960472107,-0.35158833861351013,-0.24321697652339935
1767708657839748400,14.327748291015626,0.2132626473903656,-0.4832251965999603,-0.12926243245601654
1767708657849749200,14.337749267578126,0.08300556242465973,-0.5634994506835938,-0.12612086534500122
1767708657859749400,14.347749267578125,-0.0826728567481041,-0.618293046951294,-0.2611038088798523
1767708657869750300,14.357750244140625,-0.29546234011650085,-0.6416465640068054,-0.4769758880138397
1767708657879750100,14.367750244140625,-0.5189024209976196,-0.6651162505149841,-0.6499881744384766
1767708657889751600,14.37775146484375,-0.6681749820709229,-0.5921567678451538,-0.6598328351974487
1767708657899751400,14.38775146484375,-0.6420341730117798,-0.45144763588905334,-0.5154770016670227
1767708657909752300,14.39775244140625,-0.44192686676979065,-0.37868842482566833,-0.4239666759967804
1767708657919752400,14.40775244140625,-0.2948146462440491,-0.2965240478515625,-0.4513905942440033
1767708657929752300,14.41775244140625,-0.17036227881908417,-0.28979068994522095,-0.4761875867843628
1767708657939753200,14.427753173828124,-0.09962765127420425,-0.3898174464702606,-0.5248755216598511
1767708657949753300,14.43775341796875,-0.15435481071472168,-0.4162786900997162,-0.6034300923347473
1767708657959754500,14.44775439453125,-0.272541880607605,-0.410388320684433,-0.5976073145866394
1767708657969754400,14.45775439453125,-0.47043874859809875,-0.4348520338535309,-0.4816497564315796
1767708657979755500,14.467755615234376,-0.6124123334884644,-0.5746806859970093,-0.3035446107387543
1767708657989755400,14.47775537109375,-0.5535386204719543,-0.6742557883262634,-0.1553381085395813
1767708657999756300,14.48775634765625,-0.414966881275177,-0.5710814595222473,-0.004408247768878937
1767708658009756400,14.49775634765625,-0.22459377348423004,-0.3756589889526367,0.13907694816589355
1767708658019756300,14.50775634765625,-0.030124424025416374,-0.2496001273393631,0.23754999041557312
1767708658029757200,14.517757080078125,0.10643154382705688,-0.14442728459835052,0.24869529902935028
1767708658039757300,14.52775732421875,0.16555984318256378,-0.001726851100102067,0.17963208258152008
1767708658049758500,14.537758544921875,0.21090441942214966,0.1282644271850586,0.14248497784137726
1767708658059758300,14.54775830078125,0.2378222942352295,0.3544490337371826,0.24668562412261963
1767708658069759500,14.557759521484375,0.22432300448417664,0.515281617641449,0.3908846080303192
1767708658079759400,14.56775927734375,0.13392044603824615,0.5156224370002747,0.42795056104660034
1767708658089759200,14.57775927734375,0.0032210173085331917,0.4103013575077057,0.36670956015586853
1767708658099760600,14.5877607421875,-0.09118351340293884,0.26821160316467285,0.31844136118888855
1767708658109760500,14.597760498046876,-0.18125058710575104,0.18890921771526337,0.30311593413352966
1767708658119761700,14.60776171875,-0.2708273231983185,0.126389741897583,0.2929226756095886
1767708658129761800,14.61776171875,-0.3043202757835388,-0.012154541909694672,0.28284475207328796
1767708658139762700,14.6277626953125,-0.30252134799957275,-0.15366964042186737,0.3038638234138489
1767708658149762600,14.637762451171875,-0.2804381549358368,-0.22507430613040924,0.3604312241077423
1767708658159763500,14.647763427734375,-0.21755580604076385,-0.25080740451812744,0.44869908690452576
1767708658169763600,14.657763671875,-0.12147508561611176,-0.26182088255882263,0.5372257828712463
1767708658179763500,14.667763427734375,0.0016681354027241468,-0.24092110991477966,0.5953018665313721
1767708658189764600,14.6777646484375,0.15185096859931946,-0.1849806159734726,0.6186673641204834
1767708658199764500,14.687764404296875,0.30794739723205566,-0.10097567737102509,0.6205353736877441
1767708658209765600,14.697765625,0.4360070824623108,0.01392853632569313,0.6057985424995422
1767708658219765800,14.707765869140625,0.4986587166786194,0.15615886449813843,0.5759523510932922
1767708658229766700,14.7177666015625,0.5026516318321228,0.2611529231071472,0.5383815765380859
1767708658239766500,14.7277666015625,0.47309476137161255,0.343565434217453,0.49168670177459717
1767708658249766700,14.7377666015625,0.4424412250518799,0.3818579614162445,0.4260682761669159
1767708658259767600,14.747767578125,0.39771825075149536,0.406690776348114,0.3613615036010742
1767708658269767400,14.757767333984376,0.3110227882862091,0.3968232274055481,0.27910950779914856
1767708658279768800,14.767768798828126,0.14625036716461182,0.31587520241737366,0.18057870864868164
1767708658289768700,14.777768798828125,0.008709818124771118,0.1709212064743042,0.08772227168083191
1767708658299769600,14.78776953125,-0.05237164348363876,0.05564548075199127,0.020169854164123535
1767708658309769700,14.797769775390625,-0.09741029143333435,-0.018631059676408768,0.015293939039111137
1767708658319770600,14.8077705078125,-0.18263757228851318,-0.11144701391458511,0.07801111787557602
1767708658329770500,14.8177705078125,-0.27885720133781433,-0.22835326194763184,0.17007197439670563
1767708658339770600,14.8277705078125,-0.364840567111969,-0.3189857006072998,0.21553480625152588
1767708658349771500,14.837771484375,-0.44226351380348206,-0.38332077860832214,0.1680920273065567
1767708658359771400,14.847771484375,-0.4843670129776001,-0.4204676151275635,0.04450191184878349
1767708658369772800,14.857772705078125,-0.46601831912994385,-0.44546839594841003,-0.03677835687994957
1767708658379772700,14.867772705078124,-0.3254625201225281,-0.47678250074386597,0.05100283771753311
1767708658389773600,14.877773681640624,-0.03245329484343529,-0.4769209921360016,0.2813628017902374
1767708658399773700,14.887773681640626,0.3025883436203003,-0.43628063797950745,0.4303988814353943
1767708658409774600,14.897774658203126,0.5763806700706482,-0.2856457531452179,0.29557332396507263
1767708658419774500,14.9077744140625,0.6479480266571045,-0.03363826125860214,-0.08958765119314194
1767708658429774600,14.917774658203125,0.533278226852417,0.2103167027235031,-0.45970284938812256
1767708658439775700,14.927775634765625,0.379199743270874,0.32259663939476013,-0.5827267169952393
1767708658449775600,14.937775634765625,0.2964666783809662,0.3036521375179291,-0.3713352084159851
1767708658459776500,14.947776611328125,0.25529399514198303,0.32819342613220215,0.04597751796245575
1767708658469776600,14.957776611328125,0.18513913452625275,0.3244597017765045,0.4009507894515991
1767708658479777500,14.967777587890625,0.15808218717575073,0.24588699638843536,0.5172715187072754
1767708658489777700,14.977777587890625,0.16705624759197235,0.10414931178092957,0.33695659041404724
1767708658499777500,14.987777587890625,0.18304693698883057,-0.06225990504026413,0.04949500039219856
1767708658509778400,14.9977783203125,0.1769973337650299,-0.1929759979248047,-0.14135630428791046
1767708658519778600,15.007778564453124,0.11163005232810974,-0.25703778862953186,-0.22857670485973358
1767708658529779700,15.01777978515625,0.04431143403053284,-0.22153739631175995,-0.270101934671402
1767708658539779600,15.027779541015626,-0.002140976721420884,-0.05633581057190895,-0.31535103917121887
1767708658549780500,15.037780517578126,-0.024933375418186188,0.15425711870193481,-0.3093551993370056
1767708658559780600,15.047780517578126,-0.07596493512392044,0.30946090817451477,-0.23691876232624054
1767708658569781500,15.057781494140626,-0.1531401425600052,0.40656107664108276,-0.17557577788829803
1767708658579781600,15.06778173828125,-0.22094815969467163,0.5232180953025818,-0.22892124950885773
1767708658589781500,15.077781494140625,-0.2605477571487427,0.6237928867340088,-0.3965669572353363
1767708658599782700,15.08778271484375,-0.239500030875206,0.6953020691871643,-0.5179141759872437
1767708658609782800,15.09778271484375,-0.240957573056221,0.7145159840583801,-0.5095393061637878
1767708658619783700,15.10778369140625,-0.2919566035270691,0.6495226621627808,-0.4424583911895752
1767708658629783600,15.117783447265625,-0.3299929201602936,0.5233010649681091,-0.41323763132095337
1767708658639784400,15.127784423828125,-0.35079964995384216,0.4377894401550293,-0.4370991289615631
1767708658649784600,15.13778466796875,-0.31972455978393555,0.3828721344470978,-0.4710802435874939
1767708658659784400,15.147784423828124,-0.22458820044994354,0.31404441595077515,-0.4998418986797333
1767708658669785600,15.15778564453125,-0.08147924393415451,0.23267950117588043,-0.5300096273422241
1767708658679785500,15.167785400390626,0.05579337477684021,0.17412161827087402,-0.536838710308075
1767708658689786600,15.17778662109375,0.16615130007266998,0.12875573337078094,-0.543855607509613
1767708658699786800,15.187786865234376,0.23873180150985718,0.08384710550308228,-0.5786576271057129
1767708658709787600,15.19778759765625,0.27942782640457153,0.06732352077960968,-0.6246392726898193
1767708658719787500,15.20778759765625,0.25305211544036865,0.07698240131139755,-0.6449628472328186
1767708658729787600,15.21778759765625,0.14137911796569824,0.13651470839977264,-0.6231086850166321
1767708658739788500,15.22778857421875,0.08998116850852966,0.1737736612558365,-0.6357259750366211
1767708658749788400,15.237788330078125,0.0191354937851429,0.19508081674575806,-0.7214869260787964
1767708658759789800,15.247789794921875,-0.09425167739391327,0.2567806839942932,-0.8236161470413208
1767708658769789700,15.257789794921875,-0.19488215446472168,0.2861716151237488,-0.9410974979400635
1767708658779790600,15.26779052734375,-0.21316032111644745,0.307331383228302,-1.0312838554382324
1767708658789790700,15.277790771484375,-0.2028789222240448,0.3566738963127136,-1.0641494989395142
1767708658799791600,15.28779150390625,-0.1992170661687851,0.41125938296318054,-1.0522587299346924
1767708658809791500,15.29779150390625,-0.17688104510307312,0.5041414499282837,-0.9961300492286682
1767708658819791600,15.30779150390625,-0.12296108901500702,0.5614632964134216,-0.9372168779373169
1767708658829792500,15.31779248046875,-0.05766367167234421,0.5135555863380432,-0.891461968421936
1767708658839792400,15.32779248046875,0.0015756851062178612,0.3931583762168884,-0.8767399787902832
1767708658849793800,15.337793701171876,0.08086735010147095,0.18330073356628418,-0.8812894225120544
1767708658859793700,15.347793701171875,0.16763100028038025,0.019167715683579445,-0.8483501076698303
1767708658869794600,15.357794677734375,0.23943276703357697,-0.11720354855060577,-0.7059736251831055
1767708658879794700,15.367794677734375,0.27427783608436584,-0.22658206522464752,-0.45013198256492615
1767708658889794600,15.377794677734375,0.285362184047699,-0.3516582250595093,-0.1731344610452652
1767708658899795500,15.38779541015625,0.23398235440254211,-0.4245862066745758,-0.02271086536347866
1767708658909795600,15.397795654296875,0.12463373690843582,-0.4612320363521576,-0.10984642058610916
1767708658919796700,15.407796630859375,-0.03263736888766289,-0.5206445455551147,-0.38704580068588257
1767708658929796600,15.417796630859375,-0.25315427780151367,-0.591882586479187,-0.6815318465232849
1767708658939797800,15.4277978515625,-0.5102007389068604,-0.6084014177322388,-0.7888961434364319
1767708658949797600,15.437797607421874,-0.637143075466156,-0.5045119524002075,-0.6381876468658447
1767708658959798500,15.447798583984374,-0.5142917037010193,-0.3105824589729309,-0.42908161878585815
1767708658969798700,15.457798583984374,-0.3122731149196625,-0.14233927428722382,-0.400170236825943
1767708658979798500,15.467798583984376,-0.15766583383083344,-0.11166345328092575,-0.45283347368240356
1767708658989799400,15.47779931640625,-0.10367316752672195,-0.27068081498146057,-0.5220500826835632
1767708658999799600,15.487799560546875,-0.15722988545894623,-0.38848361372947693,-0.6144380569458008
1767708659009800700,15.49780078125,-0.2912047207355499,-0.4529362916946411,-0.6313997507095337
1767708659019800600,15.507800537109375,-0.5009726285934448,-0.5469092726707458,-0.5295714139938354
1767708659029801700,15.5178017578125,-0.6484430432319641,-0.7761051654815674,-0.39020657539367676
1767708659039801600,15.527801513671875,-0.5228084325790405,-0.9613220691680908,-0.254644513130188
1767708659049801500,15.537801513671875,-0.35429322719573975,-0.9053107500076294,-0.10063230246305466
1767708659059802600,15.547802734375,-0.16317439079284668,-0.7149845957756042,0.06476311385631561
1767708659069802500,15.557802490234375,0.0046446979977190495,-0.5758016705513,0.20707976818084717
1767708659079803600,15.5678037109375,0.062244344502687454,-0.42949849367141724,0.28302672505378723
1767708659089803800,15.5778037109375,0.035370122641325,-0.23851922154426575,0.26617103815078735
1767708659099804000,15.587803955078124,0.02950987219810486,-0.04475085437297821,0.19337575137615204
1767708659109804000,15.597803955078126,0.025651218369603157,0.17431119084358215,0.18946276605129242
1767708659119805000,15.607804931640626,-0.04208653047680855,0.32965409755706787,0.2258910983800888
1767708659129805000,15.61780517578125,-0.13664472103118896,0.3728362023830414,0.2340688705444336
1767708659139805200,15.62780517578125,-0.18751749396324158,0.3361552953720093,0.24791081249713898
1767708659149806000,15.63780615234375,-0.19367578625679016,0.23809796571731567,0.2808179259300232
1767708659159806000,15.647805908203125,-0.19188402593135834,0.18429435789585114,0.30914437770843506
1767708659169806800,15.657806884765625,-0.1641235053539276,0.11967620998620987,0.3292805552482605
1767708659179807000,15.667806884765625,-0.13688762485980988,0.007384947035461664,0.3725304901599884
1767708659189807900,15.677807861328125,-0.11825507879257202,-0.09640563279390335,0.42963293194770813
1767708659199808000,15.68780810546875,-0.07757820934057236,-0.19677414000034332,0.4971040189266205
1767708659209808000,15.697807861328124,-0.010695583187043667,-0.2894018292427063,0.5737809538841248
1767708659219809000,15.70780908203125,0.08946511149406433,-0.32307296991348267,0.6541687250137329
1767708659229809200,15.71780908203125,0.20772357285022736,-0.28144481778144836,0.736086905002594
1767708659239810000,15.72781005859375,0.335237592458725,-0.19053886830806732,0.8082753419876099
1767708659249810000,15.737809814453126,0.44241705536842346,-0.08698314428329468,0.8599419593811035
1767708659259810800,15.747810791015626,0.5192884206771851,0.0006825248710811138,0.8916202783584595
1767708659269811000,15.75781103515625,0.5448028445243835,0.09404123574495316,0.8891432881355286
1767708659279811800,15.767811767578126,0.5312432646751404,0.20689989626407623,0.8392967581748962
1767708659289812000,15.77781201171875,0.5317564606666565,0.28556326031684875,0.7666763663291931
1767708659299812000,15.78781201171875,0.5283039212226868,0.30597054958343506,0.650808572769165
1767708659309813000,15.79781298828125,0.5024648308753967,0.2978651225566864,0.5019763112068176
1767708659319813000,15.807813232421875,0.4633032977581024,0.26113295555114746,0.35574454069137573
1767708659329814000,15.81781396484375,0.3604390025138855,0.21350234746932983,0.24994269013404846
1767708659339814000,15.82781396484375,0.21159465610980988,0.15066000819206238,0.1966797411441803
1767708659349814800,15.837814697265625,0.07502461224794388,0.08852898329496384,0.15234895050525665
1767708659359815000,15.84781494140625,-0.043905191123485565,-0.005994591861963272,0.09993093460798264
1767708659369814800,15.857814697265624,-0.16566358506679535,-0.13486789166927338,0.060531072318553925
1767708659379816000,15.86781591796875,-0.2777866721153259,-0.24367192387580872,0.07536347955465317
1767708659389816000,15.877816162109376,-0.3717035949230194,-0.30022549629211426,0.12098822742700577
1767708659399817000,15.88781689453125,-0.4384368062019348,-0.31860822439193726,0.14150628447532654
1767708659409817000,15.897817138671876,-0.4924395978450775,-0.35847920179367065,0.1027664989233017
1767708659419818000,15.90781787109375,-0.5410409569740295,-0.4258500039577484,0.07059551030397415
1767708659429817900,15.91781787109375,-0.4849838316440582,-0.47967758774757385,0.16576643288135529
1767708659439818800,15.92781884765625,-0.2473640888929367,-0.5173459053039551,0.4118819534778595
1767708659449819100,15.937819091796875,0.06963621079921722,-0.510798454284668,0.677315890789032
1767708659459819000,15.947819091796875,0.34399691224098206,-0.43674367666244507,0.7287700176239014
1767708659469820000,15.95781982421875,0.5073262453079224,-0.2623578906059265,0.45188289880752563
1767708659479820000,15.967820068359375,0.5653743147850037,-0.0738256648182869,0.05815870687365532
1767708659489821000,15.977821044921875,0.525284469127655,0.10191446542739868,-0.17646685242652893
1767708659499821000,15.987821044921875,0.4494754672050476,0.22552724182605743,-0.20536737143993378
1767708659509822000,15.997822021484374,0.4451121389865875,0.16137461364269257,-0.02815663255751133
1767708659519821800,16.00782177734375,0.4151880741119385,0.1798090636730194,0.34753918647766113
1767708659529822000,16.017822021484374,0.3226480185985565,0.20705266296863556,0.6573428511619568
1767708659539823000,16.027822998046876,0.2624608278274536,0.2079199254512787,0.7186046838760376
1767708659549823000,16.037822998046874,0.273525208234787,0.18588680028915405,0.5408629179000854
1767708659559824000,16.047823974609376,0.3175210952758789,0.0588197261095047,0.2751600742340088
1767708659569824000,16.057823974609374,0.312283992767334,-0.04821377992630005,0.12013799697160721
1767708659579825000,16.067824951171875,0.21826082468032837,-0.14333868026733398,0.10970650613307953
1767708659589825000,16.077824951171873,0.08596404641866684,-0.1425173580646515,0.1077517494559288
1767708659599826000,16.087825927734375,-0.01770986057817936,-0.0588061548769474,0.03719881549477577
1767708659609826000,16.097825927734377,-0.07897641509771347,0.14685192704200745,-0.10423527657985687
1767708659619826200,16.107826171875,-0.12289352715015411,0.3058035373687744,-0.2358175814151764
1767708659629827000,16.1178271484375,-0.1789429485797882,0.43014225363731384,-0.3081058859825134
1767708659639827000,16.127826904296874,-0.2657221555709839,0.576613187789917,-0.39812907576560974
1767708659649827800,16.137827880859376,-0.3497965335845947,0.7362273335456848,-0.5655779242515564
1767708659659828000,16.147827880859374,-0.3721422553062439,0.8439050316810608,-0.7079708576202393
1767708659669828900,16.157828857421876,-0.366347998380661,0.7883738875389099,-0.709861159324646
1767708659679829000,16.1678291015625,-0.363628089427948,0.6011552214622498,-0.6022740006446838
1767708659689830100,16.177830078125,-0.35760214924812317,0.35627758502960205,-0.4982362985610962
1767708659699830000,16.187830078125,-0.3195498287677765,0.1743067055940628,-0.4669119417667389
1767708659709830100,16.197830078125,-0.2296883761882782,0.0594608299434185,-0.5065132975578308
1767708659719831000,16.2078310546875,-0.11726969480514526,-0.04744191840291023,-0.5503851175308228
1767708659729831000,16.217830810546875,0.0034269499592483044,-0.1335645318031311,-0.5427730083465576
1767708659739831800,16.227831787109373,0.11903663724660873,-0.1602158546447754,-0.5228632092475891
1767708659749832000,16.23783203125,0.1832408756017685,-0.10005103051662445,-0.5048208832740784
1767708659759832800,16.247832763671877,0.21277718245983124,-0.08300644904375076,-0.5308769941329956
1767708659769833000,16.2578330078125,0.2024899274110794,-0.05236837640404701,-0.5716878175735474
1767708659779833000,16.2678330078125,0.1251828372478485,0.04573703184723854,-0.6024101972579956
1767708659789834000,16.277833984375,0.07983586937189102,0.14421913027763367,-0.6634340882301331
1767708659799834000,16.287834228515624,0.02728957124054432,0.2918405532836914,-0.7642355561256409
1767708659809835000,16.2978349609375,0.006005925126373768,0.4399769604206085,-0.8642992973327637
1767708659819835000,16.3078349609375,-0.01759900338947773,0.568803071975708,-0.9582721590995789
1767708659829835800,16.317835693359374,-0.08663885295391083,0.6146667003631592,-1.025388240814209
1767708659839836000,16.3278359375,-0.1557191163301468,0.5991865396499634,-1.048870325088501
1767708659849837000,16.337837158203126,-0.20059658586978912,0.6036427617073059,-1.0327262878417969
1767708659859837000,16.3478369140625,-0.1981520652770996,0.6777942180633545,-0.9987109303474426
1767708659869837000,16.357837158203125,-0.1589154154062271,0.7391738295555115,-0.9555683135986328
1767708659879838000,16.367837890625,-0.09014782309532166,0.7774785161018372,-0.9211658239364624
1767708659889838000,16.377838134765625,-0.031666673719882965,0.7800596356391907,-0.8658508658409119
1767708659899839000,16.3878388671875,-0.008540048263967037,0.7132939100265503,-0.7884682416915894
1767708659909838800,16.3978388671875,0.005129140801727772,0.5606618523597717,-0.6952772736549377
1767708659919839700,16.40783984375,0.031004680320620537,0.37242379784584045,-0.590440034866333
1767708659929840000,16.417840087890625,0.0483139306306839,0.2145005762577057,-0.49900710582733154
1767708659939840000,16.427840087890626,0.046065665781497955,0.08928627520799637,-0.4052700698375702
1767708659949841000,16.4378408203125,0.0548383854329586,-0.07350317388772964,-0.2745458781719208
1767708659959841000,16.447841064453126,0.027848880738019943,-0.24496005475521088,-0.11981591582298279
1767708659969842000,16.457842041015624,-0.050060298293828964,-0.37859028577804565,-0.04211445897817612
1767708659979842000,16.467842041015626,-0.1464366465806961,-0.4624091684818268,-0.12204381078481674
1767708659989843000,16.477843017578124,-0.2647894024848938,-0.5423045754432678,-0.3087215721607208
1767708659999842800,16.4878427734375,-0.4240732491016388,-0.5470612049102783,-0.46039077639579773
1767708660009844000,16.497843994140624,-0.5718318819999695,-0.48053228855133057,-0.44252973794937134
1767708660019844000,16.507843994140625,-0.5896857380867004,-0.2573646605014801,-0.2790750563144684
1767708660029844000,16.517843994140627,-0.43792417645454407,-0.0607709139585495,-0.1370910108089447
1767708660039844900,16.527844970703125,-0.33786675333976746,-0.05584470555186272,-0.15230263769626617
1767708660049845000,16.537844970703127,-0.4257092773914337,-0.2457834780216217,-0.32661131024360657
1767708660059846000,16.547845947265625,-0.5742713212966919,-0.37426915764808655,-0.4799397885799408
1767708660069846000,16.557845947265626,-0.6537690758705139,-0.42726555466651917,-0.43249425292015076
1767708660079847000,16.567846923828125,-0.6056764125823975,-0.49365174770355225,-0.16272222995758057
1767708660089847000,16.577846923828126,-0.3818310797214508,-0.7223315238952637,0.1694176346063614
1767708660099848400,16.587848388671876,-0.22711844742298126,-0.9079477787017822,0.3698396384716034
1767708660109848600,16.5978486328125,-0.08054125308990479,-0.9493788480758667,0.4715297818183899
1767708660119848400,16.607848388671876,0.06311126798391342,-0.8392205834388733,0.5648053884506226
1767708660129849300,16.617849365234374,0.15065895020961761,-0.6805521249771118,0.6441920399665833
1767708660139849500,16.627849365234376,0.18891900777816772,-0.511376678943634,0.6591676473617554
1767708660149850400,16.637850341796874,0.21602918207645416,-0.31009653210639954,0.6082645654678345
1767708660159850200,16.647850341796875,0.27336543798446655,-0.10715222358703613,0.5990116596221924
1767708660169851600,16.6578515625,0.33046087622642517,0.0603242926299572,0.7028043866157532
1767708660179851500,16.6678515625,0.3086280822753906,0.12137012183666229,0.8227624893188477
1767708660189852400,16.677852294921873,0.23197326064109802,0.02370774745941162,0.8878743648529053
1767708660199852500,16.6878525390625,0.17573395371437073,-0.052744414657354355,0.8921090960502625
1767708660209852400,16.697852294921876,0.1767137497663498,-0.09525755047798157,0.8587660789489746
1767708660219853300,16.707853271484375,0.1789611428976059,-0.10758137702941895,0.806034505367279
1767708660229853400,16.717853515625,0.16472947597503662,-0.12610580027103424,0.7728898525238037
1767708660239854600,16.7278544921875,0.14294108748435974,-0.18263059854507446,0.7566682696342468
1767708660249854500,16.7378544921875,0.10021413862705231,-0.25261056423187256,0.7611486315727234
1767708660259855600,16.747855712890626,0.06846366077661514,-0.3039485812187195,0.7895938754081726
1767708660269855500,16.75785546875,0.07240387052297592,-0.3315218687057495,0.8331542611122131
1767708660279855600,16.767855712890626,0.12284243106842041,-0.3236875534057617,0.8811424374580383
1767708660289856500,16.7778564453125,0.1882544606924057,-0.26855799555778503,0.9151129126548767
1767708660299856400,16.7878564453125,0.2800099551677704,-0.1545957326889038,0.9241626262664795
1767708660309857300,16.797857177734375,0.38378944993019104,-0.027579043060541153,0.8995800614356995
1767708660319857400,16.807857421875,0.47186073660850525,0.08059483021497726,0.8353837728500366
1767708660329858600,16.817858642578123,0.5483967661857605,0.1371726244688034,0.7418076992034912
1767708660339858400,16.8278583984375,0.6001390218734741,0.17021659016609192,0.6445267200469971
1767708660349859600,16.837859619140627,0.5687011480331421,0.21950794756412506,0.5616913437843323
1767708660359859500,16.847859375,0.4772109389305115,0.2471581995487213,0.507622241973877
1767708660369859600,16.857859619140626,0.3287104368209839,0.22360096871852875,0.44963258504867554
1767708660379860500,16.867860595703124,0.14608687162399292,0.17272448539733887,0.35385867953300476
1767708660389860400,16.8778603515625,0.045625511556863785,0.1172521784901619,0.2153756320476532
1767708660399861500,16.887861572265624,-0.003363334573805332,0.0671197697520256,0.12833793461322784
1767708660409861600,16.897861572265626,-0.06425207108259201,0.013695331290364265,0.10464917123317719
1767708660419862500,16.907862548828124,-0.13937021791934967,-0.09258706122636795,0.11636923998594284
1767708660429862400,16.9178623046875,-0.2296830713748932,-0.24155524373054504,0.13969773054122925
1767708660439863600,16.927863525390624,-0.3094084858894348,-0.339209645986557,0.18374276161193848
1767708660449863400,16.937863525390625,-0.35708120465278625,-0.3516945540904999,0.25183871388435364
1767708660459863600,16.947863525390623,-0.40423277020454407,-0.3677179515361786,0.3038650453090668
1767708660469864400,16.957864501953125,-0.4455637037754059,-0.3886794149875641,0.32030341029167175
1767708660479864300,16.9678642578125,-0.42044323682785034,-0.4149184823036194,0.3219866454601288
1767708660489865500,16.977865478515625,-0.27515286207199097,-0.4057058095932007,0.3715840280056
1767708660499865600,16.987865478515626,-0.0032666539773344994,-0.31490933895111084,0.49442440271377563
1767708660509866500,16.997866455078125,0.31439387798309326,-0.1403692215681076,0.6055546402931213
1767708660519866400,17.007866455078126,0.5808060765266418,0.022725488990545273,0.5899620056152344
1767708660529866500,17.017866455078124,0.6912926435470581,0.23192398250102997,0.3723689615726471
1767708660539867400,17.027867431640626,0.5658113956451416,0.4814685881137848,0.06849566102027893
1767708660549867300,17.0378671875,0.40719032287597656,0.6451845765113831,-0.10311444103717804
1767708660559868700,17.04786865234375,0.33282795548439026,0.4659993648529053,-0.01634572260081768
1767708660569868500,17.05786865234375,0.2701171636581421,0.20665036141872406,0.24531491100788116
1767708660579869400,17.067869384765626,0.27050310373306274,0.07239792495965958,0.3917436897754669
1767708660589869600,17.07786962890625,0.3358325958251953,0.03264385461807251,0.3409774601459503
1767708660599870500,17.087870361328125,0.31271621584892273,0.05598268285393715,0.10432931780815125
1767708660609870300,17.097870361328123,0.22736510634422302,-0.002746675396338105,-0.105803944170475
1767708660619870500,17.107870361328125,0.1543995589017868,-0.10306555032730103,-0.09877479821443558
1767708660629871400,17.117871337890627,0.1164463683962822,-0.17621727287769318,0.028666969388723373
1767708660639871200,17.127871337890625,0.07327759265899658,-0.10476092994213104,0.04332314431667328
1767708660649872600,17.13787255859375,0.01425876934081316,0.09790463000535965,-0.03761318325996399
1767708660659872500,17.14787255859375,0.004096686374396086,0.29739856719970703,-0.09372348338365555
1767708660669873400,17.157873291015626,-0.037762612104415894,0.4304583668708801,-0.07043121010065079
1767708660679873500,17.16787353515625,-0.15089954435825348,0.5839831829071045,-0.08637304604053497
1767708660689874400,17.17787451171875,-0.25219660997390747,0.7582767009735107,-0.26991865038871765
1767708660699874300,17.187874267578124,-0.2724568545818329,0.8443455696105957,-0.5087085366249084
1767708660709874400,17.19787451171875,-0.26625436544418335,0.8183163404464722,-0.614730954170227
1767708660719875600,17.20787548828125,-0.29162389039993286,0.6728935837745667,-0.5505016446113586
1767708660729875500,17.21787548828125,-0.2889458239078522,0.4588661789894104,-0.4325166642665863
1767708660739876600,17.227876708984375,-0.24137431383132935,0.2540847957134247,-0.36055541038513184
1767708660749876500,17.23787646484375,-0.17973200976848602,0.11279820650815964,-0.34412363171577454
1767708660759877400,17.24787744140625,-0.08361533284187317,-0.024607587605714798,-0.35375654697418213
1767708660769877500,17.25787744140625,0.010841933079063892,-0.13002148270606995,-0.33903002738952637
1767708660779877400,17.26787744140625,0.07702071219682693,-0.1792403757572174,-0.2892107367515564
1767708660789878300,17.277878173828125,0.16313214600086212,-0.22568883001804352,-0.25324395298957825
1767708660799878400,17.28787841796875,0.24534739553928375,-0.21207262575626373,-0.2325437217950821
1767708660809879600,17.297879638671876,0.25841468572616577,-0.16423571109771729,-0.2117062211036682
1767708660819879400,17.30787939453125,0.18597669899463654,-0.08618005365133286,-0.17807795107364655
1767708660829880600,17.317880615234376,0.1381671130657196,-0.009962227195501328,-0.14639288187026978
1767708660839880400,17.32788037109375,0.10800282657146454,0.0177567508071661,-0.17506127059459686
1767708660849881300,17.33788134765625,0.021374743431806564,0.0534607470035553,-0.2507772743701935
1767708660859881500,17.347881591796874,-0.01637210324406624,0.14056608080863953,-0.3372013568878174
1767708660869881300,17.35788134765625,-0.006095957942306995,0.23390966653823853,-0.4380393326282501
1767708660879882500,17.367882568359374,0.0417303740978241,0.29581552743911743,-0.5626536011695862
1767708660889882600,17.377882568359375,0.09019777178764343,0.41312485933303833,-0.6606083512306213
1767708660899883500,17.387883544921873,0.10304827988147736,0.5565148591995239,-0.7039021849632263
1767708660909883400,17.39788330078125,0.09111864864826202,0.6327835321426392,-0.6811992526054382
1767708660919884500,17.407884521484377,0.06397441029548645,0.6563134789466858,-0.6044861674308777
1767708660929884400,17.417884521484375,0.02252816967666149,0.638589084148407,-0.49893417954444885
1767708660939885300,17.42788525390625,-0.029666073620319366,0.5924633741378784,-0.44829413294792175
1767708660949885400,17.437885498046874,-0.037478987127542496,0.48961979150772095,-0.4721408784389496
1767708660959885300,17.44788525390625,0.010594255290925503,0.3693053722381592,-0.5320000648498535
1767708660969886500,17.457886474609374,0.09311016649007797,0.28570955991744995,-0.5600921511650085
1767708660979886600,17.467886474609376,0.18790759146213531,0.27155566215515137,-0.47472330927848816
1767708660989887500,17.477887451171874,0.2527869641780853,0.17155049741268158,-0.3010670840740204
1767708660999887400,17.487887451171876,0.271512895822525,-0.01042475551366806,-0.11888042092323303
1767708661009888500,17.497888427734374,0.190332293510437,-0.14171592891216278,-0.009700670838356018
1767708661019888400,17.507888427734375,0.018821265548467636,-0.1942174732685089,-0.01900431141257286
1767708661029888500,17.517888427734373,-0.22331014275550842,-0.224787637591362,-0.1235262006521225
1767708661039889700,17.5278896484375,-0.5330484509468079,-0.23779866099357605,-0.20640558004379272
1767708661049889500,17.5378896484375,-0.7959021925926208,-0.25160396099090576,-0.14524129033088684
1767708661059890400,17.547890380859375,-0.8257735967636108,-0.2428063452243805,0.022646162658929825
1767708661069890600,17.557890625,-0.6257150769233704,-0.16701118648052216,0.09974733740091324
1767708661079891500,17.567891357421875,-0.3408767282962799,0.003056678920984268,0.06809095293283463
1767708661089891300,17.577891357421876,-0.1179371252655983,0.026619262993335724,0.05188295245170593
1767708661099892700,17.587892822265626,-0.03548593074083328,-0.12762729823589325,0.008000451140105724
1767708661109892600,17.597892578125,-0.03472953662276268,-0.34096378087997437,-0.12993235886096954
1767708661119892500,17.607892578125,-0.1088935136795044,-0.4851987361907959,-0.23806707561016083
1767708661129893600,17.6178935546875,-0.3007708489894867,-0.5621453523635864,-0.24098464846611023
1767708661139893500,17.6278935546875,-0.48519769310951233,-0.6396739482879639,-0.10015697032213211
1767708661149894700,17.637894775390624,-0.5186946392059326,-0.7493209838867188,0.07964801043272018
1767708661159894800,17.647894775390625,-0.44837042689323425,-0.7634655833244324,0.26053205132484436
1767708661169895700,17.657895751953124,-0.3168621063232422,-0.6503214836120605,0.43072471022605896
1767708661179895600,17.6678955078125,-0.15150010585784912,-0.5386382341384888,0.5704386830329895
1767708661189896700,17.677896728515623,-0.025996508076786995,-0.44904154539108276,0.6367101073265076
1767708661199896600,17.687896484375,0.04366353154182434,-0.3342697024345398,0.6212611198425293
1767708661209896400,17.697896484375,0.06397675722837448,-0.20396332442760468,0.539929986000061
1767708661219897600,17.707897705078125,0.09458126872777939,-0.06516522914171219,0.48933762311935425
1767708661229897500,17.7178974609375,0.1361342966556549,0.06752488762140274,0.5220541954040527
1767708661239898600,17.727898681640625,0.08561199903488159,0.17224809527397156,0.5473033785820007
1767708661249898800,17.737898681640626,-0.011576608754694462,0.19594356417655945,0.5304694175720215
1767708661259899600,17.747899658203124,-0.07146301120519638,0.17758718132972717,0.4999564588069916
1767708661269899500,17.7578994140625,-0.11528746038675308,0.1372016817331314,0.5060390830039978
1767708661279900700,17.767900634765624,-0.16252245008945465,0.06224914267659187,0.5320520997047424
1767708661289900500,17.777900634765626,-0.17853444814682007,-0.00961466133594513,0.5515304803848267
1767708661299900400,17.787900390625,-0.16910046339035034,-0.06767609715461731,0.5750885605812073
1767708661309901800,17.79790185546875,-0.14633415639400482,-0.11958722770214081,0.6186144351959229
1767708661319901700,17.807901611328123,-0.11685292422771454,-0.18592500686645508,0.6658667325973511
1767708661329902600,17.817902587890625,-0.055060356855392456,-0.26288798451423645,0.7128521203994751
1767708661339902700,17.82790283203125,0.01622607186436653,-0.29287412762641907,0.7763512134552002
1767708661349903600,17.837903564453125,0.10837409645318985,-0.2713676393032074,0.8705369830131531
1767708661359903500,17.847903564453127,0.2182025909423828,-0.2058408409357071,0.9636306762695312
1767708661369903600,17.857903564453125,0.32041865587234497,-0.11784612387418747,1.0241217613220215
1767708661379904500,17.867904541015626,0.43071404099464417,-0.008140113204717636,1.0416074991226196
1767708661389904400,17.877904296875,0.48035135865211487,0.10324446856975555,0.9970434308052063
1767708661399905800,17.88790576171875,0.47020551562309265,0.18814617395401,0.9003764986991882
1767708661409905700,17.89790576171875,0.4339340627193451,0.24746781587600708,0.7846664190292358
1767708661419906600,17.907906494140626,0.3903411328792572,0.2695423364639282,0.6820312142372131
1767708661429906700,17.91790673828125,0.31384262442588806,0.27169176936149597,0.5915657877922058
1767708661439907600,17.927907470703126,0.1692880541086197,0.25565674901008606,0.5127173066139221
1767708661449907500,17.937907470703124,0.05203172564506531,0.18046344816684723,0.4124007821083069
1767708661459907600,17.947907470703125,0.01215564925223589,0.0228835828602314,0.3073563873767853
1767708661469908700,17.95790869140625,-0.005154897458851337,-0.13516438007354736,0.25155916810035706
1767708661479908600,17.96790869140625,-0.07471699267625809,-0.2657104432582855,0.259001761674881
1767708661489909800,17.97790966796875,-0.19238609075546265,-0.352127343416214,0.30610722303390503
1767708661499909600,17.98790966796875,-0.2752845883369446,-0.39790835976600647,0.32999151945114136
1767708661509910500,17.99791064453125,-0.3324536085128784,-0.39157137274742126,0.2875559329986572
1767708661519910700,18.00791064453125,-0.394590824842453,-0.3443433940410614,0.19422774016857147
1767708661529911600,18.01791162109375,-0.46566447615623474,-0.3321879208087921,0.12188536673784256
1767708661539911400,18.027911376953124,-0.4501435458660126,-0.4111345410346985,0.20143572986125946
1767708661549911600,18.03791162109375,-0.20943158864974976,-0.39145031571388245,0.5177745223045349
1767708661559912700,18.04791259765625,0.10440196841955185,-0.2934129238128662,0.8963615894317627
1767708661569912600,18.05791259765625,0.3302430808544159,-0.19817139208316803,0.9404118657112122
1767708661579913700,18.067913818359376,0.3870278000831604,-0.13263636827468872,0.5014522671699524
1767708661589913600,18.07791357421875,0.3613767623901367,-0.09323810786008835,-0.023564599454402924
1767708661599914500,18.08791455078125,0.29976534843444824,0.03119037114083767,-0.25432589650154114
1767708661609914600,18.09791455078125,0.30080869793891907,0.14366498589515686,-0.2707942724227905
1767708661619915500,18.10791552734375,0.3021725118160248,0.11114432662725449,-0.1313551664352417
1767708661629915600,18.11791552734375,0.24031320214271545,0.16381493210792542,0.22094114124774933
1767708661639915800,18.127915771484375,0.2644811272621155,0.1955164074897766,0.5539153814315796
1767708661649916700,18.137916748046877,0.3855297267436981,0.200867161154747,0.6654701232910156
1767708661659916500,18.14791650390625,0.40074169635772705,0.11857975274324417,0.5111255645751953
1767708661669917700,18.157917724609376,0.26705506443977356,-0.0689159631729126,0.2111785113811493
1767708661679917600,18.16791748046875,0.10173988342285156,-0.17891737818717957,0.05403657630085945
1767708661689918500,18.17791845703125,-0.023050520569086075,-0.2547019124031067,0.09294162690639496
1767708661699918600,18.187918701171874,-0.09741662442684174,-0.19821225106716156,0.1742711067199707
1767708661709918500,18.19791845703125,-0.10078759491443634,0.009822733700275421,0.23473405838012695
1767708661719919600,18.207919677734374,-0.1028081402182579,0.20386119186878204,0.26885396242141724
1767708661729919700,18.217919677734375,-0.13089072704315186,0.3940765857696533,0.2121097594499588
1767708661739920600,18.227920654296874,-0.13063372671604156,0.6219589710235596,-0.013937748968601227
1767708661749920500,18.23792041015625,-0.07527994364500046,0.8598061203956604,-0.2856353521347046
1767708661759921700,18.247921630859373,-0.024536339566111565,0.9845951795578003,-0.3666825294494629
1767708661769921500,18.257921630859375,-0.013705262914299965,0.887175977230072,-0.26226532459259033
1767708661779922400,18.26792236328125,-0.042398396879434586,0.6288139820098877,-0.13471199572086334
1767708661789922800,18.2779228515625,-0.04313396289944649,0.36816856265068054,-0.07971291989088058
1767708661799922700,18.287922607421876,0.011372420936822891,0.12583580613136292,-0.10189545154571533
1767708661809923600,18.297923583984375,0.061135184019804,-0.01846649870276451,-0.16235053539276123
1767708661819923700,18.307923828125,0.10527468472719193,-0.10954580456018448,-0.2213882952928543
1767708661829924600,18.317924560546874,0.12320175766944885,-0.17125535011291504,-0.2670200765132904
1767708661839924500,18.327924560546876,0.12724393606185913,-0.19291260838508606,-0.3165537714958191
1767708661849925600,18.337925537109374,0.14076747000217438,-0.17553921043872833,-0.3999285399913788
1767708661859925500,18.347925537109376,0.1515551060438156,-0.14324289560317993,-0.5045005083084106
1767708661869926700,18.3579267578125,0.1171121746301651,-0.07022514194250107,-0.6149935126304626
1767708661879926800,18.3679267578125,0.06948234885931015,-0.016485583037137985,-0.7239128351211548
1767708661889926700,18.3779267578125,0.013378335162997246,0.08930742740631104,-0.794354259967804
1767708661899927600,18.387927490234375,0.015500091016292572,0.19299070537090302,-0.8082754611968994
1767708661909927700,18.397927734375,0.01728574000298977,0.26839518547058105,-0.8292158842086792
1767708661919928600,18.407928466796875,0.027469690889120102,0.26949647068977356,-0.8481216430664062
1767708661929928400,18.417928466796877,0.03906243294477463,0.23255176842212677,-0.8480521440505981
1767708661939929600,18.4279296875,0.03674786910414696,0.2173272669315338,-0.8113719820976257
1767708661949929700,18.4379296875,-0.014494279399514198,0.24090741574764252,-0.7565721273422241
1767708661959930600,18.4479306640625,-0.08365795016288757,0.32429271936416626,-0.6891027688980103
1767708661969930800,18.4579306640625,-0.12768372893333435,0.4288598597049713,-0.638091504573822
1767708661979930600,18.4679306640625,-0.12422241270542145,0.5359986424446106,-0.6124013662338257
1767708661989931500,18.477931640625,-0.08650831878185272,0.613907516002655,-0.6092708110809326
1767708661999931600,18.487931640625,-0.06599961966276169,0.6200599670410156,-0.6198084950447083
1767708662009932500,18.4979326171875,-0.029361717402935028,0.5519171357154846,-0.6313450336456299
1767708662019932400,18.507932373046874,0.03293770179152489,0.5052698254585266,-0.6016704440116882
1767708662029933600,18.51793359375,0.09552065283060074,0.44710296392440796,-0.5087868571281433
1767708662039933700,18.52793359375,0.11486585438251495,0.29274803400039673,-0.3666488826274872
1767708662049933600,18.53793359375,0.09479334205389023,0.08645489066839218,-0.18816788494586945
1767708662059934700,18.547934814453125,0.05272738263010979,-0.08221721649169922,-0.021179690957069397
1767708662069934600,18.5579345703125,0.026035046204924583,-0.20081883668899536,0.0510941818356514
1767708662079935500,18.567935546875,-0.022940216585993767,-0.2725461423397064,0.0005754053127020597
1767708662089935600,18.577935546875,-0.10475332289934158,-0.37555959820747375,-0.1039387509226799
1767708662099936500,18.5879365234375,-0.23632679879665375,-0.49306148290634155,-0.18741340935230255
1767708662109936600,18.5979365234375,-0.37955161929130554,-0.5598465800285339,-0.17575910687446594
1767708662119937500,18.6079375,-0.47172975540161133,-0.5059399604797363,-0.04115310311317444
1767708662129937700,18.617937744140626,-0.44590428471565247,-0.4107348620891571,0.10425347089767456
1767708662139937500,18.6279375,-0.2885458171367645,-0.3372771441936493,0.12453983724117279
1767708662149939000,18.63793896484375,-0.12632469832897186,-0.23556303977966309,0.0976211354136467
1767708662159938800,18.647938720703124,-0.05790837109088898,-0.2394530475139618,0.07567523419857025
1767708662169939700,18.657939697265626,-0.14447973668575287,-0.23748737573623657,-0.019032631069421768
1767708662179939800,18.66793994140625,-0.2920980155467987,-0.2888471484184265,-0.09197300672531128
1767708662189940700,18.677940673828125,-0.5243064761161804,-0.3292539715766907,-0.08879931271076202
1767708662199940600,18.687940673828123,-0.6507235169410706,-0.45168933272361755,-0.024691171944141388
1767708662209941500,18.69794140625,-0.5283478498458862,-0.6412814855575562,0.0926395058631897
1767708662219941600,18.707941650390627,-0.3732641935348511,-0.7837523818016052,0.29328739643096924
1767708662229941800,18.717941650390625,-0.22890138626098633,-0.7533823251724243,0.5473463535308838
1767708662239943000,18.72794287109375,-0.09368337690830231,-0.6371843814849854,0.7705626487731934
1767708662249942800,18.73794287109375,0.04249550774693489,-0.5337242484092712,0.8373596668243408
1767708662259943700,18.747943603515626,0.1055450439453125,-0.32624268531799316,0.72758549451828
1767708662269943800,18.75794384765625,0.13279053568840027,-0.052539851516485214,0.5705013871192932
1767708662279944700,18.76794482421875,0.21218685805797577,0.1672024428844452,0.5425359606742859
1767708662289944600,18.777944580078124,0.2649691104888916,0.34878286719322205,0.6701202392578125
1767708662299945700,18.78794580078125,0.22750315070152283,0.42184385657310486,0.7769691944122314
1767708662309945900,18.79794580078125,0.1534387767314911,0.3811156153678894,0.7624602913856506
1767708662319945700,18.80794580078125,0.09375046193599701,0.3139877915382385,0.6843637824058533
1767708662329947000,18.81794677734375,0.05959222465753555,0.2603858411312103,0.6161623597145081
1767708662339946800,18.82794677734375,0.019403010606765747,0.17721496522426605,0.6034334897994995
1767708662349947600,18.83794775390625,-0.054677609354257584,0.08747069537639618,0.6510766744613647
1767708662359947800,18.84794775390625,-0.10960346460342407,-0.020565161481499672,0.7277758121490479
1767708662369948700,18.85794873046875,-0.12135493010282516,-0.0780433714389801,0.7650086879730225
1767708662379948500,18.867948486328125,-0.11264588683843613,-0.11915384232997894,0.7772476673126221
1767708662389949700,18.87794970703125,-0.06164342164993286,-0.18405988812446594,0.775530219078064
1767708662399949800,18.88794970703125,-0.01217755675315857,-0.22256827354431152,0.777126133441925
1767708662409949700,18.89794970703125,0.045494794845581055,-0.20540952682495117,0.800290584564209
1767708662419950800,18.907950927734376,0.10623501241207123,-0.1792234480381012,0.8109042048454285
1767708662429950700,18.91795068359375,0.17706656455993652,-0.12701216340065002,0.7920719385147095
1767708662439951600,18.92795166015625,0.26227185130119324,-0.038923587650060654,0.7349867224693298
1767708662449951700,18.93795166015625,0.3346746861934662,0.014675991609692574,0.6362000107765198
1767708662459953000,18.947952880859376,0.3609714210033417,0.028031514957547188,0.5137960910797119
1767708662469952800,18.957952880859374,0.3552059531211853,0.04272656887769699,0.39168959856033325
1767708662479953700,18.96795361328125,0.27406853437423706,0.009191429242491722,0.2954307198524475
1767708662489953800,18.977953857421873,0.1520102620124817,-0.03573636710643768,0.24539817869663239
1767708662499953700,18.98795361328125,0.05988911911845207,-0.04348509758710861,0.21425917744636536
1767708662509954800,18.997954833984377,0.017629291862249374,-0.02321361005306244,0.1796705275774002
1767708662519954700,19.00795458984375,-0.030883649364113808,-0.0035802540369331837,0.15769891440868378
1767708662529955600,19.01795556640625,-0.10379676520824432,-0.010602944530546665,0.15755391120910645
1767708662539955700,19.027955810546874,-0.1775900274515152,-0.05680026859045029,0.17010459303855896
1767708662549956900,19.037956787109376,-0.2502819895744324,-0.1363082230091095,0.21199269592761993
1767708662559956700,19.047956787109374,-0.29286035895347595,-0.1856270283460617,0.25611966848373413
1767708662569957600,19.05795751953125,-0.2978687882423401,-0.18471726775169373,0.2702607810497284
1767708662579957800,19.067957763671874,-0.28264716267585754,-0.18141476809978485,0.2450328767299652
1767708662589957600,19.07795751953125,-0.25649410486221313,-0.18393544852733612,0.22569486498832703
1767708662599958800,19.087958740234374,-0.19581133127212524,-0.23248566687107086,0.2714559733867645
1767708662609958700,19.097958740234375,-0.057638563215732574,-0.2689115107059479,0.3993954360485077
1767708662619959800,19.107959716796874,0.15986952185630798,-0.19863389432430267,0.5395833849906921
1767708662629960000,19.1179599609375,0.3822421729564667,-0.06357192993164062,0.6080174446105957
1767708662639960800,19.1279609375,0.5110160708427429,0.05546896904706955,0.5151529908180237
1767708662649960700,19.137960693359375,0.4497961103916168,0.194740891456604,0.17750978469848633
1767708662659960800,19.1479609375,0.33227720856666565,0.3356418013572693,-0.23316483199596405
1767708662669961700,19.157961669921875,0.286857008934021,0.37361204624176025,-0.3593998849391937
1767708662679961600,19.167961669921876,0.32965967059135437,0.35476335883140564,-0.05509258061647415
1767708662689962800,19.177962646484374,0.41487178206443787,0.4280221164226532,0.41448450088500977
1767708662699962600,19.187962646484376,0.4904190003871918,0.3776870369911194,0.658870279788971
1767708662709963800,19.1979638671875,0.5413863062858582,0.23986349999904633,0.6021715402603149
1767708662719964000,19.2079638671875,0.48288407921791077,0.15703758597373962,0.3824261426925659
1767708662729964800,19.21796484375,0.35476821660995483,0.07271932065486908,0.21892794966697693
1767708662739964700,19.227964599609376,0.27981674671173096,-0.02571164444088936,0.24289479851722717
1767708662749964800,19.23796484375,0.22891122102737427,-0.0420682467520237,0.25168853998184204
1767708662759965700,19.247965576171875,0.19715143740177155,0.1053004339337349,0.19903068244457245
1767708662769965600,19.257965576171873,0.17881684005260468,0.33187136054039,0.1866459846496582
1767708662779966700,19.267966796875,0.10872985422611237,0.43714597821235657,0.22639724612236023
1767708662789966800,19.277966796875,-0.022153595462441444,0.4426281154155731,0.22685344517230988
1767708662799967700,19.2879677734375,-0.14623665809631348,0.5251390933990479,0.09302406013011932
1767708662809967900,19.2979677734375,-0.1977749466896057,0.6061239838600159,-0.07625310868024826
1767708662819968800,19.30796875,-0.1971980780363083,0.610468864440918,-0.135203018784523
1767708662829968600,19.31796875,-0.21249128878116608,0.5886753797531128,-0.08062632381916046
1767708662839968800,19.32796875,-0.250424325466156,0.46774405241012573,-0.012046394869685173
1767708662849969700,19.3379697265625,-0.2840113043785095,0.3098452389240265,-0.006964017171412706
1767708662859969500,19.347969482421874,-0.2900014817714691,0.15227502584457397,-0.06431294977664948
1767708662869970700,19.357970703125,-0.2541654407978058,0.07418447732925415,-0.13289014995098114
1767708662879970800,19.367970703125,-0.18539120256900787,0.011114373803138733,-0.18851564824581146
1767708662889971700,19.3779716796875,-0.09136005491018295,-0.03829178959131241,-0.22512932121753693
1767708662899971800,19.387971923828125,-0.034759581089019775,-0.03806092217564583,-0.2573585510253906
1767708662909972700,19.39797265625,0.029451625421643257,-0.0014760135672986507,-0.2435402125120163
1767708662919972600,19.40797265625,0.037151869386434555,-0.05615328624844551,-0.27120938897132874
1767708662929972700,19.41797265625,-0.014072434045374393,-0.11594338715076447,-0.3320956528186798
1767708662939974000,19.427973876953125,-0.10888264328241348,-0.07538845390081406,-0.3738435208797455
1767708662949973800,19.437973876953127,-0.21403703093528748,0.000853855162858963,-0.4453358054161072
1767708662959974700,19.447974609375,-0.2240065634250641,0.08984819799661636,-0.5368815660476685
1767708662969974800,19.457974853515626,-0.21875587105751038,0.20818468928337097,-0.6357013583183289
1767708662979975700,19.4679755859375,-0.18437689542770386,0.33972838521003723,-0.7230413556098938
1767708662989975800,19.477975830078126,-0.1432584971189499,0.41468968987464905,-0.7740581631660461
1767708662999976700,19.487976806640624,-0.11327874660491943,0.4756704866886139,-0.7793030142784119
1767708663009976600,19.4979765625,-0.07871457934379578,0.5598055720329285,-0.7487676739692688
1767708663019976700,19.507976806640624,-0.026150168851017952,0.6057403087615967,-0.7051094174385071
1767708663029977900,19.517977783203126,0.012728543020784855,0.5798519849777222,-0.6694901585578918
1767708663039977700,19.527977783203124,0.027437979355454445,0.5151441097259521,-0.6312428712844849
1767708663049978600,19.537978515625,0.017947573214769363,0.40596646070480347,-0.5770744681358337
1767708663059978800,19.547978759765623,0.012316851876676083,0.27922502160072327,-0.5246626138687134
1767708663069979600,19.557979736328125,0.02533566579222679,0.17284826934337616,-0.5068864822387695
1767708663079979800,19.567979736328127,0.07406675070524216,0.0821305513381958,-0.5063343048095703
1767708663089981000,19.57798095703125,0.12388144433498383,0.01918886974453926,-0.4439332187175751
1767708663099980800,19.587980712890626,0.14878837764263153,-0.09137226641178131,-0.29837149381637573
1767708663109980400,19.59798046875,0.1531047821044922,-0.2438235729932785,-0.13588452339172363
1767708663119981300,19.607981201171874,0.13486719131469727,-0.35379400849342346,-0.04537326842546463
1767708663129981200,19.617981201171876,0.08542025834321976,-0.3938385844230652,-0.07261166721582413
1767708663139982300,19.627982421875,-0.026282301172614098,-0.41423654556274414,-0.20474760234355927
1767708663149982200,19.637982177734376,-0.26581117510795593,-0.4277745187282562,-0.3622759282588959
1767708663159983000,19.647983154296874,-0.5378475189208984,-0.4262884855270386,-0.4030185639858246
1767708663169983200,19.657983154296875,-0.6610392928123474,-0.3542591631412506,-0.2963374853134155
1767708663179984400,19.667984375,-0.5034393072128296,-0.3394414186477661,-0.23928821086883545
1767708663189984300,19.677984375,-0.28910142183303833,-0.22960974276065826,-0.2994721829891205
1767708663199984400,19.687984375,-0.13424819707870483,-0.20060791075229645,-0.36208897829055786
1767708663209985300,19.6979853515625,-0.08803001791238785,-0.33521568775177,-0.4384184181690216
1767708663219985200,19.707985107421877,-0.11584753543138504,-0.45386403799057007,-0.601157546043396
1767708663229986300,19.717986328125,-0.19778631627559662,-0.3938961327075958,-0.741360604763031
1767708663239986200,19.727986083984376,-0.36007988452911377,-0.3186277151107788,-0.7300443053245544
1767708663249987000,19.737987060546875,-0.5351601243019104,-0.3373979926109314,-0.5181834101676941
1767708663259987200,19.7479873046875,-0.5063023567199707,-0.5245620608329773,-0.2701912224292755
1767708663269987300,19.7579873046875,-0.3850798010826111,-0.6173843741416931,-0.10110361129045486
1767708663279988200,19.76798828125,-0.24271446466445923,-0.5548978447914124,0.052124299108982086
1767708663289988400,19.77798828125,-0.10376696288585663,-0.5048719644546509,0.18234916031360626
1767708663299989200,19.7879892578125,0.04320840910077095,-0.47264364361763,0.2407674789428711
1767708663309989000,19.797989013671874,0.17473554611206055,-0.37330853939056396,0.20975789427757263
1767708663319990300,19.807990234375,0.2639354169368744,-0.1775459349155426,0.18894387781620026
1767708663329990100,19.817990234375,0.3302749991416931,0.04105804115533829,0.2648197412490845
1767708663339991300,19.8279912109375,0.30675941705703735,0.19703182578086853,0.3832687437534332
1767708663349991400,19.837991455078125,0.18529851734638214,0.1534675657749176,0.5266104340553284
1767708663359992300,19.847992431640623,0.05828963965177536,0.1315336376428604,0.5991538763046265
1767708663369992200,19.8579921875,-0.041568778455257416,0.10142261534929276,0.5713861584663391
1767708663379992300,19.867992431640626,-0.10482608526945114,0.03800865635275841,0.5315250754356384
1767708663389993200,19.8779931640625,-0.14578229188919067,0.008626000955700874,0.5028539896011353
1767708663399993000,19.8879931640625,-0.15725387632846832,-0.04134199023246765,0.4824630618095398
1767708663409994200,19.897994140625,-0.1399127095937729,-0.09900874644517899,0.46922767162323
1767708663419994000,19.907994140625,-0.08946225792169571,-0.15317118167877197,0.4643900394439697
1767708663429995300,19.917995361328124,-0.019301550462841988,-0.20973485708236694,0.47896021604537964
1767708663439995400,19.927995361328126,0.04439195990562439,-0.24197223782539368,0.5301650762557983
1767708663449995300,19.937995361328124,0.11821585148572922,-0.25641536712646484,0.6218997836112976
1767708663459996200,19.94799609375,0.23371341824531555,-0.24172376096248627,0.7275391221046448
1767708663469996300,19.957996337890624,0.3442457318305969,-0.18502803146839142,0.8054012656211853
1767708663479997200,19.9679970703125,0.39802664518356323,-0.12275773286819458,0.8458496332168579
1767708663489997000,19.9779970703125,0.39332115650177,-0.08117251843214035,0.8259773254394531
1767708663499998200,19.987998291015625,0.3525809049606323,-0.016566094011068344,0.7774462699890137
1767708663509998300,19.997998291015627,0.32909151911735535,0.04027881845831871,0.7137272953987122
1767708663519999200,20.007999267578125,0.31445613503456116,0.07352199405431747,0.6439570188522339
1767708663529999400,20.017999267578126,0.2845512628555298,0.1078052669763565,0.5697677135467529
1767708663539999200,20.027999267578124,0.2420341670513153,0.13165387511253357,0.5067264437675476
1767708663550000000,20.038000244140626,0.19606582820415497,0.13349704444408417,0.4551069140434265
1767708663560000300,20.048000244140624,0.14334401488304138,0.11187376827001572,0.42161473631858826
1767708663570001200,20.058001220703126,0.0654500424861908,0.027979189530014992,0.39479145407676697
1767708663580001000,20.0680009765625,-0.02452935092151165,-0.09650979936122894,0.38871264457702637
1767708663590002200,20.078002197265626,-0.11635380983352661,-0.21289101243019104,0.40223509073257446
1767708663600002300,20.088002197265624,-0.2193734049797058,-0.3226633071899414,0.4451596736907959
1767708663610003200,20.098003173828126,-0.3248705565929413,-0.43135198950767517,0.5024779438972473
1767708663620003300,20.10800341796875,-0.43115970492362976,-0.4866107106208801,0.5340058207511902
1767708663630003200,20.118003173828125,-0.5035383701324463,-0.5741416215896606,0.48730653524398804
1767708663640004000,20.128004150390623,-0.549359917640686,-0.6517890095710754,0.3727181851863861
1767708663650004200,20.138004150390625,-0.45840245485305786,-0.5645073652267456,0.32335910201072693
1767708663660005400,20.14800537109375,-0.16095317900180817,-0.307667076587677,0.4084729254245758
1767708663670005200,20.158005126953125,0.24313350021839142,-0.07274699211120605,0.5478237867355347
1767708663680006100,20.168006103515626,0.5984814167022705,0.061244722455739975,0.5945255756378174
1767708663690006300,20.17800634765625,0.7149382829666138,0.1257091909646988,0.48621025681495667
1767708663700007200,20.188007080078126,0.6184855699539185,0.006762975826859474,0.4038490653038025
1767708663710007300,20.19800732421875,0.4781601130962372,-0.22098442912101746,0.43672579526901245
1767708663720007200,20.208007080078126,0.3658183813095093,-0.5807433724403381,0.5540955662727356
1767708663730008000,20.218008056640624,0.2838617265224457,-0.760066568851471,0.6784305572509766
1767708663740008200,20.22800830078125,0.20393100380897522,-0.7444989085197449,0.7423214912414551
1767708663750009300,20.23800927734375,0.15715497732162476,-0.6677774786949158,0.6728542447090149
1767708663760009200,20.24800927734375,0.23823970556259155,-0.43601739406585693,0.49743449687957764
1767708663770010000,20.258010009765623,0.36288711428642273,-0.1904558390378952,0.3372296392917633
1767708663780010200,20.26801025390625,0.3402952253818512,-0.12284131348133087,0.2977324426174164
1767708663790011100,20.27801123046875,0.16217419505119324,-0.21413634717464447,0.29815083742141724
1767708663800011300,20.28801123046875,-0.020361430943012238,-0.20081885159015656,0.21349553763866425
1767708663810011100,20.29801123046875,-0.11965339630842209,-0.01640346832573414,0.05643082037568092
1767708663820012300,20.30801220703125,-0.12447404861450195,0.19768762588500977,-0.004194538574665785
1767708663830012400,20.318012451171874,-0.1281910240650177,0.32860252261161804,0.01110878400504589
1767708663840013300,20.328013427734376,-0.24272431433200836,0.4185924232006073,-0.014401992782950401
1767708663850013200,20.33801318359375,-0.3734990954399109,0.5567745566368103,-0.1946769505739212
1767708663860014000,20.34801416015625,-0.38979578018188477,0.6955389976501465,-0.4452270269393921
1767708663870014200,20.35801416015625,-0.3303249776363373,0.7973884344100952,-0.5923333764076233
1767708663880015000,20.36801513671875,-0.30401211977005005,0.732812762260437,-0.6160093545913696
1767708663890015200,20.37801513671875,-0.3117278516292572,0.48850372433662415,-0.565848708152771
1767708663900015000,20.38801513671875,-0.31056663393974304,0.19525936245918274,-0.5258354544639587
1767708663910016300,20.398016357421874,-0.2729201912879944,-0.005574151873588562,-0.5022726058959961
1767708663920016400,20.408016357421875,-0.21645931899547577,-0.13461042940616608,-0.48911282420158386
1767708663930017300,20.418017333984373,-0.1565280705690384,-0.1566196233034134,-0.4948504567146301
1767708663940017200,20.42801708984375,-0.09513954818248749,-0.15095826983451843,-0.5139729976654053
1767708663950018000,20.43801806640625,-0.0644238218665123,-0.13769599795341492,-0.5622696876525879
1767708663960018200,20.44801806640625,-0.07238294184207916,-0.12802046537399292,-0.6412886381149292
1767708663970018000,20.45801806640625,-0.07544660568237305,-0.10287027060985565,-0.7346264719963074
1767708663980019500,20.46801953125,-0.06242801249027252,-0.0771273598074913,-0.7973854541778564
1767708663990019300,20.478019287109376,-0.03995545208454132,-0.04814601689577103,-0.8188669681549072
1767708664000020200,20.488020263671874,0.0009118195157498121,0.002039652317762375,-0.7915050983428955
1767708664010020400,20.498020263671876,0.05533803999423981,0.017222190275788307,-0.7363564372062683
1767708664020021200,20.508021240234374,0.05871439725160599,0.01235899142920971,-0.6991909742355347
1767708664030021000,20.518021240234376,-0.023768799379467964,0.03661283478140831,-0.663883626461029
1767708664040022000,20.52802197265625,-0.12077870219945908,0.03529110550880432,-0.6109703183174133
1767708664050022100,20.538022216796875,-0.13857872784137726,-0.009747187606990337,-0.5465960502624512
1767708664060023300,20.548023193359374,-0.1171562671661377,0.018763815984129906,-0.49411866068840027
1767708664070023400,20.5580234375,-0.07817614823579788,0.12669110298156738,-0.4769003689289093
1767708664080023300,20.568023193359377,-0.03601505234837532,0.20465131103992462,-0.5242949724197388
1767708664090024200,20.578024169921875,0.011992419138550758,0.20607849955558777,-0.5684860944747925
1767708664100024300,20.5880244140625,0.06952362507581711,0.15737195312976837,-0.5339787602424622
1767708664110026000,20.59802587890625,0.1319742649793625,0.0887669026851654,-0.4088901877403259
1767708664120025900,20.60802587890625,0.20582425594329834,0.02687157690525055,-0.24620433151721954
1767708664130027000,20.618027099609375,0.2683278024196625,-0.07109206169843674,-0.10604383796453476
1767708664140027100,20.628027099609376,0.29677408933639526,-0.19048744440078735,0.003141503781080246
1767708664150027000,20.638027099609374,0.2928999662399292,-0.2559970021247864,0.0996788889169693
1767708664160028000,20.64802783203125,0.2238924205303192,-0.26909682154655457,0.15764287114143372
1767708664170028000,20.658028076171874,0.0804247111082077,-0.2739717960357666,0.09316409379243851
1767708664180029000,20.66802880859375,-0.10300787538290024,-0.2894830107688904,-0.11906182765960693
1767708664190028800,20.67802880859375,-0.30434390902519226,-0.38942480087280273,-0.3572104573249817
1767708664200030200,20.6880302734375,-0.4914984405040741,-0.500019907951355,-0.5200214385986328
1767708664210030000,20.698030029296874,-0.5593698620796204,-0.539017915725708,-0.5647338032722473
1767708664220031000,20.708031005859375,-0.43159356713294983,-0.4387364983558655,-0.5201274752616882
1767708664230031000,20.718031005859373,-0.17491331696510315,-0.2541453540325165,-0.4938332438468933
1767708664240031000,20.728031005859375,-0.004123921971768141,-0.11165674030780792,-0.47224387526512146
1767708664250031900,20.738031982421877,0.0008042576955631375,-0.21917840838432312,-0.4605395495891571
1767708664260032000,20.748031982421875,-0.062241330742836,-0.3705565929412842,-0.5564366579055786
1767708664270033000,20.758032958984376,-0.20235157012939453,-0.3862261176109314,-0.6115017533302307
1767708664280032800,20.76803271484375,-0.4050133526325226,-0.3538713753223419,-0.546629786491394
1767708664290034200,20.7780341796875,-0.5899397730827332,-0.3105292320251465,-0.45045027136802673
1767708664300034000,20.788033935546874,-0.48150700330734253,-0.3259662091732025,-0.28169623017311096
1767708664310035000,20.798034912109376,-0.3137321174144745,-0.3013215959072113,0.024252504110336304
1767708664320035000,20.80803515625,-0.21173948049545288,-0.17851752042770386,0.3158641457557678
1767708664330035000,20.818034912109376,-0.0898205041885376,-0.03401999548077583,0.42907723784446716
1767708664340035800,20.828035888671874,0.014860136434435844,0.07064524292945862,0.342623770236969
1767708664350036000,20.838035888671875,0.029187411069869995,0.1696314811706543,0.25341930985450745
1767708664360037000,20.848037109375,-0.020337069407105446,0.1624135822057724,0.27330297231674194
1767708664370037000,20.858037109375,-0.05665646493434906,0.1145392656326294,0.3863951563835144
1767708664380038100,20.8680380859375,-0.056933965533971786,0.10584324598312378,0.5461044311523438
1767708664390038000,20.8780380859375,-0.060637060552835464,0.06449349224567413,0.7343059182167053
1767708664400039000,20.888038818359377,-0.07598885893821716,-0.018235480412840843,0.8905141353607178
1767708664410039000,20.8980390625,-0.07171148806810379,-0.12442553043365479,0.9208109378814697
1767708664420039000,20.908038818359376,-0.07602154463529587,-0.19573380053043365,0.8310115337371826
1767708664430039800,20.918039794921874,-0.07933829724788666,-0.20596618950366974,0.7184909582138062
1767708664440040000,20.9280400390625,-0.03281395882368088,-0.19364354014396667,0.6497471928596497
1767708664450041000,20.938041015625,0.03258635103702545,-0.17582857608795166,0.6369046568870544
1767708664460041000,20.948041015625,0.10311617702245712,-0.10576055943965912,0.632011890411377
1767708664470042000,20.9580419921875,0.19363224506378174,-0.011023744009435177,0.619666576385498
1767708664480042000,20.9680419921875,0.30100157856941223,0.11829403042793274,0.6238019466400146
1767708664490043000,20.97804296875,0.40824902057647705,0.21706396341323853,0.6505064368247986
1767708664500043000,20.98804296875,0.48117169737815857,0.2796016335487366,0.6801987886428833
1767708664510043000,20.99804296875,0.5019131302833557,0.3202015161514282,0.7002229690551758
1767708664520044000,21.0080439453125,0.4801180958747864,0.38169869780540466,0.6934577226638794
1767708664530044200,21.018044189453125,0.42698031663894653,0.45436426997184753,0.6593958139419556
1767708664540045000,21.028045166015627,0.38388824462890625,0.47717875242233276,0.6084966659545898
1767708664550045000,21.038044921875,0.3309563398361206,0.4294772148132324,0.5727112293243408
1767708664560046000,21.048046142578126,0.27580973505973816,0.34185919165611267,0.5686722993850708
1767708664570046000,21.0580458984375,0.2010427862405777,0.2560857832431793,0.598609447479248
1767708664580045800,21.0680458984375,0.11949360370635986,0.20789296925067902,0.6068450212478638
1767708664590047000,21.078046875,0.05120161175727844,0.14576388895511627,0.5769983530044556
1767708664600046800,21.088046875,0.013719748705625534,0.1052313894033432,0.5344732999801636
1767708664610048000,21.098048095703124,-0.012479575350880623,0.07466044276952744,0.5116958618164062
1767708664620048100,21.108048095703126,-0.0377790704369545,0.04154083877801895,0.5195537805557251
1767708664630049000,21.118049072265624,-0.07834143191576004,0.028232963755726814,0.5372879505157471
1767708664640049000,21.128048828125,-0.12155523896217346,0.06524498760700226,0.5406346917152405
1767708664650050000,21.138050048828124,-0.14675167202949524,0.16060586273670197,0.5341083407402039
1767708664660050000,21.1480498046875,-0.12566982209682465,0.25992581248283386,0.5275668501853943
1767708664670049800,21.1580498046875,-0.05937015637755394,0.31718963384628296,0.5290418267250061
1767708664680051200,21.16805126953125,-0.006442031357437372,0.31280720233917236,0.553127110004425
1767708664690051000,21.178051025390626,0.030674977228045464,0.23588445782661438,0.5780305862426758
1767708664700052000,21.188052001953125,0.06964483112096786,0.15732556581497192,0.5825645327568054
1767708664710052000,21.198052001953126,0.18414051830768585,0.08553845435380936,0.566973090171814
1767708664720053000,21.208052978515624,0.3207433223724365,0.06165367737412453,0.5329344868659973
1767708664730052900,21.218052978515626,0.4120548665523529,0.11244388669729233,0.41319501399993896
1767708664740054000,21.228053955078124,0.4437633156776428,0.16765066981315613,0.19504287838935852
1767708664750054000,21.238053955078126,0.48240232467651367,0.32846567034721375,-0.008726483210921288
1767708664760053800,21.2480537109375,0.5554872155189514,0.4300260543823242,-0.11181827634572983
1767708664770055200,21.25805517578125,0.6698516011238098,0.44391658902168274,-0.02578273043036461
1767708664780055000,21.268054931640624,0.729030430316925,0.3935144543647766,0.23405571281909943
1767708664790056000,21.278055908203125,0.652752697467804,0.20166300237178802,0.4292915463447571
1767708664800056000,21.28805615234375,0.5338111519813538,0.062155984342098236,0.4879797101020813
1767708664810057000,21.298056884765625,0.44582003355026245,0.13941055536270142,0.38671913743019104
1767708664820056800,21.308056884765627,0.30203866958618164,0.30802375078201294,0.14929553866386414
1767708664830058000,21.31805810546875,0.10269572585821152,0.3687845468521118,-0.09785114228725433
1767708664840058000,21.32805810546875,-0.07036419957876205,0.2767769992351532,-0.23112164437770844
1767708664850058000,21.33805810546875,-0.20370441675186157,0.2468915432691574,-0.2565963566303253
1767708664860059100,21.34805908203125,-0.2931666374206543,0.26624470949172974,-0.23339784145355225
1767708664870059000,21.35805908203125,-0.34543123841285706,0.2910640239715576,-0.1818154901266098
1767708664880060000,21.368059814453126,-0.3659258484840393,0.31014424562454224,-0.12560707330703735
1767708664890060000,21.37806005859375,-0.37462425231933594,0.42043718695640564,-0.15221665799617767
1767708664900061000,21.38806103515625,-0.38752567768096924,0.559192955493927,-0.316549152135849
1767708664910060800,21.398060791015624,-0.3983458876609802,0.6929540634155273,-0.5324319005012512
1767708664920062000,21.40806201171875,-0.43525248765945435,0.7241281867027283,-0.6356016993522644
1767708664930062000,21.41806201171875,-0.5051902532577515,0.612861692905426,-0.5853453874588013
1767708664940062000,21.42806201171875,-0.5768268704414368,0.46917325258255005,-0.4900606870651245
1767708664950063000,21.43806298828125,-0.595405638217926,0.33604031801223755,-0.4668220281600952
1767708664960063000,21.44806298828125,-0.541242241859436,0.24844522774219513,-0.5082526206970215
1767708664970064000,21.45806396484375,-0.45766881108283997,0.23867429792881012,-0.5469110608100891
1767708664980064000,21.46806396484375,-0.35581302642822266,0.24964523315429688,-0.5589745044708252
1767708664990065000,21.47806494140625,-0.28122588992118835,0.2893790602684021,-0.5436144471168518
1767708665000065000,21.48806494140625,-0.2152295708656311,0.33971890807151794,-0.5488369464874268
1767708665010066000,21.49806591796875,-0.1922730803489685,0.32404354214668274,-0.5892161726951599
1767708665020066000,21.508066162109376,-0.19010500609874725,0.26720529794692993,-0.6853336691856384
1767708665030066000,21.51806591796875,-0.22051861882209778,0.21333125233650208,-0.7919825911521912
1767708665040067000,21.528067138671876,-0.276947557926178,0.18816331028938293,-0.8587011694908142
1767708665050067000,21.53806689453125,-0.3353613615036011,0.23710334300994873,-0.8925360441207886
1767708665060067800,21.54806787109375,-0.38087716698646545,0.3333214819431305,-0.919040858745575
1767708665070068000,21.55806787109375,-0.3834978938102722,0.3989337682723999,-0.9499878287315369
1767708665080069000,21.568069091796875,-0.35030266642570496,0.4329356551170349,-0.9665803909301758
1767708665090069000,21.578069091796873,-0.321286141872406,0.4150991141796112,-0.9655851125717163
1767708665100069000,21.588069091796875,-0.31376883387565613,0.3561348617076874,-0.925493597984314
1767708665110069800,21.59806982421875,-0.31112226843833923,0.2874486744403839,-0.8410394191741943
1767708665120069600,21.608069580078126,-0.29813453555107117,0.23443081974983215,-0.7425711154937744
1767708665130071000,21.618071044921876,-0.26150116324424744,0.1777464896440506,-0.6623021364212036
1767708665140071000,21.62807080078125,-0.20483973622322083,0.1032651960849762,-0.6255263090133667
1767708665150071800,21.63807177734375,-0.1452706903219223,0.019201718270778656,-0.6157200336456299
1767708665160072000,21.648072021484374,-0.04122369363903999,-0.05316939204931259,-0.6233208179473877
1767708665170072800,21.65807275390625,0.08480667322874069,-0.09529873728752136,-0.6299057602882385
1767708665180072700,21.66807275390625,0.18337081372737885,-0.13633131980895996,-0.5782099366188049
1767708665190072800,21.67807275390625,0.22925761342048645,-0.2137821763753891,-0.42378097772598267
1767708665200074000,21.688073974609374,0.2183367908000946,-0.31404489278793335,-0.20197224617004395
1767708665210073900,21.698073974609375,0.15043815970420837,-0.4191492199897766,-0.02486405521631241
1767708665220075000,21.708074951171874,0.04390934109687805,-0.4737471640110016,-0.0016932664439082146
1767708665230075000,21.718074951171875,-0.07021377235651016,-0.5048882961273193,-0.1228383406996727
1767708665240075800,21.72807568359375,-0.16327287256717682,-0.5599539279937744,-0.2530043125152588
1767708665250076000,21.738075927734375,-0.2119210958480835,-0.5870446562767029,-0.28239816427230835
1767708665260076800,21.748076904296877,-0.18406596779823303,-0.5858319401741028,-0.1821126788854599
1767708665270076700,21.75807666015625,-0.052393943071365356,-0.641396701335907,-0.10467834025621414
1767708665280076800,21.768076904296876,0.09883071482181549,-0.7048751711845398,-0.24594934284687042
1767708665290078000,21.778077880859374,0.19499507546424866,-0.7815651297569275,-0.5566105246543884
1767708665300077800,21.788077880859376,0.25182977318763733,-0.6405238509178162,-0.8108021020889282
1767708665310079000,21.798078857421874,0.23965035378932953,-0.5722015500068665,-0.9858284592628479
1767708665320078800,21.808078857421876,0.13140669465065002,-0.44276130199432373,-1.088995337486267
1767708665330079700,21.818079833984374,-0.05620367079973221,-0.33102089166641235,-1.0202968120574951
1767708665340079900,21.828079833984376,-0.3236100673675537,-0.3848438858985901,-0.7324280738830566
1767708665350081000,21.8380810546875,-0.5757664442062378,-0.5535923838615417,-0.4758506715297699
1767708665360081000,21.848080810546875,-0.5870881080627441,-0.5492373108863831,-0.22340215742588043
1767708665370081000,21.8580810546875,-0.4861963391304016,-0.38474878668785095,0.04689422994852066
1767708665380082000,21.86808203125,-0.3470146954059601,-0.21837066113948822,0.1845712959766388
1767708665390081800,21.878081787109377,-0.19356681406497955,-0.060460932552814484,0.17366990447044373
1767708665400083000,21.8880830078125,-0.04984773322939873,0.0097495811060071,0.12616576254367828
1767708665410082800,21.898082763671876,0.043792448937892914,0.047637127339839935,0.15490391850471497
1767708665420083700,21.908083740234375,0.08538756519556046,0.09939645975828171,0.22046828269958496
1767708665430083800,21.918083740234376,0.1557581126689911,0.11789203435182571,0.26059475541114807
1767708665440085000,21.9280849609375,0.19530178606510162,0.15372779965400696,0.34920239448547363
1767708665450084900,21.9380849609375,0.17378774285316467,0.20183324813842773,0.4927647113800049
1767708665460085000,21.9480849609375,0.12767218053340912,0.1986318677663803,0.6816416382789612
1767708665470086000,21.9580859375,0.09272614866495132,0.17032569646835327,0.8560936450958252
1767708665480085800,21.968085693359374,0.06158288195729256,0.08670404553413391,0.9579028487205505
1767708665490087000,21.9780869140625,-0.01700703240931034,-0.02692645974457264,0.9979597926139832
1767708665500086800,21.988086669921874,-0.11073379218578339,-0.12061433494091034,1.0371184349060059
1767708665510088000,21.998087890625,-0.13378523290157318,-0.18192102015018463,1.0895977020263672
1767708665520088000,22.008088134765625,-0.07172132283449173,-0.19012142717838287,1.1409286260604858
1767708665530089000,22.0180888671875,0.03151208162307739,-0.18772053718566895,1.1812318563461304
1767708665540088800,22.0280888671875,0.1581352800130844,-0.15758633613586426,1.1952733993530273
1767708665550089000,22.0380888671875,0.26578289270401,-0.08382383733987808,1.16944420337677
1767708665560089900,22.04808984375,0.3801574409008026,-0.022851504385471344,1.0974416732788086
1767708665570089700,22.05808984375,0.4746147096157074,0.06478486955165863,1.002970576286316
1767708665580091000,22.0680908203125,0.5202106237411499,0.15968182682991028,0.9110046625137329
1767708665590090800,22.0780908203125,0.5436661839485168,0.2083376795053482,0.8410881757736206
1767708665600092000,22.088091796875,0.5621160268783569,0.2207261323928833,0.787567138671875
1767708665610092000,22.098092041015626,0.5627485513687134,0.1630021184682846,0.750136137008667
1767708665620092000,22.108091796875,0.523703932762146,0.1053984984755516,0.7339850068092346
1767708665630092800,22.1180927734375,0.43381422758102417,0.08374886214733124,0.7145814895629883
1767708665640093000,22.128093017578124,0.3378171920776367,0.05558053031563759,0.660347580909729
1767708665650093800,22.13809375,0.23027503490447998,0.05313867703080177,0.5720105767250061
1767708665660093700,22.14809375,0.12683622539043427,0.01945614628493786,0.4774301052093506
1767708665670094800,22.1580947265625,0.02596474252641201,-0.05275200307369232,0.43739694356918335
1767708665680095000,22.168094970703127,-0.06853195279836655,-0.15071257948875427,0.45605531334877014
1767708665690095900,22.178095947265625,-0.16069437563419342,-0.2566286027431488,0.5015397071838379
1767708665700096000,22.188095947265627,-0.2571498155593872,-0.3223181664943695,0.5269187092781067
1767708665710096000,22.198095947265625,-0.3780357539653778,-0.3414199650287628,0.5119280815124512
1767708665720096800,22.2080966796875,-0.4620624780654907,-0.34892117977142334,0.4489588737487793
1767708665730097000,22.218096923828124,-0.4948534667491913,-0.33939263224601746,0.38137051463127136
1767708665740097800,22.228097900390626,-0.48437047004699707,-0.3161531686782837,0.40050458908081055
1767708665750097700,22.23809765625,-0.3426538407802582,-0.25338539481163025,0.5725570321083069
1767708665760098800,22.248098876953126,-0.12032217532396317,-0.1544678658246994,0.8179483413696289
1767708665770099000,22.258098876953124,0.12213067710399628,-0.061407703906297684,1.0178545713424683
1767708665780099800,22.268099853515626,0.31461647152900696,0.015112843364477158,1.1142667531967163
1767708665790100000,22.278099853515624,0.3959938883781433,0.08692284673452377,1.0216617584228516
1767708665800099800,22.288099853515625,0.35486483573913574,0.05538676679134369,0.7342755198478699
1767708665810100700,22.298100830078123,0.1956304907798767,-0.033116601407527924,0.32061251997947693
1767708665820100900,22.308100830078125,0.09009021520614624,-0.04613626375794411,-0.047373998910188675
1767708665830102000,22.31810205078125,0.07385045289993286,0.07423803210258484,-0.26187005639076233
1767708665840102000,22.328101806640625,0.09080280363559723,-0.03786906227469444,-0.2643052339553833
1767708665850102800,22.338102783203126,0.09281671792268753,-0.06807801872491837,-0.07387173175811768
1767708665860103000,22.34810302734375,0.13099581003189087,0.03816266730427742,0.15760117769241333
1767708665870103800,22.358103759765626,0.24667443335056305,0.27777692675590515,0.3728170692920685
1767708665880104000,22.36810400390625,0.30554521083831787,0.40812402963638306,0.4758926033973694
1767708665890103800,22.378103759765626,0.2521698474884033,0.3386380076408386,0.3879700303077698
1767708665900104700,22.388104736328124,0.13723795115947723,0.191326305270195,0.12556210160255432
1767708665910104800,22.398104736328126,0.14179596304893494,0.16523240506649017,-0.14605624973773956
1767708665920106000,22.40810595703125,0.24204958975315094,0.27412986755371094,-0.28132563829421997
1767708665930105900,22.41810595703125,0.31311872601509094,0.36446499824523926,-0.2373797595500946
1767708665940106800,22.428106689453124,0.2813008725643158,0.38481953740119934,-0.07308269292116165
1767708665950107000,22.43810693359375,0.17975448071956635,0.3943979740142822,0.04040931165218353
1767708665960106800,22.448106689453127,0.03626495972275734,0.49992066621780396,-0.04055264964699745
1767708665970108000,22.45810791015625,-0.12254936248064041,0.673588216304779,-0.2844522297382355
1767708665980107800,22.468107666015626,-0.246418297290802,0.8268254399299622,-0.5414168834686279
1767708665990109000,22.47810888671875,-0.3097273111343384,0.8324620723724365,-0.6623559594154358
1767708666000109000,22.488109130859375,-0.34922465682029724,0.6489798426628113,-0.6419920921325684
1767708666010110000,22.49810986328125,-0.3872620165348053,0.43604516983032227,-0.5647481083869934
1767708666020109800,22.50810986328125,-0.39390233159065247,0.2996854782104492,-0.5124287009239197
1767708666030110700,22.51811083984375,-0.34741899371147156,0.19068890810012817,-0.5171072483062744
1767708666040110800,22.52811083984375,-0.24870307743549347,0.09221506863832474,-0.5554748773574829
1767708666050110700,22.53811083984375,-0.155101478099823,0.06775221228599548,-0.5830613970756531
1767708666060112000,22.54811181640625,-0.06046951934695244,0.07897024601697922,-0.5850673317909241
1767708666070111700,22.55811181640625,0.05375668406486511,0.07418754696846008,-0.5806431174278259
1767708666080113000,22.56811279296875,0.1240965723991394,0.0642041489481926,-0.5908308029174805
1767708666090113000,22.578113037109375,0.055861327797174454,0.08446760475635529,-0.6271781325340271
1767708666100114000,22.588114013671873,-0.03375963494181633,0.11887457966804504,-0.6701892614364624
1767708666110113500,22.598113525390627,-0.08452587574720383,0.116411954164505,-0.7335149645805359
1767708666120114700,22.60811474609375,-0.07410036027431488,0.15406249463558197,-0.7956104874610901
1767708666130114600,22.618114501953126,-0.043820757418870926,0.21090713143348694,-0.8547273874282837
1767708666140114400,22.628114501953124,-0.05425230413675308,0.23827843368053436,-0.8968599438667297
1767708666150115600,22.638115478515626,-0.09720110148191452,0.22561722993850708,-0.9101957082748413
1767708666160115700,22.64811572265625,-0.13859625160694122,0.20878739655017853,-0.889835000038147
1767708666170116600,22.65811669921875,-0.16836240887641907,0.2244129627943039,-0.8386943340301514
1767708666180116700,22.66811669921875,-0.17261762917041779,0.2588502764701843,-0.8005271553993225
1767708666190117600,22.67811767578125,-0.1516878455877304,0.3020866811275482,-0.7747877240180969
1767708666200117500,22.688117431640624,-0.1364189088344574,0.3748706579208374,-0.7599290013313293
1767708666210118700,22.69811865234375,-0.11410001665353775,0.40721848607063293,-0.7389020323753357
1767708666220118500,22.708118408203124,-0.04539649933576584,0.36532652378082275,-0.7097010016441345
1767708666230118400,22.718118408203125,0.0669470801949501,0.2780856192111969,-0.687164306640625
1767708666240119800,22.728119873046875,0.18992410600185394,0.16344283521175385,-0.6751409769058228
1767708666250119700,22.73811962890625,0.27315643429756165,0.0212276428937912,-0.6025844812393188
1767708666260120600,22.74812060546875,0.2933107018470764,-0.13171637058258057,-0.4237252175807953
1767708666270120700,22.75812060546875,0.28718167543411255,-0.3189868628978729,-0.17452512681484222
1767708666280121600,22.76812158203125,0.26339805126190186,-0.45832425355911255,0.060535866767168045
1767708666290121500,22.77812158203125,0.2070101797580719,-0.5401837229728699,0.16479864716529846
1767708666300122600,22.78812255859375,0.12286919355392456,-0.619223952293396,0.1137131005525589
1767708666310122500,22.79812255859375,-0.02202257141470909,-0.7149094343185425,-0.02641163021326065
1767708666320122600,22.80812255859375,-0.2598057985305786,-0.7258124351501465,-0.12613815069198608
1767708666330123800,22.818123779296876,-0.4465154707431793,-0.7294042706489563,-0.1532597839832306
1767708666340123600,22.82812353515625,-0.4850093424320221,-0.6691888570785522,-0.1285690814256668
1767708666350124500,22.83812451171875,-0.31218481063842773,-0.5864863991737366,-0.17182374000549316
1767708666360124700,22.848124755859374,-0.12279357016086578,-0.41273319721221924,-0.24361483752727509
1767708666370125600,22.85812548828125,-0.020819609984755516,-0.25485959649086,-0.24827514588832855
1767708666380125400,22.86812548828125,-0.044439610093832016,-0.21937604248523712,-0.22817732393741608
1767708666390126600,22.878126708984375,-0.15921306610107422,-0.20306392014026642,-0.27415627241134644
1767708666400126700,22.888126708984377,-0.3081676661968231,-0.13670513033866882,-0.31465867161750793
1767708666410126600,22.898126708984375,-0.5030285716056824,-0.12992988526821136,-0.278128981590271
1767708666420127700,22.908127685546877,-0.6003468632698059,-0.3105260133743286,-0.1600571870803833
1767708666430127600,22.918127685546875,-0.5348373651504517,-0.524413526058197,0.060334574431180954
1767708666440128500,22.92812841796875,-0.380411833524704,-0.5353040099143982,0.4107367694377899
1767708666450128600,22.938128662109374,-0.17229807376861572,-0.43157362937927246,0.7146732211112976
1767708666460129500,22.948129638671876,0.013429188169538975,-0.374116986989975,0.870124101638794
1767708666470129400,22.95812939453125,0.13010770082473755,-0.31416288018226624,0.8665627241134644
1767708666480129800,22.9681298828125,0.1555568277835846,-0.18335939943790436,0.739717423915863
1767708666490130700,22.978130615234374,0.1869267225265503,-0.02458307333290577,0.6257266998291016
1767708666500130600,22.988130615234375,0.25929173827171326,0.19899995625019073,0.652594268321991
1767708666510131700,22.998131591796874,0.28200846910476685,0.35621973872184753,0.8037647008895874
1767708666520131600,23.008131591796875,0.2234751433134079,0.4093392789363861,0.9919269680976868
1767708666530132500,23.018132568359373,0.12880241870880127,0.38398945331573486,1.1247758865356445
1767708666540132600,23.028132568359375,0.04240145534276962,0.2872326076030731,1.1768920421600342
1767708666550133800,23.0381337890625,-0.028774455189704895,0.16506327688694,1.1614251136779785
1767708666560133600,23.048133544921875,-0.06846644729375839,0.043839193880558014,1.1340951919555664
1767708666570134500,23.058134521484376,-0.06773194670677185,-0.060185208916664124,1.127856731414795
1767708666580134700,23.068134765625,-0.029744615778326988,-0.1574435830116272,1.1482983827590942
1767708666590134500,23.078134521484376,0.0757429227232933,-0.21938444674015045,1.1865280866622925
1767708666600135700,23.0881357421875,0.1997847706079483,-0.2620902359485626,1.2523510456085205
1767708666610135600,23.098135498046876,0.3014003336429596,-0.26443541049957275,1.3707599639892578
1767708666620136400,23.108136474609374,0.4045548439025879,-0.21176677942276,1.5165446996688843
1767708666630136600,23.118136474609376,0.4891813099384308,-0.14170673489570618,1.5921366214752197
1767708666640137700,23.1281376953125,0.5400368571281433,-0.03319038823246956,1.5733537673950195
1767708666650137600,23.1381376953125,0.5551942586898804,0.07342766225337982,1.4925928115844727
1767708666660137700,23.1481376953125,0.5381837487220764,0.19737368822097778,1.3745440244674683
1767708666670138600,23.158138671875,0.49255046248435974,0.3022734820842743,1.2475885152816772
1767708666680138500,23.168138427734377,0.42351022362709045,0.37761086225509644,1.115484595298767
1767708666690139600,23.1781396484375,0.3233404755592346,0.4543628990650177,0.9763317108154297
1767708666700139500,23.188139404296876,0.22342804074287415,0.49925076961517334,0.844005823135376
1767708666710140700,23.198140625,0.14551939070224762,0.42734700441360474,0.7239297032356262
1767708666720140800,23.208140869140625,0.052356913685798645,0.3034851551055908,0.6116368174552917
1767708666730141700,23.2181416015625,-0.06639184057712555,0.1532442420721054,0.5089413523674011
1767708666740141600,23.2281416015625,-0.1053972989320755,-0.03025074675679207,0.4687284231185913
1767708666750141700,23.2381416015625,-0.13089439272880554,-0.18889804184436798,0.4900830388069153
1767708666760142600,23.248142578125,-0.16947267949581146,-0.29807910323143005,0.5401834845542908
1767708666770142500,23.258142578125,-0.21050484478473663,-0.315835177898407,0.5918915867805481
1767708666780143600,23.2681435546875,-0.2550954818725586,-0.26503100991249084,0.5913519859313965
1767708666790143500,23.2781435546875,-0.2743661105632782,-0.2514643371105194,0.4740128517150879
1767708666800144600,23.28814453125,-0.27576667070388794,-0.27306684851646423,0.2900616526603699
1767708666810144800,23.298144775390625,-0.2788432538509369,-0.3296757638454437,0.17591752111911774
1767708666820145700,23.308145751953123,-0.23761138319969177,-0.4094075858592987,0.26238688826560974
1767708666830145500,23.3181455078125,-0.021974584087729454,-0.4221285283565521,0.5421165227890015
1767708666840145700,23.328145751953127,0.264325886964798,-0.342639297246933,0.8339065909385681
1767708666850146600,23.338146484375,0.48681944608688354,-0.25884249806404114,0.9554271101951599
1767708666860146400,23.348146484375,0.5505030155181885,-0.10774271190166473,0.6932356953620911
1767708666870147600,23.358147705078125,0.4836595952510834,0.08875077962875366,0.20377954840660095
1767708666880147700,23.368147705078126,0.4184129536151886,0.2685859799385071,-0.136288121342659
1767708666890148600,23.378148681640624,0.41240859031677246,0.2348969727754593,-0.10191789269447327
1767708666900148700,23.388148681640626,0.3794008493423462,0.12130115926265717,0.2877641022205353
1767708666910149600,23.398149658203124,0.2989213764667511,0.03530368581414223,0.7579256892204285
1767708666920149500,23.4081494140625,0.21150127053260803,-0.07776694744825363,1.0570504665374756
1767708666930149600,23.418149658203124,0.17962326109409332,-0.18941204249858856,1.1072341203689575
1767708666940150500,23.428150634765625,0.1408790647983551,-0.14447438716888428,0.8708481788635254
1767708666950150400,23.438150390625,0.13744305074214935,-0.039335303008556366,0.531944215297699
1767708666960151600,23.448151611328125,0.13914640247821808,-0.03887244686484337,0.30034247040748596
1767708666970151700,23.458151611328127,0.11809411644935608,-0.012658560648560524,0.2033277153968811
1767708666980152600,23.468152587890625,0.1438167840242386,0.0772622600197792,0.26912763714790344
1767708666990152700,23.478152587890627,0.13051162660121918,0.19998283684253693,0.4753958582878113
1767708667000153600,23.488153564453125,0.006215724628418684,0.2947194576263428,0.5884230732917786
1767708667010153500,23.498153564453126,-0.17491650581359863,0.43380996584892273,0.4365568161010742
1767708667020153600,23.508153564453124,-0.2781834900379181,0.5743975043296814,0.10038191080093384
1767708667030154800,23.51815478515625,-0.2620388865470886,0.7016265392303467,-0.15684401988983154
1767708667040154600,23.528154541015624,-0.21125073730945587,0.749342143535614,-0.19469000399112701
1767708667050155500,23.538155517578126,-0.21402734518051147,0.6039029359817505,-0.08473581820726395
1767708667060155600,23.54815576171875,-0.2410142868757248,0.3718116283416748,0.009555759839713573
1767708667070156500,23.558156494140626,-0.22674374282360077,0.17059117555618286,0.03160327300429344
1767708667080156700,23.56815673828125,-0.16709667444229126,0.03757274150848389,0.002117694355547428
1767708667090157600,23.578157470703125,-0.08396317064762115,-0.05657639354467392,-0.03298250213265419
1767708667100157400,23.588157470703123,0.014034359715878963,-0.10030502080917358,-0.03579071909189224
1767708667110158000,23.598157958984373,0.08696582913398743,-0.07909640669822693,-0.024574019014835358
1767708667120159200,23.6081591796875,0.13899648189544678,-0.08841133862733841,-0.03498930111527443
1767708667130159400,23.618159423828125,0.17080101370811462,-0.06481093913316727,-0.08804506063461304
1767708667140160300,23.62816015625,0.14419254660606384,-0.004129703156650066,-0.13836438953876495
1767708667150160400,23.638160400390625,0.05543231591582298,0.10493792593479156,-0.18417875468730927
1767708667160161300,23.648161376953126,-0.011461522430181503,0.22127312421798706,-0.2565356492996216
1767708667170161200,23.6581611328125,-0.03166506066918373,0.33884289860725403,-0.34265801310539246
1767708667180162300,23.668162353515626,-0.02975388616323471,0.41358980536460876,-0.3983191251754761
1767708667190162200,23.678162109375,0.0033108554780483246,0.44492775201797485,-0.4267406463623047
1767708667200162000,23.688162109375,0.03467889875173569,0.4544197916984558,-0.4411899149417877
1767708667210163500,23.69816357421875,0.044617991894483566,0.4937903881072998,-0.433547705411911
1767708667220163300,23.708163330078126,0.05789544805884361,0.5563768148422241,-0.4536558985710144
1767708667230164200,23.718164306640624,0.06499625742435455,0.6209155321121216,-0.47826260328292847
1767708667240164400,23.728164306640625,0.059304818511009216,0.6539856195449829,-0.49093976616859436
1767708667250165200,23.738165283203124,0.038685064762830734,0.6334441900253296,-0.48355400562286377
1767708667260165000,23.7481650390625,0.007620089687407017,0.5040691494941711,-0.47080785036087036
1767708667270166300,23.758166259765623,-0.03707495704293251,0.3449922502040863,-0.47720834612846375
1767708667280166100,23.768166259765625,-0.08439372479915619,0.22235092520713806,-0.5299489498138428
1767708667290166300,23.778166259765626,-0.10944022238254547,0.12075453996658325,-0.5958621501922607
1767708667300167400,23.78816748046875,-0.1084069162607193,0.04377107694745064,-0.5650376677513123
1767708667310167300,23.798167236328126,-0.07264789938926697,-0.04243437945842743,-0.3736068904399872
1767708667320168200,23.808168212890624,-0.03169487416744232,-0.16980111598968506,-0.09087720513343811
1767708667330168300,23.818168212890626,-0.042786337435245514,-0.26995018124580383,0.1071319580078125
1767708667340169200,23.828169189453124,-0.10479111969470978,-0.3373854160308838,0.1156356930732727
1767708667350169000,23.838169189453126,-0.22975541651248932,-0.41460323333740234,-0.015539259649813175
1767708667360170200,23.848170166015624,-0.42907145619392395,-0.4841056168079376,-0.17069876194000244
1767708667370170400,23.85817041015625,-0.6809221506118774,-0.47149136662483215,-0.2711477279663086
1767708667380170200,23.868170166015624,-0.8307808637619019,-0.3761712908744812,-0.2504946291446686
1767708667390171400,23.87817138671875,-0.73960942029953,-0.1989738792181015,-0.2070978581905365
1767708667400171300,23.888171142578123,-0.48444369435310364,-0.016132427379488945,-0.2635451555252075
1767708667410172200,23.898172119140625,-0.32328352332115173,-0.032428089529275894,-0.3525080978870392
1767708667420172300,23.90817236328125,-0.29929083585739136,-0.1970447450876236,-0.4256456792354584
1767708667430173200,23.918173095703125,-0.307717889547348,-0.284300297498703,-0.4360274374485016
1767708667440173000,23.928173095703126,-0.35481855273246765,-0.32867494225502014,-0.36886143684387207
1767708667450174200,23.93817431640625,-0.4721343219280243,-0.3821984529495239,-0.21886850893497467
1767708667460174300,23.94817431640625,-0.4948180615901947,-0.5270153284072876,-0.023363197222352028
1767708667470174200,23.95817431640625,-0.411531925201416,-0.6715971231460571,0.08423011749982834
1767708667480175400,23.96817529296875,-0.27223414182662964,-0.667761504650116,0.10846520960330963
1767708667490175200,23.97817529296875,-0.08642325550317764,-0.5533731579780579,0.12163481116294861
1767708667500176100,23.988176025390626,0.05609230697154999,-0.4190013110637665,0.14840860664844513
1767708667510176300,23.99817626953125,0.1286112517118454,-0.2882204055786133,0.12262601405382156
1767708667520177400,24.008177490234374,0.16821426153182983,-0.15730926394462585,0.03658803552389145
1767708667530177300,24.01817724609375,0.207986980676651,0.010894662700593472,0.0021994321141391993
1767708667540178200,24.02817822265625,0.240006685256958,0.22227385640144348,0.11496230214834213
1767708667550178300,24.03817822265625,0.1954147070646286,0.4018135070800781,0.27397778630256653
1767708667560178200,24.04817822265625,0.09964881092309952,0.4121863842010498,0.33509454131126404
1767708667570179300,24.058179443359375,-0.03882623836398125,0.3121072053909302,0.29454150795936584
1767708667580179200,24.06817919921875,-0.14691175520420074,0.18297792971134186,0.2311357706785202
1767708667590180000,24.07818017578125,-0.24696485698223114,0.055744610726833344,0.26542606949806213
1767708667600180500,24.088180419921876,-0.29066163301467896,0.04490248113870621,0.193296417593956
1767708667610181400,24.098181396484375,-0.2482134997844696,-0.04888872429728508,0.09858055412769318
1767708667620181200,24.10818115234375,-0.1774272322654724,-0.13093382120132446,0.0651702880859375
1767708667630182100,24.11818212890625,-0.08742650598287582,-0.1761407107114792,0.1128573790192604
1767708667640182300,24.128182373046876,-0.010311547666788101,-0.22462201118469238,0.21265988051891327
1767708667650182100,24.13818212890625,0.04307018592953682,-0.2790732681751251,0.31943535804748535
1767708667660183300,24.148183349609376,0.07852383702993393,-0.2902405560016632,0.4051976203918457
1767708667670183200,24.15818310546875,0.12939846515655518,-0.22475050389766693,0.4537140429019928
1767708667680184300,24.168184326171875,0.20475925505161285,-0.14849437773227692,0.47234871983528137
1767708667690184400,24.178184326171873,0.2727276384830475,-0.05771707743406296,0.4757978022098541
1767708667700185300,24.188185302734375,0.32247257232666016,0.042362116277217865,0.4672645032405853
1767708667710185200,24.198185302734377,0.3328956663608551,0.11082581430673599,0.4407798647880554
1767708667720186000,24.20818603515625,0.31525781750679016,0.12170988321304321,0.39070844650268555
1767708667730186200,24.218186279296877,0.29314571619033813,0.09390505403280258,0.31677618622779846
1767708667740186000,24.22818603515625,0.25403720140457153,0.060348689556121826,0.2402172088623047
1767708667750187300,24.238187255859376,0.19031764566898346,0.0478859581053257,0.18478146195411682
1767708667760187400,24.2481875,0.15086877346038818,0.004629561677575111,0.15910859405994415
1767708667770188300,24.258188232421876,0.1452314704656601,-0.06047121435403824,0.15674294531345367
1767708667780188400,24.2681884765625,0.1400958001613617,-0.137040376663208,0.17060744762420654
1767708667790189300,24.278189208984376,0.07359080016613007,-0.24395138025283813,0.1908370852470398
1767708667800189200,24.288189208984374,-0.04886240512132645,-0.38643449544906616,0.20183806121349335
1767708667810190000,24.298190185546876,-0.16799704730510712,-0.4628916084766388,0.21213780343532562
1767708667820190200,24.308190185546874,-0.24812890589237213,-0.4010801613330841,0.22641341388225555
1767708667830190000,24.318190185546875,-0.3249025046825409,-0.3091084957122803,0.22568263113498688
1767708667840191500,24.32819140625,-0.4455125331878662,-0.2561752498149872,0.19825394451618195
1767708667850191400,24.33819140625,-0.5321334004402161,-0.2930486798286438,0.17265626788139343
1767708667860192300,24.348192138671877,-0.4626006484031677,-0.27506116032600403,0.19353199005126953
1767708667870192400,24.3581923828125,-0.17207244038581848,-0.1526690423488617,0.3158261775970459
1767708667880193300,24.368193359375,0.23429074883460999,-0.033771730959415436,0.5141874551773071
1767708667890193200,24.378193115234374,0.6014447808265686,0.12960387766361237,0.5320926904678345
1767708667900194000,24.388194091796876,0.6323920488357544,0.21106252074241638,0.13229596614837646
1767708667910194200,24.398194091796874,0.49608486890792847,0.056707173585891724,-0.31372255086898804
1767708667920194300,24.4081943359375,0.41045650839805603,-0.03706566244363785,-0.39658814668655396
1767708667930195500,24.418195556640626,0.3637630343437195,-0.09960725158452988,-0.1451180875301361
1767708667940195300,24.4281953125,0.30334439873695374,-0.15766319632530212,0.23219402134418488
1767708667950196200,24.4381962890625,0.23188485205173492,-0.18938010931015015,0.5986127853393555
1767708667960196400,24.4481962890625,0.16289274394512177,-0.12700098752975464,0.8057668805122375
1767708667970197200,24.458197265625,0.20352113246917725,-0.09377831965684891,0.7776926159858704
1767708667980197000,24.468197021484375,0.273515909910202,-0.03405468165874481,0.5797976851463318
1767708667990198300,24.4781982421875,0.3431277573108673,0.03263779357075691,0.3491708040237427
1767708668000198400,24.488198486328123,0.3529979884624481,0.021133366972208023,0.19526530802249908
1767708668010198300,24.4981982421875,0.2680972218513489,-0.03464334458112717,0.04915150627493858
1767708668020199400,24.508199462890627,0.16780465841293335,0.004780272021889687,-0.07365720719099045
1767708668030199300,24.51819921875,0.10638843476772308,0.13891758024692535,-0.07651078701019287
1767708668040200200,24.5282001953125,0.02985108084976673,0.27103734016418457,0.027881959453225136
1767708668050200300,24.538200439453124,-0.13694137334823608,0.3690619170665741,0.07171545922756195
1767708668060201200,24.548201171875,-0.3609667420387268,0.5117196440696716,-0.0832301676273346
1767708668070201000,24.558201171875,-0.4832654893398285,0.6656085848808289,-0.3688507378101349
1767708668080202200,24.5682021484375,-0.4859696924686432,0.7792022228240967,-0.5665108561515808
1767708668090202400,24.578202392578124,-0.4742472469806671,0.7924919128417969,-0.5732353329658508
1767708668100202200,24.5882021484375,-0.4880244731903076,0.6829558610916138,-0.4847964644432068
1767708668110202400,24.598202392578123,-0.48104435205459595,0.5075560808181763,-0.4259597957134247
1767708668120202200,24.6082021484375,-0.4236314296722412,0.360690712928772,-0.4407062828540802
1767708668130203100,24.618203125,-0.3056502044200897,0.23769636452198029,-0.4957785904407501
1767708668140203300,24.628203369140625,-0.13660232722759247,0.13138270378112793,-0.5293070077896118
1767708668150204400,24.638204345703127,0.024187348783016205,0.05815614014863968,-0.5498400926589966
1767708668160204300,24.648204345703125,0.09421756118535995,0.0012025751639157534,-0.5508959889411926
1767708668170205400,24.658205322265626,0.1108097955584526,-0.035876914858818054,-0.5716184973716736
1767708668180205300,24.668205322265624,0.10449226200580597,-0.015888910740613937,-0.6039079427719116
1767708668190205400,24.678205322265626,0.0729665607213974,0.04690815880894661,-0.6298143863677979
1767708668200206300,24.688206298828124,0.033414360135793686,0.11407548189163208,-0.6368342041969299
1767708668210206200,24.698206298828126,-0.0621720552444458,0.23640146851539612,-0.6347775459289551
1767708668220207400,24.708207275390624,-0.13687266409397125,0.35096773505210876,-0.6899119019508362
1767708668230207500,24.71820751953125,-0.17566817998886108,0.4625261425971985,-0.7815330028533936
1767708668240208400,24.72820849609375,-0.16793063282966614,0.540209949016571,-0.8639999032020569
1767708668250208300,24.738208251953125,-0.16636185348033905,0.5770093202590942,-0.9183176755905151
1767708668260209400,24.74820947265625,-0.21732383966445923,0.5464772582054138,-0.9457035064697266
1767708668270209300,24.758209228515625,-0.2192794680595398,0.4593121111392975,-0.9256449341773987
1767708668280209400,24.76820947265625,-0.2245609611272812,0.38168013095855713,-0.8650126457214355
1767708668290210300,24.778210205078125,-0.21363694965839386,0.3296944200992584,-0.779129683971405
1767708668300210200,24.788210205078126,-0.2085854560136795,0.22913183271884918,-0.6867779493331909
1767708668310211300,24.79821142578125,-0.1513376086950302,0.09344702214002609,-0.6249188184738159
1767708668320211500,24.80821142578125,-0.05616527795791626,0.006456725299358368,-0.6019487977027893
1767708668330212400,24.81821240234375,0.027890481054782867,-0.040863100439310074,-0.6006376147270203
1767708668340212200,24.828212158203126,0.09610149264335632,-0.05316104739904404,-0.5805895924568176
1767708668350213400,24.83821337890625,0.1458669751882553,-0.09552370756864548,-0.48897814750671387
1767708668360213200,24.848213134765626,0.17751437425613403,-0.203218474984169,-0.3284150958061218
1767708668370213400,24.85821337890625,0.1882881224155426,-0.35644638538360596,-0.19256019592285156
1767708668380214500,24.868214599609374,0.16320988535881042,-0.48762866854667664,-0.1875019669532776
1767708668390214400,24.87821435546875,0.07502889633178711,-0.5732711553573608,-0.34175413846969604
1767708668400215300,24.88821533203125,-0.10193256288766861,-0.6543771624565125,-0.5856767892837524
1767708668410215400,24.89821533203125,-0.36988598108291626,-0.6603890061378479,-0.7835907936096191
1767708668420216300,24.90821630859375,-0.5779004096984863,-0.5601277947425842,-0.8113905191421509
1767708668430216200,24.91821630859375,-0.5620572566986084,-0.30301710963249207,-0.6921924948692322
1767708668440217300,24.92821728515625,-0.3767006993293762,-0.10203740000724792,-0.6314297914505005
1767708668450217200,24.93821728515625,-0.19373619556427002,0.02314714714884758,-0.7062366604804993
1767708668460217300,24.94821728515625,-0.0717855840921402,-0.14010436832904816,-0.8762637972831726
1767708668470218500,24.958218505859374,-0.053814832121133804,-0.4629333019256592,-1.0829641819000244
1767708668480218400,24.96821826171875,-0.0468440018594265,-0.5249013304710388,-1.153684139251709
1767708668490219300,24.97821923828125,-0.1959940642118454,-0.5077649354934692,-0.9484348297119141
1767708668500219400,24.988219482421876,-0.6095110774040222,-0.6128406524658203,-0.5240546464920044
1767708668510220300,24.99822021484375,-0.6675887703895569,-0.818485677242279,-0.1267070174217224
1767708668520220200,25.00822021484375,-0.49027806520462036,-0.740149974822998,0.09002126753330231
1767708668530221600,25.0182216796875,-0.27104610204696655,-0.5055853724479675,0.2488042563199997
1767708668540221400,25.028221435546875,-0.03479872643947601,-0.2464320957660675,0.370315819978714
1767708668550221600,25.0382216796875,0.11552606523036957,-0.01646493934094906,0.42248499393463135
1767708668560222500,25.048222412109375,0.16520681977272034,0.15769851207733154,0.40456220507621765
1767708668570222300,25.058222412109377,0.16923750936985016,0.30642300844192505,0.3749057650566101
1767708668580223200,25.06822314453125,0.1611877679824829,0.4282326102256775,0.4087858200073242
1767708668590223400,25.078223388671876,0.11974604427814484,0.46133649349212646,0.45151036977767944
1767708668600224300,25.088224365234375,0.040744222700595856,0.4247612953186035,0.44173121452331543
1767708668610224000,25.09822412109375,-0.0317949578166008,0.30804720520973206,0.40171003341674805
1767708668620225500,25.1082255859375,-0.07773901522159576,0.17421536147594452,0.3748432695865631
1767708668630225400,25.118225341796876,-0.1272307187318802,0.05010543018579483,0.3925902545452118
1767708668640225500,25.1282255859375,-0.17236410081386566,-0.011668989434838295,0.45246076583862305
1767708668650226400,25.138226318359376,-0.21058869361877441,-0.05088438466191292,0.48780491948127747
1767708668660226300,25.148226318359374,-0.22163894772529602,-0.13728904724121094,0.4561455249786377
1767708668670227200,25.158227294921875,-0.2065150886774063,-0.22153618931770325,0.3861515522003174
1767708668680227300,25.168227294921873,-0.15075863897800446,-0.2788013815879822,0.37626326084136963
1767708668690228500,25.178228515625,-0.0655348151922226,-0.261892706155777,0.4397237300872803
1767708668700228400,25.188228271484373,0.05296360328793526,-0.21467779576778412,0.5238268971443176
1767708668710229500,25.1982294921875,0.2071525901556015,-0.16035114228725433,0.5884913206100464
1767708668720229400,25.2082294921875,0.3445304334163666,-0.04562562331557274,0.6238514184951782
1767708668730229500,25.2182294921875,0.4097384512424469,0.033813465386629105,0.6379595994949341
1767708668740230400,25.22823046875,0.43809524178504944,0.13172510266304016,0.6307024955749512
1767708668750230300,25.238230224609374,0.4630666673183441,0.24612022936344147,0.6063506007194519
1767708668760231200,25.248231201171876,0.46151405572891235,0.3351438641548157,0.5631455779075623
1767708668770231300,25.258231201171874,0.43924257159233093,0.36659666895866394,0.47830989956855774
1767708668780232400,25.268232421875,0.3725322484970093,0.31717267632484436,0.3640885055065155
1767708668790232300,25.278232421875,0.26591524481773376,0.2575641870498657,0.26990050077438354
1767708668800233500,25.2882333984375,0.16146951913833618,0.1961386501789093,0.2025613784790039
1767708668810233300,25.2982333984375,0.06265828758478165,0.12314268201589584,0.13108840584754944
1767708668820233500,25.3082333984375,-0.010328303091228008,0.055764440447092056,0.0719720795750618
1767708668830234400,25.318234375,-0.09225543588399887,-0.028860552236437798,0.040448371320962906
1767708668840234200,25.328234130859375,-0.16669851541519165,-0.13475529849529266,0.04795609042048454
1767708668850235400,25.3382353515625,-0.23279282450675964,-0.23020853102207184,0.07992596179246902
1767708668860235500,25.348235595703127,-0.3057378828525543,-0.3001793920993805,0.1077919453382492
1767708668870236400,25.358236328125,-0.3600682318210602,-0.3353523015975952,0.09687383472919464
1767708668880236300,25.368236328125,-0.4070565104484558,-0.3277769088745117,0.05209752917289734
1767708668890237400,25.378237548828125,-0.4669416844844818,-0.32168707251548767,0.06926639378070831
1767708668900237300,25.3882373046875,-0.4564993977546692,-0.36466413736343384,0.19630223512649536
1767708668910237400,25.398237548828124,-0.26055440306663513,-0.36363378167152405,0.33716028928756714
1767708668920238300,25.40823828125,0.019828515127301216,-0.2295588254928589,0.32170331478118896
1767708668930238200,25.41823828125,0.28454992175102234,-0.03848448023200035,0.1813124120235443
1767708668940239400,25.4282392578125,0.4885203242301941,0.10474294424057007,-0.01633697934448719
1767708668950239500,25.438239501953124,0.5333712100982666,0.09014295786619186,-0.18161195516586304
1767708668960240400,25.448240478515626,0.4584522247314453,0.06725485622882843,-0.1800977885723114
1767708668970240300,25.458240234375,0.3396214246749878,0.07422834634780884,-0.06257754564285278
1767708668980241400,25.468241455078125,0.26152849197387695,0.11257654428482056,0.1483377367258072
1767708668990241300,25.4782412109375,0.22599206864833832,0.1988523155450821,0.395574152469635
1767708669000241200,25.4882412109375,0.21097669005393982,0.27110520005226135,0.37629812955856323
1767708669010242600,25.49824267578125,0.19624488055706024,0.31241774559020996,0.13319279253482819
1767708669020242400,25.508242431640625,0.1678425818681717,0.3104122281074524,-0.05656779184937477
1767708669030243300,25.518243408203126,0.16887827217578888,0.32828018069267273,-0.04140135645866394
1767708669040243500,25.528243408203124,0.26756003499031067,0.2988930344581604,0.06009010970592499
1767708669050244400,25.538244384765626,0.38454416394233704,0.2848549783229828,0.0819738358259201
1767708669060244200,25.548244140625,0.40779438614845276,0.3158622086048126,-0.043983764946460724
1767708669070245400,25.558245361328126,0.34512966871261597,0.4763118028640747,-0.24198313057422638
1767708669080245200,25.568245361328124,0.25543197989463806,0.6142784357070923,-0.4237130582332611
1767708669090245000,25.5782451171875,0.14151661098003387,0.7122446298599243,-0.5226311087608337
1767708669100246500,25.58824658203125,-0.01323968917131424,0.854081928730011,-0.6119409799575806
1767708669110247000,25.598246826171874,-0.18025609850883484,0.9558185935020447,-0.7607518434524536
1767708669120247800,25.608247802734375,-0.3577139675617218,0.8858149647712708,-0.9430913329124451
1767708669130248000,25.618248046875,-0.5284844040870667,0.7412676215171814,-1.0338215827941895
1767708669140248800,25.628248779296875,-0.638159990310669,0.5649373531341553,-0.9769226312637329
1767708669150248700,25.638248779296877,-0.661086916923523,0.3779846131801605,-0.8580840229988098
1767708669160249900,25.648249755859375,-0.6247888207435608,0.22425231337547302,-0.7853052020072937
1767708669170250000,25.65825,-0.5267844200134277,0.12203045934438705,-0.7812221646308899
1767708669180249900,25.668249755859375,-0.3973633944988251,0.08369538933038712,-0.8101361989974976
1767708669190250800,25.678250732421876,-0.23154805600643158,0.05333748087286949,-0.8383888602256775
1767708669200251000,25.6882509765625,-0.07721013575792313,0.011736241169273853,-0.8426427245140076
1767708669210251800,25.698251708984376,0.012807394377887249,-0.013742552138864994,-0.8338299989700317
1767708669220252000,25.708251953125,0.040943693369627,-0.01819855347275734,-0.8091778755187988
1767708669230252800,25.718252685546876,0.027769550681114197,-0.042275168001651764,-0.7849705219268799
1767708669240252700,25.728252685546874,0.0004678890691138804,-0.06549180299043655,-0.7762207388877869
1767708669250253800,25.73825390625,-0.04509080946445465,-0.05393075942993164,-0.788098931312561
1767708669260254000,25.74825390625,-0.11154626309871674,-0.01919301599264145,-0.7831896543502808
1767708669270253800,25.75825390625,-0.13621947169303894,0.007060311734676361,-0.7557463645935059
1767708669280254700,25.768254638671873,-0.1025884822010994,0.020941294729709625,-0.7322854995727539
1767708669290254800,25.7782548828125,-0.06978365778923035,0.027559783309698105,-0.7243836522102356
1767708669300255700,25.788255859375,-0.04098689556121826,0.04117732495069504,-0.7466700673103333
1767708669310255900,25.798255859375,-0.025915248319506645,0.048405732959508896,-0.7648876309394836
1767708669320257000,25.808257080078125,-0.03589704632759094,0.08180417120456696,-0.7729015946388245
1767708669330257000,25.8182568359375,-0.05326484516263008,0.17389057576656342,-0.7721359133720398
1767708669340257800,25.8282578125,-0.07281484454870224,0.3520139455795288,-0.7277881503105164
1767708669350258000,25.8382578125,-0.08170744776725769,0.5198458433151245,-0.6699129343032837
1767708669360257800,25.8482578125,-0.06627355515956879,0.6027960777282715,-0.6489614844322205
1767708669370258700,25.8582587890625,-0.04348807781934738,0.5866748690605164,-0.6755648851394653
1767708669380258800,25.8682587890625,-0.031049616634845734,0.5395205616950989,-0.7237685918807983
1767708669390259700,25.878259765625,-0.0012424546293914318,0.4310034215450287,-0.7770792245864868
1767708669400259800,25.888259765625,0.05410471186041832,0.27564531564712524,-0.800040602684021
1767708669410261000,25.898260986328125,0.10205625742673874,0.11081401258707047,-0.712236225605011
1767708669420260900,25.9082607421875,0.12683431804180145,-0.09760962426662445,-0.5144098997116089
1767708669430261800,25.91826171875,0.09093277156352997,-0.2909923791885376,-0.27717068791389465
1767708669440262000,25.928261962890623,-0.02412247657775879,-0.4094194173812866,-0.11487709730863571
1767708669450261800,25.93826171875,-0.19445772469043732,-0.5018923282623291,-0.11878103017807007
1767708669460262700,25.9482626953125,-0.3924400210380554,-0.6471942067146301,-0.2681572437286377
1767708669470262800,25.9582626953125,-0.5884819626808167,-0.787075400352478,-0.43285244703292847
1767708669480264000,25.968263916015626,-0.7168508172035217,-0.7725896835327148,-0.47600018978118896
1767708669490264000,25.97826416015625,-0.6187293529510498,-0.591840386390686,-0.3855957090854645
1767708669500265000,25.988264892578126,-0.33440253138542175,-0.3518076241016388,-0.2843915820121765
1767708669510264800,25.998264892578124,-0.13018174469470978,-0.1972699910402298,-0.2318151891231537
1767708669520265000,26.008264892578126,-0.10471875965595245,-0.2923162579536438,-0.2596612274646759
1767708669530265900,26.018265869140624,-0.17498598992824554,-0.4284898042678833,-0.3497282564640045
1767708669540265700,26.028265625,-0.28163227438926697,-0.488202303647995,-0.4531976580619812
1767708669550266600,26.0382666015625,-0.45787468552589417,-0.5852684378623962,-0.4525845944881439
1767708669560266800,26.048266845703125,-0.5625505447387695,-0.7489244937896729,-0.34288740158081055
1767708669570268000,26.058267822265623,-0.3822059631347656,-0.9338405132293701,-0.21817462146282196
1767708669580268000,26.06826806640625,-0.1166800856590271,-0.9037007093429565,-0.08342243731021881
1767708669590269000,26.07826904296875,0.11894974857568741,-0.7699266672134399,0.032871946692466736
1767708669600268800,26.088268798828125,0.25016528367996216,-0.6557961106300354,0.08695435523986816
1767708669610269000,26.09826904296875,0.26164403557777405,-0.5211527943611145,0.06846349686384201
1767708669620269800,26.108269775390625,0.22265617549419403,-0.33098551630973816,-0.003823750652372837
1767708669630269700,26.118269775390626,0.2214079052209854,-0.11788174510002136,-0.05582444742321968
1767708669640270800,26.128270751953124,0.2017606943845749,0.10046284645795822,-0.0018323170952498913
1767708669650271000,26.13827099609375,0.12410084903240204,0.26885610818862915,0.08353666961193085
1767708669660271900,26.14827197265625,0.008562001399695873,0.3353102505207062,0.13357561826705933
1767708669670272000,26.15827197265625,-0.09288500249385834,0.30357643961906433,0.1544659286737442
1767708669680273000,26.16827294921875,-0.13489821553230286,0.21182748675346375,0.18617475032806396
1767708669690272800,26.178272705078125,-0.11597805470228195,0.12684494256973267,0.23466771841049194
1767708669700273000,26.18827294921875,-0.0815252736210823,0.04765399172902107,0.2756734788417816
1767708669710273800,26.198273681640625,-0.05642387270927429,-0.06585901975631714,0.32397130131721497
1767708669720273700,26.208273681640627,-0.015358462929725647,-0.2071426510810852,0.37210848927497864
1767708669730274800,26.21827490234375,0.024046920239925385,-0.2851697504520416,0.424546480178833
1767708669740275000,26.22827490234375,0.06942053139209747,-0.315550297498703,0.47372254729270935
1767708669750275800,26.23827587890625,0.14669643342494965,-0.31914374232292175,0.5432784557342529
1767708669760276000,26.24827587890625,0.22778357565402985,-0.2871679663658142,0.6229367852210999
1767708669770276900,26.25827685546875,0.2837832272052765,-0.21625567972660065,0.6967743039131165
1767708669780276700,26.26827685546875,0.32237038016319275,-0.1577020138502121,0.7581284642219543
1767708669790276900,26.27827685546875,0.34510737657546997,-0.09153816103935242,0.7908179759979248
1767708669800278000,26.288278076171874,0.3527541160583496,-0.020912732928991318,0.7608739137649536
1767708669810278000,26.29827783203125,0.36011365056037903,0.03887680172920227,0.6811906695365906
1767708669820278800,26.30827880859375,0.3701290190219879,0.08572258800268173,0.5796626210212708
1767708669830279000,26.31827880859375,0.3624069094657898,0.09144119173288345,0.4847155809402466
1767708669840279800,26.32827978515625,0.32922786474227905,0.04554837569594383,0.3977925777435303
1767708669850280000,26.338280029296875,0.24394387006759644,-0.016951220110058784,0.3205031156539917
1767708669860280800,26.34828076171875,0.13023194670677185,-0.07694035768508911,0.24250543117523193
1767708669870280700,26.35828076171875,0.04424460604786873,-0.11833733320236206,0.18510499596595764
1767708669880280800,26.36828076171875,0.014450257644057274,-0.16872385144233704,0.18873244524002075
1767708669890282000,26.378281982421875,-0.03840762749314308,-0.2214168906211853,0.23368234932422638
1767708669900281900,26.38828173828125,-0.15632197260856628,-0.25417596101760864,0.3119179904460907
1767708669910282800,26.39828271484375,-0.2849385440349579,-0.2494610995054245,0.41421425342559814
1767708669920283000,26.408282958984376,-0.4143834412097931,-0.20570434629917145,0.4810441732406616
1767708669930283800,26.41828369140625,-0.5170618891716003,-0.1865556836128235,0.45506078004837036
1767708669940283600,26.42828369140625,-0.6171561479568481,-0.2284247726202011,0.36967355012893677
1767708669950283800,26.43828369140625,-0.6525316834449768,-0.33720022439956665,0.287841796875
1767708669960285000,26.448284912109376,-0.4205297529697418,-0.40963301062583923,0.309573233127594
1767708669970285000,26.45828515625,0.07017526030540466,-0.399646133184433,0.4729112982749939
1767708669980286000,26.468285888671875,0.5345128178596497,-0.286426305770874,0.611051619052887
1767708669990285800,26.478285888671873,0.7854534387588501,-0.11630301922559738,0.5197810530662537
1767708670000286700,26.48828662109375,0.7843770384788513,-0.007996964268386364,0.2845626473426819
1767708670010286800,26.498286865234373,0.5898235440254211,0.063256174325943,0.08466683328151703
1767708670020287700,26.508287841796875,0.45128005743026733,0.11882063746452332,0.03415226191282272
1767708670030287600,26.51828759765625,0.4509977102279663,0.1889968365430832,0.15970124304294586
1767708670040289000,26.5282890625,0.4666152894496918,0.2567359507083893,0.4201112687587738
1767708670050289000,26.538288818359376,0.39281490445137024,0.23253445327281952,0.6443217992782593
1767708670060289000,26.5482890625,0.29480046033859253,0.150963693857193,0.6763620376586914
1767708670070290000,26.5582900390625,0.28256770968437195,0.07251003384590149,0.571705162525177
1767708670080289800,26.568289794921874,0.4343591630458832,0.020565640181303024,0.3890790641307831
1767708670090290700,26.578290771484376,0.5380645394325256,0.03282257169485092,0.20937587320804596
1767708670100290800,26.588290771484374,0.43760767579078674,-0.006076890509575605,-0.02658339962363243
1767708670110291200,26.598291259765624,0.25495263934135437,-0.05321287363767624,-0.25943467020988464
1767708670120291300,26.608291259765625,0.054695721715688705,-0.0817963108420372,-0.4145946800708771
1767708670130291200,26.618291259765623,-0.09637990593910217,-0.0259934701025486,-0.46762406826019287
1767708670140292000,26.6282919921875,-0.2207135707139969,0.0670698955655098,-0.4141019880771637
1767708670150292200,26.638292236328127,-0.3493921756744385,0.2075699120759964,-0.3464849889278412
1767708670160293400,26.64829345703125,-0.4753282964229584,0.369123637676239,-0.3841862678527832
1767708670170293200,26.658293212890626,-0.5595964193344116,0.47419437766075134,-0.5369008183479309
1767708670180294400,26.66829443359375,-0.5895131230354309,0.4892103374004364,-0.6721440553665161
1767708670190294300,26.678294189453126,-0.5660144686698914,0.43515560030937195,-0.6806232929229736
1767708670200295200,26.688295166015624,-0.5194850564002991,0.3094690442085266,-0.59070885181427
1767708670210295300,26.69829541015625,-0.43580004572868347,0.1718471348285675,-0.5085349678993225
1767708670220295200,26.708295166015624,-0.3325248062610626,0.03003034181892872,-0.490522176027298
1767708670230296000,26.718296142578126,-0.22408640384674072,-0.09109321981668472,-0.5033875703811646
1767708670240296200,26.728296142578124,-0.1526377946138382,-0.14096704125404358,-0.5102832913398743
1767708670250297300,26.73829736328125,-0.07584304362535477,-0.1423853188753128,-0.4992353916168213
1767708670260297200,26.748297119140624,0.005879243835806847,-0.1301417052745819,-0.48574861884117126
1767708670270298400,26.75829833984375,0.03575872629880905,-0.09587619453668594,-0.4740777611732483
1767708670280298200,26.76829833984375,0.03656355291604996,-0.0728769525885582,-0.4830850660800934
1767708670290299100,26.778299072265625,0.04433358833193779,-0.029886607080698013,-0.5025948286056519
1767708670300299300,26.78829931640625,0.06720531731843948,0.026243161410093307,-0.5319675803184509
1767708670310299100,26.798299072265625,0.06791318953037262,0.05378264561295509,-0.5438977479934692
1767708670320300300,26.80830029296875,0.026068266481161118,0.0618356317281723,-0.5277649164199829
1767708670330300400,26.818300537109376,-0.040085986256599426,0.06680083274841309,-0.5097784996032715
1767708670340301300,26.82830126953125,-0.12484513223171234,0.07055334746837616,-0.524319589138031
1767708670350301200,26.83830126953125,-0.18570129573345184,0.07717849314212799,-0.5837882161140442
1767708670360302300,26.84830224609375,-0.20972691476345062,0.11151503771543503,-0.668659508228302
1767708670370302200,26.85830224609375,-0.20520512759685516,0.1677066683769226,-0.7283757925033569
1767708670380303000,26.86830322265625,-0.19494958221912384,0.2246231585741043,-0.7444233298301697
1767708670390303200,26.87830322265625,-0.18081404268741608,0.2465132623910904,-0.7197187542915344
1767708670400303000,26.88830322265625,-0.12550681829452515,0.22950759530067444,-0.6884737014770508
1767708670410304300,26.89830419921875,-0.027144571766257286,0.20565952360630035,-0.6740283966064453
1767708670420304400,26.908304443359373,0.10326424986124039,0.1657644361257553,-0.7116473913192749
1767708670430305300,26.91830517578125,0.22121378779411316,0.04959654062986374,-0.737643837928772
1767708670440305200,26.92830517578125,0.2613993287086487,-0.1305370330810547,-0.6614741086959839
1767708670450306300,26.938306396484375,0.21328720450401306,-0.32954493165016174,-0.4782271087169647
1767708670460306200,26.94830615234375,0.10972298681735992,-0.44787371158599854,-0.27532753348350525
1767708670470307000,26.95830712890625,0.02623635157942772,-0.5275080800056458,-0.14177531003952026
1767708670480307500,26.968307373046876,-0.06617666035890579,-0.5645381212234497,-0.13373665511608124
1767708670490307300,26.978307373046874,-0.18283961713314056,-0.6684754490852356,-0.2226974219083786
1767708670500308200,26.98830810546875,-0.3050808608531952,-0.858148992061615,-0.3299197554588318
1767708670510308400,26.998308349609374,-0.40915796160697937,-1.0162222385406494,-0.4093311131000519
1767708670520309200,27.008309326171876,-0.43306756019592285,-1.0081642866134644,-0.4560408294200897
1767708670530309000,27.01830908203125,-0.32826605439186096,-0.9012540578842163,-0.5038596391677856
1767708670540310300,27.028310302734376,-0.12825945019721985,-0.7730438709259033,-0.6063740253448486
1767708670550310100,27.03831005859375,-0.02531527914106846,-0.5422418117523193,-0.711647629737854
1767708670560311300,27.048311279296875,-0.04549724608659744,-0.30801039934158325,-0.7660695910453796
1767708670570311400,27.0583115234375,-0.08397694677114487,-0.22844834625720978,-0.7579902410507202
1767708670580311300,27.068311279296875,-0.1755034625530243,-0.2147335261106491,-0.773780107498169
1767708670590312200,27.078312255859377,-0.3649325370788574,-0.21669892966747284,-0.7909761071205139
1767708670600312300,27.088312255859375,-0.6210756301879883,-0.27608102560043335,-0.7297180891036987
1767708670610313200,27.098313232421877,-0.7382075190544128,-0.45512107014656067,-0.5626773834228516
1767708670620313000,27.10831298828125,-0.55304354429245,-0.5343456268310547,-0.24780917167663574
1767708670630314000,27.11831396484375,-0.32473307847976685,-0.42888543009757996,0.11073029786348343
1767708670640314400,27.128314453125,-0.13528060913085938,-0.23711201548576355,0.3667101263999939
1767708670650314200,27.138314208984376,0.04614558070898056,-0.06790728121995926,0.44621050357818604
1767708670660315400,27.1483154296875,0.16138295829296112,0.0950573980808258,0.35543692111968994
1767708670670315300,27.158315185546876,0.16442133486270905,0.18806768953800201,0.26609623432159424
1767708670680316200,27.168316162109374,0.15629471838474274,0.16227132081985474,0.2902075946331024
1767708670690316300,27.17831640625,0.19382691383361816,0.16760961711406708,0.4096274673938751
1767708670700317200,27.188317138671874,0.20974169671535492,0.16629455983638763,0.5672208070755005
1767708670710317000,27.198317138671875,0.19212602078914642,0.03873089700937271,0.6662601232528687
1767708670720318200,27.208318115234373,0.16748245060443878,-0.14987097680568695,0.6929559111595154
1767708670730318300,27.218318359375,0.15439774096012115,-0.2599394917488098,0.6529970169067383
1767708670740318200,27.228318115234377,0.16061754524707794,-0.2905448079109192,0.6023961305618286
1767708670750319400,27.2383193359375,0.16651064157485962,-0.31924673914909363,0.5989292860031128
1767708670760319200,27.2483193359375,0.14391185343265533,-0.3419525921344757,0.6293436288833618
1767708670770320100,27.258320068359374,0.11767356842756271,-0.3225146234035492,0.689290463924408
1767708670780320300,27.2683203125,0.11619763821363449,-0.283855140209198,0.7393263578414917
1767708670790321200,27.278321044921874,0.17222096025943756,-0.20873697102069855,0.7379841208457947
1767708670800321300,27.2883212890625,0.22249239683151245,-0.12550821900367737,0.7023655772209167
1767708670810322200,27.298322265625,0.2648182809352875,-0.04672180116176605,0.6645305752754211
1767708670820322300,27.308322265625,0.3225391209125519,0.00752207450568676,0.6146520972251892
1767708670830322200,27.318322265625,0.36150968074798584,0.09875424951314926,0.5525062084197998
1767708670840323300,27.3283232421875,0.38071611523628235,0.19632692635059357,0.5100027322769165
1767708670850323200,27.3383232421875,0.40177664160728455,0.2900465130805969,0.4909003973007202
1767708670860324000,27.348323974609375,0.38685229420661926,0.3238007426261902,0.48326006531715393
1767708670870324200,27.35832421875,0.3326798677444458,0.3211042881011963,0.46715351939201355
1767708670880325400,27.368325439453123,0.24613121151924133,0.280180424451828,0.44051268696784973
1767708670890325200,27.3783251953125,0.15780507028102875,0.20761622488498688,0.41707128286361694
1767708670900326100,27.388326171875,0.08274012804031372,0.16366496682167053,0.398716002702713
1767708670910326300,27.398326171875,0.013212453573942184,0.10354410111904144,0.37792283296585083
1767708670920326100,27.408326171875,-0.04710102453827858,0.015416858717799187,0.35969483852386475
1767708670930327300,27.418327392578124,-0.10902085155248642,-0.06521353870630264,0.3595025837421417
1767708670940327200,27.4283271484375,-0.17591571807861328,-0.13073286414146423,0.3844800293445587
1767708670950328000,27.438328125,-0.23324504494667053,-0.1488673835992813,0.3824951946735382
1767708670960328400,27.448328369140626,-0.2490309476852417,-0.13105297088623047,0.32728731632232666
1767708670970329300,27.458329345703124,-0.24362844228744507,-0.137418732047081,0.2455381453037262
1767708670980329200,27.4683291015625,-0.2542581856250763,-0.15649296343326569,0.21932262182235718
1767708670990329300,27.478329345703123,-0.2271197885274887,-0.21926766633987427,0.32972264289855957
1767708671000330200,27.488330322265625,-0.07294034212827682,-0.22094333171844482,0.4902004599571228
1767708671010330000,27.498330078125,0.20017299056053162,-0.1284104734659195,0.5955161452293396
1767708671020331300,27.508331298828125,0.4308567941188812,-0.06466825306415558,0.5846717953681946
1767708671030331100,27.5183310546875,0.5452030897140503,-0.04960600286722183,0.4061890244483948
1767708671040332300,27.528332275390625,0.5278608202934265,0.005411441437900066,0.14464184641838074
1767708671050332400,27.53833251953125,0.4194585084915161,0.11214040219783783,-0.06894593685865402
1767708671060333300,27.548333251953125,0.30077019333839417,0.20632869005203247,-0.17886391282081604
1767708671070333200,27.558333251953126,0.21726936101913452,0.26514768600463867,-0.11589539051055908
1767708671080333300,27.568333251953124,0.16968801617622375,0.13757525384426117,0.1723499894142151
1767708671090334200,27.578334228515626,0.1187923401594162,-0.0517728291451931,0.5260316133499146
1767708671100334000,27.588333984375,0.0860879197716713,-0.17395785450935364,0.6854369640350342
1767708671110335700,27.598335693359374,0.17101429402828217,-0.10282047092914581,0.6291279792785645
1767708671120336000,27.6083359375,0.30669569969177246,0.05579980090260506,0.5373056530952454
1767708671130336800,27.618336669921874,0.34881410002708435,0.13307726383209229,0.4572109282016754
1767708671140336600,27.628336669921875,0.2385834902524948,0.07560224831104279,0.3485504984855652
1767708671150337800,27.638337890625,0.16147112846374512,0.04524553194642067,0.20878109335899353
1767708671160337700,27.648337646484375,0.13417372107505798,0.1484781801700592,0.08881819993257523
1767708671170337800,27.658337890625,0.10794635117053986,0.2735729217529297,0.05600825697183609
1767708671180339000,27.6683388671875,0.05302022024989128,0.33265426754951477,0.08748014271259308
1767708671190338800,27.6783388671875,-0.04926646873354912,0.4149390161037445,0.008210886269807816
1767708671200339700,27.688339599609375,-0.14080384373664856,0.5683882236480713,-0.26320597529411316
1767708671210339800,27.69833984375,-0.16256609559059143,0.7039229869842529,-0.5817589163780212
1767708671220340700,27.7083408203125,-0.12530900537967682,0.7203221917152405,-0.7697778344154358
1767708671230340600,27.718340576171876,-0.10734066367149353,0.5312268137931824,-0.8072988390922546
1767708671240341800,27.728341796875,-0.16839703917503357,0.21740642189979553,-0.7977337837219238
1767708671250341600,27.738341552734376,-0.2508346736431122,-0.05285170301795006,-0.793688952922821
1767708671260341800,27.748341796875,-0.293700635433197,-0.19555440545082092,-0.7849671840667725
1767708671270343000,27.758343017578124,-0.32407185435295105,-0.20303255319595337,-0.7932285666465759
1767708671280342800,27.7683427734375,-0.7994490265846252,-2.158909320831299,0.5855816006660461
1767708671290343700,27.77834375,-0.8115328550338745,-0.7918791770935059,0.28997334837913513
1767708671300343800,27.78834375,-0.6268082857131958,-0.35534900426864624,-0.5312837958335876
1767708671310344700,27.7983447265625,-0.33096998929977417,0.21775659918785095,-0.7843115329742432
1767708671320344600,27.808344482421877,-0.14571912586688995,0.4837014973163605,-0.3636872470378876
1767708671330346000,27.818345947265627,-0.17536357045173645,0.530988335609436,-0.06111058592796326
1767708671340345900,27.828345947265625,-0.08094099164009094,0.09914403408765793,-0.010425882413983345
1767708671350345700,27.838345703125,-0.010790931060910225,0.49551883339881897,-0.5502739548683167
1767708671360347000,27.848346923828124,0.2587233781814575,0.9133198261260986,-1.1355674266815186
1767708671370346800,27.8583466796875,0.2639019191265106,1.2579214572906494,-1.690391182899475
1767708671380347600,27.86834765625,0.15151895582675934,0.6802127957344055,-1.1720330715179443
1767708671390347800,27.87834765625,0.012358933687210083,0.18244484066963196,-0.15269967913627625
1767708671400348700,27.8883486328125,-0.08358792960643768,-0.08740205317735672,0.3737263083457947
1767708671410348500,27.8983486328125,-0.07197148352861404,-0.056815918534994125,0.30740001797676086
1767708671420349000,27.908348876953124,-0.04343251511454582,0.09628015756607056,0.06953365355730057
1767708671430349800,27.918349853515625,-0.05183638632297516,0.14778757095336914,-0.0796331986784935
1767708671440349700,27.928349609375,-0.044597379863262177,0.08736948668956757,-0.10208391398191452
1767708671450350800,27.938350830078125,-0.012901514768600464,0.005684582516551018,-0.07520052790641785
1767708671460350700,27.948350830078127,0.030412137508392334,-0.074363112449646,-0.053889382630586624
1767708671470351600,27.9583515625,0.0499853640794754,-0.13713112473487854,-0.048056915402412415
1767708671480351700,27.968351806640626,0.051358018070459366,-0.21109934151172638,-0.05058927461504936
1767708671490353000,27.978352783203125,0.06911064684391022,-0.24099119007587433,-0.07166393101215363
1767708671500352800,27.988352783203126,0.05510055646300316,-0.285565048456192,-0.14544415473937988
1767708671510353000,27.998352783203124,-0.00004485866520553827,-0.29262784123420715,-0.29035285115242004
1767708671520353800,28.008353759765626,-0.05362126603722572,-0.2756584584712982,-0.4956852197647095
1767708671530353700,28.018353759765624,-0.129926860332489,-0.3418985903263092,-0.6875917911529541
1767708671540354800,28.028354736328126,-0.2372724860906601,-0.3668268322944641,-0.7814935445785522
1767708671550354700,28.038354736328124,-0.28440749645233154,-0.36506009101867676,-0.751466691493988
1767708671560355600,28.04835546875,-0.19315330684185028,-0.2580159902572632,-0.6403174996376038
1767708671570355700,28.058355712890624,0.008434724062681198,-0.08965509384870529,-0.5472387671470642
1767708671580356900,28.06835693359375,0.20492111146450043,-0.01534007303416729,-0.49562567472457886
1767708671590356700,28.078356689453123,0.2207123339176178,-0.13291943073272705,-0.4842150807380676
1767708671600356900,28.08835693359375,0.08686265349388123,-0.2855808734893799,-0.5156928300857544
1767708671610357800,28.098357666015627,-0.13942483067512512,-0.44187331199645996,-0.5141921043395996
1767708671620357600,28.108357666015625,-0.42735806107521057,-0.5558009743690491,-0.4755706787109375
1767708671630358800,28.11835888671875,-0.5662184357643127,-0.6555225253105164,-0.4677944481372833
1767708671640358700,28.128358642578124,-0.3632293939590454,-0.6302491426467896,-0.3796251714229584
1767708671650359800,28.13835986328125,-0.1298278570175171,-0.36891308426856995,-0.07514923065900803
1767708671660360000,28.14835986328125,0.004865775350481272,-0.1846873164176941,0.25699010491371155
1767708671670360800,28.15836083984375,0.06270249933004379,-0.15587644279003143,0.352172315120697
1767708671680360700,28.168360595703124,0.14235550165176392,-0.08902648836374283,0.20870967209339142
1767708671690360800,28.17836083984375,0.2361839860677719,0.09575667977333069,0.008136095479130745
1767708671700361700,28.18836181640625,0.27039843797683716,0.26205015182495117,-0.08143983036279678
1767708671710361600,28.198361572265625,0.2547619640827179,0.3274339437484741,-0.02877262979745865
1767708671720362800,28.20836279296875,0.179680734872818,0.247576504945755,0.0920916497707367
1767708671730362600,28.218362548828125,0.05829412862658501,0.05729817971587181,0.20249512791633606
1767708671740363800,28.22836376953125,-0.05633418262004852,-0.11518091708421707,0.2567991018295288
1767708671750364000,28.238364013671877,-0.12251134216785431,-0.23003612458705902,0.24826155602931976
1767708671760363800,28.24836376953125,-0.13728253543376923,-0.2734246551990509,0.2093479335308075
1767708671770364700,28.25836474609375,-0.12570977210998535,-0.29937824606895447,0.203893780708313
1767708671780364800,28.26836474609375,-0.10663406550884247,-0.32368364930152893,0.23667000234127045
1767708671790365700,28.27836572265625,-0.08351223170757294,-0.37807154655456543,0.28659602999687195
1767708671800365600,28.288365478515626,-0.025683017447590828,-0.4013277292251587,0.325838565826416
1767708671810367000,28.298366943359376,0.0895032286643982,-0.40192028880119324,0.3454575538635254
1767708671820366800,28.308366943359374,0.2148909568786621,-0.4097915589809418,0.37312009930610657
1767708671830367700,28.31836767578125,0.31184306740760803,-0.39745232462882996,0.416764497756958
1767708671840367900,28.328367919921874,0.3621898889541626,-0.33974021673202515,0.45273879170417786
1767708671850367700,28.33836767578125,0.35084882378578186,-0.22830608487129211,0.4621194899082184
1767708671860368600,28.34836865234375,0.29749467968940735,-0.08654146641492844,0.4449966847896576
1767708671870368800,28.35836865234375,0.22200047969818115,0.009588531218469143,0.40638700127601624
1767708671880369700,28.36836962890625,0.13810347020626068,0.035001929849386215,0.369722455739975
1767708671890369500,28.37836962890625,0.05973995849490166,0.06175391376018524,0.351898729801178
1767708671900371000,28.388370849609377,0.005316662602126598,0.07743913680315018,0.3427368998527527
1767708671910370800,28.398370849609375,-0.011484655551612377,0.0750236064195633,0.3516358435153961
1767708671920371700,28.408371826171877,-0.008091521449387074,0.07888465374708176,0.38405555486679077
1767708671930371800,28.418371826171875,-0.0036392819602042437,0.05646434426307678,0.4243420362472534
1767708671940371700,28.428371826171876,-0.028854889795184135,-0.006369480863213539,0.4527270495891571
1767708671950372600,28.43837255859375,-0.09620989859104156,-0.06516778469085693,0.4664939045906067
1767708671960372700,28.448372802734376,-0.18705353140830994,-0.10166161507368088,0.4681434631347656
1767708671970374000,28.458373779296874,-0.26055386662483215,-0.10699362307786942,0.454493910074234
1767708671980373800,28.468373779296876,-0.2988508939743042,-0.08470287173986435,0.4337484538555145
1767708671990375000,28.478375,-0.30681535601615906,-0.0935986265540123,0.4247767925262451
1767708672000374800,28.488374755859375,-0.295314222574234,-0.16467386484146118,0.4551091492176056
1767708672010375000,28.498375,-0.2556192874908447,-0.2759823799133301,0.5539129376411438
1767708672020375800,28.508375732421875,-0.10502606630325317,-0.2145746797323227,0.7270035147666931
1767708672030375700,28.518375732421877,0.2874002754688263,-0.009533419273793697,0.9162940979003906
1767708672040376600,28.52837646484375,0.6764969229698181,0.1640370488166809,1.0192679166793823
1767708672050376700,28.538376708984377,0.8335446119308472,0.2570764124393463,0.8944076895713806
1767708672060377900,28.5483779296875,0.7272831201553345,0.3183120787143707,0.6010898351669312
1767708672070377700,28.558377685546876,0.4989812672138214,0.3939422070980072,0.3955620229244232
1767708672080379000,28.56837890625,0.30106326937675476,0.4224608540534973,0.4223614037036896
1767708672090378800,28.578378662109376,0.1604451686143875,0.2456168383359909,0.6424232125282288
1767708672100378600,28.588378662109374,0.09209088981151581,-0.060680508613586426,0.9001559019088745
1767708672110379800,28.5983798828125,0.07453706860542297,-0.1573665738105774,0.9843356609344482
1767708672120379600,28.608379638671874,0.17485861480236053,-0.0728205218911171,0.827521026134491
1767708672130380800,28.618380859375,0.30474653840065,0.075074203312397,0.5739437937736511
1767708672140381000,28.628380859375,0.2899843752384186,0.12144782394170761,0.4284778833389282
1767708672150381800,28.6383818359375,0.21381798386573792,0.08457010984420776,0.3799484968185425
1767708672160381700,28.648381591796873,0.1665458083152771,0.13697686791419983,0.2469547539949417
1767708672170382800,28.6583828125,0.13423317670822144,0.2880037724971771,0.009245814755558968
1767708672180382700,28.6683828125,0.09485244750976562,0.43212172389030457,-0.14905452728271484
1767708672190382600,28.678382568359375,0.03298322111368179,0.5122979879379272,-0.16784605383872986
1767708672200383700,28.6883837890625,-0.0664038136601448,0.6048680543899536,-0.18447637557983398
1767708672210383600,28.698383544921874,-0.148847296833992,0.7204495072364807,-0.3461880385875702
1767708672220384800,28.708384765625,-0.15486130118370056,0.7099851965904236,-0.579960286617279
1767708672230385000,28.718385009765626,-0.13040177524089813,0.5734079480171204,-0.6885983347892761
1767708672240385800,28.7283857421875,-0.17260248959064484,0.36260053515434265,-0.6379401683807373
1767708672250385700,28.7383857421875,-0.2571450471878052,0.1095871776342392,-0.5257372260093689
1767708672260386800,28.74838671875,-0.2773432433605194,-0.07784602046012878,-0.4379011392593384
1767708672270386700,28.75838671875,-0.23588156700134277,-0.1780700981616974,-0.41398969292640686
1767708672280386600,28.768386474609375,-0.1867925524711609,-0.17945192754268646,-0.43683597445487976
1767708672290388000,28.778387939453125,-0.11844997853040695,-0.13369695842266083,-0.46397489309310913
1767708672300387800,28.788387939453123,-0.031818926334381104,-0.04816870018839836,-0.45885875821113586
1767708672310388700,28.798388671875,0.029016457498073578,0.039358217269182205,-0.4342152178287506
1767708672320388900,28.808388916015623,0.004482031334191561,0.08109313249588013,-0.4160122573375702
1767708672330389800,28.8183896484375,-0.07590868324041367,0.08575419336557388,-0.41523274779319763
1767708672340389600,28.8283896484375,-0.14777220785617828,0.037568580359220505,-0.419083833694458
1767708672350389800,28.8383896484375,-0.19316819310188293,0.05039862170815468,-0.40916943550109863
1767708672360390700,28.848390625,-0.1933482587337494,0.08596915751695633,-0.3903593420982361
1767708672370390500,28.858390625,-0.18589673936367035,0.12429283559322357,-0.3772645890712738
1767708672380392000,28.868391845703126,-0.12455401569604874,0.15835349261760712,-0.36180514097213745
1767708672390391800,28.878391845703124,-0.07954312860965729,0.155299112200737,-0.3282599449157715
1767708672400392700,28.888392822265626,-0.09540917724370956,0.1333213746547699,-0.2866307497024536
1767708672410392800,28.898392822265624,-0.12198375910520554,0.0791570395231247,-0.2563021183013916
1767708672420393700,28.908393798828126,-0.13092371821403503,0.030765801668167114,-0.23552092909812927
1767708672430393600,28.9183935546875,-0.1401473581790924,0.003117256099358201,-0.2200002670288086
1767708672440393700,28.928393798828125,-0.12261763960123062,-0.00724457111209631,-0.23346228897571564
1767708672450395000,28.938394775390623,-0.10241743922233582,-0.0370950773358345,-0.30063891410827637
1767708672460394800,28.948394775390625,-0.09039832651615143,-0.062349833548069,-0.39388418197631836
1767708672470396000,28.95839599609375,-0.05014921724796295,-0.05034548416733742,-0.47830677032470703
1767708672480395800,28.968395751953125,0.016498981043696404,0.012104789726436138,-0.5306610465049744
1767708672490396700,28.978396728515627,0.08190169185400009,0.0820886641740799,-0.5459153652191162
1767708672500396800,28.988396728515625,0.12531733512878418,0.07803906500339508,-0.5047274231910706
1767708672510397700,28.998397705078126,0.12526200711727142,-0.00469413073733449,-0.4305473566055298
1767708672520397600,29.0083974609375,0.052940938621759415,-0.07238262891769409,-0.4160517752170563
1767708672530397700,29.018397705078126,-0.0843549445271492,-0.08302924782037735,-0.534551739692688
1767708672540398800,29.02839892578125,-0.22665376961231232,-0.150165393948555,-0.7576255798339844
1767708672550398700,29.038398681640626,-0.351829469203949,-0.22287721931934357,-0.937820315361023
1767708672560400000,29.04839990234375,-0.4808542728424072,-0.2746434807777405,-0.9439154863357544
1767708672570399700,29.058399658203125,-0.5710723400115967,-0.2167554497718811,-0.7871869802474976
1767708672580400600,29.068400634765624,-0.4634039103984833,-0.14843091368675232,-0.5784691572189331
1767708672590400800,29.07840087890625,-0.24738238751888275,-0.021308917552232742,-0.4109230041503906
1767708672600402000,29.08840185546875,-0.16623534262180328,-0.02015097439289093,-0.36789509654045105
1767708672610401800,29.09840185546875,-0.22929158806800842,-0.23702453076839447,-0.5130805373191833
1767708672620402000,29.10840185546875,-0.30617785453796387,-0.420812726020813,-0.7190449237823486
1767708672630402800,29.11840283203125,-0.49995264410972595,-0.510958194732666,-0.7711779475212097
1767708672640402700,29.128402587890626,-0.6828478574752808,-0.5733195543289185,-0.6775110363960266
1767708672650403800,29.13840380859375,-0.5882060527801514,-0.6761242151260376,-0.4799758195877075
1767708672660403700,29.14840380859375,-0.2815183103084564,-0.5695979595184326,-0.1291702836751938
1767708672670404600,29.158404541015624,-0.011651941575109959,-0.333941787481308,0.23492112755775452
1767708672680404700,29.16840478515625,0.18052338063716888,-0.22714738547801971,0.4116010367870331
1767708672690406000,29.178406005859376,0.26622042059898376,-0.1676638126373291,0.2945934534072876
1767708672700405800,29.18840576171875,0.2675887942314148,-0.08019394427537918,-0.009704519994556904
1767708672710406000,29.198406005859376,0.23524469137191772,0.06155785545706749,-0.25820860266685486
1767708672720406800,29.20840673828125,0.2392040491104126,0.20700779557228088,-0.3131037652492523
1767708672730406700,29.21840673828125,0.22763128578662872,0.3305757939815521,-0.20224353671073914
1767708672740407800,29.22840771484375,0.1580394208431244,0.37191829085350037,-0.007734568323940039
1767708672750407700,29.23840771484375,0.05254840478301048,0.3132792115211487,0.1945010870695114
1767708672760408800,29.248408935546873,-0.02764100395143032,0.15681269764900208,0.3246311843395233
1767708672770409000,29.258408935546875,-0.10118445754051208,0.05901982635259628,0.36615410447120667
1767708672780408800,29.268408935546876,-0.17263734340667725,-0.005253167822957039,0.3721984326839447
1767708672790409700,29.27840966796875,-0.21191124618053436,-0.07488390803337097,0.3663210868835449
1767708672800409900,29.288409912109376,-0.18633048236370087,-0.11938538402318954,0.33495432138442993
1767708672810410800,29.29841064453125,-0.14491406083106995,-0.14037348330020905,0.29066595435142517
1767708672820410600,29.30841064453125,-0.08468964695930481,-0.14010460674762726,0.24337007105350494
1767708672830411800,29.318411865234374,-0.003104238538071513,-0.10417243093252182,0.20542214810848236
1767708672840411600,29.32841162109375,0.07706089317798615,-0.04960348457098007,0.20453521609306335
1767708672850412800,29.338412841796874,0.15205524861812592,-0.011786064133048058,0.2357168346643448
1767708672860413000,29.348412841796875,0.21323631703853607,0.04911244288086891,0.28271523118019104
1767708672870412800,29.358412841796873,0.24026870727539062,0.1087939441204071,0.2915589511394501
1767708672880413700,29.36841357421875,0.2268735021352768,0.14583909511566162,0.259359747171402
1767708672890413800,29.378413818359373,0.1800849586725235,0.16101352870464325,0.22431467473506927
1767708672900414700,29.388414794921875,0.131536066532135,0.1623099446296692,0.21147611737251282
1767708672910414600,29.39841455078125,0.0975630134344101,0.15888015925884247,0.21887950599193573
1767708672920416000,29.408416015625,0.06484527885913849,0.1603880524635315,0.23639458417892456
1767708672930415900,29.418415771484376,0.06603515893220901,0.12762019038200378,0.25273406505584717
1767708672940416800,29.428416748046875,0.08069772273302078,0.11394380033016205,0.2740846574306488
1767708672950417000,29.4384169921875,0.10700386017560959,0.11914046853780746,0.3139684498310089
1767708672960416800,29.448416748046874,0.09785190224647522,0.055778272449970245,0.33188191056251526
1767708672970417700,29.458417724609376,0.04557272419333458,-0.03561475872993469,0.31520307064056396
1767708672980417800,29.468417724609374,-0.031061308458447456,-0.08466092497110367,0.3059321939945221
1767708672990418700,29.478418701171876,-0.12061302363872528,-0.10685890167951584,0.3113352358341217
1767708673000418600,29.48841845703125,-0.18560241162776947,-0.07547861337661743,0.3006040155887604
1767708673010420000,29.498419921875,-0.17706798017024994,-0.01304677315056324,0.2656991183757782
1767708673020419800,29.508419921875,-0.11437264829874039,0.03299422189593315,0.27183184027671814
1767708673030420700,29.518420654296875,-0.0879720151424408,0.04395584762096405,0.3752819299697876
1767708673040420900,29.5284208984375,-0.16806761920452118,0.03348785638809204,0.5471487641334534
1767708673050420700,29.538420654296875,-0.0979796051979065,0.10160485655069351,0.7283406853675842
1767708673060421600,29.548421630859377,0.22784003615379333,0.21149194240570068,0.8959632515907288
1767708673070421800,29.558421875,0.5289115309715271,0.28597065806388855,0.9415581822395325
1767708673080423000,29.5684228515625,0.6647098660469055,0.404018759727478,0.7529057264328003
1767708673090422800,29.5784228515625,0.6285653114318848,0.5476391911506653,0.4916837811470032
1767708673100424000,29.588423828125,0.5649687647819519,0.5154133439064026,0.407677561044693
1767708673110423800,29.598423828125,0.5195863842964172,0.2139553725719452,0.7018232941627502
1767708673120424400,29.608424560546876,0.5431551337242126,-0.0626005306839943,1.1668753623962402
1767708673130424600,29.618424560546874,0.42249950766563416,-0.1660108119249344,1.290258526802063
1767708673140424400,29.628424560546875,0.2340468317270279,-0.23025888204574585,0.955298662185669
1767708673150425600,29.638425537109374,0.15933237969875336,-0.22294583916664124,0.5310131907463074
1767708673160425700,29.64842578125,0.12561006844043732,-0.11561255902051926,0.2616160213947296
1767708673170426600,29.658426513671873,0.058105066418647766,-0.04905723035335541,0.14975261688232422
1767708673180426500,29.668426513671875,0.03054160624742508,0.046577129513025284,0.0775773748755455
1767708673190427600,29.678427734375,0.005883397534489632,0.16253142058849335,-0.09834171831607819
1767708673200427500,29.688427490234375,0.009256280958652496,0.28281480073928833,-0.2569728195667267
1767708673210428700,29.6984287109375,0.09020625799894333,0.36901333928108215,-0.25528356432914734
1767708673220428800,29.7084287109375,0.1398571878671646,0.463631272315979,-0.206423819065094
1767708673230428700,29.7184287109375,0.1388861984014511,0.5574653148651123,-0.35411661863327026
1767708673240429600,29.7284296875,0.14685703814029694,0.5750757455825806,-0.6415563821792603
1767708673250429700,29.7384296875,0.10696901381015778,0.48540180921554565,-0.8339492082595825
1767708673260430600,29.7484306640625,-0.01067427359521389,0.3374646306037903,-0.8250390291213989
1767708673270430500,29.758430419921876,-0.1438072919845581,0.18431182205677032,-0.6971484422683716
1767708673280431600,29.768431640625,-0.253203809261322,0.10343950986862183,-0.5267916917800903
1767708673290431500,29.778431396484375,-0.30411067605018616,0.05434945970773697,-0.40916362404823303
1767708673300432600,29.7884326171875,-0.38090503215789795,0.023717470467090607,-0.41088351607322693
1767708673310432800,29.798432861328124,-0.3613845705986023,-0.016080275177955627,-0.4602891504764557
1767708673320432600,29.8084326171875,-0.33617061376571655,0.02535390667617321,-0.54274982213974
1767708673330433500,29.81843359375,-0.267438679933548,0.0446636900305748,-0.6010109782218933
1767708673340433700,29.82843359375,-0.19159796833992004,0.09591488540172577,-0.5922515988349915
1767708673350434600,29.8384345703125,-0.1487141102552414,0.09697680920362473,-0.5676507949829102
1767708673360434400,29.848434326171876,-0.12514327466487885,0.0543380044400692,-0.5667413473129272
1767708673370435800,29.858435791015626,-0.11054706573486328,0.029758097603917122,-0.5609169006347656
1767708673380435700,29.868435791015624,-0.0991082414984703,0.03525248542428017,-0.5379936099052429
1767708673390435600,29.878435546875,-0.09309269487857819,0.06699923425912857,-0.5108304619789124
1767708673400436700,29.888436767578124,-0.08766624331474304,0.09173334389925003,-0.4913870096206665
1767708673410436600,29.8984365234375,-0.0693807378411293,0.13336819410324097,-0.4726126492023468
1767708673420437500,29.9084375,-0.04843896999955177,0.16204005479812622,-0.4640774726867676
1767708673430437600,29.918437744140626,-0.015919853001832962,0.17859427630901337,-0.45738863945007324
1767708673440438500,29.9284384765625,0.03566344827413559,0.1807844638824463,-0.4460076093673706
1767708673450438400,29.9384384765625,0.06645216792821884,0.13492675125598907,-0.41798946261405945
1767708673460439800,29.948439697265623,0.06682714074850082,0.07023642957210541,-0.35415640473365784
1767708673470439700,29.958439697265625,0.0502801351249218,0.0027606147341430187,-0.2945043742656708
1767708673480439600,29.968439453125,0.03241138905286789,-0.07222095131874084,-0.2910339832305908
1767708673490440700,29.978440673828125,0.029018055647611618,-0.13725730776786804,-0.35919368267059326
1767708673500440600,29.988440673828126,0.0306596290320158,-0.18840144574642181,-0.4326609969139099
1767708673510441500,29.99844140625,0.05307251587510109,-0.17778237164020538,-0.43391144275665283
1767708673520441600,30.008441650390626,0.09098607301712036,-0.1517142951488495,-0.33919134736061096
1767708673530442800,30.01844287109375,0.12175437808036804,-0.1534833014011383,-0.21351708471775055
1767708673540442600,30.028442626953126,0.15084300935268402,-0.1395091563463211,-0.1693568080663681
1767708673550443800,30.03844384765625,0.130792036652565,-0.09094930440187454,-0.26060864329338074
1767708673560443600,30.048443603515626,0.04390934482216835,-0.10454393923282623,-0.4548223316669464
1767708673570443500,30.058443603515624,-0.12365882098674774,-0.19645868241786957,-0.6396179795265198
1767708673580444700,30.068444580078125,-0.3542504906654358,-0.2850159704685211,-0.7322981357574463
1767708673590444500,30.078444580078123,-0.570064902305603,-0.33281201124191284,-0.7244149446487427
1767708673600445400,30.088445556640625,-0.5973579287528992,-0.3112680912017822,-0.6349666118621826
1767708673610445600,30.098445556640623,-0.33344748616218567,-0.23725992441177368,-0.5314234495162964
1767708673620446700,30.10844677734375,-0.05987352132797241,-0.16238103806972504,-0.4590931534767151
1767708673630446600,30.118446533203127,0.05376356095075607,-0.2847306430339813,-0.39775657653808594
1767708673640447700,30.12844775390625,0.000134709058329463,-0.5595000982284546,-0.36971795558929443
1767708673650447600,30.138447509765626,-0.16811315715312958,-0.6865901947021484,-0.3615689277648926
1767708673660447500,30.148447509765624,-0.433421790599823,-0.6924834847450256,-0.34824949502944946
1767708673670448600,30.15844873046875,-0.710624098777771,-0.6115795969963074,-0.4485017955303192
1767708673680448500,30.168448486328124,-0.6763082146644592,-0.6709181666374207,-0.578014075756073
1767708673690449700,30.17844970703125,-0.5053247213363647,-0.5130510330200195,-0.3936309218406677
1767708673700449800,30.18844970703125,-0.3851509392261505,-0.2670653462409973,0.009740861132740974
1767708673710450700,30.19845068359375,-0.22332555055618286,-0.0938621312379837,0.36202913522720337
1767708673720450600,30.208450439453124,0.05452441796660423,-0.024280181154608727,0.3966725170612335
1767708673730451500,30.218451416015625,0.26586756110191345,0.05605274438858032,0.19936852157115936
1767708673740451600,30.22845166015625,0.3463335931301117,0.09769481420516968,0.02409149333834648
1767708673750451500,30.238451416015625,0.34520068764686584,0.17364762723445892,-0.01972389966249466
1767708673760452600,30.24845263671875,0.2985354959964752,0.23380599915981293,0.07148800045251846
1767708673770452500,30.258452392578125,0.19631485641002655,0.2976134717464447,0.23165930807590485
1767708673780453600,30.26845361328125,0.0742613822221756,0.31441134214401245,0.4061260521411896
1767708673790453800,30.278453857421876,-0.03502862527966499,0.23205308616161346,0.5421770811080933
1767708673800454700,30.28845458984375,-0.10736905038356781,0.09284108132123947,0.6214340329170227
1767708673810454500,30.29845458984375,-0.17752178013324738,-0.001326428959146142,0.6473284959793091
1767708673820455400,30.308455322265626,-0.2748810946941376,-0.09027201682329178,0.646967351436615
1767708673830455600,30.31845556640625,-0.29913991689682007,-0.15506403148174286,0.642790675163269
1767708673840455400,30.328455322265626,-0.25103098154067993,-0.17495092749595642,0.6273672580718994
1767708673850456800,30.338456787109376,-0.15996520221233368,-0.18805982172489166,0.6054630875587463
1767708673860456700,30.348456787109374,-0.015179254114627838,-0.18122747540473938,0.6180001497268677
1767708673870457600,30.35845751953125,0.13067910075187683,-0.1530326008796692,0.6617782711982727
1767708673880457700,30.368457763671874,0.24502351880073547,-0.14247263967990875,0.7101635932922363
1767708673890458600,30.378458740234375,0.33536651730537415,-0.137310191988945,0.7462235689163208
1767708673900458500,30.38845849609375,0.40070080757141113,-0.10622817277908325,0.7487186789512634
1767708673910459400,30.39845947265625,0.43472692370414734,-0.04724718630313873,0.712714433670044
1767708673920459500,30.40845947265625,0.4440642297267914,0.0332079753279686,0.6419172286987305
1767708673930459400,30.41845947265625,0.4284229278564453,0.09077364206314087,0.5560263991355896
1767708673940460800,30.428460693359376,0.3934532403945923,0.13733182847499847,0.4705093204975128
1767708673950460700,30.438460693359374,0.33525359630584717,0.14262646436691284,0.39803698658943176
1767708673960461600,30.448461669921876,0.2584829032421112,0.11010845750570297,0.35130515694618225
1767708673970461700,30.458461669921874,0.18039293587207794,0.052090827375650406,0.32896897196769714
1767708673980462600,30.468462646484376,0.10873473435640335,0.005673795007169247,0.31333354115486145
1767708673990462500,30.47846240234375,0.058687783777713776,-0.03540287911891937,0.30470365285873413
1767708674000462600,30.488462646484376,0.01840507797896862,-0.08294110745191574,0.32194310426712036
1767708674010463700,30.498463623046874,-0.05184910446405411,-0.1489371508359909,0.3671090602874756
1767708674020463600,30.508463623046875,-0.16814588010311127,-0.22564071416854858,0.4028223156929016
1767708674030464800,30.51846484375,-0.2659105658531189,-0.2607538402080536,0.3944814205169678
1767708674040464600,30.528464599609375,-0.3342134356498718,-0.23825068771839142,0.3522556722164154
1767708674050465500,30.538465576171873,-0.37795642018318176,-0.20587700605392456,0.34194186329841614
1767708674060465700,30.548465576171875,-0.37609079480171204,-0.22961728274822235,0.4319733679294586
1767708674070466600,30.558466552734377,-0.215110182762146,-0.18333660066127777,0.5995842218399048
1767708674080466400,30.568466552734375,0.13308073580265045,-0.020324237644672394,0.7579596638679504
1767708674090466600,30.578466552734376,0.46588531136512756,0.0915232002735138,0.8433919548988342
1767708674100467700,30.5884677734375,0.659038782119751,0.145998015999794,0.763552725315094
1767708674110467600,30.598467529296876,0.6180583238601685,0.11107945442199707,0.45494961738586426
1767708674120468500,30.608468505859374,0.358053982257843,0.10267814993858337,0.05171208083629608
1767708674130468400,30.61846826171875,0.13912031054496765,0.07998136430978775,-0.22811183333396912
1767708674140469500,30.628469482421874,0.08388495445251465,0.12083796411752701,-0.21633458137512207
1767708674150469600,30.6384697265625,0.13756203651428223,0.19421204924583435,0.08369341492652893
1767708674160470500,30.648470458984374,0.2741588056087494,0.24559704959392548,0.5278706550598145
1767708674170470400,30.658470458984375,0.44155338406562805,0.1646348237991333,0.8258399963378906
1767708674180470500,30.668470458984373,0.6300002932548523,0.07926267385482788,0.9687565565109253
1767708674190471400,30.678471435546875,0.8199949860572815,0.12395105510950089,1.038223385810852
1767708674200471300,30.68847119140625,0.8308531641960144,0.2475103735923767,0.8794472217559814
1767708674210472700,30.69847265625,0.5224378108978271,0.28801199793815613,0.34804245829582214
1767708674220472600,30.70847265625,0.16340754926204681,0.30819687247276306,-0.20792187750339508
1767708674230473500,30.718473388671875,-0.08539800345897675,0.3211158812046051,-0.4924739897251129
1767708674240473600,30.7284736328125,-0.2502942979335785,0.23720966279506683,-0.4822840392589569
1767708674250474500,30.738474609375,-0.39265012741088867,0.09864672273397446,-0.2283513993024826
1767708674260474400,30.748474365234376,-0.5000420808792114,0.025716323405504227,0.020862964913249016
1767708674270474500,30.758474609375,-0.5816627144813538,0.1628798395395279,-0.04422641545534134
1767708674280475400,30.768475341796876,-0.581198513507843,0.38699549436569214,-0.390337735414505
1767708674290475300,30.778475341796874,-0.5090630054473877,0.530428409576416,-0.7029204368591309
1767708674300476700,30.7884765625,-0.4566136598587036,0.5627352595329285,-0.7631009817123413
1767708674310476500,30.7984765625,-0.4685395061969757,0.5005109310150146,-0.6371843218803406
1767708674320477400,30.8084775390625,-0.5197874903678894,0.39006781578063965,-0.5315167307853699
1767708674330477600,30.8184775390625,-0.5273749232292175,0.2753880023956299,-0.5304582118988037
1767708674340478500,30.828478515625,-0.4616776704788208,0.2058163732290268,-0.5676321983337402
1767708674350478300,30.838478271484377,-0.33276522159576416,0.14337854087352753,-0.5815311670303345
1767708674360478500,30.848478515625,-0.22222459316253662,0.09595002233982086,-0.5648744106292725
1767708674370479600,30.858479736328125,-0.13119854032993317,0.09034675359725952,-0.5446584820747375
1767708674380479500,30.8684794921875,-0.07119512557983398,0.0822984129190445,-0.5750835537910461
1767708674390480600,30.878480712890624,-0.06737400591373444,0.054423823952674866,-0.6407672166824341
1767708674400480500,30.88848046875,-0.10815338790416718,0.08112627267837524,-0.6801109313964844
1767708674410481400,30.8984814453125,-0.11824168264865875,0.10209515690803528,-0.7188960909843445
1767708674420481500,30.9084814453125,-0.1033191904425621,0.14741496741771698,-0.7647141814231873
1767708674430481400,30.9184814453125,-0.10008003562688828,0.23251308500766754,-0.7890615463256836
1767708674440482300,30.928482421875,-0.10456319898366928,0.2995065152645111,-0.7919145822525024
1767708674450482400,30.938482421875,-0.09469994157552719,0.32701289653778076,-0.788680374622345
1767708674460483600,30.948483642578125,-0.05064193904399872,0.31884685158729553,-0.7740822434425354
1767708674470483500,30.9584833984375,-0.0010086254915222526,0.3118976652622223,-0.7410652041435242
1767708674480484600,30.968484619140625,0.020294345915317535,0.3391475975513458,-0.6909542083740234
1767708674490484500,30.978484375,0.014414886012673378,0.4130133092403412,-0.6297236084938049
1767708674500485400,30.9884853515625,0.001971798948943615,0.45495304465293884,-0.587207555770874
1767708674510485500,30.998485595703126,0.02120348997414112,0.4598877429962158,-0.5815936923027039
1767708674520485400,31.0084853515625,0.0878075510263443,0.4164941906929016,-0.6029632091522217
1767708674530486500,31.018486572265626,0.21042747795581818,0.3619561195373535,-0.6464451551437378
1767708674540486700,31.028486572265624,0.3348546624183655,0.2500370442867279,-0.6375085115432739
1767708674550487600,31.038487548828126,0.38317960500717163,0.1243387758731842,-0.49113744497299194
1767708674560487400,31.0484873046875,0.364261269569397,-0.026291178539395332,-0.23797902464866638
1767708674570488600,31.058488525390626,0.3077242076396942,-0.16473133862018585,0.008855259977281094
1767708674580488400,31.068488525390624,0.21656742691993713,-0.2565602958202362,0.09788469225168228
1767708674590489300,31.0784892578125,0.12867538630962372,-0.3223789632320404,-0.02668306976556778
1767708674600489500,31.088489501953124,0.006769665516912937,-0.3816213011741638,-0.2554841637611389
1767708674610489300,31.0984892578125,-0.19104567170143127,-0.4519769549369812,-0.46051347255706787
1767708674620490500,31.108490478515623,-0.43111127614974976,-0.47476497292518616,-0.5910170674324036
1767708674630490600,31.11849072265625,-0.5589414238929749,-0.4502231478691101,-0.5870540142059326
1767708674640491500,31.128491455078127,-0.4226091206073761,-0.34627777338027954,-0.44587087631225586
1767708674650491400,31.138491455078125,-0.17839963734149933,-0.25271615386009216,-0.3438846170902252
1767708674660492500,31.148492431640626,-0.05709771439433098,-0.2720489799976349,-0.29931825399398804
1767708674670492400,31.158492431640624,-0.07379546761512756,-0.3523363471031189,-0.2950305640697479
1767708674680493600,31.16849365234375,-0.17890667915344238,-0.4087544083595276,-0.33059218525886536
1767708674690493700,31.17849365234375,-0.3410918414592743,-0.369793176651001,-0.4040357768535614
1767708674700493600,31.18849365234375,-0.5564759969711304,-0.34290561079978943,-0.43980932235717773
1767708674710494500,31.198494384765624,-0.7541922926902771,-0.3860301673412323,-0.304813414812088
1767708674720494600,31.20849462890625,-0.7435634732246399,-0.4360053837299347,-0.09444522857666016
1767708674730495500,31.21849560546875,-0.6329469084739685,-0.3667469322681427,0.08288321644067764
1767708674740495400,31.228495361328125,-0.46022602915763855,-0.2314991056919098,0.26599711179733276
1767708674750496500,31.23849658203125,-0.23350845277309418,-0.0508870854973793,0.43927106261253357
1767708674760496400,31.248496337890625,0.028490666300058365,0.024305671453475952,0.523991584777832
1767708674770497500,31.25849755859375,0.2449129968881607,0.011069800704717636,0.51214998960495
1767708674780497700,31.26849755859375,0.3667510449886322,0.031230948865413666,0.468254417181015
1767708674790497500,31.27849755859375,0.41993412375450134,0.13348595798015594,0.47248244285583496
1767708674800498400,31.28849853515625,0.4401019811630249,0.2194160372018814,0.5894258618354797
1767708674810498600,31.29849853515625,0.43419158458709717,0.2691141664981842,0.7621915936470032
1767708674820499500,31.30849951171875,0.3945690989494324,0.23346170783042908,0.8441622257232666
1767708674830499300,31.318499267578126,0.32319745421409607,0.13455909490585327,0.8067200183868408
1767708674840500500,31.32850048828125,0.21183843910694122,0.06581119447946548,0.7331531047821045
1767708674850500600,31.33850048828125,0.07748725265264511,0.014897827990353107,0.6850288510322571
1767708674860500500,31.34850048828125,-0.035795629024505615,0.003930398728698492,0.6461259126663208
1767708674870501600,31.358501708984374,-0.08860742300748825,-0.0016175629571080208,0.6002222299575806
1767708674880501500,31.36850146484375,-0.09343945980072021,-0.012856102548539639,0.5546656250953674
1767708674890502400,31.37850244140625,-0.04213127866387367,-0.04356877878308296,0.5392041802406311
1767708674900502500,31.38850244140625,0.057673078030347824,-0.05777700990438461,0.5725600123405457
1767708674910503400,31.39850341796875,0.17931349575519562,-0.025553971529006958,0.6433054804801941
1767708674920503300,31.40850341796875,0.2848297953605652,0.016713857650756836,0.7355102300643921
1767708674930504400,31.41850439453125,0.35606345534324646,0.05961654335260391,0.8176738619804382
1767708674940504600,31.428504638671875,0.40736207365989685,0.09022052586078644,0.86072838306427
1767708674950504400,31.43850439453125,0.4301653802394867,0.1307401806116104,0.8611916303634644
1767708674960505600,31.448505615234374,0.42615705728530884,0.18120761215686798,0.8152416944503784
1767708674970505500,31.45850537109375,0.3951096534729004,0.20506253838539124,0.7538325190544128
1767708674980506400,31.46850634765625,0.3297208249568939,0.2716886103153229,0.6734259724617004
1767708674990506500,31.478506591796876,0.27227672934532166,0.24358665943145752,0.5781428813934326
1767708675000507600,31.488507568359374,0.1941385120153427,0.23867887258529663,0.5203619003295898
1767708675010507500,31.498507568359376,0.10205651074647903,0.19068337976932526,0.48410966992378235
1767708675020508400,31.50850830078125,-0.006451036781072617,0.09856721758842468,0.4383184611797333
1767708675030508500,31.518508544921875,-0.09211400896310806,0.026730578392744064,0.37999629974365234
1767708675040508400,31.52850830078125,-0.1377992331981659,-0.06595190614461899,0.3464639484882355
1767708675050509600,31.538509521484375,-0.21332621574401855,-0.1388879120349884,0.37276744842529297
1767708675060509400,31.548509521484377,-0.3066401779651642,-0.13493022322654724,0.4534178078174591
1767708675070510300,31.55851025390625,-0.38650038838386536,-0.047528207302093506,0.49327200651168823
1767708675080510500,31.568510498046876,-0.41181984543800354,0.11900224536657333,0.40449780225753784
1767708675090511600,31.57851171875,-0.42134785652160645,0.27136754989624023,0.2130868285894394
1767708675100511500,31.588511474609376,-0.3799636960029602,0.2930435836315155,0.020053375512361526
1767708675110512400,31.598512451171874,-0.2745629847049713,0.1731477975845337,-0.02246159501373768
1767708675120512500,31.608512451171876,-0.061418112367391586,-0.002078335266560316,0.16161072254180908
1767708675130512400,31.618512451171874,0.22271880507469177,-0.12751615047454834,0.44604405760765076
1767708675140513500,31.628513427734376,0.4534726142883301,-0.16008856892585754,0.6084886193275452
1767708675150513400,31.638513427734374,0.513088583946228,-0.08899814635515213,0.47258830070495605
1767708675160514600,31.6485146484375,0.40754348039627075,-0.02102334052324295,0.20424535870552063
1767708675170514700,31.6585146484375,0.2578405439853668,-0.0011452417820692062,-0.06827963888645172
1767708675180515600,31.668515625,0.16722732782363892,-0.04299311339855194,-0.19173598289489746
1767708675190515500,31.678515380859373,0.14504985511302948,0.025050649419426918,-0.12057711184024811
1767708675200515600,31.688515625,0.16088341176509857,0.12837010622024536,0.13978442549705505
1767708675210516500,31.6985166015625,0.19906221330165863,-0.0070188697427511215,0.5394953489303589
1767708675220516400,31.708516357421875,0.22908003628253937,-0.19917526841163635,0.9037736654281616
1767708675230517500,31.718517578125,0.333465576171875,-0.2617461085319519,1.101134181022644
1767708675240517400,31.728517333984374,0.4917108714580536,-0.04580662399530411,1.0106096267700195
1767708675250518500,31.7385185546875,0.40413805842399597,0.16452044248580933,0.5161856412887573
1767708675260518700,31.7485185546875,0.18803958594799042,0.18486087024211884,-0.12497548758983612
1767708675270519600,31.75851953125,-0.004764491692185402,0.1414456069469452,-0.5291565656661987
1767708675280519400,31.76851953125,-0.08501671999692917,0.1561417281627655,-0.5501545071601868
1767708675290519600,31.77851953125,-0.05047016218304634,0.18904584646224976,-0.21448415517807007
1767708675300520400,31.7885205078125,-0.04564451426267624,0.17343705892562866,0.21193374693393707
1767708675310520300,31.798520263671875,-0.11108794808387756,0.16632339358329773,0.307297021150589
1767708675320521500,31.808521484375,-0.19863536953926086,0.263203889131546,0.0033634998835623264
1767708675330521600,31.818521484375,-0.22064697742462158,0.3527626395225525,-0.42737215757369995
1767708675340522500,31.8285224609375,-0.1908067911863327,0.3496430218219757,-0.6755662560462952
1767708675350522600,31.838522705078127,-0.2043473720550537,0.2596440613269806,-0.6778180599212646
1767708675360523500,31.8485234375,-0.2715844511985779,0.1632980853319168,-0.6035265326499939
1767708675370523400,31.8585234375,-0.3286362588405609,0.03717311844229698,-0.5344465374946594
1767708675380523500,31.8685234375,-0.3388849198818207,-0.06110446900129318,-0.4967533349990845
1767708675390524400,31.8785244140625,-0.2999021112918854,-0.08169282972812653,-0.49943089485168457
1767708675400524300,31.888524169921876,-0.22795306146144867,-0.056248459964990616,-0.5580217242240906
1767708675410525400,31.898525390625,-0.15883073210716248,-0.008926257491111755,-0.6595686078071594
1767708675420525600,31.908525634765624,-0.09632740914821625,0.011105506680905819,-0.758531928062439
1767708675430526500,31.9185263671875,-0.013789362274110317,0.038568370044231415,-0.7937623858451843
1767708675440526600,31.928526611328124,0.030725641176104546,0.08497793972492218,-0.7751240134239197
1767708675450526500,31.9385263671875,0.019788244739174843,0.16103538870811462,-0.7821245193481445
1767708675460527400,31.94852734375,-0.017608128488063812,0.2532534599304199,-0.8581375479698181
1767708675470527500,31.958527587890625,-0.07303327322006226,0.37412017583847046,-0.9378047585487366
1767708675480528600,31.968528564453123,-0.057895053178071976,0.4888501465320587,-1.0180435180664062
1767708675490528500,31.978528564453125,0.005618672352284193,0.5969542264938354,-1.0764052867889404
1767708675500529400,31.988529296875,0.0656881034374237,0.6919740438461304,-1.0876222848892212
1767708675510529500,31.998529541015625,0.0821661427617073,0.7804804444313049,-1.0798271894454956
1767708675520530400,32.00853051757812,0.06642671674489975,0.8089560270309448,-1.0753403902053833
1767708675530530600,32.01853051757813,0.07569132000207901,0.8167985081672668,-1.0899022817611694
1767708675540530400,32.028530517578126,0.11186490952968597,0.7294018864631653,-1.068007469177246
1767708675550531300,32.03853125,0.11076582223176956,0.6875817179679871,-0.9823628067970276
1767708675560531500,32.048531494140626,0.10210710018873215,0.601688027381897,-0.8736925721168518
1767708675570532600,32.05853271484375,0.08374753594398499,0.46171364188194275,-0.8369278907775879
1767708675580532500,32.068532470703126,0.06397464871406555,0.25664976239204407,-0.8567935228347778
1767708675590533400,32.07853344726563,0.0529952310025692,0.03280840814113617,-0.8372213840484619
1767708675600533500,32.088533447265625,0.07365792244672775,-0.14162911474704742,-0.679719865322113
1767708675610534400,32.09853442382813,0.10313884913921356,-0.24947115778923035,-0.40554261207580566
1767708675620534500,32.108534423828125,0.12160360813140869,-0.31922733783721924,-0.11734119057655334
1767708675630534400,32.11853442382812,0.09325426071882248,-0.3838244378566742,0.05149443447589874
1767708675640535600,32.12853564453125,0.01796293631196022,-0.43527665734291077,-0.008941714651882648
1767708675650535700,32.13853564453125,-0.09573833644390106,-0.5478719472885132,-0.2447260022163391
1767708675660536600,32.14853662109375,-0.24863947927951813,-0.6178320050239563,-0.48899877071380615
1767708675670536400,32.15853637695312,-0.41510409116744995,-0.5617375373840332,-0.5816008448600769
1767708675680537300,32.168537353515624,-0.4404837489128113,-0.3581179082393646,-0.44987422227859497
1767708675690537500,32.17853735351562,-0.2827873229980469,-0.14067107439041138,-0.2467418611049652
1767708675700537300,32.18853735351563,-0.12483286112546921,-0.041189491748809814,-0.182980477809906
1767708675710538500,32.19853857421875,-0.11858849227428436,-0.12031065672636032,-0.27495935559272766
1767708675720538400,32.20853833007813,-0.21084359288215637,-0.212208092212677,-0.42167770862579346
1767708675730539500,32.21853955078125,-0.31975221633911133,-0.3083648085594177,-0.509559154510498
1767708675740539600,32.22853955078125,-0.47033026814460754,-0.30740952491760254,-0.46882402896881104
1767708675750540500,32.23854052734375,-0.5509809851646423,-0.4205301105976105,-0.30800607800483704
1767708675760540400,32.24854052734375,-0.45964759588241577,-0.5752927660942078,-0.13087524473667145
1767708675770541300,32.25854125976562,-0.3451307713985443,-0.6306028962135315,0.06748098134994507
1767708675780541400,32.26854150390625,-0.2403535097837448,-0.6139722466468811,0.25305697321891785
1767708675790541300,32.278541259765625,-0.1399126946926117,-0.5501856207847595,0.4110964834690094
1767708675800542700,32.28854272460938,-0.06483151763677597,-0.5010931491851807,0.5054727792739868
1767708675810542600,32.29854248046875,-0.03034750372171402,-0.4305025637149811,0.5088565945625305
1767708675820543500,32.30854345703125,0.006745268125087023,-0.2899603545665741,0.4627077281475067
1767708675830543600,32.318543701171876,0.05416648089885712,-0.11119473725557327,0.4792764484882355
1767708675840544500,32.32854443359375,0.103247731924057,0.056431811302900314,0.5824277997016907
1767708675850544400,32.33854443359375,0.14524050056934357,0.15573187172412872,0.7029122114181519
1767708675860545300,32.348545166015626,0.15161743760108948,0.1672513782978058,0.793454110622406
1767708675870545400,32.35854541015625,0.14901898801326752,0.10488849878311157,0.8320726752281189
1767708675880545300,32.36854516601562,0.1436767429113388,0.03329048678278923,0.8333877921104431
1767708675890546700,32.378546630859375,0.13459163904190063,-0.006738952361047268,0.8271812796592712
1767708675900546600,32.38854663085937,0.1024741679430008,-0.05825221166014671,0.8420422673225403
1767708675910547500,32.39854736328125,0.035069454461336136,-0.128368079662323,0.8762792348861694
1767708675920547600,32.40854760742187,-0.013726582750678062,-0.2064889818429947,0.9070509672164917
1767708675930548500,32.418548583984375,-0.0008791490690782666,-0.2986573278903961,0.9181032776832581
1767708675940548400,32.42854833984375,0.05951016768813133,-0.34195348620414734,0.9460820555686951
1767708675950548500,32.43854858398438,0.13370823860168457,-0.29440566897392273,0.9870510101318359
1767708675960549600,32.44854956054687,0.2008134126663208,-0.21421441435813904,1.0216020345687866
1767708675970549500,32.45854956054688,0.26505205035209656,-0.10329350084066391,1.0337231159210205
1767708675980550400,32.46855029296875,0.3145783543586731,0.004660168197005987,1.0203958749771118
1767708675990550500,32.47855053710938,0.33881205320358276,0.10923291742801666,0.9682497978210449
1767708676000551400,32.48855151367187,0.3343334496021271,0.17640002071857452,0.8692808747291565
1767708676010551600,32.49855151367188,0.3416134715080261,0.20661970973014832,0.7520104646682739
1767708676020552400,32.50855249023437,0.3212839365005493,0.19690637290477753,0.6301958560943604
1767708676030552300,32.51855224609375,0.2823179066181183,0.18085363507270813,0.5252302885055542
1767708676040552400,32.528552490234375,0.26485294103622437,0.17334048449993134,0.45221614837646484
1767708676050553600,32.5385537109375,0.23311658203601837,0.14880317449569702,0.3701130151748657
1767708676060553500,32.548553466796875,0.20114554464817047,0.06862261146306992,0.2783430516719818
1767708676070554400,32.55855444335938,0.16360004246234894,-0.019122416153550148,0.20960581302642822
1767708676080554500,32.568554443359375,0.09268837422132492,-0.11818134039640427,0.18695060908794403
1767708676090555400,32.57855541992188,-0.03572152182459831,-0.21476247906684875,0.21907977759838104
1767708676100555500,32.588555419921875,-0.19370752573013306,-0.31096261739730835,0.2869330942630768
1767708676110555400,32.59855541992187,-0.3241853713989258,-0.4088052809238434,0.34822148084640503
1767708676120556300,32.608556396484374,-0.40751296281814575,-0.423970103263855,0.32558515667915344
1767708676130556400,32.61855639648437,-0.4289833605289459,-0.3869399130344391,0.24116215109825134
1767708676140557300,32.628557373046874,-0.4145781397819519,-0.3766627609729767,0.16046331822872162
1767708676150557200,32.63855712890625,-0.33609798550605774,-0.4100625216960907,0.194505974650383
1767708676160558300,32.648558349609374,-0.13334114849567413,-0.414524108171463,0.33576643466949463
1767708676170558500,32.65855834960937,0.17125394940376282,-0.3433080017566681,0.4545992612838745
1767708676180559400,32.668559326171874,0.44610679149627686,-0.1294601708650589,0.46571075916290283
1767708676190559500,32.6785595703125,0.545525312423706,0.09467256814241409,0.27022477984428406
1767708676200559400,32.68855932617188,0.47164395451545715,0.18815112113952637,0.010278942994773388
1767708676210560300,32.69856030273438,0.29580894112586975,0.23223552107810974,-0.14949962496757507
1767708676220560400,32.70856030273438,0.14539679884910583,0.20435009896755219,-0.14754299819469452
1767708676230561300,32.71856127929688,0.01151379942893982,0.04247478023171425,0.09698699414730072
1767708676240561200,32.72856103515625,-0.08981948345899582,-0.1112055853009224,0.500916063785553
1767708676250562300,32.73856225585938,-0.10781495273113251,-0.16544637084007263,0.759043276309967
1767708676260562400,32.7485625,-0.007033217698335648,-0.12650056183338165,0.7380878925323486
1767708676270563300,32.75856323242188,0.1614561825990677,-0.03391885757446289,0.4787968099117279
1767708676280563500,32.7685634765625,0.21350954473018646,0.01901230961084366,0.14568030834197998
1767708676290563300,32.778563232421874,0.12828892469406128,0.00431964872404933,-0.06205424666404724
1767708676300564200,32.788564208984376,0.020317981019616127,0.011395934969186783,-0.17979711294174194
1767708676310564400,32.798564453125,-0.01973378099501133,0.09294883906841278,-0.26503804326057434
1767708676320565500,32.8085654296875,0.010722660459578037,0.2456880658864975,-0.21991293132305145
1767708676330565400,32.8185654296875,-0.01780896633863449,0.38837045431137085,-0.07955551892518997
1767708676340566300,32.828566162109375,-0.15943560004234314,0.4897029399871826,-0.11759717762470245
1767708676350566400,32.83856640625,-0.2901086211204529,0.6024238467216492,-0.39592230319976807
1767708676360567300,32.8485673828125,-0.31107383966445923,0.7003879547119141,-0.6975023746490479
1767708676370567400,32.8585673828125,-0.31611496210098267,0.722187340259552,-0.810552716255188
1767708676380567300,32.8685673828125,-0.34098193049430847,0.6283374428749084,-0.7461892366409302
1767708676390568200,32.87856811523437,-0.3694489896297455,0.443811297416687,-0.6579241156578064
1767708676400568300,32.888568359375,-0.3527589440345764,0.268601655960083,-0.6285174489021301
1767708676410569500,32.898569580078124,-0.29409483075141907,0.14545929431915283,-0.6419172883033752
1767708676420569300,32.9085693359375,-0.19861997663974762,0.10057008266448975,-0.6552162170410156
1767708676430570200,32.9185703125,-0.08624177426099777,0.07827144116163254,-0.6500137448310852
1767708676440570400,32.9285703125,0.026061592623591423,0.05318830907344818,-0.6309503316879272
1767708676450570200,32.9385703125,0.1101868599653244,0.054542526602745056,-0.6062500476837158
1767708676460571400,32.9485712890625,0.15978692471981049,0.07483948022127151,-0.6105794906616211
1767708676470571300,32.9585712890625,0.17604899406433105,0.15153372287750244,-0.6243011355400085
1767708676480572400,32.96857250976562,0.13252706825733185,0.2003498375415802,-0.6102664470672607
1767708676490572500,32.97857250976563,0.05117122083902359,0.25870317220687866,-0.5943524837493896
1767708676500573400,32.98857348632812,-0.03264189139008522,0.2979940176010132,-0.6278437376022339
1767708676510573300,32.9985732421875,-0.12240613251924515,0.33071228861808777,-0.6944611072540283
1767708676520573400,33.008573486328125,-0.11347178369760513,0.3643815517425537,-0.7661095261573792
1767708676530574300,33.01857421875,-0.052467018365859985,0.42242538928985596,-0.8354989886283875
1767708676540574200,33.02857421875,-0.025709735229611397,0.4718021750450134,-0.8743568062782288
1767708676550575400,33.038575439453126,-0.02565913461148739,0.5241348743438721,-0.8813185691833496
1767708676560575200,33.0485751953125,-0.022782910615205765,0.5536982417106628,-0.869091808795929
1767708676570576400,33.058576416015626,0.0027879630215466022,0.5674974322319031,-0.8493418097496033
1767708676580576500,33.068576416015624,0.025387879461050034,0.5512232780456543,-0.8342010378837585
1767708676590577400,33.078577392578126,0.027902701869606972,0.4788833260536194,-0.8438369035720825
1767708676600577300,33.088577392578124,0.014791605062782764,0.3639707565307617,-0.8860989212989807
1767708676610577400,33.09857739257812,0.008094287477433681,0.2850969731807709,-0.9246066212654114
1767708676620578300,33.10857836914062,0.04247090592980385,0.22506585717201233,-0.8923666477203369
1767708676630578200,33.118578125,0.08471164107322693,0.12175392359495163,-0.6951003074645996
1767708676640579600,33.12857958984375,0.10714823752641678,-0.04601536691188812,-0.35815295577049255
1767708676650579500,33.13857934570313,0.10496576875448227,-0.21911460161209106,-0.02937975525856018
1767708676660580400,33.14858032226562,0.06110750138759613,-0.30991482734680176,0.11584028601646423
1767708676670580500,33.15858056640625,-0.028280701488256454,-0.40534815192222595,0.01051892526447773
1767708676680580400,33.168580322265626,-0.19072556495666504,-0.5100999474525452,-0.21808220446109772
1767708676690581200,33.17858129882813,-0.4224509596824646,-0.5780342817306519,-0.3848267197608948
1767708676700581400,33.188581298828126,-0.6491948962211609,-0.4888231158256531,-0.3636540472507477
1767708676710582300,33.19858227539063,-0.6801320314407349,-0.31413713097572327,-0.20054347813129425
1767708676720582100,33.20858203125,-0.4388967752456665,-0.16762785613536835,-0.10281480103731155
1767708676730583600,33.21858349609375,-0.2023121565580368,-0.10171152651309967,-0.13456518948078156
1767708676740583400,33.22858349609375,-0.1688748300075531,-0.19573895633220673,-0.19115443527698517
1767708676750584300,33.23858422851563,-0.22183816134929657,-0.39165037870407104,-0.24279727041721344
1767708676760584400,33.24858447265625,-0.359717458486557,-0.4842365086078644,-0.3456472158432007
1767708676770584300,33.25858422851562,-0.5350991487503052,-0.4813474118709564,-0.42525219917297363
1767708676780585200,33.268585205078125,-0.6493901610374451,-0.5233970284461975,-0.3656936585903168
1767708676790585300,33.27858544921875,-0.5762161016464233,-0.6584081053733826,-0.21174269914627075
1767708676800586500,33.28858642578125,-0.40791600942611694,-0.7231996059417725,-0.029347063973546028
1767708676810586400,33.29858642578125,-0.2213204801082611,-0.6768913865089417,0.15837188065052032
1767708676820587500,33.30858740234375,-0.042687878012657166,-0.5898292064666748,0.33431440591812134
1767708676830587400,33.31858740234375,0.07321236282587051,-0.534223735332489,0.42417383193969727
1767708676840588300,33.32858837890625,0.11024494469165802,-0.4780102074146271,0.34932994842529297
1767708676850588400,33.33858837890625,0.1452217698097229,-0.35771942138671875,0.1802857667207718
1767708676860588300,33.34858837890625,0.21104899048805237,-0.10585417598485947,0.12991607189178467
1767708676870589200,33.35858911132812,0.26566407084465027,0.1445036679506302,0.2714749276638031
1767708676880589300,33.36858935546875,0.25383374094963074,0.30927449464797974,0.4263942241668701
1767708676890590500,33.378590576171874,0.20638394355773926,0.3828813135623932,0.4908802807331085
1767708676900590300,33.38859033203125,0.16707009077072144,0.39723628759384155,0.4734618663787842
1767708676910591500,33.39859155273437,0.14885114133358002,0.34120073914527893,0.4393881559371948
1767708676920591400,33.40859130859375,0.12074607610702515,0.2767668068408966,0.4283636808395386
1767708676930591200,33.41859130859375,0.08282612264156342,0.16229349374771118,0.44305503368377686
1767708676940592400,33.42859228515625,0.023262085393071175,0.023407796397805214,0.47714605927467346
1767708676950592300,33.43859228515625,-0.012193109840154648,-0.1160249263048172,0.5142279267311096
1767708676960593400,33.44859350585938,-0.013816825114190578,-0.207542285323143,0.535226583480835
1767708676970593500,33.458593505859376,0.0017275132704526186,-0.24272823333740234,0.5463855266571045
1767708676980594400,33.46859448242188,0.027576221153140068,-0.24983738362789154,0.5719587206840515
1767708676990594300,33.47859423828125,0.05534819886088371,-0.22491444647312164,0.6186535358428955
1767708677000595500,33.48859545898438,0.10032545030117035,-0.12349560856819153,0.6727803349494934
1767708677010595300,33.49859521484375,0.154353529214859,-0.010873191989958286,0.696262001991272
1767708677020595200,33.50859521484375,0.21941131353378296,0.10275205969810486,0.6467049717903137
1767708677030596400,33.518596435546876,0.2658296823501587,0.1675179898738861,0.5470888614654541
1767708677040596200,33.52859619140625,0.274832546710968,0.18541525304317474,0.4705049395561218
1767708677050597400,33.538597412109375,0.2783130407333374,0.17803643643856049,0.44748350977897644
1767708677060597500,33.54859741210937,0.25044864416122437,0.18192994594573975,0.44277215003967285
1767708677070598400,33.558598388671875,0.20477701723575592,0.1487157940864563,0.3995985984802246
1767708677080598300,33.56859838867187,0.1555170714855194,0.10864480584859848,0.31266075372695923
1767708677090598400,33.57859838867188,0.10705286264419556,0.058005597442388535,0.22392582893371582
1767708677100599300,33.58859936523437,0.07043732702732086,-0.008966777473688126,0.1830551028251648
1767708677110599200,33.59859912109375,0.012858479283750057,-0.12717802822589874,0.21434183418750763
1767708677120600600,33.6086005859375,-0.08548541367053986,-0.2647669315338135,0.3086492419242859
1767708677130600700,33.6186005859375,-0.18471799790859222,-0.35852301120758057,0.4323570728302002
1767708677140601900,33.628601806640624,-0.27589237689971924,-0.3927866816520691,0.5107088685035706
1767708677150602000,33.63860205078125,-0.3881198763847351,-0.3821359872817993,0.48925772309303284
1767708677160603000,33.648602783203124,-0.47510644793510437,-0.37864989042282104,0.4429059326648712
1767708677170602800,33.65860278320312,-0.4469464123249054,-0.4076915681362152,0.45918774604797363
1767708677180603000,33.66860278320313,-0.22721509635448456,-0.3349848687648773,0.5718437433242798
1767708677190603800,33.67860375976562,0.17627671360969543,-0.1953093558549881,0.7159973382949829
1767708677200603600,33.68860375976563,0.6045992970466614,0.01346330065280199,0.7715428471565247
1767708677210604500,33.6986044921875,0.9240190982818604,0.26562660932540894,0.7057435512542725
1767708677220604700,33.70860473632813,0.9288468956947327,0.5548339486122131,0.4920791983604431
1767708677230605800,33.71860571289063,0.7440468668937683,0.5928009152412415,0.2836553454399109
1767708677240606000,33.72860595703125,0.5464501976966858,0.18474043905735016,0.21246373653411865
1767708677250605800,33.738605712890624,0.34381163120269775,-0.031611863523721695,0.27354952692985535
1767708677260606700,33.748606689453126,0.3005182147026062,0.025747565552592278,0.36157897114753723
1767708677270606800,33.75860693359375,0.40394359827041626,0.0695701539516449,0.36846014857292175
1767708677280607700,33.768607666015626,0.41274410486221313,-0.015277961269021034,0.23623238503932953
1767708677290607600,33.778607666015624,0.33467036485671997,-0.1078859269618988,0.11937793344259262
1767708677300608800,33.78860888671875,0.2070940136909485,-0.18720844388008118,0.14427874982357025
1767708677310609000,33.79860888671875,0.09283427894115448,-0.2346007227897644,0.15383204817771912
1767708677320609800,33.80860986328125,0.009301838465034962,-0.1578100621700287,0.07314092665910721
1767708677330610000,33.81860986328125,-0.06565054506063461,0.037476930767297745,-0.04458833113312721
1767708677340609800,33.82860986328125,-0.13438540697097778,0.22535735368728638,-0.13810497522354126
1767708677350610700,33.83861059570312,-0.24305002391338348,0.34664347767829895,-0.20127351582050323
1767708677360610800,33.84861083984375,-0.357211172580719,0.43796372413635254,-0.2664108872413635
1767708677370611700,33.85861181640625,-0.44456711411476135,0.47477391362190247,-0.344754695892334
1767708677380611600,33.86861157226563,-0.45630818605422974,0.4951140880584717,-0.3996705114841461
1767708677390612700,33.87861279296875,-0.4460316002368927,0.5115068554878235,-0.3669498562812805
1767708677400612900,33.88861279296875,-0.4537718594074249,0.4258132576942444,-0.2871081531047821
1767708677410612700,33.89861279296875,-0.4540000855922699,0.27613216638565063,-0.2414514571428299
1767708677420614000,33.90861376953125,-0.41448673605918884,0.15502260625362396,-0.2545512616634369
1767708677430613800,33.91861376953125,-0.3292999267578125,0.06964672356843948,-0.2851845324039459
1767708677440614700,33.92861474609375,-0.21456187963485718,0.003436356782913208,-0.31570205092430115
1767708677450614800,33.93861474609375,-0.09204075485467911,-0.04505021870136261,-0.324712336063385
1767708677460616000,33.94861596679687,0.04045949876308441,-0.047056645154953,-0.3248231112957001
1767708677470615800,33.95861572265625,0.14961394667625427,-0.05132915452122688,-0.3129419684410095
1767708677480616700,33.96861669921875,0.20749934017658234,-0.07188625633716583,-0.2903797924518585
1767708677490616800,33.97861694335938,0.20939603447914124,-0.09958845376968384,-0.2912338674068451
1767708677500616700,33.98861669921875,0.13676494359970093,-0.07350649684667587,-0.34929007291793823
1767708677510617900,33.99861791992188,0.04934987798333168,0.011087480932474136,-0.4506553113460541
1767708677520617700,34.00861767578125,-0.041382160037755966,0.08637182414531708,-0.5251237750053406
1767708677530618600,34.01861865234375,-0.14151915907859802,0.14926397800445557,-0.589571475982666
1767708677540618800,34.02861865234375,-0.1907956600189209,0.20562724769115448,-0.6464475393295288
1767708677550620000,34.038619873046876,-0.12310290336608887,0.25436627864837646,-0.6706870794296265
1767708677560619800,34.048619873046874,-0.022430621087551117,0.33963510394096375,-0.6680169701576233
1767708677570620000,34.05861987304687,0.05198192596435547,0.40864497423171997,-0.6548705697059631
1767708677580620800,34.068620849609374,0.09143343567848206,0.4370470941066742,-0.6372594833374023
1767708677590620700,34.07862060546875,0.11450865864753723,0.45096319913864136,-0.6397479772567749
1767708677600621800,34.088621826171874,0.12370322644710541,0.43695494532585144,-0.6764750480651855
1767708677610621700,34.09862158203125,0.1069844514131546,0.39857593178749084,-0.7362645268440247
1767708677620622800,34.108622802734374,0.10266827046871185,0.3347114622592926,-0.7925052046775818
1767708677630623000,34.118623046875,0.12556612491607666,0.2381681352853775,-0.8356404900550842
1767708677640623900,34.12862377929687,0.16004180908203125,0.15469400584697723,-0.843425989151001
1767708677650623700,34.13862377929688,0.19578222930431366,0.09048517793416977,-0.7540032863616943
1767708677660624000,34.14862377929688,0.19404850900173187,0.011863338761031628,-0.5320085883140564
1767708677670624800,34.15862475585938,0.1391604244709015,-0.09874248504638672,-0.27865317463874817
1767708677680624600,34.168624755859376,0.02431989647448063,-0.1697537899017334,-0.16034913063049316
1767708677690625800,34.17862573242188,-0.10139302164316177,-0.2417563498020172,-0.2384956032037735
1767708677700625700,34.188625732421876,-0.23769040405750275,-0.31862902641296387,-0.43303045630455017
1767708677710626800,34.19862670898438,-0.40604668855667114,-0.4015973210334778,-0.5954268574714661
1767708677720627000,34.208626953125,-0.5756887197494507,-0.41552671790122986,-0.6283125877380371
1767708677730626800,34.218626708984374,-0.631648063659668,-0.3257075846195221,-0.5026641488075256
1767708677740627700,34.228627685546876,-0.4638638496398926,-0.19556182622909546,-0.36545783281326294
1767708677750627800,34.2386279296875,-0.26316037774086,-0.07918902486562729,-0.3341681957244873
1767708677760628700,34.248628662109375,-0.20190338790416718,-0.25405433773994446,-0.3537520170211792
1767708677770628600,34.25862866210937,-0.27330324053764343,-0.48103493452072144,-0.36867693066596985
1767708677780629800,34.268629638671875,-0.41546547412872314,-0.5315755605697632,-0.34265652298927307
1767708677790630000,34.2786298828125,-0.5615233778953552,-0.5522297024726868,-0.3017871379852295
1767708677800630800,34.288630859375,-0.6829427480697632,-0.5901288986206055,-0.1864301711320877
1767708677810631000,34.298630859375,-0.5912297964096069,-0.742268443107605,-0.04578492417931557
1767708677820630800,34.308630859375,-0.3961053192615509,-0.8044887185096741,0.08685221523046494
1767708677830631700,34.31863159179687,-0.1504817008972168,-0.7069312334060669,0.21722060441970825
1767708677840631800,34.3286318359375,0.08482933789491653,-0.5509622097015381,0.3876373767852783
1767708677850632700,34.3386328125,0.2493959218263626,-0.42228543758392334,0.5025733113288879
1767708677860632600,34.34863256835938,0.3367968797683716,-0.31688836216926575,0.4594246745109558
1767708677870633700,34.3586337890625,0.37001341581344604,-0.23722656071186066,0.31295108795166016
1767708677880633900,34.3686337890625,0.3891228437423706,-0.04894237965345383,0.28864333033561707
1767708677890634800,34.378634765625,0.39479538798332214,0.13855615258216858,0.44396740198135376
1767708677900635000,34.388634765625,0.3169333040714264,0.22460809350013733,0.570889413356781
1767708677910634800,34.398634765625,0.2064819186925888,0.2349318414926529,0.603396475315094
1767708677920635600,34.4086357421875,0.10769601911306381,0.23213468492031097,0.5767729878425598
1767708677930635800,34.4186357421875,0.024102861061692238,0.19178113341331482,0.5488601326942444
1767708677940637000,34.42863696289062,-0.045110899955034256,0.1460636556148529,0.558514416217804
1767708677950636800,34.43863671875,-0.09305179119110107,0.0932805985212326,0.5903090834617615
1767708677960637700,34.4486376953125,-0.12571224570274353,-0.0049830349162220955,0.6203925609588623
1767708677970637800,34.458637939453126,-0.1278853863477707,-0.11560515314340591,0.6638561487197876
1767708677980637700,34.4686376953125,-0.10791616141796112,-0.18869322538375854,0.7171276807785034
1767708677990638800,34.478638916015626,-0.06127382442355156,-0.23765651881694794,0.7788429856300354
1767708678000638700,34.488638671875,0.014226282015442848,-0.2250184267759323,0.8633156418800354
1767708678010639600,34.4986396484375,0.13537508249282837,-0.19039388000965118,0.960641086101532
1767708678020639700,34.5086396484375,0.2777654528617859,-0.11536194384098053,1.0363693237304688
1767708678030641000,34.518640869140626,0.4003872573375702,-0.02800653502345085,1.0688515901565552
1767708678040640800,34.528640869140624,0.4791073799133301,0.07521785795688629,1.0344609022140503
1767708678050641700,34.5386416015625,0.4971287250518799,0.16046661138534546,0.9485898613929749
1767708678060641800,34.54864184570312,0.4946455955505371,0.2466435730457306,0.8505386114120483
1767708678070641700,34.5586416015625,0.48221632838249207,0.3155190944671631,0.762938916683197
1767708678080642800,34.56864282226562,0.39636850357055664,0.38384032249450684,0.6860724091529846
1767708678090642700,34.578642578125,0.2647910416126251,0.4322313070297241,0.600570023059845
1767708678100643800,34.58864379882812,0.1496463567018509,0.3603733479976654,0.4950747489929199
1767708678110644000,34.59864404296875,0.08555930107831955,0.22642765939235687,0.4145231544971466
1767708678120644400,34.60864428710938,0.018438851460814476,0.07859986275434494,0.37628334760665894
1767708678130644200,34.618644287109376,-0.06497803330421448,-0.06443818658590317,0.3986463248729706
1767708678140644400,34.628644287109374,-0.12601502239704132,-0.1779269427061081,0.4828520119190216
1767708678150645200,34.638645263671876,-0.20692580938339233,-0.2601293921470642,0.5710659623146057
1767708678160645000,34.64864501953125,-0.2967686057090759,-0.21698299050331116,0.5823847055435181
1767708678170646500,34.658646484375,-0.38188639283180237,-0.12724317610263824,0.4755313992500305
1767708678180646400,34.668646484375,-0.46270114183425903,-0.11679333448410034,0.30588510632514954
1767708678190647300,34.678647216796875,-0.5067391991615295,-0.18625125288963318,0.20502959191799164
1767708678200647400,34.6886474609375,-0.4987720549106598,-0.2192227840423584,0.266331285238266
1767708678210648300,34.6986484375,-0.2839905321598053,-0.1827070564031601,0.46858057379722595
1767708678220648200,34.70864819335937,0.08253418654203415,-0.15298937261104584,0.6224399209022522
1767708678230648300,34.7186484375,0.4479731619358063,-0.14322738349437714,0.6385392546653748
1767708678240649500,34.7286494140625,0.6696602702140808,-0.037655945867300034,0.5078922510147095
1767708678250649300,34.7386494140625,0.6783939003944397,0.11957897990942001,0.31331339478492737
1767708678260650500,34.748650390625,0.5243542790412903,0.182372584939003,0.1893317848443985
1767708678270650400,34.758650390625,0.3261207938194275,0.044592827558517456,0.24338483810424805
1767708678280651300,34.7686513671875,0.250535249710083,0.04748772457242012,0.5233911275863647
1767708678290651400,34.7786513671875,0.30012834072113037,0.20282511413097382,0.7559183835983276
1767708678300651300,34.7886513671875,0.3671976625919342,0.174818217754364,0.6816436648368835
1767708678310652200,34.79865209960938,0.250650018453598,-0.05208391323685646,0.3453577756881714
1767708678320652300,34.80865234375,0.0781993418931961,-0.24417458474636078,0.053413040935993195
1767708678330653400,34.8186533203125,0.050890762358903885,-0.21596424281597137,0.013445118442177773
1767708678340653300,34.8286533203125,0.17029067873954773,-0.16043643653392792,0.016024678945541382
1767708678350654500,34.83865454101562,0.24395771324634552,-0.005627420265227556,-0.08762341737747192
1767708678360654300,34.848654296875,0.26429471373558044,0.22635076940059662,-0.1782386302947998
1767708678370655200,34.8586552734375,0.250577837228775,0.44311848282814026,-0.18266481161117554
1767708678380655400,34.8686552734375,0.1536395400762558,0.49262818694114685,-0.20888221263885498
1767708678390655200,34.8786552734375,0.015842262655496597,0.5263738632202148,-0.3584144413471222
1767708678400656400,34.888656494140626,-0.07795513421297073,0.4997932016849518,-0.5731174349784851
1767708678410656500,34.898656494140624,-0.16248999536037445,0.5006017088890076,-0.7159352898597717
1767708678420657400,34.908657470703126,-0.2784026861190796,0.5608469843864441,-0.6961860060691833
1767708678430657300,34.9186572265625,-0.4091646671295166,0.49543413519859314,-0.6149361729621887
1767708678440658400,34.928658447265626,-0.5119711756706238,0.3634304404258728,-0.5583592057228088
1767708678450658300,34.938658203125,-0.5511177778244019,0.2490527182817459,-0.5347990393638611
1767708678460659200,34.9486591796875,-0.5197098255157471,0.1833762228488922,-0.5384248495101929
1767708678470659300,34.958659423828124,-0.43741756677627563,0.14824725687503815,-0.5338287949562073
1767708678480659200,34.9686591796875,-0.2993454337120056,0.11533523350954056,-0.5080183148384094
1767708678490660400,34.97866040039062,-0.15665222704410553,0.14063766598701477,-0.4518277049064636
1767708678500660500,34.98866040039063,-0.04002371430397034,0.1587291657924652,-0.3965069353580475
1767708678510661400,34.99866137695312,0.03620234876871109,0.15922504663467407,-0.3585728704929352
1767708678520661200,35.0086611328125,0.06705453246831894,0.19345465302467346,-0.36838260293006897
1767708678530662400,35.01866235351562,0.0768749937415123,0.23120643198490143,-0.40533506870269775
1767708678540662300,35.02866235351563,0.06261669099330902,0.30212774872779846,-0.42497801780700684
1767708678550662400,35.038662353515626,0.04223547875881195,0.36898213624954224,-0.4348822236061096
1767708678560663600,35.04866357421875,0.030880024656653404,0.4295136630535126,-0.4534250497817993
1767708678570663400,35.058663330078126,0.03081568516790867,0.45909383893013,-0.4549575746059418
1767708678580664300,35.06866430664063,0.04280966892838478,0.42728689312934875,-0.4496358633041382
1767708678590664400,35.07866455078125,0.08918675780296326,0.40560317039489746,-0.4558303654193878
1767708678600665300,35.08866528320313,0.1323336958885193,0.4285559058189392,-0.4642353057861328
1767708678610665200,35.098665283203125,0.16067242622375488,0.4865841567516327,-0.4746072590351105
1767708678620666400,35.10866625976563,0.17609480023384094,0.5282865762710571,-0.4738368093967438
1767708678630666200,35.118666259765625,0.1624825894832611,0.507210910320282,-0.47480636835098267
1767708678640666400,35.12866625976562,0.1107829213142395,0.41816920042037964,-0.47645139694213867
1767708678650667500,35.13866748046875,0.0585164800286293,0.27362802624702454,-0.5121412873268127
1767708678660667400,35.14866748046875,0.045902151614427567,0.2115449458360672,-0.603645920753479
1767708678670668300,35.158668212890625,0.05245302617549896,0.212355837225914,-0.7248083353042603
1767708678680668400,35.16866845703125,0.0925474539399147,0.2276812642812729,-0.7557311058044434
1767708678690669300,35.17866943359375,0.1524384319782257,0.14687778055667877,-0.636794924736023
1767708678700669200,35.18866918945312,0.15416522324085236,0.0861814096570015,-0.4604814350605011
1767708678710669300,35.19866943359375,0.0882357656955719,0.012541033327579498,-0.33627840876579285
1767708678720670500,35.20867041015625,-0.05440021678805351,-0.11642493307590485,-0.34191498160362244
1767708678730670300,35.21867041015625,-0.29108941555023193,-0.31182238459587097,-0.46316292881965637
1767708678740671500,35.22867138671875,-0.5794591307640076,-0.4822186231613159,-0.5730137825012207
1767708678750671400,35.23867138671875,-0.8202416896820068,-0.5441991686820984,-0.5321629047393799
1767708678760672300,35.24867236328125,-0.8521527051925659,-0.45086199045181274,-0.3424539566040039
1767708678770672400,35.25867236328125,-0.6131641864776611,-0.34693944454193115,-0.25034210085868835
1767708678780673300,35.26867333984375,-0.34708747267723083,-0.22409529983997345,-0.33794447779655457
1767708678790673200,35.27867309570313,-0.20477665960788727,-0.20543186366558075,-0.4413962960243225
1767708678800673300,35.28867333984375,-0.1690906137228012,-0.3678814768791199,-0.5165273547172546
1767708678810674400,35.29867431640625,-0.18257233500480652,-0.46089449524879456,-0.5957918167114258
1767708678820674300,35.30867431640625,-0.2889527976512909,-0.43747031688690186,-0.5915518999099731
1767708678830675500,35.31867553710938,-0.4591284990310669,-0.4338122010231018,-0.48152124881744385
1767708678840675300,35.32867529296875,-0.5188202857971191,-0.5432881116867065,-0.353276789188385
1767708678850676200,35.33867626953125,-0.4724075198173523,-0.5382333993911743,-0.16211456060409546
1767708678860676400,35.34867626953125,-0.3501462936401367,-0.45732349157333374,0.05661048740148544
1767708678870677200,35.35867724609375,-0.19520068168640137,-0.41979527473449707,0.21713970601558685
1767708678880677400,35.368677490234376,-0.08522974699735641,-0.4055405557155609,0.25881123542785645
1767708678890677500,35.378677490234374,-0.035444341599941254,-0.35959967970848083,0.21162454783916473
1767708678900678400,35.388678466796875,-0.017173726111650467,-0.24262647330760956,0.13035579025745392
1767708678910678300,35.39867822265625,0.032416462898254395,-0.12447267025709152,0.1277959644794464
1767708678920679400,35.408679443359375,0.0547928661108017,0.058480747044086456,0.2441658228635788
1767708678930679300,35.41867919921875,0.030817223712801933,0.21683283150196075,0.3609536588191986
1767708678940680200,35.42868017578125,-0.003659809473901987,0.31250137090682983,0.4380630850791931
1767708678950680300,35.43868041992187,-0.028543321415781975,0.348012775182724,0.4516928791999817
1767708678960680200,35.44868017578125,-0.025919059291481972,0.2841915190219879,0.45417043566703796
1767708678970681300,35.45868139648437,-0.01483737863600254,0.19795198738574982,0.4989655911922455
1767708678980681500,35.46868139648438,0.02722325548529625,0.15642957389354706,0.5782260894775391
1767708678990682400,35.47868237304687,0.07765977829694748,0.10489190369844437,0.6466972231864929
1767708679000682200,35.48868212890625,0.11281111091375351,-0.0012148250825703144,0.6959154009819031
1767708679010683400,35.49868334960937,0.12359437346458435,-0.02665192075073719,0.7452053427696228
1767708679020683300,35.50868334960938,0.13059476017951965,-0.05830332264304161,0.7895291447639465
1767708679030684200,35.51868408203125,0.1506326049566269,-0.13414016366004944,0.8277891874313354
1767708679040684500,35.5286845703125,0.20825861394405365,-0.14254961907863617,0.8760643005371094
1767708679050684400,35.538684326171875,0.3006438612937927,-0.11497041583061218,0.9480916857719421
1767708679060685300,35.54868530273438,0.36098814010620117,-0.037256184965372086,0.9893009066581726
1767708679070685400,35.558685546875,0.39274823665618896,0.03671815246343613,0.9720119833946228
1767708679080686300,35.56868627929688,0.37347468733787537,0.08007495105266571,0.8983505964279175
1767708679090686200,35.578686279296875,0.33181676268577576,0.15346628427505493,0.8007374405860901
1767708679100687400,35.58868725585938,0.30369752645492554,0.17290523648262024,0.7105628252029419
1767708679110687200,35.598687255859375,0.2620723247528076,0.17688696086406708,0.6274275779724121
1767708679120688400,35.6086884765625,0.18124458193778992,0.18248198926448822,0.5551328659057617
1767708679130688500,35.6186884765625,0.08065059036016464,0.15918879210948944,0.47551825642585754
1767708679140688400,35.6286884765625,0.02074781246483326,0.0888194814324379,0.39276859164237976
1767708679150689300,35.638689208984374,-0.004773525521159172,-0.000059796031564474106,0.3236313462257385
1767708679160689700,35.648689697265624,-0.015413652174174786,-0.09149037301540375,0.31619977951049805
1767708679170690600,35.658690673828126,-0.052330080419778824,-0.17507421970367432,0.3642599284648895
1767708679180690400,35.6686904296875,-0.11606857925653458,-0.25455278158187866,0.4197996258735657
1767708679190691600,35.678691650390626,-0.20461951196193695,-0.2727128565311432,0.4475300908088684
1767708679200691500,35.68869140625,-0.3023918867111206,-0.23596948385238647,0.4982947111129761
1767708679210691300,35.69869140625,-0.3620906174182892,-0.11026998609304428,0.48492392897605896
1767708679220692500,35.7086923828125,-0.4036031663417816,-0.11831113696098328,0.42322009801864624
1767708679230692400,35.7186923828125,-0.4103313684463501,-0.24381259083747864,0.39776718616485596
1767708679240693500,35.72869360351562,-0.2820538580417633,-0.2653907835483551,0.4651695191860199
1767708679250693600,35.73869360351563,0.037249643355607986,-0.18578456342220306,0.5667049288749695
1767708679260694500,35.74869458007812,0.39834439754486084,-0.06543751806020737,0.6278071999549866
1767708679270694400,35.7586943359375,0.6434124708175659,0.08246379345655441,0.617755115032196
1767708679280695600,35.76869555664062,0.7268902659416199,0.14629365503787994,0.5288702845573425
1767708679290695400,35.7786953125,0.6747279763221741,0.18361546099185944,0.4434608519077301
1767708679300695300,35.7886953125,0.5589587688446045,0.17117652297019958,0.3437483012676239
1767708679310696400,35.79869653320313,0.4690478444099426,0.1434018909931183,0.25129079818725586
1767708679320696600,35.808696533203126,0.3941432237625122,0.07757843285799026,0.270687073469162
1767708679330697500,35.81869750976563,0.2985972762107849,0.03140588104724884,0.4293091893196106
1767708679340697600,35.828697509765625,0.2705729305744171,0.08086924999952316,0.5609707236289978
1767708679350698500,35.83869848632813,0.3304820656776428,0.14454862475395203,0.5962187647819519
1767708679360698400,35.848698486328125,0.4031764566898346,0.13557963073253632,0.48884254693984985
1767708679370699500,35.85869946289063,0.36239224672317505,0.031189586967229843,0.3205872178077698
1767708679380699400,35.868699462890625,0.31650808453559875,-0.04057219251990318,0.12288045138120651
1767708679390699300,35.87869921875,0.2859954535961151,-0.05290395766496658,-0.07550507038831711
1767708679400700700,35.88870068359375,0.21066586673259735,-0.0024454619269818068,-0.1867920458316803
1767708679410700500,35.89870043945312,0.1445973664522171,0.047496262937784195,-0.24902348220348358
1767708679420701400,35.908701416015624,0.0821198895573616,0.19997304677963257,-0.3757373094558716
1767708679430701600,35.91870166015625,-0.061923570930957794,0.39406636357307434,-0.5749348402023315
1767708679440702500,35.928702392578124,-0.2242017388343811,0.5649387836456299,-0.773527204990387
1767708679450702300,35.93870239257812,-0.3381320536136627,0.7240176200866699,-0.9206506013870239
1767708679460703500,35.948703369140624,-0.402630090713501,0.7414631843566895,-0.9963170886039734
1767708679470703400,35.95870336914062,-0.4616717994213104,0.5934839248657227,-1.001743197441101
1767708679480703500,35.96870336914063,-0.5333023071289062,0.39983001351356506,-0.9674732685089111
1767708679490704600,35.97870458984375,-0.5586956143379211,0.22743730247020721,-0.9513299465179443
1767708679500704500,35.98870458984375,-0.5075054168701172,0.1489259898662567,-0.9435622692108154
1767708679510705400,35.99870532226562,-0.38412007689476013,0.1183149665594101,-0.9184519648551941
1767708679520705500,36.00870556640625,-0.26363468170166016,0.07267584651708603,-0.8731534481048584
1767708679530706400,36.01870654296875,-0.19573894143104553,0.035158950835466385,-0.8440207242965698
1767708679540706300,36.028706298828126,-0.17043864727020264,-0.03051540069282055,-0.8177555799484253
1767708679550707500,36.03870751953125,-0.20464877784252167,-0.06836868077516556,-0.7998676896095276
1767708679560707600,36.04870751953125,-0.21635709702968597,-0.07918057590723038,-0.8044107556343079
1767708679570707500,36.05870751953125,-0.21508705615997314,-0.0252420362085104,-0.8081695437431335
1767708679580708600,36.06870849609375,-0.21707989275455475,0.04347178339958191,-0.7947120666503906
1767708679590708500,36.07870849609375,-0.21488146483898163,0.08741750568151474,-0.7347913980484009
1767708679600709400,36.08870947265625,-0.252826452255249,0.14484776556491852,-0.667601466178894
1767708679610709500,36.09870947265625,-0.3028285503387451,0.17450185120105743,-0.6528587341308594
1767708679620710400,36.10871044921875,-0.2747434079647064,0.21777822077274323,-0.6568758487701416
1767708679630710300,36.11871020507812,-0.16676241159439087,0.29560932517051697,-0.6442825198173523
1767708679640710700,36.12871069335937,-0.05242571234703064,0.3744671046733856,-0.6100329756736755
1767708679650711600,36.138711669921875,0.0161184873431921,0.41106170415878296,-0.5746460556983948
1767708679660711400,36.14871142578125,0.04371469467878342,0.3968904912471771,-0.5259043574333191
1767708679670712600,36.158712646484375,0.06161564961075783,0.3067605495452881,-0.48097944259643555
1767708679680712400,36.16871240234375,0.07473890483379364,0.21582451462745667,-0.46378207206726074
1767708679690713300,36.17871337890625,0.07999566942453384,0.1319168210029602,-0.47651147842407227
1767708679700713500,36.18871337890625,0.09254448115825653,0.06375747919082642,-0.5326037406921387
1767708679710714600,36.198714599609374,0.10317930579185486,0.04171881079673767,-0.5789022445678711
1767708679720714500,36.20871459960937,0.12709182500839233,-0.010038783773779869,-0.5250309705734253
1767708679730714600,36.21871459960938,0.13159310817718506,-0.10318949818611145,-0.316519558429718
1767708679740715500,36.22871557617187,0.1136455163359642,-0.2309861183166504,-0.04074305295944214
1767708679750715400,36.23871533203125,0.06280204653739929,-0.31039437651634216,0.13432623445987701
1767708679760716500,36.24871655273437,-0.04887944832444191,-0.3284577429294586,0.14385706186294556
1767708679770716400,36.25871630859375,-0.21550358831882477,-0.40442919731140137,0.04900006204843521
1767708679780717300,36.26871728515625,-0.43338742852211,-0.4852064251899719,-0.014790358021855354
1767708679790717400,36.27871752929688,-0.6727611422538757,-0.49724870920181274,0.034597430378198624
1767708679800718600,36.28871850585937,-0.7057846188545227,-0.439029723405838,0.1907026767730713
1767708679810718500,36.29871850585938,-0.4533350467681885,-0.3594762980937958,0.24082230031490326
1767708679820718600,36.308718505859375,-0.18097834289073944,-0.29674646258354187,0.10088548064231873
1767708679830719500,36.318719482421876,-0.09223754703998566,-0.32888415455818176,-0.07523548603057861
1767708679840719400,36.32871923828125,-0.08699242770671844,-0.45329445600509644,-0.2147538959980011
1767708679850720500,36.338720458984376,-0.1373584121465683,-0.5393643975257874,-0.35038521885871887
1767708679860720400,36.348720458984374,-0.2466047704219818,-0.5058407187461853,-0.39953821897506714
1767708679870721500,36.358721435546876,-0.4443436861038208,-0.5443918704986572,-0.2805814743041992
1767708679880721700,36.3687216796875,-0.6400274038314819,-0.5705748200416565,-0.031219635158777237
1767708679890722600,36.37872265625,-0.568291425704956,-0.6178046464920044,0.20908671617507935
1767708679900722400,36.388722412109374,-0.38313889503479004,-0.544856071472168,0.3427015244960785
1767708679910722600,36.39872265625,-0.1342475861310959,-0.4503340423107147,0.40088388323783875
1767708679920723500,36.40872338867187,0.0890619307756424,-0.3736025094985962,0.4278970956802368
1767708679930723300,36.41872338867187,0.20262417197227478,-0.2742637097835541,0.36420509219169617
1767708679940724500,36.42872436523437,0.21944282948970795,-0.1515500247478485,0.23170217871665955
1767708679950724400,36.43872436523438,0.2944992482662201,-0.06895268708467484,0.14203022420406342
1767708679960725500,36.4487255859375,0.4083738923072815,0.12610815465450287,0.243228480219841
1767708679970725600,36.4587255859375,0.4089092016220093,0.3516694903373718,0.4347911775112152
1767708679980726500,36.4687265625,0.2702338695526123,0.3977331221103668,0.5189247131347656
1767708679990726400,36.47872631835938,0.08121677488088608,0.30575770139694214,0.4653283655643463
1767708680000726500,36.4887265625,-0.06611036509275436,0.21655432879924774,0.37691569328308105
1767708680010727400,36.4987275390625,-0.152072936296463,0.14855360984802246,0.3282257914543152
1767708680020727300,36.508727294921876,-0.19126054644584656,0.06117209419608116,0.33453482389450073
1767708680030728700,36.51872875976562,-0.19735412299633026,-0.04306284338235855,0.3905458450317383
1767708680040728600,36.528728515625,-0.19214817881584167,-0.13110801577568054,0.4558481276035309
1767708680050729500,36.5387294921875,-0.15369988977909088,-0.22280670702457428,0.5220869779586792
1767708680060729600,36.5487294921875,-0.10834705084562302,-0.29722529649734497,0.6105931401252747
1767708680070729500,36.5587294921875,-0.05502096191048622,-0.35220101475715637,0.7060317993164062
1767708680080730400,36.56873046875,0.022616837173700333,-0.33862170577049255,0.7818710803985596
1767708680090730500,36.57873046875,0.14277920126914978,-0.27029430866241455,0.8227689862251282
1767708680100731400,36.5887314453125,0.294437438249588,-0.149894118309021,0.8498831987380981
1767708680110731300,36.59873120117187,0.4188494086265564,-0.004610546864569187,0.8559544682502747
1767708680120732700,36.60873266601563,0.4811873435974121,0.12293756008148193,0.797580361366272
1767708680130732800,36.61873291015625,0.48094820976257324,0.21046261489391327,0.682215690612793
1767708680140733700,36.628733642578126,0.4465380311012268,0.2558271586894989,0.5728380680084229
1767708680150733800,36.63873388671875,0.4016389548778534,0.2696482539176941,0.4973507225513458
1767708680160733700,36.64873364257812,0.3170929253101349,0.2561934292316437,0.4325741231441498
1767708680170734600,36.658734619140624,0.21052837371826172,0.20430485904216766,0.37053054571151733
1767708680180734700,36.66873461914062,0.1277482658624649,0.1119413673877716,0.3083838224411011
1767708680190736000,36.67873583984375,0.053151823580265045,-0.001414156286045909,0.2775317132472992
1767708680200735700,36.68873583984375,-0.04526691511273384,-0.13912388682365417,0.2987988293170929
1767708680210736600,36.698736572265624,-0.1369398534297943,-0.24166277050971985,0.35061249136924744
1767708680220736800,36.70873681640625,-0.24919763207435608,-0.29663294553756714,0.3972998261451721
1767708680230737700,36.71873754882812,-0.36937862634658813,-0.330157071352005,0.4054517447948456
1767708680240737800,36.72873779296875,-0.4815078675746918,-0.3334521949291229,0.3431076109409332
1767708680250737700,36.73873754882813,-0.5724716186523438,-0.3099042475223541,0.24232934415340424
1767708680260738600,36.74873852539063,-0.6047168970108032,-0.2989320158958435,0.15965576469898224
1767708680270739000,36.75873901367188,-0.5274351835250854,-0.3174321949481964,0.18531079590320587
1767708680280739800,36.76873974609375,-0.2502874433994293,-0.274276465177536,0.3722958564758301
1767708680290739700,36.77873974609375,0.13144315779209137,-0.10466134548187256,0.6041067242622375
1767708680300740600,36.78874072265625,0.5147743225097656,0.04635040834546089,0.7192324995994568
1767708680310740700,36.79874072265625,0.8256504535675049,0.11219627410173416,0.6728982925415039
1767708680320740600,36.80874072265625,0.8402706980705261,0.21883398294448853,0.5117782950401306
1767708680330741800,36.81874169921875,0.6182562708854675,0.3542810082435608,0.3266553282737732
1767708680340741600,36.82874169921875,0.4138847291469574,0.2491542547941208,0.13725176453590393
1767708680350742800,36.83874267578125,0.2832784950733185,0.0014246301725506783,0.07502701133489609
1767708680360743000,36.848742919921875,0.21753013134002686,-0.014052803628146648,0.24649524688720703
1767708680370743800,36.85874389648438,0.21735143661499023,0.07564086467027664,0.5084078311920166
1767708680380743700,36.86874365234375,0.27116960287094116,0.1182543933391571,0.6541596055030823
1767708680390744600,36.87874462890625,0.3142337203025818,0.05003459379076958,0.5695486068725586
1767708680400744700,36.88874462890625,0.3034532368183136,-0.07081672549247742,0.28622737526893616
1767708680410744600,36.89874462890625,0.19944782555103302,-0.1362406611442566,0.028300873935222626
1767708680420745700,36.908745849609375,0.07299775630235672,-0.1211559921503067,-0.16195587813854218
1767708680430745900,36.91874584960937,0.0045433021150529385,-0.022513238713145256,-0.29262641072273254
1767708680440746800,36.928746826171874,-0.000660247984342277,0.14177477359771729,-0.338731586933136
1767708680450747000,36.93874682617187,-0.008630815893411636,0.2926630973815918,-0.2611067295074463
1767708680460747800,36.948747802734374,-0.09741634875535965,0.4097577631473541,-0.17413906753063202
1767708680470747600,36.95874755859375,-0.2320535033941269,0.5003119111061096,-0.23355300724506378
1767708680480748500,36.96874853515625,-0.3108348846435547,0.6257491707801819,-0.41232407093048096
1767708680490748700,36.97874877929687,-0.30520761013031006,0.7173517942428589,-0.5628007054328918
1767708680500748500,36.98874853515625,-0.27875152230262756,0.7205331921577454,-0.5699054598808289
1767708680510749700,36.99874975585937,-0.3096870481967926,0.5941530466079712,-0.4911418557167053
1767708680520749800,37.00874975585938,-0.35217779874801636,0.3948918879032135,-0.44119957089424133
1767708680530750700,37.01875073242188,-0.3627399504184723,0.2240591198205948,-0.4461331367492676
1767708680540750800,37.02875073242188,-0.30515149235725403,0.124615877866745,-0.48789840936660767
1767708680550751700,37.03875170898438,-0.19150397181510925,0.07800070941448212,-0.5391480922698975
1767708680560751600,37.048751708984376,-0.09511964023113251,0.03938913717865944,-0.5641756653785706
1767708680570751700,37.058751708984374,0.0013834544224664569,0.004016088321805,-0.5860632061958313
1767708680580752600,37.068752685546876,0.09899469465017319,-0.029530420899391174,-0.6135709881782532
1767708680590752800,37.078752685546874,0.15434366464614868,0.013507988303899765,-0.6303011775016785
1767708680600753700,37.088753662109376,0.16890795528888702,0.07278729230165482,-0.6566025614738464
1767708680610753800,37.09875390625,0.13060908019542694,0.16740062832832336,-0.6868589520454407
1767708680620754700,37.108754638671876,0.06143561005592346,0.2593153715133667,-0.7374515533447266
1767708680630754800,37.1187548828125,-0.035723935812711716,0.3335563838481903,-0.813896656036377
1767708680640755700,37.128755615234375,-0.12187399715185165,0.3850190341472626,-0.9052917957305908
1767708680650755600,37.13875561523437,-0.16758164763450623,0.44027194380760193,-0.970059335231781
1767708680660755700,37.14875561523438,-0.14994744956493378,0.48190948367118835,-0.9889112710952759
1767708680670756900,37.1587568359375,-0.11643557250499725,0.5288460850715637,-0.9557828903198242
1767708680680756700,37.1687568359375,-0.097551129758358,0.5604648590087891,-0.9121099710464478
1767708680690757600,37.17875756835937,-0.09585070610046387,0.5624608993530273,-0.8826490044593811
1767708680700757800,37.1887578125,-0.10080123692750931,0.5445895791053772,-0.8554350137710571
1767708680710758700,37.19875854492187,-0.12113393843173981,0.49476316571235657,-0.7824654579162598
1767708680720758800,37.2087587890625,-0.08973369747400284,0.4710572361946106,-0.724511981010437
1767708680730759700,37.218759765625,-0.04677397385239601,0.4156416356563568,-0.7250280976295471
1767708680740759600,37.22875952148438,0.03260289505124092,0.27997976541519165,-0.7228212952613831
1767708680750760000,37.23876000976563,0.13061733543872833,0.2139778435230255,-0.6316258907318115
1767708680760760800,37.2487607421875,0.20708328485488892,0.13180088996887207,-0.4153556227684021
1767708680770760700,37.2587607421875,0.2399725317955017,0.0033462480641901493,-0.1411658674478531
1767708680780761600,37.26876171875,0.22297629714012146,-0.15025418996810913,0.06288699805736542
1767708680790761700,37.27876171875,0.15488167107105255,-0.24559110403060913,0.09507875889539719
1767708680800762600,37.2887626953125,0.03688069060444832,-0.3283535838127136,-0.03305147588253021
1767708680810762800,37.2987626953125,-0.13527482748031616,-0.4118407666683197,-0.2108696848154068
1767708680820762600,37.3087626953125,-0.35399913787841797,-0.4834344983100891,-0.31400108337402344
1767708680830763800,37.318763671875,-0.5378952026367188,-0.5326491594314575,-0.28006017208099365
1767708680840764000,37.328763916015625,-0.5248894095420837,-0.5084835290908813,-0.19985821843147278
1767708680850764800,37.338764892578126,-0.29931965470314026,-0.43013545870780945,-0.20420555770397186
1767708680860764700,37.3487646484375,-0.08297748118638992,-0.32393550872802734,-0.31200072169303894
1767708680870765600,37.358765625,0.03538903221487999,-0.24920034408569336,-0.4015536308288574
1767708680880765700,37.368765625,0.038617052137851715,-0.21297655999660492,-0.44380441308021545
1767708680890766600,37.3787666015625,-0.06992027908563614,-0.27790918946266174,-0.5215331315994263
1767708680900766700,37.3887666015625,-0.2480010688304901,-0.3237576484680176,-0.582152247428894
1767708680910766800,37.39876684570312,-0.46862080693244934,-0.37822654843330383,-0.49913427233695984
1767708680920767700,37.408767822265624,-0.6043086647987366,-0.539158284664154,-0.29163509607315063
1767708680930768000,37.41876782226562,-0.5078356266021729,-0.723561704158783,-0.042870309203863144
1767708680940768800,37.42876879882812,-0.3487109839916229,-0.7221795320510864,0.1883557140827179
1767708680950768600,37.4387685546875,-0.1621306836605072,-0.6403932571411133,0.315685510635376
1767708680960769500,37.44876953125,-0.011670349165797234,-0.49976053833961487,0.3713676929473877
1767708680970769700,37.45876977539063,0.07844998687505722,-0.3809157907962799,0.3610116243362427
1767708680980770800,37.46877075195312,0.10798577219247818,-0.21597667038440704,0.2746410667896271
1767708680990771000,37.47877099609375,0.12302117049694061,-0.04342369735240936,0.1707717478275299
1767708681000770800,37.488770751953126,0.14212588965892792,0.10452209413051605,0.20524583756923676
1767708681010771700,37.49877172851563,0.11421037465333939,0.28594714403152466,0.36980634927749634
1767708681020771800,37.508771728515626,0.056681565940380096,0.37852102518081665,0.5122414827346802
1767708681030772700,37.51877270507813,-0.018847547471523285,0.37009719014167786,0.5649880766868591
1767708681040772600,37.528772705078126,-0.07459443062543869,0.3114171028137207,0.564553439617157
1767708681050773500,37.5387734375,-0.09347967058420181,0.18999850749969482,0.559971034526825
1767708681060773600,37.548773681640625,-0.10680266469717026,0.07703892141580582,0.6524743437767029
1767708681070773800,37.55877368164062,-0.13383562862873077,-0.006362536456435919,0.6896536946296692
1767708681080775000,37.56877490234375,-0.09869175404310226,-0.15996035933494568,0.6920175552368164
1767708681090774800,37.57877490234375,-0.033757247030735016,-0.25406917929649353,0.6805970668792725
1767708681100775700,37.588775634765625,0.051756855100393295,-0.2857285737991333,0.7021662592887878
1767708681110775800,37.59877587890625,0.13709865510463715,-0.24741660058498383,0.7713542580604553
1767708681120776700,37.608776611328125,0.21823585033416748,-0.18466639518737793,0.8543740510940552
1767708681130775800,37.61877587890625,0.2952699065208435,-0.10303156077861786,0.9041534662246704
1767708681140777000,37.62877685546875,0.371258407831192,-0.02842266485095024,0.9199742674827576
1767708681150776800,37.63877685546875,0.4252643883228302,0.05368765443563461,0.8941253423690796
1767708681160777200,37.648777099609376,0.451028048992157,0.165302574634552,0.8307534456253052
1767708681170778000,37.65877807617188,0.4621129333972931,0.26155614852905273,0.7482503056526184
1767708681180778000,37.668778076171876,0.4530494213104248,0.34401264786720276,0.6792665123939514
1767708681190779000,37.67877880859375,0.41768157482147217,0.37741267681121826,0.6026774644851685
1767708681200779000,37.688779052734375,0.27470070123672485,0.3912547826766968,0.516246497631073
1767708681210780000,37.69877978515625,0.08713187277317047,0.3046996593475342,0.4283011555671692
1767708681220779800,37.70877978515625,-0.041974905878305435,0.18451152741909027,0.2888112962245941
1767708681230781200,37.71878125,-0.08821216970682144,0.10073086619377136,0.16873840987682343
1767708681240781000,37.728781005859375,-0.0778815746307373,-0.0032946341671049595,0.1377132385969162
1767708681250781200,37.73878125,-0.0893789678812027,-0.17176726460456848,0.17616689205169678
1767708681260782000,37.748781982421875,-0.1654239445924759,-0.29960063099861145,0.24134977161884308
1767708681270782000,37.75878198242187,-0.23947712779045105,-0.3955948054790497,0.27625077962875366
1767708681280782800,37.768782958984374,-0.3158573806285858,-0.4946037232875824,0.2602161169052124
1767708681290783000,37.77878295898437,-0.3779846429824829,-0.5869914293289185,0.23009070754051208
1767708681300783900,37.788783935546874,-0.43365299701690674,-0.6177266836166382,0.2531288266181946
1767708681310783700,37.79878369140625,-0.4552038311958313,-0.6262285709381104,0.3774190843105316
1767708681320784100,37.8087841796875,-0.3500533998012543,-0.6495161652565002,0.5608530640602112
1767708681330785000,37.81878491210937,-0.04267720505595207,-0.5951615571975708,0.7283584475517273
1767708681340785200,37.82878515625,0.34901148080825806,-0.45496904850006104,0.768574595451355
1767708681350786000,37.8387861328125,0.6298701167106628,-0.2193448394536972,0.629061758518219
1767708681360786000,37.84878588867188,0.6981402039527893,0.026727518066763878,0.41654977202415466
1767708681370786800,37.85878686523437,0.6072949767112732,0.16333067417144775,0.2950056791305542
1767708681380787000,37.86878686523438,0.3955736458301544,0.10377226024866104,0.2611558139324188
1767708681390788000,37.8787880859375,0.20371738076210022,-0.08488090336322784,0.32089170813560486
1767708681400788000,37.8887880859375,0.16486266255378723,-0.04097043722867966,0.49766436219215393
1767708681410788000,37.8987880859375,0.16867712140083313,0.1459042727947235,0.6384533643722534
1767708681420789000,37.9087890625,0.13829338550567627,0.21661598980426788,0.6520189642906189
1767708681430789000,37.9187890625,0.060927413403987885,0.0553552620112896,0.48146551847457886
1767708681440790000,37.9287900390625,-0.09505206346511841,-0.08436907827854156,0.2377236932516098
1767708681450790000,37.938789794921874,-0.15517447888851166,-0.12207716703414917,0.13038338720798492
1767708681460790800,37.948790771484376,-0.14748059213161469,-0.10050821304321289,0.09082036465406418
1767708681470791000,37.958791015625,-0.16195674240589142,-0.000026876339688897133,-0.00008929986506700516
1767708681480792000,37.9687919921875,-0.12365623563528061,0.16951395571231842,-0.10340050607919693
1767708681490792000,37.9787919921875,-0.099107526242733,0.3560212552547455,-0.13881099224090576
1767708681500792000,37.9887919921875,-0.1130254715681076,0.4903673231601715,-0.1440718024969101
1767708681510793000,37.99879296875,-0.1447620540857315,0.6201484799385071,-0.25060179829597473
1767708681520793000,38.00879296875,-0.1418735831975937,0.7415638566017151,-0.4376491904258728
1767708681530794000,38.0187939453125,-0.12119709700345993,0.7823542356491089,-0.5653483867645264
1767708681540793900,38.0287939453125,-0.19243158400058746,0.7264984250068665,-0.5357345342636108
1767708681550795000,38.038794921875,-0.29094433784484863,0.5413779616355896,-0.34237363934516907
1767708681560795100,38.04879516601562,-0.33664363622665405,0.39239001274108887,-0.2450774610042572
1767708681570795000,38.058794921875,-0.3225101828575134,0.1810387223958969,-0.2710294723510742
1767708681580796000,38.0687958984375,-0.2643275558948517,0.05342458561062813,-0.37285304069519043
1767708681590796000,38.07879614257813,-0.170131117105484,-0.035806380212306976,-0.4792170524597168
1767708681600797000,38.088796875,-0.07590555399656296,-0.08642854541540146,-0.5418269038200378
1767708681610797000,38.09879711914063,0.009440023452043533,-0.10798335820436478,-0.5416979789733887
1767708681620798000,38.1087978515625,0.09582153707742691,-0.07389921694993973,-0.5495349764823914
1767708681630797800,38.1187978515625,0.12666600942611694,-0.0017714935820549726,-0.5458672642707825
1767708681640799000,38.12879907226562,0.10623983293771744,0.06857285648584366,-0.5822516083717346
1767708681650799000,38.13879907226563,0.0665757805109024,0.12544652819633484,-0.6412461996078491
1767708681660799000,38.148799072265625,-0.011630654335021973,0.17210152745246887,-0.69313645362854
1767708681670800000,38.1587998046875,-0.08035352826118469,0.24396692216396332,-0.7546485066413879
1767708681680800000,38.168800048828125,-0.10095543414354324,0.32602405548095703,-0.8487156629562378
1767708681690801000,38.17880078125,-0.11573784053325653,0.39443668723106384,-0.9266394376754761
1767708681700800800,38.18880078125,-0.07835671305656433,0.4310884177684784,-0.9509092569351196
1767708681710802200,38.19880224609375,-0.027526287361979485,0.4317401051521301,-0.9276716113090515
1767708681720802000,38.208802001953124,0.010601936839520931,0.4137240946292877,-0.8753871321678162
1767708681730802200,38.21880224609375,0.034530170261859894,0.35065779089927673,-0.8018396496772766
1767708681740803000,38.228802978515624,0.0629645586013794,0.2823580503463745,-0.6903018355369568
1767708681750803000,38.23880297851562,0.0870475172996521,0.21785041689872742,-0.5523455739021301
1767708681760803800,38.248803955078124,0.09302473068237305,0.13787026703357697,-0.42152369022369385
1767708681770804000,38.25880395507812,0.08758363127708435,0.04258981719613075,-0.3551361560821533
1767708681780804900,38.268804931640624,0.11507560312747955,-0.04112745448946953,-0.36767399311065674
1767708681790804700,38.2788046875,0.17645986378192902,-0.10994034260511398,-0.40887150168418884
1767708681800806100,38.28880615234375,0.25404176115989685,-0.1526106745004654,-0.41221094131469727
1767708681810806000,38.29880590820313,0.3371310532093048,-0.21334220468997955,-0.3250078558921814
1767708681820806100,38.30880615234375,0.39752647280693054,-0.29433879256248474,-0.15898481011390686
1767708681830807000,38.31880712890625,0.3948892056941986,-0.35331353545188904,-0.01800682581961155
1767708681840807000,38.328806884765626,0.3088560700416565,-0.3694714605808258,-0.008994420990347862
1767708681850807800,38.33880786132813,0.13112305104732513,-0.39875349402427673,-0.15089116990566254
1767708681860808000,38.348807861328126,-0.14735783636569977,-0.43404731154441833,-0.35039231181144714
1767708681870809000,38.35880908203125,-0.4761277139186859,-0.4185626804828644,-0.4331825375556946
1767708681880809000,38.36880908203125,-0.7248736023902893,-0.36956265568733215,-0.2987227439880371
1767708681890810000,38.37881005859375,-0.725393533706665,-0.32956820726394653,-0.06923417747020721
1767708681900810000,38.38881005859375,-0.5301033854484558,-0.3139660656452179,-0.033215463161468506
1767708681910810000,38.39881005859375,-0.3590026795864105,-0.31094077229499817,-0.17877493798732758
1767708681920811000,38.40881103515625,-0.2905879318714142,-0.35101255774497986,-0.38008809089660645
1767708681930811000,38.41881079101562,-0.28852590918540955,-0.4170299768447876,-0.526899516582489
1767708681940811800,38.428811767578125,-0.3729923367500305,-0.40155965089797974,-0.5258288979530334
1767708681950812000,38.43881201171875,-0.5093749165534973,-0.3647230267524719,-0.3337632715702057
1767708681960813000,38.44881298828125,-0.6543664932250977,-0.42313918471336365,-0.043140485882759094
1767708681970813000,38.45881298828125,-0.6976265907287598,-0.5610164403915405,0.14771804213523865
1767708681980813000,38.46881298828125,-0.6113324761390686,-0.6153830289840698,0.2651994228363037
1767708681990814000,38.47881396484375,-0.4392392933368683,-0.4898817539215088,0.351353257894516
1767708682000814000,38.48881396484375,-0.22101907432079315,-0.34336981177330017,0.41995710134506226
1767708682010815000,38.49881494140625,-0.04308812692761421,-0.24669943749904633,0.424218088388443
1767708682020814800,38.50881494140625,0.06380343437194824,-0.17960482835769653,0.34160923957824707
1767708682030816000,38.51881591796875,0.1512261927127838,-0.11978965997695923,0.22594021260738373
1767708682040816000,38.52881616210937,0.24887658655643463,-0.015219573862850666,0.18868790566921234
1767708682050817000,38.538817138671874,0.2900056838989258,0.135787233710289,0.2628495693206787
1767708682060817000,38.54881689453125,0.2734450697898865,0.23483790457248688,0.3608648180961609
1767708682070817000,38.55881713867188,0.19237393140792847,0.2291758805513382,0.41819489002227783
1767708682080818000,38.56881787109375,0.1116255447268486,0.18020285665988922,0.40163251757621765
1767708682090818000,38.57881811523438,0.048349905759096146,0.1465383768081665,0.3656744956970215
1767708682100819000,38.58881884765625,0.006517187226563692,0.1670147329568863,0.36542871594429016
1767708682110818800,38.59881884765625,-0.008679341524839401,0.1156117394566536,0.3992636501789093
1767708682120820000,38.60882006835938,0.0015493766404688358,0.013770999386906624,0.4542403221130371
1767708682130820400,38.6188203125,0.029627082869410515,-0.0835086852312088,0.5328856110572815
1767708682140820500,38.628820556640626,0.08476143330335617,-0.15485012531280518,0.6299970746040344
1767708682150821400,38.6388212890625,0.16373427212238312,-0.18765175342559814,0.731484055519104
1767708682160821500,38.648821533203126,0.23928841948509216,-0.20489944517612457,0.8166295289993286
1767708682170822400,38.65882250976563,0.314546674489975,-0.18392519652843475,0.8746867179870605
1767708682180822300,38.668822265625,0.4030948579311371,-0.13270734250545502,0.9083732962608337
1767708682190823400,38.67882348632813,0.46137574315071106,-0.06836909055709839,0.910213053226471
1767708682200823300,38.6888232421875,0.4709746539592743,0.020387662574648857,0.8817324638366699
1767708682210824400,38.69882446289063,0.4535568058490753,0.09806568175554276,0.8242921233177185
1767708682220824600,38.708824462890625,0.4367774724960327,0.16518862545490265,0.7694548964500427
1767708682230824400,38.71882446289062,0.42569634318351746,0.23395544290542603,0.7212002873420715
1767708682240825300,38.728825439453125,0.39613500237464905,0.25697922706604004,0.6451736688613892
1767708682250825500,38.73882543945312,0.3300827741622925,0.2657191753387451,0.5263042449951172
1767708682260826400,38.748826416015625,0.2410794198513031,0.2156272977590561,0.3999782204627991
1767708682270826200,38.758826171875,0.1594362109899521,0.10643450170755386,0.30892738699913025
1767708682280827400,38.768827392578125,0.08697985857725143,-0.03769497573375702,0.24842466413974762
1767708682290827300,38.7788271484375,0.03329424560070038,-0.17244404554367065,0.2319013774394989
1767708682300827400,38.78882739257813,-0.07669084519147873,-0.2664986550807953,0.29390642046928406
1767708682310828500,38.79882861328125,-0.19834700226783752,-0.2995447814464569,0.40745875239372253
1767708682320828400,38.80882836914063,-0.3048872649669647,-0.28041529655456543,0.4236033856868744
1767708682330829300,38.81882934570312,-0.4004935920238495,-0.23008784651756287,0.3021768629550934
1767708682340829400,38.82882934570313,-0.4593696892261505,-0.20923635363578796,0.13890644907951355
1767708682350830300,38.83883032226562,-0.4666716456413269,-0.2539689242839813,0.11158869415521622
1767708682360830200,38.84883032226563,-0.34562885761260986,-0.20649994909763336,0.3140192925930023
1767708682370831600,38.85883154296875,0.00038927828427404165,-0.07745231688022614,0.6222822070121765
1767708682380831500,38.86883154296875,0.3992847204208374,0.020554136484861374,0.8220168948173523
1767708682390831400,38.878831298828125,0.6431490778923035,0.14943476021289825,0.7004713416099548
1767708682400832500,38.88883251953125,0.5403984785079956,0.2591972053050995,0.24241778254508972
1767708682410832400,38.898832275390625,0.304931104183197,0.2853645384311676,-0.18391196429729462
1767708682420833300,38.908833251953126,0.20026671886444092,0.16537822782993317,-0.33956679701805115
1767708682430833400,38.91883349609375,0.190781831741333,0.11780575662851334,-0.1433560997247696
1767708682440834300,38.928834228515626,0.22567430138587952,0.2221529334783554,0.26039910316467285
1767708682450834200,38.938834228515624,0.294368177652359,0.2803826332092285,0.6158531308174133
1767708682460834600,38.94883447265625,0.4208012521266937,0.2818225920200348,0.7538443207740784
1767708682470835500,38.95883544921875,0.5134952068328857,0.2879907190799713,0.6748434901237488
1767708682480835300,38.96883544921875,0.4834526479244232,0.26275435090065,0.4538114666938782
1767708682490836500,38.97883642578125,0.3745730221271515,0.19017164409160614,0.21111926436424255
1767708682500836400,38.98883642578125,0.21599352359771729,0.14121101796627045,-0.005095065105706453
1767708682510837200,38.99883715820312,0.09627345204353333,0.17739564180374146,-0.1635182946920395
1767708682520837400,39.00883740234375,0.05754203349351883,0.26604801416397095,-0.188863605260849
1767708682530838500,39.018838623046875,0.019712379202246666,0.3196307420730591,-0.03976625204086304
1767708682540838400,39.02883837890625,-0.09122026711702347,0.35476502776145935,0.1094256341457367
1767708682550838500,39.03883862304688,-0.22027675807476044,0.4306768774986267,0.050292178988456726
1767708682560839400,39.04883935546875,-0.2883404791355133,0.6081212759017944,-0.1918761432170868
1767708682570839300,39.05883935546875,-0.26715877652168274,0.7790722250938416,-0.3870522975921631
1767708682580840400,39.06884033203125,-0.26629894971847534,0.7955558896064758,-0.3967013955116272
1767708682590840300,39.07884033203125,-0.30871033668518066,0.6350191831588745,-0.31032708287239075
1767708682600841200,39.08884130859375,-0.3386332392692566,0.40988415479660034,-0.2504734694957733
1767708682610841300,39.09884130859375,-0.33432450890541077,0.22652603685855865,-0.26268911361694336
1767708682620841500,39.108841552734376,-0.2897442877292633,0.07105579972267151,-0.32442861795425415
1767708682630842400,39.11884228515625,-0.214790940284729,-0.04592594504356384,-0.38265570998191833
1767708682640842500,39.128842529296875,-0.11440359055995941,-0.135034441947937,-0.423274427652359
1767708682650843400,39.13884350585938,-0.006009739823639393,-0.15397484600543976,-0.434033066034317
1767708682660843300,39.14884326171875,0.07608401030302048,-0.11607424169778824,-0.42670759558677673
1767708682670844400,39.15884448242188,0.14256823062896729,-0.1165916919708252,-0.42888712882995605
1767708682680844300,39.16884423828125,0.22585110366344452,-0.09087536484003067,-0.4379969537258148
1767708682690845400,39.17884545898438,0.2674717903137207,-0.02054261416196823,-0.41684773564338684
1767708682700845600,39.188845458984375,0.24011103808879852,0.07545728981494904,-0.41847628355026245
1767708682710845400,39.19884545898437,0.15267254412174225,0.16407078504562378,-0.47096771001815796
1767708682720846300,39.208846435546874,0.030641688033938408,0.2316116839647293,-0.55052250623703
1767708682730846500,39.21884643554687,-0.06677008420228958,0.27848464250564575,-0.650118887424469
1767708682740847400,39.228847412109374,-0.12094378471374512,0.33299267292022705,-0.7507092356681824
1767708682750847200,39.23884716796875,-0.10912174731492996,0.37981876730918884,-0.8104261159896851
1767708682760848400,39.248848388671874,-0.052571382373571396,0.4683789908885956,-0.8289236426353455
1767708682770848300,39.25884814453125,-0.006820946000516415,0.5668852925300598,-0.821222722530365
1767708682780848400,39.26884838867188,0.018102247267961502,0.6243352890014648,-0.8291701078414917
1767708682790849500,39.278849609375,0.043996661901474,0.5958956480026245,-0.8390898704528809
1767708682800849400,39.28884936523438,0.07265201210975647,0.5109813213348389,-0.8609424233436584
1767708682810850300,39.29885034179687,0.09090561419725418,0.4259783625602722,-0.886292576789856
1767708682820850400,39.30885034179688,0.11010407656431198,0.318291574716568,-0.9021466374397278
1767708682830851300,39.31885131835938,0.1452987939119339,0.1810251772403717,-0.8529086709022522
1767708682840851200,39.328851318359376,0.19096162915229797,0.038247521966695786,-0.6957523822784424
1767708682850852600,39.3388525390625,0.1996864676475525,-0.12489543855190277,-0.45371541380882263
1767708682860852500,39.3488525390625,0.15985196828842163,-0.3160451352596283,-0.2296825647354126
1767708682870852400,39.358852294921874,0.07125920057296753,-0.49171698093414307,-0.13810336589813232
1767708682880853500,39.368853515625,-0.08639834076166153,-0.5985193252563477,-0.1987331509590149
1767708682890853400,39.378853271484374,-0.32334986329078674,-0.6881211996078491,-0.3442486822605133
1767708682900854300,39.388854248046876,-0.6077501773834229,-0.7548208832740784,-0.46634504199028015
1767708682910854400,39.3988544921875,-0.8144240379333496,-0.7191362380981445,-0.4309719502925873
1767708682920855300,39.408855224609376,-0.736754834651947,-0.5856258273124695,-0.2620023787021637
1767708682930855200,39.41885522460937,-0.42446961998939514,-0.5054636597633362,-0.1921539306640625
1767708682940856600,39.42885668945313,-0.14033189415931702,-0.39356452226638794,-0.23823034763336182
1767708682950856400,39.4388564453125,0.05483363941311836,-0.33076560497283936,-0.3032867908477783
1767708682960856300,39.44885620117188,0.11702297627925873,-0.3945022523403168,-0.3236924409866333
1767708682970857500,39.458857421875,0.034029725939035416,-0.5135523676872253,-0.33049511909484863
1767708682980857300,39.468857421875,-0.1622561663389206,-0.5490671992301941,-0.32398930191993713
1767708682990858200,39.47885815429687,-0.45877164602279663,-0.5172936320304871,-0.29942381381988525
1767708683000858400,39.4888583984375,-0.5172741413116455,-0.593947172164917,-0.298020601272583
1767708683010859500,39.498859619140624,-0.4056790769100189,-0.6135498881340027,-0.26062923669815063
1767708683020859400,39.508859375,-0.30220913887023926,-0.5877987146377563,-0.13155142962932587
1767708683030859500,39.51885961914063,-0.2088530957698822,-0.4661189615726471,0.08689185976982117
1767708683040860400,39.5288603515625,-0.12550875544548035,-0.3264065682888031,0.3038494884967804
1767708683050860300,39.5388603515625,-0.044384345412254333,-0.2113417536020279,0.3913676142692566
1767708683060861400,39.548861328125,0.014400683343410492,-0.09050492197275162,0.34482821822166443
1767708683070861300,39.558861328125,0.08658379316329956,0.029246510937809944,0.2704903483390808
1767708683080862200,39.5688623046875,0.15108239650726318,0.18917730450630188,0.2725309431552887
1767708683090862300,39.5788623046875,0.15410961210727692,0.3172559142112732,0.37238645553588867
1767708683100863500,39.58886352539062,0.09220653772354126,0.32736527919769287,0.4689192771911621
1767708683110863400,39.59886328125,0.03503485396504402,0.2476225197315216,0.5178335905075073
1767708683120863500,39.608863525390625,0.04135911539196968,0.14990848302841187,0.5260862112045288
1767708683130864600,39.61886474609375,0.05804408714175224,0.06670655310153961,0.5175049901008606
1767708683140864500,39.628864501953124,0.04815412685275078,-0.02116231434047222,0.5467377305030823
1767708683150866000,39.63886596679688,0.017679575830698013,-0.11872455477714539,0.5816224813461304
1767708683160865800,39.64886572265625,-0.007884888909757137,-0.21102313697338104,0.5854777097702026
1767708683170866700,39.65886669921875,-0.02189658023416996,-0.2692395746707916,0.5757153630256653
1767708683180866800,39.66886669921875,0.006684239953756332,-0.27838408946990967,0.5958177447319031
1767708683190866700,39.67886669921875,0.06814306974411011,-0.22913293540477753,0.6362714171409607
1767708683200867600,39.68886767578125,0.14194665849208832,-0.1351047158241272,0.6541180610656738
1767708683210867700,39.69886767578125,0.2109462320804596,-0.06639676541090012,0.643943727016449
1767708683220868900,39.708868896484375,0.2786504626274109,0.02758646011352539,0.6277623176574707
1767708683230868700,39.71886865234375,0.3376501202583313,0.0968661978840828,0.6182900071144104
1767708683240870000,39.728869873046875,0.3768366873264313,0.18626105785369873,0.6105058789253235
1767708683250869800,39.73886987304687,0.3989294767379761,0.23392611742019653,0.5813304781913757
1767708683260870700,39.74887060546875,0.4021281898021698,0.24807123839855194,0.5338063836097717
1767708683270870800,39.75887084960937,0.3711114227771759,0.26974228024482727,0.47681108117103577
1767708683280870700,39.76887060546875,0.294143944978714,0.24723029136657715,0.42441126704216003
1767708683290871600,39.77887158203125,0.19003906846046448,0.17898857593536377,0.38334062695503235
1767708683300871700,39.78887158203125,0.08958544582128525,0.1125325933098793,0.3437279462814331
1767708683310872800,39.79887280273437,-0.0006946458015590906,0.03662560135126114,0.29759785532951355
1767708683320872700,39.80887280273438,-0.07192514836788177,-0.07933881878852844,0.2581956088542938
1767708683330873600,39.81887353515625,-0.12750795483589172,-0.18898120522499084,0.2641799747943878
1767708683340873700,39.82887377929688,-0.1978769153356552,-0.28656822443008423,0.318828284740448
1767708683350873600,39.83887353515625,-0.26869145035743713,-0.3317367732524872,0.393541544675827
1767708683360874800,39.84887475585938,-0.3374723792076111,-0.3151293098926544,0.41658535599708557
1767708683370874600,39.85887451171875,-0.38449639081954956,-0.3092088997364044,0.391354501247406
1767708683380875800,39.86887573242188,-0.41643619537353516,-0.3439919054508209,0.36917784810066223
1767708683390876000,39.8788759765625,-0.3863763213157654,-0.4027816951274872,0.4242074489593506
1767708683400876800,39.88887670898438,-0.18098802864551544,-0.3824860155582428,0.5741497874259949
1767708683410876700,39.898876708984375,0.15694476664066315,-0.2862224280834198,0.7101603746414185
1767708683420877600,39.90887768554688,0.5119481086730957,-0.15447956323623657,0.7061123847961426
1767708683430877700,39.918877685546875,0.7311316728591919,0.059320904314517975,0.49035120010375977
1767708683440877600,39.92887768554687,0.6898337602615356,0.26196324825286865,0.24584905803203583
1767708683450878700,39.938878662109374,0.5348547697067261,0.2996576726436615,0.08376111835241318
1767708683460878600,39.94887866210937,0.38943153619766235,0.15179651975631714,0.019593622535467148
1767708683470879700,39.958879638671874,0.26160141825675964,-0.0034660384990274906,0.13960018754005432
1767708683480879900,39.9688798828125,0.21491648256778717,-0.05707813426852226,0.45348885655403137
1767708683490880800,39.978880859375,0.23439696431159973,0.022489167749881744,0.7027087807655334
1767708683500880600,39.98888061523437,0.29785850644111633,0.10778585076332092,0.6762309670448303
1767708683510880800,39.998880859375,0.37858450412750244,0.01264708861708641,0.38808149099349976
1767708683520881700,40.00888159179687,0.41619235277175903,-0.08036012202501297,0.12661264836788177
1767708683530881500,40.01888159179688,0.33456167578697205,-0.1017833948135376,0.05524606257677078
1767708683540883000,40.02888305664062,0.22531501948833466,-0.07508048415184021,0.017077459022402763
1767708683550882800,40.0388828125,0.14078389108181,0.022550199180841446,-0.04714201018214226
1767708683560883700,40.0488837890625,0.1052137240767479,0.15875937044620514,-0.11686964333057404
1767708683570883800,40.0588837890625,0.05189191550016403,0.2682293951511383,-0.14767949283123016
1767708683580884700,40.068884765625,-0.03628639876842499,0.33247727155685425,-0.14501962065696716
1767708683590884600,40.078884521484376,-0.15244868397712708,0.3981665372848511,-0.24636489152908325
1767708683600884700,40.088884765625,-0.2637219727039337,0.4418235421180725,-0.4735914170742035
1767708683610885600,40.0988857421875,-0.3472599983215332,0.4745977520942688,-0.662710428237915
1767708683620885500,40.108885498046874,-0.4174516201019287,0.45544785261154175,-0.6734986901283264
1767708683630887000,40.11888696289063,-0.498536080121994,0.34804150462150574,-0.5706748366355896
1767708683640886800,40.12888671875,-0.5625227093696594,0.21011316776275635,-0.49268463253974915
1767708683650887700,40.1388876953125,-0.567556619644165,0.0891454815864563,-0.4835582673549652
1767708683660887800,40.1488876953125,-0.49323001503944397,0.022788548842072487,-0.5176312923431396
1767708683670887700,40.1588876953125,-0.3678063154220581,0.02147800661623478,-0.5593302845954895
1767708683680888600,40.168888671875,-0.2360464483499527,0.034296825528144836,-0.5917568802833557
1767708683690888700,40.178888671875,-0.15819984674453735,0.052097927778959274,-0.615042507648468
1767708683700889900,40.188889892578125,-0.11922900378704071,0.033148206770420074,-0.6503738760948181
1767708683710889700,40.1988896484375,-0.11713489145040512,0.0006088134832680225,-0.6950734853744507
1767708683720891000,40.208890869140625,-0.13881276547908783,0.017227470874786377,-0.7463244199752808
1767708683730890800,40.21889086914062,-0.15219704806804657,0.04302166774868965,-0.7943738102912903
1767708683740891600,40.2288916015625,-0.16381695866584778,0.09235646575689316,-0.8214552402496338
1767708683750891800,40.23889184570312,-0.17593912780284882,0.14523567259311676,-0.818771481513977
1767708683760891600,40.2488916015625,-0.16077402234077454,0.1845306158065796,-0.8007996678352356
1767708683770892500,40.258892578125,-0.12536470592021942,0.2054194062948227,-0.7880655527114868
1767708683780892700,40.268892578125,-0.0881638154387474,0.20712675154209137,-0.7776467204093933
1767708683790893800,40.27889379882812,-0.05282814800739288,0.2397094964981079,-0.770065188407898
1767708683800893700,40.28889379882813,-0.02007392793893814,0.3075157105922699,-0.7789729237556458
1767708683810894800,40.29889477539062,-0.0025366926565766335,0.3849703073501587,-0.8056764006614685
1767708683820894700,40.30889477539063,0.014961606822907925,0.43274635076522827,-0.8204609155654907
1767708683830894600,40.31889453125,0.03307109326124191,0.4568617641925812,-0.8079161643981934
1767708683840895700,40.32889575195313,0.05753196030855179,0.4186246395111084,-0.7634243369102478
1767708683850895600,40.3388955078125,0.10361631959676743,0.2954370677471161,-0.6986557841300964
1767708683860896800,40.348896728515626,0.17248007655143738,0.2067902833223343,-0.6326757073402405
1767708683870897000,40.35889697265625,0.2423638105392456,0.1664736270904541,-0.5471034646034241
1767708683880897800,40.368897705078126,0.28177833557128906,0.15447023510932922,-0.41378054022789
1767708683890897700,40.378897705078124,0.28693243861198425,0.132954403758049,-0.22579370439052582
1767708683900898800,40.38889892578125,0.23954416811466217,0.06483794748783112,-0.056538354605436325
1767708683910898700,40.398898681640624,0.1389322131872177,0.013108800165355206,-0.0018078600987792015
1767708683920898600,40.40889868164062,0.04115532338619232,-0.08552110940217972,-0.0891539454460144
1767708683930899700,40.418899658203124,-0.09656974673271179,-0.22358407080173492,-0.2574089765548706
1767708683940899600,40.42889965820312,-0.3046526610851288,-0.3158588707447052,-0.4498029351234436
1767708683950900700,40.43890063476562,-0.465791791677475,-0.3570053279399872,-0.5581842064857483
1767708683960900900,40.44890087890625,-0.4600811004638672,-0.25340062379837036,-0.4957922697067261
1767708683970901800,40.45890185546875,-0.3020637631416321,0.0028977226465940475,-0.29002922773361206
1767708683980901600,40.46890161132813,-0.16827164590358734,0.05235322192311287,-0.1564590334892273
1767708683990901800,40.47890185546875,-0.21883787214756012,-0.14141757786273956,-0.19912101328372955
1767708684000902700,40.48890258789063,-0.3289966583251953,-0.2277996838092804,-0.33042827248573303
1767708684010902500,40.498902587890626,-0.45195135474205017,-0.2139642983675003,-0.4539092183113098
1767708684020904000,40.50890405273437,-0.6162837743759155,-0.2326851785182953,-0.46168288588523865
1767708684030903800,40.51890380859375,-0.6322650909423828,-0.33760252594947815,-0.3525334894657135
1767708684040904700,40.52890478515625,-0.4923352301120758,-0.42744502425193787,-0.17667549848556519
1767708684050904800,40.53890478515625,-0.3289462924003601,-0.5034769177436829,0.02948034182190895
1767708684060905700,40.54890576171875,-0.18088595569133759,-0.46997493505477905,0.23935924470424652
1767708684070905600,40.558905517578125,-0.04767810180783272,-0.36236482858657837,0.40203362703323364
1767708684080905700,40.56890576171875,0.05506286770105362,-0.26029643416404724,0.45221787691116333
1767708684090906600,40.57890673828125,0.11649320274591446,-0.11909936368465424,0.4142952859401703
1767708684100906500,40.58890649414062,0.14158713817596436,0.014184490777552128,0.37430182099342346
1767708684110908000,40.59890795898438,0.16487887501716614,0.17583224177360535,0.42548564076423645
1767708684120907800,40.60890771484375,0.19581197202205658,0.3142821192741394,0.5708334445953369
1767708684130908400,40.618908447265625,0.22861626744270325,0.3963277041912079,0.7304564118385315
1767708684140908500,40.62890844726562,0.25864163041114807,0.37643054127693176,0.8545645475387573
1767708684150908400,40.63890844726563,0.28549161553382874,0.2813575565814972,0.9169147610664368
1767708684160909300,40.64890942382812,0.30954980850219727,0.14006169140338898,0.9219459891319275
1767708684170909400,40.65890942382813,0.31550702452659607,0.02275564894080162,0.9008012413978577
1767708684180910600,40.66891064453125,0.338864803314209,-0.095152348279953,0.8785662651062012
1767708684190910500,40.67891040039063,0.3752337694168091,-0.16178791224956512,0.8544849157333374
1767708684200911600,40.68891162109375,0.38347145915031433,-0.2319592833518982,0.8298836946487427
1767708684210911500,40.69891137695313,0.34454962611198425,-0.32435721158981323,0.8390715718269348
1767708684220912400,40.70891235351562,0.29939866065979004,-0.38129743933677673,0.8828437924385071
1767708684230912500,40.71891259765625,0.2838694155216217,-0.4319533407688141,0.9197460412979126
1767708684240912400,40.728912353515625,0.269087553024292,-0.3823367953300476,0.9188586473464966
1767708684250913300,40.73891333007813,0.2642331123352051,-0.24900493025779724,0.8754318952560425
1767708684260913400,40.748913330078125,0.2697354853153229,-0.11161749809980392,0.8066748976707458
1767708684270914600,40.75891455078125,0.27048438787460327,0.030144140124320984,0.7458909749984741
1767708684280914400,40.76891455078125,0.2644166350364685,0.18786773085594177,0.6992151141166687
1767708684290915600,40.77891552734375,0.2532297372817993,0.32210981845855713,0.636920690536499
1767708684300915500,40.78891552734375,0.2272615134716034,0.4234668016433716,0.538953423500061
1767708684310915600,40.79891552734375,0.1676218956708908,0.48271405696868896,0.41626015305519104
1767708684320916500,40.80891650390625,0.06741993129253387,0.45142510533332825,0.290958434343338
1767708684330916400,40.81891625976562,-0.0073091103695333,0.29608336091041565,0.1753309965133667
1767708684340917500,40.82891748046875,-0.046409107744693756,0.10982665419578552,0.08987841010093689
1767708684350917600,40.838917724609374,-0.066312775015831,0.013659642077982426,0.0520002655684948
1767708684360918500,40.84891845703125,-0.06962763518095016,-0.08442025631666183,0.06026100367307663
1767708684370918400,40.85891845703125,-0.09686006605625153,-0.1987757384777069,0.093619704246521
1767708684380918500,40.86891845703125,-0.1967533677816391,-0.30905991792678833,0.15774649381637573
1767708684390919400,40.87891943359375,-0.3053456246852875,-0.3410892188549042,0.22124573588371277
1767708684400919600,40.88891943359375,-0.40253424644470215,-0.2912156581878662,0.2104434221982956
1767708684410920400,40.89892041015625,-0.4918137788772583,-0.25748753547668457,0.10615669190883636
1767708684420920300,40.90892041015625,-0.5411925315856934,-0.31471407413482666,-0.0012472644448280334
1767708684430921500,40.91892138671875,-0.4748470187187195,-0.3901974558830261,0.018021516501903534
1767708684440921600,40.92892163085938,-0.2049654722213745,-0.3139937222003937,0.17200250923633575
1767708684450922500,40.93892260742187,0.13913464546203613,-0.17613093554973602,0.3288238048553467
1767708684460922400,40.94892236328125,0.42572033405303955,-0.10526742041110992,0.4046839475631714
1767708684470922500,40.958922607421876,0.5740163326263428,0.021186772733926773,0.33236944675445557
1767708684480923400,40.96892333984375,0.49914664030075073,0.2523721754550934,0.11005442589521408
1767708684490923500,40.978923583984376,0.2774464786052704,0.3858247697353363,-0.16846027970314026
1767708684500924700,40.98892456054688,0.0861891359090805,0.2605215907096863,-0.24694286286830902
1767708684510924500,40.998924560546875,0.04398496448993683,0.16680017113685608,0.0681929737329483
1767708684520925400,41.00892553710938,0.15107572078704834,0.23893000185489655,0.5398133993148804
1767708684530925600,41.018925537109375,0.34669530391693115,0.26927563548088074,0.7606237530708313
1767708684540925400,41.02892553710937,0.4604542851448059,0.1544504016637802,0.6311036348342896
1767708684550926300,41.03892626953125,0.3860383927822113,-0.10232279449701309,0.2744653820991516
1767708684560926500,41.04892651367187,0.28160277009010315,-0.19345031678676605,0.04925701022148132
1767708684570927400,41.05892724609375,0.23440012335777283,-0.2428218573331833,0.042410556226968765
1767708684580927500,41.06892749023437,0.20307286083698273,-0.22037914395332336,0.04455778747797012
1767708684590928600,41.0789287109375,0.17302681505680084,-0.060120753943920135,0.04109460860490799
1767708684600928500,41.08892846679687,0.11035863310098648,0.07992245256900787,0.07089537382125854
1767708684610928600,41.0989287109375,-0.0026020086370408535,0.1572558581829071,0.08701469004154205
1767708684620929500,41.10892944335937,-0.14272798597812653,0.23393668234348297,-0.02282208576798439
1767708684630929400,41.11892944335938,-0.24173739552497864,0.3391459286212921,-0.28450721502304077
1767708684640930300,41.12893041992187,-0.28037241101264954,0.4510285258293152,-0.5490105152130127
1767708684650930400,41.13893041992188,-0.30066776275634766,0.4945608377456665,-0.6662248969078064
1767708684660931600,41.148931640625,-0.3463047444820404,0.41129952669143677,-0.6293212175369263
1767708684670931500,41.15893139648438,-0.4110962748527527,0.23555296659469604,-0.5372182726860046
1767708684680932600,41.1689326171875,-0.44573041796684265,0.06846357882022858,-0.4831659495830536
1767708684690932500,41.17893237304688,-0.43232405185699463,-0.019159700721502304,-0.49511879682540894
1767708684700932600,41.1889326171875,-0.38189685344696045,-0.05084572732448578,-0.5531280636787415
1767708684710933500,41.19893359375,-0.2924269139766693,-0.06179942563176155,-0.6222448945045471
1767708684720933400,41.208933349609374,-0.17981433868408203,-0.021940959617495537,-0.6786256432533264
1767708684730934300,41.218934326171876,-0.06899431347846985,-0.03187309950590134,-0.6939192414283752
1767708684740934400,41.228934326171874,0.020935039967298508,-0.030494114384055138,-0.6772425174713135
1767708684750935600,41.238935546875,0.0677269920706749,0.01868458092212677,-0.6941806674003601
1767708684760935400,41.248935302734374,0.06802552938461304,0.08921414613723755,-0.7259372472763062
1767708684770936600,41.2589365234375,0.026788856834173203,0.1895476132631302,-0.7479560375213623
1767708684780936400,41.2689365234375,-0.06862528622150421,0.2967696487903595,-0.7504333257675171
1767708684790936600,41.2789365234375,-0.15282583236694336,0.3591400682926178,-0.7756567597389221
1767708684800937500,41.2889375,-0.20663315057754517,0.3441629707813263,-0.8398232460021973
1767708684810937300,41.29893725585937,-0.26969388127326965,0.3354693055152893,-0.9183932542800903
1767708684820938500,41.3089384765625,-0.2427554577589035,0.3587525486946106,-0.9767793416976929
1767708684830938600,41.31893872070312,-0.15295155346393585,0.41242849826812744,-1.0064396858215332
1767708684840939500,41.328939453125,-0.07640911638736725,0.44586050510406494,-0.9987103939056396
1767708684850939400,41.338939453125,-0.026210686191916466,0.4986610412597656,-0.957015335559845
1767708684860939500,41.348939453125,0.01780444197356701,0.5434985756874084,-0.9179893732070923
1767708684870940400,41.3589404296875,0.08780514448881149,0.5265366435050964,-0.8959222435951233
1767708684880940500,41.3689404296875,0.13868750631809235,0.49451717734336853,-0.8955062627792358
1767708684890941400,41.37894140625,0.14460152387619019,0.38938671350479126,-0.937568724155426
1767708684900941300,41.38894140625,0.14297915995121002,0.2907406985759735,-0.994603157043457
1767708684910942500,41.3989423828125,0.1638423651456833,0.22356615960597992,-1.0085642337799072
1767708684920942600,41.40894262695313,0.22313815355300903,0.10983995348215103,-0.9241010546684265
1767708684930942500,41.4189423828125,0.2745126783847809,-0.007541533559560776,-0.6922904253005981
1767708684940943400,41.428943359375,0.2600030303001404,-0.1075647696852684,-0.4268628656864166
1767708684950943500,41.438943603515625,0.14745889604091644,-0.17171286046504974,-0.32371971011161804
1767708684960944400,41.4489443359375,-0.04807177931070328,-0.23536646366119385,-0.45034584403038025
1767708684970944500,41.458944580078125,-0.3232692778110504,-0.38149410486221313,-0.670976996421814
1767708684980945700,41.46894555664063,-0.6499666571617126,-0.4345689117908478,-0.7792372107505798
1767708684990945500,41.478945556640625,-0.869385302066803,-0.42518845200538635,-0.6368411779403687
1767708685000945700,41.48894555664062,-0.7707841992378235,-0.3057730197906494,-0.3792042136192322
1767708685010946600,41.498946533203124,-0.4485161304473877,-0.21342206001281738,-0.30129769444465637
1767708685020946400,41.50894653320312,-0.18447865545749664,-0.11754843592643738,-0.4311598241329193
1767708685030947300,41.518947265625,-0.03100307658314705,-0.18189281225204468,-0.5957021713256836
1767708685040947500,41.52894750976562,0.008632061071693897,-0.33199384808540344,-0.6423845291137695
1767708685050948400,41.5389482421875,-0.05599780008196831,-0.4429464638233185,-0.5972330570220947
1767708685060948500,41.54894848632812,-0.253988116979599,-0.5128178596496582,-0.47489985823631287
1767708685070949600,41.55894970703125,-0.5296002626419067,-0.6721137762069702,-0.31608834862709045
1767708685080949500,41.56894946289062,-0.6097018122673035,-0.8744874596595764,-0.23125983774662018
1767708685090949600,41.57894970703125,-0.4799741506576538,-0.821851372718811,-0.10716691613197327
1767708685100950500,41.58895043945312,-0.294502317905426,-0.5929681062698364,0.054579515010118484
1767708685110950400,41.59895043945313,-0.11350162327289581,-0.3640555143356323,0.2240372598171234
1767708685120951300,41.60895141601563,0.03056100383400917,-0.2240494191646576,0.3680058717727661
1767708685130951200,41.618951171875,0.11059296131134033,-0.17997510731220245,0.4402839243412018
1767708685140952300,41.62895239257813,0.12584169209003448,-0.14881879091262817,0.43068110942840576
1767708685150952400,41.638952392578126,0.1463637799024582,-0.038021620362997055,0.40701165795326233
1767708685160952300,41.648952392578124,0.18788538873195648,0.10742639750242233,0.49131453037261963
1767708685170953200,41.658953125,0.17176713049411774,0.21255823969841003,0.6403406262397766
1767708685180953300,41.668953369140624,0.09290613234043121,0.17094528675079346,0.7270715236663818
1767708685190954200,41.678954345703126,0.023933500051498413,0.02718864195048809,0.7382540702819824
1767708685200954000,41.6889541015625,-0.02157646045088768,-0.09142269194126129,0.728877067565918
1767708685210955300,41.698955322265626,-0.08089151233434677,-0.19478867948055267,0.7553502917289734
1767708685220955400,41.70895532226562,-0.15256355702877045,-0.29548919200897217,0.8139017224311829
1767708685230956300,41.718956298828125,-0.18559019267559052,-0.3625308573246002,0.8822746872901917
1767708685240956400,41.72895629882812,-0.16010886430740356,-0.42450636625289917,0.9257110357284546
1767708685250956300,41.73895629882813,-0.073023222386837,-0.43193817138671875,0.9364017844200134
1767708685260957200,41.74895727539062,0.0505402609705925,-0.40652015805244446,0.9557139873504639
1767708685270957300,41.75895727539063,0.16630180180072784,-0.3137642741203308,0.9666025638580322
1767708685280958200,41.76895825195312,0.25884130597114563,-0.22046919167041779,0.9673420786857605
1767708685290958000,41.7789580078125,0.3554975390434265,-0.1252976655960083,0.9572023749351501
1767708685300959200,41.78895922851562,0.43660837411880493,-0.02915329299867153,0.939197301864624
1767708685310959400,41.79895947265625,0.4678322970867157,0.08490096032619476,0.9107710123062134
1767708685320959200,41.808959228515626,0.46401599049568176,0.22756463289260864,0.8578206896781921
1767708685330960400,41.81896044921875,0.45539727807044983,0.32274773716926575,0.7870678901672363
1767708685340960300,41.828960205078126,0.41413718461990356,0.29979661107063293,0.683022141456604
1767708685350961200,41.83896118164063,0.33576008677482605,0.1931874006986618,0.5241930484771729
1767708685360961300,41.848961181640625,0.23323608934879303,0.11797627061605453,0.3543902337551117
1767708685370962400,41.85896240234375,0.1459621787071228,0.05918189510703087,0.23898641765117645
1767708685380962300,41.86896240234375,0.05714309215545654,-0.036220502108335495,0.22787050902843475
1767708685390963200,41.87896313476563,-0.04193954914808273,-0.17286036908626556,0.2891556918621063
1767708685400963300,41.88896337890625,-0.10069874674081802,-0.31715020537376404,0.3557268977165222
1767708685410963200,41.89896313476562,-0.19415810704231262,-0.43476444482803345,0.3951120972633362
1767708685420964400,41.90896435546875,-0.31898921728134155,-0.5007884502410889,0.38852548599243164
1767708685430964200,41.91896411132812,-0.4297814965248108,-0.4855349361896515,0.30100390315055847
1767708685440965000,41.928965087890624,-0.5030800104141235,-0.4490303099155426,0.1586327850818634
1767708685450965200,41.93896533203125,-0.5576407313346863,-0.3813953399658203,0.06773270666599274
1767708685460966400,41.94896630859375,-0.536679208278656,-0.37950658798217773,0.15349429845809937
1767708685470966300,41.95896630859375,-0.3127308189868927,-0.3630375862121582,0.4122275710105896
1767708685480966400,41.96896630859375,0.03372243791818619,-0.2749686539173126,0.6526311635971069
1767708685490967300,41.97896728515625,0.31347766518592834,-0.22640326619148254,0.6745740175247192
1767708685500967200,41.98896728515625,0.4360288381576538,-0.14741963148117065,0.44371774792671204
1767708685510968300,41.99896826171875,0.4375854730606079,-0.10115678608417511,0.09626206010580063
1767708685520968200,42.00896826171875,0.36323511600494385,-0.059108488261699677,-0.15391376614570618
1767708685530969300,42.01896923828125,0.28814515471458435,-0.0373254269361496,-0.25165602564811707
1767708685540969500,42.02896948242188,0.2395603507757187,0.035010918974876404,-0.16510380804538727
1767708685550970400,42.03897045898437,0.23260043561458588,0.12278337776660919,0.13426266610622406
1767708685560970200,42.04897021484375,0.2403094470500946,0.13305775821208954,0.5055423974990845
1767708685570970400,42.058970458984376,0.20928016304969788,0.12703901529312134,0.6930451989173889
1767708685580971300,42.06897119140625,0.2665945887565613,0.1861255019903183,0.6547060608863831
1767708685590971100,42.07897119140625,0.3979635238647461,0.22785332798957825,0.5559981465339661
1767708685600972300,42.08897216796875,0.45574772357940674,0.16520538926124573,0.4711066782474518
1767708685610972200,42.09897216796875,0.36325591802597046,0.17987290024757385,0.36883196234703064
1767708685620973300,42.10897338867188,0.2334798127412796,0.18075653910636902,0.2908271551132202
1767708685630973400,42.118973388671876,0.16433322429656982,0.2558404803276062,0.22998002171516418
1767708685640973300,42.128973388671874,0.13673488795757294,0.3666277229785919,0.20791839063167572
1767708685650974200,42.13897412109375,0.058612629771232605,0.4147496521472931,0.22753211855888367
1767708685660974300,42.14897436523437,-0.04052407294511795,0.6630001664161682,0.0503096804022789
1767708685670975200,42.158975341796875,-0.1374298334121704,0.7188446521759033,-0.16687332093715668
1767708685680975000,42.16897509765625,-0.23467782139778137,0.7627397179603577,-0.23903965950012207
1767708685690976300,42.178976318359375,-0.2692895531654358,0.9097214341163635,-0.19693943858146667
1767708685700976400,42.18897631835937,-0.30128130316734314,0.8515641689300537,-0.09901420027017593
1767708685710977300,42.198977294921875,-0.3911854028701782,0.5475898385047913,-0.022256454452872276
1767708685720977400,42.20897729492187,-0.48493507504463196,0.26390406489372253,-0.04082214832305908
1767708685730977300,42.21897729492188,-0.5064496397972107,0.09308870881795883,-0.16364403069019318
1767708685740978200,42.22897827148437,-0.43762850761413574,-0.018823714926838875,-0.30510634183883667
1767708685750978300,42.23897827148438,-0.3179199695587158,-0.09112782031297684,-0.3839004933834076
1767708685760979200,42.24897924804687,-0.22498895227909088,-0.19048477709293365,-0.39394432306289673
1767708685770979000,42.25897900390625,-0.15845522284507751,-0.26424792408943176,-0.39106684923171997
1767708685780980200,42.26898022460937,-0.09376039355993271,-0.3094811737537384,-0.34695878624916077
1767708685790980400,42.27898046875,-0.027621084824204445,-0.30963054299354553,-0.2996620833873749
1767708685800980200,42.288980224609375,-0.02783733420073986,-0.23459331691265106,-0.32829397916793823
1767708685810981400,42.2989814453125,-0.10248031467199326,-0.10469429194927216,-0.4387657344341278
1767708685820981200,42.308981201171875,-0.17812740802764893,-0.014472258277237415,-0.5779577493667603
1767708685830982100,42.31898217773438,-0.18915025889873505,0.05062849074602127,-0.679624617099762
1767708685840982300,42.328982177734375,-0.13378207385540009,0.10303603857755661,-0.7436845898628235
1767708685850983400,42.3389833984375,-0.07377336919307709,0.1707586795091629,-0.7863599061965942
1767708685860983300,42.3489833984375,-0.045669808983802795,0.20929107069969177,-0.8000378608703613
1767708685870983400,42.3589833984375,-0.01020609401166439,0.24546238780021667,-0.7980146408081055
1767708685880984300,42.368984375,0.04042857512831688,0.32541441917419434,-0.7984497547149658
1767708685890984200,42.37898413085937,0.08937454223632812,0.4318212866783142,-0.7994734644889832
1767708685900985300,42.3889853515625,0.13464617729187012,0.5509843826293945,-0.7946404814720154
1767708685910985200,42.39898510742187,0.1660858690738678,0.6378077268600464,-0.8080710768699646
1767708685920986000,42.408986083984374,0.19922032952308655,0.6479881405830383,-0.866412878036499
1767708685930986200,42.418986328125,0.23444142937660217,0.5665678381919861,-0.9380673170089722
1767708685940987400,42.4289873046875,0.263025164604187,0.408701628446579,-0.9578696489334106
1767708685950987300,42.4389873046875,0.25966665148735046,0.2975729703903198,-0.8785335421562195
1767708685960987400,42.4489873046875,0.2464131861925125,0.17659689486026764,-0.660407543182373
1767708685970988300,42.45898828125,0.24180884659290314,0.048048507422208786,-0.35670042037963867
1767708685980988200,42.46898828125,0.22338108718395233,-0.05088714510202408,-0.11016850918531418
1767708685990989300,42.4789892578125,0.16035524010658264,-0.12765942513942719,-0.027960989624261856
1767708686000989200,42.4889892578125,0.05477980896830559,-0.21177473664283752,-0.08145181089639664
1767708686010990300,42.498990234375,-0.10287532955408096,-0.36211708188056946,-0.18376301229000092
1767708686020990500,42.50899047851563,-0.34025219082832336,-0.5047755241394043,-0.27952226996421814
1767708686030990300,42.518990234375,-0.5869714021682739,-0.5882592797279358,-0.3124504089355469
1767708686040991200,42.5289912109375,-0.6447561383247375,-0.5779907703399658,-0.2823684811592102
1767708686050991400,42.538991455078126,-0.4393896758556366,-0.5024975538253784,-0.2675434648990631
1767708686060992300,42.5489921875,-0.16799359023571014,-0.3579385280609131,-0.3069148361682892
1767708686070992100,42.5589921875,-0.019737742841243744,-0.24432963132858276,-0.3299987316131592
1767708686080993300,42.5689931640625,0.00034062820486724377,-0.2581639587879181,-0.34495851397514343
1767708686090993200,42.5789931640625,-0.052982307970523834,-0.3313457667827606,-0.39262673258781433
1767708686100994300,42.58899438476563,-0.16364650428295135,-0.3577134609222412,-0.4412720203399658
1767708686110994400,42.598994384765625,-0.3629458248615265,-0.37094858288764954,-0.4228796064853668
1767708686120994300,42.60899438476562,-0.5899182558059692,-0.436184823513031,-0.3329761028289795
1767708686130996000,42.61899584960938,-0.5831077098846436,-0.5779655575752258,-0.26304134726524353
1767708686140996000,42.62899609375,-0.44258198142051697,-0.6053673624992371,-0.14018253982067108
1767708686150997000,42.6389970703125,-0.28579962253570557,-0.5026714205741882,0.033799245953559875
1767708686160996900,42.648996826171874,-0.11639460921287537,-0.3458235263824463,0.22419048845767975
1767708686170997800,42.658997802734376,0.0368250273168087,-0.22917959094047546,0.34486013650894165
1767708686180998000,42.668997802734374,0.1463366150856018,-0.14699870347976685,0.3500697910785675
1767708686190997800,42.67899780273437,0.1943349987268448,-0.04133078083395958,0.3099130690097809
1767708686200998700,42.68899853515625,0.26289916038513184,0.09077399969100952,0.34593790769577026
1767708686210999000,42.6989990234375,0.3190876245498657,0.23780307173728943,0.5037828683853149
1767708686221000000,42.709,0.3100200891494751,0.30564045906066895,0.6481003761291504
1767708686231000000,42.719,0.24820038676261902,0.2717990577220917,0.6799742579460144
1767708686241001000,42.7290009765625,0.19684265553951263,0.20907573401927948,0.658549427986145
1767708686251000800,42.73900073242187,0.16235843300819397,0.09737967699766159,0.6968960762023926
1767708686261001700,42.74900170898437,0.09273594617843628,0.047338616102933884,0.7491217255592346
1767708686271001900,42.759001953125,0.013278725557029247,-0.06764918565750122,0.7720961570739746
1767708686281001700,42.769001708984376,-0.050371356308460236,-0.2185090035200119,0.7767305970191956
1767708686291003000,42.7790029296875,-0.10223323106765747,-0.2952699661254883,0.7599518299102783
1767708686301003000,42.7890029296875,-0.09540621191263199,-0.3371337950229645,0.7290136218070984
1767708686311004000,42.79900390625,-0.022358711808919907,-0.3690665364265442,0.7129966616630554
1767708686321004000,42.80900415039063,0.05655401200056076,-0.3298967182636261,0.7266131043434143
1767708686331005000,42.8190048828125,0.1283363252878189,-0.24758051335811615,0.7581555843353271
1767708686341004800,42.8290048828125,0.19538991153240204,-0.22233526408672333,0.7875701785087585
1767708686351005000,42.8390048828125,0.25316956639289856,-0.18028688430786133,0.7934169173240662
1767708686361005800,42.849005859375,0.28504738211631775,-0.06434713304042816,0.7751029133796692
1767708686371006000,42.859005859375,0.3124190866947174,0.08300583809614182,0.7298315167427063
1767708686381006800,42.8690068359375,0.36266037821769714,0.24276204407215118,0.6461775898933411
1767708686391007000,42.879007080078125,0.38739076256752014,0.3379887044429779,0.5430927276611328
1767708686401007900,42.8890078125,0.3662306070327759,0.37795132398605347,0.4473671317100525
1767708686411008000,42.899008056640625,0.29730454087257385,0.34849753975868225,0.3643324077129364
1767708686421009000,42.9090087890625,0.19728393852710724,0.2698303163051605,0.30297377705574036
1767708686431008800,42.9190087890625,0.1067654937505722,0.11962243914604187,0.24736829102039337
1767708686441009000,42.9290087890625,0.02937857247889042,-0.03474324941635132,0.21301166713237762
1767708686451010000,42.939010009765624,-0.019098415970802307,-0.14041773974895477,0.1895713210105896
1767708686461010000,42.94901000976562,-0.07244714349508286,-0.21091538667678833,0.18165218830108643
1767708686471010800,42.9590107421875,-0.1828564703464508,-0.2672351002693176,0.1887492537498474
1767708686481011000,42.96901098632812,-0.3092561364173889,-0.28931155800819397,0.16071078181266785
1767708686491011800,42.97901171875,-0.4085611402988434,-0.29299792647361755,0.08639075607061386
1767708686501012000,42.98901196289062,-0.4878392815589905,-0.256470650434494,-0.00025194184854626656
1767708686511011800,42.99901171875,-0.5550172328948975,-0.24976053833961487,-0.030789345502853394
1767708686521012700,43.0090126953125,-0.5483148694038391,-0.3057801425457001,0.06003749743103981
1767708686531013000,43.01901318359375,-0.3296632170677185,-0.3295234739780426,0.21679282188415527
1767708686541014000,43.02901391601562,0.07183948159217834,-0.23551523685455322,0.3318940997123718
1767708686551014000,43.03901391601563,0.3851606845855713,-0.09104329347610474,0.34142908453941345
1767708686561014800,43.04901489257813,0.4930999279022217,0.0003337548114359379,0.280231237411499
1767708686571015000,43.059014892578126,0.40034621953964233,0.1121910959482193,0.16748857498168945
1767708686581015800,43.06901586914063,0.22314800322055817,0.15286661684513092,0.009998021647334099
1767708686591016000,43.079015869140626,0.11218935251235962,0.06001562252640724,-0.08418568223714828
1767708686601015800,43.089015869140624,0.09667723625898361,0.15508487820625305,0.009025758132338524
1767708686611017000,43.099016845703126,0.16547013819217682,0.2446775883436203,0.2386801540851593
1767708686621017000,43.10901708984375,0.28423193097114563,0.2012355774641037,0.3904113471508026
1767708686631018000,43.11901806640625,0.4466618001461029,0.17621080577373505,0.4820577800273895
1767708686641017900,43.129017822265624,0.5407371520996094,0.12595055997371674,0.5267291069030762
1767708686651018800,43.139018798828126,0.4517817795276642,0.06399811804294586,0.4678458869457245
1767708686661019000,43.14901879882812,0.34261053800582886,-0.0007971217855811119,0.35896947979927063
1767708686671018800,43.15901879882812,0.3245473802089691,-0.02887095883488655,0.18422460556030273
1767708686681020000,43.16902001953125,0.33293846249580383,-0.003442296525463462,-0.015344696119427681
1767708686691020000,43.17902001953125,0.2655346393585205,0.16169613599777222,-0.1414773315191269
1767708686701021000,43.18902099609375,0.14186382293701172,0.3179563283920288,-0.12978792190551758
1767708686711021000,43.19902099609375,0.0007516928599216044,0.4095744788646698,-0.08336211740970612
1767708686721022000,43.20902197265625,-0.1408456563949585,0.4952659606933594,-0.17146535217761993
1767708686731021800,43.21902172851563,-0.23594866693019867,0.6416857838630676,-0.4042923152446747
1767708686741022700,43.22902270507812,-0.2781656086444855,0.7613114714622498,-0.6138439178466797
1767708686751022800,43.23902294921875,-0.31830665469169617,0.7598910927772522,-0.6696392297744751
1767708686761022700,43.249022705078126,-0.38207578659057617,0.6313099265098572,-0.6227023601531982
1767708686771024000,43.25902392578125,-0.44163477420806885,0.41114845871925354,-0.5721898674964905
1767708686781024000,43.26902392578125,-0.44314903020858765,0.2195369303226471,-0.5571816563606262
1767708686791025000,43.27902490234375,-0.38327959179878235,0.10502903163433075,-0.5559742450714111
1767708686801025000,43.28902490234375,-0.23325011134147644,0.04930615425109863,-0.5386599898338318
1767708686811026000,43.29902587890625,-0.08649022877216339,0.015926361083984375,-0.495449960231781
1767708686821025800,43.30902587890625,-0.014368854463100433,-0.00018046260811388493,-0.44261434674263
1767708686831026000,43.31902587890625,-0.008080066181719303,-0.07910750061273575,-0.4371420741081238
1767708686841026800,43.32902685546875,-0.026583774015307426,-0.13833744823932648,-0.4676536023616791
1767708686851027000,43.33902685546875,-0.06454180926084518,-0.12450818717479706,-0.4946221113204956
1767708686861027800,43.34902783203125,-0.10374406725168228,-0.04129544273018837,-0.4736677408218384
1767708686871028000,43.359028076171874,-0.07951383292675018,0.03495858237147331,-0.4395739734172821
1767708686881028900,43.36902880859375,-0.01802409440279007,0.10289571434259415,-0.45786038041114807
1767708686891029000,43.379029052734374,0.022914817556738853,0.14810101687908173,-0.4872819185256958
1767708686901028900,43.38902880859375,0.04962819069623947,0.14228001236915588,-0.4884864091873169
1767708686911029800,43.39902978515625,0.06754487007856369,0.10707888752222061,-0.4855489432811737
1767708686921030000,43.40902978515625,0.07877115905284882,0.08068855851888657,-0.4904758036136627
1767708686931031000,43.419031005859374,0.08164950460195541,0.09237690269947052,-0.5226294994354248
1767708686941031000,43.42903100585937,0.06407932192087173,0.10771704465150833,-0.5564488768577576
1767708686951031800,43.43903173828125,0.029777275398373604,0.11476004123687744,-0.5655789971351624
1767708686961032000,43.44903198242187,-0.02466524951159954,0.08557562530040741,-0.5699767470359802
1767708686971031800,43.45903173828125,-0.08883199095726013,0.003914852626621723,-0.6014729142189026
1767708686981033000,43.46903295898438,-0.12600305676460266,-0.07494402676820755,-0.6870577335357666
1767708686991032800,43.47903271484375,-0.09520254284143448,-0.10361029207706451,-0.7976753115653992
1767708687001033700,43.48903369140625,-0.015607845969498158,-0.09786692261695862,-0.857833206653595
1767708687011034000,43.4990341796875,0.05779261887073517,-0.0939076840877533,-0.7953596711158752
1767708687021035000,43.50903491210938,0.1154889464378357,-0.1636289358139038,-0.627119779586792
1767708687031035000,43.519034912109376,0.14378558099269867,-0.19844071567058563,-0.41111937165260315
1767708687041035800,43.52903588867188,0.12851101160049438,-0.2491782009601593,-0.2177179455757141
1767708687051036000,43.539035888671876,0.025325514376163483,-0.3351011872291565,-0.14329414069652557
1767708687061035800,43.549035888671874,-0.15048733353614807,-0.44104093313217163,-0.1743178367614746
1767708687071037000,43.559036865234376,-0.37847891449928284,-0.49757814407348633,-0.25561854243278503
1767708687081036800,43.569036865234374,-0.5508866310119629,-0.5216802954673767,-0.3118698298931122
1767708687091038000,43.579037841796875,-0.5479789972305298,-0.5353694558143616,-0.31207287311553955
1767708687101038000,43.5890380859375,-0.3467841148376465,-0.4987432062625885,-0.2972047030925751
1767708687111039000,43.5990390625,-0.09264081716537476,-0.5335630774497986,-0.3340414762496948
1767708687121038800,43.60903881835937,0.032864637672901154,-0.5832768678665161,-0.38617950677871704
1767708687131038700,43.61903881835938,0.052965693175792694,-0.703585684299469,-0.42749983072280884
1767708687141039900,43.62903979492187,-0.04635880887508392,-0.735462486743927,-0.5132135152816772
1767708687151039700,43.63903979492188,-0.26642778515815735,-0.734868586063385,-0.5752172470092773
1767708687161041000,43.649041015625,-0.5487484335899353,-0.7053751349449158,-0.5120734572410583
1767708687171040800,43.65904077148438,-0.6025437712669373,-0.7004914283752441,-0.37477290630340576
1767708687181041700,43.66904174804687,-0.4988032281398773,-0.6817976236343384,-0.1963115632534027
1767708687191041800,43.67904174804688,-0.3707132041454315,-0.5675771236419678,0.047400377690792084
1767708687201042700,43.68904272460937,-0.2548055052757263,-0.3473864197731018,0.3516838550567627
1767708687211042800,43.69904272460938,-0.09855592250823975,-0.21140074729919434,0.5453587770462036
1767708687221043000,43.70904296875,0.029909107834100723,-0.07049448788166046,0.4576305150985718
1767708687231043800,43.7190439453125,0.09087895601987839,0.10557940602302551,0.23356184363365173
1767708687241043700,43.729043701171875,0.14049898087978363,0.2401238977909088,0.12338633835315704
1767708687251044900,43.739044921875,0.19427964091300964,0.34187018871307373,0.2032569795846939
1767708687261044700,43.749044677734375,0.21075208485126495,0.37003976106643677,0.3910537660121918
1767708687271045600,43.75904565429688,0.17049887776374817,0.2578054666519165,0.5476892590522766
1767708687281045800,43.769045654296875,0.13358989357948303,0.04783742502331734,0.6174156069755554
1767708687291045600,43.77904565429687,0.08697712421417236,-0.13061486184597015,0.6330713033676147
1767708687301046800,43.789046875,-0.008472943678498268,-0.308074951171875,0.707888662815094
1767708687311047000,43.799046875,-0.08861704915761948,-0.3808729946613312,0.7118967771530151
1767708687321047800,43.8090478515625,-0.14204378426074982,-0.49131661653518677,0.7077788710594177
1767708687331047700,43.81904760742187,-0.16310591995716095,-0.5134341716766357,0.6905479431152344
1767708687341048800,43.829048828125,-0.12936930358409882,-0.4355240762233734,0.6555311679840088
1767708687351048700,43.83904858398437,-0.036221519112586975,-0.34037119150161743,0.622713029384613
1767708687361048600,43.84904858398438,0.0900094136595726,-0.27596935629844666,0.6093781590461731
1767708687371050000,43.859050048828124,0.18571409583091736,-0.2117011547088623,0.6200771927833557
1767708687381049900,43.8690498046875,0.2367067039012909,-0.1315184235572815,0.6439709067344666
1767708687391050800,43.87905078125,0.27039197087287903,-0.03701535239815712,0.6439216136932373
1767708687401051000,43.88905078125,0.2854766249656677,0.051656994968652725,0.5893841981887817
1767708687411051800,43.8990517578125,0.28177589178085327,0.1577826291322708,0.504188597202301
1767708687421051600,43.9090517578125,0.26660600304603577,0.23646365106105804,0.4388737976551056
1767708687431052800,43.919052734375,0.2315412312746048,0.30409595370292664,0.4310227930545807
1767708687441052700,43.929052734375,0.18276646733283997,0.31677040457725525,0.45333096385002136
1767708687451052500,43.939052490234374,0.12792852520942688,0.27114593982696533,0.46333247423171997
1767708687461054000,43.94905395507813,0.09305736422538757,0.21391847729682922,0.44051802158355713
1767708687471053800,43.9590537109375,0.06663401424884796,0.1542373150587082,0.4085451662540436
1767708687481054700,43.9690546875,0.012452001683413982,0.049772415310144424,0.37670016288757324
1767708687491054800,43.979054931640626,-0.05936941131949425,-0.05218389630317688,0.36299070715904236
1767708687501055700,43.9890556640625,-0.1365659236907959,-0.11414260417222977,0.36353081464767456
1767708687511055600,43.9990556640625,-0.1884259730577469,-0.15340782701969147,0.3411959409713745
1767708687521055700,44.0090556640625,-0.2065383940935135,-0.12334951758384705,0.3045005202293396
1767708687531057000,44.019056884765625,-0.2335849553346634,-0.13114376366138458,0.2686108648777008
1767708687541056800,44.02905688476562,-0.2837783396244049,-0.21140877902507782,0.2802653908729553
1767708687551058000,44.039057861328125,-0.23021729290485382,-0.29095742106437683,0.3772287666797638
1767708687561057800,44.04905786132812,0.029320526868104935,-0.20890969038009644,0.5697183609008789
1767708687571058700,44.05905859375,0.30456092953681946,-0.052581265568733215,0.6711457371711731
1767708687581058800,44.06905883789062,0.4925782382488251,0.018978934735059738,0.6006768941879272
1767708687591058700,44.07905859375,0.5419358611106873,-0.008595390245318413,0.43895724415779114
1767708687601059600,44.0890595703125,0.42792943120002747,0.04334530606865883,0.2626221477985382
1767708687611059700,44.09905981445313,0.2777298092842102,0.11262641847133636,0.12501391768455505
1767708687621060900,44.10906079101562,0.17606283724308014,0.18220309913158417,0.04103858396410942
1767708687631060700,44.11906079101563,0.10124561190605164,0.035510241985321045,0.06429065763950348
1767708687641062000,44.12906176757812,0.03761523216962814,-0.19135379791259766,0.2527657747268677
1767708687651061800,44.13906176757813,-0.015563596971333027,-0.3059435486793518,0.5351328253746033
1767708687661062700,44.14906274414062,0.05256006494164467,-0.13343545794487,0.6237567067146301
1767708687671062800,44.15906274414063,0.251313179731369,0.11236129701137543,0.5444292426109314
1767708687681062700,44.169062744140625,0.26917046308517456,0.07210148870944977,0.48710259795188904
1767708687691063800,44.17906372070313,0.07417052239179611,0.0010743450839072466,0.4424724876880646
1767708687701064000,44.18906396484375,-0.06028395891189575,-0.008658177219331264,0.3265107274055481
1767708687711064800,44.19906494140625,-0.08346403390169144,0.06646250188350677,0.1879354864358902
1767708687721064700,44.209064697265624,-0.07605831325054169,0.15453137457370758,0.20977473258972168
1767708687731065900,44.21906591796875,-0.08570300787687302,0.24813613295555115,0.303523987531662
1767708687741065700,44.229065673828124,-0.11436211317777634,0.3308996558189392,0.23853228986263275
1767708687751065900,44.23906591796875,-0.13301995396614075,0.42505010962486267,-0.03751340135931969
1767708687761066800,44.249066650390624,-0.09649976342916489,0.5433340072631836,-0.31693631410598755
1767708687771066600,44.25906665039062,-0.0033501111902296543,0.6444510221481323,-0.39760294556617737
1767708687781067800,44.26906787109375,0.037312090396881104,0.5291504859924316,-0.3270931839942932
1767708687791068000,44.27906787109375,-0.013690373860299587,0.2808498740196228,-0.26326894760131836
1767708687801068800,44.28906884765625,-0.10787761956453323,0.10969401150941849,-0.2573434114456177
1767708687811068700,44.29906860351562,-0.20225685834884644,-0.017889777198433876,-0.2893034815788269
1767708687821068800,44.30906884765625,-0.28364482522010803,-0.08990032970905304,-0.3240610957145691
1767708687831069700,44.31906958007813,-0.32369211316108704,0.1426793932914734,-0.4298040270805359
1767708687841069800,44.32906982421875,-0.2330181747674942,0.08657154440879822,-0.5446012020111084
1767708687851071000,44.33907104492187,-0.10512039810419083,0.007108412217348814,-0.5342710614204407
1767708687861070800,44.34907080078125,-0.03249493986368179,0.18416772782802582,-0.5110651254653931
1767708687871071700,44.35907177734375,0.0575992688536644,0.5342050790786743,-0.4807911217212677
1767708687881071900,44.36907177734375,0.1351287066936493,0.6030547618865967,-0.4764240086078644
1767708687891071700,44.37907177734375,0.07474152743816376,0.4408680200576782,-0.42435362935066223
1767708687901072600,44.38907275390625,-0.11791025102138519,0.3233288824558258,-0.2990490198135376
1767708687911072800,44.39907275390625,-0.2618221640586853,0.3324691355228424,-0.1957325041294098
1767708687921073700,44.40907373046875,-0.2599705159664154,0.3782232701778412,-0.18980497121810913
1767708687931073800,44.41907373046875,-0.16084179282188416,0.36554181575775146,-0.2269427627325058
1767708687941075000,44.42907495117188,-0.04493436962366104,0.31341683864593506,-0.21807309985160828
1767708687951074800,44.43907470703125,-0.0073901331052184105,0.2582785189151764,-0.15379038453102112
1767708687961075700,44.44907568359375,-0.006020203232765198,0.19539330899715424,-0.07240470498800278
1767708687971075800,44.459075927734375,0.013220658525824547,0.16144056618213654,-0.03298211470246315
1767708687981075700,44.46907568359375,0.024454137310385704,0.14045405387878418,-0.07473834604024887
1767708687991076600,44.47907666015625,0.031757570803165436,0.08438965678215027,-0.15020841360092163
1767708688001076700,44.48907666015625,0.05589619651436806,0.003472704440355301,-0.21384809911251068
1767708688011078000,44.499077880859375,0.10003063827753067,-0.12111222743988037,-0.2511027455329895
1767708688021077800,44.50907788085937,0.15003761649131775,-0.17457278072834015,-0.27245357632637024
1767708688031079000,44.519078857421874,0.2072172611951828,-0.1665581613779068,-0.28887879848480225
1767708688041078800,44.52907885742187,0.29337531328201294,-0.168390154838562,-0.2494160681962967
1767708688051079000,44.53907885742188,0.37262752652168274,-0.1907157152891159,-0.15122994780540466
1767708688061079800,44.54907983398437,0.3137674033641815,-0.21739020943641663,-0.09308914840221405
1767708688071079700,44.55907958984375,0.11449111998081207,-0.2948690950870514,-0.15531332790851593
1767708688081080600,44.56908056640625,-0.07839231193065643,-0.36767566204071045,-0.355164110660553
1767708688091080700,44.57908081054688,-0.2112305909395218,-0.41601380705833435,-0.6106449365615845
1767708688101081900,44.58908178710937,-0.27077487111091614,-0.3562764525413513,-0.768854022026062
1767708688111081700,44.59908178710938,-0.26434704661369324,-0.296467661857605,-0.7219365239143372
1767708688121081900,44.609081787109375,-0.10475020110607147,-0.270805686712265,-0.5555121302604675
1767708688131082000,44.61908203125,0.1258573681116104,-0.252475768327713,-0.4330802857875824
1767708688141082000,44.62908203125,0.31234389543533325,-0.16030296683311462,-0.40510618686676025
1767708688151083000,44.6390830078125,0.36068296432495117,-0.30283674597740173,-0.4758113920688629
1767708688161083000,44.64908276367188,0.18706215918064117,-0.5748102068901062,-0.6581593751907349
1767708688171084000,44.659083984375,-0.15139368176460266,-0.6796888113021851,-0.7939103245735168
1767708688181084000,44.669083984375,-0.48957812786102295,-0.6559011936187744,-0.7365069389343262
1767708688191084000,44.679083984375,-0.5952828526496887,-0.488102525472641,-0.4292089641094208
1767708688201085200,44.68908520507812,-0.38223347067832947,-0.31946665048599243,-0.06788299232721329
1767708688211085000,44.6990849609375,-0.17181718349456787,-0.19755709171295166,0.16385307908058167
1767708688221086000,44.7090859375,-0.06508723646402359,-0.1211349219083786,0.22350072860717773
1767708688231086000,44.71908618164063,0.024235721677541733,-0.026398025453090668,0.17420296370983124
1767708688241087000,44.7290869140625,0.11330544203519821,0.0806218758225441,0.07919955253601074
1767708688251086800,44.7390869140625,0.1457938849925995,0.09833110123872757,0.005891783162951469
1767708688261087000,44.7490869140625,0.16554148495197296,0.038669899106025696,-0.0029304707422852516
1767708688271088000,44.759088134765626,0.2134735882282257,-0.051828041672706604,0.13707324862480164
1767708688281088000,44.769087890625,0.1943800449371338,-0.18561133742332458,0.3684227168560028
1767708688291089200,44.779089111328126,0.10025753080844879,-0.3281634449958801,0.5430811047554016
1767708688301089000,44.789089111328124,0.013359383679926395,-0.44058293104171753,0.551797091960907
1767708688311090000,44.79908984375,-0.049431562423706055,-0.43623825907707214,0.46175265312194824
1767708688321090000,44.809090087890624,-0.09245895594358444,-0.4295523166656494,0.40567076206207275
1767708688331091000,44.819091064453126,-0.11441431939601898,-0.4387093484401703,0.4188624620437622
1767708688341090800,44.8290908203125,-0.10685281455516815,-0.43250709772109985,0.4218086302280426
1767708688351091000,44.83909106445312,-0.03835071995854378,-0.36256903409957886,0.35540351271629333
1767708688361092000,44.84909204101562,0.0900818258523941,-0.25989869236946106,0.22615595161914825
1767708688371092000,44.85909204101562,0.23526166379451752,-0.11628587543964386,0.11686060577630997
1767708688381093000,44.86909301757812,0.342419296503067,-0.009258802980184555,0.1073078140616417
1767708688391093000,44.87909301757813,0.3786902129650116,0.03766156733036041,0.16226321458816528
1767708688401094000,44.88909399414062,0.34723082184791565,0.06794549524784088,0.21596759557724
1767708688411094000,44.89909399414063,0.28780612349510193,0.11009801179170609,0.22677549719810486
1767708688421094000,44.909093994140626,0.20370879769325256,0.13843697309494019,0.22204306721687317
1767708688431095000,44.91909497070313,0.0900193303823471,0.1525947004556656,0.22791609168052673
1767708688441095200,44.92909521484375,0.026185229420661926,0.16858112812042236,0.2802373468875885
1767708688451096000,44.93909594726563,-0.030769968405365944,0.1326448619365692,0.3589369058609009
1767708688461096000,44.949095947265626,-0.07208838313817978,0.0467802919447422,0.41764017939567566
1767708688471097000,44.95909716796875,-0.07376967370510101,-0.023962298408150673,0.4581718146800995
1767708688481097000,44.969096923828126,-0.05929991975426674,-0.09261086583137512,0.48040682077407837
1767708688491097000,44.97909716796875,-0.04153161123394966,-0.18436992168426514,0.4941630959510803
1767708688501098000,44.989097900390625,-0.06282437592744827,-0.29322129487991333,0.5109370350837708
1767708688511097900,44.99909790039062,-0.08136983215808868,-0.36805054545402527,0.5119351744651794
1767708688521099000,45.00909912109375,-0.10432308167219162,-0.3959500789642334,0.47678595781326294
1767708688531099100,45.01909912109375,-0.15231026709079742,-0.37747374176979065,0.4303758144378662
1767708688541100000,45.02910009765625,-0.2130471169948578,-0.31881362199783325,0.3924771845340729
1767708688551100000,45.03909985351562,-0.2847105860710144,-0.243781179189682,0.38705670833587646
1767708688561100000,45.04910009765625,-0.2907082736492157,-0.17297706007957458,0.46825408935546875
1767708688571101000,45.05910083007812,-0.15552794933319092,-0.055960770696401596,0.6345606446266174
1767708688581101000,45.06910107421875,0.12371088564395905,0.16020455956459045,0.784261167049408
1767708688591102200,45.079102294921874,0.3370325267314911,0.2869231700897217,0.8444374799728394
1767708688601102000,45.08910205078125,0.4256127178668976,0.25476762652397156,0.8341773748397827
1767708688611103000,45.09910302734375,0.3829345107078552,0.2901867926120758,0.7862421870231628
1767708688621103000,45.10910302734375,0.2747654318809509,0.430265337228775,0.7100076079368591
1767708688631103000,45.11910302734375,0.1866331398487091,0.49901166558265686,0.6267687082290649
1767708688641104000,45.12910375976563,0.08025211095809937,0.3624538481235504,0.6190343499183655
1767708688651104000,45.13910400390625,-0.033822208642959595,0.15597710013389587,0.760576069355011
1767708688661105000,45.14910498046875,-0.10629534721374512,-0.0544712096452713,0.9213947653770447
1767708688671105000,45.15910498046875,-0.11398422718048096,-0.10354667156934738,0.9084584712982178
1767708688681106200,45.16910620117188,-0.0038524195551872253,-0.027810974046587944,0.7724397778511047
1767708688691106000,45.17910595703125,0.029726579785346985,0.03465906158089638,0.671783983707428
1767708688701106200,45.189106201171874,-0.13996705412864685,0.06006421893835068,0.5629717707633972
1767708688711107000,45.199107177734376,-0.2258494645357132,-0.025868263095617294,0.39159899950027466
1767708688721107000,45.20910693359375,-0.1899694949388504,0.04388004541397095,0.16326189041137695
1767708688731107800,45.21910791015625,-0.11474265158176422,0.21737860143184662,0.0723186731338501
1767708688741108000,45.22910791015625,-0.005604262929409742,0.3753693401813507,0.14649437367916107
1767708688751109000,45.239109130859376,0.02826475352048874,0.4760810136795044,0.16594582796096802
1767708688761109000,45.24910888671875,-0.057893797755241394,0.5634382963180542,-0.04481346160173416
1767708688771109000,45.25910913085937,-0.12158515304327011,0.6492149829864502,-0.3721369802951813
1767708688781110000,45.269110107421874,-0.12417694926261902,0.6701486110687256,-0.5507218837738037
1767708688791110100,45.27911010742187,-0.16054055094718933,0.568056583404541,-0.5054745078086853
1767708688801111000,45.28911108398437,-0.24189743399620056,0.38094696402549744,-0.3994220197200775
1767708688811111000,45.29911083984375,-0.2755557894706726,0.19034799933433533,-0.33286431431770325
1767708688821111800,45.30911181640625,-0.2459190934896469,0.03341878578066826,-0.29501569271087646
1767708688831112000,45.31911181640625,-0.14804072678089142,-0.07438037544488907,-0.27585023641586304
1767708688841112000,45.329112060546876,-0.025778761133551598,-0.12676699459552765,-0.290042519569397
1767708688851113000,45.33911303710938,0.08204597979784012,-0.12511609494686127,-0.32152798771858215
1767708688861113000,45.349113037109376,0.143574059009552,-0.08561060577630997,-0.3623112142086029
1767708688871114000,45.35911401367188,0.1524767428636551,-0.02736487425863743,-0.40237900614738464
1767708688881114000,45.369114013671876,0.13218878209590912,0.036193594336509705,-0.44748708605766296
1767708688891115000,45.37911499023438,0.09402944892644882,0.10666362196207047,-0.48025503754615784
1767708688901115000,45.389114990234376,0.06075671315193176,0.18742504715919495,-0.4910677373409271
1767708688911115000,45.399114990234374,0.03987273573875427,0.28244876861572266,-0.4797828495502472
1767708688921116200,45.4091162109375,0.01855386607348919,0.379898339509964,-0.461159348487854
1767708688931116000,45.41911596679687,0.004680095240473747,0.4788844883441925,-0.4442403316497803
1767708688941117000,45.429116943359375,0.0045701065100729465,0.5424045920372009,-0.45570018887519836
1767708688951117000,45.43911694335937,0.011721217073500156,0.5682563185691833,-0.4830310344696045
1767708688961118000,45.449117919921875,0.017098139971494675,0.5885751247406006,-0.5244530439376831
1767708688971118000,45.4591181640625,0.011889582499861717,0.5994702577590942,-0.5609821677207947
1767708688981118000,45.46911791992188,0.016388993710279465,0.6276941895484924,-0.5849077701568604
1767708688991118800,45.47911889648437,0.025156598538160324,0.665945291519165,-0.5944925546646118
1767708689001119200,45.489119140625,0.03365900740027428,0.6717121005058289,-0.6141658425331116
1767708689011120000,45.4991201171875,0.04338245466351509,0.6312718391418457,-0.6525779962539673
1767708689021120000,45.5091201171875,0.05450461432337761,0.5345714092254639,-0.7024795413017273
1767708689031121000,45.51912084960937,0.08222658187150955,0.44263362884521484,-0.7142425179481506
1767708689041121000,45.52912109375,0.1300859898328781,0.38802605867385864,-0.6622897982597351
1767708689051121000,45.539120849609375,0.18615727126598358,0.31795012950897217,-0.5508108139038086
1767708689061122000,45.5491220703125,0.21328581869602203,0.18683123588562012,-0.4218466579914093
1767708689071122000,45.559121826171875,0.1736994832754135,0.014335066080093384,-0.3832016885280609
1767708689081123000,45.569123046875,0.05842987820506096,-0.09663219749927521,-0.490753710269928
1767708689091123200,45.57912329101563,-0.09439373761415482,-0.19753827154636383,-0.7100416421890259
1767708689101124000,45.5891240234375,-0.26830190420150757,-0.31892648339271545,-0.8986323475837708
1767708689111124000,45.5991240234375,-0.45440569519996643,-0.3730786144733429,-0.9300897717475891
1767708689121124000,45.6091240234375,-0.6021541357040405,-0.249153733253479,-0.7773358821868896
1767708689131125500,45.61912548828125,-0.5443359017372131,-0.065292589366436,-0.5546971559524536
1767708689141125400,45.62912548828125,-0.28660956025123596,0.05009711906313896,-0.3859400749206543
1767708689151126300,45.639126220703126,-0.1246485561132431,0.05763709917664528,-0.2962811291217804
1767708689161126400,45.64912646484375,-0.1591157466173172,-0.06185729801654816,-0.3232267200946808
1767708689171127300,45.659127197265626,-0.2705003321170807,-0.1596352607011795,-0.4251629412174225
1767708689181127400,45.66912744140625,-0.4087037146091461,-0.29375940561294556,-0.5909907221794128
1767708689191127300,45.67912719726562,-0.588154137134552,-0.3398344814777374,-0.7765246629714966
1767708689201128400,45.68912841796875,-0.5696718096733093,-0.378011554479599,-0.8365992903709412
1767708689211128600,45.69912866210937,-0.3058396577835083,-0.4334383010864258,-0.7331120371818542
1767708689221129500,45.70912939453125,-0.07215876877307892,-0.4257046580314636,-0.5148922801017761
1767708689231129300,45.71912939453125,0.1150827556848526,-0.34915661811828613,-0.17644819617271423
1767708689241130200,45.72913012695312,0.2403554916381836,-0.33038923144340515,0.09439648687839508
1767708689251130400,45.73913037109375,0.3012867569923401,-0.28597569465637207,0.1336887627840042
1767708689261131300,45.74913134765625,0.2919084131717682,-0.15257878601551056,-0.015418920665979385
1767708689271131400,45.75913134765625,0.2470187097787857,0.04291721433401108,-0.11664540320634842
1767708689281131500,45.76913159179688,0.17512059211730957,0.1882602870464325,-0.06799458712339401
1767708689291132400,45.77913232421875,0.013038220815360546,0.3241494297981262,0.01492292806506157
1767708689301132500,45.78913256835938,-0.1011030524969101,0.36622002720832825,0.08496835082769394
1767708689311133400,45.79913354492187,-0.11737123876810074,0.3543015718460083,0.14690521359443665
1767708689321133300,45.80913330078125,-0.07854022830724716,0.30618569254875183,0.1987995058298111
1767708689331133400,45.819133544921876,-0.036213815212249756,0.21873703598976135,0.24349507689476013
1767708689341134300,45.82913427734375,-0.03517967090010643,0.10417516529560089,0.27943509817123413
1767708689351134200,45.83913427734375,-0.05793078988790512,-0.012253711000084877,0.31584876775741577
1767708689361135400,45.84913525390625,-0.07098507136106491,-0.1260489821434021,0.3477505147457123
1767708689371135500,45.859135498046875,-0.049874793738126755,-0.21604181826114655,0.37306803464889526
1767708689381136400,45.86913647460938,0.011379508301615715,-0.2676871716976166,0.3948872983455658
1767708689391136500,45.879136474609375,0.10915322601795197,-0.27344614267349243,0.4258086383342743
1767708689401136400,45.88913647460937,0.19747377932071686,-0.20086917281150818,0.4762822091579437
1767708689411137300,45.89913720703125,0.2680041790008545,-0.06465177237987518,0.5373144745826721
1767708689421137400,45.90913745117187,0.34492266178131104,0.09724071621894836,0.5673760175704956
1767708689431138300,45.91913818359375,0.38156160712242126,0.2880916893482208,0.5510386824607849
1767708689441138400,45.92913842773437,0.3689962923526764,0.4327538013458252,0.49568700790405273
1767708689451139300,45.939139404296874,0.3450608253479004,0.5225676894187927,0.427768349647522
1767708689461139500,45.94913940429687,0.3108818233013153,0.588295578956604,0.39788874983787537
1767708689471139300,45.95913940429688,0.2552747428417206,0.6040271520614624,0.3894249498844147
1767708689481140500,45.96914038085937,0.20035268366336823,0.540164053440094,0.3839380145072937
1767708689491140400,45.97914038085938,0.1264031082391739,0.37079477310180664,0.3713974058628082
1767708689501141200,45.98914135742187,0.0191927682608366,0.17996515333652496,0.37399211525917053
1767708689511141400,45.99914135742188,-0.08486174792051315,0.0035855425521731377,0.40298616886138916
1767708689521142500,46.009142578125,-0.17652349174022675,-0.11743089556694031,0.44000887870788574
1767708689531142400,46.01914233398438,-0.2382449358701706,-0.22554560005664825,0.49742192029953003
1767708689541142500,46.029142578125,-0.29533088207244873,-0.3322957456111908,0.5863874554634094
1767708689551143400,46.039143310546876,-0.34690138697624207,-0.4061952531337738,0.6708328127861023
1767708689561143300,46.049143310546874,-0.3898853361606598,-0.4422574043273926,0.6927706003189087
1767708689571144400,46.05914453125,-0.4556766152381897,-0.45192864537239075,0.6575660109519958
1767708689581144300,46.069144287109374,-0.5039253830909729,-0.49224358797073364,0.6137778162956238
1767708689591145200,46.079145263671876,-0.4599318206310272,-0.529552161693573,0.6114376187324524
1767708689601145600,46.0891455078125,-0.26466459035873413,-0.48926597833633423,0.6970643401145935
1767708689611145500,46.0991455078125,0.09581966698169708,-0.34126701951026917,0.7784493565559387
1767708689621146400,46.109146484375,0.5168808698654175,-0.13147853314876556,0.768973708152771
1767708689631146500,46.119146484375,0.7683860659599304,0.09693306684494019,0.6446105241775513
1767708689641147400,46.1291474609375,0.733687162399292,0.26585039496421814,0.4743468761444092
1767708689651147300,46.13914721679687,0.5216793417930603,0.3059062063694,0.2819840908050537
1767708689661148400,46.1491484375,0.29923880100250244,0.25229430198669434,0.16220316290855408
1767708689671148300,46.15914819335938,0.13614040613174438,0.2948518991470337,0.20624572038650513
1767708689681148400,46.1691484375,0.08053432404994965,0.314929723739624,0.2774697542190552
1767708689691149600,46.17914965820312,0.14567844569683075,0.19724516570568085,0.3184347450733185
1767708689701149400,46.1891494140625,0.2544417381286621,-0.10511170327663422,0.3604825735092163
1767708689711150300,46.199150390625,0.20734906196594238,-0.3418528735637665,0.3217061460018158
1767708689721150500,46.209150390625,0.17887721955776215,-0.3889850080013275,0.30058741569519043
1767708689731151400,46.2191513671875,0.2696220576763153,-0.36832261085510254,0.3840048015117645
1767708689741151200,46.229151123046876,0.31112444400787354,-0.3255271911621094,0.36476534605026245
1767708689751151400,46.2391513671875,0.24400852620601654,-0.15575678646564484,0.16980014741420746
1767708689761152500,46.24915258789063,0.1372688114643097,0.11389783769845963,-0.04447107017040253
1767708689771152400,46.25915234375,0.05882006138563156,0.3314487934112549,-0.18510566651821136
1767708689781153500,46.26915356445313,-0.0024047349579632282,0.4386202096939087,-0.23910008370876312
1767708689791153400,46.2791533203125,-0.06810864806175232,0.4783577620983124,-0.27055972814559937
1767708689801154300,46.289154296875,-0.13069984316825867,0.5024004578590393,-0.34911444783210754
1767708689811154400,46.299154541015625,-0.17654934525489807,0.4690004289150238,-0.465787798166275
1767708689821154300,46.309154296875,-0.23160383105278015,0.3352407217025757,-0.5415415167808533
1767708689831155200,46.3191552734375,-0.29186397790908813,0.1582965850830078,-0.5677134990692139
1767708689841155300,46.3291552734375,-0.331173837184906,0.004575727973133326,-0.5774965882301331
1767708689851156500,46.339156494140624,-0.32734471559524536,-0.0881744846701622,-0.5928694605827332
1767708689861156400,46.34915625,-0.2673572599887848,-0.12917067110538483,-0.6079674959182739
1767708689871157500,46.359157470703124,-0.1926037222146988,-0.1285344511270523,-0.6221901178359985
1767708689881157400,46.36915747070312,-0.1370626986026764,-0.12385634332895279,-0.6201032996177673
1767708689891157500,46.37915747070313,-0.09621140360832214,-0.09480725228786469,-0.6296430230140686
1767708689901158400,46.38915844726562,-0.05313956364989281,-0.05249788239598274,-0.675407886505127
1767708689911158300,46.399158203125,-0.029579348862171173,0.01251782663166523,-0.7536712288856506
1767708689921159400,46.40915942382812,-0.052025001496076584,0.0685504674911499,-0.8431366682052612
1767708689931159600,46.41915966796875,-0.12034225463867188,0.09588921070098877,-0.9224165678024292
1767708689941160400,46.42916040039062,-0.20412956178188324,0.14056719839572906,-0.9706168174743652
1767708689951160300,46.43916040039063,-0.24560725688934326,0.16998174786567688,-0.9840919375419617
1767708689961160400,46.449160400390625,-0.24747386574745178,0.19462931156158447,-0.9674050807952881
1767708689971161300,46.459161376953126,-0.2208353728055954,0.19417081773281097,-0.9262945055961609
1767708689981161500,46.469161376953124,-0.20372535288333893,0.17303703725337982,-0.8695542812347412
1767708689991162400,46.479162353515626,-0.19774407148361206,0.1623452603816986,-0.7970894575119019
1767708690001162200,46.489162353515624,-0.2015713006258011,0.15637019276618958,-0.7327038049697876
1767708690011163400,46.499163330078126,-0.21739345788955688,0.1343396008014679,-0.6894488334655762
1767708690021163500,46.50916357421875,-0.24165299534797668,0.07154493033885956,-0.6719087362289429
1767708690031163400,46.51916333007812,-0.23787154257297516,-0.04021427780389786,-0.685232400894165
1767708690041164300,46.529164306640624,-0.19322896003723145,-0.14063489437103271,-0.7415465116500854
1767708690051164400,46.53916430664062,-0.11863790452480316,-0.21210744976997375,-0.7969580888748169
1767708690061165300,46.54916528320312,0.005900032352656126,-0.24531415104866028,-0.824741542339325
1767708690071165400,46.55916552734375,0.14779254794120789,-0.2848189175128937,-0.8031632900238037
1767708690081165300,46.56916528320313,0.24238990247249603,-0.34115225076675415,-0.6962386965751648
1767708690091166500,46.57916650390625,0.2840587794780731,-0.4080747961997986,-0.5179137587547302
1767708690101166600,46.58916650390625,0.26588717103004456,-0.4408438801765442,-0.3616035282611847
1767708690111167500,46.59916748046875,0.15414837002754211,-0.4550403952598572,-0.34555158019065857
1767708690121167400,46.60916748046875,-0.06586593389511108,-0.49009469151496887,-0.51302570104599
1767708690131168000,46.61916796875,-0.3231997489929199,-0.5482608079910278,-0.7570066452026367
1767708690141167900,46.62916796875,-0.49802061915397644,-0.6251164674758911,-0.952910304069519
1767708690151167700,46.63916772460937,-0.4980568289756775,-0.5868827700614929,-1.009774088859558
1767708690161169200,46.649169189453126,-0.3323509395122528,-0.4409959614276886,-0.9437292814254761
1767708690171169000,46.6591689453125,-0.11317600309848785,-0.3154715895652771,-0.9127697348594666
1767708690181170000,46.669169921875,0.07080956548452377,-0.21781007945537567,-0.9443274140357971
1767708690191170000,46.67917016601562,0.12128845602273941,-0.35620471835136414,-1.006029725074768
1767708690201171000,46.6891708984375,0.06225546821951866,-0.5193169116973877,-1.0698223114013672
1767708690211170800,46.6991708984375,-0.09773872047662735,-0.5262962579727173,-1.1311653852462769
1767708690221171000,46.7091708984375,-0.382402628660202,-0.5398197174072266,-1.1490025520324707
1767708690231172000,46.71917211914062,-0.601230263710022,-0.5950486063957214,-1.0629578828811646
1767708690241172000,46.729171875,-0.4522613286972046,-0.562164843082428,-0.8404482007026672
1767708690251173000,46.73917309570312,-0.2731917202472687,-0.44615569710731506,-0.5181481838226318
1767708690261173000,46.74917309570313,-0.16921786963939667,-0.2898283898830414,-0.1542496383190155
1767708690271174000,46.759173828125,-0.05051226168870926,-0.17760011553764343,0.11941306293010712
1767708690281174000,46.76917407226563,0.08903682976961136,-0.14207586646080017,0.15289244055747986
1767708690291174000,46.779173828125,0.17776057124137878,-0.074796162545681,0.023352298885583878
1767708690301174800,46.7891748046875,0.22358238697052002,0.016221359372138977,-0.11084412038326263
1767708690311175000,46.7991748046875,0.25738877058029175,0.135383740067482,-0.12253234535455704
1767708690321176000,46.80917602539063,0.26541393995285034,0.23193824291229248,0.0162484310567379
1767708690331176000,46.819176025390625,0.19729933142662048,0.23144374787807465,0.22190754115581512
1767708690341177000,46.82917700195313,0.09840176999568939,0.14889214932918549,0.33884668350219727
1767708690351177000,46.839177001953125,0.013042453676462173,0.0374177023768425,0.3243040442466736
1767708690361177000,46.84917700195312,-0.04949682578444481,-0.04428807646036148,0.307758092880249
1767708690371178000,46.859177978515625,-0.10177599638700485,-0.11050034314393997,0.33278030157089233
1767708690381177900,46.869177734375,-0.12269698828458786,-0.14326360821723938,0.34482869505882263
1767708690391179000,46.879178955078125,-0.12175000458955765,-0.16729196906089783,0.31292158365249634
1767708690401179100,46.88917919921875,-0.1003270074725151,-0.12412585318088531,0.23365844786167145
1767708690411180000,46.899179931640624,-0.031164444983005524,-0.08675158768892288,0.1481557935476303
1767708690421180000,46.90917993164062,0.08858272433280945,-0.055726557970047,0.10233476758003235
1767708690431180000,46.91917993164063,0.20379769802093506,-0.01370195671916008,0.1195593848824501
1767708690441181000,46.92918090820312,0.2788114845752716,0.012070784345269203,0.18543533980846405
1767708690451181000,46.93918115234375,0.3167141079902649,0.07851911336183548,0.24321675300598145
1767708690461182000,46.94918188476562,0.3095094561576843,0.16195835173130035,0.24834680557250977
1767708690471181800,46.95918188476563,0.23306477069854736,0.17066717147827148,0.2301681637763977
1767708690481183000,46.96918286132812,0.1253976970911026,0.16516028344631195,0.23549795150756836
1767708690491183000,46.97918310546875,0.04341306909918785,0.17412830889225006,0.26126572489738464
1767708690501183000,46.989182861328125,-0.015918098390102386,0.17926296591758728,0.28469473123550415
1767708690511184000,46.99918383789063,-0.07190200686454773,0.17248761653900146,0.3124968111515045
1767708690521184000,47.00918408203125,-0.12914292514324188,0.12957051396369934,0.3412637412548065
1767708690531185000,47.019184814453126,-0.1737479716539383,0.049316465854644775,0.36798006296157837
1767708690541185000,47.02918505859375,-0.19395124912261963,-0.04196657985448837,0.3749285042285919
1767708690551185000,47.03918481445312,-0.21983958780765533,-0.14948388934135437,0.3720344603061676
1767708690561186000,47.04918603515625,-0.2846529483795166,-0.2723560333251953,0.3755466341972351
1767708690571186200,47.059186279296874,-0.3409252464771271,-0.3145082890987396,0.4022224545478821
1767708690581187000,47.06918701171875,-0.379401832818985,-0.2953208088874817,0.4184434413909912
1767708690591187000,47.07918701171875,-0.4170650541782379,-0.30255579948425293,0.40906962752342224
1767708690601187800,47.089187744140624,-0.4320514500141144,-0.3476771414279938,0.39060643315315247
1767708690611188000,47.09918798828125,-0.3823550045490265,-0.372272789478302,0.4202021360397339
1767708690621187800,47.10918774414063,-0.13200268149375916,-0.3153262138366699,0.5313872694969177
1767708690631189000,47.11918896484375,0.19106058776378632,-0.15067119896411896,0.6460544466972351
1767708690641188900,47.12918896484375,0.44090473651885986,-0.007588854990899563,0.655422568321228
1767708690651190000,47.13918994140625,0.5730518698692322,0.09667336940765381,0.5141128897666931
1767708690661190100,47.14919018554688,0.5044387578964233,0.223916158080101,0.30830618739128113
1767708690671191000,47.15919091796875,0.3237254321575165,0.2998519241809845,0.147563636302948
1767708690681191000,47.16919091796875,0.13824695348739624,0.2435569316148758,0.10470705479383469
1767708690691191000,47.17919091796875,0.030609169974923134,0.1791241466999054,0.13968448340892792
1767708690701192000,47.18919189453125,0.02970823086798191,0.16243867576122284,0.1863413006067276
1767708690711191800,47.19919189453125,0.11871346831321716,0.1464163064956665,0.23651951551437378
1767708690721193000,47.20919287109375,0.21811620891094208,0.0756283551454544,0.2460290789604187
1767708690731193000,47.219193115234376,0.20159608125686646,0.014057932421565056,0.23864172399044037
1767708690741194000,47.22919409179688,0.12210292369127274,-0.002854004269465804,0.22546258568763733
1767708690751194000,47.239194091796875,0.1532544493675232,0.007409818470478058,0.15575353801250458
1767708690761194000,47.24919409179687,0.1796952784061432,0.09119534492492676,-0.03068435564637184
1767708690771195000,47.25919482421875,0.10080099105834961,0.30577316880226135,-0.26923567056655884
1767708690781195000,47.26919506835937,0.030211511999368668,0.5015370845794678,-0.4511975049972534
1767708690791196000,47.27919580078125,-0.01771925576031208,0.5788537263870239,-0.5420191884040833
1767708690801195800,47.28919580078125,-0.046003859490156174,0.5793601870536804,-0.5349950790405273
1767708690811196200,47.29919604492188,-0.051558949053287506,0.5738498568534851,-0.4969971179962158
1767708690821197000,47.30919702148437,-0.0357685312628746,0.5808907151222229,-0.5025431513786316
1767708690831197000,47.31919702148438,-0.016744785010814667,0.4933500587940216,-0.5183896422386169
1767708690841198000,47.32919799804687,-0.01940448395907879,0.27004268765449524,-0.513980507850647
1767708690851198000,47.33919799804688,-0.043863456696271896,0.05422686040401459,-0.512843906879425
1767708690861198800,47.34919873046875,-0.06450348347425461,-0.1101226657629013,-0.5265008211135864
1767708690871199000,47.35919897460938,-0.05461808666586876,-0.2169468104839325,-0.5331665277481079
1767708690881198800,47.36919873046875,-0.01205011922866106,-0.22020864486694336,-0.5303052067756653
1767708690891200000,47.37919995117188,0.04820543900132179,-0.16923218965530396,-0.541928231716156
1767708690901200100,47.3892001953125,0.09193111956119537,-0.08327429741621017,-0.5715802907943726
1767708690911201000,47.39920092773438,0.12118247896432877,0.016572674736380577,-0.6074317693710327
1767708690921201000,47.409200927734375,0.13729460537433624,0.10542957484722137,-0.6456018090248108
1767708690931202000,47.4192021484375,0.11630622297525406,0.15353061258792877,-0.6805240511894226
1767708690941202000,47.429201904296875,0.07566558569669724,0.16183540225028992,-0.7104412317276001
1767708690951201800,47.43920190429687,0.03221473842859268,0.17136408388614655,-0.7035309672355652
1767708690961203000,47.449202880859374,-0.012407589703798294,0.19954591989517212,-0.6660549640655518
1767708690971203000,47.459203125,-0.06917093694210052,0.1990991234779358,-0.6239532232284546
1767708690981204000,47.469203857421874,-0.1086467057466507,0.1654045432806015,-0.5889902114868164
1767708690991204000,47.4792041015625,-0.12476474791765213,0.11238531768321991,-0.5606946349143982
1767708691001205000,47.489205078125,-0.10021547228097916,0.08845321089029312,-0.5331357717514038
1767708691011204900,47.49920483398437,-0.05918335169553757,0.08010047674179077,-0.5083044767379761
1767708691021205000,47.509205078125,-0.02549809217453003,0.07129792869091034,-0.48582929372787476
1767708691031206000,47.51920581054687,-0.015595045872032642,0.03332217410206795,-0.4673258662223816
1767708691041205800,47.52920581054688,-0.033885981887578964,-0.0035647153854370117,-0.48441749811172485
1767708691051207200,47.53920727539062,-0.050080396234989166,-0.04073924571275711,-0.5447500348091125
1767708691061207000,47.54920703125,-0.03442521020770073,-0.0980869010090828,-0.6364451050758362
1767708691071207200,47.55920727539063,0.022325953468680382,-0.12980647385120392,-0.7388620376586914
1767708691081208000,47.5692080078125,0.10854364931583405,-0.16257962584495544,-0.804757297039032
1767708691091208000,47.5792080078125,0.1911351978778839,-0.18699201941490173,-0.8243046402931213
1767708691101208800,47.589208740234376,0.25616854429244995,-0.21879713237285614,-0.8094981908798218
1767708691111209000,47.599208984375,0.2933254837989807,-0.255553275346756,-0.7766746878623962
1767708691121209900,47.6092099609375,0.3087097704410553,-0.26559510827064514,-0.7744005918502808
1767708691131210800,47.61921069335938,0.2562265992164612,-0.24567760527133942,-0.8542339205741882
1767708691141211000,47.6292109375,0.13547934591770172,-0.23477433621883392,-1.0347415208816528
1767708691151211800,47.63921166992188,-0.02317420393228531,-0.22592411935329437,-1.2543108463287354
1767708691161211600,47.649211669921876,-0.19746588170528412,-0.23511838912963867,-1.3478060960769653
1767708691171212800,47.659212890625,-0.317156583070755,-0.2642887830734253,-1.2814425230026245
1767708691181212700,47.669212646484375,-0.2884442210197449,-0.22379323840141296,-1.1226290464401245
1767708691191213600,47.67921362304688,-0.12294524908065796,-0.08298499137163162,-1.0231064558029175
1767708691201214000,47.6892138671875,0.05807941406965256,-0.06927832216024399,-1.0097863674163818
1767708691211213800,47.6992138671875,0.030992934480309486,-0.30096665024757385,-1.035922884941101
1767708691221214700,47.709214599609375,-0.2434663474559784,-0.4087439775466919,-1.1002196073532104
1767708691231214800,47.71921484375,-0.569230318069458,-0.49521493911743164,-1.0713807344436646
1767708691241215700,47.7292158203125,-0.7341567277908325,-0.5585182309150696,-0.9304723739624023
1767708691251215600,47.73921557617187,-0.605157196521759,-0.6079832315444946,-0.7358649373054504
1767708691261216800,47.749216796875,-0.27606314420700073,-0.4071284234523773,-0.36284881830215454
1767708691271216600,47.75921655273437,0.021210530772805214,-0.14234399795532227,-0.031216207891702652
1767708691281216500,47.76921655273438,0.20270469784736633,0.013004837557673454,0.06300536543130875
1767708691291218000,47.779218017578124,0.259201318025589,0.07944955676794052,-0.04963070899248123
1767708691301217800,47.7892177734375,0.2103184461593628,0.1173686683177948,-0.23836089670658112
1767708691311218700,47.79921875,0.13757525384426117,0.13270822167396545,-0.356783390045166
1767708691321218800,47.80921875,0.17659775912761688,0.21115189790725708,-0.34000787138938904
1767708691331219700,47.8192197265625,0.25987085700035095,0.2956448793411255,-0.21156421303749084
1767708691341219600,47.82921948242188,0.23488132655620575,0.21369151771068573,-0.06767335534095764
1767708691351219700,47.8392197265625,0.12224479764699936,-0.02831418812274933,0.017086537554860115
1767708691361220900,47.84922094726563,0.02469533123075962,-0.27000272274017334,0.03919769823551178
1767708691371220700,47.859220703125,-0.04586512967944145,-0.4385688602924347,0.036080360412597656
1767708691381222000,47.86922192382813,-0.10997060686349869,-0.5201795697212219,0.07892689108848572
1767708691391221800,47.8792216796875,-0.1456141322851181,-0.49738699197769165,0.06189770996570587
1767708691401222700,47.88922265625,-0.13438250124454498,-0.47777000069618225,0.03842237964272499
1767708691411222800,47.899222900390626,-0.09768840670585632,-0.4568745791912079,0.014305058866739273
1767708691421222700,47.90922265625,-0.016456665471196175,-0.4124855399131775,-0.031832609325647354
1767708691431223600,47.9192236328125,0.12304241210222244,-0.3435323238372803,-0.08935467898845673
1767708691441223700,47.9292236328125,0.2291398048400879,-0.25925445556640625,-0.11668644100427628
1767708691451224800,47.939224853515626,0.26675939559936523,-0.17498372495174408,-0.10297536104917526
1767708691461224700,47.949224609375,0.2511617839336395,-0.07745104283094406,-0.07518234103918076
1767708691471224800,47.95922485351562,0.2142365276813507,0.023529261350631714,-0.05422069877386093
1767708691481225700,47.96922583007812,0.17108400166034698,0.09709828346967697,-0.044373128563165665
1767708691491225600,47.9792255859375,0.14899328351020813,0.14999553561210632,-0.04270997270941734
1767708691501226800,47.98922680664062,0.13221991062164307,0.15271878242492676,-0.04293723776936531
1767708691511226600,47.9992265625,0.1198551207780838,0.14965666830539703,-0.033166367560625076
1767708691521227800,48.00922778320312,0.1055786982178688,0.1530231237411499,-0.006903024856001139
1767708691531228000,48.01922778320313,0.07992419600486755,0.10437064617872238,0.030362054705619812
1767708691541227800,48.029227783203126,0.05011441558599472,-0.0027777720242738724,0.07492177188396454
1767708691551228700,48.03922875976563,0.00873874593526125,-0.07998760789632797,0.13276828825473785
1767708691561228800,48.049228759765626,-0.025065012276172638,-0.1306956261396408,0.1834193915128708
1767708691571229700,48.05922973632813,-0.07620782405138016,-0.16897830367088318,0.19779832661151886
1767708691581229600,48.0692294921875,-0.12480200082063675,-0.20284239947795868,0.178227499127388
1767708691591230700,48.07923071289063,-0.1386275440454483,-0.20185303688049316,0.1329718679189682
1767708691601230600,48.089230712890625,-0.13113290071487427,-0.19415874779224396,0.08614324778318405
1767708691611230700,48.09923071289062,-0.13512790203094482,-0.202987402677536,0.09054625779390335
1767708691621231900,48.10923193359375,-0.12036781013011932,-0.22525988519191742,0.18170836567878723
1767708691631231700,48.11923168945312,0.026142798364162445,-0.1433517038822174,0.3618166148662567
1767708691641232600,48.129232666015625,0.2883240282535553,0.06066431850194931,0.518346905708313
1767708691651232800,48.13923266601562,0.4737229347229004,0.2448250949382782,0.5347615480422974
1767708691661233700,48.149233642578125,0.5810195803642273,0.42459434270858765,0.45569369196891785
1767708691671233500,48.15923364257812,0.5918932557106018,0.6260883212089539,0.3297237753868103
1767708691681233700,48.16923364257813,0.511256217956543,0.5473471879959106,0.3092501163482666
1767708691691234800,48.17923486328125,0.3982756733894348,0.2724381387233734,0.5799678564071655
1767708691701235000,48.18923486328125,0.3880724310874939,0.0883975550532341,0.9813240170478821
1767708691711235800,48.19923583984375,0.44378018379211426,-0.00993167795240879,1.1942729949951172
1767708691721235700,48.20923559570313,0.38214531540870667,-0.028249699622392654,1.0532476902008057
1767708691731236600,48.21923657226562,0.20095959305763245,-0.09739507734775543,0.7727739810943604
1767708691741236700,48.22923681640625,-0.004920866806060076,-0.12213210761547089,0.6023324728012085
1767708691751236600,48.239236572265625,-0.08936598896980286,-0.08709640055894852,0.5410446524620056
1767708691761237500,48.24923754882813,-0.04258756339550018,-0.0032153495121747255,0.4340851604938507
1767708691771237600,48.259237548828125,-0.018205823376774788,0.2482290267944336,0.23446416854858398
1767708691781238800,48.26923876953125,-0.0015333705814555287,0.48381200432777405,0.07684923708438873
1767708691791239000,48.27923901367188,0.07237651944160461,0.6556575894355774,-0.011455975472927094
1767708691801238800,48.28923876953125,0.12350227683782578,0.7629169225692749,-0.12815341353416443
1767708691811239700,48.29923974609375,0.1330779492855072,0.8300189971923828,-0.2907486855983734
1767708691821239800,48.30923974609375,0.1825307160615921,0.8478357791900635,-0.40357697010040283
1767708691831240700,48.31924072265625,0.256181538105011,0.7940728068351746,-0.39938464760780334
1767708691841240600,48.32924047851562,0.2281927764415741,0.6111083030700684,-0.32781514525413513
1767708691851241700,48.33924169921875,0.12942518293857574,0.35678431391716003,-0.27769768238067627
1767708691861241900,48.349241943359374,0.02675553783774376,0.16007257997989655,-0.23384130001068115
1767708691871241700,48.35924169921875,-0.03601061552762985,0.0567549392580986,-0.1922832429409027
1767708691881243000,48.369242919921874,-0.021295849233865738,0.026732059195637703,-0.16234105825424194
1767708691891242800,48.37924267578125,0.027021057903766632,0.06088009849190712,-0.12931057810783386
1767708691901243600,48.38924365234375,0.06981493532657623,0.107713483273983,-0.10197009146213531
1767708691911243800,48.39924389648438,0.08901925384998322,0.14025065302848816,-0.08980530500411987
1767708691921244700,48.40924462890625,0.07159659266471863,0.11158651858568192,-0.0948093831539154
1767708691931244500,48.41924462890625,0.031029390171170235,0.08946103602647781,-0.11631019413471222
1767708691941245000,48.429244873046876,-0.008216547779738903,0.08150990307331085,-0.16606442630290985
1767708691951245800,48.43924584960938,-0.03046911023557186,0.10678493976593018,-0.19664715230464935
1767708691961245700,48.44924560546875,-0.013148976489901543,0.12756532430648804,-0.19594913721084595
1767708691971246600,48.45924658203125,0.03623989596962929,0.13815157115459442,-0.15508930385112762
1767708691981246700,48.469246826171876,0.08582049608230591,0.13031335175037384,-0.09678233414888382
1767708691991247600,48.47924755859375,0.11602579802274704,0.11983486264944077,-0.060375966131687164
1767708692001247700,48.489247802734376,0.13415201008319855,0.11306189000606537,-0.050768908113241196
1767708692011247600,48.49924755859375,0.14219529926776886,0.10375786572694778,-0.06923899054527283
1767708692021248800,48.509248779296875,0.12728479504585266,0.10543002933263779,-0.1101062223315239
1767708692031249000,48.51924877929687,0.09578358381986618,0.10569793730974197,-0.16291670501232147
1767708692041249800,48.529249755859375,0.06319692730903625,0.11065223813056946,-0.235601007938385
1767708692051249700,48.53924975585937,0.03686198964715004,0.096553735435009,-0.3349326252937317
1767708692061249800,48.54924975585938,0.029730305075645447,0.05375085398554802,-0.4451487362384796
1767708692071250700,48.55925073242187,0.05298928916454315,-0.01526603102684021,-0.5375415086746216
1767708692081250600,48.56925048828125,0.12016748636960983,-0.08174853026866913,-0.5841425657272339
1767708692091251700,48.57925170898437,0.20433534681797028,-0.13578194379806519,-0.595039963722229
1767708692101251800,48.589251953125,0.2809728980064392,-0.1807369738817215,-0.5982652902603149
1767708692111252700,48.59925268554687,0.3399536609649658,-0.20757630467414856,-0.5843494534492493
1767708692121252900,48.6092529296875,0.3600141704082489,-0.21151645481586456,-0.5741924047470093
1767708692131252500,48.61925244140625,0.28451967239379883,-0.16726510226726532,-0.6111711859703064
1767708692141253400,48.62925341796875,0.1434747278690338,-0.1421836018562317,-0.7224579453468323
1767708692151253500,48.63925341796875,-0.007064718287438154,-0.16300205886363983,-0.8890058994293213
1767708692161254400,48.64925439453125,-0.12854509055614471,-0.17619898915290833,-1.0089951753616333
1767708692171254300,48.65925415039062,-0.16292516887187958,-0.11557159572839737,-0.9872948527336121
1767708692181255700,48.66925561523438,-0.06375205516815186,0.04689226672053337,-0.8212940096855164
1767708692191255600,48.679255615234375,0.10331922769546509,0.1989329308271408,-0.6080129146575928
1767708692201255700,48.68925561523437,0.18393640220165253,0.16895791888237,-0.4661627411842346
1767708692211256600,48.699256591796875,0.044242411851882935,0.026578396558761597,-0.49008750915527344
1767708692221256400,48.70925634765625,-0.2570284605026245,-0.13937275111675262,-0.6656758189201355
1767708692231257300,48.71925732421875,-0.6909277439117432,-0.21685154736042023,-0.8687875270843506
1767708692241257500,48.72925756835937,-0.9822767376899719,-0.2942022681236267,-0.98553067445755
1767708692251258400,48.73925830078125,-0.776892364025116,-0.3470434844493866,-0.7865785360336304
1767708692261258200,48.74925830078125,-0.45767900347709656,-0.2143525332212448,-0.3059679865837097
1767708692271258600,48.75925854492188,-0.17950309813022614,-0.09095661342144012,0.14261072874069214
1767708692281259500,48.76925952148437,0.04863898828625679,-0.09230949729681015,0.42445704340934753
1767708692291259600,48.779259765625,0.14329417049884796,-0.11586540192365646,0.49238821864128113
1767708692301260500,48.78926049804687,0.103417307138443,-0.03630289062857628,0.3519189953804016
1767708692311260400,48.79926049804688,-0.023538514971733093,0.15756617486476898,0.11295303702354431
1767708692321260500,48.809260498046875,-0.14320924878120422,0.3635731339454651,-0.08639761805534363
1767708692331261400,48.81926147460938,-0.20343421399593353,0.5378094911575317,-0.1676824986934662
1767708692341261300,48.82926123046875,-0.19403351843357086,0.6440853476524353,-0.09902752935886383
1767708692351262500,48.83926245117188,-0.16130752861499786,0.5675057768821716,0.07738792896270752
1767708692361262600,48.8492626953125,-0.12209141999483109,0.39594516158103943,0.2693978548049927
1767708692371263500,48.859263427734376,-0.08405490964651108,0.20151923596858978,0.39572903513908386
1767708692381263600,48.869263671875,-0.06617897003889084,0.04530246555805206,0.4522165358066559
1767708692391263500,48.87926342773437,-0.07989366352558136,-0.06323650479316711,0.45942309498786926
1767708692401264400,48.889264404296874,-0.10834820568561554,-0.11726298928260803,0.46442529559135437
1767708692411264500,48.89926440429687,-0.1024080291390419,-0.12465459108352661,0.5072404146194458
1767708692421265400,48.909265380859374,-0.04604089632630348,-0.10207577794790268,0.5840592980384827
1767708692431265500,48.919265625,0.05102868005633354,-0.10720085352659225,0.674054741859436
1767708692441266400,48.929266357421874,0.14183421432971954,-0.08081585168838501,0.7498483061790466
1767708692451266600,48.9392666015625,0.2086329609155655,-0.04539567977190018,0.814399778842926
1767708692461266400,48.94926635742188,0.25697389245033264,-0.02254658192396164,0.8678916096687317
1767708692471267600,48.959267578125,0.28710702061653137,0.017865289002656937,0.903218150138855
1767708692481267500,48.96926733398438,0.29648342728614807,0.06622958183288574,0.9148346781730652
1767708692491268400,48.97926831054688,0.2920551300048828,0.13049167394638062,0.8944383263587952
1767708692501268500,48.9892685546875,0.26500943303108215,0.19752754271030426,0.8741316199302673
1767708692511269600,48.99926953125,0.20920661091804504,0.21004413068294525,0.8693416714668274
1767708692521269500,49.00926953125,0.13998593389987946,0.1873309165239334,0.891157329082489
1767708692531269600,49.01926953125,0.06653382629156113,0.1305808126926422,0.9354193210601807
1767708692541270500,49.0292705078125,-0.0018907542107626796,0.09232282638549805,0.9771851301193237
1767708692551270400,49.0392705078125,-0.046868082135915756,0.07058797031641006,0.9938666224479675
1767708692561271600,49.049271484375,-0.07437403500080109,0.038980308920145035,0.9907003045082092
1767708692571271400,49.059271484375,-0.10010869055986404,-0.002944772597402334,0.9930531978607178
1767708692581272300,49.069272216796875,-0.13108573853969574,-0.05399228632450104,1.0642950534820557
1767708692591272700,49.079272705078125,-0.16945630311965942,-0.10278405249118805,1.1984449625015259
1767708692601272600,49.0892724609375,-0.21042604744434357,-0.13687431812286377,1.3057100772857666
1767708692611273500,49.0992734375,-0.25376394391059875,-0.16585351526737213,1.2814213037490845
1767708692621273600,49.10927368164062,-0.30152595043182373,-0.17333762347698212,1.127695918083191
1767708692631274500,49.1192744140625,-0.3050626218318939,-0.1831045001745224,0.9713864922523499
1767708692641274400,49.1292744140625,-0.22740507125854492,-0.18951676785945892,0.9762111306190491
1767708692651274500,49.1392744140625,0.038527537137269974,-0.1527869701385498,1.1369781494140625
1767708692661275400,49.149275390625,0.3272266983985901,-0.08784525841474533,1.2866456508636475
1767708692671275300,49.159275146484376,0.5314712524414062,-0.05809783563017845,1.2802367210388184
1767708692681276700,49.16927661132812,0.6202313899993896,0.0239991657435894,1.1532984972000122
1767708692691276500,49.17927661132813,0.5753424763679504,0.2096719890832901,1.0130906105041504
1767708692701277400,49.18927734375,0.4416521191596985,0.2797388434410095,0.9194055795669556
1767708692711277600,49.19927758789063,0.2663615047931671,0.14509820938110352,0.9943773150444031
1767708692721277400,49.20927734375,0.11177514493465424,-0.03218230605125427,1.2466609477996826
1767708692731278300,49.2192783203125,0.05762959271669388,-0.1964404433965683,1.4380635023117065
1767708692741278500,49.229278564453125,0.09237771481275558,-0.16777046024799347,1.3775633573532104
1767708692751279600,49.23927954101563,0.17207473516464233,-0.05562896281480789,1.0943245887756348
1767708692761279500,49.249279541015625,0.09232237935066223,-0.0014205877669155598,0.6747046709060669
1767708692771280600,49.25928076171875,-0.011217641644179821,-0.08736918866634369,0.4422112703323364
1767708692781280500,49.269280517578125,-0.05109049007296562,-0.13806192576885223,0.42945870757102966
1767708692791280400,49.2792802734375,-0.07865127176046371,-0.064374640583992,0.4466082751750946
1767708692801281500,49.289281494140624,-0.09133302420377731,0.10407748818397522,0.4839059114456177
1767708692811281400,49.29928149414062,-0.08711723983287811,0.28761881589889526,0.5270459055900574
1767708692821282300,49.3092822265625,-0.14729535579681396,0.4012910723686218,0.5177373290061951
1767708692831282400,49.31928247070312,-0.26714766025543213,0.4803810119628906,0.3932974934577942
1767708692841283600,49.32928369140625,-0.35640615224838257,0.5574797987937927,0.19527122378349304
1767708692851283500,49.33928344726562,-0.36687031388282776,0.6522032618522644,0.024653809145092964
1767708692861283600,49.34928369140625,-0.3641171455383301,0.6853063106536865,-0.018619628623127937
1767708692871284500,49.35928442382812,-0.42596766352653503,0.6112805008888245,0.0002509301993995905
1767708692881284400,49.36928442382813,-0.5177505612373352,0.43512091040611267,-0.029125068336725235
1767708692891285500,49.37928540039063,-0.5822312831878662,0.24084804952144623,-0.10623589903116226
1767708692901285400,49.38928540039063,-0.543444037437439,0.11281474679708481,-0.1674300879240036
1767708692911286500,49.39928662109375,-0.416027694940567,0.056835368275642395,-0.1872575879096985
1767708692921286700,49.40928662109375,-0.2480728030204773,0.04945681244134903,-0.19646626710891724
1767708692931286500,49.41928662109375,-0.07280855625867844,0.032038614153862,-0.20235972106456757
1767708692941287400,49.429287353515626,0.03948015347123146,0.02014274336397648,-0.19731949269771576
1767708692951287600,49.43928759765625,0.05602770298719406,0.001225512009114027,-0.19394633173942566
1767708692961288400,49.449288330078126,0.0570080392062664,-0.0004036063328385353,-0.2263190746307373
1767708692971288300,49.459288330078124,0.03789905831217766,0.033982597291469574,-0.2898807227611542
1767708692981289500,49.46928955078125,-0.015731889754533768,0.12810632586479187,-0.3524468243122101
1767708692991289300,49.479289306640624,-0.09005618840456009,0.21962718665599823,-0.41707026958465576
1767708693001289500,49.48928955078125,-0.12356043606996536,0.27802273631095886,-0.4946788251399994
1767708693011290600,49.49929052734375,-0.0795556977391243,0.28433817625045776,-0.5792315602302551
1767708693021290500,49.50929052734375,0.018159687519073486,0.31542301177978516,-0.6416246891021729
1767708693031291400,49.51929150390625,0.11147738248109818,0.38124728202819824,-0.6773605942726135
1767708693041291500,49.52929150390625,0.14469128847122192,0.4099169373512268,-0.6789444088935852
1767708693051292400,49.53929248046875,0.12900632619857788,0.4171617925167084,-0.6561072468757629
1767708693061292300,49.54929223632813,0.09572727233171463,0.3912309408187866,-0.6352761387825012
1767708693071293700,49.559293701171875,0.07581508159637451,0.3532204329967499,-0.6027792096138
1767708693081293600,49.56929345703125,0.08052618056535721,0.30440807342529297,-0.5796656608581543
1767708693091293700,49.57929370117188,0.11008460074663162,0.2569122016429901,-0.5951229333877563
1767708693101294600,49.58929467773437,0.15630029141902924,0.2095526158809662,-0.6575114130973816
1767708693111294500,49.59929443359375,0.19872310757637024,0.14709801971912384,-0.7036069631576538
1767708693121295400,49.60929541015625,0.270211398601532,0.03129018098115921,-0.6692342162132263
1767708693131295500,49.61929541015625,0.3687363862991333,-0.1349262297153473,-0.5337597131729126
1767708693141296000,49.62929614257813,0.43107032775878906,-0.2770511507987976,-0.35007140040397644
1767708693151296300,49.639296142578125,0.3656798005104065,-0.36192548274993896,-0.2248966544866562
1767708693161296100,49.64929614257812,0.16870708763599396,-0.3950357735157013,-0.2615276277065277
1767708693171297000,49.659297119140625,-0.1255050003528595,-0.3369866907596588,-0.424768328666687
1767708693181297200,49.66929711914062,-0.40912047028541565,-0.28671687841415405,-0.5507350564002991
1767708693191298300,49.67929833984375,-0.5688086748123169,-0.30517154932022095,-0.5385524034500122
1767708693201298200,49.68929809570312,-0.5481905341148376,-0.21283169090747833,-0.40969011187553406
1767708693211299000,49.699299072265624,-0.35645729303359985,-0.08712463080883026,-0.3224308490753174
1767708693221299200,49.70929931640625,-0.19848577678203583,-0.009428505785763264,-0.3470134139060974
1767708693231299000,49.71929907226563,-0.18457499146461487,-0.11199036240577698,-0.43570640683174133
1767708693241300200,49.72930029296875,-0.2826871871948242,-0.18531250953674316,-0.48108533024787903
1767708693251300000,49.73930004882813,-0.4464179277420044,-0.2494320422410965,-0.378092885017395
1767708693261301000,49.74930102539062,-0.6196480393409729,-0.358047217130661,-0.1841937154531479
1767708693271301000,49.75930102539063,-0.5511905550956726,-0.5301218032836914,-0.052309371531009674
1767708693281302300,49.76930224609375,-0.35592755675315857,-0.6586140394210815,0.06565215438604355
1767708693291302100,49.77930224609375,-0.16099852323532104,-0.6976767182350159,0.24433302879333496
1767708693301302300,49.78930224609375,-0.04172329232096672,-0.5864391922950745,0.45585691928863525
1767708693311303200,49.79930322265625,0.044350605458021164,-0.4525034427642822,0.6393558979034424
1767708693321303000,49.809302978515625,0.12805454432964325,-0.38226255774497986,0.71709805727005
1767708693331304200,49.81930419921875,0.1456548422574997,-0.30658021569252014,0.6742104887962341
1767708693341304000,49.829303955078124,0.1466069221496582,-0.18552222847938538,0.5762509107589722
1767708693351305200,49.83930517578125,0.17693768441677094,-0.03663003817200661,0.5697922110557556
1767708693361305300,49.849305419921876,0.2019013613462448,0.06929266452789307,0.7156045436859131
1767708693371306200,49.85930615234375,0.18893787264823914,0.14582175016403198,0.8832295536994934
1767708693381306000,49.86930615234375,0.17782743275165558,0.16925570368766785,0.9963201284408569
1767708693391306200,49.87930615234375,0.1849842369556427,0.14046862721443176,1.0402414798736572
1767708693401307100,49.88930712890625,0.18050791323184967,0.09921924769878387,1.0220516920089722
1767708693411307000,49.89930712890625,0.16047482192516327,0.05971897020936012,0.9948349595069885
1767708693421308200,49.90930810546875,0.13884221017360687,0.003952606115490198,0.9750946164131165
1767708693431308000,49.91930810546875,0.1283421665430069,-0.055585555732250214,0.9676724076271057
1767708693441309200,49.92930908203125,0.15795177221298218,-0.13453923165798187,0.9900407195091248
1767708693451309300,49.93930932617187,0.22218428552150726,-0.20217500627040863,1.0482432842254639
1767708693461309200,49.94930908203125,0.28629618883132935,-0.24150289595127106,1.1097956895828247
1767708693471310000,49.95931005859375,0.3456420600414276,-0.22912107408046722,1.155948519706726
1767708693481310200,49.96931030273438,0.37186774611473083,-0.16314885020256042,1.1799649000167847
1767708693491311000,49.97931103515625,0.3532562553882599,-0.06813871115446091,1.175289511680603
1767708693501311000,49.98931103515625,0.31132084131240845,0.05591173097491264,1.1343103647232056
1767708693511312100,49.99931201171875,0.25987231731414795,0.12763093411922455,1.064257025718689
1767708693521312300,50.00931225585938,0.18729983270168304,0.11259635537862778,0.9699192047119141
1767708693531313200,50.01931323242187,0.07133568823337555,0.004484265111386776,0.867483377456665
1767708693541313300,50.02931323242188,-0.048409875482320786,-0.12909162044525146,0.7732558250427246
1767708693551313200,50.039313232421875,-0.1176731064915657,-0.153705894947052,0.7179627418518066
1767708693561314000,50.04931396484375,-0.11999411135911942,-0.10972020030021667,0.6798581480979919
1767708693571314200,50.059314208984375,-0.1202487051486969,-0.10876280069351196,0.6267938613891602
1767708693581315000,50.06931518554688,-0.12646210193634033,-0.19240805506706238,0.5544463992118835
1767708693591315000,50.07931494140625,-0.14829549193382263,-0.3262771964073181,0.4815964698791504
1767708693601316000,50.08931616210938,-0.17820654809474945,-0.46017491817474365,0.45069897174835205
1767708693611316200,50.099316162109375,-0.18312408030033112,-0.5229676961898804,0.4569030702114105
1767708693621317000,50.10931713867188,-0.16786310076713562,-0.5193513631820679,0.4505484998226166
1767708693631317200,50.119317138671875,-0.1638035923242569,-0.4704911708831787,0.4284393787384033
1767708693641317000,50.12931713867187,-0.20417338609695435,-0.40703895688056946,0.41774147748947144
1767708693651318000,50.139318115234374,-0.2463454157114029,-0.385868102312088,0.44488704204559326
1767708693661318100,50.14931811523437,-0.17399479448795319,-0.3662984073162079,0.5079634189605713
1767708693671319300,50.1593193359375,0.11749067902565002,-0.17161895334720612,0.5928274989128113
1767708693681319200,50.16931909179687,0.4281843900680542,0.013229181990027428,0.6144470572471619
1767708693691320000,50.179320068359374,0.5824645161628723,0.10522959381341934,0.5577938556671143
1767708693701320200,50.1893203125,0.5561997890472412,0.15544481575489044,0.4117969572544098
1767708693711321000,50.199321044921874,0.40024271607398987,0.29914313554763794,0.2195633500814438
1767708693721321200,50.2093212890625,0.2667333781719208,0.3949492871761322,0.052377015352249146
1767708693731321000,50.21932104492188,0.15663227438926697,0.269412636756897,-0.012947543524205685
1767708693741322000,50.22932202148438,0.011059907265007496,0.16213040053844452,0.12744072079658508
1767708693751322000,50.23932202148438,-0.10665243119001389,0.13131274282932281,0.41064825654029846
1767708693761323300,50.2493232421875,-0.05585929751396179,0.055799081921577454,0.5923338532447815
1767708693771323100,50.2593232421875,0.15234559774398804,0.12241505831480026,0.5947079658508301
1767708693781324000,50.26932397460938,0.3211362361907959,0.20213891565799713,0.4360176622867584
1767708693791324200,50.27932421875,0.27917778491973877,0.16108135879039764,0.2635042071342468
1767708693801325000,50.28932495117188,0.15476274490356445,-0.005837053991854191,0.2109972983598709
1767708693811325200,50.2993251953125,0.042474549263715744,-0.05960867181420326,0.291930228471756
1767708693821325000,50.309324951171874,-0.01026483066380024,0.03395669907331467,0.41933584213256836
1767708693831326200,50.319326171875,-0.06664533168077469,0.16954275965690613,0.47761520743370056
1767708693841326300,50.329326416015626,-0.16564755141735077,0.30270376801490784,0.43690985441207886
1767708693851327200,50.3393271484375,-0.3053593933582306,0.43570274114608765,0.28969690203666687
1767708693861327000,50.3493271484375,-0.3762891888618469,0.578959584236145,0.0502791702747345
1767708693871328000,50.359327880859375,-0.31744852662086487,0.7272217869758606,-0.14564400911331177
1767708693881328000,50.369328125,-0.20720750093460083,0.7746611833572388,-0.18547238409519196
1767708693891329000,50.3793291015625,-0.1841644048690796,0.647605299949646,-0.12297320365905762
1767708693901329200,50.3893291015625,-0.2318773716688156,0.40340083837509155,-0.08996471762657166
1767708693911329000,50.3993291015625,-0.25401461124420166,0.1627916842699051,-0.10322033613920212
1767708693921330200,50.409330078125,-0.2352609783411026,0.024676144123077393,-0.13029088079929352
1767708693931330300,50.41933032226562,-0.15947645902633667,-0.04299238324165344,-0.15392111241817474
1767708693941331200,50.429331298828124,-0.03885364904999733,-0.05871863663196564,-0.15525731444358826
1767708693951331000,50.4393310546875,0.051796626299619675,-0.013790574856102467,-0.13170193135738373
1767708693961332000,50.44933203125,0.07980211079120636,0.007677707355469465,-0.11192867904901505
1767708693971332000,50.45933203125,0.06381755322217941,0.016364406794309616,-0.1530875712633133
1767708693981333200,50.469333251953124,0.020490121096372604,0.03420136868953705,-0.22691072523593903
1767708693991333000,50.4793330078125,-0.04454187676310539,0.12060868740081787,-0.3054486811161041
1767708694001333200,50.48933325195313,-0.1310412585735321,0.23161916434764862,-0.3729296028614044
1767708694011334100,50.49933422851562,-0.1919535994529724,0.3409930467605591,-0.4425875246524811
1767708694021334300,50.50933422851563,-0.2304086834192276,0.4217506945133209,-0.5200769901275635
1767708694031335200,50.51933520507812,-0.23664820194244385,0.4637775123119354,-0.5682562589645386
1767708694041335000,50.5293349609375,-0.1826365441083908,0.49375638365745544,-0.5776187777519226
1767708694051336000,50.5393359375,-0.11526469141244888,0.5574786067008972,-0.5559534430503845
1767708694061336000,50.549336181640626,-0.06287266314029694,0.6277527809143066,-0.524271547794342
1767708694071337200,50.55933715820313,-0.00855269655585289,0.671208918094635,-0.49293947219848633
1767708694081337000,50.569337158203126,0.03773117810487747,0.6448646783828735,-0.46248090267181396
1767708694091338200,50.57933813476563,0.046637073159217834,0.559048056602478,-0.42216119170188904
1767708694101338000,50.589338134765626,0.03332919627428055,0.42458024621009827,-0.3772262632846832
1767708694111338200,50.599338134765624,0.004129499662667513,0.30468714237213135,-0.3648476004600525
1767708694121339100,50.609339111328126,-0.010958905331790447,0.1793486475944519,-0.41998544335365295
1767708694131339000,50.619339111328124,-0.001776786637492478,0.09963907301425934,-0.4866260588169098
1767708694141340200,50.629340087890625,0.030307646840810776,0.03513198718428612,-0.48452696204185486
1767708694151340300,50.63934033203125,0.07847030460834503,-0.05981400981545448,-0.38107457756996155
1767708694161341200,50.649341064453125,0.09395072609186172,-0.185220405459404,-0.19188469648361206
1767708694171341000,50.65934106445312,0.05879595875740051,-0.28661033511161804,0.013116732239723206
1767708694181342200,50.66934228515625,-0.04886658489704132,-0.37659987807273865,0.14243531227111816
1767708694191342000,50.67934204101562,-0.24998076260089874,-0.43074917793273926,0.1596284806728363
1767708694201343200,50.68934326171875,-0.5159061551094055,-0.4805167615413666,0.09170909225940704
1767708694211343400,50.69934326171875,-0.7404098510742188,-0.49161601066589355,0.0612955279648304
1767708694221343200,50.70934326171875,-0.725084125995636,-0.3942553699016571,0.17568761110305786
1767708694231344000,50.71934423828125,-0.4722103774547577,-0.3426240086555481,0.21918299794197083
1767708694241344300,50.72934423828125,-0.19305621087551117,-0.21850845217704773,0.08718554675579071
1767708694251345200,50.73934521484375,-0.023682838305830956,-0.30157041549682617,-0.10693855583667755
1767708694261345000,50.74934497070313,-0.01113428920507431,-0.47483062744140625,-0.2639335095882416
1767708694271346400,50.759346435546874,-0.11635608226060867,-0.4585641324520111,-0.3207085430622101
1767708694281346300,50.76934619140625,-0.23964819312095642,-0.3968016803264618,-0.2564272880554199
1767708694291347200,50.77934716796875,-0.47607940435409546,-0.36039435863494873,-0.11279846727848053
1767708694301347300,50.78934741210937,-0.607698380947113,-0.45385950803756714,0.023554766550660133
1767708694311348200,50.79934814453125,-0.558157742023468,-0.5140834450721741,0.13286074995994568
1767708694321348000,50.80934814453125,-0.3971076011657715,-0.49130168557167053,0.2760429382324219
1767708694331348200,50.81934814453125,-0.19257020950317383,-0.4147087335586548,0.4446980953216553
1767708694341349000,50.82934912109375,-0.00495880376547575,-0.33400681614875793,0.5850521326065063
1767708694351349000,50.839348876953125,0.1336968094110489,-0.2710510194301605,0.6049917340278625
1767708694361350400,50.84935034179688,0.22625479102134705,-0.21049197018146515,0.49531981348991394
1767708694371350300,50.859350341796876,0.2836984097957611,-0.13785292208194733,0.3421174883842468
1767708694381351200,50.86935107421875,0.3152645528316498,-0.01254301704466343,0.31438687443733215
1767708694391351300,50.879351318359376,0.2916114032268524,0.12168217450380325,0.41730019450187683
1767708694401352200,50.88935229492188,0.22987931966781616,0.21690212190151215,0.5005980730056763
1767708694411352000,50.89935205078125,0.16774004697799683,0.22456856071949005,0.5121297836303711
1767708694421353200,50.90935327148438,0.11969530582427979,0.2075081318616867,0.5053318738937378
1767708694431353300,50.919353271484376,0.07962299138307571,0.16965343058109283,0.5271429419517517
1767708694441354200,50.92935424804688,0.04946190118789673,0.10195815563201904,0.5677239894866943
1767708694451354400,50.939354248046875,0.009533392265439034,0.032171618193387985,0.6006219983100891
1767708694461354200,50.94935424804687,-0.027605412527918816,-0.09454815089702606,0.6167498230934143
1767708694471355100,50.959355224609375,-0.024538781493902206,-0.19053858518600464,0.6218721866607666
1767708694481355300,50.96935522460937,0.011224744841456413,-0.26371535658836365,0.6324477791786194
1767708694491356200,50.979356201171875,0.06876686215400696,-0.32766449451446533,0.6658015251159668
1767708694501356000,50.98935595703125,0.12221576273441315,-0.3247845768928528,0.7227701544761658
1767708694511357200,50.999357177734375,0.14834776520729065,-0.2590295374393463,0.780368983745575
1767708694521357300,51.009357421875,0.1726539134979248,-0.17117474973201752,0.7973140478134155
1767708694531358200,51.019358154296874,0.18795084953308105,-0.07036185264587402,0.7937672138214111
1767708694541358300,51.0293583984375,0.1910686045885086,-0.027589622884988785,0.7738824486732483
1767708694551359200,51.039359130859374,0.18487484753131866,0.02190539799630642,0.7159134149551392
1767708694561359000,51.04935913085937,0.1562408059835434,0.054013267159461975,0.6375626921653748
1767708694571359200,51.05935913085938,0.1239728331565857,0.07539567351341248,0.5527637600898743
1767708694581360400,51.0693603515625,0.0846824198961258,0.11370258033275604,0.4742700159549713
1767708694591360300,51.0793603515625,0.03660810366272926,0.13239210844039917,0.4050517976284027
1767708694601361200,51.08936108398437,-0.00643728906288743,0.12078423798084259,0.36314937472343445
1767708694611361300,51.099361328125,-0.061510659754276276,0.09122395515441895,0.35961535573005676
1767708694621362200,51.10936206054687,-0.11182629317045212,0.027625268325209618,0.35978686809539795
1767708694631362300,51.1193623046875,-0.14398683607578278,-0.07118412852287292,0.37059321999549866
1767708694641363200,51.12936328125,-0.18954765796661377,-0.15757441520690918,0.4221014082431793
1767708694651363000,51.139363037109376,-0.28647249937057495,-0.24567678570747375,0.477326899766922
1767708694661364200,51.1493642578125,-0.40004727244377136,-0.31783488392829895,0.45550787448883057
1767708694671364400,51.1593642578125,-0.4910545349121094,-0.3497791886329651,0.3513467013835907
1767708694681365200,51.169365234375,-0.5304155349731445,-0.34781643748283386,0.22869053483009338
1767708694691365000,51.179365234375,-0.4874737560749054,-0.3057653307914734,0.1885645091533661
1767708694701365200,51.189365234375,-0.2876245081424713,-0.20929734408855438,0.27498653531074524
1767708694711366100,51.1993662109375,0.022695794701576233,-0.12198879569768906,0.40002354979515076
1767708694721366300,51.2093662109375,0.3887835144996643,-0.08377429842948914,0.41104692220687866
1767708694731367200,51.2193671875,0.70589280128479,0.01683630608022213,0.31083816289901733
1767708694741367300,51.2293671875,0.7843958735466003,0.0805436447262764,0.14609503746032715
1767708694751368200,51.2393681640625,0.6188120245933533,0.09574788063764572,-0.010414483956992626
1767708694761368300,51.249368408203125,0.3848053812980652,0.11397401988506317,-0.12166669964790344
1767708694771369200,51.259369140625,0.23264099657535553,0.1324738711118698,-0.2567506432533264
1767708694781369000,51.269369140625,0.07138258963823318,0.15805140137672424,-0.3399355411529541
1767708694791370200,51.27937036132813,-0.0907239317893982,0.09750595688819885,-0.22031427919864655
1767708694801370000,51.2893701171875,-0.08053488284349442,0.0058482130989432335,0.08750563114881516
1767708694811370200,51.29937036132812,0.08668047189712524,0.03349262475967407,0.3681151866912842
1767708694821371400,51.309371337890624,0.2727077901363373,0.14134730398654938,0.38309404253959656
1767708694831371300,51.31937133789062,0.30193519592285156,0.12394754588603973,0.06906074285507202
1767708694841372200,51.3293720703125,0.14400283992290497,-0.043274931609630585,-0.3202223777770996
1767708694851372300,51.33937231445312,0.0325266569852829,-0.17403241991996765,-0.4744684100151062
1767708694861373200,51.349373291015624,0.03824867308139801,-0.1341470181941986,-0.40126749873161316
1767708694871373000,51.359373046875,0.03233965486288071,0.04048045352101326,-0.14019277691841125
1767708694881374200,51.369374267578124,-0.0568099245429039,0.1666686236858368,0.10579734295606613
1767708694891374000,51.3793740234375,-0.19662988185882568,0.34114164113998413,0.10238876193761826
1767708694901375200,51.38937524414062,-0.318464994430542,0.5447615385055542,-0.13963714241981506
1767708694911375400,51.39937524414062,-0.32447493076324463,0.7279007434844971,-0.40481874346733093
1767708694921376300,51.40937622070312,-0.23773840069770813,0.7766996622085571,-0.49285584688186646
1767708694931376000,51.41937622070313,-0.19094640016555786,0.6536672115325928,-0.4054087996482849
1767708694941377300,51.42937719726562,-0.19798004627227783,0.4449344277381897,-0.3090234100818634
1767708694951377200,51.43937719726563,-0.22430193424224854,0.2644621431827545,-0.30835551023483276
1767708694961377000,51.449376953125,-0.23281686007976532,0.128668874502182,-0.3919598460197449
1767708694971378400,51.45937841796875,-0.19204731285572052,0.04662008956074715,-0.49093517661094666
1767708694981378300,51.46937841796875,-0.11694782227277756,-0.029607396572828293,-0.5683000087738037
1767708694991379200,51.47937915039063,-0.04510771855711937,-0.0070368386805057526,-0.6273289918899536
1767708695001379300,51.48937939453125,0.027819514274597168,0.006167843472212553,-0.6795861721038818
1767708695011380200,51.49938012695313,0.057589661329984665,0.017641007900238037,-0.7181157469749451
1767708695021380000,51.509380126953126,0.05098475515842438,0.03740219399333,-0.7651479840278625
1767708695031381200,51.51938134765625,0.045001719146966934,0.07654578238725662,-0.8345049023628235
1767708695041381000,51.529381103515625,0.0183088555932045,0.16324925422668457,-0.8990340828895569
1767708695051382300,51.53938232421875,-0.021569326519966125,0.27531638741493225,-0.955557644367218
1767708695061382400,51.54938232421875,-0.06469469517469406,0.3834846615791321,-1.0226856470108032
1767708695071383300,51.55938330078125,-0.09662945568561554,0.466126412153244,-1.0809035301208496
1767708695081383200,51.569383056640625,-0.12067940086126328,0.5217840671539307,-1.1440154314041138
1767708695091383300,51.57938330078125,-0.15564985573291779,0.548032820224762,-1.203559398651123
1767708695101384200,51.58938427734375,-0.1770966500043869,0.5596728920936584,-1.247151494026184
1767708695111384000,51.59938403320312,-0.1651933789253235,0.5655941963195801,-1.25576913356781
1767708695121385200,51.60938525390625,-0.1154005229473114,0.5737799406051636,-1.227887749671936
1767708695131385300,51.61938525390625,-0.06192366033792496,0.5670609474182129,-1.1695294380187988
1767708695141386800,51.62938671875,-0.025485223159193993,0.5289748311042786,-1.0734319686889648
1767708695151386600,51.63938671875,0.0197586752474308,0.41965746879577637,-0.9684510231018066
1767708695161387800,51.6493876953125,0.07845713943243027,0.2661224901676178,-0.8713058233261108
1767708695171387600,51.6593876953125,0.14552991092205048,0.13575398921966553,-0.7756061553955078
1767708695181388500,51.669388427734376,0.21712127327919006,0.06651338934898376,-0.6462833285331726
1767708695191389000,51.679388916015625,0.26426243782043457,0.014441967941820621,-0.439907044172287
1767708695201389800,51.68938989257813,0.2633603811264038,-0.09627510607242584,-0.19386516511440277
1767708695211389700,51.6993896484375,0.23686644434928894,-0.2466219961643219,0.00032349303364753723
1767708695221389800,51.70938989257812,0.16266997158527374,-0.3513457477092743,0.06863383948802948
1767708695231390700,51.719390625,0.035703808069229126,-0.4382243752479553,-0.016739729791879654
1767708695241390600,51.729390625,-0.15408477187156677,-0.5480771064758301,-0.19523677229881287
1767708695251391700,51.739391845703125,-0.4301595091819763,-0.569889485836029,-0.3387765884399414
1767708695261391600,51.7493916015625,-0.6239574551582336,-0.45265528559684753,-0.29987871646881104
1767708695271392800,51.759392822265625,-0.5177359580993652,-0.25844475626945496,-0.08838169276714325
1767708695281393000,51.76939282226562,-0.2157430797815323,-0.15173164010047913,0.011852232739329338
1767708695291393800,51.779393798828124,-0.05751324072480202,-0.2935740053653717,-0.08635871112346649
1767708695301393700,51.7893935546875,-0.06656898558139801,-0.6083603501319885,-0.25072529911994934
1767708695311394800,51.799394775390624,-0.1543816775083542,-0.726531445980072,-0.37293538451194763
1767708695321394700,51.80939477539062,-0.3071118891239166,-0.6779948472976685,-0.44107958674430847
1767708695331395600,51.8193955078125,-0.5085698962211609,-0.644717276096344,-0.4403999447822571
1767708695341395700,51.82939575195312,-0.5037777423858643,-0.6304106116294861,-0.3507731556892395
1767708695351396900,51.83939697265625,-0.32048487663269043,-0.6318655014038086,-0.26046591997146606
1767708695361396700,51.84939672851562,-0.1285492330789566,-0.6315106153488159,-0.2017754167318344
1767708695371397600,51.85939770507812,0.029982618987560272,-0.5036314725875854,-0.14301063120365143
1767708695381397800,51.86939770507813,0.1403985321521759,-0.3478645086288452,-0.07031863182783127
1767708695391397600,51.87939770507813,0.190862238407135,-0.25387993454933167,-0.03897988423705101
1767708695401398800,51.88939868164063,0.18758951127529144,-0.17065264284610748,-0.0817086398601532
1767708695411398700,51.899398681640626,0.16569434106349945,-0.03905653581023216,-0.13846060633659363
1767708695421399800,51.90939990234375,0.19068065285682678,0.15946094691753387,-0.08602194488048553
1767708695431400000,51.91939990234375,0.1899445503950119,0.33465567231178284,0.0695308968424797
1767708695441400800,51.92940087890625,0.15214622020721436,0.3590739965438843,0.20764929056167603
1767708695451400700,51.939400634765626,0.12062903493642807,0.3150932192802429,0.2952452003955841
1767708695461401600,51.94940161132813,0.10130545496940613,0.22509461641311646,0.33228328824043274
1767708695471401700,51.959401611328126,0.08064811676740646,0.1215655654668808,0.3286139667034149
1767708695481402600,51.96940258789063,0.06300041079521179,0.007846185937523842,0.33240073919296265
1767708695491402800,51.97940283203125,0.018182840198278427,-0.08344944566488266,0.3879026770591736
1767708695501404000,51.98940380859375,-0.019360007718205452,-0.1981709748506546,0.4652392864227295
1767708695511403800,51.99940380859375,-0.020342981442809105,-0.3234125077724457,0.5424861311912537
1767708695521404700,52.00940478515625,-0.001942401984706521,-0.438044011592865,0.6014019250869751
1767708695531404800,52.01940478515625,0.06193455681204796,-0.4783746898174286,0.6455738544464111
1767708695541404700,52.02940478515625,0.14767982065677643,-0.4462633728981018,0.6834269762039185
1767708695551405600,52.039405517578125,0.22595202922821045,-0.3753458857536316,0.7214769721031189
1767708695561405700,52.04940576171875,0.29709383845329285,-0.2731129825115204,0.7386623620986938
1767708695571406800,52.05940673828125,0.3598131835460663,-0.13468106091022491,0.723693311214447
1767708695581406700,52.06940673828125,0.38785070180892944,-0.01328778825700283,0.675437867641449
1767708695591407900,52.079407958984376,0.3982987701892853,0.11863258481025696,0.604252815246582
1767708695601407700,52.08940771484375,0.39642098546028137,0.18421080708503723,0.5125279426574707
1767708695611408600,52.09940869140625,0.378842830657959,0.209751695394516,0.42571818828582764
1767708695621408800,52.10940869140625,0.32743024826049805,0.22180409729480743,0.34480124711990356
1767708695631409700,52.11940966796875,0.2682609260082245,0.18754230439662933,0.2839905917644501
1767708695641409500,52.12940942382812,0.17719335854053497,0.15910986065864563,0.24654920399188995
1767708695651411000,52.139410888671875,0.07578068226575851,0.0764298290014267,0.22502057254314423
1767708695661410800,52.14941088867187,-0.009848999790847301,-0.07769715785980225,0.20654942095279694
1767708695671411700,52.15941162109375,-0.09069732576608658,-0.2154456079006195,0.20052805542945862
1767708695681411800,52.16941186523437,-0.15863589942455292,-0.3398205637931824,0.21831345558166504
1767708695691411700,52.17941162109375,-0.2334568351507187,-0.4332094192504883,0.2690947353839874
1767708695701412600,52.18941259765625,-0.2964012026786804,-0.46657806634902954,0.31635671854019165
1767708695711412700,52.19941284179688,-0.35056883096694946,-0.4438059329986572,0.3081640303134918
1767708695721413600,52.20941357421875,-0.3869987428188324,-0.4208713173866272,0.2536935806274414
1767708695731413800,52.21941381835938,-0.36730536818504333,-0.42262959480285645,0.2573143243789673
1767708695741415000,52.22941479492187,-0.2523396611213684,-0.3985150158405304,0.39180484414100647
1767708695751414800,52.23941479492188,0.09904125332832336,-0.27099114656448364,0.6096757054328918
1767708695761415700,52.24941577148437,0.5364406704902649,-0.12306001782417297,0.7043810486793518
1767708695771415800,52.25941577148438,0.7553203105926514,-0.06154739111661911,0.5141237378120422
1767708695781416700,52.26941674804687,0.7151674628257751,-0.121223084628582,0.1918717622756958
1767708695791416600,52.27941650390625,0.4712318181991577,-0.08301258087158203,-0.06513205915689468
1767708695801417700,52.28941772460937,0.21421822905540466,-0.014008119702339172,-0.10787013173103333
1767708695811417900,52.29941796875,0.11955643445253372,-0.09488166123628616,0.07521447539329529
1767708695821418800,52.30941870117187,0.10887499153614044,-0.12756377458572388,0.4033905863761902
1767708695831419000,52.3194189453125,0.08918863534927368,-0.026059795171022415,0.7412282228469849
1767708695841419800,52.32941967773438,0.153411865234375,-0.027562277391552925,0.8770243525505066
1767708695851419600,52.33941967773438,0.32960525155067444,-0.1407301127910614,0.7080795764923096
1767708695861419800,52.349419677734375,0.40182721614837646,-0.11320976912975311,0.37350547313690186
1767708695871420700,52.359420654296876,0.31828466057777405,0.0050942362286150455,0.14216013252735138
1767708695881420500,52.369420654296874,0.18369032442569733,0.056330595165491104,0.08035203069448471
1767708695891421700,52.379421630859376,0.07199176400899887,0.046717915683984756,0.06846421211957932
1767708695901421800,52.389421875,0.010279935784637928,0.16521023213863373,0.08898185193538666
1767708695911422700,52.399422607421876,-0.01646139658987522,0.344563752412796,0.15915852785110474
1767708695921422600,52.409422607421874,-0.10085216909646988,0.44636866450309753,0.19522345066070557
1767708695931423700,52.419423828125,-0.24201035499572754,0.5325384736061096,0.10678918659687042
1767708695941423600,52.429423583984374,-0.33109647035598755,0.6524686217308044,-0.07446928322315216
1767708695951424800,52.4394248046875,-0.33144882321357727,0.8005731105804443,-0.21747010946273804
1767708695961425000,52.4494248046875,-0.3096311390399933,0.7746917605400085,-0.25261610746383667
1767708695971425800,52.45942578125,-0.36228618025779724,0.5455653071403503,-0.2300768345594406
1767708695981425700,52.46942578125,-0.43714842200279236,0.2909125089645386,-0.2222583293914795
1767708695991426800,52.4794267578125,-0.4764997363090515,0.08361127227544785,-0.2543025314807892
1767708696001426700,52.4894267578125,-0.4105713963508606,-0.03766189143061638,-0.30397772789001465
1767708696011426600,52.49942651367188,-0.2585477828979492,-0.08376813679933548,-0.34128275513648987
1767708696021427700,52.509427734375,-0.10734628140926361,-0.10398898273706436,-0.36188843846321106
1767708696031427600,52.51942749023438,-0.001239044009707868,-0.11352528631687164,-0.373977929353714
1767708696041428700,52.5294287109375,0.054020751267671585,-0.11292474716901779,-0.3733416795730591
1767708696051428900,52.53942895507812,0.1047302857041359,-0.11143677681684494,-0.3726321756839752
1767708696061429800,52.5494296875,0.1371087282896042,-0.11218725889921188,-0.3658924996852875
1767708696071429600,52.5594296875,0.13742397725582123,-0.07542580366134644,-0.3575633466243744
1767708696081430800,52.5694306640625,0.08736561238765717,-0.019227780401706696,-0.35005801916122437
1767708696091430700,52.5794306640625,0.010078364983201027,0.04234734922647476,-0.3432016670703888
1767708696101431600,52.589431640625,-0.03753526136279106,0.08491817116737366,-0.3877836763858795
1767708696111432000,52.59943188476562,-0.04215531423687935,0.15659581124782562,-0.445430725812912
1767708696121432800,52.60943286132812,0.011096189729869366,0.24012745916843414,-0.4823805093765259
1767708696131432700,52.6194326171875,0.05871563032269478,0.324398398399353,-0.52238529920578
1767708696141433600,52.62943359375,0.11087044328451157,0.3581438362598419,-0.5864790678024292
1767708696151433700,52.63943383789063,0.12340876460075378,0.41168925166130066,-0.6398086547851562
1767708696161433600,52.64943359375,0.1314896047115326,0.46891045570373535,-0.6633949279785156
1767708696171434800,52.65943481445313,0.13623391091823578,0.5255880355834961,-0.6894985437393188
1767708696181434600,52.6694345703125,0.1177305355668068,0.5798155665397644,-0.7407596111297607
1767708696191435500,52.679435546875,0.12269148975610733,0.624323308467865,-0.8261181116104126
1767708696201435600,52.689435546875,0.1741403043270111,0.6305971741676331,-0.9053764343261719
1767708696211436500,52.6994365234375,0.26261386275291443,0.6196213960647583,-0.9045041799545288
1767708696221436400,52.7094365234375,0.35123828053474426,0.5528333783149719,-0.7807142734527588
1767708696231437600,52.7194375,0.40765202045440674,0.40835875272750854,-0.5401562452316284
1767708696241437700,52.729437744140625,0.41322654485702515,0.18811792135238647,-0.23815584182739258
1767708696251438600,52.7394384765625,0.331987589597702,0.006320171058177948,0.007312511093914509
1767708696261438700,52.749438720703125,0.19433780014514923,-0.17632314562797546,0.07851074635982513
1767708696271439600,52.75943969726563,-0.021781183779239655,-0.3158107399940491,-0.045915596187114716
1767708696281439500,52.769439453125,-0.31635576486587524,-0.44258809089660645,-0.31321001052856445
1767708696291439600,52.77943969726562,-0.6197092533111572,-0.4786917567253113,-0.5179042816162109
1767708696301440800,52.789440673828125,-0.7494489550590515,-0.41657668352127075,-0.48924919962882996
1767708696311440600,52.79944067382812,-0.6320530772209167,-0.34014981985092163,-0.3653365671634674
1767708696321441500,52.809441650390625,-0.40021416544914246,-0.30939021706581116,-0.3633684515953064
1767708696331441700,52.81944165039062,-0.19210703670978546,-0.25856298208236694,-0.4127573072910309
1767708696341442600,52.829442626953124,-0.049941327422857285,-0.26346921920776367,-0.4303819537162781
1767708696351442700,52.83944262695312,-0.017620138823986053,-0.28535428643226624,-0.46598708629608154
1767708696361443600,52.849443603515624,-0.07560651749372482,-0.3949812650680542,-0.5634953379631042
1767708696371443500,52.859443359375,-0.19574996829032898,-0.4529028832912445,-0.6376803517341614
1767708696381444600,52.869444580078124,-0.4619746208190918,-0.41767001152038574,-0.587612509727478
1767708696391444700,52.87944482421875,-0.7151179313659668,-0.4616452157497406,-0.4093130826950073
1767708696401445600,52.889445556640624,-0.64192795753479,-0.547886312007904,-0.23081299662590027
1767708696411445500,52.89944555664062,-0.4489188492298126,-0.5866678357124329,-0.05086560174822807
1767708696421446700,52.90944677734375,-0.23248586058616638,-0.5174927711486816,0.13157957792282104
1767708696431446500,52.91944653320313,-0.05293229594826698,-0.40154048800468445,0.30095115303993225
1767708696441446700,52.92944677734375,0.08309131860733032,-0.33201518654823303,0.40131157636642456
1767708696451447600,52.93944750976563,0.17273856699466705,-0.28518158197402954,0.40019166469573975
1767708696461447700,52.94944775390625,0.19612936675548553,-0.21047458052635193,0.34995487332344055
1767708696471448600,52.95944848632813,0.18412818014621735,-0.05860394239425659,0.39354556798934937
1767708696481448700,52.96944873046875,0.11811133474111557,0.13956665992736816,0.5390162467956543
1767708696491449600,52.97944970703125,0.020419925451278687,0.2145526111125946,0.645154595375061
1767708696501449500,52.989449462890626,-0.04466993734240532,0.2521211504936218,0.6589407920837402
1767708696511450600,52.99945068359375,-0.05846431106328964,0.25530949234962463,0.6544243097305298
1767708696521450500,53.009450439453126,-0.04889557510614395,0.21678417921066284,0.671810507774353
1767708696531451600,53.01945166015625,-0.08542689681053162,0.14161831140518188,0.6956284046173096
1767708696541451800,53.02945166015625,-0.13743416965007782,0.01792220212519169,0.7215798497200012
1767708696551452700,53.03945263671875,-0.16385915875434875,-0.1336388885974884,0.746283769607544
1767708696561452500,53.04945263671875,-0.16077467799186707,-0.2631681263446808,0.770190417766571
1767708696571453700,53.05945361328125,-0.12091407179832458,-0.34842801094055176,0.7973858714103699
1767708696581453600,53.06945361328125,-0.036732353270053864,-0.3752622902393341,0.8169987201690674
1767708696591453400,53.07945336914062,0.08537602424621582,-0.35728439688682556,0.8248823285102844
1767708696601454600,53.08945458984375,0.21684058010578156,-0.29201430082321167,0.8243579864501953
1767708696611454500,53.09945434570312,0.327739417552948,-0.1998591423034668,0.8272420167922974
1767708696621455600,53.10945556640625,0.3914898931980133,-0.07649540156126022,0.828686535358429
1767708696631455700,53.119455810546874,0.40180477499961853,0.025688808411359787,0.8063601851463318
1767708696641456600,53.12945654296875,0.3931313753128052,0.1685895025730133,0.7578163743019104
1767708696651456500,53.13945654296875,0.35837554931640625,0.29392510652542114,0.6780283451080322
1767708696661457700,53.149457763671876,0.346731960773468,0.3511985242366791,0.5693660378456116
1767708696671457500,53.15945751953125,0.29328203201293945,0.3778459131717682,0.465429425239563
1767708696681458700,53.169458740234376,0.21508042514324188,0.32044079899787903,0.38619670271873474
1767708696691458800,53.179458740234374,0.081255242228508,0.2403840571641922,0.32425981760025024
1767708696701458700,53.18945874023437,-0.021649308502674103,0.11221356689929962,0.2706417739391327
1767708696711459600,53.19945947265625,-0.0537574402987957,-0.02806711569428444,0.22914226353168488
1767708696721459700,53.20945971679687,-0.09516292065382004,-0.1451798528432846,0.2320714294910431
1767708696731460600,53.21946069335937,-0.182930588722229,-0.2368285357952118,0.2726404368877411
1767708696741460500,53.22946044921875,-0.27306047081947327,-0.303056538105011,0.3025781810283661
1767708696751461600,53.23946166992187,-0.3441791236400604,-0.27416548132896423,0.26620233058929443
1767708696761461500,53.24946142578125,-0.39955660700798035,-0.18743044137954712,0.178989440202713
1767708696771462700,53.25946264648437,-0.43393242359161377,-0.152077779173851,0.12131308764219284
1767708696781462800,53.269462890625,-0.4441448748111725,-0.16256430745124817,0.17061254382133484
1767708696791463700,53.27946362304687,-0.36197197437286377,-0.09587476402521133,0.3640187382698059
1767708696801463600,53.28946362304688,-0.021818675100803375,0.06175839900970459,0.5741596817970276
1767708696811464400,53.29946435546875,0.3240135610103607,0.1612868458032608,0.629630446434021
1767708696821464600,53.30946459960938,0.5296881794929504,0.168129101395607,0.4564056992530823
1767708696831464400,53.31946435546875,0.49347028136253357,0.296362966299057,0.10097808390855789
1767708696841465600,53.32946557617188,0.343453049659729,0.3847554922103882,-0.17176078259944916
1767708696851465700,53.3394658203125,0.261457234621048,0.3310035765171051,-0.0846698209643364
1767708696861466600,53.34946655273438,0.20542453229427338,0.2968844473361969,0.32059699296951294
1767708696871466800,53.359466796875,0.1653261035680771,0.1936400830745697,0.680580735206604
1767708696881467600,53.36946752929688,0.1534024327993393,0.04617029428482056,0.7294938564300537
1767708696891467500,53.379467529296875,0.18879318237304688,-0.045877605676651,0.5131485462188721
1767708696901468400,53.38946850585938,0.20823344588279724,-0.1239689439535141,0.28338778018951416
1767708696911468500,53.399468505859375,0.1555236577987671,-0.1328423172235489,0.27418267726898193
1767708696921469700,53.4094697265625,0.09558414667844772,-0.1710621416568756,0.4656679630279541
1767708696931469600,53.419469482421874,0.08727152645587921,-0.1816401481628418,0.574282169342041
1767708696941470700,53.429470703125,0.11882998794317245,-0.03094092383980751,0.4933561384677887
1767708696951470600,53.439470703125,0.1529509723186493,0.22511333227157593,0.32909053564071655
1767708696961470700,53.449470703125,0.1637447625398636,0.4188478887081146,0.19113585352897644
1767708696971471600,53.4594716796875,0.1202034279704094,0.5199903845787048,0.08651017397642136
1767708696981471500,53.46947143554687,0.06468956917524338,0.6513170003890991,-0.04797866567969322
1767708696991472400,53.479472412109374,0.026378942653536797,0.8284929990768433,-0.20501631498336792
1767708697001472800,53.48947265625,-0.004217557143419981,0.9283331036567688,-0.3230896294116974
1767708697011473700,53.4994736328125,-0.08108358085155487,0.8453103303909302,-0.34631770849227905
1767708697021473500,53.5094736328125,-0.21203680336475372,0.6447351574897766,-0.29362255334854126
1767708697031474700,53.519474609375,-0.3199494481086731,0.4357731342315674,-0.23174262046813965
1767708697041474600,53.529474609375,-0.40484994649887085,0.2574138045310974,-0.22179119288921356
1767708697051475500,53.53947534179687,-0.45058655738830566,0.12863388657569885,-0.2793335020542145
1767708697061475600,53.5494755859375,-0.40167707204818726,0.0814346969127655,-0.3754997253417969
1767708697071476700,53.559476806640625,-0.2790464758872986,0.07979106903076172,-0.4404146075248718
1767708697081476600,53.5694765625,-0.17543672025203705,0.09831228852272034,-0.46295347809791565
1767708697091476700,53.57947680664063,-0.09449203312397003,0.06361286342144012,-0.4656122922897339
1767708697101477600,53.5894775390625,-0.029591860249638557,0.008250009268522263,-0.4665534496307373
1767708697111477500,53.5994775390625,0.002313029719516635,-0.0029027455020695925,-0.4566553831100464
1767708697121478700,53.60947875976562,-0.03998995199799538,0.020971694961190224,-0.47246816754341125
1767708697131478500,53.619478515625,-0.13770592212677002,0.08799412846565247,-0.5174907445907593
1767708697141479700,53.62947973632812,-0.21327069401741028,0.16759704053401947,-0.6023391485214233
1767708697151479800,53.63947973632813,-0.2030489444732666,0.20914047956466675,-0.7151652574539185
1767708697161480700,53.64948071289062,-0.14253148436546326,0.2647467255592346,-0.8096953630447388
1767708697171480600,53.65948046875,-0.07627762109041214,0.3202499449253082,-0.846528172492981
1767708697181481500,53.6694814453125,-0.02449807897210121,0.3280908763408661,-0.8635442852973938
1767708697191481600,53.67948168945313,0.027121705934405327,0.37529462575912476,-0.8546552062034607
1767708697201481500,53.6894814453125,0.0666712149977684,0.40365082025527954,-0.8283835649490356
1767708697211482600,53.699482666015626,0.07297065854072571,0.4549555480480194,-0.7970206141471863
1767708697221482800,53.709482666015624,0.061809174716472626,0.4666024446487427,-0.7600604891777039
1767708697231483600,53.719483642578126,0.04938206821680069,0.44038042426109314,-0.7206776142120361
1767708697241483800,53.72948388671875,0.07454990595579147,0.39529913663864136,-0.655206024646759
1767708697251484700,53.739484619140626,0.15688417851924896,0.2916427552700043,-0.5868861079216003
1767708697261484500,53.749484619140624,0.26982513070106506,0.19227683544158936,-0.5119220614433289
1767708697271485400,53.7594853515625,0.3730974495410919,0.09048201888799667,-0.4000721871852875
1767708697281485600,53.769485595703124,0.44376522302627563,-0.04311612248420715,-0.21878156065940857
1767708697291486700,53.77948681640625,0.45783179998397827,-0.1608443558216095,0.026687052100896835
1767708697301486800,53.78948681640625,0.37130892276763916,-0.2855209708213806,0.23870642483234406
1767708697311486700,53.79948681640625,0.2355729192495346,-0.3601509928703308,0.2801087200641632
1767708697321487600,53.80948754882812,0.09057392179965973,-0.3619135916233063,0.1466314196586609
1767708697331487700,53.81948779296875,-0.07549254596233368,-0.401048481464386,-0.07281091809272766
1767708697341488600,53.82948852539062,-0.25717633962631226,-0.4316226840019226,-0.24722357094287872
1767708697351488500,53.83948852539063,-0.34799838066101074,-0.3428587317466736,-0.24679161608219147
1767708697361489400,53.84948950195312,-0.28462445735931396,-0.13830851018428802,-0.1635124385356903
1767708697371489500,53.85948950195313,-0.07476578652858734,-0.06758508831262589,-0.15670844912528992
1767708697381490700,53.86949072265625,0.09407010674476624,-0.10572528094053268,-0.24944795668125153
1767708697391490800,53.87949072265625,0.1490393429994583,-0.18112815916538239,-0.33360010385513306
1767708697401491700,53.88949169921875,0.05005950480699539,-0.19077466428279877,-0.4073718190193176
1767708697411491600,53.89949169921875,-0.11902432143688202,-0.2279404103755951,-0.4773913621902466
1767708697421491700,53.90949169921875,-0.3373635709285736,-0.2693096995353699,-0.4827384650707245
1767708697431492600,53.91949267578125,-0.4387413561344147,-0.42361944913864136,-0.3756295144557953
1767708697441492500,53.929492431640625,-0.40758398175239563,-0.5209158658981323,-0.20452754199504852
1767708697451493600,53.93949365234375,-0.33679506182670593,-0.6157311201095581,0.003072143532335758
1767708697461493800,53.94949365234375,-0.24971579015254974,-0.5982919335365295,0.1836235523223877
1767708697471494700,53.95949462890625,-0.14157813787460327,-0.4564410448074341,0.339767187833786
1767708697481494800,53.96949487304688,-0.02820044569671154,-0.31728342175483704,0.4587250053882599
1767708697491495700,53.97949560546875,0.05533415451645851,-0.22689487040042877,0.4994423985481262
1767708697501495600,53.98949560546875,0.09234490245580673,-0.13145063817501068,0.477045476436615
1767708697511496400,53.999496337890626,0.09470068663358688,-0.026275331154465675,0.47609591484069824
1767708697521496600,54.00949658203125,0.11230364441871643,0.09476081281900406,0.5934449434280396
1767708697531497700,54.01949780273438,0.15170083940029144,0.15290479362010956,0.7638972401618958
1767708697541497600,54.02949755859375,0.17812472581863403,0.1481371968984604,0.8996987342834473
1767708697551497700,54.039497802734374,0.16158069670200348,0.09463231265544891,0.9810627102851868
1767708697561498600,54.04949853515625,0.11346111446619034,-0.00468521798029542,1.011033296585083
1767708697571498800,54.059498779296874,0.04708156734704971,-0.09570245444774628,1.0439943075180054
1767708697581499600,54.069499755859376,-0.030219346284866333,-0.17334851622581482,1.0966521501541138
1767708697591499500,54.07949951171875,-0.08117605745792389,-0.2955694794654846,1.1523243188858032
1767708697601500700,54.089500732421875,-0.09384631365537643,-0.4114287197589874,1.1929543018341064
1767708697611500800,54.09950073242187,-0.07796508818864822,-0.4882703721523285,1.2329357862472534
1767708697621501700,54.109501708984375,-0.03307593986392021,-0.5322527885437012,1.2909691333770752
1767708697631501600,54.11950146484375,0.04516826570034027,-0.5559166073799133,1.3446743488311768
1767708697641501700,54.12950170898438,0.11430586129426956,-0.5023379325866699,1.3689143657684326
1767708697651502600,54.13950268554687,0.20753487944602966,-0.3909298777580261,1.350797176361084
1767708697661502700,54.14950268554688,0.31530025601387024,-0.2726633548736572,1.293213129043579
1767708697671503600,54.15950366210937,0.3670332431793213,-0.14800503849983215,1.1822274923324585
1767708697681503500,54.16950341796875,0.3725067675113678,-0.06121482700109482,1.0577300786972046
1767708697691504600,54.17950463867187,0.3538561165332794,0.017804626375436783,0.9615319967269897
1767708697701504800,54.1895048828125,0.3034677505493164,0.0758848786354065,0.8977226614952087
1767708697711505700,54.19950561523437,0.19623850286006927,0.07708383351564407,0.8181809782981873
1767708697721505500,54.20950561523438,0.09323697537183762,0.05091230198740959,0.6919626593589783
1767708697731506700,54.21950659179687,0.03439442813396454,0.012867980636656284,0.5535795092582703
1767708697741506600,54.22950659179688,0.005413660779595375,-0.015235253609716892,0.4499891698360443
1767708697751506700,54.239506591796875,-0.01693532057106495,-0.07538887113332748,0.3789900839328766
1767708697761507800,54.2495078125,-0.04957447573542595,-0.16715778410434723,0.3483212888240814
1767708697771507700,54.2595078125,-0.10719063878059387,-0.2760259509086609,0.35219913721084595
1767708697781508600,54.26950854492188,-0.1551743745803833,-0.3045947849750519,0.3877858519554138
1767708697791508700,54.2795087890625,-0.194871187210083,-0.2810119688510895,0.41226431727409363
1767708697801509600,54.289509521484376,-0.22806641459465027,-0.2608717679977417,0.41506722569465637
1767708697811509500,54.299509521484374,-0.25648632645606995,-0.25106707215309143,0.4236926734447479
1767708697821510700,54.3095107421875,-0.2769796550273895,-0.2723621726036072,0.49347880482673645
1767708697831510500,54.319510498046874,-0.1686457246541977,-0.262515127658844,0.6341924667358398
1767708697841511700,54.32951171875,0.11640466004610062,-0.18073850870132446,0.7918569445610046
1767708697851511800,54.33951171875,0.419302761554718,-0.05112908035516739,0.9146531820297241
1767708697861511700,54.34951171875,0.5666192173957825,0.03191041201353073,0.9337432384490967
1767708697871512600,54.3595126953125,0.5589830875396729,-0.02712302654981613,0.8544333577156067
1767708697881512700,54.3695126953125,0.4182091951370239,-0.10801654309034348,0.7394465804100037
1767708697891513600,54.379513671875,0.25910109281539917,-0.20963263511657715,0.6032602787017822
1767708697901513500,54.38951342773437,0.19270525872707367,-0.3195585012435913,0.49698707461357117
1767708697911515000,54.399514892578125,0.1169135645031929,-0.3132753372192383,0.5731351375579834
1767708697921514800,54.4095146484375,-0.010595662519335747,-0.2813570499420166,0.7741041779518127
1767708697931515600,54.419515625,-0.06202530115842819,-0.3268721103668213,0.8338555097579956
1767708697941515800,54.42951586914062,-0.024155687540769577,-0.23424923419952393,0.7503086924552917
1767708697951516700,54.4395166015625,0.0022264644503593445,-0.09532977640628815,0.600092351436615
1767708697961516500,54.4495166015625,-0.041993193328380585,-0.05829239636659622,0.4448271691799164
1767708697971516700,54.4595166015625,-0.014537387527525425,-0.07942456752061844,0.4319809377193451
1767708697981517600,54.469517578125,0.07351204007863998,-0.08371518552303314,0.5174497961997986
1767708697991517400,54.479517333984376,0.17420828342437744,0.05967884883284569,0.6423498392105103
1767708698001518800,54.48951879882812,0.2061678171157837,0.2472442239522934,0.7571004033088684
1767708698011518700,54.49951879882813,0.1045110821723938,0.3800928294658661,0.7636117935180664
1767708698021519600,54.50951953125,-0.13829997181892395,0.5112695097923279,0.5450664162635803
1767708698031519700,54.51951977539063,-0.3353148400783539,0.7549148201942444,0.15564167499542236
1767708698041520600,54.52952075195312,-0.363742470741272,1.0183470249176025,-0.1424613893032074
1767708698051520500,54.5395205078125,-0.3100012540817261,1.1443202495574951,-0.19367346167564392
1767708698061520600,54.549520751953125,-0.327676385641098,1.0448658466339111,-0.0875914990901947
1767708698071521800,54.55952172851563,-0.4091794788837433,0.821028470993042,-0.0011627590283751488
1767708698081521700,54.569521728515625,-0.4764147102832794,0.5541067123413086,-0.0026421453803777695
1767708698091522800,54.579522705078126,-0.47424638271331787,0.3689982295036316,-0.0404895581305027
1767708698101522700,54.589522705078124,-0.36615025997161865,0.2452024519443512,-0.06114635616540909
1767708698111523600,54.599523681640626,-0.19086630642414093,0.1556539237499237,-0.039404042065143585
1767708698121523700,54.609523681640624,-0.050162240862846375,0.08596914261579514,0.0007459588814526796
1767708698131524600,54.619524658203126,0.033049024641513824,0.02030171826481819,0.03131851553916931
1767708698141524200,54.62952416992187,0.07778459042310715,-0.036666110157966614,0.025408033281564713
1767708698151525400,54.639525390625,0.06818468868732452,-0.04144435375928879,-0.02359732612967491
1767708698161525500,54.649525390625,0.04758302867412567,0.0014194038230925798,-0.11104194074869156
1767708698171525400,54.659525390625,-0.00055334297940135,0.1285587102174759,-0.1913256049156189
1767708698181526500,54.66952661132812,-0.014881003648042679,0.24148988723754883,-0.26637038588523865
1767708698191526400,54.6795263671875,0.024906091392040253,0.3341495096683502,-0.32601508498191833
1767708698201527300,54.68952734375,0.07256685942411423,0.4333440065383911,-0.3618079125881195
1767708698211527400,54.69952734375,0.09160526841878891,0.5037624835968018,-0.36918407678604126
1767708698221528300,54.7095283203125,0.07470272481441498,0.5239998698234558,-0.3700502812862396
1767708698231528200,54.719528076171876,0.0685494914650917,0.5220147371292114,-0.36395829916000366
1767708698241529300,54.729529296875,0.0923355296254158,0.5470579862594604,-0.3564356565475464
1767708698251529500,54.73952954101563,0.12767088413238525,0.5647533535957336,-0.3546859622001648
1767708698261529300,54.749529296875,0.13341665267944336,0.5343762040138245,-0.3473237454891205
1767708698271530500,54.75953051757813,0.11210283637046814,0.39799922704696655,-0.3253294825553894
1767708698281530400,54.7695302734375,0.06070166826248169,0.24959821999073029,-0.32077327370643616
1767708698291531300,54.77953125,0.02297985553741455,0.14480577409267426,-0.35308408737182617
1767708698301531400,54.789531494140626,0.051047276705503464,0.10607259720563889,-0.43388646841049194
1767708698311532500,54.79953247070313,0.12131823599338531,0.10086611658334732,-0.5088352560997009
1767708698321532400,54.809532470703125,0.1909865438938141,0.07575863599777222,-0.4808902144432068
1767708698331533300,54.819533203125,0.24628405272960663,-0.03488649055361748,-0.3316030204296112
1767708698341533400,54.829533447265625,0.25668635964393616,-0.18390260636806488,-0.15205511450767517
1767708698351534300,54.83953442382813,0.22428525984287262,-0.29080939292907715,-0.06027720123529434
1767708698361534500,54.849534423828125,0.09150350838899612,-0.3832405209541321,-0.12458880990743637
1767708698371534300,54.85953442382812,-0.1708814799785614,-0.4337591528892517,-0.3100750744342804
1767708698381535200,54.86953515625,-0.5020833611488342,-0.4506893754005432,-0.43123534321784973
1767708698391535400,54.87953540039062,-0.7448869347572327,-0.31602349877357483,-0.3349483609199524
1767708698401536500,54.88953662109375,-0.6986986398696899,-0.0976959690451622,-0.12498660385608673
1767708698411536400,54.89953637695312,-0.3798463046550751,0.10272784531116486,-0.007845388725399971
1767708698421537300,54.909537353515624,-0.08993752300739288,0.10049638152122498,-0.030674006789922714
1767708698431537400,54.91953735351562,0.01002124696969986,-0.10349508374929428,-0.13112303614616394
1767708698441538300,54.929538330078124,-0.04294396936893463,-0.22295357286930084,-0.18173429369926453
1767708698451538400,54.93953833007812,-0.17040692269802094,-0.27588218450546265,-0.13055172562599182
1767708698461538300,54.94953833007813,-0.3532123565673828,-0.31525006890296936,-0.005725806578993797
1767708698471539500,54.95953955078125,-0.41831064224243164,-0.37785324454307556,0.11182212829589844
1767708698481539600,54.96953955078125,-0.3596649169921875,-0.46781644225120544,0.2350814789533615
1767708698491540500,54.97954052734375,-0.25325945019721985,-0.5879595875740051,0.3504244089126587
1767708698501540400,54.98954028320313,-0.12183862924575806,-0.647872269153595,0.4650084972381592
1767708698511541200,54.99954125976563,-0.026139531284570694,-0.6424767374992371,0.6375192999839783
1767708698521541400,55.009541259765626,0.04464888945221901,-0.6363480091094971,0.8215903043746948
1767708698531542300,55.01954223632813,0.08385229110717773,-0.5601644515991211,0.9172201752662659
1767708698541542400,55.02954248046875,0.12438773363828659,-0.42387959361076355,0.8436604738235474
1767708698551542300,55.039542236328124,0.1786075234413147,-0.2537766098976135,0.6795840859413147
1767708698561543400,55.04954345703125,0.21500766277313232,-0.06153091415762901,0.624554455280304
1767708698571543600,55.05954345703125,0.1936701536178589,0.09701212495565414,0.695155918598175
1767708698581544400,55.06954443359375,0.1635386347770691,0.19314154982566833,0.7914952039718628
1767708698591544300,55.07954443359375,0.1233464851975441,0.22438602149486542,0.8389159440994263
1767708698601545200,55.089545166015625,0.044491808861494064,0.1824563592672348,0.8518871665000916
1767708698611545300,55.09954541015625,-0.037955399602651596,0.11024127900600433,0.8801166415214539
1767708698621546500,55.10954638671875,-0.07505429536104202,0.01545046828687191,0.9245779514312744
1767708698631546600,55.119546630859375,-0.08531518280506134,-0.06294101476669312,0.9747598767280579
1767708698641547500,55.12954760742188,-0.09099382907152176,-0.1494579017162323,1.011292576789856
1767708698651547400,55.13954736328125,-0.07586920261383057,-0.19571460783481598,1.0568829774856567
1767708698661547500,55.14954760742187,-0.022205179557204247,-0.2648742198944092,1.1078598499298096
1767708698671548400,55.15954833984375,0.03415050730109215,-0.3242344856262207,1.154977798461914
1767708698681548300,55.16954833984375,0.07652807235717773,-0.35633325576782227,1.1915239095687866
1767708698691549200,55.17954907226562,0.14871491491794586,-0.3458116352558136,1.2122864723205566
1767708698701549300,55.18954931640625,0.24183207750320435,-0.30957290530204773,1.1960422992706299
1767708698711550500,55.199550537109374,0.3137611448764801,-0.23871925473213196,1.1187711954116821
1767708698721550600,55.20955053710937,0.36323362588882446,-0.15262967348098755,1.0064858198165894
1767708698731551500,55.219551513671874,0.40912678837776184,-0.01963779143989086,0.9214633703231812
1767708698741551400,55.22955126953125,0.3973561227321625,0.07215101271867752,0.8639419078826904
1767708698751551500,55.23955151367188,0.3179928660392761,0.0952286347746849,0.7689330577850342
1767708698761552400,55.24955249023437,0.21662500500679016,0.06411809474229813,0.633736252784729
1767708698771552300,55.25955224609375,0.12293046712875366,0.0426010824739933,0.5001968145370483
1767708698781553400,55.26955346679687,0.054703738540410995,0.028285793960094452,0.38954484462738037
1767708698791553500,55.27955346679688,0.020414691418409348,0.004487792495638132,0.2910633683204651
1767708698801554400,55.28955444335938,-0.017561668530106544,-0.02474972978234291,0.22037312388420105
1767708698811554300,55.29955419921875,-0.06257947534322739,-0.07537376135587692,0.20443996787071228
1767708698821555500,55.30955541992188,-0.13556420803070068,-0.1310383528470993,0.2521483898162842
1767708698831555300,55.319555419921876,-0.2213723212480545,-0.15702758729457855,0.31588512659072876
1767708698841555500,55.329555419921874,-0.2942843437194824,-0.08815957605838776,0.31257322430610657
1767708698851556400,55.339556396484376,-0.34317445755004883,-0.04265284165740013,0.18846043944358826
1767708698861556200,55.34955615234375,-0.4095017910003662,-0.07754851132631302,0.007993727922439575
1767708698871557400,55.359557373046876,-0.48403170704841614,-0.1626153588294983,-0.06824342161417007
1767708698881557500,55.3695576171875,-0.4416903555393219,-0.26092249155044556,0.08953715115785599
1767708698891558400,55.379558349609376,-0.17938363552093506,-0.24189160764217377,0.3976309299468994
1767708698901558300,55.38955834960937,0.13315778970718384,-0.23376888036727905,0.6101934313774109
1767708698911559400,55.399559326171875,0.3963170051574707,-0.1498204469680786,0.5731025338172913
1767708698921559300,55.40955932617187,0.43455252051353455,-0.03825265169143677,0.2863437533378601
1767708698931559400,55.41955932617188,0.2392120361328125,0.04157089442014694,-0.08687113970518112
1767708698941560600,55.429560546875,0.10698262602090836,0.041089657694101334,-0.3304728865623474
1767708698951560400,55.439560546875,0.033615414053201675,-0.0036804869305342436,-0.3420960307121277
1767708698961561300,55.44956127929687,-0.018667766824364662,0.03699477016925812,-0.09297274798154831
1767708698971561500,55.4595615234375,-0.002519126981496811,0.0706486776471138,0.2968079447746277
1767708698981562400,55.46956225585937,0.06827647984027863,0.005425472278147936,0.6145819425582886
1767708698991562200,55.47956225585938,0.1734899878501892,-0.020273232832551003,0.7859044075012207
1767708699001563400,55.4895634765625,0.24262069165706635,0.014664883725345135,0.8245251178741455
1767708699011563300,55.49956323242188,0.13518983125686646,0.017041221261024475,0.6362667679786682
1767708699021563400,55.5095634765625,-0.014131211675703526,0.0018960905726999044,0.3422311544418335
1767708699031564500,55.519564453125,-0.0687231495976448,0.07359155267477036,0.15075825154781342
1767708699041564400,55.529564453125,-0.021566268056631088,0.16615456342697144,0.09900403767824173
1767708699051565300,55.5395654296875,0.00862625427544117,0.24752266705036163,0.1192999929189682
1767708699061565400,55.5495654296875,-0.041306477040052414,0.2729160189628601,0.14181719720363617
1767708699071566300,55.55956640625,-0.1568775475025177,0.3557097017765045,0.04482780024409294
1767708699081566200,55.569566162109375,-0.25145724415779114,0.5075616240501404,-0.20380930602550507
1767708699091567400,55.5795673828125,-0.28088119626045227,0.6023812890052795,-0.4682779908180237
1767708699101567500,55.5895673828125,-0.2611674666404724,0.6398117542266846,-0.59669029712677
1767708699111567600,55.599567626953124,-0.24902638792991638,0.5545328259468079,-0.5727380514144897
1767708699121568500,55.609568603515626,-0.2637634575366974,0.34591543674468994,-0.4901948869228363
1767708699131568400,55.619568359375,-0.27497801184654236,0.09125678241252899,-0.4412025809288025
1767708699141569500,55.629569580078126,-0.23725678026676178,-0.1160777136683464,-0.46899235248565674
1767708699151569700,55.639569580078124,-0.1305990368127823,-0.19782371819019318,-0.5461934208869934
1767708699161570600,55.649570556640626,-0.0001599981915205717,-0.20031625032424927,-0.6324159502983093
1767708699171570400,55.6595703125,0.08533892780542374,-0.2127699851989746,-0.6808285117149353
1767708699181571600,55.669571533203126,0.12464286386966705,-0.17555910348892212,-0.6855321526527405
1767708699191571700,55.67957177734375,0.12200659513473511,-0.09504802525043488,-0.6930153369903564
1767708699201572600,55.689572509765625,0.06527720391750336,-0.015454035252332687,-0.7375697493553162
1767708699211572700,55.69957275390625,-0.027019964531064034,0.07720053195953369,-0.8065349459648132
1767708699221572600,55.70957250976563,-0.1291561722755432,0.17591863870620728,-0.916981041431427
1767708699231573500,55.71957348632812,-0.191451758146286,0.3185082674026489,-1.0153343677520752
1767708699241573600,55.72957373046875,-0.2005043774843216,0.47854453325271606,-1.0919688940048218
1767708699251574500,55.73957446289062,-0.18893873691558838,0.6210834980010986,-1.1398199796676636
1767708699261574400,55.74957446289063,-0.16786593198776245,0.7487890124320984,-1.1784956455230713
1767708699271575800,55.759575927734375,-0.140321746468544,0.8484066128730774,-1.1879136562347412
1767708699281575700,55.76957568359375,-0.13926394283771515,0.9117158055305481,-1.1719999313354492
1767708699291576600,55.77957666015625,-0.14586010575294495,0.904481828212738,-1.121762990951538
1767708699301576700,55.78957666015625,-0.13634854555130005,0.8519436717033386,-1.0267499685287476
1767708699311576600,55.79957666015625,-0.0936567559838295,0.7280875444412231,-0.893872082233429
1767708699321577500,55.80957739257813,-0.07144252955913544,0.6307082772254944,-0.7366287112236023
1767708699331577600,55.81957763671875,-0.05505584180355072,0.49311044812202454,-0.6074092388153076
1767708699341578500,55.82957861328125,-0.014754753559827805,0.349325031042099,-0.5400256514549255
1767708699351578600,55.83957861328125,0.042041219770908356,0.2108861207962036,-0.5058276057243347
1767708699361579800,55.84957983398437,0.09720460325479507,0.08672768622636795,-0.44835683703422546
1767708699371579600,55.85957958984375,0.1491854190826416,-0.04506176710128784,-0.2923738360404968
1767708699381580500,55.86958056640625,0.18855571746826172,-0.22288395464420319,-0.044543541967868805
1767708699391580700,55.87958056640625,0.18974803388118744,-0.33075419068336487,0.18763798475265503
1767708699401580500,55.88958056640625,0.13632777333259583,-0.3726063370704651,0.26790913939476013
1767708699411581400,55.89958154296875,0.012524605728685856,-0.4157748520374298,0.14406947791576385
1767708699421581600,55.90958154296875,-0.18534132838249207,-0.5495243668556213,-0.12543949484825134
1767708699431582700,55.919582763671876,-0.4390926957130432,-0.6999281644821167,-0.4334617257118225
1767708699441582600,55.92958251953125,-0.6286274790763855,-0.6405261158943176,-0.5386720895767212
1767708699451583700,55.939583740234376,-0.584649920463562,-0.40216708183288574,-0.3990146517753601
1767708699461583600,55.94958349609375,-0.32988980412483215,-0.24482646584510803,-0.32205620408058167
1767708699471583500,55.95958349609375,-0.14927522838115692,-0.21481914818286896,-0.4524977505207062
1767708699481584600,55.969584716796874,-0.09648338705301285,-0.25873762369155884,-0.6412526965141296
1767708699491584500,55.97958447265625,-0.09687655419111252,-0.3144238591194153,-0.7759732007980347
1767708699501585400,55.98958544921875,-0.14889925718307495,-0.34345653653144836,-0.875382661819458
1767708699511585800,55.99958569335938,-0.24925382435321808,-0.410723477602005,-0.8850573897361755
1767708699521586700,56.00958666992187,-0.4305706024169922,-0.5209605693817139,-0.7503211498260498
1767708699531586600,56.01958666992188,-0.4955703914165497,-0.659180223941803,-0.5338676571846008
1767708699541587700,56.02958764648437,-0.39131346344947815,-0.7631447911262512,-0.3101571202278137
1767708699551587600,56.03958764648438,-0.2603287994861603,-0.7607266306877136,-0.15122897922992706
1767708699561587500,56.04958740234375,-0.12140335142612457,-0.6616895198822021,-0.07660648226737976
1767708699571588600,56.05958862304688,0.030472464859485626,-0.4965175986289978,-0.0404207818210125
1767708699581588500,56.06958837890625,0.16198144853115082,-0.3482721447944641,-0.0541946217417717
1767708699591589600,56.07958959960938,0.192006453871727,-0.17657017707824707,-0.1139783263206482
1767708699601589800,56.08958984375,0.1919803023338318,0.024749718606472015,-0.1487191915512085
1767708699611590700,56.09959057617188,0.21012547612190247,0.1890779435634613,-0.07692410796880722
1767708699621590500,56.109590576171875,0.17393718659877777,0.31135115027427673,0.06746475398540497
1767708699631591700,56.119591796875,0.11691544204950333,0.2838897109031677,0.18863672018051147
1767708699641591600,56.129591552734375,0.07765673100948334,0.22833888232707977,0.25100791454315186
1767708699651592400,56.13959252929688,0.034873586148023605,0.11750291287899017,0.2899116277694702
1767708699661592600,56.149592529296875,-0.02943856082856655,-0.01946946047246456,0.3385518193244934
1767708699671592700,56.1595927734375,-0.10485022515058517,-0.15860417485237122,0.41018497943878174
1767708699681593600,56.169593505859375,-0.15897074341773987,-0.28921645879745483,0.49878451228141785
1767708699691593700,56.17959375,-0.1588812619447708,-0.3766411244869232,0.5771363377571106
1767708699701594600,56.1895947265625,-0.1201552003622055,-0.39581137895584106,0.6263746023178101
1767708699711594500,56.19959448242187,-0.05424515902996063,-0.4510943591594696,0.6572779417037964
1767708699721595600,56.209595703125,0.015581594780087471,-0.4970730245113373,0.6850778460502625
1767708699731595500,56.21959545898437,0.086621955037117,-0.47520434856414795,0.702502965927124
1767708699741595400,56.22959545898438,0.1632264405488968,-0.4043027460575104,0.713561475276947
1767708699751596800,56.2395966796875,0.24995359778404236,-0.2888246476650238,0.7143601775169373
1767708699761596700,56.2495966796875,0.33452174067497253,-0.196991965174675,0.691666305065155
1767708699771597600,56.25959765625,0.3822386860847473,-0.06429217755794525,0.6392382383346558
1767708699781597700,56.26959765625,0.39963048696517944,0.0022152126766741276,0.5556309819221497
1767708699791598600,56.2795986328125,0.3935813307762146,0.03272315859794617,0.4516091048717499
1767708699801598500,56.28959838867188,0.3728867173194885,0.07379280775785446,0.3477603495121002
1767708699811599600,56.299599609375,0.3481139838695526,0.09408076852560043,0.24634769558906555
1767708699821599500,56.309599609375,0.28189873695373535,0.1354748159646988,0.15152691304683685
1767708699831599600,56.319599609375,0.20302793383598328,0.12470028549432755,0.08047370612621307
1767708699841600800,56.32960083007813,0.12411181628704071,0.12713466584682465,0.0346984900534153
1767708699851600600,56.3396005859375,0.02659454569220543,0.10399823635816574,-0.006722690537571907
1767708699861601500,56.3496015625,-0.08457192033529282,0.05058082193136215,-0.05288725346326828
1767708699871601700,56.3596015625,-0.18515393137931824,-0.06819486618041992,-0.09014856815338135
1767708699881602600,56.3696025390625,-0.29102417826652527,-0.15736335515975952,-0.09383437782526016
1767708699891602400,56.3796025390625,-0.41137295961380005,-0.18166150152683258,-0.04903921112418175
1767708699901603600,56.389603515625,-0.5219913125038147,-0.13748003542423248,-0.01884652115404606
1767708699911603700,56.399603759765625,-0.6032105684280396,-0.05811650678515434,-0.049135979264974594
1767708699921603600,56.409603515625,-0.6310339570045471,-0.005598170217126608,-0.08271045237779617
1767708699931604700,56.419604736328125,-0.5687602162361145,-0.022055376321077347,-0.04110347852110863
1767708699941604600,56.4296044921875,-0.33459457755088806,0.024937964975833893,0.10360497236251831
1767708699951605500,56.43960546875,0.006479450035840273,0.11380179971456528,0.26762667298316956
1767708699961605600,56.44960571289062,0.3195044696331024,0.15814423561096191,0.3634245991706848
1767708699971606500,56.4596064453125,0.4444015920162201,0.16829535365104675,0.33950650691986084
1767708699981606400,56.4696064453125,0.3076906204223633,0.14557333290576935,0.12080492079257965
1767708699991607600,56.479607666015625,0.10412602126598358,0.08554860949516296,-0.1797381341457367
1767708700001607700,56.48960766601562,-0.022224940359592438,0.036123812198638916,-0.37064146995544434
1767708700011607600,56.49960766601563,-0.0475742369890213,0.1387449949979782,-0.24171970784664154
1767708700021608700,56.50960864257812,-0.03416680172085762,0.22775322198867798,0.15756089985370636
1767708700031608600,56.51960864257813,-0.0020781042985618114,0.22920358180999756,0.5085639357566833
1767708700041609500,56.529609375,0.12503483891487122,0.22217044234275818,0.6516146063804626
1767708700051609600,56.53960961914063,0.27708348631858826,0.14990556240081787,0.6030763387680054
1767708700061610800,56.54961083984375,0.4228129982948303,0.019130773842334747,0.4561433494091034
1767708700071610600,56.55961059570313,0.5061518549919128,-0.03969712182879448,0.345261812210083
1767708700081611500,56.56961157226562,0.5191571712493896,-0.10082364082336426,0.26792067289352417
1767708700091611600,56.57961157226563,0.43059611320495605,-0.03979943320155144,0.2135932594537735
1767708700101611500,56.589611572265625,0.30702534317970276,0.06963535398244858,0.12621578574180603
1767708700111612700,56.59961279296875,0.1581655740737915,0.17451569437980652,-0.009105553850531578
1767708700121612500,56.609612548828125,-0.03704938665032387,0.33640557527542114,-0.17914307117462158
1767708700131613400,56.619613525390626,-0.2107119858264923,0.5133606791496277,-0.3945366144180298
1767708700141613000,56.62961303710937,-0.3132610321044922,0.603315532207489,-0.629694402217865
1767708700151614200,56.6396142578125,-0.3758351802825928,0.6437010169029236,-0.7907970547676086
1767708700161614000,56.64961401367187,-0.3999521732330322,0.6051281690597534,-0.8231146335601807
1767708700171614200,56.6596142578125,-0.3855884373188019,0.4470789134502411,-0.7580618858337402
1767708700181615000,56.66961499023437,-0.34477999806404114,0.2565544843673706,-0.7036974430084229
1767708700191615200,56.679615234375,-0.28625476360321045,0.12072861939668655,-0.7216125726699829
1767708700201616100,56.6896162109375,-0.20539921522140503,0.029178770259022713,-0.7950911521911621
1767708700211616000,56.69961596679688,-0.11599315702915192,0.007424737326800823,-0.876013994216919
1767708700221617000,56.70961694335937,-0.028422830626368523,-0.0007927124388515949,-0.927568256855011
1767708700231617300,56.7196171875,0.014149853028357029,-0.014307382516562939,-0.9476649761199951
1767708700241618200,56.7296181640625,0.002678819466382265,-0.04473958909511566,-0.9684643149375916
1767708700251618000,56.7396181640625,-0.04409776255488396,-0.047312527894973755,-1.0058993101119995
1767708700261618200,56.7496181640625,-0.1143072098493576,0.0005189087241888046,-1.0525685548782349
1767708700271619000,56.759619140625,-0.19860847294330597,0.06860443949699402,-1.1098636388778687
1767708700281619000,56.769618896484374,-0.28741317987442017,0.22076575458049774,-1.1434834003448486
1767708700291620000,56.7796201171875,-0.40575528144836426,0.381481409072876,-1.1508578062057495
1767708700301620000,56.789619873046874,-0.44778206944465637,0.4997495710849762,-1.1445958614349365
1767708700311621000,56.79962109375,-0.3667202591896057,0.5839658379554749,-1.1825768947601318
1767708700321621200,56.809621337890626,-0.24778242409229279,0.6216868758201599,-1.2123563289642334
1767708700331622100,56.8196220703125,-0.17847980558872223,0.6303120255470276,-1.2005170583724976
1767708700341622000,56.8296220703125,-0.13332857191562653,0.641413688659668,-1.1440359354019165
1767708700351622100,56.8396220703125,-0.08531337976455688,0.625755786895752,-1.0873686075210571
1767708700361623000,56.849623046875,-0.02944372035562992,0.5926920771598816,-1.015559196472168
1767708700371623000,56.85962280273438,0.012350610457360744,0.5391364693641663,-0.9478721022605896
1767708700381624000,56.8696240234375,0.0300489142537117,0.4413343071937561,-0.9120091795921326
1767708700391624200,56.87962426757812,0.013648634776473045,0.3461683690547943,-0.9045584797859192
1767708700401625000,56.889625,-0.004818568006157875,0.28805285692214966,-0.9230676293373108
1767708700411625200,56.89962524414062,-0.006713939364999533,0.27198758721351624,-0.9521210789680481
1767708700421625000,56.909625,0.0008068271563388407,0.18932707607746124,-0.9184113144874573
1767708700431626000,56.9196259765625,-0.0004837269661948085,0.04937933385372162,-0.7462323904037476
1767708700441626000,56.92962622070313,-0.04557983949780464,-0.16661103069782257,-0.5147114396095276
1767708700451627000,56.939626953125,-0.13260182738304138,-0.32608938217163086,-0.325912743806839
1767708700461627000,56.949626953125,-0.2514519691467285,-0.43509355187416077,-0.24705086648464203
1767708700471628300,56.95962817382812,-0.42978760600090027,-0.5391581654548645,-0.30525049567222595
1767708700481628200,56.96962817382813,-0.6212085485458374,-0.6256088614463806,-0.40183836221694946
1767708700491629000,56.97962915039062,-0.7008117437362671,-0.7125983238220215,-0.4554416835308075
1767708700501629200,56.98962915039063,-0.5912936925888062,-0.763616681098938,-0.4718934893608093
1767708700511629000,56.999629150390625,-0.34081247448921204,-0.6805281639099121,-0.5042988657951355
1767708700521630000,57.0096298828125,-0.11630558967590332,-0.5784781575202942,-0.5901154279708862
1767708700531630000,57.019630126953125,-0.061035677790641785,-0.4927211403846741,-0.5915356874465942
1767708700541631000,57.029630859375,-0.10016363114118576,-0.5479307770729065,-0.5611827969551086
1767708700551631000,57.039631103515624,-0.2098560482263565,-0.655866801738739,-0.578867495059967
1767708700561632300,57.04963232421875,-0.42406371235847473,-0.5447182655334473,-0.6491904258728027
1767708700571632000,57.059632080078124,-0.6507871150970459,-0.5146520137786865,-0.7778770327568054
1767708700581633000,57.069633056640626,-0.6430333852767944,-0.5921080708503723,-0.8969407081604004
1767708700591633200,57.079633056640624,-0.47799140214920044,-0.6184480786323547,-0.8082547783851624
1767708700601633000,57.08963305664062,-0.2680778205394745,-0.5790397524833679,-0.5719338655471802
1767708700611634000,57.099634033203124,-0.07096689939498901,-0.44244059920310974,-0.3524310886859894
1767708700621634000,57.10963403320312,0.12570089101791382,-0.28794553875923157,-0.27801933884620667
1767708700631635200,57.11963525390625,0.2911849319934845,-0.1642555594444275,-0.4023101329803467
1767708700641635000,57.12963500976562,0.3432091772556305,-0.03938382491469383,-0.5541819930076599
1767708700651636200,57.13963623046875,0.4172173738479614,0.0942583903670311,-0.4880339205265045
1767708700661636000,57.14963598632813,0.43401312828063965,0.3288136124610901,-0.22764679789543152
1767708700671637000,57.15963696289062,0.338401734828949,0.4846688508987427,-0.04036153107881546
1767708700681637000,57.16963720703125,0.19139552116394043,0.5353725552558899,0.020284241065382957
1767708700691637000,57.179636962890626,0.0758795440196991,0.5408879518508911,0.045326508581638336
1767708700701638000,57.18963793945313,-0.02794724702835083,0.527775228023529,0.1023416519165039
1767708700711638300,57.19963818359375,-0.14612075686454773,0.40856415033340454,0.2048880010843277
1767708700721639200,57.20963916015625,-0.24250933527946472,0.2549722194671631,0.3531363308429718
1767708700731639000,57.21963916015625,-0.2624974548816681,0.11252793669700623,0.4892587661743164
1767708700741640200,57.22964013671875,-0.1885145604610443,0.010746181011199951,0.5588000416755676
1767708700751640000,57.23964013671875,-0.0883701741695404,-0.12294597923755646,0.564370334148407
1767708700761640200,57.24964013671875,0.04765530303120613,-0.22929957509040833,0.5546378493309021
1767708700771641000,57.25964111328125,0.20978005230426788,-0.2748126685619354,0.5848405957221985
1767708700781641000,57.26964086914062,0.35814687609672546,-0.2528977692127228,0.6703922748565674
1767708700791642000,57.27964208984375,0.47729912400245667,-0.2046584039926529,0.7455614805221558
1767708700801642200,57.289642333984375,0.5710561275482178,-0.11421836167573929,0.7570414543151855
1767708700811643100,57.29964306640625,0.6006984710693359,0.0239938385784626,0.722342312335968
1767708700821643000,57.30964306640625,0.5741465091705322,0.18451054394245148,0.6570722460746765
1767708700831644200,57.31964404296875,0.551986038684845,0.3076058328151703,0.5752888917922974
1767708700841644000,57.32964404296875,0.49028968811035156,0.45299842953681946,0.4800387918949127
1767708700851644200,57.33964404296875,0.41615957021713257,0.6138014197349548,0.3914221525192261
1767708700861645000,57.34964501953125,0.36024436354637146,0.7370581030845642,0.3153209984302521
1767708700871645200,57.35964526367187,0.2635599672794342,0.7586643099784851,0.21522977948188782
1767708700881646000,57.36964599609375,0.18412983417510986,0.6157875657081604,0.11528560519218445
1767708700891646200,57.37964624023437,0.09499730914831161,0.2520727813243866,0.03665999323129654
1767708700901647000,57.389647216796874,-0.05407555028796196,-0.011163150891661644,0.015318418852984905
1767708700911647000,57.39964697265625,-0.19752219319343567,-0.048404525965452194,0.09247685223817825
1767708700921647000,57.40964721679688,-0.29770663380622864,-0.03912467882037163,0.21423326432704926
1767708700931648000,57.41964794921875,-0.43255579471588135,-0.06925222277641296,0.3226689100265503
1767708700941648100,57.42964819335938,-0.548791229724884,-0.15757161378860474,0.3478389084339142
1767708700951649300,57.43964916992188,-0.6253856420516968,-0.21146148443222046,0.29913341999053955
1767708700961649200,57.44964916992188,-0.643217146396637,-0.23309849202632904,0.2634216547012329
1767708700971650000,57.45965014648438,-0.5396260619163513,-0.2524071931838989,0.31022271513938904
1767708700981650200,57.469650146484376,-0.24314776062965393,-0.23829132318496704,0.3957078456878662
1767708700991651000,57.47965112304688,0.11533794552087784,-0.1613486111164093,0.4316038191318512
1767708701001651000,57.48965087890625,0.47580933570861816,-0.08120125532150269,0.4026361405849457
1767708701011651000,57.499651123046874,0.6793584227561951,-0.004233235958963633,0.29422762989997864
1767708701021652000,57.50965185546875,0.663782000541687,0.11442355066537857,0.17821229994297028
1767708701031652000,57.519652099609374,0.5212658643722534,0.32464414834976196,0.08829332888126373
1767708701041653200,57.5296533203125,0.37735286355018616,0.45639947056770325,0.008461389690637589
1767708701051653000,57.539653076171874,0.2533891201019287,0.4888405203819275,0.06474091112613678
1767708701061654000,57.549654052734375,0.13628104329109192,0.5018057227134705,0.17976421117782593
1767708701071654100,57.55965405273437,0.09089358150959015,0.41312143206596375,0.1968957930803299
1767708701081655000,57.569655029296875,0.09819382429122925,0.17620618641376495,0.22665086388587952
1767708701091655000,57.57965502929687,0.13106229901313782,-0.15956994891166687,0.2987503707408905
1767708701101655000,57.58965502929688,0.16968564689159393,-0.34622421860694885,0.3299804925918579
1767708701111656200,57.59965625,0.25908342003822327,-0.32095959782600403,0.25762853026390076
1767708701121656000,57.60965600585938,0.2603186070919037,-0.16737033426761627,0.04752908647060394
1767708701131657200,57.6196572265625,0.17126302421092987,0.062392666935920715,-0.16528373956680298
1767708701141657900,57.629657958984374,0.042087990790605545,0.3247382640838623,-0.25052568316459656
1767708701151658800,57.63965869140625,-0.1262037605047226,0.5094735026359558,-0.2542050778865814
1767708701161659000,57.649658935546874,-0.314852237701416,0.6593974828720093,-0.2788078784942627
1767708701171658800,57.65965869140625,-0.45790714025497437,0.7348014712333679,-0.3566735088825226
1767708701181659600,57.66965966796875,-0.4981837272644043,0.7144437432289124,-0.43776464462280273
1767708701191659800,57.67965966796875,-0.49343404173851013,0.6543849110603333,-0.4329371750354767
1767708701201660700,57.68966064453125,-0.488033652305603,0.5321511030197144,-0.3364885449409485
1767708701211660500,57.69966064453125,-0.44557061791419983,0.3423529267311096,-0.23504871129989624
1767708701221661700,57.70966162109375,-0.3923819661140442,0.1945943683385849,-0.21659673750400543
1767708701231661800,57.71966186523437,-0.3080913722515106,0.09070791304111481,-0.27807289361953735
1767708701241662700,57.72966284179687,-0.1655571460723877,0.016374021768569946,-0.3583299517631531
1767708701251662800,57.73966284179688,-0.00876611564308405,-0.011958474293351173,-0.4010668992996216
1767708701261662700,57.74966284179688,0.11031793057918549,-0.01392548531293869,-0.4052981436252594
1767708701271663600,57.75966357421875,0.2032070904970169,-0.034949928522109985,-0.41869959235191345
1767708701281663700,57.769663818359376,0.24179868400096893,-0.04967427998781204,-0.43573394417762756
1767708701291665000,57.77966479492188,0.2652512788772583,-0.027457820251584053,-0.4438604712486267
1767708701301664800,57.789664794921876,0.25774890184402466,0.011588318273425102,-0.44059106707572937
1767708701311665700,57.79966577148438,0.1764194220304489,0.043930813670158386,-0.418168306350708
1767708701321665800,57.809665771484376,0.09771768748760223,0.09320195019245148,-0.41581541299819946
1767708701331665700,57.819665771484374,0.06033940240740776,0.11991686373949051,-0.4459318220615387
1767708701341666800,57.829666748046876,0.056087933480739594,0.14314815402030945,-0.4833766520023346
1767708701351666700,57.839666748046874,-0.003348176833242178,0.14068500697612762,-0.5010583996772766
1767708701361667600,57.84966748046875,-0.002707686275243759,0.07536805421113968,-0.5288338661193848
1767708701371667700,57.85966772460937,0.10104500502347946,0.06110304221510887,-0.5882958769798279
1767708701381668900,57.8696689453125,0.18688960373401642,0.12537656724452972,-0.644180178642273
1767708701391668700,57.87966870117187,0.24941882491111755,0.2697470784187317,-0.6986755728721619
1767708701401669600,57.889669677734375,0.2907467782497406,0.4095171391963959,-0.7475884556770325
1767708701411669800,57.89966967773437,0.30505993962287903,0.46510049700737,-0.7908759713172913
1767708701421669600,57.90966967773438,0.2605808675289154,0.43125680088996887,-0.8192622065544128
1767708701431670800,57.9196708984375,0.16523969173431396,0.33354195952415466,-0.8307865262031555
1767708701441670700,57.92967065429688,0.04735999554395676,0.2246997058391571,-0.8494560718536377
1767708701451671800,57.939671875,-0.026919564232230186,0.14359313249588013,-0.8680318593978882
1767708701461672000,57.949671875,-0.03738443925976753,0.0977678969502449,-0.8507820963859558
1767708701471672800,57.9596728515625,0.010483216494321823,0.018098901957273483,-0.6881388425827026
1767708701481672700,57.96967260742188,0.057880256325006485,-0.10896993428468704,-0.3809781074523926
1767708701491672800,57.9796728515625,0.037899624556303024,-0.238002747297287,-0.10601074248552322
1767708701501673700,57.989673828125,-0.04587752744555473,-0.3934219479560852,-0.023241855204105377
1767708701511673600,57.999673583984375,-0.16841650009155273,-0.5978928208351135,-0.16696946322917938
1767708701521674800,58.0096748046875,-0.35056552290916443,-0.7609056830406189,-0.42909881472587585
1767708701531674600,58.019674560546875,-0.5409911274909973,-0.7727152109146118,-0.5828598737716675
1767708701541675800,58.02967578125,-0.5879807472229004,-0.5972195863723755,-0.510342001914978
1767708701551676000,58.03967602539063,-0.3529261350631714,-0.48525917530059814,-0.44988664984703064
1767708701561676800,58.0496767578125,-0.07331269979476929,-0.43709826469421387,-0.5560835599899292
1767708701571676700,58.0596767578125,0.09276735037565231,-0.2886451482772827,-0.6512753367424011
1767708701581676800,58.0696767578125,0.24233610928058624,-0.19218400120735168,-0.6561589241027832
1767708701591677700,58.079677734375,0.2752820551395416,-0.28859734535217285,-0.6231170892715454
1767708701601677600,58.08967749023437,0.13753008842468262,-0.3924084007740021,-0.6059479713439941
1767708701611678700,58.0996787109375,-0.20184211432933807,-0.4540451467037201,-0.59197998046875
1767708701621678800,58.109678955078124,-0.6522538065910339,-0.5300789475440979,-0.5662919282913208
1767708701631679700,58.1196796875,-0.6801586747169495,-0.7073404788970947,-0.4721294045448303
1767708701641680000,58.129679931640624,-0.49430862069129944,-0.7327440977096558,-0.1988944113254547
1767708701651679700,58.1396796875,-0.33574506640434265,-0.5876477956771851,0.07959061861038208
1767708701661680600,58.1496806640625,-0.18152271211147308,-0.4077475070953369,0.2016637921333313
1767708701671680800,58.1596806640625,-0.06267333775758743,-0.25358736515045166,0.15021350979804993
1767708701681681700,58.169681640625,-0.0041692862287163734,-0.09975012391805649,0.03193667531013489
1767708701691681500,58.179681640625,0.04396475479006767,-0.053704552352428436,-0.05098404735326767
1767708701701682700,58.1896826171875,0.1151520386338234,0.00970841571688652,0.003206273540854454
1767708701711682800,58.19968286132813,0.15337398648262024,0.1612665206193924,0.1824500560760498
1767708701721683700,58.20968359375,0.09734933823347092,0.31149569153785706,0.3253648579120636
1767708701731683800,58.21968383789063,-0.03251832723617554,0.33324962854385376,0.34488245844841003
1767708701741683700,58.22968359375,-0.1346481591463089,0.25765499472618103,0.28458371758461
1767708701751684600,58.2396845703125,-0.20150311291217804,0.18608368933200836,0.2541869282722473
1767708701761684700,58.249684814453126,-0.24708977341651917,0.12655217945575714,0.28698641061782837
1767708701771686000,58.25968579101563,-0.26255184412002563,0.022756613790988922,0.356122225522995
1767708701781685800,58.269685791015625,-0.256737619638443,-0.11402333527803421,0.44787824153900146
1767708701791686700,58.27968676757813,-0.23000746965408325,-0.22599129378795624,0.5312058329582214
1767708701801686800,58.289686767578125,-0.16044333577156067,-0.2986013889312744,0.6036441326141357
1767708701811686700,58.29968676757812,-0.06912247836589813,-0.29914119839668274,0.6582594513893127
1767708701821687800,58.309687744140625,0.04610370844602585,-0.27454957365989685,0.7094272971153259
1767708701831687700,58.31968774414062,0.1627456694841385,-0.2426191121339798,0.7488621473312378
1767708701841688600,58.3296884765625,0.24319976568222046,-0.15030649304389954,0.76566082239151
1767708701851688700,58.33968872070312,0.3088853061199188,-0.05909736454486847,0.7437744140625
1767708701861689900,58.34968994140625,0.3404637277126312,0.0698922723531723,0.6983878016471863
1767708701871689700,58.35968969726562,0.3417806625366211,0.1946222186088562,0.6257045269012451
1767708701881690600,58.369690673828124,0.32626402378082275,0.25480812788009644,0.5652626156806946
1767708701891690800,58.37969067382812,0.2876388728618622,0.24520957469940186,0.5059583187103271
1767708701901690600,58.38969067382813,0.2431987226009369,0.19993028044700623,0.41883614659309387
1767708701911691800,58.39969189453125,0.19449590146541595,0.1999414712190628,0.3606540560722351
1767708701921691600,58.40969165039063,0.10472152382135391,0.18666395545005798,0.31160709261894226
1767708701931692800,58.41969287109375,0.009992881678044796,0.12130385637283325,0.26412373781204224
1767708701941693000,58.42969287109375,-0.06363790482282639,0.04278874397277832,0.24575604498386383
1767708701951693800,58.43969384765625,-0.13805781304836273,-0.07186486572027206,0.24310460686683655
1767708701961693700,58.44969360351563,-0.2089628279209137,-0.15369847416877747,0.25549381971359253
1767708701971693800,58.45969384765625,-0.2953791916370392,-0.18489448726177216,0.28047481179237366
1767708701981694700,58.46969482421875,-0.3696707785129547,-0.14996691048145294,0.2969329059123993
1767708701991694600,58.479694580078124,-0.4175370931625366,-0.1365078240633011,0.272483766078949
1767708702001695700,58.48969580078125,-0.42759108543395996,-0.14990746974945068,0.2365066260099411
1767708702011695600,58.499695556640624,-0.40811407566070557,-0.22332921624183655,0.2910260558128357
1767708702021696800,58.50969677734375,-0.28980526328086853,-0.33881548047065735,0.49418124556541443
1767708702031697000,58.51969677734375,-0.016992641612887383,-0.36757656931877136,0.7785237431526184
1767708702041696800,58.52969677734375,0.2826935946941376,-0.3362497389316559,0.9278968572616577
1767708702051697700,58.53969775390625,0.5044880509376526,-0.2042219340801239,0.790925145149231
1767708702061697800,58.54969775390625,0.48125168681144714,-0.08604549616575241,0.30894041061401367
1767708702071698700,58.55969873046875,0.40805289149284363,-0.003842239733785391,-0.10665395855903625
1767708702081698600,58.56969848632812,0.34575358033180237,0.10239285230636597,-0.2624747157096863
1767708702091699700,58.57969970703125,0.3404211401939392,0.2052047997713089,-0.2394440472126007
1767708702101699800,58.58969995117187,0.29590585827827454,0.2743276357650757,-0.03127961978316307
1767708702111700700,58.59970068359375,0.14878591895103455,0.21123415231704712,0.30347439646720886
1767708702121700900,58.60970092773437,0.019857235252857208,0.1508224755525589,0.5020354390144348
1767708702131700700,58.61970068359375,0.024724150076508522,0.17051000893115997,0.46477606892585754
1767708702141701600,58.62970166015625,0.10403575003147125,0.08815973252058029,0.2880460321903229
1767708702151702000,58.63970190429688,0.11675640940666199,-0.051775891333818436,0.12332889437675476
1767708702161703000,58.64970288085937,0.1330442875623703,-0.1695520579814911,0.17377954721450806
1767708702171702800,58.65970288085938,0.15351304411888123,-0.16902032494544983,0.2378019243478775
1767708702181703700,58.66970361328125,0.1684427261352539,-0.002710173837840557,0.1640118509531021
1767708702191703800,58.67970385742188,0.14444497227668762,0.22148121893405914,0.08225184679031372
1767708702201703700,58.68970361328125,0.05664478987455368,0.3816102147102356,0.0816623643040657
1767708702211705000,58.699705078125,-0.11333492398262024,0.4708807170391083,0.06496407836675644
1767708702221705000,58.709705078125,-0.2806754410266876,0.6404852271080017,-0.06805575639009476
1767708702231705900,58.71970581054688,-0.3683805465698242,0.8151397705078125,-0.25909820199012756
1767708702241706000,58.7297060546875,-0.3966321647167206,0.8744878172874451,-0.32290488481521606
1767708702251707000,58.73970678710938,-0.39998769760131836,0.7297388911247253,-0.24474379420280457
1767708702261706800,58.749706787109375,-0.4111234247684479,0.5115562081336975,-0.1389651596546173
1767708702271708000,58.7597080078125,-0.3861216902732849,0.29457974433898926,-0.10769112408161163
1767708702281708000,58.7697080078125,-0.30429449677467346,0.13088487088680267,-0.16922065615653992
1767708702291708000,58.7797080078125,-0.16877871751785278,0.03589126095175743,-0.2482844740152359
1767708702301709000,58.789708984375,-0.02469743974506855,-0.021388806402683258,-0.30703219771385193
1767708702311709000,58.799708984375,0.06779731810092926,-0.07716971635818481,-0.34606680274009705
1767708702321709800,58.809709716796874,0.11672891676425934,-0.11886545270681381,-0.3668981194496155
1767708702331710000,58.8197099609375,0.13916365802288055,-0.14789338409900665,-0.37166541814804077
1767708702341710800,58.8297109375,0.1381852626800537,-0.12088852375745773,-0.3744564354419708
1767708702351710700,58.83971069335937,0.10872936248779297,-0.06806206703186035,-0.40106621384620667
1767708702361710800,58.8497109375,0.08455580472946167,0.010027952492237091,-0.4267107844352722
1767708702371712000,58.8597119140625,0.017451604828238487,0.10771562904119492,-0.46428799629211426
1767708702381712000,58.8697119140625,-0.09655565768480301,0.1576220840215683,-0.5277321934700012
1767708702391713000,58.87971313476562,-0.20361259579658508,0.224924698472023,-0.6237404346466064
1767708702401713000,58.889712890625,-0.25585025548934937,0.27229371666908264,-0.734456479549408
1767708702411713800,58.8997138671875,-0.23789817094802856,0.30232831835746765,-0.8344895839691162
1767708702421714000,58.9097138671875,-0.18334883451461792,0.3318934738636017,-0.8567991852760315
1767708702431715000,58.91971508789062,-0.10673794150352478,0.4258876144886017,-0.832712709903717
1767708702441715000,58.92971484375,-0.06440194696187973,0.4787459969520569,-0.7923768758773804
1767708702451715000,58.939715087890626,-0.03935864195227623,0.47735396027565,-0.7694955468177795
1767708702461716000,58.94971606445313,-0.04005644470453262,0.4185219407081604,-0.750116229057312
1767708702471715800,58.9597158203125,-0.05509531497955322,0.36038219928741455,-0.7499998211860657
1767708702481717000,58.96971704101563,-0.08308064937591553,0.288245290517807,-0.779536783695221
1767708702491716900,58.979716796875,-0.08384604007005692,0.2511192262172699,-0.8160538077354431
1767708702501717800,58.9897177734375,-0.049262721091508865,0.2663607895374298,-0.8068763613700867
1767708702511718000,58.9997177734375,0.014504540711641312,0.21615885198116302,-0.6889958381652832
1767708702521717800,59.0097177734375,0.0864676758646965,0.06849987059831619,-0.4490025043487549
1767708702531719000,59.019718994140625,0.12800419330596924,-0.13574621081352234,-0.20364442467689514
1767708702541719000,59.02971899414062,0.09073405712842941,-0.2854555547237396,-0.07150395959615707
1767708702551720000,59.039719970703125,-0.03639356046915054,-0.4103679955005646,-0.08991377055644989
1767708702561719800,59.0497197265625,-0.2779547870159149,-0.5352004766464233,-0.24248093366622925
1767708702571721000,59.059720947265625,-0.5948038101196289,-0.6238826513290405,-0.4061369001865387
1767708702581720800,59.06972094726562,-0.8191359639167786,-0.6242685914039612,-0.4093308448791504
1767708702591720700,59.079720703125,-0.7766724228858948,-0.42602643370628357,-0.2762730121612549
1767708702601722000,59.08972216796875,-0.4822937548160553,-0.3144700825214386,-0.1751791536808014
1767708702611722000,59.09972192382813,-0.28628087043762207,-0.34701675176620483,-0.17884820699691772
1767708702621723000,59.10972290039062,-0.2804184556007385,-0.5965666770935059,-0.2451007217168808
1767708702631723000,59.11972290039063,-0.33066585659980774,-0.7697436213493347,-0.32255494594573975
1767708702641724000,59.12972387695312,-0.41996297240257263,-0.7306249737739563,-0.3427926003932953
1767708702651723800,59.13972387695313,-0.5630525350570679,-0.6263718605041504,-0.2834928035736084
1767708702661725000,59.14972485351562,-0.5153795480728149,-0.6996340751647949,-0.17085014283657074
1767708702671724800,59.15972485351563,-0.3328203558921814,-0.7992711663246155,-0.05590184032917023
1767708702681724700,59.169724609375,-0.12353689223527908,-0.7758688926696777,0.01683361455798149
1767708702691726000,59.17972607421875,0.07598944753408432,-0.6447301506996155,0.08855168521404266
1767708702701726000,59.189725830078125,0.24146708846092224,-0.522375762462616,0.16592131555080414
1767708702711726800,59.199726806640626,0.35740622878074646,-0.44097045063972473,0.1684807687997818
1767708702721727000,59.20972705078125,0.4118979573249817,-0.35808196663856506,0.09255564957857132
1767708702731728000,59.219727783203126,0.4364299476146698,-0.14857728779315948,0.02293647825717926
1767708702741727700,59.229727783203124,0.4433211386203766,0.09444628655910492,0.11502539366483688
1767708702751727900,59.23972778320312,0.35799640417099,0.2216084599494934,0.28302502632141113
1767708702761729000,59.24972900390625,0.20259352028369904,0.31567609310150146,0.38182777166366577
1767708702771729000,59.25972900390625,0.09837840497493744,0.3482919931411743,0.39628976583480835
1767708702781730000,59.26972998046875,0.02153714932501316,0.33117279410362244,0.3688538074493408
1767708702791730000,59.27972998046875,-0.029568646103143692,0.2893105745315552,0.3305264115333557
1767708702801730800,59.28973071289062,-0.05759521946310997,0.23615066707134247,0.31520336866378784
1767708702811731000,59.29973095703125,-0.06288926303386688,0.15039929747581482,0.339200884103775
1767708702821731800,59.30973193359375,-0.03777569904923439,0.013865301385521889,0.3832952380180359
1767708702831731700,59.31973168945313,-0.01676016114652157,-0.07858926802873611,0.4412173926830292
1767708702841731800,59.32973193359375,0.018070761114358902,-0.1695493459701538,0.49074670672416687
1767708702851733000,59.33973291015625,0.06212344393134117,-0.21886895596981049,0.5487256050109863
1767708702861732900,59.34973291015625,0.12230265140533447,-0.2224741131067276,0.6257752776145935
1767708702871734000,59.35973413085937,0.18152256309986115,-0.1598392277956009,0.7123783826828003
1767708702881734000,59.36973388671875,0.21186500787734985,-0.04506715387105942,0.7818611264228821
1767708702891734800,59.37973486328125,0.2580450177192688,0.09710676223039627,0.7858657240867615
1767708702901735000,59.38973486328125,0.3092733323574066,0.21630436182022095,0.7112421989440918
1767708702911734800,59.39973486328125,0.3307810127735138,0.30820444226264954,0.5936955809593201
1767708702921736000,59.40973583984375,0.3286537528038025,0.3721255660057068,0.48725426197052
1767708702931736000,59.419736083984375,0.3133232593536377,0.35822707414627075,0.39752277731895447
1767708702941737000,59.42973706054688,0.2813858091831207,0.28027305006980896,0.305207759141922
1767708702951736800,59.43973681640625,0.2366766333580017,0.13592597842216492,0.2058398723602295
1767708702961738000,59.44973803710938,0.12080992013216019,0.0038946124259382486,0.1412334442138672
1767708702971737900,59.45973779296875,-0.004244131036102772,-0.09176293760538101,0.10830478370189667
1767708702981737700,59.46973779296875,-0.05251222476363182,-0.17004574835300446,0.08603725582361221
1767708702991739000,59.47973876953125,-0.07436905801296234,-0.21822047233581543,0.11902236938476562
1767708703001738800,59.48973876953125,-0.11270792037248611,-0.28938624262809753,0.19037458300590515
1767708703011740000,59.499739990234374,-0.17266272008419037,-0.3011345863342285,0.28168195486068726
1767708703021740000,59.50973999023437,-0.23516684770584106,-0.2701178193092346,0.33562615513801575
1767708703031741000,59.519740966796874,-0.317290723323822,-0.23617948591709137,0.32006242871284485
1767708703041740800,59.52974072265625,-0.42560574412345886,-0.21039102971553802,0.286537766456604
1767708703051741000,59.53974096679688,-0.48228657245635986,-0.20391662418842316,0.3170101046562195
1767708703061741800,59.54974194335937,-0.34761741757392883,-0.2081180363893509,0.43964600563049316
1767708703071741700,59.55974169921875,-0.01909364014863968,-0.1549191027879715,0.5885857939720154
1767708703081743000,59.5697431640625,0.42860105633735657,-0.09311486035585403,0.6532391309738159
1767708703091743000,59.57974291992188,0.8168947100639343,0.09563418477773666,0.5661494135856628
1767708703101743900,59.58974389648437,0.919362485408783,0.2088952213525772,0.3227529525756836
1767708703111744000,59.59974389648438,0.798030436038971,0.22462384402751923,0.11754092574119568
1767708703121745000,59.60974487304688,0.6352763772010803,0.15952500700950623,0.04547126218676567
1767708703131744800,59.619744873046876,0.49368202686309814,0.01939525455236435,0.13516852259635925
1767708703141745000,59.629744873046874,0.3500351011753082,0.07705269008874893,0.3629249632358551
1767708703151745000,59.6397451171875,0.2712268829345703,0.13162201642990112,0.5251412391662598
1767708703161745200,59.6497451171875,0.34787237644195557,0.10263536870479584,0.5421159863471985
1767708703171746000,59.65974609375,0.4245064854621887,0.047458283603191376,0.4183027446269989
1767708703181746000,59.66974584960938,0.3979009985923767,-0.006755417678505182,0.19518017768859863
1767708703191747000,59.6797470703125,0.2962493300437927,-0.06142125278711319,-0.029640644788742065
1767708703201747000,59.68974682617188,0.18365943431854248,-0.07123926281929016,-0.18865986168384552
1767708703211746800,59.699746826171875,0.08562606573104858,-0.013364000245928764,-0.25698867440223694
1767708703221748000,59.709748046875,0.031225403770804405,0.19459505379199982,-0.1879342496395111
1767708703231747800,59.719747802734375,-0.009260710328817368,0.30856257677078247,0.011143358424305916
1767708703241749000,59.7297490234375,-0.11142675578594208,0.39193761348724365,0.16192620992660522
1767708703251749000,59.7397490234375,-0.2742021083831787,0.45217007398605347,0.1355617195367813
1767708703261750000,59.74975,-0.39548245072364807,0.521850049495697,-0.05025475472211838
1767708703271750000,59.75975,-0.3947588801383972,0.6342900395393372,-0.24385137856006622
1767708703281750000,59.76975,-0.33124589920043945,0.6553114056587219,-0.31327909231185913
1767708703291751000,59.7797509765625,-0.29759740829467773,0.5285332202911377,-0.2744605839252472
1767708703301750800,59.78975073242187,-0.28885430097579956,0.28941792249679565,-0.2202204316854477
1767708703311752200,59.799752197265626,-0.26538947224617004,0.06659628450870514,-0.21410022675991058
1767708703321752000,59.809751953125,-0.17344991862773895,-0.07186416536569595,-0.24469918012619019
1767708703331753000,59.8197529296875,-0.04736709222197533,-0.13901923596858978,-0.2724141478538513
1767708703341753000,59.829753173828124,0.08092909306287766,-0.13982978463172913,-0.2768443822860718
1767708703351753000,59.8397529296875,0.16586317121982574,-0.11462055891752243,-0.2864445447921753
1767708703361753900,59.84975390625,0.22739024460315704,-0.10790719091892242,-0.3042207956314087
1767708703371754000,59.85975390625,0.2427729368209839,-0.0842394083738327,-0.3217153549194336
1767708703381755000,59.8697548828125,0.22826015949249268,-0.05778929591178894,-0.3385990560054779
1767708703391754800,59.879754638671876,0.15857481956481934,-0.04015570878982544,-0.38134095072746277
1767708703401756200,59.88975610351562,0.04686969518661499,0.08630039542913437,-0.44600358605384827
1767708703411756000,59.89975610351563,-0.04972022771835327,0.25111597776412964,-0.5481573939323425
1767708703421756000,59.909755859375,-0.10905279964208603,0.43287602066993713,-0.6974390745162964
1767708703431757000,59.91975708007813,-0.12766802310943604,0.6022490859031677,-0.8693826198577881
1767708703441757000,59.9297568359375,-0.15385550260543823,0.7426038384437561,-1.044059157371521
1767708703451757800,59.9397578125,-0.1674717217683792,0.8452388644218445,-1.1692066192626953
1767708703461758000,59.949758056640626,-0.1522964984178543,0.8827028870582581,-1.2086848020553589
1767708703471759000,59.95975903320313,-0.13141806423664093,0.891237199306488,-1.1675615310668945
1767708703481759000,59.969759033203125,-0.10759875178337097,0.8478530049324036,-1.0946601629257202
1767708703491760000,59.97976000976563,-0.08595418184995651,0.7508938312530518,-1.0054855346679688
1767708703501760000,59.989760009765625,-0.051852140575647354,0.6377254724502563,-0.9325847029685974
1767708703511760000,59.999759765625,0.047124285250902176,0.49025291204452515,-0.8797883987426758
1767708703521761000,60.009760986328125,0.16260693967342377,0.34839779138565063,-0.8388004899024963
1767708703531761000,60.01976098632812,0.2891393005847931,0.21288812160491943,-0.7948749661445618
1767708703541761800,60.02976171875,0.38851675391197205,0.09482060372829437,-0.7002789974212646
1767708703551762000,60.03976196289062,0.44109076261520386,0.020594635978341103,-0.506173849105835
1767708703561763000,60.04976318359375,0.3928329646587372,-0.122941754758358,-0.2987154722213745
1767708703571763000,60.05976293945312,0.24552680552005768,-0.23867811262607574,-0.1974356472492218
1767708703581763000,60.06976318359375,0.049168746918439865,-0.3348107933998108,-0.2724353075027466
1767708703591764000,60.07976391601562,-0.18543042242527008,-0.4037197232246399,-0.47926661372184753
1767708703601763800,60.08976391601563,-0.4375966191291809,-0.44712311029434204,-0.6688858270645142
1767708703611765000,60.09976489257812,-0.6221057176589966,-0.45617929100990295,-0.674079418182373
1767708703621764900,60.10976489257813,-0.6750003695487976,-0.42134568095207214,-0.5052027702331543
1767708703631766000,60.11976611328125,-0.5575416684150696,-0.3414565622806549,-0.345414936542511
1767708703641766100,60.12976611328125,-0.33662450313568115,-0.21677401661872864,-0.2974277138710022
1767708703651766000,60.13976611328125,-0.19770702719688416,-0.1824255883693695,-0.3077832758426666
1767708703661767000,60.14976684570313,-0.17870643734931946,-0.26893970370292664,-0.3567129969596863
1767708703671767000,60.15976708984375,-0.2838214337825775,-0.3566644489765167,-0.4463929235935211
1767708703681768000,60.16976782226563,-0.4216293692588806,-0.44327017664909363,-0.5171104669570923
1767708703691767800,60.179767822265624,-0.5518819093704224,-0.5046293139457703,-0.5307914018630981
1767708703701769000,60.18976904296875,-0.5199793577194214,-0.6066200733184814,-0.49573805928230286
1767708703711768800,60.199768798828124,-0.36195141077041626,-0.74293452501297,-0.35586968064308167
1767708703721769200,60.209769287109374,-0.19327053427696228,-0.8271985650062561,-0.15251494944095612
1767708703731770000,60.21977001953125,-0.06819560378789902,-0.7675374746322632,0.013241009786725044
1767708703741770000,60.22977001953125,-0.003467279952019453,-0.5832147002220154,0.08760467916727066
1767708703751771000,60.23977099609375,0.03816698119044304,-0.41470634937286377,0.05335642397403717
1767708703761771000,60.24977099609375,0.03576619178056717,-0.24655741453170776,-0.052263498306274414
1767708703771772000,60.25977197265625,0.025497041642665863,-0.0374595932662487,-0.1453534960746765
1767708703781771800,60.26977172851562,0.06879254430532455,0.16098041832447052,-0.06887110322713852
1767708703791773200,60.279773193359375,0.06704764068126678,0.34153449535369873,0.11869826167821884
1767708703801773000,60.28977294921875,0.024332618340849876,0.36776915192604065,0.28322678804397583
1767708703811773200,60.29977319335938,-0.049265168607234955,0.32462140917778015,0.37954506278038025
1767708703821774000,60.30977416992187,-0.10654890537261963,0.23279699683189392,0.4338700771331787
1767708703831774000,60.31977392578125,-0.1441546082496643,0.07868119329214096,0.49460238218307495
1767708703841774800,60.32977490234375,-0.1698695868253708,-0.026084059849381447,0.5801748633384705
1767708703851775000,60.33977490234375,-0.17301158607006073,-0.13204404711723328,0.6688653230667114
1767708703861776000,60.34977587890625,-0.12748055160045624,-0.24645960330963135,0.7433844804763794
1767708703871775700,60.359775634765626,-0.06007860228419304,-0.3617097735404968,0.7857306003570557
1767708703881776000,60.369776123046876,0.019642284139990807,-0.44298237562179565,0.8315264582633972
1767708703891777000,60.37977709960938,0.11127020418643951,-0.48158252239227295,0.8991600871086121
1767708703901777200,60.389777099609375,0.1750558614730835,-0.4462464451789856,1.0129716396331787
1767708703911778000,60.39977807617188,0.24451322853565216,-0.36419790983200073,1.148869514465332
1767708703921778000,60.40977783203125,0.3187648057937622,-0.24046294391155243,1.2363276481628418
1767708703931778800,60.41977880859375,0.3536476790904999,-0.13022565841674805,1.226987361907959
1767708703941779000,60.429779052734375,0.3550964295864105,-0.003971319645643234,1.1145468950271606
1767708703951778800,60.43977880859375,0.34813013672828674,0.11389601230621338,0.9309993386268616
1767708703961780000,60.449780029296875,0.33783888816833496,0.185727059841156,0.7665526270866394
1767708703971780000,60.45978002929687,0.29374974966049194,0.2292885035276413,0.6738126873970032
1767708703981781000,60.469781005859375,0.2167026400566101,0.21779322624206543,0.6441293358802795
1767708703991781000,60.47978100585937,0.11250489205121994,0.1352827101945877,0.6091107130050659
1767708704001782000,60.489781982421874,0.02459927462041378,0.054322607815265656,0.5243715643882751
1767708704011782000,60.49978198242187,0.00837930478155613,0.009722157381474972,0.43240034580230713
1767708704021782000,60.50978198242188,0.021661553531885147,-0.025019844993948936,0.38447463512420654
1767708704031783000,60.51978295898437,0.013218282721936703,-0.1058637872338295,0.3798331916332245
1767708704041783000,60.52978295898438,-0.051661912351846695,-0.20793822407722473,0.40544748306274414
1767708704051784000,60.53978393554687,-0.1459144651889801,-0.2577122747898102,0.43997812271118164
1767708704061784000,60.5497841796875,-0.22852066159248352,-0.21121586859226227,0.457211434841156
1767708704071785000,60.55978491210937,-0.2964216470718384,-0.1346074640750885,0.4397006034851074
1767708704081785000,60.56978515625,-0.3939332962036133,-0.09541051834821701,0.4101216793060303
1767708704091786000,60.57978588867188,-0.488542377948761,-0.1059524416923523,0.4238409101963043
1767708704101785900,60.58978588867188,-0.49294859170913696,-0.1789827048778534,0.5255067944526672
1767708704111786000,60.599785888671875,-0.28642356395721436,-0.21949724853038788,0.7215539813041687
1767708704121787100,60.609787109375,0.04487209394574165,-0.17784488201141357,0.9131916165351868
1767708704131787000,60.619787109375,0.35694417357444763,-0.08051347732543945,0.9520149827003479
1767708704141788000,60.629787841796876,0.5077179670333862,0.11338568478822708,0.8164275884628296
1767708704151789000,60.6397890625,0.4722958207130432,0.2209976315498352,0.6092916131019592
1767708704161790000,60.6497900390625,0.3126438558101654,0.1621556133031845,0.40908345580101013
1767708704171789800,60.65978979492188,0.17544735968112946,0.013825619593262672,0.2611147463321686
1767708704181790000,60.6697900390625,0.13100266456604004,-0.017644422128796577,0.3491694927215576
1767708704191790800,60.67979077148438,0.1431964784860611,0.026284687221050262,0.6346097588539124
1767708704201790700,60.689790771484375,0.17925618588924408,0.03395170345902443,0.8878721594810486
1767708704211792000,60.6997919921875,0.2585051953792572,0.017020924016833305,0.9810801148414612
1767708704221791700,60.709791748046875,0.26313838362693787,-0.04574913531541824,0.8090671300888062
1767708704231793000,60.71979296875,0.15189442038536072,-0.12192486226558685,0.46261972188949585
1767708704241793000,60.72979296875,0.08885304629802704,-0.16472280025482178,0.22359605133533478
1767708704251793000,60.73979296875,0.0742216408252716,-0.13011981546878815,0.1207738071680069
1767708704261793800,60.749793701171875,0.09449951350688934,-0.0053512901067733765,0.09167926758527756
1767708704271794000,60.7597939453125,0.12921248376369476,0.15422718226909637,0.12115247547626495
1767708704281794800,60.769794921875,0.10534258931875229,0.29040440917015076,0.17917676270008087
1767708704291794700,60.77979467773437,-0.008835375308990479,0.43528568744659424,0.15568554401397705
1767708704301795800,60.7897958984375,-0.1488679051399231,0.6050105690956116,-0.008282137103378773
1767708704311796000,60.7997958984375,-0.22522978484630585,0.7453282475471497,-0.23488998413085938
1767708704321795800,60.8097958984375,-0.239561066031456,0.8495880961418152,-0.3707013428211212
1767708704331797000,60.819796875,-0.2562606632709503,0.8310141563415527,-0.3628186583518982
1767708704341796900,60.829796875,-0.3061125874519348,0.6633964776992798,-0.3045525848865509
1767708704351797800,60.8397978515625,-0.35428810119628906,0.44543859362602234,-0.3032601475715637
1767708704361798000,60.8497978515625,-0.349313348531723,0.25565868616104126,-0.38475966453552246
1767708704371798800,60.859798828125,-0.252253919839859,0.13383664190769196,-0.49812644720077515
1767708704381798700,60.86979858398438,-0.10665572434663773,0.03672964870929718,-0.5911460518836975
1767708704391799800,60.8797998046875,0.02629326842725277,-0.04416679963469505,-0.6531103253364563
1767708704401800000,60.88980004882813,0.10335583239793777,-0.11703594774007797,-0.6657912731170654
1767708704411799800,60.8997998046875,0.12965916097164154,-0.18720997869968414,-0.624982476234436
1767708704421801000,60.90980102539063,0.13169807195663452,-0.18319660425186157,-0.6011849641799927
1767708704431800800,60.91980078125,0.07743875682353973,-0.14110274612903595,-0.5941236615180969
1767708704441801700,60.9298017578125,-0.0033903077710419893,-0.03546500578522682,-0.6093289852142334
1767708704451801900,60.9398017578125,-0.08778613805770874,0.06237652152776718,-0.6815824508666992
1767708704461803000,60.94980297851563,-0.16504044830799103,0.1791316419839859,-0.7930471897125244
1767708704471803000,60.959802978515626,-0.1633911430835724,0.233904168009758,-0.9201155304908752
1767708704481803000,60.969802978515624,-0.11928968131542206,0.27541953325271606,-1.0226409435272217
1767708704491804000,60.979803955078125,-0.08488030731678009,0.3231375217437744,-1.0558249950408936
1767708704501803800,60.9898037109375,-0.05288083106279373,0.3861319422721863,-1.0383195877075195
1767708704511805000,60.999804931640625,0.008198987692594528,0.43843725323677063,-0.9956397414207458
1767708704521804800,61.0098046875,0.06018602102994919,0.4727403521537781,-0.9516714811325073
1767708704531805700,61.0198056640625,0.07600200921297073,0.46901485323905945,-0.9062583446502686
1767708704541805800,61.02980590820312,0.06704846024513245,0.44714418053627014,-0.8799257874488831
1767708704551805700,61.0398056640625,0.05472128093242645,0.4161161184310913,-0.8693944811820984
1767708704561806800,61.04980688476562,0.06837551295757294,0.34260353446006775,-0.8585105538368225
1767708704571807000,61.05980688476563,0.09913183003664017,0.258379727602005,-0.8256120085716248
1767708704581807900,61.06980786132812,0.14829297363758087,0.15448155999183655,-0.7514458894729614
1767708704591807700,61.07980786132813,0.18625177443027496,0.020469307899475098,-0.5947080850601196
1767708704601809000,61.08980883789062,0.18891893327236176,-0.12565621733665466,-0.3787933588027954
1767708704611808800,61.09980883789063,0.14845673739910126,-0.2845856249332428,-0.1978699415922165
1767708704621810000,61.10980981445312,0.05363009124994278,-0.41038405895233154,-0.14936605095863342
1767708704631810000,61.11981005859375,-0.12094414234161377,-0.47417137026786804,-0.2380048781633377
1767708704641810000,61.129809814453125,-0.364847332239151,-0.5672200918197632,-0.39881187677383423
1767708704651810800,61.13981079101563,-0.6251518726348877,-0.6161903738975525,-0.48698535561561584
1767708704661811000,61.14981103515625,-0.7961459755897522,-0.574611246585846,-0.42055708169937134
1767708704671811800,61.15981176757813,-0.7377034425735474,-0.4467187225818634,-0.25218531489372253
1767708704681811700,61.169811767578125,-0.4503568708896637,-0.3161783218383789,-0.16876454651355743
1767708704691812900,61.17981274414063,-0.2277384102344513,-0.22898215055465698,-0.20067720115184784
1767708704701812700,61.189812744140625,-0.17498944699764252,-0.2989084720611572,-0.2852686643600464
1767708704711812600,61.1998125,-0.2262587696313858,-0.428780734539032,-0.3602728545665741
1767708704721814000,61.20981396484375,-0.3602304756641388,-0.4536356031894684,-0.4103637933731079
1767708704731814000,61.21981396484375,-0.5736703872680664,-0.3825302720069885,-0.43350720405578613
1767708704741814800,61.229814697265624,-0.7648892402648926,-0.3289271593093872,-0.4236237108707428
1767708704751815000,61.23981494140625,-0.6141378283500671,-0.39956459403038025,-0.3981446921825409
1767708704761815800,61.24981591796875,-0.36320459842681885,-0.5143152475357056,-0.28282609581947327
1767708704771815700,61.25981567382812,-0.11600172519683838,-0.5968902707099915,-0.08398199081420898
1767708704781815800,61.26981591796875,0.06403008103370667,-0.570852518081665,0.14830167591571808
1767708704791817000,61.27981689453125,0.18837280571460724,-0.558987021446228,0.30737176537513733
1767708704801816800,61.28981689453125,0.2325332760810852,-0.5156444311141968,0.3460274338722229
1767708704811818000,61.29981787109375,0.24408766627311707,-0.38048073649406433,0.28636810183525085
1767708704821817900,61.30981787109375,0.2999879717826843,-0.17191480100154877,0.2534709870815277
1767708704831818800,61.31981884765625,0.32244428992271423,0.05430953949689865,0.3363030254840851
1767708704841819000,61.32981884765625,0.23429444432258606,0.20010365545749664,0.4406341314315796
1767708704851819800,61.33981982421875,0.13088257610797882,0.2617313265800476,0.49589043855667114
1767708704861819600,61.349819580078126,0.05197393149137497,0.24982866644859314,0.5140639543533325
1767708704871819800,61.35981982421875,0.0030817557126283646,0.14408652484416962,0.5299568772315979
1767708704881821000,61.36982104492188,-0.041746966540813446,-0.002408378990367055,0.5504493713378906
1767708704891820800,61.37982080078125,-0.09171081334352493,-0.10761645436286926,0.6090701818466187
1767708704901822000,61.38982202148438,-0.1133471354842186,-0.22240962088108063,0.6886659264564514
1767708704911821800,61.39982177734375,-0.09571196138858795,-0.3317461311817169,0.7369546294212341
1767708704921822700,61.40982275390625,-0.07823789864778519,-0.4087165296077728,0.7560028433799744
1767708704931822800,61.41982275390625,-0.035877104848623276,-0.44092756509780884,0.7838758230209351
1767708704941822700,61.42982275390625,0.05184156075119972,-0.4396500289440155,0.8265018463134766
1767708704951824000,61.439823974609375,0.13489730656147003,-0.41554176807403564,0.8932942748069763
1767708704961824000,61.44982397460937,0.2281382977962494,-0.3181116282939911,0.971321165561676
1767708704971825000,61.459824951171875,0.32010167837142944,-0.21332943439483643,1.0152900218963623
1767708704981824800,61.46982470703125,0.39377138018608093,-0.07230466604232788,0.9754059314727783
1767708704991826000,61.479825927734375,0.4426140785217285,0.06727845966815948,0.8544491529464722
1767708705001825800,61.48982568359375,0.48090314865112305,0.21503277122974396,0.7298710346221924
1767708705011826000,61.49982592773438,0.48424726724624634,0.29048430919647217,0.6212778091430664
1767708705021826800,61.50982690429687,0.4749525785446167,0.28762781620025635,0.5333572626113892
1767708705031826700,61.51982666015625,0.42339593172073364,0.22069120407104492,0.45008400082588196
1767708705041827800,61.52982788085937,0.29401904344558716,0.12626349925994873,0.37749049067497253
1767708705051828000,61.53982788085938,0.13061974942684174,0.05689771845936775,0.29862210154533386
1767708705061828900,61.54982885742187,0.0016868029488250613,0.028469007462263107,0.19909922778606415
1767708705071828700,61.55982885742188,-0.08579357713460922,-0.000507039949297905,0.12026328593492508
1767708705081828900,61.569828857421875,-0.10474836081266403,-0.0864160880446434,0.09160607308149338
1767708705091829800,61.57982983398438,-0.13655312359333038,-0.17855696380138397,0.12998710572719574
1767708705101830000,61.589829833984375,-0.2018948495388031,-0.23091337084770203,0.21987038850784302
1767708705111831000,61.5998310546875,-0.2518741190433502,-0.21665723621845245,0.28413811326026917
1767708705121831000,61.609830810546875,-0.2959643602371216,-0.15334191918373108,0.2553754150867462
1767708705131831800,61.619831787109376,-0.335827112197876,-0.06950899213552475,0.18941397964954376
1767708705141832000,61.62983203125,-0.3211613595485687,-0.023379843682050705,0.20133082568645477
1767708705151832600,61.63983251953125,-0.3619362413883209,-0.07828375697135925,0.3179924488067627
1767708705161832400,61.64983251953125,-0.41338983178138733,-0.13816075026988983,0.4895877242088318
1767708705171832600,61.65983251953125,-0.1838943511247635,-0.22212249040603638,0.6822410821914673
1767708705181833500,61.66983349609375,0.14886689186096191,-0.24062089622020721,0.7819888591766357
1767708705191833600,61.67983349609375,0.3484998643398285,-0.04611853137612343,0.7031393051147461
1767708705201834800,61.689834716796874,0.3662380874156952,0.2487492561340332,0.42900633811950684
1767708705211834600,61.69983471679687,0.3316119611263275,0.4544403553009033,0.13832791149616241
1767708705221835500,61.70983544921875,0.3257450461387634,0.4002320468425751,-0.025376269593834877
1767708705231835600,61.71983569335937,0.3323475420475006,0.23059719800949097,0.07082429528236389
1767708705241835500,61.72983544921875,0.3330973982810974,0.18231476843357086,0.3866884708404541
1767708705251836400,61.73983642578125,0.33396264910697937,0.13689881563186646,0.6624451875686646
1767708705261836500,61.74983642578125,0.3899434208869934,0.07015872746706009,0.7416138052940369
1767708705271837700,61.75983764648438,0.43737566471099854,0.02912553958594799,0.6415215134620667
1767708705281837800,61.769837890625,0.3800860047340393,0.0232121329754591,0.42161187529563904
1767708705291838700,61.77983862304688,0.306357204914093,0.03635004162788391,0.22570282220840454
1767708705301838600,61.789838623046876,0.2046227902173996,0.05538644269108772,0.11323515325784683
1767708705311838700,61.799838623046874,0.10512204468250275,0.12421371042728424,0.048682522028684616
1767708705321839600,61.809839599609376,0.04379985108971596,0.24841853976249695,0.042170628905296326
1767708705331839500,61.819839599609374,-0.025839680805802345,0.4137108325958252,0.08487361669540405
1767708705341840400,61.82984033203125,-0.12545841932296753,0.5210713744163513,0.1482107788324356
1767708705351840500,61.83984057617187,-0.20675110816955566,0.5932358503341675,0.13045838475227356
1767708705361841700,61.849841552734375,-0.23290307819843292,0.7486730813980103,0.01973239704966545
1767708705371841800,61.859841796875,-0.24450090527534485,0.927553117275238,-0.11940914392471313
1767708705381842700,61.8698427734375,-0.26736918091773987,0.9916524887084961,-0.21441048383712769
1767708705391842600,61.87984252929687,-0.31587788462638855,0.8916002511978149,-0.2493712455034256
1767708705401842700,61.8898427734375,-0.37646451592445374,0.7176305651664734,-0.24824075400829315
1767708705411843600,61.89984350585937,-0.41410964727401733,0.5515576004981995,-0.2723619043827057
1767708705421843500,61.90984350585938,-0.3842622637748718,0.41101565957069397,-0.34462970495224
1767708705431844600,61.9198447265625,-0.2716510593891144,0.2891639769077301,-0.44258642196655273
1767708705441844700,61.9298447265625,-0.12856419384479523,0.17874719202518463,-0.5309826135635376
1767708705451845600,61.939845703125,-0.022671829909086227,0.06480616331100464,-0.5909242033958435
1767708705461845800,61.949845703125,0.029881393536925316,0.0027955221012234688,-0.6177204251289368
1767708705471845600,61.959845703125,0.0539882630109787,-0.030832534655928612,-0.6231708526611328
1767708705481846500,61.96984643554688,0.03746309503912926,-0.04058525711297989,-0.6302176117897034
1767708705491846700,61.9798466796875,-0.036257997155189514,0.0025158743374049664,-0.6625414490699768
1767708705501847600,61.98984765625,-0.04639904573559761,0.07803273946046829,-0.7104775309562683
1767708705511847400,61.999847412109375,-0.055634837597608566,0.18211308121681213,-0.7821021676063538
1767708705521848600,62.0098486328125,-0.05590834468603134,0.27804040908813477,-0.8351501822471619
1767708705531848700,62.0198486328125,-0.06060753017663956,0.3447815179824829,-0.9043207764625549
1767708705541848600,62.0298486328125,-0.09574740380048752,0.3822271525859833,-0.9765936136245728
1767708705551849700,62.039849609375,-0.12224478274583817,0.4321865141391754,-1.018143653869629
1767708705561849600,62.049849609375,-0.11492375284433365,0.4987570345401764,-1.0467568635940552
1767708705571850500,62.0598505859375,-0.0669969767332077,0.6013616323471069,-1.0629997253417969
1767708705581850600,62.0698505859375,-0.01186181977391243,0.7130165696144104,-1.0593682527542114
1767708705591851800,62.079851806640626,0.022869233042001724,0.7681829333305359,-1.053499460220337
1767708705601851600,62.0898515625,0.011249328032135963,0.7603521943092346,-1.0456273555755615
1767708705611851800,62.09985180664062,-0.0057613542303442955,0.6523606777191162,-1.024558424949646
1767708705621852700,62.109852783203124,-0.0015612384304404259,0.4848313331604004,-0.9944291114807129
1767708705631852500,62.1198525390625,0.017780235037207603,0.3386818468570709,-0.9307563900947571
1767708705641853700,62.12985375976562,0.05407969653606415,0.1950988471508026,-0.7655616402626038
1767708705651853600,62.139853515625,0.08454146981239319,0.016246285289525986,-0.47868064045906067
1767708705661854500,62.1498544921875,0.09509468823671341,-0.20478756725788116,-0.14322471618652344
1767708705671854600,62.1598544921875,0.06116894260048866,-0.37209343910217285,0.09723582118749619
1767708705681854500,62.1698544921875,0.0024867290630936623,-0.47190606594085693,0.12755921483039856
1767708705691855600,62.17985571289063,-0.1175541952252388,-0.5559394359588623,-0.0172128826379776
1767708705701855700,62.189855712890626,-0.3202630877494812,-0.60590660572052,-0.19984346628189087
1767708705711856600,62.19985668945313,-0.5219563245773315,-0.6242632865905762,-0.2773955166339874
1767708705721856500,62.2098564453125,-0.5570002794265747,-0.5608229637145996,-0.22132715582847595
1767708705731857700,62.21985766601563,-0.3858479857444763,-0.4531143605709076,-0.17041151225566864
1767708705741857500,62.229857421875,-0.13342340290546417,-0.36588022112846375,-0.2689281404018402
1767708705751858700,62.23985864257813,0.033440135419368744,-0.2940257489681244,-0.4494023025035858
1767708705761858800,62.24985888671875,0.060181476175785065,-0.31674301624298096,-0.5481407642364502
1767708705771858700,62.25985864257812,-0.06193910539150238,-0.36062124371528625,-0.5701658725738525
1767708705781859600,62.269859619140625,-0.23683691024780273,-0.3768843710422516,-0.5494995713233948
1767708705791859700,62.27985961914062,-0.44206541776657104,-0.47869566082954407,-0.4567004144191742
1767708705801860600,62.289860595703125,-0.5068912506103516,-0.6411389708518982,-0.3325599730014801
1767708705811860500,62.29986059570312,-0.40977829694747925,-0.7469652891159058,-0.20486858487129211
1767708705821861600,62.309861572265625,-0.2504618763923645,-0.7676644325256348,-0.061507683247327805
1767708705831861500,62.31986157226562,-0.08919577300548553,-0.7112724184989929,0.06740443408489227
1767708705841861400,62.329861328125,0.04598468169569969,-0.6128180027008057,0.16366145014762878
1767708705851862800,62.33986279296875,0.14984233677387238,-0.5330746173858643,0.19879961013793945
1767708705861862700,62.34986254882813,0.22093330323696136,-0.45623844861984253,0.17734917998313904
1767708705871863600,62.35986352539062,0.25086644291877747,-0.26493439078330994,0.16294419765472412
1767708705881863700,62.36986376953125,0.29490765929222107,-0.025807559490203857,0.272895485162735
1767708705891864600,62.37986450195312,0.3155461251735687,0.15721814334392548,0.4655493199825287
1767708705901864400,62.38986450195313,0.28352269530296326,0.2937014102935791,0.6099123358726501
1767708705911864600,62.399864501953125,0.2621212303638458,0.3281216621398926,0.6708915829658508
1767708705921865700,62.40986572265625,0.24830742180347443,0.280379980802536,0.6631969213485718
1767708705931865600,62.419865478515625,0.2177915871143341,0.1786048710346222,0.6419274806976318
1767708705941866800,62.42986669921875,0.14801862835884094,0.08456651121377945,0.6403895020484924
1767708705951866600,62.43986669921875,0.055632054805755615,-0.050497859716415405,0.6675819754600525
1767708705961867500,62.44986743164063,-0.004439536482095718,-0.21724769473075867,0.7225245833396912
1767708705971867600,62.45986767578125,-0.037211425602436066,-0.3357699513435364,0.7792726755142212
1767708705981867500,62.46986743164062,-0.022656183689832687,-0.4549831449985504,0.82352215051651
1767708705991868400,62.479868408203124,0.05043961852788925,-0.5168461799621582,0.8645407557487488
1767708706001868500,62.48986865234375,0.11948420107364655,-0.4753623902797699,0.9394493103027344
1767708706011869700,62.49986962890625,0.21062691509723663,-0.41745200753211975,1.0094051361083984
1767708706021869600,62.50986962890625,0.2800661623477936,-0.348202645778656,1.044220209121704
1767708706031870700,62.51987060546875,0.3542681932449341,-0.26912832260131836,1.0382863283157349
1767708706041870600,62.52987060546875,0.41778913140296936,-0.16892023384571075,0.996781587600708
1767708706051870500,62.53987036132813,0.4850848615169525,-0.0896669328212738,0.9237233996391296
1767708706061871600,62.54987158203125,0.5159426331520081,-0.04300195351243019,0.8304909467697144
1767708706071871500,62.55987158203125,0.5184717774391174,-0.009199533611536026,0.7638368606567383
1767708706081872600,62.56987255859375,0.45251038670539856,0.021433472633361816,0.7155219316482544
1767708706091872800,62.57987280273438,0.3106219470500946,-0.01140250451862812,0.6184813976287842
1767708706101873700,62.58987377929687,0.1548118144273758,-0.0652749091386795,0.4569472372531891
1767708706111873500,62.59987353515625,0.046218764036893845,-0.12326311320066452,0.28786712884902954
1767708706121874700,62.60987475585937,-0.03008745051920414,-0.17868812382221222,0.18031686544418335
1767708706131874600,62.61987451171875,-0.08355733007192612,-0.25910893082618713,0.15326952934265137
1767708706141874400,62.62987451171875,-0.14876800775527954,-0.3318595290184021,0.2108057588338852
1767708706151875600,62.63987548828125,-0.21778063476085663,-0.38094478845596313,0.29452037811279297
1767708706161875500,62.64987548828125,-0.2604987919330597,-0.3796706199645996,0.2984095811843872
1767708706171876400,62.65987646484375,-0.27889299392700195,-0.3197263181209564,0.20989437401294708
1767708706181876500,62.66987646484375,-0.3098110258579254,-0.22429247200489044,0.1260400265455246
1767708706191877600,62.67987768554688,-0.3224770128726959,-0.2163543850183487,0.16184143722057343
1767708706201877500,62.68987744140625,-0.2772336006164551,-0.2585113048553467,0.3116264045238495
1767708706211877600,62.69987768554687,-0.07486317306756973,-0.20010526478290558,0.4638037085533142
1767708706221878500,62.70987841796875,0.21429991722106934,-0.030893338844180107,0.5141782164573669
1767708706231878400,62.71987841796875,0.4868992269039154,0.13727889955043793,0.43880781531333923
1767708706241879600,62.729879638671875,0.5687472224235535,0.26132118701934814,0.29398417472839355
1767708706251879400,62.73987939453125,0.4303467273712158,0.32942965626716614,0.17362557351589203
1767708706261880600,62.749880615234375,0.288636714220047,0.26704975962638855,0.0814155861735344
1767708706271880700,62.75988061523437,0.22312642633914948,0.06426069140434265,0.04052886739373207
1767708706281880600,62.76988061523438,0.15594206750392914,-0.043433547019958496,0.2386970818042755
1767708706291881500,62.77988159179687,0.13561339676380157,-0.15606380999088287,0.5743735432624817
1767708706301881600,62.78988159179688,0.17727722227573395,-0.25680240988731384,0.8275288939476013
1767708706311882500,62.79988256835937,0.2916780412197113,-0.31243932247161865,0.8780005574226379
1767708706321882400,62.80988232421875,0.3560354709625244,-0.23794564604759216,0.6242260932922363
1767708706331883500,62.81988354492187,0.27875134348869324,-0.20168446004390717,0.20511476695537567
1767708706341883400,62.82988330078125,0.15842172503471375,-0.229777991771698,-0.09898248314857483
1767708706351883500,62.839883544921875,0.07640089094638824,-0.18242034316062927,-0.24573783576488495
1767708706361884700,62.849884765625,0.06018703058362007,0.008135759271681309,-0.2695997655391693
1767708706371884500,62.859884521484375,0.06803037971258163,0.22692890465259552,-0.209017813205719
1767708706381885400,62.86988549804688,-0.0005976819666102529,0.3463919162750244,-0.12226825952529907
1767708706391885600,62.879885498046875,-0.1377045214176178,0.4205394387245178,-0.13744676113128662
1767708706401886500,62.889886474609376,-0.2458464354276657,0.5017903447151184,-0.3303895890712738
1767708706411886300,62.89988623046875,-0.2659439146518707,0.617821455001831,-0.5684887170791626
1767708706421886500,62.90988647460937,-0.2550627589225769,0.6566485166549683,-0.6824091672897339
1767708706431887600,62.9198876953125,-0.29270949959754944,0.5292108654975891,-0.639854907989502
1767708706441887700,62.9298876953125,-0.3972223401069641,0.2867627441883087,-0.5751962661743164
1767708706451888600,62.939888671875,-0.5074654221534729,0.05641622468829155,-0.5428256988525391
1767708706461888500,62.94988842773437,-0.5066502690315247,-0.07135824859142303,-0.5870829224586487
1767708706471889400,62.959889404296874,-0.4110170006752014,-0.1021045446395874,-0.6321927905082703
1767708706481889500,62.9698896484375,-0.2680521309375763,-0.05329785495996475,-0.6594526171684265
1767708706491889400,62.97988940429688,-0.13798752427101135,-0.026183580979704857,-0.6829795837402344
1767708706501890300,62.98989038085937,-0.09428238123655319,-0.02637772634625435,-0.708625078201294
1767708706511890400,62.99989038085938,-0.05822058022022247,-0.030940966680645943,-0.7475664615631104
1767708706521891600,63.0098916015625,-0.07169990241527557,0.002287560375407338,-0.7807886004447937
1767708706531891700,63.0198916015625,-0.09170284867286682,0.02560904249548912,-0.7835232615470886
1767708706541892600,63.029892578125,-0.09118831902742386,0.09792238473892212,-0.7751955389976501
1767708706551892500,63.039892578125,-0.09371382743120193,0.17607556283473969,-0.7728018760681152
1767708706561892600,63.049892578125,-0.08005206286907196,0.24235793948173523,-0.7650464773178101
1767708706571893500,63.0598935546875,-0.08241774886846542,0.2916781008243561,-0.7447127103805542
1767708706581893400,63.069893310546874,-0.1119098961353302,0.35625016689300537,-0.7153748869895935
1767708706591894500,63.07989453125,-0.1094006672501564,0.3930968642234802,-0.6724034547805786
1767708706601894700,63.089894775390626,-0.043490659445524216,0.40669992566108704,-0.5924237370491028
1767708706611895600,63.0998955078125,0.035566072911024094,0.3627343475818634,-0.4825006425380707
1767708706621895400,63.1098955078125,0.061113275587558746,0.27343466877937317,-0.3451491594314575
1767708706631895600,63.1198955078125,0.06966708600521088,0.09739917516708374,-0.23530788719654083
1767708706641896400,63.129896484375,0.07539236545562744,-0.03606761619448662,-0.18795473873615265
1767708706651896600,63.139896484375,0.11353602260351181,-0.1317342221736908,-0.21850866079330444
1767708706661897500,63.1498974609375,0.19061696529388428,-0.1767774373292923,-0.2587403357028961
1767708706671897300,63.1598974609375,0.29548001289367676,-0.1602647751569748,-0.23967449367046356
1767708706681898500,63.1698984375,0.39742469787597656,-0.14084097743034363,-0.1321164220571518
1767708706691898600,63.17989868164062,0.4679241478443146,-0.16076143085956573,0.01744377799332142
1767708706701898500,63.1898984375,0.4511098861694336,-0.22856439650058746,0.07961107790470123
1767708706711899400,63.1998994140625,0.3169819116592407,-0.310354083776474,-0.03574907034635544
1767708706721899500,63.2098994140625,0.0982808917760849,-0.4039142429828644,-0.2921191155910492
1767708706731900400,63.219900390625,-0.2089642733335495,-0.45468127727508545,-0.5842258334159851
1767708706741900500,63.22990063476563,-0.5120427012443542,-0.44670620560646057,-0.7513710856437683
1767708706751901700,63.23990161132812,-0.6182932257652283,-0.24970313906669617,-0.6766036152839661
1767708706761901600,63.24990161132813,-0.4421096742153168,-0.13426949083805084,-0.5642057061195374
1767708706771901700,63.259901611328125,-0.19117888808250427,-0.05687696114182472,-0.5923801064491272
1767708706781902600,63.26990258789063,-0.010772638022899628,-0.003983917646110058,-0.6578549742698669
1767708706791902500,63.27990234375,0.08637972921133041,-0.05565088242292404,-0.704643189907074
1767708706801903400,63.2899033203125,0.08605402708053589,-0.20490027964115143,-0.8396300673484802
1767708706811903500,63.299903564453125,0.013123637065291405,-0.27584192156791687,-1.030214548110962
1767708706821904400,63.309904296875,-0.21359604597091675,-0.2421921044588089,-1.1698802709579468
1767708706831904500,63.319904541015624,-0.6265453100204468,-0.15453863143920898,-1.1221809387207031
1767708706841904400,63.329904296875,-0.6678873896598816,-0.21064451336860657,-0.8105593919754028
1767708706851905500,63.339905517578124,-0.4882923364639282,-0.3215799629688263,-0.40367114543914795
1767708706861905700,63.34990576171875,-0.3819211721420288,-0.3327482044696808,-0.008197879418730736
1767708706871906600,63.359906494140624,-0.22944769263267517,-0.29071810841560364,0.30654463171958923
1767708706881906400,63.36990649414062,-0.03669314831495285,-0.24343448877334595,0.44211843609809875
1767708706891907300,63.3799072265625,0.09622840583324432,-0.11998461186885834,0.4116535782814026
1767708706901907500,63.38990747070312,0.16479334235191345,0.004491264000535011,0.32160091400146484
1767708706911907300,63.3999072265625,0.19120179116725922,0.16416895389556885,0.296470046043396
1767708706921908700,63.40990869140625,0.17672830820083618,0.33455079793930054,0.3740367293357849
1767708706931908600,63.41990869140625,0.10384824126958847,0.48950880765914917,0.5115647315979004
1767708706941909500,63.42990942382813,0.010227476246654987,0.4803225100040436,0.6209250092506409
1767708706951909600,63.43990966796875,-0.058899153023958206,0.348727285861969,0.671142041683197
1767708706961910500,63.44991064453125,-0.13331985473632812,0.21973705291748047,0.6986871361732483
1767708706971910400,63.459910400390626,-0.18185433745384216,0.12657897174358368,0.7318260073661804
1767708706981910500,63.46991064453125,-0.1793898493051529,0.01849697157740593,0.7703553438186646
1767708706991911400,63.479911376953126,-0.13769535720348358,-0.08641865104436874,0.8186613321304321
1767708707001911300,63.489911376953124,-0.07308254390954971,-0.16974204778671265,0.8592316508293152
1767708707011912700,63.49991259765625,0.029285848140716553,-0.25761014223098755,0.9021446108818054
1767708707021912600,63.50991259765625,0.14970174431800842,-0.30291104316711426,0.9658442139625549
1767708707031913500,63.51991357421875,0.25905969738960266,-0.2813904881477356,1.0297837257385254
1767708707041913600,63.52991357421875,0.3324132263660431,-0.22740159928798676,1.0734683275222778
1767708707051913500,63.53991357421875,0.35537394881248474,-0.11866340786218643,1.0842094421386719
1767708707061914400,63.54991430664062,0.33867669105529785,-0.016195761039853096,1.0520046949386597
1767708707071914500,63.55991455078125,0.27992868423461914,0.0506405271589756,0.9969286322593689
1767708707081915600,63.56991552734375,0.21752232313156128,0.1216132864356041,0.9390046000480652
1767708707091915500,63.57991552734375,0.17872671782970428,0.2024117112159729,0.8865296244621277
1767708707101916700,63.589916748046875,0.15885312855243683,0.257991760969162,0.8251527547836304
1767708707111916500,63.59991650390625,0.13400477170944214,0.23576980829238892,0.770781397819519
1767708707121916400,63.60991650390625,0.10093791782855988,0.17632460594177246,0.7230433225631714
1767708707131917600,63.61991748046875,0.06720871478319168,0.10931148380041122,0.6855979561805725
1767708707141917400,63.62991748046875,0.04588001221418381,0.03733735904097557,0.6726337671279907
1767708707151918000,63.63991796875,0.030752193182706833,-0.013434739783406258,0.6875738501548767
1767708707161918200,63.649918212890626,-0.002003623638302088,-0.07894876599311829,0.7295265793800354
1767708707171919400,63.65991943359375,-0.06978905946016312,-0.13916337490081787,0.7967644929885864
1767708707181919200,63.669919189453125,-0.15688323974609375,-0.1761530190706253,0.8802071213722229
1767708707191919400,63.67991943359375,-0.23265282809734344,-0.16630491614341736,0.9233340620994568
1767708707201920300,63.689920166015625,-0.29762354493141174,-0.09257751703262329,0.8534632325172424
1767708707211920400,63.69992041015625,-0.37222960591316223,-0.07242271304130554,0.6987857818603516
1767708707221921300,63.70992138671875,-0.4035419821739197,-0.1127656102180481,0.571502685546875
1767708707231921200,63.71992114257812,-0.2843858003616333,-0.055290188640356064,0.5963610410690308
1767708707241921300,63.72992138671875,0.02104550041258335,0.08839480578899384,0.7622964978218079
1767708707251922400,63.73992236328125,0.4003738760948181,0.14317616820335388,0.878732442855835
1767708707261922300,63.74992236328125,0.6836569905281067,0.07600326836109161,0.8737531304359436
1767708707271923200,63.75992309570312,0.712312638759613,-0.02576296590268612,0.7406361699104309
1767708707281923300,63.76992333984375,0.47586897015571594,-0.0624123215675354,0.44819337129592896
1767708707291924200,63.77992431640625,0.29827040433883667,0.010530412197113037,0.13620014488697052
1767708707301924400,63.78992431640625,0.2256031334400177,0.09515075385570526,-0.10172612965106964
1767708707311925200,63.79992529296875,0.09210100024938583,0.1877800077199936,-0.14446306228637695
1767708707321925000,63.80992504882813,-0.01978372409939766,0.09909221529960632,0.09095212817192078
1767708707331925200,63.81992529296875,-0.03754331171512604,-0.028657326474785805,0.49472567439079285
1767708707341926400,63.82992651367187,0.049473877996206284,-0.15236568450927734,0.806755781173706
1767708707351926300,63.83992626953125,0.1843113750219345,-0.13940390944480896,0.9361138343811035
1767708707361927200,63.84992724609375,0.1835627555847168,-0.006509782746434212,0.7385179400444031
1767708707371927300,63.85992724609375,0.12033800035715103,0.041452474892139435,0.2826244831085205
1767708707381927200,63.86992724609375,0.10158108919858932,-0.025641072541475296,-0.09542001038789749
1767708707391928300,63.87992822265625,0.1392829269170761,-0.04691227152943611,-0.21793393790721893
1767708707401928200,63.88992822265625,0.13916151225566864,-0.016148850321769714,-0.11417265236377716
1767708707411929300,63.899929443359376,0.07263866066932678,0.026636000722646713,0.08216474205255508
1767708707421929500,63.909929443359374,-0.05389903858304024,0.21006256341934204,0.15615214407444
1767708707431930400,63.919930419921876,-0.2153707891702652,0.47715821862220764,-0.030924919992685318
1767708707441930200,63.92993017578125,-0.3641842007637024,0.6923650503158569,-0.4096333682537079
1767708707451930400,63.93993041992187,-0.43631115555763245,0.7612988352775574,-0.7044895887374878
1767708707461931300,63.94993115234375,-0.4757792055606842,0.7214545011520386,-0.7464868426322937
1767708707471931100,63.95993115234375,-0.5293148756027222,0.5848380923271179,-0.6135132312774658
1767708707481932300,63.96993237304687,-0.5636219382286072,0.3864988684654236,-0.5289825797080994
1767708707491932200,63.97993212890625,-0.5331494808197021,0.2007063776254654,-0.5600520372390747
1767708707501933300,63.98993334960937,-0.4085825979709625,0.06225895509123802,-0.644529402256012
1767708707511933400,63.99993334960938,-0.2498512864112854,0.008603186346590519,-0.7147596478462219
1767708707521933300,64.00993334960937,-0.09077583998441696,-0.04375632479786873,-0.7722969651222229
1767708707531934200,64.01993432617188,0.03871822729706764,-0.09886164963245392,-0.8273923993110657
1767708707541934300,64.02993432617187,0.0833604708313942,-0.0903000608086586,-0.8679438233375549
1767708707551935200,64.03993530273438,0.07141965627670288,-0.08465202897787094,-0.8961504697799683
1767708707561935000,64.04993505859375,0.052602384239435196,-0.04260428249835968,-0.912614643573761
1767708707571936300,64.05993627929688,0.03227687254548073,0.06537145376205444,-0.9209780097007751
1767708707581936400,64.06993627929687,0.031007062643766403,0.2010810524225235,-0.9270931482315063
1767708707591936300,64.07993627929687,0.02003244310617447,0.35605543851852417,-0.9105919599533081
1767708707601937400,64.0899375,-0.004411711823195219,0.4582178294658661,-0.9081360101699829
1767708707611937300,64.09993725585937,0.004586043767631054,0.5463621020317078,-0.9508160948753357
1767708707621938200,64.10993823242187,0.0020120926201343536,0.6117115020751953,-1.0260635614395142
1767708707631938300,64.11993823242187,-0.005624787881970406,0.6456867456436157,-1.0905306339263916
1767708707641939200,64.12993920898438,0.005891557317227125,0.6500529050827026,-1.0996543169021606
1767708707651939000,64.13993896484375,-0.005330737214535475,0.5832975506782532,-1.0372308492660522
1767708707661939500,64.149939453125,-0.018696604296565056,0.5032616257667542,-0.9324614405632019
1767708707671940400,64.1599404296875,-0.0020585046149790287,0.40719255805015564,-0.858856201171875
1767708707681940200,64.16994018554688,0.03207523003220558,0.35254237055778503,-0.8255890607833862
1767708707691941400,64.17994140625,0.08115755021572113,0.3002221882343292,-0.806263267993927
1767708707701941200,64.18994116210938,0.1271439492702484,0.24882985651493073,-0.7670471668243408
1767708707711942100,64.19994213867187,0.16429825127124786,0.19604264199733734,-0.6478936672210693
1767708707721942300,64.2099423828125,0.1800609678030014,0.08238479495048523,-0.4408653974533081
1767708707731942100,64.21994213867187,0.15948162972927094,-0.06748959422111511,-0.225444033741951
1767708707741943300,64.229943359375,0.11117082089185715,-0.16802045702934265,-0.12569932639598846
1767708707751943400,64.239943359375,0.03189891204237938,-0.2576543092727661,-0.25501054525375366
1767708707761944300,64.2499443359375,-0.09937895089387894,-0.3534032106399536,-0.5565575957298279
1767708707771944200,64.25994409179688,-0.2957684397697449,-0.42675021290779114,-0.8178971409797668
1767708707781944300,64.2699443359375,-0.4875735640525818,-0.3828671872615814,-0.8008468151092529
1767708707791945200,64.2799453125,-0.5321264863014221,-0.31317025423049927,-0.5447469353675842
1767708707801945000,64.28994506835937,-0.415620356798172,-0.2691625952720642,-0.3646091818809509
1767708707811946200,64.2999462890625,-0.25081104040145874,-0.24721966683864594,-0.4377984404563904
1767708707821946400,64.3099462890625,-0.15379075706005096,-0.15655182301998138,-0.5898961424827576
1767708707831947300,64.319947265625,-0.12312150746583939,-0.04931999742984772,-0.6573877930641174
1767708707841947400,64.32994750976563,-0.16484498977661133,-0.15363547205924988,-0.6915497779846191
1767708707851947300,64.339947265625,-0.305138498544693,-0.2932397425174713,-0.7285715937614441
1767708707861948200,64.3499482421875,-0.5073302388191223,-0.39413225650787354,-0.7205802202224731
1767708707871948300,64.3599482421875,-0.6685276627540588,-0.3757389187812805,-0.6308627724647522
1767708707881949200,64.36994921875,-0.5710203051567078,-0.3730904161930084,-0.4734693765640259
1767708707891949000,64.37994897460938,-0.40572264790534973,-0.448106974363327,-0.26134368777275085
1767708707901950500,64.38995043945313,-0.23925989866256714,-0.5310003161430359,-0.07727933675050735
1767708707911950300,64.39995043945312,-0.10763627290725708,-0.5280889272689819,0.06743443757295609
1767708707921950500,64.40995043945313,0.012299183756113052,-0.4458731412887573,0.15312670171260834
1767708707931951400,64.41995141601562,0.05683562532067299,-0.32711097598075867,0.1509357988834381
1767708707941951200,64.429951171875,0.06460726261138916,-0.2338859587907791,0.13236503303050995
1767708707951952100,64.4399521484375,0.14679887890815735,-0.15445145964622498,0.23627471923828125
1767708707961952300,64.4499521484375,0.2384600192308426,-0.017025111243128777,0.46471068263053894
1767708707971953200,64.459953125,0.2455589324235916,0.11275632679462433,0.6437435150146484
1767708707981953300,64.46995336914063,0.2085527926683426,0.16006574034690857,0.680036723613739
1767708707991953400,64.47995336914063,0.1613256335258484,0.15740710496902466,0.603524386882782
1767708708001954300,64.48995434570313,0.11203744262456894,0.10365945100784302,0.5169529914855957
1767708708011954400,64.49995434570313,0.06072498485445976,0.03236183896660805,0.5061783790588379
1767708708021955300,64.50995532226563,0.0008142407168634236,-0.0802798941731453,0.5651447176933289
1767708708031955200,64.519955078125,-0.023279111832380295,-0.17518430948257446,0.6425337791442871
1767708708041956000,64.5299560546875,-0.030979899689555168,-0.26258498430252075,0.7095856070518494
1767708708051956200,64.53995629882813,0.005797820631414652,-0.3402198553085327,0.7657167911529541
1767708708061956000,64.5499560546875,0.08803033083677292,-0.40056535601615906,0.8200075030326843
1767708708071957200,64.55995727539063,0.1768757849931717,-0.3922152817249298,0.8752571940422058
1767708708081957400,64.56995727539062,0.2786730229854584,-0.3461000621318817,0.9053412675857544
1767708708091958300,64.57995825195313,0.35377416014671326,-0.2763984799385071,0.89662766456604
1767708708101958400,64.58995849609374,0.4070877134799957,-0.17049090564250946,0.8511863946914673
1767708708111958300,64.59995825195313,0.41491368412971497,-0.08724129945039749,0.7688475847244263
1767708708121959200,64.60995922851562,0.3532468378543854,0.027152881026268005,0.6568108201026917
1767708708131959300,64.61995922851563,0.29958176612854004,0.09399289637804031,0.538589358329773
1767708708141960400,64.62996044921876,0.21828317642211914,0.14491979777812958,0.3913075923919678
1767708708151960300,64.63996020507813,0.16975104808807373,0.2023034542798996,0.24072688817977905
1767708708161961500,64.64996142578126,0.07261146605014801,0.2374931424856186,0.11622622609138489
1767708708171961600,64.65996166992187,-0.04471087455749512,0.24451424181461334,0.01891535148024559
1767708708181961500,64.66996142578125,-0.12827715277671814,0.21089529991149902,-0.06646718829870224
1767708708191962400,64.67996240234375,-0.17049574851989746,0.1603616327047348,-0.09956542402505875
1767708708201962500,64.68996240234375,-0.20154660940170288,0.033848438411951065,-0.0795656144618988
1767708708211963400,64.69996337890625,-0.2551978826522827,-0.12567827105522156,-0.0030925744213163853
1767708708221963500,64.70996362304687,-0.3109138607978821,-0.2548258602619171,0.1268443912267685
1767708708231964700,64.71996459960937,-0.3466692268848419,-0.3091207444667816,0.2405732274055481
1767708708241964500,64.72996459960937,-0.3517628014087677,-0.3049379885196686,0.27841249108314514
1767708708251964700,64.73996459960938,-0.3361606299877167,-0.26736214756965637,0.2661789357662201
1767708708261965600,64.74996557617187,-0.32114386558532715,-0.281995952129364,0.2794468104839325
1767708708271965400,64.75996533203126,-0.30576539039611816,-0.35386931896209717,0.38558685779571533
1767708708281966300,64.76996630859375,-0.14536266028881073,-0.3306652009487152,0.5569735765457153
1767708708291966500,64.77996655273438,0.13883687555789948,-0.20891521871089935,0.6504479646682739
1767708708301966300,64.78996630859375,0.4481739401817322,-0.10285215824842453,0.6329385042190552
1767708708311967500,64.79996752929688,0.642311692237854,0.0335104800760746,0.5349065661430359
1767708708321967400,64.80996728515625,0.6377057433128357,0.17136767506599426,0.37471047043800354
1767708708331968500,64.81996850585938,0.5059368014335632,0.3131486177444458,0.2335066795349121
1767708708341968600,64.82996875,0.3862226605415344,0.3426543176174164,0.0828029215335846
1767708708351969500,64.83996948242188,0.28536102175712585,0.2455933392047882,-0.06072819232940674
1767708708361969400,64.84996948242187,0.16488894820213318,0.19273731112480164,-0.040727585554122925
1767708708371969500,64.85996948242187,0.11032047122716904,0.1340504139661789,0.1534339338541031
1767708708381970400,64.86997045898437,0.14919090270996094,0.05174969509243965,0.3693696856498718
1767708708391970300,64.87997021484375,0.2404593527317047,0.000023688189685344696,0.48392754793167114
1767708708401971500,64.88997143554687,0.29346397519111633,-0.028206616640090942,0.4370923936367035
1767708708411971600,64.8999716796875,0.24691987037658691,-0.013726088218390942,0.2759767770767212
1767708708421972500,64.90997241210937,0.1621597409248352,-0.014770068228244781,0.1013248935341835
1767708708431972600,64.91997265625,0.1029914915561676,0.032202497124671936,-0.02186814323067665
1767708708441972500,64.92997241210938,0.1010364443063736,0.18847350776195526,-0.051698118448257446
1767708708451973400,64.93997338867187,0.06637726724147797,0.35291171073913574,0.014523511752486229
1767708708461973500,64.94997338867188,-0.07304295897483826,0.42209315299987793,0.1210758313536644
1767708708471974400,64.95997436523437,-0.2661975026130676,0.4920631945133209,0.1023612692952156
1767708708481974300,64.96997436523438,-0.3867753744125366,0.6098811030387878,-0.10517177730798721
1767708708491975400,64.97997534179687,-0.36891061067581177,0.7035511136054993,-0.350590318441391
1767708708501975600,64.9899755859375,-0.3101101219654083,0.6622457504272461,-0.41509899497032166
1767708708511975400,64.99997534179687,-0.3246709406375885,0.47157275676727295,-0.3292647898197174
1767708708521976600,65.0099765625,-0.3334173262119293,0.22149658203125,-0.2518562972545624
1767708708531976400,65.0199765625,-0.3035755455493927,0.00891614519059658,-0.2579703629016876
1767708708541977300,65.02997729492188,-0.22203214466571808,-0.120747409760952,-0.32807356119155884
1767708708551977500,65.0399775390625,-0.10398167371749878,-0.18743428587913513,-0.3845996856689453
1767708708561977300,65.04997729492187,0.01670394465327263,-0.18158257007598877,-0.4003548324108124
1767708708571978500,65.059978515625,0.09706243127584457,-0.19542914628982544,-0.40379536151885986
1767708708581978600,65.069978515625,0.12559716403484344,-0.209915429353714,-0.3829861581325531
1767708708591979500,65.0799794921875,0.11357886344194412,-0.19236360490322113,-0.379671573638916
1767708708601979400,65.0899794921875,0.08085979521274567,-0.16403129696846008,-0.40905797481536865
1767708708611980500,65.09998046875,0.05298155918717384,-0.06475610285997391,-0.44709616899490356
1767708708621980400,65.10998046875,-0.026340370997786522,0.050452280789613724,-0.4873582124710083
1767708708631980500,65.11998046875,-0.08659625798463821,0.13627450168132782,-0.5487765669822693
1767708708641981400,65.1299814453125,-0.12547920644283295,0.2483304738998413,-0.6531751155853271
1767708708651981600,65.13998168945312,-0.08403671532869339,0.33145979046821594,-0.7741312980651855
1767708708661982500,65.149982421875,-0.038399454206228256,0.4272201359272003,-0.9204413294792175
1767708708671982600,65.15998266601562,-0.009850130416452885,0.47654271125793457,-1.0526955127716064
1767708708681983500,65.1699833984375,0.027107885107398033,0.5359381437301636,-1.1456520557403564
1767708708691983400,65.1799833984375,0.0658869817852974,0.564648449420929,-1.1537667512893677
1767708708701983500,65.1899833984375,0.08637627959251404,0.5919565558433533,-1.0930346250534058
1767708708711984400,65.199984375,0.0985996276140213,0.5844758152961731,-1.0149188041687012
1767708708721984500,65.20998461914063,0.10447296500205994,0.5622719526290894,-0.9547765851020813
1767708708731985700,65.21998559570312,0.09685929864645004,0.5110680460929871,-0.9185576438903809
1767708708741985500,65.22998559570313,0.09824973344802856,0.43528538942337036,-0.890380322933197
1767708708751985700,65.23998559570313,0.11322091519832611,0.3400239646434784,-0.8144128322601318
1767708708761986600,65.24998657226563,0.15266579389572144,0.18933086097240448,-0.6573640704154968
1767708708771986400,65.259986328125,0.18995881080627441,-0.0211496502161026,-0.40597987174987793
1767708708781987300,65.2699873046875,0.21183161437511444,-0.20919865369796753,-0.11844448000192642
1767708708791987500,65.27998754882813,0.19692672789096832,-0.3887525796890259,0.09747889637947083
1767708708801988400,65.28998828125,0.10853616148233414,-0.5576622486114502,0.16344912350177765
1767708708811988500,65.29998852539063,-0.06439011543989182,-0.6577067971229553,0.08872554451227188
1767708708821988600,65.30998852539062,-0.28896647691726685,-0.6916389465332031,-0.05131784826517105
1767708708831989500,65.31998950195313,-0.4730587899684906,-0.6010332703590393,-0.16797353327274323
1767708708841989600,65.32998974609374,-0.48290422558784485,-0.4583200216293335,-0.2200460582971573
1767708708851990500,65.33999047851563,-0.30334919691085815,-0.3470870554447174,-0.2146366387605667
1767708708861990400,65.34999047851562,-0.058387625962495804,-0.22886477410793304,-0.2249278873205185
1767708708871990500,65.35999047851563,0.079275943338871,-0.18820174038410187,-0.2659056484699249
1767708708881991400,65.36999145507812,0.06320273876190186,-0.25151023268699646,-0.2999522089958191
1767708708891991300,65.3799912109375,-0.07351569086313248,-0.3382560610771179,-0.4006260633468628
1767708708901992400,65.38999243164062,-0.3471520245075226,-0.29971450567245483,-0.5298189520835876
1767708708911992600,65.39999267578125,-0.6849579811096191,-0.1990848183631897,-0.6295353174209595
1767708708921993500,65.40999340820312,-0.8681116104125977,-0.2105623036623001,-0.6216583251953125
1767708708931993600,65.41999365234375,-0.8046721816062927,-0.29424014687538147,-0.3278602361679077
1767708708941993500,65.42999340820313,-0.6656652688980103,-0.31177276372909546,0.05741835758090019
1767708708951994400,65.43999438476563,-0.47031015157699585,-0.2634723484516144,0.38662075996398926
1767708708961994500,65.44999438476563,-0.2611055076122284,-0.1907680183649063,0.5784018635749817
1767708708971995600,65.45999560546875,-0.05143297091126442,-0.16480618715286255,0.5569373369216919
1767708708981995500,65.46999560546875,0.06788221746683121,-0.08267661929130554,0.41441506147384644
1767708708991996400,65.47999633789063,0.16558080911636353,-0.04217526689171791,0.3432175815105438
1767708709001996500,65.48999658203125,0.270121306180954,0.03843560814857483,0.4813808500766754
1767708709011996400,65.49999633789062,0.32114455103874207,0.19114765524864197,0.7488002777099609
1767708709021997600,65.50999755859375,0.3101043999195099,0.2820417582988739,0.9331051111221313
1767708709031997400,65.51999755859374,0.2576987147331238,0.24216489493846893,0.971610426902771
1767708709041998300,65.52999829101563,0.1903710961341858,0.172567218542099,0.9389948844909668
1767708709051998500,65.53999853515624,0.16523031890392303,0.07977468520402908,0.9795601963996887
1767708709061998300,65.54999829101563,0.08108872920274734,0.03651757538318634,1.0349905490875244
1767708709071999500,65.55999951171874,-0.0009390285704284906,-0.04339589923620224,1.0613116025924683
1767708709081999600,65.56999951171875,-0.025745218619704247,-0.1659352034330368,1.0378261804580688
1767708709092000500,65.58000048828124,-0.004653780721127987,-0.29231125116348267,0.9695019125938416
1767708709102000400,65.59000048828125,0.024759501218795776,-0.3635313808917999,0.9159361720085144
1767708709112001500,65.60000146484376,0.07185664027929306,-0.3641871213912964,0.8907162547111511
1767708709122001400,65.61000146484375,0.11962176859378815,-0.3511762320995331,0.8892595171928406
1767708709132001300,65.62000122070313,0.16046671569347382,-0.3123609125614166,0.8793233036994934
1767708709142002700,65.63000268554687,0.20439235866069794,-0.2287706881761551,0.8317051529884338
1767708709152002600,65.64000244140625,0.24263061583042145,-0.11895838379859924,0.7398436069488525
1767708709162003500,65.65000341796875,0.2565341889858246,-0.006317318417131901,0.6314201951026917
1767708709172003600,65.66000366210938,0.2474362552165985,0.08223362267017365,0.5358753800392151
1767708709182003500,65.67000341796874,0.20760363340377808,0.16985376179218292,0.4718966484069824
1767708709192004600,65.68000463867187,0.1384173035621643,0.2044430673122406,0.42264553904533386
1767708709202004700,65.69000463867188,0.058666542172431946,0.1642218679189682,0.36424720287323
1767708709212005600,65.70000561523437,0.005287232808768749,0.09486498683691025,0.29957759380340576
1767708709222005500,65.71000561523438,-0.020897764712572098,0.0245125200599432,0.2516801059246063
1767708709232006700,65.72000659179687,-0.03913138061761856,-0.036382053047418594,0.23419718444347382
1767708709242006500,65.73000659179688,-0.06443008035421371,-0.11202061921358109,0.2543139159679413
1767708709252006700,65.74000659179687,-0.11809411644935608,-0.21928519010543823,0.2928371727466583
1767708709262007800,65.7500078125,-0.18336980044841766,-0.33375316858291626,0.3201811909675598
1767708709272007700,65.76000756835937,-0.24612875282764435,-0.3965272903442383,0.3195974826812744
1767708709282008600,65.77000854492188,-0.29652270674705505,-0.4007446765899658,0.25629815459251404
1767708709292008700,65.7800087890625,-0.3497121334075928,-0.3667953610420227,0.16244302690029144
1767708709302009600,65.79000952148438,-0.37987083196640015,-0.3553922474384308,0.11564569175243378
1767708709312009500,65.80000952148437,-0.3441743552684784,-0.38076531887054443,0.1850595921278
1767708709322009600,65.81000952148437,-0.1242947205901146,-0.3015804886817932,0.3194490969181061
1767708709332010500,65.82001049804687,0.20253640413284302,-0.14492852985858917,0.42429599165916443
1767708709342010600,65.8300107421875,0.5222621560096741,-0.036485422402620316,0.4542080760002136
1767708709352011800,65.84001171875,0.6901044845581055,0.09707267582416534,0.3738894760608673
1767708709362011600,65.85001171875,0.5953353047370911,0.3440808355808258,0.1701240837574005
1767708709372011800,65.86001171875,0.41217321157455444,0.4339212477207184,-0.1003393605351448
1767708709382012700,65.8700126953125,0.2294175624847412,0.27225568890571594,-0.33607810735702515
1767708709392012500,65.88001245117188,0.09217660874128342,0.26741352677345276,-0.3256571590900421
1767708709402013400,65.89001342773437,0.14187462627887726,0.4034218192100525,-0.09836217761039734
1767708709412013600,65.900013671875,0.31983184814453125,0.42980867624282837,0.16639117896556854
1767708709422014700,65.9100146484375,0.4493081569671631,0.2529899477958679,0.3164100646972656
1767708709432014600,65.9200146484375,0.401235431432724,-0.02291885018348694,0.31372135877609253
1767708709442014700,65.9300146484375,0.2571314871311188,-0.14713722467422485,0.24828551709651947
1767708709452015600,65.940015625,0.16255147755146027,-0.14283862709999084,0.15064869821071625
1767708709462015700,65.950015625,0.1297878623008728,-0.07343873381614685,0.0501302033662796
1767708709472016600,65.9600166015625,0.09529992938041687,0.11406192183494568,0.013093622401356697
1767708709482016500,65.9700166015625,0.05774114653468132,0.33361226320266724,0.045559391379356384
1767708709492016600,65.9800166015625,-0.003112349659204483,0.4270021319389343,0.0779077410697937
1767708709502017500,65.990017578125,-0.08766400068998337,0.5364733338356018,0.034115247428417206
1767708709512017400,66.00001733398437,-0.1386968195438385,0.7034889459609985,-0.1265908181667328
1767708709522018600,66.0100185546875,-0.12643246352672577,0.8802856206893921,-0.3212026059627533
1767708709532018700,66.02001879882812,-0.09326545894145966,0.9787386655807495,-0.40041592717170715
1767708709542019600,66.03001953125,-0.1366502195596695,0.8237493634223938,-0.319359689950943
1767708709552019700,66.04001977539062,-0.24056223034858704,0.5235660672187805,-0.1861816644668579
1767708709562019600,66.05001953125,-0.32883328199386597,0.28756511211395264,-0.09431083500385284
1767708709572020500,66.0600205078125,-0.3144063949584961,0.12744203209877014,-0.10237355530261993
1767708709582020600,66.0700205078125,-0.22101014852523804,0.06673607230186462,-0.17972080409526825
1767708709592021800,66.08002172851562,-0.11071717739105225,0.08889388293027878,-0.2379162460565567
1767708709602021600,66.09002172851562,-0.001426373259164393,0.09306012839078903,-0.25763991475105286
1767708709612021800,66.10002172851563,0.0792461410164833,0.0626031830906868,-0.2614785432815552
1767708709622022700,66.11002270507812,0.1035565435886383,0.05280967056751251,-0.24797683954238892
1767708709632022500,66.1200224609375,0.09696899354457855,0.06018636375665665,-0.2579270303249359
1767708709642023700,66.13002368164062,0.08181507140398026,0.09003587067127228,-0.31386807560920715
1767708709652023600,66.1400234375,0.035537246614694595,0.15615937113761902,-0.3846464157104492
1767708709662024400,66.1500244140625,-0.036971576511859894,0.23665793240070343,-0.4558851718902588
1767708709672024600,66.16002465820313,-0.053016286343336105,0.338500440120697,-0.5283074975013733
1767708709682024700,66.17002465820312,-0.026708779856562614,0.42710673809051514,-0.6101847887039185
1767708709692025600,66.18002563476563,0.00037018139846622944,0.48256322741508484,-0.6750776171684265
1767708709702025700,66.19002563476562,0.0217250045388937,0.4899231195449829,-0.7032988667488098
1767708709712026600,66.20002661132813,0.04145856574177742,0.48227638006210327,-0.6918041110038757
1767708709722026500,66.21002661132812,0.06299901008605957,0.4671083688735962,-0.6753751039505005
1767708709732026600,66.22002661132812,0.08720233291387558,0.45793861150741577,-0.6472908854484558
1767708709742027500,66.23002758789063,0.09780410677194595,0.44240492582321167,-0.6200574040412903
1767708709752027400,66.24002734375,0.07320931553840637,0.40250423550605774,-0.6197707653045654
1767708709762028800,66.25002880859375,0.037113893777132034,0.30876630544662476,-0.6490465998649597
1767708709772028700,66.26002856445312,0.018512485548853874,0.19707655906677246,-0.7030690908432007
1767708709782029600,66.27002954101563,0.04657767713069916,0.1626131236553192,-0.7589219808578491
1767708709792029700,66.28002978515624,0.11377882957458496,0.12694023549556732,-0.750988781452179
1767708709802029600,66.29002954101563,0.19459722936153412,0.03972943499684334,-0.610285758972168
1767708709812030500,66.30003051757812,0.25220781564712524,-0.11482880264520645,-0.38515621423721313
1767708709822030600,66.31003051757813,0.24820801615715027,-0.29882553219795227,-0.22554150223731995
1767708709832031500,66.32003149414062,0.16782531142234802,-0.46226930618286133,-0.23031085729599
1767708709842031600,66.33003149414063,-0.008798266761004925,-0.5743817090988159,-0.41477513313293457
1767708709852031700,66.34003173828125,-0.33386343717575073,-0.6051009893417358,-0.6534979343414307
1767708709862032600,66.35003271484375,-0.6780953407287598,-0.5119659900665283,-0.6483955979347229
1767708709872032800,66.36003271484375,-0.8486977219581604,-0.3752824068069458,-0.3493598699569702
1767708709882033700,66.37003369140625,-0.821394145488739,-0.29433032870292664,-0.1959112286567688
1767708709892033500,66.38003344726563,-0.652004063129425,-0.19789807498455048,-0.3839791417121887
1767708709902034400,66.39003442382813,-0.433368444442749,-0.10070577263832092,-0.6327469348907471
1767708709912034600,66.40003466796875,-0.25699418783187866,-0.08785255998373032,-0.7172466516494751
1767708709922034400,66.41003442382812,-0.14849619567394257,-0.22854484617710114,-0.7589218616485596
1767708709932035600,66.42003564453125,-0.11729619652032852,-0.412337064743042,-0.8815407156944275
1767708709942035700,66.43003564453124,-0.226463183760643,-0.5287454128265381,-0.8766238689422607
1767708709952036600,66.44003662109375,-0.25137946009635925,-0.6124773025512695,-0.5182816982269287
1767708709962036700,66.45003662109374,-0.18234363198280334,-0.6904388666152954,-0.08878739178180695
1767708709972036600,66.46003662109375,-0.13939297199249268,-0.6768162846565247,0.14896099269390106
1767708709982037500,66.47003759765624,-0.1357000470161438,-0.5142678022384644,0.21174943447113037
1767708709992037600,66.48003759765625,-0.1553642898797989,-0.31888049840927124,0.1604553610086441
1767708710002038800,66.49003881835938,-0.16984298825263977,-0.16901005804538727,0.06384951621294022
1767708710012038700,66.50003857421875,-0.11177542060613632,0.004384636413305998,0.024310361593961716
1767708710022039600,66.51003955078124,0.015322284772992134,0.20470277965068817,0.1348995864391327
1767708710032039700,66.52003979492187,0.07320715487003326,0.3508192300796509,0.3038385212421417
1767708710042039600,66.53003955078125,0.0676288977265358,0.4041253328323364,0.41153091192245483
1767708710052040700,66.54004077148437,0.025891829282045364,0.3159082233905792,0.47345244884490967
1767708710062040600,66.55004052734375,-0.03952658921480179,0.07396776974201202,0.7154147028923035
1767708710072041500,66.56004150390625,-0.09215836971998215,0.07876135408878326,0.7131285667419434
1767708710082041600,66.57004150390625,-0.14896678924560547,-0.07607349753379822,0.6755596399307251
1767708710092041500,66.58004150390624,-0.17030002176761627,-0.1410955786705017,0.6673750281333923
1767708710102042600,66.59004272460938,-0.14994308352470398,-0.18730781972408295,0.6648130416870117
1767708710112042800,66.60004272460938,-0.08140533417463303,-0.24185317754745483,0.6749700903892517
1767708710122043600,66.61004370117188,0.021982572972774506,-0.30629289150238037,0.6956157088279724
1767708710132043500,66.62004345703124,0.1439514011144638,-0.34648120403289795,0.7302055358886719
1767708710142044700,66.63004467773438,0.2575535774230957,-0.34970441460609436,0.7717849612236023
1767708710152044300,66.64004418945312,0.35337701439857483,-0.34253934025764465,0.7980899214744568
1767708710162044200,66.65004418945313,0.4162587821483612,-0.2680075764656067,0.8106664419174194
1767708710172045300,66.66004541015624,0.44816824793815613,-0.15977543592453003,0.8015649914741516
1767708710182045200,66.67004516601563,0.4333229660987854,-0.05819448456168175,0.757886528968811
1767708710192046000,66.68004614257812,0.3841879665851593,-0.0035657198168337345,0.6755807995796204
1767708710202046200,66.69004614257813,0.302216112613678,0.056930381804704666,0.5761292576789856
1767708710212046300,66.70004638671875,0.2068149894475937,0.1252537965774536,0.48382484912872314
1767708710222047200,66.71004711914063,0.11918500810861588,0.19808326661586761,0.41535845398902893
1767708710232047400,66.72004736328125,0.04340101405978203,0.2352762222290039,0.3696803152561188
1767708710242048300,66.73004833984375,-0.021695701405405998,0.2604319155216217,0.34248998761177063
1767708710252048100,66.74004809570313,-0.05551725998520851,0.21946723759174347,0.3147813677787781
1767708710262048300,66.75004833984374,-0.06399542838335037,0.14758078753948212,0.3143238425254822
1767708710272049200,66.76004907226563,-0.06520238518714905,0.028453443199396133,0.3455880880355835
1767708710282049300,66.77004931640624,-0.09602448344230652,-0.11117955297231674,0.41646918654441833
1767708710292050400,66.78005053710937,-0.1587163358926773,-0.22537213563919067,0.5225812196731567
1767708710302050300,66.79005029296874,-0.25079962611198425,-0.29414814710617065,0.6186928749084473
1767708710312051200,66.80005126953125,-0.3364735245704651,-0.29758840799331665,0.6444112658500671
1767708710322051300,66.81005126953124,-0.4036842882633209,-0.2787077724933624,0.5521287322044373
1767708710332051200,66.82005126953125,-0.45845165848731995,-0.28506287932395935,0.41318175196647644
1767708710342052000,66.83005200195312,-0.4845349192619324,-0.3338637948036194,0.35353362560272217
1767708710352052200,66.84005224609375,-0.39274269342422485,-0.4144848585128784,0.4559026062488556
1767708710362053000,66.85005322265626,-0.07290077954530716,-0.3968011438846588,0.6537896990776062
1767708710372053500,66.86005346679687,0.30025017261505127,-0.27805161476135254,0.7563754916191101
1767708710382053400,66.87005346679688,0.6136229634284973,-0.15316252410411835,0.647945761680603
1767708710392054300,66.88005419921875,0.7518775463104248,-0.011789683252573013,0.39872661232948303
1767708710402054400,66.89005444335938,0.6853623986244202,0.09153883904218674,0.17959052324295044
1767708710412055300,66.90005517578125,0.556858479976654,0.12465763837099075,0.03879425674676895
1767708710422055200,66.91005517578125,0.4481269419193268,0.16740760207176208,-0.043280985206365585
1767708710432056000,66.92005615234375,0.3414455056190491,0.1841980218887329,-0.007382907439023256
1767708710442056200,66.93005615234375,0.230940043926239,0.17999765276908875,0.15147115290164948
1767708710452056000,66.94005615234374,0.16786494851112366,0.1432628035545349,0.31847718358039856
1767708710462057500,66.95005737304687,0.21556265652179718,0.11258788406848907,0.3899545669555664
1767708710472057300,66.96005737304688,0.29317355155944824,0.08025870472192764,0.33804449439048767
1767708710482058200,66.97005834960937,0.31908345222473145,0.019383449107408524,0.2241562455892563
1767708710492058400,66.98005834960938,0.2932246923446655,-0.021985294297337532,0.14722391963005066
1767708710502058200,66.99005834960937,0.24429894983768463,-0.04778943955898285,0.09997102618217468
1767708710512059100,67.00005908203126,0.2219497114419937,0.024579565972089767,0.0768585130572319
1767708710522059300,67.01005932617187,0.187894806265831,0.18094468116760254,0.1055103987455368
1767708710532060400,67.02006030273438,0.08271808922290802,0.27865856885910034,0.15237310528755188
1767708710542060300,67.03006030273437,-0.06588283181190491,0.3414396643638611,0.1177046075463295
1767708710552060400,67.04006030273437,-0.20440320670604706,0.46814990043640137,-0.04868823289871216
1767708710562061300,67.05006127929687,-0.2543313801288605,0.609167218208313,-0.2840786576271057
1767708710572061200,67.06006127929687,-0.21018673479557037,0.6569448113441467,-0.44024455547332764
1767708710582062300,67.07006225585937,-0.17007659375667572,0.6061157584190369,-0.42566508054733276
1767708710592062200,67.08006225585937,-0.16899801790714264,0.4196760654449463,-0.33408069610595703
1767708710602063000,67.09006298828125,-0.1706736832857132,0.1921723484992981,-0.2633577883243561
1767708710612063200,67.10006323242187,-0.1380276381969452,0.023824457079172134,-0.25902584195137024
1767708710622063000,67.11006298828126,-0.06395340710878372,-0.07179021835327148,-0.3053571283817291
1767708710632064300,67.12006420898437,0.009265164844691753,-0.11302588135004044,-0.3664010167121887
1767708710642064400,67.130064453125,0.05332263931632042,-0.1388782560825348,-0.4118124544620514
1767708710652065300,67.14006518554687,0.03755832463502884,-0.1380338966846466,-0.4407753348350525
1767708710662065200,67.15006518554688,0.02907935157418251,-0.09928489476442337,-0.46551957726478577
1767708710672065300,67.16006518554687,0.040366608649492264,-0.014247826300561428,-0.5153772234916687
1767708710682066200,67.17006616210938,0.061016496270895004,0.10273178666830063,-0.5908152461051941
1767708710692066300,67.18006640625,0.06511832773685455,0.21901308000087738,-0.677341103553772
1767708710702067500,67.1900673828125,0.02728041633963585,0.30979061126708984,-0.7405170202255249
1767708710712067300,67.2000673828125,0.0023287273943424225,0.34369131922721863,-0.787644624710083
1767708710722067500,67.2100673828125,-0.007470678072422743,0.3526216745376587,-0.8315619230270386
1767708710732068400,67.220068359375,-0.018801629543304443,0.36099332571029663,-0.8606151342391968
1767708710742068200,67.23006811523437,-0.03961024060845375,0.4059101939201355,-0.8729032278060913
1767708710752069000,67.24006909179687,-0.04669416695833206,0.43860650062561035,-0.8629289865493774
1767708710762069200,67.2500693359375,-0.026979850605130196,0.5086538195610046,-0.8175657987594604
1767708710772070100,67.26007006835937,0.00683180894702673,0.601980447769165,-0.755072832107544
1767708710782070300,67.2700703125,0.02764449268579483,0.645130455493927,-0.6969925761222839
1767708710792070100,67.28007006835938,0.03222779184579849,0.6063636541366577,-0.654317319393158
1767708710802071300,67.2900712890625,0.022070184350013733,0.47912707924842834,-0.6368991732597351
1767708710812071400,67.30007153320312,0.013334483839571476,0.33581623435020447,-0.6568744778633118
1767708710822072300,67.310072265625,0.023158112540841103,0.20609018206596375,-0.7066023945808411
1767708710832072200,67.320072265625,0.05501297861337662,0.11443269997835159,-0.7277061343193054
1767708710842072300,67.330072265625,0.13050775229930878,0.030251119285821915,-0.6388568878173828
1767708710852073200,67.3400732421875,0.215895876288414,-0.07196739315986633,-0.4218768775463104
1767708710862073000,67.35007299804687,0.2673998475074768,-0.13249501585960388,-0.1864195466041565
1767708710872074200,67.36007421875,0.26267459988594055,-0.23868058621883392,-0.08295600861310959
1767708710882074400,67.37007446289063,0.1456400752067566,-0.3940654397010803,-0.1815829575061798
1767708710892075300,67.3800751953125,-0.11275658756494522,-0.5429177284240723,-0.44294774532318115
1767708710902075400,67.39007543945313,-0.42854389548301697,-0.5960013270378113,-0.6757960319519043
1767708710912075300,67.4000751953125,-0.6313830018043518,-0.518470287322998,-0.7112091183662415
1767708710922076200,67.410076171875,-0.5988673567771912,-0.4616228938102722,-0.5923058390617371
1767708710932076300,67.420076171875,-0.4008171856403351,-0.4060427248477936,-0.5247920751571655
1767708710942077200,67.4300771484375,-0.19570903480052948,-0.26402929425239563,-0.5653855800628662
1767708710952077000,67.4400771484375,-0.06768982112407684,-0.10691558569669724,-0.6372009515762329
1767708710962077400,67.45007739257812,-0.04768866300582886,-0.04262147098779678,-0.7294512987136841
1767708710972078300,67.46007836914063,-0.11679928749799728,-0.1776815503835678,-0.8567237257957458
1767708710982078200,67.470078125,-0.27331751585006714,-0.30483388900756836,-0.9239291548728943
1767708710992079400,67.48007934570313,-0.5263785123825073,-0.38540515303611755,-0.8552370071411133
1767708711002079200,67.49007934570312,-0.7550636529922485,-0.4507841467857361,-0.654865026473999
1767708711012079400,67.50007934570313,-0.6725496053695679,-0.4933585822582245,-0.4014686644077301
1767708711022080300,67.51008032226562,-0.4889083802700043,-0.46811068058013916,-0.1727280616760254
1767708711032080100,67.520080078125,-0.24999885261058807,-0.3765421509742737,0.012312094680964947
1767708711042081300,67.53008129882812,-0.016399696469306946,-0.28780028223991394,0.14996902644634247
1767708711052081400,67.54008129882813,0.13340124487876892,-0.20701666176319122,0.21646735072135925
1767708711062082300,67.55008227539062,0.18485724925994873,-0.13145186007022858,0.23135575652122498
1767708711072082200,67.56008227539063,0.20226849615573883,-0.1044168621301651,0.2656737267971039
1767708711082082300,67.57008227539062,0.21128277480602264,-0.017495280131697655,0.36751699447631836
1767708711092083200,67.58008325195313,0.2054583579301834,0.12310925126075745,0.5318976640701294
1767708711102083300,67.59008325195313,0.14969097077846527,0.2444724291563034,0.6514714956283569
1767708711112084200,67.60008422851563,0.05857547000050545,0.2685064673423767,0.7163851857185364
1767708711122084400,67.61008447265625,-0.047055330127477646,0.21083246171474457,0.7475309371948242
1767708711132084500,67.62008447265625,-0.13833197951316833,0.1780148595571518,0.7772512435913086
1767708711142085400,67.63008544921875,-0.18814773857593536,0.14695309102535248,0.8163976073265076
1767708711152085000,67.6400849609375,-0.18873204290866852,0.046948034316301346,0.8897531628608704
1767708711162086100,67.65008618164063,-0.16278566420078278,-0.06870399415493011,0.972794234752655
1767708711172086300,67.66008618164062,-0.11411616206169128,-0.17243410646915436,1.0446577072143555
1767708711182087200,67.67008715820313,-0.04870786517858505,-0.2096259593963623,1.0943222045898438
1767708711192087300,67.68008740234374,0.06139657646417618,-0.19316227734088898,1.1388142108917236
1767708711202087200,67.69008715820313,0.1978718787431717,-0.1509709656238556,1.1727895736694336
1767708711212088000,67.70008813476562,0.30823007225990295,-0.10179010778665543,1.193982720375061
1767708711222088200,67.71008813476563,0.38061827421188354,-0.029177770018577576,1.1869451999664307
1767708711232089000,67.72008911132812,0.40598782896995544,0.04777640104293823,1.135872483253479
1767708711242089000,67.7300888671875,0.4082473814487457,0.1160186231136322,1.057091236114502
1767708711252089300,67.74008935546875,0.39546316862106323,0.189891517162323,0.9742911458015442
1767708711262090200,67.75009033203125,0.37066251039505005,0.22781197726726532,0.8849983215332031
1767708711272090000,67.76009008789063,0.31086254119873047,0.21794284880161285,0.7979552745819092
1767708711282091300,67.77009130859375,0.22440306842327118,0.17198413610458374,0.73209148645401
1767708711292091100,67.78009106445313,0.11875654011964798,0.13373102247714996,0.6963402032852173
1767708711302091000,67.79009106445312,0.020264022052288055,0.09281131625175476,0.6683990359306335
1767708711312092200,67.80009204101563,-0.06426045298576355,0.044749245047569275,0.6218008995056152
1767708711322092000,67.81009204101562,-0.14081647992134094,-0.061104875057935715,0.5593133568763733
1767708711332093200,67.82009326171875,-0.19777536392211914,-0.2222021520137787,0.5003469586372375
1767708711342093300,67.83009326171874,-0.23705774545669556,-0.32601988315582275,0.46789294481277466
1767708711352094200,67.84009423828125,-0.28111201524734497,-0.3653971254825592,0.467864990234375
1767708711362094000,67.85009399414062,-0.33994370698928833,-0.3369767963886261,0.47299519181251526
1767708711372094200,67.86009423828125,-0.40731024742126465,-0.35493555665016174,0.4064617156982422
1767708711382095000,67.87009521484374,-0.48960214853286743,-0.38420823216438293,0.2679506838321686
1767708711392095000,67.88009497070313,-0.4996457099914551,-0.4097655117511749,0.16280746459960938
1767708711402096000,67.89009619140624,-0.32950302958488464,-0.4124070703983307,0.1859673410654068
1767708711412096300,67.90009619140625,-0.0017264856724068522,-0.326047420501709,0.2952485680580139
1767708711422096100,67.91009619140625,0.38310399651527405,-0.19818982481956482,0.38275498151779175
1767708711432097300,67.92009716796875,0.6771804094314575,-0.10899949073791504,0.409331738948822
1767708711442097200,67.93009716796875,0.8246534466743469,0.016138717532157898,0.37651681900024414
1767708711452098000,67.94009814453125,0.798332929611206,0.131502166390419,0.3139972686767578
1767708711462098200,67.95009814453125,0.6345967054367065,0.26889705657958984,0.2271854132413864
1767708711472098000,67.96009814453124,0.44664332270622253,0.3701820969581604,0.05238248407840729
1767708711482099000,67.97009887695313,0.2778921127319336,0.4130803048610687,-0.08892590552568436
1767708711492099000,67.98009912109374,0.14278943836688995,0.383411705493927,-0.05621214956045151
1767708711502100200,67.99010034179688,0.10940613597631454,0.25666436553001404,0.12577280402183533
1767708711512100000,68.00010009765624,0.16882126033306122,0.11938802152872086,0.30162692070007324
1767708711522101200,68.01010131835938,0.17503181099891663,0.052559640258550644,0.2900160253047943
1767708711532101000,68.02010107421874,0.1210431382060051,0.023340238258242607,0.16706903278827667
1767708711542101200,68.03010131835937,0.18202286958694458,0.0023784975055605173,0.1309051662683487
1767708711552102100,68.04010205078124,0.24168507754802704,-0.056934282183647156,0.11759530007839203
1767708711562102000,68.05010205078125,0.2451714128255844,-0.013324754312634468,0.1458703577518463
1767708711572103200,68.06010327148438,0.1951724886894226,0.06441617757081985,0.24579906463623047
1767708711582103300,68.07010327148437,0.0736207664012909,0.13774365186691284,0.34620076417922974
1767708711592103200,68.08010327148438,-0.11124980449676514,0.2533467411994934,0.3044467270374298
1767708711602104000,68.09010400390625,-0.24888703227043152,0.436553955078125,0.06500431150197983
1767708711612104200,68.10010424804688,-0.2573031485080719,0.6615428924560547,-0.24257215857505798
1767708711622105000,68.11010498046875,-0.2230546474456787,0.813872754573822,-0.424913614988327
1767708711632105200,68.12010522460938,-0.23373818397521973,0.7993044257164001,-0.4332951009273529
1767708711642105000,68.13010498046874,-0.27874693274497986,0.6355573534965515,-0.37117740511894226
1767708711652106000,68.14010595703125,-0.28709325194358826,0.4128662049770355,-0.35908153653144836
1767708711662106000,68.15010620117188,-0.25162580609321594,0.2237309068441391,-0.423735111951828
1767708711672107300,68.16010717773437,-0.19469508528709412,0.12281631678342819,-0.5194761753082275
1767708711682107100,68.17010717773438,-0.09950519353151321,0.054941922426223755,-0.5863127112388611
1767708711692108000,68.18010791015625,-0.010636910796165466,-0.0522746704518795,-0.5970314145088196
1767708711702108200,68.19010815429688,0.05611468851566315,-0.17321787774562836,-0.5710935592651367
1767708711712108000,68.20010791015625,0.053567662835121155,-0.2436406910419464,-0.5393802523612976
1767708711722109200,68.21010913085938,-0.0032865568064153194,-0.2216755747795105,-0.5343592762947083
1767708711732109000,68.22010913085937,-0.054486893117427826,-0.18522995710372925,-0.5869598984718323
1767708711742110200,68.23011010742188,-0.10774962604045868,-0.12411057949066162,-0.6586570143699646
1767708711752110300,68.2401103515625,-0.17746932804584503,0.03622769936919212,-0.7114664316177368
1767708711762110200,68.25011010742188,-0.2220204621553421,0.1627996563911438,-0.7508605122566223
1767708711772111000,68.26011108398437,-0.23438498377799988,0.28388720750808716,-0.7852104902267456
1767708711782111200,68.270111328125,-0.21774457395076752,0.36421671509742737,-0.8079481720924377
1767708711792112000,68.28011206054687,-0.17161862552165985,0.40465521812438965,-0.8099615573883057
1767708711802112000,68.29011206054687,-0.10677541792392731,0.427753746509552,-0.7756993174552917
1767708711812113200,68.30011303710937,-0.034313738346099854,0.4600760042667389,-0.7023574709892273
1767708711822113000,68.31011303710937,0.06164658069610596,0.4536869525909424,-0.6115462183952332
1767708711832113200,68.32011303710938,0.15083451569080353,0.43328073620796204,-0.5351347923278809
1767708711842114300,68.3301142578125,0.18847425282001495,0.3923165202140808,-0.48473435640335083
1767708711852114200,68.3401142578125,0.17870818078517914,0.32468128204345703,-0.4589847922325134
1767708711862115000,68.35011499023437,0.15932685136795044,0.22647686302661896,-0.44166016578674316
1767708711872115200,68.360115234375,0.15735530853271484,0.1417824774980545,-0.4456391930580139
1767708711882115000,68.37011499023437,0.17804057896137238,0.07606396079063416,-0.45470720529556274
1767708711892116000,68.38011596679688,0.20583227276802063,0.009424746036529541,-0.39801567792892456
1767708711902116000,68.3901162109375,0.2077593207359314,-0.05696482956409454,-0.25418704748153687
1767708711912117200,68.4001171875,0.18390537798404694,-0.1834559142589569,-0.11527630686759949
1767708711922117000,68.4101171875,0.12958784401416779,-0.3225226104259491,-0.08930008113384247
1767708711932117200,68.4201171875,0.013513711281120777,-0.4799002408981323,-0.2050708830356598
1767708711942118100,68.4301181640625,-0.19400113821029663,-0.6285707354545593,-0.3944583833217621
1767708711952118300,68.4401181640625,-0.44955140352249146,-0.6858618259429932,-0.5482863783836365
1767708711962119200,68.450119140625,-0.6488003134727478,-0.5454314947128296,-0.5114777684211731
1767708711972119000,68.460119140625,-0.642601490020752,-0.3361840546131134,-0.3701786398887634
1767708711982120000,68.47011987304687,-0.47215571999549866,-0.20867349207401276,-0.3424396812915802
1767708711992120000,68.4801201171875,-0.31562235951423645,-0.06784369796514511,-0.41000276803970337
1767708712002120200,68.4901201171875,-0.2125505656003952,-0.00022990675643086433,-0.4715127944946289
1767708712012121000,68.50012109375,-0.21178171038627625,-0.1172071248292923,-0.5474506616592407
1767708712022121200,68.51012133789062,-0.28122174739837646,-0.3030465245246887,-0.675727367401123
1767708712032122000,68.5201220703125,-0.4062819182872772,-0.4227287173271179,-0.7902888059616089
1767708712042122200,68.53012231445312,-0.5560535192489624,-0.5542334914207458,-0.7326321601867676
1767708712052122000,68.5401220703125,-0.5060645341873169,-0.6897330284118652,-0.5114953517913818
1767708712062123000,68.550123046875,-0.3345998525619507,-0.7580161690711975,-0.2534683346748352
1767708712072123100,68.560123046875,-0.19607914984226227,-0.7432246804237366,-0.07647938281297684
1767708712082124300,68.57012426757812,-0.11508949846029282,-0.6700671315193176,0.02813357673585415
1767708712092124200,68.58012426757813,-0.0778563991189003,-0.6073586940765381,0.10297760367393494
1767708712102124300,68.59012426757812,-0.008611819706857204,-0.5387467741966248,0.13048523664474487
1767708712112125200,68.60012524414063,0.09473853558301926,-0.42062756419181824,0.123080313205719
1767708712122125000,68.610125,0.2106698751449585,-0.26862338185310364,0.1635744869709015
1767708712132126200,68.62012622070313,0.2851502299308777,-0.10482247173786163,0.2826646566390991
1767708712142126000,68.6301259765625,0.277994841337204,-0.003977883607149124,0.4260697662830353
1767708712152126000,68.6401259765625,0.2193041443824768,0.0502028651535511,0.5001551508903503
1767708712162127000,68.65012719726562,0.17648717761039734,0.06365795433521271,0.5105063319206238
1767708712172127000,68.660126953125,0.18001426756381989,0.06267987936735153,0.506200909614563
1767708712182128000,68.67012817382812,0.17564266920089722,0.033398233354091644,0.5489538908004761
1767708712192128300,68.68012817382812,0.1354963183403015,-0.0437796413898468,0.6466293334960938
1767708712202129200,68.69012915039062,0.08129432797431946,-0.18631069362163544,0.7384293079376221
1767708712212129000,68.70012890625,0.05842231586575508,-0.3683861792087555,0.7590906023979187
1767708712222129200,68.71012915039063,0.09125217795372009,-0.5086140632629395,0.7201330661773682
1767708712232130000,68.72013012695312,0.176793172955513,-0.5973529815673828,0.6230517625808716
1767708712242130000,68.7301298828125,0.2572629451751709,-0.6209900975227356,0.5060216784477234
1767708712252131000,68.74013110351562,0.31029847264289856,-0.6020070910453796,0.4243398606777191
1767708712262131200,68.75013110351563,0.3215075135231018,-0.5608940720558167,0.3706303834915161
1767708712272131300,68.76013134765626,0.30203312635421753,-0.45047056674957275,0.3114989101886749
1767708712282132200,68.77013232421875,0.26400718092918396,-0.3770635724067688,0.23988239467144012
1767708712292132000,68.78013208007812,0.20931147038936615,-0.33644184470176697,0.14712156355381012
1767708712302133000,68.79013305664063,0.15409423410892487,-0.25965532660484314,0.07663571834564209
1767708712312133000,68.80013305664062,0.09797345101833344,-0.14198702573776245,0.059823714196681976
1767708712322133000,68.81013305664062,0.032725464552640915,-0.0332990363240242,0.08141284435987473
1767708712332134000,68.8201337890625,-0.029385311529040337,0.037742115557193756,0.10940533131361008
1767708712342134000,68.83013403320312,-0.0561271533370018,0.09664786607027054,0.13647280633449554
1767708712352135200,68.84013525390625,-0.055972956120967865,0.10931092500686646,0.17432430386543274
1767708712362135300,68.85013525390625,-0.07008396089076996,0.054633915424346924,0.2152106761932373
1767708712372135200,68.86013525390625,-0.13407811522483826,-0.0556049719452858,0.23932239413261414
1767708712382136000,68.87013598632812,-0.21273115277290344,-0.2088346779346466,0.2567460238933563
1767708712392136200,68.88013623046875,-0.2943309247493744,-0.2725129723548889,0.27910593152046204
1767708712402137000,68.89013720703124,-0.3255098760128021,-0.23278138041496277,0.30417877435684204
1767708712412137000,68.90013696289063,-0.3599890172481537,-0.2125898152589798,0.3381950855255127
1767708712422138000,68.91013818359374,-0.42010462284088135,-0.2419014275074005,0.43454745411872864
1767708712432138200,68.92013818359375,-0.39982864260673523,-0.3122975826263428,0.6212244033813477
1767708712442138000,68.93013818359375,-0.23805224895477295,-0.3273979723453522,0.8711016178131104
1767708712452139300,68.94013916015625,0.05785238370299339,-0.2222231775522232,1.0927801132202148
1767708712462139100,68.95013916015625,0.3004554510116577,-0.2045174092054367,1.2024815082550049
1767708712472140000,68.96014013671875,0.3670627474784851,-0.2849777936935425,1.18074369430542
1767708712482140200,68.97014013671875,0.3169489800930023,-0.3403467535972595,1.0898478031158447
1767708712492140000,68.98014013671875,0.21113860607147217,-0.2829941213130951,0.9412834048271179
1767708712502141000,68.99014086914063,0.16152048110961914,-0.15828149020671844,0.7654614448547363
1767708712512141000,69.00014111328124,0.10133224725723267,-0.1066766232252121,0.5805107951164246
1767708712522142200,69.01014208984375,0.03827843442559242,-0.1529264599084854,0.4615740180015564
1767708712532142000,69.02014208984374,0.04688284173607826,-0.19001150131225586,0.4573396146297455
1767708712542142200,69.03014208984375,0.13571284711360931,-0.19100843369960785,0.4948570728302002
1767708712552143000,69.04014306640624,0.2813475728034973,-0.2243136465549469,0.5570730566978455
1767708712562143000,69.05014306640625,0.3979034721851349,-0.2872960567474365,0.6733993887901306
1767708712572144000,69.06014404296874,0.31384605169296265,-0.2674136459827423,0.6627877950668335
1767708712582144000,69.07014404296875,0.1780698448419571,-0.2726225256919861,0.5822820067405701
1767708712592145200,69.08014526367188,0.12741048634052277,-0.24945200979709625,0.49347907304763794
1767708712602145300,69.09014526367187,0.09806591272354126,-0.1235465556383133,0.4092280864715576
1767708712612145200,69.10014526367188,0.03735323250293732,0.03544431924819946,0.31728145480155945
1767708712622146000,69.11014599609375,-0.058012403547763824,0.1966381072998047,0.17065900564193726
1767708712632146200,69.12014624023438,-0.1189279556274414,0.4424814283847809,-0.031289294362068176
1767708712642147000,69.13014697265625,-0.09375549107789993,0.6685550808906555,-0.21813109517097473
1767708712652147000,69.14014697265625,-0.036236003041267395,0.7534689903259277,-0.30851924419403076
1767708712662147000,69.15014697265624,-0.020094305276870728,0.6667871475219727,-0.28875038027763367
1767708712672148000,69.16014794921875,-0.06018100306391716,0.4830455482006073,-0.2559269368648529
1767708712682148000,69.17014819335938,-0.123347707092762,0.24622014164924622,-0.29497766494750977
1767708712692149200,69.18014916992188,-0.17638030648231506,0.0240403413772583,-0.3956962823867798
1767708712702149000,69.19014916992188,-0.19422297179698944,-0.07694922387599945,-0.45961081981658936
1767708712712149200,69.20014916992187,-0.17502450942993164,-0.08605803549289703,-0.4612310826778412
1767708712722150100,69.21015014648438,-0.13524512946605682,-0.11421532928943634,-0.4481941759586334
1767708712732150000,69.22014990234375,-0.1003345474600792,-0.10326627641916275,-0.44265931844711304
1767708712742151000,69.23015087890624,-0.0763368010520935,-0.06927471607923508,-0.442047119140625
1767708712752151000,69.24015112304687,-0.07550296187400818,0.0020833571907132864,-0.45465317368507385
1767708712762152200,69.25015209960938,-0.09321195632219315,0.08234276622533798,-0.4862096905708313
1767708712772152000,69.26015209960937,-0.12394030392169952,0.17146173119544983,-0.5292109847068787
1767708712782152200,69.27015209960938,-0.16773010790348053,0.25463777780532837,-0.5764589905738831
1767708712792153000,69.28015307617187,-0.16718974709510803,0.30482104420661926,-0.6041148900985718
1767708712802153200,69.2901533203125,-0.1243664100766182,0.32814696431159973,-0.6055561900138855
1767708712812154000,69.30015405273437,-0.08454415947198868,0.3161313235759735,-0.5869125127792358
1767708712822154000,69.31015405273438,-0.07065842300653458,0.2724250257015228,-0.5447101593017578
1767708712832154000,69.32015405273438,-0.05931602045893669,0.2106516808271408,-0.4729675352573395
1767708712842155300,69.3301552734375,-0.04007391631603241,0.1798640787601471,-0.3970915377140045
1767708712852155100,69.34015502929688,-0.008489357307553291,0.1694740206003189,-0.35639896988868713
1767708712862156000,69.35015600585938,0.017968082800507545,0.16214314103126526,-0.36713069677352905
1767708712872156200,69.36015625,0.04308675602078438,0.10816366970539093,-0.4117295444011688
1767708712882156000,69.37015600585937,0.0655108392238617,0.029841972514986992,-0.4731162190437317
1767708712892157200,69.3801572265625,0.10291153192520142,-0.06759833544492722,-0.5236532688140869
1767708712902157000,69.39015698242187,0.1390807330608368,-0.1485307216644287,-0.5528428554534912
1767708712912158000,69.40015795898438,0.17285938560962677,-0.2162153422832489,-0.5562923550605774
1767708712922158000,69.41015795898437,0.19995442032814026,-0.24395671486854553,-0.5279219150543213
1767708712932158000,69.42015795898438,0.2057657092809677,-0.26503321528434753,-0.49805963039398193
1767708712942159000,69.4301591796875,0.18540237843990326,-0.24748966097831726,-0.5040037631988525
1767708712952159200,69.4401591796875,0.14281681180000305,-0.21968819200992584,-0.5458040237426758
1767708712962160000,69.45016015625,0.09921128302812576,-0.18874491751194,-0.6194670796394348
1767708712972160000,69.46015991210938,0.047012776136398315,-0.19252322614192963,-0.7025038003921509
1767708712982160100,69.47016015625,-0.04063984379172325,-0.21092167496681213,-0.7791964411735535
1767708712992161000,69.4801611328125,-0.1356949806213379,-0.20039686560630798,-0.8598406910896301
1767708713002161200,69.4901611328125,-0.20311503112316132,-0.21171903610229492,-0.9226201772689819
1767708713012162300,69.50016235351562,-0.2215409129858017,-0.20105689764022827,-0.9682127833366394
1767708713022162200,69.510162109375,-0.1555488556623459,-0.14906135201454163,-1.0009690523147583
1767708713032163000,69.5201630859375,-0.015416243113577366,-0.08354520797729492,-0.984869658946991
1767708713042163200,69.5301630859375,0.09790818393230438,-0.01408650167286396,-0.9377719163894653
1767708713052163000,69.5401630859375,0.14803770184516907,-0.026760093867778778,-0.8992563486099243
1767708713062164000,69.5501640625,0.15982484817504883,-0.17134684324264526,-0.8995442390441895
1767708713072164000,69.5601640625,0.10766738653182983,-0.23064644634723663,-0.8830023407936096
1767708713082165000,69.5701650390625,0.0008352117729373276,-0.2799122631549835,-0.8310506939888
1767708713092165000,69.5801650390625,-0.06978249549865723,-0.25953760743141174,-0.7070011496543884
1767708713102165000,69.5901650390625,-0.016827933490276337,-0.19180065393447876,-0.48835158348083496
1767708713112166100,69.60016625976563,-0.010591380298137665,-0.08304300904273987,-0.16314464807510376
1767708713122166300,69.61016625976562,-0.06552599370479584,0.016589613631367683,0.08762707561254501
1767708713132167200,69.62016723632813,-0.06726157665252686,0.1219080463051796,0.07747643440961838
1767708713142167000,69.6301669921875,0.018019504845142365,0.17196469008922577,-0.026010489091277122
1767708713152167200,69.64016723632812,0.07151788473129272,0.1890864223241806,-0.14149793982505798
1767708713162168000,69.65016796875,0.10278771072626114,0.14283762872219086,-0.2649935781955719
1767708713172168000,69.66016796875,0.08757946640253067,0.14576391875743866,-0.4020097553730011
1767708713182169000,69.67016918945312,0.050972919911146164,0.18145443499088287,-0.5505178570747375
1767708713192169000,69.6801689453125,0.003585962112993002,0.1440839022397995,-0.49854332208633423
1767708713202169900,69.690169921875,0.006274718325585127,0.009058278053998947,-0.1371544599533081
