time,seconds_elapsed,z,y,x
1768216467968264200,0.04826416015625,0.069671630859375,-0.06597900390625,0.9915618896484375
1768216467978264000,0.05826416015625,0.070159912109375,-0.0644073486328125,0.9910125732421875
1768216467988265000,0.068264892578125,0.07257080078125,-0.0612640380859375,0.994171142578125
1768216467998265900,0.078265869140625,0.0773773193359375,-0.0673828125,0.9974822998046875
1768216468008266000,0.088265869140625,0.0775299072265625,-0.071258544921875,0.999542236328125
1768216468018267000,0.098266845703125,0.0700225830078125,-0.072235107421875,1.00140380859375
1768216468028267000,0.10826708984375,0.069915771484375,-0.0732574462890625,1.0022125244140625
1768216468038268200,0.11826806640625,0.0676116943359375,-0.07012939453125,1.0052490234375
1768216468048269000,0.12826904296875,0.07098388671875,-0.0666656494140625,1.0075836181640625
1768216468058269000,0.13826904296875,0.0766754150390625,-0.06268310546875,1.0042266845703125
1768216468068270000,0.14827001953125,0.076995849609375,-0.058441162109375,0.99920654296875
1768216468078270000,0.15827001953125,0.07586669921875,-0.059661865234375,1.0003509521484375
1768216468088270800,0.168270751953125,0.075408935546875,-0.0588531494140625,1.000640869140625
1768216468098271200,0.178271240234375,0.0746002197265625,-0.059967041015625,1.00067138671875
1768216468108272000,0.188272216796875,0.07720947265625,-0.0621795654296875,1.004302978515625
1768216468118273000,0.19827294921875,0.075958251953125,-0.0663909912109375,1.0052337646484375
1768216468128273000,0.20827294921875,0.06915283203125,-0.071075439453125,0.99908447265625
1768216468138274000,0.218274169921875,0.0608062744140625,-0.0730133056640625,0.99554443359375
1768216468148274000,0.22827392578125,0.06005859375,-0.0717315673828125,0.9944610595703125
1768216468158275000,0.238275146484375,0.0656585693359375,-0.070526123046875,0.9952239990234375
1768216468168275200,0.248275146484375,0.064605712890625,-0.06927490234375,0.993499755859375
1768216468178276000,0.258276123046875,0.0645751953125,-0.0690765380859375,0.990997314453125
1768216468188277000,0.268277099609375,0.062591552734375,-0.0683441162109375,0.9885406494140625
1768216468198277000,0.278277099609375,0.0533294677734375,-0.066131591796875,0.9891357421875
1768216468208278000,0.288278076171875,0.058441162109375,-0.0638427734375,0.9879913330078125
1768216468218278000,0.29827783203125,0.0658111572265625,-0.0637969970703125,0.987548828125
1768216468228279000,0.308279052734375,0.0667266845703125,-0.0610198974609375,0.99359130859375
1768216468238279200,0.318279052734375,0.069732666015625,-0.0596466064453125,0.99859619140625
1768216468248280000,0.328280029296875,0.063385009765625,-0.059234619140625,1.001373291015625
1768216468258281000,0.338281005859375,0.0635833740234375,-0.059814453125,0.9998626708984375
1768216468268281000,0.348281005859375,0.0611572265625,-0.0640411376953125,0.9958648681640625
1768216468278282000,0.358281982421875,0.05950927734375,-0.06524658203125,0.9944610595703125
1768216468288281900,0.36828173828125,0.0624237060546875,-0.065643310546875,0.997100830078125
1768216468298283000,0.378282958984375,0.0621185302734375,-0.0699615478515625,0.9979248046875
1768216468308283100,0.388283203125,0.0635986328125,-0.07061767578125,0.9991912841796875
1768216468318284000,0.398283935546875,0.0626983642578125,-0.0699005126953125,0.9951629638671875
1768216468328285000,0.408284912109375,0.059844970703125,-0.067718505859375,0.993438720703125
1768216468338284800,0.418284912109375,0.058807373046875,-0.0652008056640625,0.99615478515625
1768216468348285700,0.42828564453125,0.057525634765625,-0.0626373291015625,0.99627685546875
1768216468358285600,0.43828564453125,0.061492919921875,-0.06256103515625,0.99700927734375
1768216468368287000,0.448286865234375,0.0633392333984375,-0.061676025390625,0.9949798583984375
1768216468378287900,0.458287841796875,0.0621185302734375,-0.062103271484375,0.9952239990234375
1768216468388287700,0.468287841796875,0.062835693359375,-0.060302734375,0.99761962890625
1768216468398288600,0.47828857421875,0.0671539306640625,-0.06256103515625,1.0013885498046875
1768216468408288800,0.488288818359375,0.06390380859375,-0.0651702880859375,1.001495361328125
1768216468418289700,0.49828955078125,0.0606842041015625,-0.063629150390625,0.999237060546875
1768216468428289500,0.50828955078125,0.06182861328125,-0.0631103515625,0.9992523193359375
1768216468438291000,0.518291015625,0.0614776611328125,-0.0637664794921875,0.9994354248046875
1768216468448291800,0.528291748046875,0.06634521484375,-0.065399169921875,0.998687744140625
1768216468458291700,0.538291748046875,0.0664520263671875,-0.06536865234375,0.9982757568359375
1768216468468292600,0.548292724609375,0.066558837890625,-0.0641326904296875,0.9986572265625
1768216468478292700,0.558292724609375,0.0627899169921875,-0.06744384765625,0.9984588623046875
1768216468488294000,0.5682939453125,0.058319091796875,-0.0632476806640625,0.995391845703125
1768216468498294800,0.578294677734375,0.057708740234375,-0.06329345703125,0.994842529296875
1768216468508295000,0.588294921875,0.057708740234375,-0.0611114501953125,0.997161865234375
1768216468518295800,0.5982958984375,0.059844970703125,-0.0610809326171875,0.996917724609375
1768216468528295700,0.608295654296875,0.058685302734375,-0.0652313232421875,0.9983367919921875
1768216468538296600,0.618296630859375,0.0617828369140625,-0.06732177734375,1.0045013427734375
1768216468548296700,0.628296630859375,0.05780029296875,-0.0667724609375,0.9989776611328125
1768216468558297900,0.6382978515625,0.0667877197265625,-0.0654449462890625,0.99871826171875
1768216468568298800,0.648298828125,0.0657958984375,-0.0650177001953125,0.9988861083984375
1768216468578299000,0.658298828125,0.0591278076171875,-0.0629119873046875,0.9986114501953125
1768216468588299800,0.6682998046875,0.0565338134765625,-0.058319091796875,0.9973602294921875
1768216468598299600,0.678299560546875,0.057037353515625,-0.0587005615234375,0.99676513671875
1768216468608300800,0.68830078125,0.0578460693359375,-0.0587310791015625,0.99725341796875
1768216468618300700,0.69830078125,0.0537109375,-0.061065673828125,0.9968414306640625
1768216468628301800,0.7083017578125,0.0485687255859375,-0.0619354248046875,0.9957427978515625
1768216468638302700,0.718302734375,0.0505523681640625,-0.0620269775390625,0.99468994140625
1768216468648302800,0.728302734375,0.0554656982421875,-0.0623626708984375,0.9942779541015625
1768216468658303700,0.7383037109375,0.054840087890625,-0.06298828125,0.9956512451171875
1768216468668303600,0.7483037109375,0.0523681640625,-0.061798095703125,0.9964599609375
1768216468678304800,0.7583046875,0.0548095703125,-0.063232421875,0.999664306640625
1768216468688306000,0.768305908203125,0.0564422607421875,-0.062835693359375,1.00152587890625
1768216468698305800,0.778305908203125,0.0592041015625,-0.0590362548828125,1.0014495849609375
1768216468708306700,0.788306640625,0.056884765625,-0.0593414306640625,1.0003204345703125
1768216468718306800,0.798306884765625,0.0534820556640625,-0.05926513671875,1.000152587890625
1768216468728307700,0.8083076171875,0.0561676025390625,-0.058197021484375,0.9997406005859375
1768216468738307800,0.818307861328125,0.0602569580078125,-0.0599212646484375,1.0020751953125
1768216468748308700,0.828308837890625,0.05908203125,-0.061492919921875,1.001708984375
1768216468758310000,0.838309814453125,0.057586669921875,-0.060028076171875,0.9994354248046875
1768216468768309800,0.848309814453125,0.05584716796875,-0.0601959228515625,0.9979705810546875
1768216468778310700,0.858310546875,0.055877685546875,-0.0584869384765625,0.9972381591796875
1768216468788310800,0.868310791015625,0.0561370849609375,-0.05804443359375,1.000213623046875
1768216468798311700,0.878311767578125,0.058563232421875,-0.0598907470703125,1.0024871826171875
1768216468808312600,0.8883125,0.0552215576171875,-0.0603179931640625,1.000396728515625
1768216468818313000,0.89831298828125,0.052032470703125,-0.061798095703125,0.9958953857421875
1768216468828313900,0.90831396484375,0.0557098388671875,-0.0597686767578125,0.9951019287109375
1768216468838313700,0.918313720703125,0.0512237548828125,-0.057098388671875,0.993988037109375
1768216468848315000,0.92831494140625,0.0453338623046875,-0.0556182861328125,0.993743896484375
1768216468858314800,0.938314697265625,0.046234130859375,-0.0559539794921875,0.9953155517578125
1768216468868315600,0.948315673828125,0.053558349609375,-0.054901123046875,0.99615478515625
1768216468878316800,0.95831689453125,0.05462646484375,-0.0543365478515625,0.9978790283203125
1768216468888317000,0.96831689453125,0.053863525390625,-0.0561676025390625,0.9974212646484375
1768216468898317800,0.97831787109375,0.0573272705078125,-0.0561676025390625,1.001922607421875
1768216468908317700,0.988317626953125,0.058441162109375,-0.058074951171875,1.0032806396484375
1768216468918318800,0.99831884765625,0.054534912109375,-0.0592498779296875,0.9999237060546875
1768216468928319700,1.00831982421875,0.055267333984375,-0.0588226318359375,0.998748779296875
1768216468938319600,1.018319580078125,0.0560760498046875,-0.0615386962890625,0.996856689453125
1768216468948320800,1.02832080078125,0.05340576171875,-0.061279296875,0.9967498779296875
1768216468958321000,1.03832080078125,0.050506591796875,-0.06134033203125,0.9945831298828125
1768216468968321800,1.04832177734375,0.04962158203125,-0.0604400634765625,0.9961090087890625
1768216468978321700,1.05832177734375,0.05303955078125,-0.0602874755859375,0.999359130859375
1768216468988322800,1.06832275390625,0.0550689697265625,-0.0593109130859375,0.9984283447265625
1768216468998323700,1.07832373046875,0.0507965087890625,-0.05908203125,0.997802734375
1768216469008323600,1.088323486328125,0.0504150390625,-0.0579833984375,1.0011138916015625
1768216469018324700,1.09832470703125,0.0537567138671875,-0.057281494140625,1.0002288818359375
1768216469028324900,1.108324951171875,0.058258056640625,-0.0560302734375,1.0019989013671875
1768216469038325800,1.11832568359375,0.0578460693359375,-0.0546875,1.003997802734375
1768216469048326700,1.12832666015625,0.0557708740234375,-0.0509490966796875,1.0004119873046875
1768216469058326800,1.138326904296875,0.048980712890625,-0.054962158203125,0.9966278076171875
1768216469068327700,1.14832763671875,0.0423583984375,-0.0554351806640625,0.9926605224609375
1768216469078327600,1.15832763671875,0.0438079833984375,-0.0522003173828125,0.998046875
1768216469088329000,1.168328857421875,0.044647216796875,-0.0514373779296875,0.9987640380859375
1768216469098328800,1.178328857421875,0.0608367919921875,-0.0525665283203125,1.0066680908203125
1768216469108329700,1.188329833984375,0.067047119140625,-0.0573272705078125,1.0090484619140625
1768216469118330600,1.19833056640625,0.060028076171875,-0.059234619140625,1.009796142578125
1768216469128330800,1.208330810546875,0.053131103515625,-0.0638427734375,1.001983642578125
1768216469138331600,1.21833154296875,0.0555419921875,-0.06011962890625,0.9974212646484375
1768216469148331800,1.228331787109375,0.051483154296875,-0.0581512451171875,0.9936370849609375
1768216469158333000,1.2383330078125,0.051971435546875,-0.055694580078125,0.994964599609375
1768216469168333800,1.248333740234375,0.0545654296875,-0.052734375,0.9988555908203125
1768216469178333700,1.258333740234375,0.05169677734375,-0.05010986328125,0.9963226318359375
1768216469188334600,1.26833447265625,0.05218505859375,-0.0502777099609375,0.996368408203125
1768216469198334700,1.278334716796875,0.0544586181640625,-0.0512847900390625,0.9989471435546875
1768216469208336000,1.2883359375,0.0566558837890625,-0.05255126953125,1.0015716552734375
1768216469218335700,1.298335693359375,0.05548095703125,-0.0510406494140625,1.0020904541015625
1768216469228337000,1.3083369140625,0.051025390625,-0.052398681640625,0.997711181640625
1768216469238337800,1.318337890625,0.0505218505859375,-0.053375244140625,0.9978485107421875
1768216469248337700,1.328337646484375,0.048309326171875,-0.051788330078125,0.995635986328125
1768216469258338800,1.3383388671875,0.0489654541015625,-0.0543060302734375,0.9968414306640625
1768216469268338700,1.348338623046875,0.0515289306640625,-0.05377197265625,0.999908447265625
1768216469278339800,1.35833984375,0.0509490966796875,-0.052825927734375,0.9991607666015625
1768216469288340000,1.368340087890625,0.0535125732421875,-0.053619384765625,1.002227783203125
1768216469298340900,1.3783408203125,0.05450439453125,-0.052947998046875,1.0019683837890625
1768216469308341800,1.388341796875,0.054931640625,-0.0535430908203125,0.99798583984375
1768216469318341600,1.398341552734375,0.05767822265625,-0.056640625,0.99951171875
1768216469328342800,1.4083427734375,0.053253173828125,-0.05609130859375,0.9978790283203125
1768216469338342700,1.4183427734375,0.0516510009765625,-0.0564117431640625,0.99969482421875
1768216469348343600,1.428343505859375,0.0495452880859375,-0.0562744140625,0.996826171875
1768216469358344400,1.438344482421875,0.049530029296875,-0.054962158203125,0.9964752197265625
1768216469368344600,1.448344482421875,0.05523681640625,-0.0552978515625,0.99932861328125
1768216469378345500,1.458345458984375,0.05657958984375,-0.05462646484375,0.998382568359375
1768216469388345600,1.468345703125,0.0571441650390625,-0.0541534423828125,0.9965972900390625
1768216469398346800,1.4783466796875,0.0558013916015625,-0.053955078125,0.9975738525390625
1768216469408347600,1.48834765625,0.063446044921875,-0.05615234375,1.0018463134765625
1768216469418347500,1.498347412109375,0.0678253173828125,-0.060333251953125,1.0054931640625
1768216469428348400,1.508348388671875,0.0619049072265625,-0.0619049072265625,1.005706787109375
1768216469438348500,1.5183486328125,0.053558349609375,-0.0599212646484375,1.0035552978515625
1768216469448349700,1.528349609375,0.046905517578125,-0.0604400634765625,0.99774169921875
1768216469458349800,1.538349853515625,0.0490570068359375,-0.057464599609375,0.9935302734375
1768216469468350700,1.548350830078125,0.051544189453125,-0.0551910400390625,0.990478515625
1768216469478351600,1.5583515625,0.0496673583984375,-0.0567169189453125,0.9923858642578125
1768216469488351500,1.5683515625,0.051849365234375,-0.0565643310546875,0.9940643310546875
1768216469498352600,1.5783525390625,0.053192138671875,-0.0544281005859375,0.999847412109375
1768216469508352500,1.5883525390625,0.0521392822265625,-0.051177978515625,1.000579833984375
1768216469518353700,1.598353759765625,0.051788330078125,-0.05035400390625,1.00164794921875
1768216469528354600,1.6083544921875,0.0489959716796875,-0.051025390625,1.0006866455078125
1768216469538354700,1.618354736328125,0.051422119140625,-0.0508575439453125,1.0004119873046875
1768216469548355600,1.62835546875,0.052490234375,-0.0498809814453125,0.9996490478515625
1768216469558355500,1.63835546875,0.05755615234375,-0.05126953125,1.0003509521484375
1768216469568356600,1.648356689453125,0.0556488037109375,-0.056243896484375,0.999053955078125
1768216469578356500,1.6583564453125,0.05078125,-0.0598297119140625,0.996734619140625
1768216469588357600,1.668357666015625,0.0460662841796875,-0.060089111328125,0.994384765625
1768216469598358500,1.678358642578125,0.046966552734375,-0.0598297119140625,0.994598388671875
1768216469608358700,1.688358642578125,0.0470428466796875,-0.0579681396484375,0.9961700439453125
1768216469618359600,1.698359619140625,0.054473876953125,-0.0592193603515625,0.9986114501953125
1768216469628359700,1.708359619140625,0.0518035888671875,-0.0579986572265625,1.003692626953125
1768216469638360600,1.718360595703125,0.0548858642578125,-0.0559234619140625,1.0040283203125
1768216469648361700,1.72836181640625,0.0546875,-0.0578460693359375,1.0027008056640625
1768216469658361600,1.738361572265625,0.05718994140625,-0.056365966796875,1.0059814453125
1768216469668362500,1.748362548828125,0.059539794921875,-0.0535125732421875,0.9996795654296875
1768216469678362600,1.758362548828125,0.065093994140625,-0.053436279296875,0.999114990234375
1768216469688363500,1.768363525390625,0.0548095703125,-0.04901123046875,0.9945526123046875
1768216469698364400,1.778364501953125,0.05816650390625,-0.0546417236328125,0.9988861083984375
1768216469708364500,1.788364501953125,0.055877685546875,-0.055023193359375,0.9969482421875
1768216469718365700,1.79836572265625,0.05438232421875,-0.0581207275390625,0.9949951171875
1768216469728365600,1.808365478515625,0.050018310546875,-0.059112548828125,0.9944305419921875
1768216469738366700,1.81836669921875,0.0499267578125,-0.0573883056640625,0.9962615966796875
1768216469748366600,1.82836669921875,0.0604095458984375,-0.0568695068359375,0.9976348876953125
1768216469758367500,1.838367431640625,0.0569305419921875,-0.0561981201171875,1.0034332275390625
1768216469768368600,1.84836865234375,0.053192138671875,-0.0565032958984375,1.0033111572265625
1768216469778368800,1.85836865234375,0.054351806640625,-0.0533599853515625,1.00146484375
1768216469788369700,1.86836962890625,0.0514068603515625,-0.05462646484375,1.000823974609375
1768216469798369500,1.87836962890625,0.0535430908203125,-0.0524444580078125,0.9998931884765625
1768216469808370700,1.88837060546875,0.0534820556640625,-0.0523834228515625,0.99786376953125
1768216469818371600,1.89837158203125,0.0533447265625,-0.053253173828125,0.995086669921875
1768216469828371500,1.908371337890625,0.053070068359375,-0.0542449951171875,0.995269775390625
1768216469838372600,1.91837255859375,0.0526580810546875,-0.05450439453125,0.9980010986328125
1768216469848372700,1.928372802734375,0.0510406494140625,-0.0552520751953125,0.9977569580078125
1768216469858373600,1.93837353515625,0.049224853515625,-0.0541229248046875,0.9949493408203125
1768216469868373800,1.948373779296875,0.0500335693359375,-0.05462646484375,0.9996185302734375
1768216469878374700,1.958374755859375,0.0506591796875,-0.0550994873046875,1.004638671875
1768216469888375600,1.96837548828125,0.05474853515625,-0.0556640625,1.0076141357421875
1768216469898375400,1.97837548828125,0.0519256591796875,-0.0544891357421875,1.001922607421875
1768216469908376600,1.98837646484375,0.048858642578125,-0.054595947265625,0.9975433349609375
1768216469918376700,1.998376708984375,0.0471038818359375,-0.055755615234375,0.9972991943359375
1768216469928377600,2.008377685546875,0.0463714599609375,-0.0551605224609375,0.997955322265625
1768216469938378500,2.01837841796875,0.0470123291015625,-0.05535888671875,0.998199462890625
1768216469948378600,2.028378662109375,0.04656982421875,-0.054901123046875,0.9996795654296875
1768216469958379500,2.038379638671875,0.0513763427734375,-0.0539398193359375,1.000213623046875
1768216469968379400,2.04837939453125,0.0537872314453125,-0.0549468994140625,1.00054931640625
1768216469978380800,2.058380859375,0.051055908203125,-0.0535736083984375,0.9991302490234375
1768216469988381700,2.068381591796875,0.050140380859375,-0.055450439453125,0.99951171875
1768216469998381600,2.078381591796875,0.0510711669921875,-0.0569000244140625,0.9998321533203125
1768216470008382500,2.088382568359375,0.0479736328125,-0.0557861328125,0.997955322265625
1768216470018382600,2.098382568359375,0.044891357421875,-0.05694580078125,0.9994049072265625
1768216470028383500,2.108383544921875,0.046905517578125,-0.055389404296875,1.001007080078125
1768216470038383400,2.11838330078125,0.046356201171875,-0.055145263671875,0.9984893798828125
1768216470048384800,2.128384765625,0.0481719970703125,-0.055328369140625,0.9978179931640625
1768216470058385700,2.1383857421875,0.0509490966796875,-0.054534912109375,0.9992523193359375
1768216470068385500,2.148385498046875,0.04986572265625,-0.0549163818359375,1.0003509521484375
1768216470078386400,2.158386474609375,0.0513153076171875,-0.0530853271484375,1.0015869140625
1768216470088386600,2.168386474609375,0.050384521484375,-0.0528106689453125,0.999176025390625
1768216470098387700,2.1783876953125,0.0528106689453125,-0.0538787841796875,0.998687744140625
1768216470108388600,2.188388671875,0.0501556396484375,-0.0556793212890625,0.9974365234375
1768216470118388700,2.198388671875,0.046051025390625,-0.0575714111328125,0.9974822998046875
1768216470128389600,2.2083896484375,0.04571533203125,-0.058746337890625,0.998809814453125
1768216470138389500,2.218389404296875,0.0490264892578125,-0.056976318359375,0.9973297119140625
1768216470148390700,2.228390625,0.051544189453125,-0.056060791015625,0.9981842041015625
1768216470158391800,2.238391845703125,0.0487823486328125,-0.0556182861328125,0.9994049072265625
1768216470168391700,2.2483916015625,0.0470428466796875,-0.054534912109375,1.000335693359375
1768216470178392600,2.258392578125,0.0465240478515625,-0.055511474609375,1.0011138916015625
1768216470188392700,2.268392822265625,0.0478363037109375,-0.0545501708984375,1.0005950927734375
1768216470198393600,2.2783935546875,0.0475921630859375,-0.0540313720703125,0.9993896484375
1768216470208394500,2.28839453125,0.0463104248046875,-0.0512542724609375,0.9967041015625
1768216470218394600,2.29839453125,0.05010986328125,-0.053192138671875,0.9930572509765625
1768216470228395800,2.308395751953125,0.0543212890625,-0.053802490234375,0.99481201171875
1768216470238395600,2.318395751953125,0.053253173828125,-0.05450439453125,0.9976806640625
1768216470248396500,2.328396484375,0.05352783203125,-0.0574798583984375,0.9959564208984375
1768216470258396700,2.338396728515625,0.0457305908203125,-0.0585784912109375,1.00030517578125
1768216470268397600,2.3483974609375,0.0424041748046875,-0.05908203125,0.9997711181640625
1768216470278398500,2.3583984375,0.0459747314453125,-0.058837890625,1.001373291015625
1768216470288398600,2.368398681640625,0.0457916259765625,-0.057220458984375,1.0009765625
1768216470298399700,2.378399658203125,0.05023193359375,-0.053955078125,1.0009918212890625
1768216470308399600,2.388399658203125,0.048492431640625,-0.0553131103515625,0.9990081787109375
1768216470318400500,2.398400390625,0.04693603515625,-0.0524444580078125,0.996490478515625
1768216470328401700,2.408401611328125,0.048492431640625,-0.0517730712890625,0.99761962890625
1768216470338402600,2.418402587890625,0.058868408203125,-0.051666259765625,1.0018463134765625
1768216470348403500,2.428403564453125,0.058807373046875,-0.054168701171875,1.0027618408203125
1768216470358403300,2.4384033203125,0.051239013671875,-0.0560760498046875,1.0012359619140625
1768216470368404500,2.448404541015625,0.0483551025390625,-0.054718017578125,0.999267578125
1768216470378405400,2.4584052734375,0.046478271484375,-0.05682373046875,0.998443603515625
1768216470388405200,2.4684052734375,0.04962158203125,-0.0564117431640625,1.0006866455078125
1768216470398406400,2.478406494140625,0.049407958984375,-0.0553436279296875,0.9976043701171875
1768216470408406500,2.488406494140625,0.047637939453125,-0.05316162109375,0.9964447021484375
1768216470418407400,2.498407470703125,0.044677734375,-0.0536651611328125,0.99456787109375
1768216470428407600,2.508407470703125,0.04705810546875,-0.0531158447265625,0.9974517822265625
1768216470438408400,2.518408447265625,0.0504302978515625,-0.0518341064453125,0.99822998046875
1768216470448409300,2.528409423828125,0.0511016845703125,-0.05035400390625,0.998870849609375
1768216470458409200,2.5384091796875,0.0502777099609375,-0.0506744384765625,0.9994354248046875
1768216470468410400,2.548410400390625,0.0519256591796875,-0.0530853271484375,0.999908447265625
1768216470478410500,2.558410400390625,0.052276611328125,-0.0539093017578125,1.0002288818359375
1768216470488411400,2.568411376953125,0.0505218505859375,-0.0566253662109375,0.998687744140625
1768216470498412300,2.578412353515625,0.0503082275390625,-0.057098388671875,0.998046875
1768216470508412400,2.588412353515625,0.048919677734375,-0.05499267578125,0.9982452392578125
1768216470518413300,2.598413330078125,0.0519866943359375,-0.0536346435546875,0.99798583984375
1768216470528413200,2.6084130859375,0.04962158203125,-0.05364990234375,0.997894287109375
1768216470538414600,2.61841455078125,0.04998779296875,-0.0550994873046875,0.9988555908203125
1768216470548415500,2.62841552734375,0.05157470703125,-0.0570220947265625,1.0013427734375
1768216470558415400,2.638415283203125,0.05047607421875,-0.0564727783203125,1.004852294921875
1768216470568416300,2.648416259765625,0.0533294677734375,-0.0566558837890625,1.003662109375
1768216470578416400,2.65841650390625,0.0522003173828125,-0.057037353515625,1.0017242431640625
1768216470588417300,2.668417236328125,0.0493011474609375,-0.0556488037109375,0.998291015625
1768216470598418400,2.67841845703125,0.0495452880859375,-0.053009033203125,0.9996795654296875
1768216470608418600,2.68841845703125,0.0515899658203125,-0.0511627197265625,0.9969635009765625
1768216470618419500,2.69841943359375,0.0482940673828125,-0.0516357421875,0.9969024658203125
1768216470628419300,2.70841943359375,0.0470428466796875,-0.051666259765625,0.99908447265625
1768216470638420200,2.718420166015625,0.049774169921875,-0.0536346435546875,0.9986419677734375
1768216470648420400,2.72842041015625,0.0486907958984375,-0.0553436279296875,0.99658203125
1768216470658421200,2.738421142578125,0.0471649169921875,-0.05548095703125,0.9954986572265625
1768216470668422400,2.74842236328125,0.049163818359375,-0.0552825927734375,0.9956207275390625
1768216470678422500,2.758422607421875,0.0530242919921875,-0.0555877685546875,0.9963836669921875
1768216470688423400,2.76842333984375,0.0550384521484375,-0.0533905029296875,0.9968414306640625
1768216470698423300,2.77842333984375,0.0530242919921875,-0.0526885986328125,0.9967041015625
1768216470708424400,2.788424560546875,0.0545654296875,-0.05377197265625,1.001953125
1768216470718425600,2.798425537109375,0.0518035888671875,-0.0544586181640625,1.0008544921875
1768216470728425500,2.808425537109375,0.0499267578125,-0.0554351806640625,1.0035552978515625
1768216470738426400,2.81842626953125,0.053436279296875,-0.0569610595703125,1.0023345947265625
1768216470748426500,2.828426513671875,0.053131103515625,-0.057952880859375,0.9976043701171875
1768216470758427400,2.838427490234375,0.0511016845703125,-0.0551910400390625,0.9958953857421875
1768216470768428300,2.84842822265625,0.0545654296875,-0.0540313720703125,0.9959869384765625
1768216470778428400,2.858428466796875,0.0524749755859375,-0.053985595703125,0.9955291748046875
1768216470788429600,2.8684296875,0.052093505859375,-0.0550689697265625,0.99664306640625
1768216470798429400,2.878429443359375,0.0491943359375,-0.0552215576171875,0.9967498779296875
1768216470808430300,2.888430419921875,0.0487213134765625,-0.0547943115234375,0.995025634765625
1768216470818430500,2.898430419921875,0.0481414794921875,-0.0548553466796875,0.99560546875
1768216470828431400,2.908431396484375,0.0544281005859375,-0.0550079345703125,0.9989471435546875
1768216470838432300,2.918432373046875,0.0564117431640625,-0.053009033203125,1.0014190673828125
1768216470848432400,2.928432373046875,0.0575103759765625,-0.052001953125,0.9993438720703125
1768216470858433500,2.93843359375,0.0561676025390625,-0.051849365234375,1.000701904296875
1768216470868433400,2.948433349609375,0.0512542724609375,-0.054229736328125,1.0024566650390625
1768216470878434300,2.958434326171875,0.04705810546875,-0.053741455078125,1.0004119873046875
1768216470888435500,2.968435546875,0.0490875244140625,-0.0536041259765625,0.998382568359375
1768216470898435300,2.978435302734375,0.0518798828125,-0.053009033203125,0.996185302734375
1768216470908436200,2.988436279296875,0.051788330078125,-0.055572509765625,0.996795654296875
1768216470918436400,2.998436279296875,0.0520477294921875,-0.0554656982421875,0.99993896484375
1768216470928437500,3.0084375,0.053009033203125,-0.0547943115234375,0.99517822265625
1768216470938438400,3.0184384765625,0.052459716796875,-0.05828857421875,0.99603271484375
1768216470948438500,3.0284384765625,0.0504150390625,-0.057769775390625,0.9982147216796875
1768216470958439400,3.038439453125,0.05145263671875,-0.056549072265625,0.9976806640625
1768216470968439300,3.048439208984375,0.0523223876953125,-0.05474853515625,1.0004730224609375
1768216470978440200,3.058440185546875,0.05499267578125,-0.052490234375,1.002197265625
1768216470988441300,3.06844140625,0.0558624267578125,-0.0544586181640625,1.0026397705078125
1768216470998441500,3.07844140625,0.05438232421875,-0.054595947265625,1.0013580322265625
1768216471008442400,3.0884423828125,0.052642822265625,-0.0538177490234375,0.997406005859375
1768216471018442500,3.0984423828125,0.0530242919921875,-0.0549468994140625,1.0004119873046875
1768216471028443400,3.108443359375,0.0522918701171875,-0.055755615234375,1.001983642578125
1768216471038444300,3.1184443359375,0.04913330078125,-0.056549072265625,1.0006561279296875
1768216471048444400,3.1284443359375,0.0495147705078125,-0.05377197265625,1.00006103515625
1768216471058445600,3.138445556640625,0.0535736083984375,-0.0536956787109375,1.0004425048828125
1768216471068445400,3.148445556640625,0.052947998046875,-0.053741455078125,0.99908447265625
1768216471078446300,3.1584462890625,0.0518798828125,-0.05523681640625,0.9999847412109375
1768216471088446500,3.168446533203125,0.0509185791015625,-0.0523834228515625,0.998321533203125
1768216471098447400,3.178447265625,0.055267333984375,-0.0539703369140625,0.9981536865234375
1768216471108448500,3.188448486328125,0.0554962158203125,-0.05194091796875,0.9983367919921875
1768216471118448400,3.198448486328125,0.059478759765625,-0.0534820556640625,0.9994049072265625
1768216471128449500,3.208449462890625,0.0545196533203125,-0.054168701171875,0.998809814453125
1768216471138449400,3.218449462890625,0.0529632568359375,-0.0563507080078125,0.999176025390625
1768216471148450300,3.2284501953125,0.0482025146484375,-0.054962158203125,0.9996337890625
1768216471158451200,3.238451171875,0.04632568359375,-0.0536041259765625,0.994140625
1768216471168451300,3.248451416015625,0.0523681640625,-0.052398681640625,0.9979248046875
1768216471178452500,3.258452392578125,0.055267333984375,-0.0546112060546875,0.9978485107421875
1768216471188452600,3.26845263671875,0.0527801513671875,-0.0531158447265625,0.9959869384765625
1768216471198453500,3.27845361328125,0.05438232421875,-0.0488128662109375,0.995269775390625
1768216471208454400,3.288454345703125,0.061065673828125,-0.0512847900390625,0.9981842041015625
1768216471218454300,3.298454345703125,0.0618438720703125,-0.052276611328125,0.999053955078125
1768216471228455400,3.308455322265625,0.0591888427734375,-0.052520751953125,1.00018310546875
1768216471238455300,3.318455322265625,0.058349609375,-0.05517578125,1.00372314453125
1768216471248456400,3.32845654296875,0.063201904296875,-0.059326171875,1.001861572265625
1768216471258457300,3.338457275390625,0.0604095458984375,-0.056640625,1.0045928955078125
1768216471268457500,3.34845751953125,0.0558319091796875,-0.0591278076171875,1.005035400390625
1768216471278458400,3.358458251953125,0.0572509765625,-0.055999755859375,1.0067596435546875
1768216471288458200,3.368458251953125,0.0645904541015625,-0.0552825927734375,1.004547119140625
1768216471298459400,3.37845947265625,0.0597381591796875,-0.055908203125,0.9990386962890625
1768216471308460500,3.38846044921875,0.0557403564453125,-0.0530242919921875,0.9971923828125
1768216471318460400,3.39846044921875,0.056854248046875,-0.0504150390625,0.9971923828125
1768216471328461300,3.40846142578125,0.0570526123046875,-0.05072021484375,0.996734619140625
1768216471338461000,3.4184609375,0.055084228515625,-0.05352783203125,0.9973297119140625
1768216471348461800,3.4284619140625,0.054962158203125,-0.0535888671875,0.99639892578125
1768216471358462000,3.4384619140625,0.057861328125,-0.05645751953125,0.9981842041015625
1768216471368462800,3.448462890625,0.0586395263671875,-0.0559234619140625,0.998779296875
1768216471378464000,3.458464111328125,0.05706787109375,-0.0541229248046875,0.99713134765625
1768216471388463900,3.4684638671875,0.059600830078125,-0.0554046630859375,0.9971771240234375
1768216471398465000,3.478465087890625,0.0595550537109375,-0.0522003173828125,0.9990081787109375
1768216471408465000,3.48846484375,0.063568115234375,-0.054229736328125,0.99945068359375
1768216471418465800,3.4984658203125,0.0616302490234375,-0.0558929443359375,1.0016326904296875
1768216471428466700,3.508466796875,0.05718994140625,-0.0579986572265625,1.001251220703125
1768216471438466800,3.518466796875,0.0570526123046875,-0.0564727783203125,0.9998321533203125
1768216471448468000,3.528468017578125,0.0543975830078125,-0.0555267333984375,1.0015716552734375
1768216471458467800,3.5384677734375,0.05743408203125,-0.0552825927734375,1.0001068115234375
1768216471468469000,3.548468994140625,0.0557098388671875,-0.051971435546875,0.9995880126953125
1768216471478470000,3.558469970703125,0.0558013916015625,-0.053802490234375,0.9983367919921875
1768216471488469800,3.5684697265625,0.05511474609375,-0.0534515380859375,0.9980010986328125
1768216471498470700,3.578470703125,0.0486297607421875,-0.0523681640625,0.99560546875
1768216471508471000,3.588470947265625,0.0477752685546875,-0.0508270263671875,0.9946441650390625
1768216471518472000,3.598471923828125,0.0438385009765625,-0.0532379150390625,0.9931488037109375
1768216471528472800,3.608472900390625,0.050384521484375,-0.0539093017578125,0.99212646484375
1768216471538473000,3.618472900390625,0.0562744140625,-0.05511474609375,0.9962158203125
1768216471548473900,3.628473876953125,0.0578460693359375,-0.0554656982421875,0.9972076416015625
1768216471558473700,3.6384736328125,0.0596466064453125,-0.0533905029296875,0.9969024658203125
1768216471568475100,3.64847509765625,0.058319091796875,-0.0535736083984375,0.9979248046875
1768216471578475000,3.65847509765625,0.0561981201171875,-0.0527801513671875,1.00115966796875
1768216471588476000,3.668475830078125,0.0578460693359375,-0.0532684326171875,1.0024261474609375
1768216471598476800,3.678476806640625,0.0616912841796875,-0.05194091796875,0.998199462890625
1768216471608477000,3.688476806640625,0.063873291015625,-0.0529632568359375,1.0005645751953125
1768216471618477800,3.698477783203125,0.0695343017578125,-0.0549468994140625,1.0005645751953125
1768216471628477700,3.708477783203125,0.0662384033203125,-0.05615234375,0.9971160888671875
1768216471638479000,3.71847900390625,0.0661163330078125,-0.056396484375,0.9931793212890625
1768216471648480000,3.72847998046875,0.061981201171875,-0.0573577880859375,0.9911956787109375
1768216471658479900,3.73847998046875,0.0655059814453125,-0.0574951171875,0.9890899658203125
1768216471668480800,3.748480712890625,0.06719970703125,-0.05712890625,0.9917449951171875
1768216471678481000,3.75848095703125,0.0675506591796875,-0.060028076171875,0.991912841796875
1768216471688481800,3.768481689453125,0.0704498291015625,-0.059967041015625,0.9918212890625
1768216471698483000,3.77848291015625,0.0723419189453125,-0.0585174560546875,0.9904632568359375
1768216471708483000,3.788483154296875,0.0705413818359375,-0.05810546875,0.986083984375
1768216471718484000,3.79848388671875,0.07073974609375,-0.057159423828125,0.9878387451171875
1768216471728483800,3.80848388671875,0.0714111328125,-0.0595245361328125,0.98651123046875
1768216471738484700,3.818484619140625,0.075897216796875,-0.0614013671875,0.9898681640625
1768216471748486000,3.82848583984375,0.0759429931640625,-0.06097412109375,0.9912109375
1768216471758485800,3.83848583984375,0.0802764892578125,-0.060760498046875,0.9908599853515625
1768216471768487000,3.84848681640625,0.078857421875,-0.060577392578125,0.9912109375
1768216471778487000,3.858487060546875,0.0785064697265625,-0.0586090087890625,0.99249267578125
1768216471788488000,3.868488037109375,0.0793914794921875,-0.0587310791015625,0.9950714111328125
1768216471798488800,3.87848876953125,0.0713653564453125,-0.0584564208984375,0.9971466064453125
1768216471808489000,3.888489013671875,0.067047119140625,-0.0596771240234375,1.005035400390625
1768216471818489900,3.89848974609375,0.0715484619140625,-0.057891845703125,1.00543212890625
1768216471828489700,3.90848974609375,0.0668182373046875,-0.0534515380859375,1.0001983642578125
1768216471838491000,3.918490966796875,0.0672607421875,-0.05255126953125,1.00067138671875
1768216471848491000,3.928490966796875,0.0618896484375,-0.052001953125,1.0002288818359375
1768216471858492000,3.938491943359375,0.0626678466796875,-0.0486907958984375,1.0029296875
1768216471868492800,3.948492919921875,0.0627288818359375,-0.04998779296875,1.005218505859375
1768216471878493000,3.958492919921875,0.0613555908203125,-0.05010986328125,1.0034637451171875
1768216471888493800,3.968493896484375,0.063720703125,-0.0507354736328125,1.003082275390625
1768216471898494000,3.978493896484375,0.072662353515625,-0.04937744140625,1.0059814453125
1768216471908494800,3.988494873046875,0.0788116455078125,-0.0491180419921875,1.0059051513671875
1768216471918496000,3.99849609375,0.0807037353515625,-0.0515899658203125,1.0015106201171875
1768216471928495900,4.008495849609375,0.083282470703125,-0.050689697265625,0.99737548828125
1768216471938496800,4.018496826171875,0.090057373046875,-0.05255126953125,0.9933319091796875
1768216471948497000,4.028496826171875,0.09490966796875,-0.05291748046875,0.994537353515625
1768216471958498000,4.038498046875,0.10028076171875,-0.05096435546875,0.9885101318359375
1768216471968499000,4.0484990234375,0.1105804443359375,-0.048797607421875,0.9888916015625
1768216471978498800,4.058498779296875,0.1219482421875,-0.0509033203125,0.9891815185546875
1768216471988500000,4.0685,0.1362762451171875,-0.05047607421875,0.9896240234375
1768216471998499800,4.078499755859375,0.1392974853515625,-0.052490234375,0.980377197265625
1768216472008500700,4.088500732421875,0.14788818359375,-0.055633544921875,0.9765777587890625
1768216472018502000,4.098501953125,0.1526031494140625,-0.0568084716796875,0.9715118408203125
1768216472028502000,4.108501953125,0.150482177734375,-0.0593109130859375,0.963134765625
1768216472038503000,4.1185029296875,0.1512298583984375,-0.0603179931640625,0.9476470947265625
1768216472048503000,4.1285029296875,0.1542510986328125,-0.0596923828125,0.940093994140625
1768216472058504000,4.13850390625,0.1494903564453125,-0.0605316162109375,0.9380340576171875
1768216472068504800,4.1485048828125,0.134521484375,-0.0658721923828125,0.94049072265625
1768216472078504700,4.158504638671875,0.12750244140625,-0.0626220703125,0.941864013671875
1768216472088505900,4.168505859375,0.13153076171875,-0.05694580078125,0.942596435546875
1768216472098506000,4.178506103515625,0.1431427001953125,-0.0511627197265625,0.9410858154296875
1768216472108507000,4.1885068359375,0.1526031494140625,-0.0479736328125,0.9474334716796875
1768216472118507800,4.1985078125,0.155517578125,-0.0519866943359375,0.9542999267578125
1768216472128508000,4.2085078125,0.151702880859375,-0.05224609375,0.9551239013671875
1768216472138508800,4.2185087890625,0.1452789306640625,-0.05487060546875,0.9510040283203125
1768216472148508700,4.2285087890625,0.147918701171875,-0.0562286376953125,0.9483642578125
1768216472158510000,4.238510009765625,0.1522369384765625,-0.055145263671875,0.949188232421875
1768216472168510000,4.248510009765625,0.150665283203125,-0.051116943359375,0.9647216796875
1768216472178510800,4.2585107421875,0.1469879150390625,-0.0588531494140625,0.9571075439453125
1768216472188511700,4.26851171875,0.1491851806640625,-0.0582122802734375,0.950439453125
1768216472198511900,4.278511962890625,0.161041259765625,-0.068572998046875,0.95526123046875
1768216472208512800,4.2885126953125,0.1715545654296875,-0.0754852294921875,0.947540283203125
1768216472218513000,4.298512939453125,0.1784515380859375,-0.0801544189453125,0.9391326904296875
1768216472228514000,4.30851416015625,0.1782684326171875,-0.0841522216796875,0.93646240234375
1768216472238515000,4.318514892578125,0.1739349365234375,-0.085784912109375,0.9340057373046875
1768216472248514800,4.328514892578125,0.1641387939453125,-0.083892822265625,0.9375
1768216472258515700,4.338515625,0.1578216552734375,-0.0867156982421875,0.9363861083984375
1768216472268515800,4.348515869140625,0.1469879150390625,-0.085540771484375,0.9310302734375
1768216472278517000,4.35851708984375,0.149017333984375,-0.0802764892578125,0.9203033447265625
1768216472288518000,4.368517822265625,0.1707916259765625,-0.071319580078125,0.934112548828125
1768216472298518000,4.37851806640625,0.1960906982421875,-0.0713043212890625,0.9461822509765625
1768216472308519000,4.388518798828125,0.1970672607421875,-0.0652923583984375,0.9549102783203125
1768216472318518800,4.398518798828125,0.1895599365234375,-0.067291259765625,0.9499664306640625
1768216472328520000,4.40852001953125,0.17620849609375,-0.069671630859375,0.9403228759765625
1768216472338521000,4.41852099609375,0.171966552734375,-0.070098876953125,0.9354400634765625
1768216472348521000,4.42852099609375,0.17352294921875,-0.0727691650390625,0.9328460693359375
1768216472358522000,4.438522216796875,0.18096923828125,-0.0758819580078125,0.9262847900390625
1768216472368522200,4.448522216796875,0.193389892578125,-0.084564208984375,0.9239959716796875
1768216472378523100,4.458523193359375,0.18731689453125,-0.0887298583984375,0.9339599609375
1768216472388523000,4.46852294921875,0.173980712890625,-0.090911865234375,0.9253692626953125
1768216472398524200,4.478524169921875,0.1775360107421875,-0.0883026123046875,0.9049530029296875
1768216472408525000,4.488525146484375,0.180023193359375,-0.0861358642578125,0.884979248046875
1768216472418525200,4.498525146484375,0.194244384765625,-0.0808258056640625,0.8863677978515625
1768216472428526000,4.508526123046875,0.2127532958984375,-0.07830810546875,0.9105377197265625
1768216472438526200,4.518526123046875,0.2144622802734375,-0.0769195556640625,0.9160308837890625
1768216472448527000,4.528527099609375,0.208038330078125,-0.0705413818359375,0.922271728515625
1768216472458528000,4.538528076171875,0.209716796875,-0.0703125,0.9155731201171875
1768216472468528000,4.548528076171875,0.226287841796875,-0.075653076171875,0.9478302001953125
1768216472478529300,4.558529296875,0.2493896484375,-0.080169677734375,0.967041015625
1768216472488529200,4.568529052734375,0.2673492431640625,-0.093048095703125,0.9496307373046875
1768216472498530000,4.578530029296875,0.2775726318359375,-0.1017913818359375,0.950958251953125
1768216472508531200,4.58853125,0.290191650390625,-0.1058807373046875,0.9607086181640625
1768216472518531000,4.598531005859375,0.282135009765625,-0.1092376708984375,0.9732666015625
1768216472528532000,4.608531982421875,0.2765960693359375,-0.1077423095703125,0.9835205078125
1768216472538532000,4.618531982421875,0.28204345703125,-0.109954833984375,1.0002899169921875
1768216472548533200,4.628533203125,0.2799224853515625,-0.117767333984375,1.01434326171875
1768216472558534100,4.6385341796875,0.2813873291015625,-0.1172943115234375,0.993682861328125
1768216472568534000,4.648533935546875,0.2841949462890625,-0.1141510009765625,0.96392822265625
1768216472578535200,4.65853515625,0.2765960693359375,-0.1224212646484375,0.946563720703125
1768216472588535000,4.66853515625,0.258514404296875,-0.129058837890625,0.9364013671875
1768216472598536000,4.678535888671875,0.2374725341796875,-0.1305694580078125,0.9161376953125
1768216472608537000,4.688537109375,0.2160491943359375,-0.1298065185546875,0.902496337890625
1768216472618537200,4.698537109375,0.19549560546875,-0.136566162109375,0.8874664306640625
1768216472628538000,4.7085380859375,0.1993408203125,-0.1329498291015625,0.8723602294921875
1768216472638538200,4.718538330078125,0.235137939453125,-0.1297454833984375,0.87445068359375
1768216472648539100,4.7285390625,0.2736358642578125,-0.1321868896484375,0.890899658203125
1768216472658539000,4.7385390625,0.3112030029296875,-0.1438751220703125,0.911529541015625
1768216472668540000,4.748539794921875,0.301788330078125,-0.1473541259765625,0.9056549072265625
1768216472678541000,4.758541015625,0.2953643798828125,-0.16943359375,0.9022369384765625
1768216472688541200,4.768541259765625,0.2714385986328125,-0.1714630126953125,0.9081878662109375
1768216472698542000,4.7785419921875,0.2651824951171875,-0.167449951171875,0.904541015625
1768216472708542200,4.788542236328125,0.29266357421875,-0.1793670654296875,0.8948211669921875
1768216472718543000,4.798543212890625,0.3231201171875,-0.18353271484375,0.8853912353515625
1768216472728544000,4.8085439453125,0.34112548828125,-0.1940765380859375,0.89459228515625
1768216472738543900,4.8185439453125,0.331329345703125,-0.1855621337890625,0.94110107421875
1768216472748545300,4.828545166015625,0.317138671875,-0.1923370361328125,0.9820709228515625
1768216472758545200,4.838545166015625,0.321868896484375,-0.21783447265625,1.0050811767578125
1768216472768546000,4.848546142578125,0.3378448486328125,-0.232696533203125,0.9976348876953125
1768216472778547000,4.858546875,0.3291473388671875,-0.2513427734375,0.9737548828125
1768216472788547000,4.868547119140625,0.3281097412109375,-0.2505950927734375,0.9514007568359375
1768216472798548000,4.8785478515625,0.2960205078125,-0.25201416015625,0.922637939453125
1768216472808548000,4.888548095703125,0.270050048828125,-0.2467498779296875,0.8970184326171875
1768216472818549200,4.89854931640625,0.2335357666015625,-0.22784423828125,0.88629150390625
1768216472828550100,4.908550048828125,0.2070770263671875,-0.2124481201171875,0.88104248046875
1768216472838550000,4.918550048828125,0.1978607177734375,-0.20391845703125,0.8734893798828125
1768216472848551000,4.928551025390625,0.1958160400390625,-0.2066192626953125,0.8823394775390625
1768216472858551000,4.938551025390625,0.1949310302734375,-0.2099456787109375,0.9053192138671875
1768216472868552200,4.94855224609375,0.2039794921875,-0.2194976806640625,0.936431884765625
1768216472878553000,4.958552978515625,0.2042083740234375,-0.2313385009765625,0.9523468017578125
1768216472888553200,4.96855322265625,0.2235107421875,-0.2309112548828125,0.94525146484375
1768216472898554000,4.97855419921875,0.2587890625,-0.2345733642578125,0.941070556640625
1768216472908554000,4.988553955078125,0.27264404296875,-0.2377471923828125,0.936614990234375
1768216472918555100,4.99855517578125,0.2774200439453125,-0.2319488525390625,0.945892333984375
1768216472928555000,5.008554931640625,0.2844696044921875,-0.2310638427734375,0.9566192626953125
1768216472938556200,5.01855615234375,0.2855377197265625,-0.23150634765625,0.95074462890625
1768216472948557000,5.02855712890625,0.2819671630859375,-0.24176025390625,0.9200286865234375
1768216472958557200,5.03855712890625,0.2800140380859375,-0.2448577880859375,0.9143829345703125
1768216472968558000,5.04855810546875,0.289306640625,-0.2565155029296875,0.9173431396484375
1768216472978558000,5.058557861328125,0.29095458984375,-0.2695770263671875,0.9329376220703125
1768216472988559000,5.06855908203125,0.289306640625,-0.2870635986328125,0.935028076171875
1768216472998560300,5.078560302734375,0.289520263671875,-0.300872802734375,0.9271392822265625
1768216473008560000,5.08856005859375,0.2783050537109375,-0.2957305908203125,0.9338836669921875
1768216473018561000,5.09856103515625,0.256500244140625,-0.2841949462890625,0.9384765625
1768216473028561200,5.10856103515625,0.2364501953125,-0.2656097412109375,0.924774169921875
1768216473038562000,5.11856201171875,0.226226806640625,-0.2509918212890625,0.903778076171875
1768216473048563000,5.12856298828125,0.218017578125,-0.241363525390625,0.8886260986328125
1768216473058563000,5.13856298828125,0.2182159423828125,-0.235321044921875,0.898895263671875
1768216473068564200,5.148564208984375,0.2113494873046875,-0.2320556640625,0.9169158935546875
1768216473078564000,5.158564208984375,0.2042083740234375,-0.240142822265625,0.93695068359375
1768216473088565000,5.16856494140625,0.2138824462890625,-0.25286865234375,0.960723876953125
1768216473098566100,5.178566162109375,0.2229156494140625,-0.261993408203125,0.9737091064453125
1768216473108566000,5.18856591796875,0.2262115478515625,-0.269622802734375,0.9672393798828125
1768216473118567000,5.19856689453125,0.2375030517578125,-0.27178955078125,0.9532012939453125
1768216473128567300,5.2085673828125,0.2482757568359375,-0.2734375,0.9348602294921875
1768216473138568200,5.218568115234375,0.252655029296875,-0.2630767822265625,0.9178009033203125
1768216473148568000,5.228568115234375,0.25,-0.2456817626953125,0.913818359375
1768216473158569200,5.2385693359375,0.2333526611328125,-0.2351531982421875,0.9177703857421875
1768216473168570000,5.248570068359375,0.208892822265625,-0.2333831787109375,0.918670654296875
1768216473178570000,5.258570068359375,0.1842498779296875,-0.2454833984375,0.9252166748046875
1768216473188571100,5.268571044921875,0.148223876953125,-0.2555084228515625,0.9345703125
1768216473198571300,5.2785712890625,0.1059112548828125,-0.259063720703125,0.9551849365234375
1768216473208572200,5.288572265625,0.085235595703125,-0.253662109375,0.986297607421875
1768216473218573000,5.298572998046875,0.0819854736328125,-0.25177001953125,1.0249481201171875
1768216473228573200,5.3085732421875,0.0861053466796875,-0.24835205078125,1.09124755859375
1768216473238574000,5.318573974609375,0.08795166015625,-0.24346923828125,1.1222991943359375
1768216473248574000,5.328573974609375,0.0698699951171875,-0.261016845703125,1.108551025390625
1768216473258575000,5.3385751953125,0.0700836181640625,-0.266143798828125,1.22552490234375
1768216473268576300,5.348576171875,0.047637939453125,-0.2649688720703125,1.260162353515625
1768216473278576000,5.358576171875,0.0070343017578125,-0.2621917724609375,1.25750732421875
1768216473288577000,5.368576904296875,0.000152587890625,-0.252716064453125,1.3333892822265625
1768216473298577200,5.3785771484375,0.0040283203125,-0.2527923583984375,1.3896942138671875
1768216473308578000,5.388578125,0.00140380859375,-0.2578277587890625,1.39019775390625
1768216473318579200,5.3985791015625,0.003936767578125,-0.2696685791015625,1.3901519775390625
1768216473328579000,5.4085791015625,-0.01251220703125,-0.2672576904296875,1.3373870849609375
1768216473338580200,5.418580322265625,-0.022796630859375,-0.250091552734375,1.276702880859375
1768216473348580000,5.428580078125,-0.03851318359375,-0.2281341552734375,1.2035369873046875
1768216473358581000,5.4385810546875,-0.0556182861328125,-0.189117431640625,1.13140869140625
1768216473368582000,5.448581787109375,-0.075714111328125,-0.153289794921875,1.0687713623046875
1768216473378582000,5.45858203125,-0.10809326171875,-0.1236724853515625,1.022735595703125
1768216473388583000,5.4685830078125,-0.133331298828125,-0.1069793701171875,0.988311767578125
1768216473398583000,5.4785830078125,-0.152984619140625,-0.09930419921875,0.9485321044921875
1768216473408584200,5.488584228515625,-0.169525146484375,-0.09326171875,0.91851806640625
1768216473418585000,5.498585205078125,-0.174896240234375,-0.09686279296875,0.8961639404296875
1768216473428585000,5.5085849609375,-0.1656951904296875,-0.1012115478515625,0.8715057373046875
1768216473438586000,5.518586181640625,-0.1579742431640625,-0.1049346923828125,0.8485565185546875
1768216473448586000,5.5285859375,-0.1475830078125,-0.1129302978515625,0.83551025390625
1768216473458587000,5.5385869140625,-0.141815185546875,-0.1183319091796875,0.8333892822265625
1768216473468587000,5.5485869140625,-0.13739013671875,-0.133331298828125,0.8395233154296875
1768216473478588200,5.558588134765625,-0.1475372314453125,-0.1371917724609375,0.85699462890625
1768216473488589000,5.568589111328125,-0.15869140625,-0.1377410888671875,0.8841094970703125
1768216473498589000,5.5785888671875,-0.168182373046875,-0.135955810546875,0.9268951416015625
1768216473508590000,5.588590087890625,-0.178070068359375,-0.14404296875,0.958770751953125
1768216473518590000,5.59858984375,-0.181793212890625,-0.146148681640625,0.9786529541015625
1768216473528590800,5.6085908203125,-0.170654296875,-0.1437835693359375,0.9839935302734375
1768216473538592000,5.618592041015625,-0.1557464599609375,-0.1420440673828125,0.98486328125
1768216473548592000,5.628592041015625,-0.1407470703125,-0.139892578125,0.9858551025390625
1768216473558593000,5.638593017578125,-0.1304473876953125,-0.1423797607421875,0.9934234619140625
1768216473568593200,5.64859326171875,-0.128326416015625,-0.14093017578125,1.0048065185546875
1768216473578594000,5.658593994140625,-0.140869140625,-0.133880615234375,1.0148468017578125
1768216473588595000,5.668594970703125,-0.1648712158203125,-0.125152587890625,1.01861572265625
1768216473598594800,5.6785947265625,-0.1839141845703125,-0.1141510009765625,1.0186920166015625
1768216473608596000,5.688595947265625,-0.192047119140625,-0.1074066162109375,1.0208282470703125
1768216473618596000,5.69859619140625,-0.2020111083984375,-0.0963897705078125,1.02313232421875
1768216473628597000,5.708596923828125,-0.214447021484375,-0.0881805419921875,1.02471923828125
1768216473638598000,5.718597900390625,-0.227294921875,-0.0758819580078125,1.0252685546875
1768216473648598000,5.728597900390625,-0.23931884765625,-0.068511962890625,1.01617431640625
1768216473658599000,5.738598876953125,-0.2523040771484375,-0.0640411376953125,1.00555419921875
1768216473668599000,5.74859912109375,-0.2533111572265625,-0.0589447021484375,0.9944610595703125
1768216473678600200,5.75860009765625,-0.2516937255859375,-0.0522918701171875,0.9647674560546875
1768216473688601000,5.76860107421875,-0.2362213134765625,-0.0439910888671875,0.92950439453125
1768216473698601000,5.77860107421875,-0.222747802734375,-0.0420684814453125,0.9151763916015625
1768216473708601900,5.788601806640625,-0.240081787109375,-0.03338623046875,0.912200927734375
1768216473718602000,5.79860205078125,-0.2578277587890625,-0.030914306640625,0.9217071533203125
1768216473728603100,5.80860302734375,-0.2758026123046875,-0.0285797119140625,0.94793701171875
1768216473738603000,5.81860302734375,-0.296478271484375,-0.0323333740234375,0.969268798828125
1768216473748604200,5.828604248046875,-0.302978515625,-0.04052734375,0.968017578125
1768216473758605000,5.83860498046875,-0.3021240234375,-0.0408782958984375,0.9611358642578125
1768216473768605000,5.84860498046875,-0.289215087890625,-0.048858642578125,0.9523162841796875
1768216473778605800,5.858605712890625,-0.2846527099609375,-0.0590057373046875,0.9453582763671875
1768216473788606000,5.86860595703125,-0.280975341796875,-0.0667724609375,0.9395751953125
1768216473798607000,5.878607177734375,-0.2778167724609375,-0.070556640625,0.9351348876953125
1768216473808608000,5.88860791015625,-0.28448486328125,-0.0701446533203125,0.9389495849609375
1768216473818608000,5.898608154296875,-0.2911529541015625,-0.067535400390625,0.950836181640625
1768216473828609000,5.908609130859375,-0.2990264892578125,-0.064544677734375,0.96307373046875
1768216473838609000,5.91860888671875,-0.30303955078125,-0.0619659423828125,0.967559814453125
1768216473848610000,5.928610107421875,-0.301513671875,-0.05303955078125,0.9621124267578125
1768216473858611200,5.938611083984375,-0.306915283203125,-0.0506744384765625,0.95599365234375
1768216473868611000,5.948611083984375,-0.3185272216796875,-0.0480804443359375,0.947418212890625
1768216473878612000,5.958612060546875,-0.3253021240234375,-0.047454833984375,0.940948486328125
1768216473888612000,5.968612060546875,-0.32684326171875,-0.044403076171875,0.93646240234375
1768216473898613000,5.978613037109375,-0.3183746337890625,-0.0399932861328125,0.9341888427734375
1768216473908614000,5.98861376953125,-0.30877685546875,-0.0414886474609375,0.9418487548828125
1768216473918614000,5.998614013671875,-0.3113861083984375,-0.0357208251953125,0.9525146484375
1768216473928615200,6.008615234375,-0.31268310546875,-0.026153564453125,0.9598236083984375
1768216473938615000,6.018614990234375,-0.3164825439453125,-0.0294647216796875,0.968658447265625
1768216473948616000,6.028615966796875,-0.322509765625,-0.033477783203125,0.9756317138671875
1768216473958617000,6.0386171875,-0.3234100341796875,-0.0275115966796875,0.9741973876953125
1768216473968617000,6.048616943359375,-0.3119049072265625,-0.0297393798828125,0.96221923828125
1768216473978617900,6.058617919921875,-0.3053131103515625,-0.0336761474609375,0.963623046875
1768216473988618200,6.0686181640625,-0.3070526123046875,-0.044830322265625,0.9665374755859375
1768216473998619100,6.078619140625,-0.311859130859375,-0.0437469482421875,0.9671630859375
1768216474008619000,6.088618896484375,-0.3077545166015625,-0.0457000732421875,0.9662322998046875
1768216474018620000,6.098619873046875,-0.3127288818359375,-0.047760009765625,0.9592437744140625
1768216474028621000,6.10862109375,-0.318023681640625,-0.0422821044921875,0.948272705078125
1768216474038621000,6.118620849609375,-0.3195037841796875,-0.0314788818359375,0.9452056884765625
1768216474048622000,6.1286220703125,-0.32452392578125,-0.025146484375,0.9398651123046875
1768216474058622200,6.138622314453125,-0.3354339599609375,-0.0228729248046875,0.9447174072265625
1768216474068623000,6.148623046875,-0.342864990234375,-0.02056884765625,0.95574951171875
1768216474078624000,6.1586240234375,-0.345550537109375,-0.0218048095703125,0.9619293212890625
1768216474088624000,6.1686240234375,-0.3434295654296875,-0.0219573974609375,0.9663848876953125
1768216474098625000,6.178625,-0.33441162109375,-0.02099609375,0.9661865234375
1768216474108625000,6.188625,-0.3135833740234375,-0.0138702392578125,0.9537200927734375
1768216474118626000,6.1986259765625,-0.289093017578125,-0.01263427734375,0.938201904296875
1768216474128627000,6.208626953125,-0.278564453125,-0.012542724609375,0.937652587890625
1768216474138627000,6.218626953125,-0.29193115234375,-0.0113677978515625,0.9414825439453125
1768216474148628000,6.2286279296875,-0.308319091796875,-0.0093536376953125,0.9464111328125
1768216474158628000,6.238628173828125,-0.32281494140625,-0.00604248046875,0.953277587890625
1768216474168629000,6.24862890625,-0.325714111328125,-0.0057830810546875,0.961029052734375
1768216474178630100,6.258630126953125,-0.32403564453125,-0.0091552734375,0.9578399658203125
1768216474188630000,6.268630126953125,-0.318878173828125,-0.013397216796875,0.9536895751953125
1768216474198631200,6.278631103515625,-0.3108978271484375,-0.014923095703125,0.95220947265625
1768216474208631000,6.288631103515625,-0.30755615234375,-0.0164794921875,0.9506988525390625
1768216474218632000,6.2986318359375,-0.3061676025390625,-0.0198974609375,0.9473724365234375
1768216474228632000,6.308632080078125,-0.3115997314453125,-0.02496337890625,0.94586181640625
1768216474238633000,6.318633056640625,-0.316802978515625,-0.0262298583984375,0.9509124755859375
1768216474248634000,6.328634033203125,-0.3233184814453125,-0.02215576171875,0.9567413330078125
1768216474258634000,6.338634033203125,-0.3265838623046875,-0.01715087890625,0.9543914794921875
1768216474268635100,6.34863525390625,-0.325958251953125,-0.01519775390625,0.9459381103515625
1768216474278635000,6.358635009765625,-0.325531005859375,-0.0124664306640625,0.9406890869140625
1768216474288636000,6.368635986328125,-0.327056884765625,-0.0126190185546875,0.9375152587890625
1768216474298636800,6.37863671875,-0.3344573974609375,-0.0146026611328125,0.934661865234375
1768216474308637000,6.388636962890625,-0.33941650390625,-0.0182952880859375,0.93408203125
1768216474318638000,6.39863818359375,-0.345184326171875,-0.016021728515625,0.9365997314453125
1768216474328638000,6.408637939453125,-0.3486175537109375,-0.01849365234375,0.94207763671875
1768216474338638600,6.418638671875,-0.34332275390625,-0.0189971923828125,0.9407806396484375
1768216474348639500,6.428639404296875,-0.3372955322265625,-0.0194854736328125,0.937469482421875
1768216474358639400,6.438639404296875,-0.3295135498046875,-0.019927978515625,0.943267822265625
1768216474368640500,6.448640625,-0.32080078125,-0.0219268798828125,0.948272705078125
1768216474378640400,6.458640380859375,-0.3138275146484375,-0.02459716796875,0.9501495361328125
1768216474388641500,6.4686416015625,-0.3083343505859375,-0.0243072509765625,0.9519500732421875
1768216474398642400,6.478642333984375,-0.305633544921875,-0.0229949951171875,0.9553375244140625
1768216474408642600,6.488642578125,-0.3019256591796875,-0.026031494140625,0.9578094482421875
1768216474418643500,6.4986435546875,-0.29803466796875,-0.02789306640625,0.9607391357421875
1768216474428643600,6.5086435546875,-0.30010986328125,-0.0287628173828125,0.9615631103515625
1768216474438644500,6.51864453125,-0.3032989501953125,-0.0287933349609375,0.9615631103515625
1768216474448645600,6.528645751953125,-0.307586669921875,-0.032806396484375,0.9571075439453125
1768216474458645500,6.5386455078125,-0.3101348876953125,-0.028961181640625,0.953369140625
1768216474468646400,6.548646484375,-0.313629150390625,-0.0291748046875,0.95654296875
1768216474478646500,6.558646484375,-0.3118743896484375,-0.031097412109375,0.959136962890625
1768216474488647400,6.5686474609375,-0.3087005615234375,-0.028533935546875,0.9588165283203125
1768216474498647600,6.5786474609375,-0.3046875,-0.029998779296875,0.954559326171875
1768216474508648700,6.588648681640625,-0.30108642578125,-0.0284271240234375,0.9522552490234375
1768216474518649600,6.598649658203125,-0.296417236328125,-0.030731201171875,0.950714111328125
1768216474528649500,6.6086494140625,-0.2923736572265625,-0.0343170166015625,0.955230712890625
1768216474538650600,6.618650634765625,-0.2869720458984375,-0.041046142578125,0.9609222412109375
1768216474548650500,6.628650390625,-0.2869110107421875,-0.0429534912109375,0.96466064453125
1768216474558651400,6.6386513671875,-0.2939910888671875,-0.04559326171875,0.96478271484375
1768216474568652500,6.648652587890625,-0.2972869873046875,-0.046051025390625,0.960968017578125
1768216474578652700,6.658652587890625,-0.29864501953125,-0.0410919189453125,0.95587158203125
1768216474588653600,6.668653564453125,-0.30035400390625,-0.0388641357421875,0.9519500732421875
1768216474598653400,6.6786533203125,-0.2977294921875,-0.03521728515625,0.9563751220703125
1768216474608654600,6.688654541015625,-0.2975311279296875,-0.0329437255859375,0.961395263671875
1768216474618655500,6.698655517578125,-0.2953338623046875,-0.0272674560546875,0.963531494140625
1768216474628655400,6.7086552734375,-0.286346435546875,-0.022735595703125,0.9673919677734375
1768216474638656500,6.718656494140625,-0.2844085693359375,-0.0271148681640625,0.9698638916015625
1768216474648656600,6.72865673828125,-0.289154052734375,-0.028228759765625,0.9670562744140625
1768216474658657500,6.738657470703125,-0.294342041015625,-0.0267791748046875,0.9587860107421875
1768216474668658400,6.748658447265625,-0.285888671875,-0.028045654296875,0.960296630859375
1768216474678658600,6.758658447265625,-0.2842254638671875,-0.0250244140625,0.9599456787109375
1768216474688659500,6.768659423828125,-0.2884521484375,-0.0235595703125,0.9563751220703125
1768216474698659300,6.778659423828125,-0.2890777587890625,-0.02105712890625,0.957244873046875
1768216474708660500,6.788660400390625,-0.2902984619140625,-0.021453857421875,0.9590911865234375
1768216474718661600,6.79866162109375,-0.2916107177734375,-0.0202178955078125,0.9560699462890625
1768216474728661500,6.80866162109375,-0.289886474609375,-0.0196685791015625,0.9543609619140625
1768216474738662400,6.818662353515625,-0.2885894775390625,-0.01788330078125,0.9579010009765625
1768216474748662500,6.82866259765625,-0.286407470703125,-0.016815185546875,0.9610748291015625
1768216474758663400,6.838663330078125,-0.2837371826171875,-0.02099609375,0.960784912109375
1768216474768664600,6.84866455078125,-0.282989501953125,-0.0215911865234375,0.9601593017578125
1768216474778664700,6.858664794921875,-0.282196044921875,-0.02130126953125,0.95989990234375
1768216474788665600,6.86866552734375,-0.2855224609375,-0.0244140625,0.959869384765625
1768216474798665500,6.87866552734375,-0.28790283203125,-0.0267486572265625,0.9573516845703125
1768216474808666400,6.888666259765625,-0.2871551513671875,-0.0284423828125,0.956512451171875
1768216474818666500,6.89866650390625,-0.2855377197265625,-0.030303955078125,0.963134765625
1768216474828667400,6.90866748046875,-0.2896270751953125,-0.0289306640625,0.961822509765625
1768216474838668500,6.91866845703125,-0.291778564453125,-0.0306854248046875,0.95916748046875
1768216474848668700,6.928668701171875,-0.296600341796875,-0.0335845947265625,0.957427978515625
1768216474858669600,6.938669677734375,-0.298370361328125,-0.032745361328125,0.956024169921875
1768216474868669400,6.94866943359375,-0.3006134033203125,-0.0316314697265625,0.956573486328125
1768216474878670300,6.95867041015625,-0.299652099609375,-0.03070068359375,0.9559173583984375
1768216474888671700,6.968671630859375,-0.2942962646484375,-0.0258941650390625,0.956390380859375
1768216474898671600,6.978671630859375,-0.2943267822265625,-0.02154541015625,0.957916259765625
1768216474908672500,6.988672607421875,-0.2945098876953125,-0.0198974609375,0.9633026123046875
1768216474918672600,6.998672607421875,-0.2953033447265625,-0.0245819091796875,0.9659423828125
1768216474928673500,7.008673583984375,-0.2947998046875,-0.02423095703125,0.9629058837890625
1768216474938674400,7.01867431640625,-0.2927093505859375,-0.0281982421875,0.9622344970703125
1768216474948674600,7.028674560546875,-0.2849884033203125,-0.0316162109375,0.9617767333984375
1768216474958675700,7.03867578125,-0.280548095703125,-0.03448486328125,0.9587554931640625
1768216474968675600,7.048675537109375,-0.2797393798828125,-0.03497314453125,0.95648193359375
1768216474978676500,7.058676513671875,-0.2826995849609375,-0.0325164794921875,0.9573822021484375
1768216474988677400,7.068677490234375,-0.2884674072265625,-0.030914306640625,0.95465087890625
1768216474998677500,7.078677490234375,-0.293121337890625,-0.0254058837890625,0.9551849365234375
1768216475008678400,7.088678466796875,-0.2948760986328125,-0.02557373046875,0.9532318115234375
1768216475018678500,7.098678466796875,-0.2969970703125,-0.023834228515625,0.9517364501953125
1768216475028679700,7.1086796875,-0.2963714599609375,-0.025543212890625,0.9503631591796875
1768216475038680600,7.1186806640625,-0.29644775390625,-0.0281982421875,0.9512939453125
1768216475048680400,7.128680419921875,-0.2992706298828125,-0.02935791015625,0.950927734375
1768216475058681600,7.138681640625,-0.2989959716796875,-0.030120849609375,0.951873779296875
1768216475068681500,7.148681396484375,-0.29656982421875,-0.033050537109375,0.9595489501953125
1768216475078682400,7.158682373046875,-0.2927703857421875,-0.0324249267578125,0.96282958984375
1768216475088683500,7.16868359375,-0.291900634765625,-0.0361328125,0.9596099853515625
1768216475098683600,7.17868359375,-0.29144287109375,-0.0366363525390625,0.95953369140625
1768216475108684500,7.1886845703125,-0.292510986328125,-0.0348663330078125,0.9584197998046875
1768216475118684400,7.198684326171875,-0.294342041015625,-0.03558349609375,0.952911376953125
1768216475128685600,7.208685546875,-0.297576904296875,-0.0368499755859375,0.952789306640625
1768216475138685400,7.218685546875,-0.2982940673828125,-0.0372772216796875,0.955413818359375
1768216475148686300,7.228686279296875,-0.297393798828125,-0.0377349853515625,0.9560699462890625
1768216475158687500,7.2386875,-0.297210693359375,-0.0368194580078125,0.9594573974609375
1768216475168687600,7.2486875,-0.293212890625,-0.0361328125,0.960357666015625
1768216475178688500,7.2586884765625,-0.2907867431640625,-0.0350189208984375,0.956634521484375
1768216475188688600,7.268688720703125,-0.2891387939453125,-0.0356903076171875,0.95538330078125
1768216475198689500,7.278689453125,-0.28839111328125,-0.0357666015625,0.9564361572265625
1768216475208690400,7.2886904296875,-0.2878570556640625,-0.035064697265625,0.9567108154296875
1768216475218690600,7.298690673828125,-0.2861175537109375,-0.03546142578125,0.9561004638671875
1768216475228691500,7.30869140625,-0.2846221923828125,-0.0383148193359375,0.9540863037109375
1768216475238691600,7.318691650390625,-0.28594970703125,-0.0396728515625,0.953033447265625
1768216475248692500,7.3286923828125,-0.2855987548828125,-0.041046142578125,0.955474853515625
1768216475258693400,7.338693359375,-0.2866668701171875,-0.04052734375,0.9551239013671875
1768216475268693500,7.348693603515625,-0.2878265380859375,-0.038482666015625,0.957183837890625
1768216475278694700,7.358694580078125,-0.285858154296875,-0.03814697265625,0.9599456787109375
1768216475288694500,7.368694580078125,-0.28399658203125,-0.04010009765625,0.9602203369140625
1768216475298695700,7.37869580078125,-0.28240966796875,-0.0405426025390625,0.958038330078125
1768216475308696600,7.388696533203125,-0.2779388427734375,-0.0435028076171875,0.960296630859375
1768216475318696400,7.398696533203125,-0.2780303955078125,-0.0419921875,0.964385986328125
1768216475328697300,7.408697265625,-0.273773193359375,-0.0401763916015625,0.9651031494140625
1768216475338698800,7.41869873046875,-0.2694091796875,-0.04132080078125,0.965301513671875
1768216475348699600,7.42869970703125,-0.2637481689453125,-0.0403900146484375,0.97027587890625
1768216475358700800,7.43870068359375,-0.262664794921875,-0.0417938232421875,0.9655303955078125
1768216475368700700,7.44870068359375,-0.258056640625,-0.0423736572265625,0.9643402099609375
1768216475378701600,7.45870166015625,-0.25531005859375,-0.043365478515625,0.9666595458984375
1768216475388701700,7.46870166015625,-0.2581329345703125,-0.03973388671875,0.9660797119140625
1768216475398702600,7.47870263671875,-0.2583160400390625,-0.03839111328125,0.9662017822265625
1768216475408703500,7.488703369140625,-0.2630462646484375,-0.039215087890625,0.9627532958984375
1768216475418703600,7.49870361328125,-0.264739990234375,-0.038330078125,0.96514892578125
1768216475428704800,7.508704833984375,-0.266143798828125,-0.03680419921875,0.9659576416015625
1768216475438704600,7.51870458984375,-0.25970458984375,-0.0377349853515625,0.9708404541015625
1768216475448705800,7.528705810546875,-0.2584075927734375,-0.039337158203125,0.9711151123046875
1768216475458706700,7.538706787109375,-0.2541046142578125,-0.040985107421875,0.9721832275390625
1768216475468706600,7.54870654296875,-0.25164794921875,-0.04071044921875,0.9731903076171875
1768216475478707500,7.55870751953125,-0.25018310546875,-0.040191650390625,0.975189208984375
1768216475488707600,7.56870751953125,-0.255157470703125,-0.0380706787109375,0.9709625244140625
1768216475498708700,7.578708740234375,-0.2583160400390625,-0.0355682373046875,0.96429443359375
1768216475508709600,7.588709716796875,-0.2536163330078125,-0.0348052978515625,0.9634246826171875
1768216475518709800,7.598709716796875,-0.2518768310546875,-0.0370941162109375,0.963897705078125
1768216475528710700,7.608710693359375,-0.2512969970703125,-0.039154052734375,0.9671478271484375
1768216475538710500,7.61871044921875,-0.2544097900390625,-0.0395660400390625,0.9677734375
1768216475548711400,7.62871142578125,-0.2585601806640625,-0.03985595703125,0.9684600830078125
1768216475558712800,7.638712890625,-0.259552001953125,-0.0395660400390625,0.9663848876953125
1768216475568712700,7.648712646484375,-0.263031005859375,-0.0333404541015625,0.9667510986328125
1768216475578713600,7.658713623046875,-0.2608795166015625,-0.030670166015625,0.966033935546875
1768216475588713700,7.668713623046875,-0.2626190185546875,-0.0297698974609375,0.9641571044921875
1768216475598714600,7.678714599609375,-0.262542724609375,-0.0301513671875,0.96575927734375
1768216475608715500,7.688715576171875,-0.2590484619140625,-0.0326385498046875,0.96771240234375
1768216475618715600,7.698715576171875,-0.2571868896484375,-0.034149169921875,0.967742919921875
1768216475628716800,7.708716796875,-0.25579833984375,-0.0342559814453125,0.9671783447265625
1768216475638716700,7.718716552734375,-0.25408935546875,-0.0347137451171875,0.9646148681640625
1768216475648717600,7.728717529296875,-0.25714111328125,-0.0362701416015625,0.96484375
1768216475658718500,7.738718505859375,-0.2588958740234375,-0.0344696044921875,0.9639129638671875
1768216475668718600,7.748718505859375,-0.25531005859375,-0.033721923828125,0.9673004150390625
1768216475678719700,7.7587197265625,-0.2579803466796875,-0.032958984375,0.96942138671875
1768216475688720000,7.768719970703125,-0.258758544921875,-0.033905029296875,0.96820068359375
1768216475698720800,7.778720703125,-0.2609710693359375,-0.034423828125,0.967071533203125
1768216475708721700,7.7887216796875,-0.2608184814453125,-0.0363006591796875,0.9683685302734375
1768216475718721500,7.798721435546875,-0.2586822509765625,-0.037750244140625,0.968292236328125
1768216475728722700,7.80872265625,-0.2597198486328125,-0.0389862060546875,0.968780517578125
1768216475738722600,7.81872265625,-0.2630767822265625,-0.03802490234375,0.9690093994140625
1768216475748723700,7.8287236328125,-0.264617919921875,-0.038421630859375,0.9650421142578125
1768216475758724600,7.838724609375,-0.2626800537109375,-0.0357666015625,0.96673583984375
1768216475768724700,7.848724853515625,-0.2587127685546875,-0.0375823974609375,0.9692535400390625
1768216475778725600,7.8587255859375,-0.253509521484375,-0.039825439453125,0.96875
1768216475788725500,7.8687255859375,-0.2442626953125,-0.0425262451171875,0.9719696044921875
1768216475798726700,7.8787265625,-0.2430877685546875,-0.0417633056640625,0.9691314697265625
1768216475808727800,7.888727783203125,-0.2474212646484375,-0.0411529541015625,0.9686279296875
1768216475818727700,7.898727783203125,-0.2510986328125,-0.0402069091796875,0.9684295654296875
1768216475828728600,7.908728515625,-0.2570953369140625,-0.04052734375,0.9666290283203125
1768216475838728700,7.918728759765625,-0.259185791015625,-0.040435791015625,0.9652252197265625
1768216475848729600,7.9287294921875,-0.2619781494140625,-0.040283203125,0.96600341796875
1768216475858730500,7.93873046875,-0.2616424560546875,-0.039581298828125,0.96795654296875
1768216475868730600,7.948730712890625,-0.2583465576171875,-0.0384521484375,0.96630859375
1768216475878731800,7.958731689453125,-0.2552490234375,-0.0401458740234375,0.966339111328125
1768216475888731600,7.968731689453125,-0.2523040771484375,-0.041290283203125,0.966705322265625
1768216475898732500,7.978732666015625,-0.250244140625,-0.0424957275390625,0.9663848876953125
1768216475908733700,7.988733642578125,-0.2489776611328125,-0.038848876953125,0.9658355712890625
1768216475918733600,7.998733642578125,-0.251251220703125,-0.037841796875,0.9666900634765625
1768216475928734500,8.008734375,-0.2545013427734375,-0.0361480712890625,0.9698944091796875
1768216475938734600,8.018734619140625,-0.25701904296875,-0.0353240966796875,0.9680328369140625
1768216475948735700,8.02873583984375,-0.254852294921875,-0.03887939453125,0.9678497314453125
1768216475958736600,8.038736572265625,-0.2563018798828125,-0.0393524169921875,0.967376708984375
1768216475968736800,8.04873681640625,-0.2538299560546875,-0.0382843017578125,0.9667510986328125
1768216475978737700,8.058737548828125,-0.2567901611328125,-0.03802490234375,0.96966552734375
1768216475988737500,8.068737548828125,-0.25592041015625,-0.0370635986328125,0.96795654296875
1768216475998738400,8.078738525390625,-0.253631591796875,-0.0363922119140625,0.9692535400390625
1768216476008739600,8.088739501953125,-0.2538909912109375,-0.0357208251953125,0.9683685302734375
1768216476018739700,8.09873974609375,-0.2534027099609375,-0.036712646484375,0.9688720703125
1768216476028740600,8.10874072265625,-0.25225830078125,-0.0372161865234375,0.9684600830078125
1768216476038740700,8.11874072265625,-0.252532958984375,-0.0357513427734375,0.96832275390625
1768216476048741600,8.12874169921875,-0.2539825439453125,-0.035552978515625,0.9704437255859375
1768216476058742800,8.13874267578125,-0.25152587890625,-0.03717041015625,0.9698333740234375
1768216476068742700,8.14874267578125,-0.2508087158203125,-0.0391387939453125,0.966339111328125
1768216476078743800,8.158743896484374,-0.252166748046875,-0.0355377197265625,0.967864990234375
1768216476088743700,8.16874365234375,-0.2474212646484375,-0.032562255859375,0.9627685546875
1768216476098744600,8.17874462890625,-0.2528228759765625,-0.03460693359375,0.962615966796875
1768216476108745500,8.188745361328126,-0.2544403076171875,-0.0325164794921875,0.9764251708984375
1768216476118745600,8.19874560546875,-0.2515716552734375,-0.0337982177734375,0.974334716796875
1768216476128746800,8.208746826171875,-0.250244140625,-0.03369140625,0.9735565185546875
1768216476138746600,8.21874658203125,-0.2470855712890625,-0.034088134765625,0.9771881103515625
1768216476148747800,8.228747802734375,-0.24517822265625,-0.0369415283203125,0.9765777587890625
1768216476158748700,8.238748779296875,-0.2407379150390625,-0.0391082763671875,0.973602294921875
1768216476168748500,8.24874853515625,-0.2370758056640625,-0.0391845703125,0.9690399169921875
1768216476178749400,8.25874951171875,-0.2374725341796875,-0.040618896484375,0.9697265625
1768216476188749600,8.26874951171875,-0.240997314453125,-0.0410919189453125,0.9691314697265625
1768216476198750700,8.278750732421875,-0.243927001953125,-0.0383148193359375,0.96893310546875
1768216476208751600,8.288751708984375,-0.248443603515625,-0.037078857421875,0.9692230224609375
1768216476218751700,8.298751708984375,-0.2508392333984375,-0.0415802001953125,0.97027587890625
1768216476228752600,8.308752685546875,-0.2507476806640625,-0.041046142578125,0.9707183837890625
1768216476238753500,8.31875341796875,-0.2484588623046875,-0.0388641357421875,0.974609375
1768216476248753700,8.328753662109374,-0.2447052001953125,-0.03875732421875,0.97747802734375
1768216476258754800,8.3387548828125,-0.241790771484375,-0.0379791259765625,0.9769439697265625
1768216476268754700,8.348754638671876,-0.23919677734375,-0.0380706787109375,0.977142333984375
1768216476278755600,8.358755615234376,-0.2378387451171875,-0.0396575927734375,0.9745941162109375
1768216476288756700,8.3687568359375,-0.2372894287109375,-0.04278564453125,0.9715423583984375
1768216476298756600,8.378756591796876,-0.2408294677734375,-0.042816162109375,0.96636962890625
1768216476308757500,8.388757568359376,-0.2449188232421875,-0.0427398681640625,0.963409423828125
1768216476318757600,8.398757568359375,-0.2487640380859375,-0.0390472412109375,0.9664764404296875
1768216476328758800,8.4087587890625,-0.2494354248046875,-0.0337982177734375,0.9668426513671875
1768216476338759000,8.418759033203125,-0.24542236328125,-0.0333099365234375,0.9697265625
1768216476348759000,8.428759033203125,-0.2476806640625,-0.035125732421875,0.9692840576171875
1768216476358760000,8.438760009765625,-0.254669189453125,-0.036651611328125,0.9663543701171875
1768216476368759800,8.448759765625,-0.25897216796875,-0.0383148193359375,0.96240234375
1768216476378760700,8.4587607421875,-0.26422119140625,-0.0384521484375,0.9640655517578125
1768216476388761900,8.468761962890625,-0.2685394287109375,-0.0391082763671875,0.96832275390625
1768216476398761700,8.47876171875,-0.2646636962890625,-0.0397796630859375,0.972137451171875
1768216476408763000,8.488762939453125,-0.2631988525390625,-0.0398101806640625,0.977508544921875
1768216476418763000,8.498762939453124,-0.258056640625,-0.042266845703125,0.9781951904296875
1768216476428764000,8.508763916015624,-0.2503662109375,-0.0429840087890625,0.9751129150390625
1768216476438764800,8.518764892578124,-0.24945068359375,-0.04180908203125,0.970916748046875
1768216476448765000,8.528764892578126,-0.2497100830078125,-0.04168701171875,0.965362548828125
1768216476458765800,8.538765869140626,-0.257476806640625,-0.037841796875,0.959625244140625
1768216476468765700,8.548765625,-0.26263427734375,-0.0353851318359375,0.9571990966796875
1768216476478766800,8.558766845703126,-0.2575225830078125,-0.0321197509765625,0.9586944580078125
1768216476488767700,8.568767822265626,-0.2571258544921875,-0.0339202880859375,0.9605255126953125
1768216476498768000,8.578767822265625,-0.258148193359375,-0.037933349609375,0.957183837890625
1768216476508768800,8.588768798828125,-0.25726318359375,-0.0435028076171875,0.95867919921875
1768216476518769000,8.598768798828125,-0.2635498046875,-0.04522705078125,0.9548492431640625
1768216476528770000,8.60877001953125,-0.261260986328125,-0.046112060546875,0.9585113525390625
1768216476538771000,8.61877099609375,-0.2653961181640625,-0.0420379638671875,0.9635162353515625
1768216476548770800,8.628770751953125,-0.268096923828125,-0.0400390625,0.9660491943359375
1768216476558772000,8.63877197265625,-0.2701873779296875,-0.0373687744140625,0.9654998779296875
1768216476568771800,8.648771728515625,-0.273162841796875,-0.0357818603515625,0.9684906005859375
1768216476578772700,8.658772705078125,-0.277435302734375,-0.0352325439453125,0.9705810546875
1768216476588774000,8.66877392578125,-0.279296875,-0.037261962890625,0.972869873046875
1768216476598774000,8.67877392578125,-0.2818756103515625,-0.0361328125,0.9733428955078125
1768216476608775000,8.68877490234375,-0.2825927734375,-0.0355377197265625,0.9695281982421875
1768216476618775800,8.69877587890625,-0.2798919677734375,-0.0346832275390625,0.9660186767578125
1768216476628776000,8.70877587890625,-0.2760162353515625,-0.03594970703125,0.9630279541015625
1768216476638776800,8.71877685546875,-0.2710723876953125,-0.0360260009765625,0.9603424072265625
1768216476648776700,8.728776611328126,-0.2689056396484375,-0.0378570556640625,0.9598388671875
1768216476658777900,8.73877783203125,-0.274627685546875,-0.0390167236328125,0.9581451416015625
1768216476668779000,8.748779052734376,-0.279510498046875,-0.0417327880859375,0.9569091796875
1768216476678779000,8.75877880859375,-0.2810821533203125,-0.0415191650390625,0.9562225341796875
1768216476688779800,8.76877978515625,-0.281646728515625,-0.0402069091796875,0.9571380615234375
1768216476698780000,8.77877978515625,-0.2816009521484375,-0.0383148193359375,0.9587249755859375
1768216476708780800,8.78878076171875,-0.280975341796875,-0.042144775390625,0.959625244140625
1768216476718782000,8.798781982421875,-0.284942626953125,-0.04119873046875,0.958221435546875
1768216476728781800,8.80878173828125,-0.28668212890625,-0.0411529541015625,0.956298828125
1768216476738783000,8.818782958984375,-0.287567138671875,-0.040863037109375,0.9559173583984375
1768216476748782800,8.828782958984375,-0.285491943359375,-0.0443115234375,0.9555206298828125
1768216476758783700,8.83878369140625,-0.28460693359375,-0.0425262451171875,0.95947265625
1768216476768784600,8.84878466796875,-0.2828216552734375,-0.0410614013671875,0.96282958984375
1768216476778784800,8.85878466796875,-0.281097412109375,-0.039306640625,0.964813232421875
1768216476788786000,8.868785888671875,-0.2787322998046875,-0.038909912109375,0.964935302734375
1768216476798786000,8.8787861328125,-0.2753448486328125,-0.040130615234375,0.964324951171875
1768216476808787000,8.888786865234374,-0.277587890625,-0.042755126953125,0.9617462158203125
1768216476818787800,8.898787841796874,-0.2752685546875,-0.0423583984375,0.9658660888671875
1768216476828787700,8.90878759765625,-0.275054931640625,-0.0423431396484375,0.9642333984375
1768216476838788900,8.918788818359374,-0.27606201171875,-0.040802001953125,0.9635467529296875
1768216476848788700,8.928788818359376,-0.2787628173828125,-0.041534423828125,0.962310791015625
1768216476858790000,8.938789794921876,-0.28216552734375,-0.0442047119140625,0.96246337890625
1768216476868790800,8.948790771484376,-0.2823944091796875,-0.0424652099609375,0.95849609375
1768216476878791000,8.958791015625,-0.2798309326171875,-0.0409088134765625,0.95867919921875
1768216476888791800,8.968791748046876,-0.2740478515625,-0.040283203125,0.960968017578125
1768216476898791700,8.978791748046875,-0.2654266357421875,-0.0420989990234375,0.9606170654296875
1768216476908792800,8.988792724609375,-0.2585601806640625,-0.043243408203125,0.9633331298828125
1768216476918794000,8.9987939453125,-0.2565765380859375,-0.0467987060546875,0.966705322265625
1768216476928793900,9.0087939453125,-0.2590789794921875,-0.0467376708984375,0.967987060546875
1768216476938794800,9.018794677734375,-0.2633514404296875,-0.0435943603515625,0.97039794921875
1768216476948795000,9.028794921875,-0.2689208984375,-0.0416412353515625,0.9709625244140625
1768216476958795800,9.038795654296875,-0.266845703125,-0.03955078125,0.96734619140625
1768216476968797000,9.048796875,-0.26641845703125,-0.04022216796875,0.9645233154296875
1768216476978797000,9.058797119140625,-0.269439697265625,-0.0379180908203125,0.9608612060546875
1768216476988798000,9.0687978515625,-0.2676239013671875,-0.033294677734375,0.9615325927734375
1768216476998797800,9.0787978515625,-0.2629547119140625,-0.0340728759765625,0.9656524658203125
1768216477008798700,9.088798828125,-0.267669677734375,-0.0330352783203125,0.964874267578125
1768216477018799900,9.0987998046875,-0.271820068359375,-0.0322265625,0.9669952392578125
1768216477028799700,9.1087998046875,-0.2739715576171875,-0.0353851318359375,0.9640655517578125
1768216477038801000,9.11880078125,-0.2758331298828125,-0.037628173828125,0.9610443115234375
1768216477048801000,9.128801025390626,-0.2774810791015625,-0.0384979248046875,0.959686279296875
1768216477058802000,9.138802001953126,-0.2782135009765625,-0.03564453125,0.960418701171875
1768216477068802800,9.148802734375,-0.274169921875,-0.0334320068359375,0.962921142578125
1768216477078803000,9.158802978515626,-0.267059326171875,-0.0334014892578125,0.9644317626953125
1768216477088803800,9.168803955078126,-0.2527313232421875,-0.036529541015625,0.966217041015625
1768216477098803700,9.1788037109375,-0.2497100830078125,-0.038330078125,0.9652099609375
1768216477108804900,9.188804931640625,-0.252655029296875,-0.0424957275390625,0.9673309326171875
1768216477118805800,9.1988056640625,-0.2542877197265625,-0.0440826416015625,0.9673919677734375
1768216477128806000,9.208805908203125,-0.2592315673828125,-0.0406036376953125,0.9671630859375
1768216477138806800,9.218806884765625,-0.2569580078125,-0.0407257080078125,0.9677581787109375
1768216477148807700,9.2288076171875,-0.2591552734375,-0.0410308837890625,0.9657440185546875
1768216477158807800,9.238807861328125,-0.260711669921875,-0.0398712158203125,0.9637603759765625
1768216477168809000,9.24880908203125,-0.2624053955078125,-0.0365753173828125,0.9627838134765625
1768216477178808800,9.258808837890625,-0.2599029541015625,-0.0403594970703125,0.9646148681640625
1768216477188810000,9.26881005859375,-0.260345458984375,-0.03863525390625,0.9654541015625
1768216477198811000,9.278810791015625,-0.2591094970703125,-0.038543701171875,0.965850830078125
1768216477208810800,9.288810791015624,-0.2582550048828125,-0.0423431396484375,0.965606689453125
1768216477218811600,9.298811767578124,-0.256744384765625,-0.043548583984375,0.969818115234375
1768216477228811800,9.308811767578124,-0.2563323974609375,-0.0439910888671875,0.9676513671875
1768216477238813000,9.31881298828125,-0.2571258544921875,-0.0423736572265625,0.967041015625
1768216477248813800,9.328813720703126,-0.2584381103515625,-0.043548583984375,0.967193603515625
1768216477258814000,9.33881396484375,-0.2581787109375,-0.043365478515625,0.967010498046875
1768216477268814800,9.34881494140625,-0.260009765625,-0.04180908203125,0.9679412841796875
1768216477278814700,9.358814697265625,-0.264373779296875,-0.0428466796875,0.9701690673828125
1768216477288815600,9.368815673828125,-0.2645263671875,-0.0426177978515625,0.96820068359375
1768216477298817000,9.378817138671875,-0.2635345458984375,-0.04302978515625,0.9674530029296875
1768216477308817000,9.38881689453125,-0.264434814453125,-0.0411529541015625,0.965057373046875
1768216477318817800,9.39881787109375,-0.261688232421875,-0.040374755859375,0.963958740234375
1768216477328818000,9.40881787109375,-0.2581787109375,-0.040252685546875,0.9642486572265625
1768216477338819600,9.418819580078125,-0.2577056884765625,-0.04266357421875,0.9642181396484375
1768216477348820500,9.428820556640625,-0.260284423828125,-0.041839599609375,0.96160888671875
1768216477358820400,9.4388203125,-0.263336181640625,-0.03985595703125,0.963592529296875
1768216477368821500,9.448821533203125,-0.2615814208984375,-0.04132080078125,0.9656219482421875
1768216477378821400,9.4588212890625,-0.26043701171875,-0.04150390625,0.968597412109375
1768216477388822500,9.468822509765625,-0.2602386474609375,-0.04071044921875,0.9708404541015625
1768216477398823400,9.478823486328125,-0.256927490234375,-0.0413818359375,0.969207763671875
1768216477408823600,9.488823486328124,-0.2552642822265625,-0.03955078125,0.967987060546875
1768216477418824400,9.498824462890624,-0.2538604736328125,-0.0398101806640625,0.9675750732421875
1768216477428824300,9.50882421875,-0.2546234130859375,-0.03912353515625,0.9687347412109375
1768216477438825500,9.518825439453124,-0.2551422119140625,-0.040313720703125,0.96728515625
1768216477448826600,9.52882666015625,-0.2584228515625,-0.0410919189453125,0.9655914306640625
1768216477458826500,9.538826416015626,-0.2552947998046875,-0.0403289794921875,0.9659423828125
1768216477468827400,9.548827392578126,-0.2543487548828125,-0.038848876953125,0.966278076171875
1768216477478827500,9.55882763671875,-0.25469970703125,-0.0389862060546875,0.9663238525390625
1768216477488828400,9.568828369140626,-0.2556304931640625,-0.04058837890625,0.9689178466796875
1768216477498829300,9.578829345703125,-0.2579498291015625,-0.040924072265625,0.9688873291015625
1768216477508829700,9.58882958984375,-0.2557830810546875,-0.041168212890625,0.968719482421875
1768216477518830600,9.59883056640625,-0.25677490234375,-0.040496826171875,0.968170166015625
1768216477528830500,9.60883056640625,-0.2536163330078125,-0.042633056640625,0.9684295654296875
1768216477538831400,9.618831298828125,-0.2520751953125,-0.0411376953125,0.969482421875
1768216477548832500,9.62883251953125,-0.25201416015625,-0.0413970947265625,0.969390869140625
1768216477558832400,9.638832275390625,-0.2531890869140625,-0.0434722900390625,0.96905517578125
1768216477568833500,9.64883349609375,-0.257110595703125,-0.040771484375,0.969268798828125
1768216477578833700,9.658833740234375,-0.257720947265625,-0.042510986328125,0.96942138671875
1768216477588834600,9.66883447265625,-0.259490966796875,-0.0428924560546875,0.96710205078125
1768216477598835500,9.67883544921875,-0.2601776123046875,-0.0430755615234375,0.9684600830078125
1768216477608835600,9.688835693359374,-0.2616424560546875,-0.038818359375,0.966796875
1768216477618836500,9.69883642578125,-0.2601318359375,-0.0360107421875,0.961639404296875
1768216477628836400,9.70883642578125,-0.258697509765625,-0.0369110107421875,0.962982177734375
1768216477638837500,9.71883740234375,-0.2599334716796875,-0.0396575927734375,0.9628753662109375
1768216477648838400,9.72883837890625,-0.260498046875,-0.041656494140625,0.9611358642578125
1768216477658838500,9.738838623046876,-0.259918212890625,-0.042205810546875,0.9657440185546875
1768216477668839400,9.74883935546875,-0.2602386474609375,-0.0421142578125,0.965850830078125
1768216477678839600,9.758839599609376,-0.259765625,-0.042388916015625,0.9669952392578125
1768216477688840400,9.76884033203125,-0.2579193115234375,-0.0428619384765625,0.9694061279296875
1768216477698841600,9.778841552734375,-0.25555419921875,-0.044952392578125,0.9705047607421875
1768216477708841500,9.788841552734375,-0.2558441162109375,-0.0455169677734375,0.9698028564453125
1768216477718842600,9.798842529296875,-0.257415771484375,-0.04425048828125,0.96917724609375
1768216477728842500,9.808842529296875,-0.258819580078125,-0.042510986328125,0.9677734375
1768216477738843400,9.818843505859375,-0.2631683349609375,-0.040985107421875,0.970611572265625
1768216477748844300,9.82884423828125,-0.2648773193359375,-0.0410003662109375,0.9644622802734375
1768216477758844400,9.838844482421875,-0.2622222900390625,-0.0421142578125,0.9620361328125
1768216477768845600,9.848845458984375,-0.2668914794921875,-0.0381317138671875,0.967132568359375
1768216477778845400,9.858845458984375,-0.268157958984375,-0.037017822265625,0.9662017822265625
1768216477788846600,9.8688466796875,-0.2682647705078125,-0.0366668701171875,0.96575927734375
1768216477798847500,9.878847412109375,-0.2673492431640625,-0.0316162109375,0.9647216796875
1768216477808847400,9.888847412109374,-0.265869140625,-0.0309295654296875,0.9624786376953125
1768216477818848300,9.89884814453125,-0.2571563720703125,-0.0405120849609375,0.965118408203125
1768216477828848400,9.908848388671874,-0.2555084228515625,-0.0417938232421875,0.96661376953125
1768216477838849500,9.918849609375,-0.261505126953125,-0.0427703857421875,0.966156005859375
1768216477848850400,9.928850341796876,-0.2711181640625,-0.04290771484375,0.9652252197265625
1768216477858850600,9.9388505859375,-0.2767333984375,-0.0389404296875,0.96240234375
1768216477868851500,9.9488515625,-0.273681640625,-0.0396881103515625,0.961944580078125
1768216477878851300,9.958851318359375,-0.2632598876953125,-0.0419769287109375,0.9648284912109375
1768216477888852500,9.9688525390625,-0.2592620849609375,-0.0382080078125,0.966156005859375
1768216477898853600,9.978853515625,-0.258331298828125,-0.0377349853515625,0.97125244140625
1768216477908853500,9.988853515625,-0.256256103515625,-0.036224365234375,0.9734039306640625
1768216477918854400,9.9988544921875,-0.2557373046875,-0.0377655029296875,0.97186279296875
1768216477928854500,10.0088544921875,-0.2595367431640625,-0.04193115234375,0.9664764404296875
1768216477938855400,10.01885546875,-0.2578277587890625,-0.0481109619140625,0.9650726318359375
1768216477948856600,10.028856689453125,-0.2620849609375,-0.04974365234375,0.9649200439453125
1768216477958856700,10.038856689453125,-0.267486572265625,-0.0556488037109375,0.9669342041015625
1768216477968857600,10.048857666015625,-0.273590087890625,-0.051483154296875,0.9654541015625
1768216477978857500,10.058857421875,-0.268829345703125,-0.0492095947265625,0.967071533203125
1768216477988858400,10.0688583984375,-0.2644805908203125,-0.0499267578125,0.963836669921875
1768216477998859500,10.078859619140625,-0.26544189453125,-0.0494384765625,0.95855712890625
1768216478008859400,10.088859375,-0.260467529296875,-0.052001953125,0.9608154296875
1768216478018860500,10.098860595703124,-0.26324462890625,-0.0521392822265625,0.9597625732421875
1768216478028860700,10.108860595703124,-0.26568603515625,-0.054168701171875,0.95941162109375
1768216478038861600,10.118861572265626,-0.26324462890625,-0.052001953125,0.9662017822265625
1768216478048862500,10.128862548828126,-0.262237548828125,-0.0468292236328125,0.9741363525390625
1768216478058862300,10.1388623046875,-0.26092529296875,-0.049072265625,0.9644622802734375
1768216478068863500,10.148863525390626,-0.2603607177734375,-0.045867919921875,0.9608001708984375
1768216478078863400,10.15886328125,-0.26348876953125,-0.04766845703125,0.9641876220703125
1768216478088864500,10.168864501953125,-0.266845703125,-0.0516357421875,0.9638671875
1768216478098865400,10.178865478515625,-0.2659149169921875,-0.0524749755859375,0.9638824462890625
1768216478108865500,10.188865478515625,-0.2730255126953125,-0.049774169921875,0.9618682861328125
1768216478118866400,10.198866455078125,-0.2791900634765625,-0.0484161376953125,0.9600677490234375
1768216478128866600,10.208866455078125,-0.2838897705078125,-0.0442352294921875,0.9620513916015625
1768216478138867500,10.218867431640625,-0.2844696044921875,-0.04412841796875,0.9636383056640625
1768216478148868600,10.22886865234375,-0.2863922119140625,-0.0456390380859375,0.9597015380859375
1768216478158868500,10.238868408203125,-0.282440185546875,-0.051666259765625,0.9508514404296875
1768216478168869400,10.248869384765625,-0.2785491943359375,-0.0511932373046875,0.9509429931640625
1768216478178869500,10.258869384765624,-0.2767333984375,-0.045989990234375,0.9569549560546875
1768216478188870400,10.268870361328124,-0.2711944580078125,-0.046844482421875,0.959686279296875
1768216478198871300,10.278871337890624,-0.2687530517578125,-0.045135498046875,0.964752197265625
1768216478208871400,10.288871337890624,-0.2683868408203125,-0.044097900390625,0.9667205810546875
1768216478218872600,10.29887255859375,-0.2706756591796875,-0.04718017578125,0.9674072265625
1768216478228872400,10.30887255859375,-0.2723846435546875,-0.0487060546875,0.967498779296875
1768216478238873600,10.31887353515625,-0.27288818359375,-0.048095703125,0.96478271484375
1768216478248874500,10.32887451171875,-0.2702178955078125,-0.0478668212890625,0.9620361328125
1768216478258874400,10.338874267578126,-0.268402099609375,-0.0467376708984375,0.9595947265625
1768216478268875300,10.348875244140626,-0.265625,-0.047119140625,0.961700439453125
1768216478278875600,10.358875732421875,-0.267547607421875,-0.0453033447265625,0.9649810791015625
1768216478288876500,10.36887646484375,-0.2705535888671875,-0.0469207763671875,0.9678497314453125
1768216478298877400,10.37887744140625,-0.2740478515625,-0.04791259765625,0.96673583984375
1768216478308877600,10.388877685546875,-0.27618408203125,-0.047271728515625,0.9638824462890625
1768216478318878500,10.39887841796875,-0.276397705078125,-0.0442352294921875,0.9618072509765625
1768216478328878300,10.40887841796875,-0.2740631103515625,-0.0450592041015625,0.9598236083984375
1768216478338879200,10.418879150390625,-0.2718048095703125,-0.04901123046875,0.9587554931640625
1768216478348880100,10.428880126953125,-0.2662353515625,-0.0496368408203125,0.960418701171875
1768216478358880000,10.4388798828125,-0.2612457275390625,-0.05169677734375,0.96405029296875
1768216478368881000,10.448880859375,-0.2576904296875,-0.0540771484375,0.9666748046875
1768216478378881000,10.458881103515624,-0.258392333984375,-0.05035400390625,0.9649658203125
1768216478388882000,10.4688818359375,-0.26239013671875,-0.04583740234375,0.96649169921875
1768216478398883000,10.478883056640624,-0.2657623291015625,-0.044342041015625,0.966552734375
1768216478408883200,10.48888330078125,-0.2703857421875,-0.0447235107421875,0.965728759765625
1768216478418884000,10.498884033203124,-0.2759857177734375,-0.042144775390625,0.961517333984375
1768216478428885000,10.508885009765624,-0.27496337890625,-0.0434112548828125,0.960235595703125
1768216478438884900,10.518884765625,-0.277740478515625,-0.041656494140625,0.96209716796875
1768216478448886000,10.528885986328126,-0.2756805419921875,-0.0367584228515625,0.9638519287109375
1768216478458886000,10.538885986328125,-0.2731170654296875,-0.0399169921875,0.9634246826171875
1768216478468887000,10.548886962890625,-0.2686614990234375,-0.043060302734375,0.9639892578125
1768216478478887200,10.55888720703125,-0.26239013671875,-0.043853759765625,0.967742919921875
1768216478488888000,10.56888818359375,-0.259429931640625,-0.047454833984375,0.9648590087890625
1768216478498889000,10.578888916015625,-0.2552337646484375,-0.049774169921875,0.969940185546875
1768216478508888800,10.588888916015625,-0.2584991455078125,-0.052734375,0.9681396484375
1768216478518890000,10.598889892578125,-0.2645721435546875,-0.053497314453125,0.965545654296875
1768216478528890000,10.60889013671875,-0.267822265625,-0.0471649169921875,0.965362548828125
1768216478538891000,10.61889111328125,-0.271636962890625,-0.0440673828125,0.9629669189453125
1768216478548892000,10.628891845703125,-0.2757720947265625,-0.043304443359375,0.960693359375
1768216478558892000,10.63889208984375,-0.271759033203125,-0.038848876953125,0.962677001953125
1768216478568893000,10.648892822265625,-0.2733917236328125,-0.0367889404296875,0.9665374755859375
1768216478578893000,10.65889306640625,-0.27532958984375,-0.0395660400390625,0.9704132080078125
1768216478588894200,10.668894287109374,-0.2759552001953125,-0.0408172607421875,0.9674530029296875
1768216478598895000,10.67889501953125,-0.2712249755859375,-0.0415191650390625,0.967315673828125
1768216478608895000,10.68889501953125,-0.26324462890625,-0.0409393310546875,0.958526611328125
1768216478618896100,10.698896240234374,-0.2621917724609375,-0.0386810302734375,0.95025634765625
1768216478628896000,10.70889599609375,-0.2652130126953125,-0.037750244140625,0.950958251953125
1768216478638897000,10.71889697265625,-0.253204345703125,-0.042724609375,0.9592132568359375
1768216478648898000,10.72889794921875,-0.2559051513671875,-0.044281005859375,0.9695892333984375
1768216478658898200,10.738898193359375,-0.2688140869140625,-0.0475006103515625,0.973388671875
1768216478668899000,10.748899169921875,-0.271453857421875,-0.0521087646484375,0.9732818603515625
1768216478678899000,10.75889892578125,-0.272705078125,-0.05487060546875,0.9696502685546875
1768216478688900000,10.768900146484375,-0.2730255126953125,-0.0494384765625,0.9708709716796875
1768216478698901000,10.77890087890625,-0.2690887451171875,-0.0529327392578125,0.967010498046875
1768216478708900900,10.78890087890625,-0.2585296630859375,-0.06573486328125,0.965484619140625
1768216478718902000,10.798902099609375,-0.2515716552734375,-0.0696563720703125,0.9583740234375
1768216478728902100,10.808902099609375,-0.2452545166015625,-0.0562896728515625,0.960845947265625
1768216478738903000,10.818903076171875,-0.2523956298828125,-0.0383758544921875,0.9735870361328125
1768216478748904000,10.828904052734375,-0.2503204345703125,-0.0361480712890625,0.973785400390625
1768216478758904000,10.838904052734375,-0.263824462890625,-0.02984619140625,0.985748291015625
1768216478768905000,10.848905029296875,-0.2685546875,-0.0249481201171875,0.98150634765625
1768216478778904800,10.85890478515625,-0.270355224609375,-0.0203399658203125,0.9681854248046875
1768216478788906000,10.868906005859374,-0.277801513671875,-0.021270751953125,0.9678497314453125
1768216478798907100,10.8789072265625,-0.28424072265625,-0.0363006591796875,0.9591522216796875
1768216478808907000,10.888906982421876,-0.2815399169921875,-0.048553466796875,0.95648193359375
1768216478818908000,10.898907958984376,-0.272308349609375,-0.0580596923828125,0.9486083984375
1768216478828908800,10.90890869140625,-0.27703857421875,-0.0556640625,0.945892333984375
1768216478838909000,10.918908935546876,-0.2782135009765625,-0.046722412109375,0.95068359375
1768216478848910000,10.92891015625,-0.2800445556640625,-0.0401458740234375,0.954132080078125
1768216478858910200,10.93891015625,-0.2823638916015625,-0.0330047607421875,0.965484619140625
1768216478868911000,10.9489111328125,-0.28564453125,-0.0325927734375,0.9669189453125
1768216478878911000,10.958910888671875,-0.2877655029296875,-0.0324859619140625,0.9580078125
1768216478888912000,10.968911865234375,-0.27734375,-0.035430908203125,0.9544525146484375
1768216478898913000,10.9789130859375,-0.2711029052734375,-0.0406494140625,0.955322265625
1768216478908913200,10.9889130859375,-0.2664794921875,-0.0430908203125,0.95257568359375
1768216478918914000,10.9989140625,-0.2723541259765625,-0.0491790771484375,0.9559326171875
1768216478928914200,11.0089140625,-0.2656707763671875,-0.0589752197265625,0.941497802734375
1768216478938915000,11.0189150390625,-0.2857818603515625,-0.052978515625,0.965911865234375
1768216478948916000,11.028916015625,-0.28814697265625,-0.0474090576171875,0.975433349609375
1768216478958915800,11.038915771484374,-0.274017333984375,-0.0515594482421875,0.96856689453125
1768216478968917200,11.048917236328125,-0.2716827392578125,-0.0528411865234375,0.9686431884765625
1768216478978917000,11.058917236328124,-0.2708892822265625,-0.0482940673828125,0.96337890625
1768216478988918000,11.06891796875,-0.267425537109375,-0.0443115234375,0.9635009765625
1768216478998919000,11.0789189453125,-0.2612457275390625,-0.03948974609375,0.962066650390625
1768216479008919000,11.0889189453125,-0.2583160400390625,-0.0368804931640625,0.9573516845703125
1768216479018920000,11.098919921875,-0.2551727294921875,-0.0368804931640625,0.9628448486328125
1768216479028919800,11.108919921875,-0.2556610107421875,-0.0387420654296875,0.9632568359375
1768216479038921200,11.118921142578126,-0.2639923095703125,-0.04302978515625,0.9614715576171875
1768216479048922000,11.128922119140626,-0.2644500732421875,-0.041778564453125,0.965301513671875
1768216479058922000,11.138921875,-0.2684783935546875,-0.046112060546875,0.9661865234375
1768216479068923000,11.1489228515625,-0.2712249755859375,-0.04583740234375,0.9709930419921875
1768216479078923000,11.158923095703125,-0.264007568359375,-0.045379638671875,0.9749755859375
1768216479088924000,11.168923828125,-0.27001953125,-0.0424346923828125,0.9716339111328125
1768216479098925000,11.178925048828125,-0.2704620361328125,-0.0416259765625,0.9675140380859375
1768216479108925200,11.18892529296875,-0.2747650146484375,-0.037017822265625,0.9635009765625
1768216479118926000,11.198926025390625,-0.2732696533203125,-0.0334625244140625,0.9661407470703125
1768216479128926000,11.208926025390625,-0.2703704833984375,-0.036102294921875,0.96551513671875
1768216479138927000,11.218927001953125,-0.2677459716796875,-0.03619384765625,0.96319580078125
1768216479148928000,11.228927978515625,-0.2650909423828125,-0.0352630615234375,0.9647674560546875
1768216479158928000,11.238927978515624,-0.264007568359375,-0.036712646484375,0.965087890625
1768216479168929000,11.248928955078124,-0.258941650390625,-0.0375213623046875,0.9617156982421875
1768216479178929200,11.25892919921875,-0.2569732666015625,-0.0384674072265625,0.9583892822265625
1768216479188930000,11.268929931640624,-0.2502593994140625,-0.0382843017578125,0.96746826171875
1768216479198931000,11.278930908203124,-0.250030517578125,-0.0432281494140625,0.96978759765625
1768216479208931000,11.28893115234375,-0.249542236328125,-0.0367584228515625,0.970855712890625
1768216479218932000,11.298931884765626,-0.2478485107421875,-0.0364990234375,0.96875
1768216479228931800,11.308931884765625,-0.2375946044921875,-0.0386810302734375,0.9692840576171875
1768216479238933000,11.31893310546875,-0.2399139404296875,-0.039398193359375,0.977935791015625
1768216479248934100,11.32893408203125,-0.2488250732421875,-0.042205810546875,0.976593017578125
1768216479258934000,11.33893408203125,-0.2545013427734375,-0.0443572998046875,0.9733428955078125
1768216479268935000,11.348934814453125,-0.26092529296875,-0.0432281494140625,0.9697723388671875
1768216479278935000,11.35893505859375,-0.259613037109375,-0.0411529541015625,0.9701080322265625
1768216479288936000,11.36893603515625,-0.259368896484375,-0.039154052734375,0.9647369384765625
1768216479298937000,11.37893701171875,-0.2557373046875,-0.0418701171875,0.96038818359375
1768216479308937000,11.38893701171875,-0.249969482421875,-0.0436859130859375,0.9613037109375
1768216479318938000,11.398938232421875,-0.2561187744140625,-0.042999267578125,0.96405029296875
1768216479328938000,11.40893798828125,-0.2554779052734375,-0.0432891845703125,0.9657440185546875
1768216479338939400,11.418939453125,-0.256591796875,-0.042144775390625,0.9674835205078125
1768216479348940300,11.428940185546875,-0.2568511962890625,-0.039794921875,0.9699859619140625
1768216479358940400,11.4389404296875,-0.25347900390625,-0.0399017333984375,0.9713592529296875
1768216479368941300,11.44894140625,-0.2502593994140625,-0.0414581298828125,0.972747802734375
1768216479378941200,11.458941162109374,-0.2500762939453125,-0.0430908203125,0.969207763671875
1768216479388942300,11.4689423828125,-0.2517852783203125,-0.0424346923828125,0.967620849609375
1768216479398943500,11.478943603515624,-0.2567291259765625,-0.040618896484375,0.9693450927734375
1768216479408943400,11.488943359375,-0.26312255859375,-0.0367584228515625,0.969512939453125
1768216479418944300,11.4989443359375,-0.2672271728515625,-0.033050537109375,0.969573974609375
1768216479428944400,11.5089443359375,-0.268585205078125,-0.0308837890625,0.971649169921875
1768216479438945300,11.5189453125,-0.2666168212890625,-0.034149169921875,0.96771240234375
1768216479448946200,11.5289462890625,-0.2608489990234375,-0.03350830078125,0.9633331298828125
1768216479458946600,11.538946533203125,-0.2522735595703125,-0.0375823974609375,0.958770751953125
1768216479468947500,11.548947509765625,-0.2400360107421875,-0.0420379638671875,0.9597015380859375
1768216479478947300,11.558947265625,-0.23809814453125,-0.0409698486328125,0.96649169921875
1768216479488948200,11.5689482421875,-0.236785888671875,-0.0429534912109375,0.9692535400390625
1768216479498949400,11.578949462890625,-0.23883056640625,-0.0455169677734375,0.97088623046875
1768216479508949200,11.58894921875,-0.237701416015625,-0.0453033447265625,0.97076416015625
1768216479518950400,11.598950439453125,-0.2406768798828125,-0.0412445068359375,0.97344970703125
1768216479528950500,11.608950439453125,-0.2447662353515625,-0.03985595703125,0.9742431640625
1768216479538951400,11.618951416015625,-0.242950439453125,-0.0401458740234375,0.97308349609375
1768216479548952300,11.628952392578125,-0.24517822265625,-0.0372161865234375,0.973052978515625
1768216479558952400,11.638952392578124,-0.248992919921875,-0.0365142822265625,0.97076416015625
1768216479568953300,11.648953369140624,-0.2484130859375,-0.036895751953125,0.967620849609375
1768216479578953200,11.658953125,-0.2467041015625,-0.03857421875,0.9670257568359375
1768216479588954400,11.668954345703124,-0.242645263671875,-0.0402679443359375,0.96453857421875
1768216479598955500,11.67895556640625,-0.2410125732421875,-0.04376220703125,0.965362548828125
1768216479608955400,11.688955322265626,-0.2414093017578125,-0.0455322265625,0.965087890625
1768216479618956300,11.698956298828126,-0.242523193359375,-0.04364013671875,0.9684600830078125
1768216479628956400,11.708956298828125,-0.24871826171875,-0.04058837890625,0.9706878662109375
1768216479638957300,11.718957275390625,-0.24853515625,-0.043182373046875,0.9712677001953125
1768216479648958500,11.72895849609375,-0.2452239990234375,-0.0445098876953125,0.970672607421875
1768216479658958300,11.738958251953125,-0.246002197265625,-0.04193115234375,0.9686431884765625
1768216479668959500,11.74895947265625,-0.2488555908203125,-0.0394744873046875,0.9691162109375
1768216479678959400,11.75895947265625,-0.2478179931640625,-0.040252685546875,0.9698333740234375
1768216479688960300,11.768960205078125,-0.2465667724609375,-0.0381011962890625,0.969818115234375
1768216479698961200,11.778961181640625,-0.248291015625,-0.038330078125,0.9730987548828125
1768216479708961300,11.788961181640625,-0.251800537109375,-0.0387115478515625,0.9738006591796875
1768216479718962400,11.79896240234375,-0.2506256103515625,-0.03826904296875,0.9708404541015625
1768216479728962300,11.80896240234375,-0.2433319091796875,-0.0394134521484375,0.97509765625
1768216479738963500,11.81896337890625,-0.2401123046875,-0.0428009033203125,0.9730224609375
1768216479748964400,11.82896435546875,-0.23779296875,-0.044525146484375,0.9724578857421875
1768216479758964200,11.838964111328124,-0.2369537353515625,-0.0432586669921875,0.972442626953125
1768216479768965000,11.848965087890624,-0.238555908203125,-0.04296875,0.9726104736328125
1768216479778965200,11.85896533203125,-0.2382659912109375,-0.043548583984375,0.9713592529296875
1768216479788966400,11.86896630859375,-0.238861083984375,-0.0431671142578125,0.969970703125
1768216479798967300,11.87896728515625,-0.2352752685546875,-0.0425262451171875,0.971832275390625
1768216479808967400,11.888967529296876,-0.2349700927734375,-0.04400634765625,0.9750518798828125
1768216479818968300,11.89896826171875,-0.2377471923828125,-0.0408477783203125,0.9773101806640625
1768216479828968200,11.90896826171875,-0.236663818359375,-0.038604736328125,0.9777374267578125
1768216479838969300,11.91896923828125,-0.2355194091796875,-0.037139892578125,0.975250244140625
1768216479848970500,11.928970458984375,-0.231231689453125,-0.040740966796875,0.9730377197265625
1768216479858970400,11.938970458984375,-0.2271270751953125,-0.0439453125,0.9693145751953125
1768216479868971300,11.94897119140625,-0.2286834716796875,-0.0407257080078125,0.9705657958984375
1768216479878971400,11.958971435546875,-0.227142333984375,-0.0409393310546875,0.9722747802734375
1768216479888972300,11.96897216796875,-0.2273406982421875,-0.039337158203125,0.977081298828125
1768216479898972200,11.97897216796875,-0.225067138671875,-0.0417938232421875,0.9766998291015625
1768216479908973600,11.9889736328125,-0.2230072021484375,-0.043426513671875,0.9755096435546875
1768216479918974500,11.998974365234375,-0.2209625244140625,-0.042327880859375,0.9765777587890625
1768216479928974300,12.008974365234375,-0.2251739501953125,-0.0431365966796875,0.975372314453125
1768216479938975200,12.018975341796875,-0.2216644287109375,-0.041717529296875,0.9775390625
1768216479948975400,12.028975341796874,-0.2209320068359375,-0.044830322265625,0.974029541015625
1768216479958976300,12.038976318359374,-0.217041015625,-0.0459136962890625,0.9761962890625
1768216479968977400,12.048977294921874,-0.2191314697265625,-0.0477142333984375,0.97821044921875
1768216479978977500,12.0589775390625,-0.216400146484375,-0.0490875244140625,0.97564697265625
1768216479988978400,12.068978515625,-0.215911865234375,-0.049896240234375,0.97314453125
1768216479998978300,12.078978271484376,-0.2189178466796875,-0.0464630126953125,0.973114013671875
1768216480008979200,12.088979248046876,-0.220672607421875,-0.0460968017578125,0.9771270751953125
1768216480018980400,12.09898046875,-0.2174835205078125,-0.0467987060546875,0.9788360595703125
1768216480028980200,12.108980224609375,-0.21929931640625,-0.044281005859375,0.9809417724609375
1768216480038981400,12.1189814453125,-0.2200775146484375,-0.0413970947265625,0.9803924560546875
1768216480048981500,12.1289814453125,-0.22235107421875,-0.0418243408203125,0.9783172607421875
1768216480058982400,12.138982421875,-0.2256927490234375,-0.0416717529296875,0.9777374267578125
1768216480068983300,12.1489833984375,-0.2259368896484375,-0.042877197265625,0.9773712158203125
1768216480078983400,12.1589833984375,-0.2279052734375,-0.04351806640625,0.9743499755859375
1768216480088984300,12.168984375,-0.228363037109375,-0.042022705078125,0.9740142822265625
1768216480098984200,12.178984130859375,-0.225860595703125,-0.04400634765625,0.9725341796875
1768216480108985300,12.1889853515625,-0.23101806640625,-0.0428619384765625,0.9714508056640625
1768216480118986500,12.198986572265625,-0.2339324951171875,-0.04083251953125,0.9735870361328125
1768216480128986400,12.208986328125,-0.23736572265625,-0.0394439697265625,0.9727935791015625
1768216480138987300,12.2189873046875,-0.2384033203125,-0.0364532470703125,0.9761962890625
1768216480148987400,12.2289873046875,-0.2327423095703125,-0.0364837646484375,0.975067138671875
1768216480158988300,12.23898828125,-0.23052978515625,-0.0404815673828125,0.97412109375
1768216480168989400,12.248989501953124,-0.2302398681640625,-0.0404052734375,0.9736328125
1768216480178989300,12.2589892578125,-0.2274932861328125,-0.0387725830078125,0.9717559814453125
1768216480188990500,12.268990478515626,-0.2245941162109375,-0.03912353515625,0.9716644287109375
1768216480198990300,12.278990234375,-0.220611572265625,-0.04119873046875,0.973358154296875
1768216480208991200,12.2889912109375,-0.2195281982421875,-0.0390625,0.975677490234375
1768216480218992000,12.2989921875,-0.215484619140625,-0.039031982421875,0.9784698486328125
1768216480228992500,12.308992431640625,-0.215240478515625,-0.0420379638671875,0.98028564453125
1768216480238993400,12.318993408203125,-0.2141876220703125,-0.042999267578125,0.980560302734375
1768216480248993300,12.3289931640625,-0.2131500244140625,-0.0452880859375,0.981475830078125
1768216480258994400,12.338994384765625,-0.2139892578125,-0.0462493896484375,0.98248291015625
1768216480268995300,12.348995361328125,-0.212371826171875,-0.0495147705078125,0.9832611083984375
1768216480278995200,12.3589951171875,-0.217529296875,-0.0496063232421875,0.9811248779296875
1768216480288996400,12.368996337890625,-0.2146759033203125,-0.048187255859375,0.9803466796875
1768216480298996500,12.37899658203125,-0.21661376953125,-0.04632568359375,0.979461669921875
1768216480308997400,12.388997314453125,-0.2171630859375,-0.0469970703125,0.975189208984375
1768216480318998300,12.398998291015625,-0.2155609130859375,-0.047882080078125,0.9705352783203125
1768216480328998400,12.408998291015624,-0.22052001953125,-0.0457000732421875,0.970123291015625
1768216480338999300,12.418999267578124,-0.2227935791015625,-0.0435943603515625,0.970703125
1768216480348999400,12.42899951171875,-0.2220001220703125,-0.0455474853515625,0.97161865234375
1768216480359000300,12.439000244140624,-0.2251129150390625,-0.0423126220703125,0.9747314453125
1768216480369001500,12.44900146484375,-0.2235260009765625,-0.04241943359375,0.9754638671875
1768216480379001300,12.45900146484375,-0.221832275390625,-0.0459136962890625,0.9744415283203125
1768216480389002500,12.46900244140625,-0.220703125,-0.048828125,0.974212646484375
1768216480399002600,12.479002685546876,-0.22100830078125,-0.0472412109375,0.973724365234375
1768216480409003500,12.48900341796875,-0.2262115478515625,-0.0450286865234375,0.9741973876953125
1768216480419004400,12.49900439453125,-0.2220458984375,-0.0438385009765625,0.9775238037109375
1768216480429004500,12.509004638671875,-0.2259521484375,-0.0431365966796875,0.972930908203125
1768216480439005400,12.51900537109375,-0.2210693359375,-0.0396728515625,0.9752044677734375
1768216480449005300,12.52900537109375,-0.2185211181640625,-0.0421142578125,0.977081298828125
1768216480459006500,12.53900634765625,-0.217559814453125,-0.0458984375,0.9747314453125
1768216480469007600,12.549007568359375,-0.21038818359375,-0.047943115234375,0.976776123046875
1768216480479007500,12.559007568359375,-0.2080078125,-0.05096435546875,0.980255126953125
1768216480489008400,12.56900830078125,-0.2078094482421875,-0.0518035888671875,0.9834136962890625
1768216480499008500,12.579008544921875,-0.20611572265625,-0.0517730712890625,0.985076904296875
1768216480509009400,12.589009521484375,-0.2032623291015625,-0.0575408935546875,0.9810333251953125
1768216480519009500,12.599009521484374,-0.2037506103515625,-0.0577239990234375,0.976806640625
1768216480529010400,12.609010498046874,-0.1977386474609375,-0.0543212890625,0.9757232666015625
1768216480539011600,12.619011474609374,-0.19873046875,-0.0528411865234375,0.975189208984375
1768216480549011500,12.629011474609374,-0.19671630859375,-0.0527801513671875,0.9779052734375
1768216480559012400,12.639012451171874,-0.1958160400390625,-0.05328369140625,0.9789276123046875
1768216480569012500,12.649012451171876,-0.199554443359375,-0.05181884765625,0.982269287109375
1768216480579013600,12.659013671875,-0.20196533203125,-0.0512847900390625,0.9840240478515625
1768216480589014500,12.6690146484375,-0.2054290771484375,-0.048583984375,0.98468017578125
1768216480599014400,12.679014404296876,-0.2046966552734375,-0.0500640869140625,0.9871978759765625
1768216480609015600,12.689015625,-0.20599365234375,-0.048309326171875,0.9838104248046875
1768216480619015400,12.699015380859375,-0.203277587890625,-0.0504913330078125,0.9788360595703125
1768216480629016300,12.709016357421875,-0.2044219970703125,-0.0519561767578125,0.976837158203125
1768216480639017500,12.719017578125,-0.2043609619140625,-0.055389404296875,0.9718017578125
1768216480649017600,12.729017578125,-0.20281982421875,-0.05474853515625,0.968658447265625
1768216480659018500,12.7390185546875,-0.2057647705078125,-0.054443359375,0.9723663330078125
1768216480669018600,12.7490185546875,-0.206207275390625,-0.0532989501953125,0.9761505126953125
1768216480679019500,12.75901953125,-0.205902099609375,-0.0479278564453125,0.977294921875
1768216480689020400,12.7690205078125,-0.2049407958984375,-0.0489501953125,0.9815826416015625
1768216480699020300,12.779020263671875,-0.205810546875,-0.0474395751953125,0.9830780029296875
1768216480709021700,12.789021728515625,-0.2047576904296875,-0.049407958984375,0.980438232421875
1768216480719021600,12.799021484375,-0.209869384765625,-0.0482635498046875,0.9815521240234375
1768216480729022500,12.8090224609375,-0.2100372314453125,-0.04644775390625,0.97705078125
1768216480739023400,12.8190234375,-0.2122039794921875,-0.0465087890625,0.9764556884765625
1768216480749023500,12.8290234375,-0.2093658447265625,-0.0485382080078125,0.975067138671875
1768216480759024400,12.8390244140625,-0.2048492431640625,-0.051025390625,0.9750518798828125
1768216480769024300,12.849024169921876,-0.2037353515625,-0.05242919921875,0.97869873046875
1768216480779025700,12.859025634765626,-0.205963134765625,-0.05206298828125,0.9810638427734375
1768216480789026600,12.869026611328126,-0.2053375244140625,-0.0469970703125,0.98150634765625
1768216480799026400,12.8790263671875,-0.20556640625,-0.04632568359375,0.9806365966796875
1768216480809027300,12.88902734375,-0.205047607421875,-0.0488433837890625,0.981689453125
1768216480819027500,12.89902734375,-0.2044525146484375,-0.0517730712890625,0.9815673828125
1768216480829028400,12.9090283203125,-0.2072906494140625,-0.0482177734375,0.9816436767578125
1768216480839029500,12.919029541015625,-0.20916748046875,-0.046630859375,0.9827728271484375
1768216480849029600,12.929029541015625,-0.2036285400390625,-0.048065185546875,0.9812774658203125
1768216480859030500,12.939030517578125,-0.2025604248046875,-0.0476226806640625,0.9768218994140625
1768216480869030400,12.949030517578125,-0.2041168212890625,-0.046844482421875,0.9798431396484375
1768216480879031300,12.95903125,-0.205474853515625,-0.0466766357421875,0.9806671142578125
1768216480889032400,12.969032470703125,-0.2072296142578125,-0.04461669921875,0.97869873046875
1768216480899032600,12.979032470703125,-0.205963134765625,-0.043975830078125,0.9790496826171875
1768216480909033500,12.989033447265625,-0.2026519775390625,-0.0457916259765625,0.9816436767578125
1768216480919033600,12.99903369140625,-0.201873779296875,-0.046417236328125,0.9811553955078125
1768216480929034500,13.009034423828124,-0.201324462890625,-0.0444183349609375,0.97991943359375
1768216480939035400,13.019035400390624,-0.19879150390625,-0.04217529296875,0.9801483154296875
1768216480949035500,13.029035400390624,-0.2008514404296875,-0.043426513671875,0.9791717529296875
1768216480959036700,13.03903662109375,-0.2029266357421875,-0.04461669921875,0.9781036376953125
1768216480969036500,13.04903662109375,-0.202117919921875,-0.046417236328125,0.980194091796875
1768216480979037400,13.059037353515626,-0.20404052734375,-0.0494384765625,0.9785919189453125
1768216480989038600,13.06903857421875,-0.204925537109375,-0.0487518310546875,0.9789886474609375
1768216480999038500,13.07903857421875,-0.2030792236328125,-0.0470428466796875,0.9804229736328125
1768216481009039400,13.089039306640625,-0.20245361328125,-0.0481109619140625,0.979583740234375
1768216481019039500,13.09903955078125,-0.2003021240234375,-0.0500946044921875,0.9803466796875
1768216481029040600,13.10904052734375,-0.1968536376953125,-0.0508575439453125,0.979522705078125
1768216481039041500,13.11904150390625,-0.1964874267578125,-0.0512237548828125,0.9801177978515625
1768216481049041400,13.12904150390625,-0.194000244140625,-0.050811767578125,0.98370361328125
1768216481059042600,13.13904248046875,-0.1895599365234375,-0.0496673583984375,0.986328125
1768216481069042400,13.14904248046875,-0.1909637451171875,-0.049957275390625,0.9871826171875
1768216481079043300,13.159043212890625,-0.1944580078125,-0.048828125,0.985931396484375
1768216481089044500,13.16904443359375,-0.19921875,-0.0462493896484375,0.98419189453125
1768216481099044600,13.179044677734375,-0.20416259765625,-0.0456695556640625,0.9815826416015625
1768216481109045500,13.18904541015625,-0.2075653076171875,-0.04473876953125,0.980377197265625
1768216481119045400,13.19904541015625,-0.2119140625,-0.04351806640625,0.977813720703125
1768216481129046500,13.209046630859374,-0.21307373046875,-0.0435028076171875,0.973663330078125
1768216481139047400,13.21904736328125,-0.212890625,-0.041717529296875,0.9749755859375
1768216481149047300,13.22904736328125,-0.2113037109375,-0.043914794921875,0.9738922119140625
1768216481159048400,13.23904833984375,-0.2091522216796875,-0.0431671142578125,0.97723388671875
1768216481169048600,13.249048583984376,-0.20709228515625,-0.0402679443359375,0.97906494140625
1768216481179049500,13.259049560546876,-0.20562744140625,-0.040985107421875,0.9776153564453125
1768216481189050400,13.26905029296875,-0.2006988525390625,-0.0424346923828125,0.977142333984375
1768216481199050500,13.279050537109375,-0.1996002197265625,-0.0409088134765625,0.9765472412109375
1768216481209051400,13.289051513671875,-0.199127197265625,-0.0438232421875,0.976806640625
1768216481219051300,13.29905126953125,-0.20147705078125,-0.045318603515625,0.9781646728515625
1768216481229052400,13.309052490234375,-0.204498291015625,-0.0453033447265625,0.979705810546875
1768216481239052500,13.319052490234375,-0.2015533447265625,-0.0464324951171875,0.9806365966796875
1768216481249053400,13.329053466796875,-0.2029571533203125,-0.0456695556640625,0.9803314208984375
1768216481259054300,13.339054443359375,-0.2041473388671875,-0.0460052490234375,0.9830474853515625
1768216481269054500,13.349054443359375,-0.202484130859375,-0.0452423095703125,0.983978271484375
1768216481279055600,13.3590556640625,-0.2042236328125,-0.043304443359375,0.98358154296875
1768216481289056500,13.369056396484375,-0.2053070068359375,-0.046661376953125,0.9817047119140625
1768216481299056600,13.379056640625,-0.2063446044921875,-0.04754638671875,0.9792022705078125
1768216481309057500,13.3890576171875,-0.2073822021484375,-0.0475006103515625,0.978271484375
1768216481319057400,13.399057373046874,-0.210174560546875,-0.047149658203125,0.9780731201171875
1768216481329058300,13.409058349609374,-0.209716796875,-0.0456085205078125,0.9810943603515625
1768216481339058400,13.419058349609376,-0.2089385986328125,-0.0450592041015625,0.982818603515625
1768216481349059300,13.429059326171876,-0.209991455078125,-0.0426483154296875,0.98236083984375
1768216481359060200,13.439060302734376,-0.2070465087890625,-0.0436553955078125,0.9832611083984375
1768216481369060400,13.449060302734376,-0.207916259765625,-0.04327392578125,0.981536865234375
1768216481379061200,13.459061279296876,-0.2065887451171875,-0.0450439453125,0.9798736572265625
1768216481389061000,13.46906103515625,-0.20770263671875,-0.0433807373046875,0.9815826416015625
1768216481399062300,13.479062255859375,-0.207489013671875,-0.04388427734375,0.9813690185546875
1768216481409063400,13.4890634765625,-0.2025146484375,-0.0439910888671875,0.98101806640625
1768216481419063300,13.499063232421875,-0.2003021240234375,-0.0442657470703125,0.977142333984375
1768216481429064200,13.509064208984375,-0.197540283203125,-0.045745849609375,0.9762725830078125
1768216481439064300,13.519064208984375,-0.1934051513671875,-0.0479278564453125,0.97882080078125
1768216481449065200,13.529065185546875,-0.1931610107421875,-0.045074462890625,0.984405517578125
1768216481459066000,13.539066162109375,-0.1939849853515625,-0.0440673828125,0.9841156005859375
1768216481469066200,13.549066162109375,-0.192230224609375,-0.0435943603515625,0.9824676513671875
1768216481479067400,13.5590673828125,-0.1897735595703125,-0.0483245849609375,0.9810638427734375
1768216481489067300,13.5690673828125,-0.1884918212890625,-0.05169677734375,0.9847259521484375
1768216481499068200,13.579068115234374,-0.183074951171875,-0.0543212890625,0.9862213134765625
1768216481509069300,13.5890693359375,-0.1834564208984375,-0.059539794921875,0.9828338623046875
1768216481519069200,13.599069091796874,-0.1771697998046875,-0.0556182861328125,0.98193359375
1768216481529070000,13.609070068359374,-0.1778106689453125,-0.050628662109375,0.9824066162109375
1768216481539070200,13.6190703125,-0.177642822265625,-0.0510101318359375,0.9799957275390625
1768216481549071400,13.6290712890625,-0.1753082275390625,-0.0578460693359375,0.97369384765625
1768216481559072300,13.639072265625,-0.172637939453125,-0.05755615234375,0.9815521240234375
1768216481569072000,13.649072021484375,-0.1702728271484375,-0.0595855712890625,0.9858245849609375
1768216481579073300,13.6590732421875,-0.174346923828125,-0.0607757568359375,0.98504638671875
1768216481589073200,13.6690732421875,-0.1722412109375,-0.062103271484375,0.9842376708984375
1768216481599074000,13.679073974609375,-0.172882080078125,-0.060760498046875,0.9826812744140625
1768216481609075200,13.6890751953125,-0.1749420166015625,-0.0569305419921875,0.99029541015625
1768216481619075300,13.699075439453125,-0.17437744140625,-0.0560455322265625,0.9933319091796875
1768216481629076200,13.709076171875,-0.1735687255859375,-0.0543670654296875,0.9912109375
1768216481639076400,13.719076416015625,-0.1738739013671875,-0.053955078125,0.9857177734375
1768216481649077200,13.7290771484375,-0.1719512939453125,-0.058868408203125,0.9721832275390625
1768216481659078100,13.739078125,-0.1669158935546875,-0.057403564453125,0.98211669921875
1768216481669078000,13.749078125,-0.1695404052734375,-0.0573272705078125,0.984619140625
1768216481679079200,13.7590791015625,-0.1761322021484375,-0.0519866943359375,0.983154296875
1768216481689079300,13.769079345703124,-0.1649932861328125,-0.049774169921875,0.9910125732421875
1768216481699080200,13.779080078125,-0.1605224609375,-0.05059814453125,0.987579345703125
1768216481709081000,13.7890810546875,-0.1649169921875,-0.049957275390625,0.9858245849609375
1768216481719081200,13.799081298828124,-0.159149169921875,-0.0551605224609375,0.97943115234375
1768216481729082400,13.809082275390624,-0.1558380126953125,-0.0557098388671875,0.987884521484375
1768216481739082200,13.819082275390626,-0.1612091064453125,-0.055419921875,0.983184814453125
1768216481749083400,13.82908349609375,-0.164306640625,-0.0558319091796875,0.9827880859375
1768216481759084300,13.839084228515626,-0.166717529296875,-0.0577545166015625,0.9831390380859375
1768216481769084200,13.849084228515625,-0.1628265380859375,-0.0564422607421875,0.98345947265625
1768216481779085000,13.8590849609375,-0.1673126220703125,-0.05450439453125,0.9874420166015625
1768216481789085200,13.869085205078125,-0.1732635498046875,-0.0495452880859375,0.9874114990234375
1768216481799086300,13.87908642578125,-0.1790618896484375,-0.0463409423828125,0.990203857421875
1768216481809086200,13.889086181640625,-0.180572509765625,-0.042327880859375,0.9925994873046875
1768216481819087400,13.89908740234375,-0.17742919921875,-0.03778076171875,0.9958648681640625
1768216481829088300,13.909088134765625,-0.1724853515625,-0.036529541015625,0.9956512451171875
1768216481839088000,13.919088134765625,-0.155059814453125,-0.043304443359375,0.99267578125
1768216481849089000,13.929089111328125,-0.1457672119140625,-0.0546875,0.99066162109375
1768216481859090400,13.93909033203125,-0.147216796875,-0.061737060546875,0.9814910888671875
1768216481869090300,13.94909033203125,-0.144195556640625,-0.0635833740234375,0.983856201171875
1768216481879091200,13.95909130859375,-0.1529998779296875,-0.0641326904296875,0.982269287109375
1768216481889091300,13.96909130859375,-0.1586151123046875,-0.0580291748046875,0.982086181640625
1768216481899092200,13.97909228515625,-0.16180419921875,-0.0505828857421875,0.9854736328125
1768216481909092000,13.989092041015626,-0.1654052734375,-0.0421600341796875,0.9864959716796875
1768216481919093200,13.99909326171875,-0.16473388671875,-0.0371246337890625,0.989410400390625
1768216481929094400,14.009094482421874,-0.166290283203125,-0.0413665771484375,0.9933624267578125
1768216481939094300,14.01909423828125,-0.1682586669921875,-0.043914794921875,0.9896392822265625
1768216481949095200,14.02909521484375,-0.1609039306640625,-0.046966552734375,0.9891815185546875
1768216481959095300,14.03909521484375,-0.1538238525390625,-0.0536651611328125,0.987457275390625
1768216481969096200,14.04909619140625,-0.1439971923828125,-0.052978515625,0.98809814453125
1768216481979097000,14.05909716796875,-0.1470489501953125,-0.0475006103515625,0.9940948486328125
1768216481989097200,14.06909716796875,-0.157012939453125,-0.043609619140625,0.9994354248046875
1768216481999098400,14.079098388671875,-0.15869140625,-0.0424041748046875,0.9970703125
1768216482009098200,14.08909814453125,-0.1522674560546875,-0.0483856201171875,0.9892578125
1768216482019099100,14.09909912109375,-0.1516876220703125,-0.0517425537109375,0.9841461181640625
1768216482029100300,14.109100341796875,-0.1548004150390625,-0.0519561767578125,0.9777984619140625
1768216482039100200,14.11910009765625,-0.1447296142578125,-0.0532989501953125,0.9785919189453125
1768216482049101000,14.12910107421875,-0.1373748779296875,-0.0556182861328125,0.97998046875
1768216482059101400,14.139101318359375,-0.1370849609375,-0.054840087890625,0.984619140625
1768216482069102300,14.149102294921875,-0.1385345458984375,-0.0587158203125,0.9845123291015625
1768216482079103200,14.159103271484375,-0.136871337890625,-0.05877685546875,0.9862518310546875
1768216482089103000,14.16910302734375,-0.141693115234375,-0.05767822265625,0.9881744384765625
1768216482099104300,14.179104248046874,-0.1462860107421875,-0.052764892578125,0.99310302734375
1768216482109104000,14.189104248046876,-0.14666748046875,-0.0484161376953125,0.99945068359375
1768216482119105300,14.199105224609376,-0.1397552490234375,-0.04638671875,1.001678466796875
1768216482129106200,14.209106201171876,-0.1256103515625,-0.049957275390625,0.99365234375
1768216482139106300,14.219106201171876,-0.1203460693359375,-0.0550689697265625,0.9926910400390625
1768216482149107200,14.229107177734376,-0.1329803466796875,-0.0489959716796875,0.991668701171875
1768216482159107300,14.239107421875,-0.139312744140625,-0.0535430908203125,0.9857330322265625
1768216482169108200,14.249108154296875,-0.1406097412109375,-0.052154541015625,0.9814605712890625
1768216482179109400,14.259109375,-0.13653564453125,-0.05303955078125,0.987884521484375
1768216482189109200,14.269109130859375,-0.1317596435546875,-0.0533294677734375,0.989593505859375
1768216482199110100,14.279110107421875,-0.1221771240234375,-0.05450439453125,0.9987945556640625
1768216482209110300,14.2891103515625,-0.1177215576171875,-0.05517578125,0.995697021484375
1768216482219111200,14.299111083984375,-0.119476318359375,-0.0601654052734375,0.989288330078125
1768216482229112000,14.309112060546875,-0.123138427734375,-0.06298828125,0.986175537109375
1768216482239112200,14.3191123046875,-0.1269073486328125,-0.060882568359375,0.9857025146484375
1768216482249113300,14.32911328125,-0.1280975341796875,-0.0594329833984375,0.987823486328125
1768216482259113200,14.33911328125,-0.1220703125,-0.0588531494140625,0.9886627197265625
1768216482269114400,14.3491142578125,-0.1170501708984375,-0.0582275390625,0.9918060302734375
1768216482279115300,14.359115234375,-0.11883544921875,-0.0573577880859375,0.9916839599609375
1768216482289115100,14.369115234375,-0.1204071044921875,-0.0537567138671875,0.995025634765625
1768216482299116000,14.379115966796874,-0.11505126953125,-0.0521697998046875,0.998809814453125
1768216482309116200,14.3891162109375,-0.109161376953125,-0.0570831298828125,0.9969329833984375
1768216482319117300,14.399117431640626,-0.0973052978515625,-0.063751220703125,0.9940948486328125
1768216482329118200,14.4091181640625,-0.0853271484375,-0.0653228759765625,0.990081787109375
1768216482339118300,14.419118408203126,-0.087799072265625,-0.0679168701171875,0.9931182861328125
1768216482349119200,14.429119140625,-0.09429931640625,-0.06817626953125,0.996856689453125
1768216482359119000,14.439119140625,-0.1043701171875,-0.063568115234375,0.9961395263671875
1768216482369120000,14.4491201171875,-0.1153411865234375,-0.0652008056640625,0.99237060546875
1768216482379121200,14.45912109375,-0.117767333984375,-0.0638580322265625,0.9953155517578125
1768216482389121000,14.46912109375,-0.113861083984375,-0.0638427734375,0.99908447265625
1768216482399122000,14.479121826171875,-0.10687255859375,-0.0653228759765625,0.996185302734375
1768216482409122000,14.4891220703125,-0.1045074462890625,-0.06304931640625,0.9898223876953125
1768216482419123200,14.499123291015625,-0.1048126220703125,-0.06353759765625,0.9850616455078125
1768216482429124000,14.5091240234375,-0.111541748046875,-0.059417724609375,0.987091064453125
1768216482439124200,14.519124267578125,-0.118927001953125,-0.0568389892578125,0.9922027587890625
1768216482449125000,14.529125,-0.1232452392578125,-0.053070068359375,0.996490478515625
1768216482459125000,14.539125,-0.122650146484375,-0.0501861572265625,0.9980316162109375
1768216482469126000,14.5491259765625,-0.118865966796875,-0.048095703125,0.9989471435546875
1768216482479126300,14.559126220703124,-0.1145172119140625,-0.052337646484375,0.9966888427734375
1768216482489127200,14.569127197265624,-0.11309814453125,-0.0552520751953125,0.9946136474609375
1768216482499128000,14.579128173828124,-0.1163330078125,-0.0529632568359375,0.9936065673828125
1768216482509128200,14.589128173828126,-0.1200714111328125,-0.0553741455078125,0.9902191162109375
1768216482519129000,14.599129150390626,-0.1256561279296875,-0.0572509765625,0.9891815185546875
1768216482529129000,14.60912890625,-0.1312255859375,-0.0596771240234375,0.9873504638671875
1768216482539130000,14.619130126953126,-0.1335296630859375,-0.0612030029296875,0.9888916015625
1768216482549131300,14.62913134765625,-0.13665771484375,-0.062835693359375,0.995147705078125
1768216482559131100,14.639131103515625,-0.1251983642578125,-0.0608367919921875,0.9965972900390625
1768216482569132000,14.649132080078125,-0.12054443359375,-0.061798095703125,0.9985504150390625
1768216482579132200,14.659132080078125,-0.12188720703125,-0.0595550537109375,0.9979705810546875
1768216482589133000,14.669133056640625,-0.1215057373046875,-0.0558624267578125,0.9958648681640625
1768216482599134200,14.67913427734375,-0.1268463134765625,-0.0540618896484375,0.9943389892578125
1768216482609134000,14.689134033203125,-0.1280059814453125,-0.0504608154296875,0.9937896728515625
1768216482619135200,14.69913525390625,-0.133209228515625,-0.049835205078125,0.9947509765625
1768216482629135000,14.709135009765625,-0.131256103515625,-0.0513458251953125,0.9939727783203125
1768216482639136000,14.719135986328125,-0.126129150390625,-0.057952880859375,0.9910736083984375
1768216482649137000,14.729136962890625,-0.128997802734375,-0.058563232421875,0.9918365478515625
1768216482659137000,14.739136962890624,-0.121002197265625,-0.0631866455078125,0.9903564453125
1768216482669138200,14.74913818359375,-0.1101226806640625,-0.0624237060546875,0.9867401123046875
1768216482679138300,14.75913818359375,-0.1103668212890625,-0.06732177734375,0.98944091796875
1768216482689139200,14.76913916015625,-0.1119537353515625,-0.0685577392578125,0.9895477294921875
1768216482699140000,14.77914013671875,-0.11822509765625,-0.0645751953125,0.990692138671875
1768216482709140000,14.789139892578126,-0.1263427734375,-0.0640716552734375,0.9895477294921875
1768216482719141000,14.79914111328125,-0.13153076171875,-0.0604705810546875,0.99249267578125
1768216482729141000,14.80914111328125,-0.1307525634765625,-0.05340576171875,0.9947357177734375
1768216482739142100,14.81914208984375,-0.1265106201171875,-0.0524139404296875,0.9950714111328125
1768216482749143000,14.82914306640625,-0.121063232421875,-0.050933837890625,0.9898834228515625
1768216482759143200,14.83914306640625,-0.1187744140625,-0.056915283203125,0.991241455078125
1768216482769144000,14.84914404296875,-0.1183929443359375,-0.0616607666015625,0.9916839599609375
1768216482779144000,14.85914404296875,-0.1222686767578125,-0.060760498046875,0.992340087890625
1768216482789145000,14.86914501953125,-0.125274658203125,-0.061370849609375,0.994232177734375
1768216482799146200,14.879146240234375,-0.126800537109375,-0.06146240234375,0.99365234375
1768216482809146000,14.88914599609375,-0.12689208984375,-0.061004638671875,0.991058349609375
1768216482819147000,14.89914697265625,-0.1284332275390625,-0.0583953857421875,0.990936279296875
1768216482829147100,14.909147216796875,-0.130035400390625,-0.056060791015625,0.9906768798828125
1768216482839148000,14.91914794921875,-0.133209228515625,-0.0545501708984375,0.989532470703125
1768216482849149000,14.92914892578125,-0.1345062255859375,-0.057830810546875,0.9898223876953125
1768216482859149300,14.9391494140625,-0.135894775390625,-0.0567474365234375,0.9917449951171875
1768216482869150200,14.949150146484374,-0.133880615234375,-0.057830810546875,0.9927825927734375
1768216482879150000,14.959150146484374,-0.1300811767578125,-0.0615386962890625,0.99072265625
1768216482889151000,14.96915087890625,-0.127716064453125,-0.06256103515625,0.9907379150390625
1768216482899151000,14.979151123046876,-0.1243743896484375,-0.0607147216796875,0.990875244140625
1768216482909152000,14.989152099609376,-0.12841796875,-0.0560760498046875,0.993011474609375
1768216482919153200,14.999153076171876,-0.128875732421875,-0.0579376220703125,0.9917449951171875
1768216482929153300,15.0091533203125,-0.1321868896484375,-0.0587005615234375,0.9926910400390625
1768216482939154200,15.019154296875,-0.1374969482421875,-0.0590972900390625,0.9938812255859375
1768216482949154000,15.029154052734375,-0.13824462890625,-0.0579833984375,0.990875244140625
1768216482959155200,15.0391552734375,-0.1401214599609375,-0.0594024658203125,0.993133544921875
1768216482969156000,15.049156005859375,-0.1381072998046875,-0.0554351806640625,0.9959869384765625
1768216482979156000,15.059156005859375,-0.131744384765625,-0.0548095703125,0.9937591552734375
1768216482989157000,15.0691572265625,-0.126678466796875,-0.0596160888671875,0.9927978515625
1768216482999157200,15.0791572265625,-0.1250152587890625,-0.057830810546875,0.9903411865234375
1768216483009158100,15.089158203125,-0.1264190673828125,-0.059722900390625,0.9925689697265625
1768216483019159000,15.099158935546875,-0.1252593994140625,-0.06097412109375,0.991546630859375
1768216483029159200,15.1091591796875,-0.1269378662109375,-0.0611724853515625,0.9908599853515625
1768216483039160000,15.11916015625,-0.12994384765625,-0.0627899169921875,0.992218017578125
1768216483049160000,15.129159912109374,-0.1340179443359375,-0.055450439453125,0.9957122802734375
1768216483059161000,15.1391611328125,-0.1331787109375,-0.057098388671875,0.9934539794921875
1768216483069162200,15.149162353515624,-0.1355438232421875,-0.0582427978515625,0.9891510009765625
1768216483079162000,15.159162109375,-0.138275146484375,-0.056060791015625,0.9915618896484375
1768216483089163000,15.1691630859375,-0.134490966796875,-0.055206298828125,0.988800048828125
1768216483099163100,15.1791630859375,-0.132232666015625,-0.0575408935546875,0.9890899658203125
1768216483109164000,15.1891640625,-0.133575439453125,-0.0592041015625,0.9920654296875
1768216483119165200,15.199165283203126,-0.133026123046875,-0.059722900390625,0.990325927734375
1768216483129165000,15.2091650390625,-0.13299560546875,-0.05963134765625,0.991668701171875
1768216483139166200,15.219166259765625,-0.1328125,-0.0615081787109375,0.98883056640625
1768216483149166000,15.229166015625,-0.130157470703125,-0.0613555908203125,0.988250732421875
1768216483159167000,15.2391669921875,-0.130279541015625,-0.05987548828125,0.9860382080078125
1768216483169168000,15.24916796875,-0.13262939453125,-0.0563812255859375,0.98748779296875
1768216483179168000,15.25916796875,-0.1330413818359375,-0.053466796875,0.9932098388671875
1768216483189169200,15.269169189453125,-0.1340179443359375,-0.05694580078125,0.9916534423828125
1768216483199169300,15.279169189453125,-0.1361541748046875,-0.0597991943359375,0.993896484375
1768216483209170200,15.289170166015625,-0.1405029296875,-0.0585784912109375,0.994873046875
1768216483219171000,15.299171142578125,-0.1425933837890625,-0.059539794921875,0.993621826171875
1768216483229171000,15.3091708984375,-0.14532470703125,-0.0580596923828125,0.9946441650390625
1768216483239172000,15.319172119140624,-0.1435394287109375,-0.0585479736328125,0.9964599609375
1768216483249172200,15.329172119140624,-0.13702392578125,-0.0609283447265625,0.992401123046875
1768216483259173000,15.339173095703124,-0.1308441162109375,-0.062225341796875,0.98919677734375
1768216483269174000,15.349174072265624,-0.13067626953125,-0.0601806640625,0.98602294921875
1768216483279174100,15.359174072265626,-0.1307525634765625,-0.057708740234375,0.9873809814453125
1768216483289175000,15.369175048828126,-0.130859375,-0.0570831298828125,0.9875335693359375
1768216483299175000,15.3791748046875,-0.1339263916015625,-0.0557708740234375,0.9905853271484375
1768216483309176300,15.38917626953125,-0.139251708984375,-0.0591278076171875,0.99005126953125
1768216483319176200,15.39917626953125,-0.1410369873046875,-0.0599822998046875,0.9912872314453125
1768216483329177000,15.409177001953125,-0.144805908203125,-0.05731201171875,0.9914093017578125
1768216483339178000,15.419177978515625,-0.14691162109375,-0.055511474609375,0.99066162109375
1768216483349178400,15.429178466796875,-0.1429901123046875,-0.0548858642578125,0.9901123046875
1768216483359179300,15.43917919921875,-0.14056396484375,-0.0537872314453125,0.9877471923828125
1768216483369179100,15.44917919921875,-0.1380157470703125,-0.0555572509765625,0.98760986328125
1768216483379180300,15.45918017578125,-0.14019775390625,-0.0545196533203125,0.9875640869140625
1768216483389181400,15.469181396484375,-0.1344757080078125,-0.0583953857421875,0.9875640869140625
1768216483399181300,15.479181396484375,-0.1336212158203125,-0.0578460693359375,0.9896087646484375
1768216483409182200,15.48918212890625,-0.1306915283203125,-0.0552825927734375,0.989990234375
1768216483419182300,15.499182373046875,-0.1306610107421875,-0.0544281005859375,0.993316650390625
1768216483429183200,15.509183349609375,-0.1314849853515625,-0.05633544921875,0.99407958984375
1768216483439184100,15.51918408203125,-0.125579833984375,-0.054779052734375,0.99005126953125
1768216483449184300,15.529184326171874,-0.129913330078125,-0.054229736328125,0.99066162109375
1768216483459185400,15.539185302734374,-0.13116455078125,-0.0565185546875,0.9908447265625
1768216483469185300,15.549185302734376,-0.14013671875,-0.0566253662109375,0.9889984130859375
1768216483479186200,15.559186279296876,-0.1441192626953125,-0.058074951171875,0.9886474609375
1768216483489187300,15.569187255859376,-0.1459197998046875,-0.0579376220703125,0.988983154296875
1768216483499187200,15.579187255859376,-0.1485748291015625,-0.0543365478515625,0.99224853515625
1768216483509188000,15.58918798828125,-0.145721435546875,-0.0496978759765625,0.9934539794921875
1768216483519188200,15.599188232421875,-0.1450347900390625,-0.051177978515625,0.9943084716796875
1768216483529189400,15.609189453125,-0.139129638671875,-0.05364990234375,0.990234375
1768216483539190300,15.619190185546875,-0.1381378173828125,-0.054473876953125,0.9904937744140625
1768216483549190400,15.6291904296875,-0.1346282958984375,-0.0555419921875,0.98822021484375
1768216483559191300,15.63919140625,-0.1324462890625,-0.0574188232421875,0.9874725341796875
1768216483569191200,15.649191162109375,-0.1325531005859375,-0.061004638671875,0.986419677734375
1768216483579192000,15.659192138671875,-0.1341094970703125,-0.06011962890625,0.98919677734375
1768216483589193500,15.669193359375,-0.1407318115234375,-0.0564422607421875,0.9925689697265625
1768216483599193300,15.679193359375,-0.140289306640625,-0.060394287109375,0.989837646484375
1768216483609194200,15.6891943359375,-0.140350341796875,-0.0597076416015625,0.98956298828125
1768216483619194400,15.6991943359375,-0.14544677734375,-0.058624267578125,0.99072265625
1768216483629195300,15.7091953125,-0.1446075439453125,-0.0568084716796875,0.9902496337890625
1768216483639196200,15.719196044921874,-0.143951416015625,-0.055908203125,0.993682861328125
1768216483649196300,15.7291962890625,-0.141845703125,-0.0595550537109375,0.990936279296875
1768216483659197400,15.739197509765624,-0.13897705078125,-0.0563201904296875,0.9903717041015625
1768216483669197300,15.749197265625,-0.1388702392578125,-0.058349609375,0.99114990234375
1768216483679198200,15.7591982421875,-0.13629150390625,-0.056427001953125,0.989105224609375
1768216483689198300,15.7691982421875,-0.1353302001953125,-0.0581512451171875,0.99127197265625
1768216483699199200,15.77919921875,-0.1348114013671875,-0.058837890625,0.99212646484375
1768216483709200400,15.789200439453126,-0.1339569091796875,-0.0606689453125,0.9879150390625
1768216483719200300,15.7992001953125,-0.134765625,-0.06072998046875,0.9864654541015625
1768216483729201400,15.809201416015625,-0.13653564453125,-0.05712890625,0.9863128662109375
1768216483739201300,15.819201171875,-0.1363372802734375,-0.054840087890625,0.9910888671875
1768216483749202200,15.8292021484375,-0.137176513671875,-0.0539703369140625,0.992584228515625
1768216483759203000,15.839203125,-0.1375579833984375,-0.0540924072265625,0.99261474609375
1768216483769203200,15.849203125,-0.1410064697265625,-0.053558349609375,0.9915313720703125
1768216483779204400,15.859204345703125,-0.14093017578125,-0.053558349609375,0.9923095703125
1768216483789204500,15.86920458984375,-0.1432342529296875,-0.0525665283203125,0.9945831298828125
1768216483799205400,15.879205322265625,-0.144683837890625,-0.049713134765625,0.9945831298828125
1768216483809206300,15.889206298828125,-0.1438446044921875,-0.051239013671875,0.99127197265625
1768216483819206100,15.8992060546875,-0.1391754150390625,-0.05364990234375,0.9903411865234375
1768216483829207300,15.909207275390624,-0.1376953125,-0.0549774169921875,0.9894561767578125
1768216483839207200,15.919207275390624,-0.137451171875,-0.0572509765625,0.9929962158203125
1768216483849208300,15.929208251953124,-0.137481689453125,-0.0581817626953125,0.99273681640625
1768216483859209200,15.939209228515624,-0.1373291015625,-0.058197021484375,0.9916839599609375
1768216483869209300,15.949209228515626,-0.1375579833984375,-0.0576324462890625,0.9889984130859375
1768216483879210200,15.959210205078126,-0.1375274658203125,-0.057464599609375,0.98736572265625
1768216483889210000,15.969210205078125,-0.136077880859375,-0.0587005615234375,0.98736572265625
1768216483899211300,15.979211181640625,-0.1375885009765625,-0.0567474365234375,0.9890594482421875
1768216483909212400,15.98921240234375,-0.1392669677734375,-0.0554962158203125,0.992156982421875
1768216483919212300,15.99921240234375,-0.140960693359375,-0.0565643310546875,0.9930267333984375
1768216483929213200,16.009213134765623,-0.144805908203125,-0.0524444580078125,0.99322509765625
1768216483939213300,16.01921337890625,-0.14227294921875,-0.0562286376953125,0.99566650390625
1768216483949214200,16.029214111328123,-0.1386566162109375,-0.05780029296875,0.9931488037109375
1768216483959215000,16.039215087890625,-0.137451171875,-0.055328369140625,0.9937591552734375
1768216483969215200,16.04921533203125,-0.1346282958984375,-0.0586395263671875,0.9891815185546875
1768216483979216400,16.05921630859375,-0.1376953125,-0.058380126953125,0.9863128662109375
1768216483989216300,16.06921630859375,-0.1358489990234375,-0.0615692138671875,0.9869842529296875
1768216483999217200,16.079217041015625,-0.137908935546875,-0.06103515625,0.989105224609375
1768216484009218300,16.08921826171875,-0.1352386474609375,-0.0612945556640625,0.990264892578125
1768216484019218200,16.09921826171875,-0.140869140625,-0.0593414306640625,0.9848480224609375
1768216484029219000,16.109218994140626,-0.1396484375,-0.05645751953125,0.988189697265625
1768216484039219500,16.119219482421876,-0.139678955078125,-0.0554046630859375,0.98992919921875
1768216484049220400,16.129220458984374,-0.1378021240234375,-0.05474853515625,0.9873199462890625
1768216484059221200,16.13922119140625,-0.13861083984375,-0.0563507080078125,0.9904937744140625
1768216484069221400,16.149221435546874,-0.141510009765625,-0.0560455322265625,0.9906463623046875
1768216484079222300,16.15922216796875,-0.1422271728515625,-0.05694580078125,0.9914398193359375
1768216484089222100,16.16922216796875,-0.1419525146484375,-0.0545501708984375,0.991607666015625
1768216484099223300,16.179223388671875,-0.13873291015625,-0.0543212890625,0.9884033203125
1768216484109224200,16.18922412109375,-0.133270263671875,-0.0555877685546875,0.9864501953125
1768216484119224300,16.199224365234375,-0.132598876953125,-0.0547332763671875,0.9888763427734375
1768216484129225200,16.20922509765625,-0.128662109375,-0.058685302734375,0.988250732421875
1768216484139225300,16.219225341796875,-0.1300048828125,-0.0605926513671875,0.989959716796875
1768216484149226200,16.229226318359373,-0.1351318359375,-0.05792236328125,0.9902801513671875
1768216484159226000,16.23922607421875,-0.136077880859375,-0.0573883056640625,0.9925994873046875
1768216484169227300,16.249227294921877,-0.1380615234375,-0.0533447265625,0.995208740234375
1768216484179228400,16.259228515625,-0.138885498046875,-0.0507659912109375,0.9944915771484375
1768216484189228300,16.269228271484376,-0.13970947265625,-0.0517425537109375,0.9909210205078125
1768216484199229200,16.279229248046875,-0.1456298828125,-0.055816650390625,0.990020751953125
1768216484209229300,16.289229248046876,-0.147125244140625,-0.056610107421875,0.9906158447265625
1768216484219230200,16.299230224609374,-0.1427154541015625,-0.05810546875,0.98907470703125
1768216484229231400,16.3092314453125,-0.1391754150390625,-0.057891845703125,0.98974609375
1768216484239231200,16.319231201171874,-0.1366729736328125,-0.05743408203125,0.989013671875
1768216484249232400,16.329232421875,-0.136993408203125,-0.058074951171875,0.9881591796875
1768216484259232300,16.339232177734374,-0.1345672607421875,-0.057464599609375,0.9880523681640625
1768216484269233200,16.349233154296876,-0.1326446533203125,-0.057525634765625,0.987762451171875
1768216484279234000,16.359234130859374,-0.1340484619140625,-0.0582275390625,0.9913330078125
1768216484289234200,16.369234130859375,-0.13800048828125,-0.0574188232421875,0.99273681640625
1768216484299235300,16.3792353515625,-0.1447906494140625,-0.0565948486328125,0.9919586181640625
1768216484309235500,16.3892353515625,-0.1466522216796875,-0.056365966796875,0.992095947265625
1768216484319236400,16.399236328125,-0.14337158203125,-0.05572509765625,0.9920501708984375
1768216484329237200,16.4092373046875,-0.1436309814453125,-0.0557098388671875,0.9907379150390625
1768216484339237000,16.419237060546877,-0.139556884765625,-0.0565185546875,0.9889373779296875
1768216484349238300,16.42923828125,-0.1361236572265625,-0.0596923828125,0.9876708984375
1768216484359238100,16.439238037109376,-0.1383819580078125,-0.0609283447265625,0.9901885986328125
1768216484369239000,16.449239013671875,-0.1406097412109375,-0.0580291748046875,0.992828369140625
1768216484379240000,16.459239990234376,-0.1382293701171875,-0.058746337890625,0.994171142578125
1768216484389240000,16.469239990234374,-0.138824462890625,-0.05755615234375,0.9952392578125
1768216484399241200,16.4792412109375,-0.139984130859375,-0.055267333984375,0.9940338134765625
1768216484409241000,16.489240966796874,-0.137359619140625,-0.0577850341796875,0.9922943115234375
1768216484419242200,16.4992421875,-0.136474609375,-0.0559234619140625,0.989166259765625
1768216484429243100,16.5092431640625,-0.136444091796875,-0.0582275390625,0.9864654541015625
1768216484439243000,16.519242919921876,-0.136260986328125,-0.0564422607421875,0.98712158203125
1768216484449244200,16.529244140625,-0.1366729736328125,-0.0554351806640625,0.9879913330078125
1768216484459244300,16.539244384765624,-0.13507080078125,-0.0550994873046875,0.98968505859375
1768216484469245200,16.5492451171875,-0.1349639892578125,-0.0540924072265625,0.9949951171875
1768216484479246000,16.55924609375,-0.13726806640625,-0.05535888671875,0.995330810546875
1768216484489246200,16.56924609375,-0.1358642578125,-0.05523681640625,0.9938507080078125
1768216484499247000,16.5792470703125,-0.1374969482421875,-0.0544891357421875,0.9930419921875
1768216484509247000,16.5892470703125,-0.1358184814453125,-0.05157470703125,0.990142822265625
1768216484519248100,16.599248046875,-0.1359405517578125,-0.0530853271484375,0.9909820556640625
1768216484529249300,16.609249267578125,-0.1396026611328125,-0.0547332763671875,0.990966796875
1768216484539249200,16.619249267578127,-0.1368560791015625,-0.06103515625,0.9927215576171875
1768216484549250000,16.62925,-0.1387481689453125,-0.06036376953125,0.98907470703125
1768216484559250200,16.639250244140626,-0.1403961181640625,-0.0584259033203125,0.9888458251953125
1768216484569251000,16.6492509765625,-0.1397705078125,-0.058135986328125,0.987396240234375
1768216484579251000,16.6592509765625,-0.14093017578125,-0.056488037109375,0.9884033203125
1768216484589252400,16.66925244140625,-0.1397552490234375,-0.0566864013671875,0.99066162109375
1768216484599253200,16.679253173828126,-0.13836669921875,-0.057373046875,0.9908447265625
1768216484609253000,16.689253173828124,-0.138580322265625,-0.0586395263671875,0.99090576171875
1768216484619254000,16.69925390625,-0.1357879638671875,-0.0608367919921875,0.991546630859375
1768216484629254100,16.709254150390624,-0.13751220703125,-0.058563232421875,0.9977569580078125
1768216484639255000,16.719255126953126,-0.1375732421875,-0.057159423828125,0.9973907470703125
1768216484649256200,16.729256103515624,-0.1326904296875,-0.0583648681640625,0.9922637939453125
1768216484659256300,16.73925634765625,-0.13653564453125,-0.0589599609375,0.9888763427734375
1768216484669257200,16.74925732421875,-0.136962890625,-0.0590972900390625,0.987579345703125
1768216484679257000,16.759257080078125,-0.1401214599609375,-0.056610107421875,0.9870452880859375
1768216484689258000,16.769258056640624,-0.136810302734375,-0.0563507080078125,0.987457275390625
1768216484699259100,16.779259033203125,-0.1373748779296875,-0.0565185546875,0.9876556396484375
1768216484709259000,16.789259033203123,-0.140167236328125,-0.05877685546875,0.9894866943359375
1768216484719260200,16.79926025390625,-0.1412506103515625,-0.0565643310546875,0.9912261962890625
1768216484729260300,16.80926025390625,-0.1396636962890625,-0.0579071044921875,0.98779296875
1768216484739261200,16.81926123046875,-0.140777587890625,-0.06011962890625,0.9868621826171875
1768216484749262000,16.829261962890627,-0.14312744140625,-0.0536346435546875,0.9881439208984375
1768216484759262200,16.83926220703125,-0.13922119140625,-0.0521697998046875,0.991424560546875
1768216484769263000,16.84926318359375,-0.139434814453125,-0.049652099609375,0.9934539794921875
1768216484779263200,16.85926318359375,-0.1445465087890625,-0.050140380859375,0.9932861328125
1768216484789264100,16.86926416015625,-0.14849853515625,-0.0538787841796875,0.9920806884765625
1768216484799265000,16.87926513671875,-0.14984130859375,-0.05377197265625,0.9904632568359375
1768216484809265200,16.88926513671875,-0.147674560546875,-0.0536651611328125,0.9884185791015625
1768216484819266000,16.89926611328125,-0.1405487060546875,-0.052734375,0.98431396484375
1768216484829266200,16.90926611328125,-0.137115478515625,-0.0572967529296875,0.982635498046875
1768216484839267300,16.919267333984376,-0.1343536376953125,-0.0593414306640625,0.986328125
1768216484849268200,16.929268310546874,-0.1381988525390625,-0.0561065673828125,0.99163818359375
1768216484859268000,16.93926806640625,-0.141021728515625,-0.05682373046875,0.99530029296875
1768216484869269200,16.949269287109374,-0.1456756591796875,-0.056915283203125,0.99505615234375
1768216484879269000,16.95926904296875,-0.14898681640625,-0.056488037109375,0.9954986572265625
1768216484889270000,16.96927001953125,-0.152374267578125,-0.053924560546875,0.9913330078125
1768216484899271200,16.979271240234375,-0.1527557373046875,-0.053070068359375,0.9887847900390625
1768216484909271300,16.989271240234373,-0.157684326171875,-0.052001953125,0.989227294921875
1768216484919272200,16.999272216796875,-0.1563262939453125,-0.049224853515625,0.9904632568359375
1768216484929272000,17.00927197265625,-0.1511993408203125,-0.05120849609375,0.9887542724609375
1768216484939273200,17.019273193359375,-0.149383544921875,-0.053863525390625,0.9877777099609375
1768216484949274000,17.029274169921877,-0.14630126953125,-0.0557403564453125,0.988006591796875
1768216484959274000,17.03927392578125,-0.1407928466796875,-0.05462646484375,0.986083984375
1768216484969275100,17.049275146484376,-0.1401824951171875,-0.055328369140625,0.989593505859375
1768216484979275300,17.059275146484374,-0.1396942138671875,-0.0574188232421875,0.990936279296875
1768216484989276200,17.069276123046876,-0.1382598876953125,-0.0561981201171875,0.9926605224609375
1768216484999276300,17.0792763671875,-0.1401214599609375,-0.0554351806640625,0.995849609375
1768216485009277200,17.089277099609376,-0.136138916015625,-0.0527191162109375,0.995574951171875
1768216485019278000,17.099278076171874,-0.135345458984375,-0.0499267578125,0.9929046630859375
1768216485029278000,17.10927783203125,-0.13507080078125,-0.0514373779296875,0.991363525390625
1768216485039279000,17.119279052734374,-0.136474609375,-0.0520782470703125,0.993255615234375
1768216485049279200,17.129279296875,-0.136077880859375,-0.054107666015625,0.9954376220703125
1768216485059280100,17.139280029296874,-0.13507080078125,-0.055938720703125,0.9960479736328125
1768216485069281000,17.149281005859375,-0.1358489990234375,-0.0546417236328125,0.99517822265625
1768216485079281200,17.15928125,-0.1364898681640625,-0.05328369140625,0.9916534423828125
1768216485089282000,17.169281982421875,-0.1381378173828125,-0.053741455078125,0.989593505859375
1768216485099282000,17.179281982421877,-0.1354217529296875,-0.0550689697265625,0.9890899658203125
1768216485109283300,17.189283447265623,-0.1376800537109375,-0.0548553466796875,0.98480224609375
1768216485119284200,17.1992841796875,-0.133758544921875,-0.055145263671875,0.987945556640625
1768216485129284000,17.2092841796875,-0.1317901611328125,-0.053466796875,0.989227294921875
1768216485139285000,17.219284912109377,-0.1323394775390625,-0.05401611328125,0.990142822265625
1768216485149285000,17.22928515625,-0.1312255859375,-0.0570831298828125,0.9877166748046875
1768216485159286300,17.239286376953125,-0.1339874267578125,-0.059783935546875,0.9888458251953125
1768216485169287200,17.249287109375,-0.1380157470703125,-0.0587158203125,0.992034912109375
1768216485179287300,17.259287353515624,-0.13836669921875,-0.0557708740234375,0.9951019287109375
1768216485189288200,17.2692880859375,-0.140380859375,-0.054229736328125,0.9935302734375
1768216485199288000,17.2792880859375,-0.1428375244140625,-0.0519561767578125,0.992431640625
1768216485209289000,17.2892890625,-0.141937255859375,-0.0567626953125,0.989044189453125
1768216485219290400,17.299290283203124,-0.1439208984375,-0.059112548828125,0.98883056640625
1768216485229290200,17.309290283203126,-0.1422119140625,-0.058929443359375,0.9875030517578125
1768216485239291100,17.319291015625,-0.1400909423828125,-0.0595245361328125,0.98577880859375
1768216485249291300,17.329291259765625,-0.1372528076171875,-0.056976318359375,0.986602783203125
1768216485259292200,17.339292236328124,-0.13861083984375,-0.0543975830078125,0.988433837890625
1768216485269293000,17.34929296875,-0.140777587890625,-0.054229736328125,0.9932708740234375
1768216485279293200,17.359293212890623,-0.1427764892578125,-0.054443359375,0.9953765869140625
1768216485289294300,17.36929443359375,-0.141204833984375,-0.05645751953125,0.9944610595703125
1768216485299294200,17.379294189453127,-0.1405792236328125,-0.0577239990234375,0.99261474609375
1768216485309295000,17.389295166015625,-0.13330078125,-0.060546875,0.98748779296875
1768216485319296000,17.3992958984375,-0.1309051513671875,-0.0624237060546875,0.984222412109375
1768216485329296100,17.409296142578125,-0.1346588134765625,-0.0602264404296875,0.98858642578125
1768216485339297000,17.419297119140627,-0.140472412109375,-0.0598602294921875,0.989288330078125
1768216485349297400,17.42929736328125,-0.144561767578125,-0.0599517822265625,0.991729736328125
1768216485359298800,17.439298828125,-0.146484375,-0.055511474609375,0.992584228515625
1768216485369299700,17.4492998046875,-0.1459808349609375,-0.051544189453125,0.9895172119140625
1768216485379299600,17.459299560546874,-0.1435394287109375,-0.0518798828125,0.98974609375
1768216485389300500,17.469300537109376,-0.1391143798828125,-0.0504150390625,0.9902496337890625
1768216485399300600,17.479300537109374,-0.13836669921875,-0.053497314453125,0.9923858642578125
1768216485409301500,17.489301513671876,-0.1374664306640625,-0.053619384765625,0.9900360107421875
1768216485419302700,17.499302734375,-0.1387176513671875,-0.054107666015625,0.9888916015625
1768216485429302800,17.509302734375,-0.1395416259765625,-0.0555267333984375,0.9856719970703125
1768216485439303700,17.5193037109375,-0.1372833251953125,-0.056732177734375,0.986297607421875
1768216485449303600,17.529303466796875,-0.13690185546875,-0.05810546875,0.987030029296875
1768216485459304400,17.539304443359374,-0.134796142578125,-0.0579071044921875,0.988525390625
1768216485469305600,17.5493056640625,-0.1384124755859375,-0.055999755859375,0.99267578125
1768216485479305500,17.559305419921873,-0.1379241943359375,-0.0546875,0.9907989501953125
1768216485489306600,17.569306640625,-0.134918212890625,-0.0535125732421875,0.991973876953125
1768216485499306800,17.579306640625,-0.1360015869140625,-0.0534820556640625,0.9922943115234375
1768216485509307600,17.5893076171875,-0.135406494140625,-0.0542449951171875,0.993499755859375
1768216485519308500,17.59930859375,-0.136871337890625,-0.0554656982421875,0.9903411865234375
1768216485529308700,17.60930859375,-0.13653564453125,-0.0543365478515625,0.9912261962890625
1768216485539309600,17.6193095703125,-0.135894775390625,-0.0550689697265625,0.9924163818359375
1768216485549309400,17.629309326171875,-0.133575439453125,-0.0583343505859375,0.9896087646484375
1768216485559310600,17.639310546875,-0.128753662109375,-0.0594329833984375,0.988494873046875
1768216485569311700,17.649311767578126,-0.133056640625,-0.0578765869140625,0.9888153076171875
1768216485579311600,17.6593115234375,-0.1313629150390625,-0.058746337890625,0.9915008544921875
1768216485589312500,17.6693125,-0.130706787109375,-0.056427001953125,0.992584228515625
1768216485599312600,17.679312744140624,-0.132965087890625,-0.056365966796875,0.993560791015625
1768216485609313500,17.6893134765625,-0.13079833984375,-0.0571441650390625,0.9921112060546875
1768216485619313700,17.699313720703124,-0.133880615234375,-0.0555419921875,0.990692138671875
1768216485629314600,17.709314453125,-0.1355438232421875,-0.0571441650390625,0.9904022216796875
1768216485639315700,17.719315673828124,-0.134765625,-0.0579681396484375,0.9888763427734375
1768216485649315600,17.729315673828125,-0.1322479248046875,-0.0569915771484375,0.99066162109375
1768216485659316500,17.73931640625,-0.13525390625,-0.055816650390625,0.9916839599609375
1768216485669316600,17.749316650390625,-0.138427734375,-0.056396484375,0.9921417236328125
1768216485679317800,17.75931787109375,-0.1352691650390625,-0.057159423828125,0.99224853515625
1768216485689318700,17.769318603515625,-0.134368896484375,-0.0557403564453125,0.992218017578125
1768216485699318500,17.779318603515627,-0.133697509765625,-0.057281494140625,0.9910736083984375
1768216485709319700,17.789319580078125,-0.13360595703125,-0.05889892578125,0.9891815185546875
1768216485719319600,17.799319580078127,-0.134429931640625,-0.0605316162109375,0.988372802734375
1768216485729320400,17.809320556640625,-0.1370849609375,-0.0594329833984375,0.9861602783203125
1768216485739321600,17.819321533203127,-0.136138916015625,-0.05718994140625,0.989593505859375
1768216485749321700,17.82932177734375,-0.136199951171875,-0.0564117431640625,0.992706298828125
1768216485759322600,17.839322509765626,-0.138397216796875,-0.0548858642578125,0.991363525390625
1768216485769322800,17.84932275390625,-0.1383056640625,-0.053955078125,0.992401123046875
1768216485779323600,17.85932373046875,-0.133758544921875,-0.05340576171875,0.993194580078125
1768216485789324500,17.869324462890624,-0.13214111328125,-0.0564117431640625,0.98974609375
1768216485799324400,17.879324462890626,-0.13104248046875,-0.0562896728515625,0.988739013671875
1768216485809325600,17.88932568359375,-0.13092041015625,-0.058380126953125,0.989959716796875
1768216485819325700,17.89932568359375,-0.1325836181640625,-0.0585784912109375,0.9902191162109375
1768216485829326600,17.90932666015625,-0.1357421875,-0.0553436279296875,0.99163818359375
1768216485839327500,17.919327392578126,-0.1329498291015625,-0.0563507080078125,0.991058349609375
1768216485849327600,17.92932763671875,-0.1331329345703125,-0.055145263671875,0.99041748046875
1768216485859328500,17.93932861328125,-0.1331939697265625,-0.0537567138671875,0.9929351806640625
1768216485869328400,17.949328369140623,-0.1323699951171875,-0.052520751953125,0.9944610595703125
1768216485879329800,17.959329833984373,-0.1360626220703125,-0.0551300048828125,0.995819091796875
1768216485889330700,17.96933056640625,-0.13739013671875,-0.054595947265625,0.9925537109375
1768216485899330600,17.97933056640625,-0.134735107421875,-0.0530242919921875,0.992431640625
1768216485909331500,17.98933154296875,-0.134246826171875,-0.0521087646484375,0.98974609375
1768216485919331600,17.99933154296875,-0.1345367431640625,-0.05328369140625,0.987274169921875
1768216485929332500,18.00933251953125,-0.1372222900390625,-0.054443359375,0.9894256591796875
1768216485939333600,18.019333740234377,-0.1400909423828125,-0.0558319091796875,0.992523193359375
1768216485949333800,18.029333740234375,-0.138519287109375,-0.056854248046875,0.9940032958984375
1768216485959334700,18.039334716796876,-0.1364898681640625,-0.058563232421875,0.9926300048828125
1768216485969334500,18.04933447265625,-0.1345367431640625,-0.0577239990234375,0.994384765625
1768216485979335400,18.05933544921875,-0.1307525634765625,-0.0575408935546875,0.9920501708984375
1768216485989336600,18.069336669921874,-0.1263885498046875,-0.0595855712890625,0.989990234375
1768216485999336700,18.079336669921876,-0.129638671875,-0.059356689453125,0.9897003173828125
1768216486009337600,18.089337646484374,-0.133453369140625,-0.0595550537109375,0.989990234375
1768216486019337700,18.099337646484376,-0.13702392578125,-0.054534912109375,0.9902496337890625
1768216486029338600,18.109338623046874,-0.1401519775390625,-0.0524139404296875,0.991363525390625
1768216486039338500,18.11933837890625,-0.1407318115234375,-0.0514373779296875,0.9902191162109375
1768216486049339600,18.129339599609374,-0.1396636962890625,-0.052734375,0.9913330078125
1768216486059340800,18.1393408203125,-0.1403350830078125,-0.054046630859375,0.9904022216796875
1768216486069340700,18.149340576171873,-0.1373748779296875,-0.05706787109375,0.9888458251953125
1768216486079341600,18.159341552734375,-0.1356201171875,-0.056427001953125,0.9900054931640625
1768216486089342700,18.1693427734375,-0.1318817138671875,-0.0579986572265625,0.9884490966796875
1768216486099342600,18.179342529296875,-0.132049560546875,-0.057525634765625,0.98870849609375
1768216486109343500,18.189343505859377,-0.1327056884765625,-0.0584259033203125,0.989105224609375
1768216486119343600,18.199343505859375,-0.1334686279296875,-0.0593719482421875,0.9893798828125
1768216486129344800,18.2093447265625,-0.135955810546875,-0.056854248046875,0.989837646484375
1768216486139344600,18.2193447265625,-0.139862060546875,-0.05487060546875,0.9898223876953125
1768216486149345500,18.229345458984376,-0.13677978515625,-0.0555572509765625,0.99090576171875
1768216486159346700,18.2393466796875,-0.1358642578125,-0.0528717041015625,0.9927215576171875
1768216486169346600,18.2493466796875,-0.13323974609375,-0.0511016845703125,0.9916534423828125
1768216486179347500,18.259347412109374,-0.1338958740234375,-0.0498046875,0.9923858642578125
1768216486189347600,18.26934765625,-0.132476806640625,-0.05340576171875,0.993408203125
1768216486199348700,18.2793486328125,-0.1342926025390625,-0.05413818359375,0.991668701171875
1768216486209349600,18.289349609375,-0.134063720703125,-0.05609130859375,0.98858642578125
1768216486219349500,18.299349609375,-0.1359405517578125,-0.0573577880859375,0.9870758056640625
1768216486229350700,18.3093505859375,-0.1364288330078125,-0.05755615234375,0.9894561767578125
1768216486239350500,18.3193505859375,-0.1367340087890625,-0.057586669921875,0.9917449951171875
1768216486249351400,18.329351318359375,-0.137542724609375,-0.0556793212890625,0.9914703369140625
1768216486259352600,18.3393525390625,-0.136016845703125,-0.05450439453125,0.9918670654296875
1768216486269352700,18.349352783203123,-0.133087158203125,-0.054931640625,0.988922119140625
1768216486279353600,18.359353515625,-0.136260986328125,-0.0550537109375,0.9914093017578125
1768216486289353700,18.369353759765627,-0.1365814208984375,-0.0557708740234375,0.9931488037109375
1768216486299354600,18.379354736328125,-0.1358642578125,-0.0521697998046875,0.9922027587890625
1768216486309355500,18.38935546875,-0.138946533203125,-0.0535125732421875,0.992645263671875
1768216486319355400,18.39935546875,-0.139739990234375,-0.05517578125,0.992462158203125
1768216486329356500,18.4093564453125,-0.137908935546875,-0.0544586181640625,0.9900054931640625
1768216486339356700,18.419356689453124,-0.134185791015625,-0.058685302734375,0.9891204833984375
1768216486349357000,18.429357177734374,-0.1324462890625,-0.05682373046875,0.989715576171875
1768216486359358200,18.439358154296876,-0.1320953369140625,-0.0545196533203125,0.991241455078125
1768216486369358300,18.4493583984375,-0.1343231201171875,-0.057037353515625,0.98980712890625
1768216486379359200,18.459359130859376,-0.137054443359375,-0.055328369140625,0.989898681640625
1768216486389359400,18.469359375,-0.1378936767578125,-0.055908203125,0.990753173828125
1768216486399360300,18.4793603515625,-0.136260986328125,-0.056610107421875,0.9906768798828125
1768216486409361200,18.489361083984374,-0.134033203125,-0.0560455322265625,0.9919586181640625
1768216486419361000,18.499361083984375,-0.1343231201171875,-0.0567779541015625,0.99285888671875
1768216486429362200,18.509362060546874,-0.1339874267578125,-0.0558624267578125,0.991912841796875
1768216486439362300,18.5193623046875,-0.1349029541015625,-0.0541839599609375,0.992431640625
1768216486449363200,18.52936328125,-0.1349029541015625,-0.05499267578125,0.992645263671875
1768216486459364000,18.539364013671875,-0.135650634765625,-0.0525970458984375,0.9903564453125
1768216486469364200,18.5493642578125,-0.13385009765625,-0.0535888671875,0.9915924072265625
1768216486479365000,18.559365234375,-0.1315460205078125,-0.057769775390625,0.9902496337890625
1768216486489365200,18.569365234375,-0.130279541015625,-0.059295654296875,0.9893341064453125
1768216486499366400,18.579366455078127,-0.1328582763671875,-0.056640625,0.9896392822265625
1768216486509367300,18.5893671875,-0.13372802734375,-0.0528717041015625,0.9904632568359375
1768216486519367200,18.5993671875,-0.1319122314453125,-0.054168701171875,0.990142822265625
1768216486529368000,18.6093681640625,-0.1324615478515625,-0.0531463623046875,0.9903106689453125
1768216486539368200,18.6193681640625,-0.133636474609375,-0.0529632568359375,0.992889404296875
1768216486549369300,18.629369384765624,-0.134033203125,-0.057891845703125,0.9928436279296875
1768216486559370200,18.639370361328126,-0.1331634521484375,-0.058990478515625,0.990081787109375
1768216486569370400,18.649370361328124,-0.133819580078125,-0.05633544921875,0.99188232421875
1768216486579371300,18.659371337890626,-0.1342620849609375,-0.0527496337890625,0.9923858642578125
1768216486589371100,18.66937109375,-0.134857177734375,-0.0509033203125,0.9940185546875
1768216486599372000,18.6793720703125,-0.1379241943359375,-0.05029296875,0.995361328125
1768216486609373400,18.68937353515625,-0.135650634765625,-0.0534820556640625,0.9932861328125
1768216486619373300,18.699373291015625,-0.1332855224609375,-0.05755615234375,0.9930877685546875
1768216486629374200,18.709374267578124,-0.134185791015625,-0.057708740234375,0.99163818359375
1768216486639374300,18.719374267578125,-0.1326141357421875,-0.058258056640625,0.9883880615234375
1768216486649375200,18.729375244140623,-0.1325836181640625,-0.057830810546875,0.9865264892578125
1768216486659376000,18.739376220703125,-0.132904052734375,-0.0558624267578125,0.985504150390625
1768216486669376300,18.749376220703127,-0.13238525390625,-0.054107666015625,0.989990234375
1768216486679377400,18.75937744140625,-0.13189697265625,-0.054534912109375,0.992828369140625
1768216486689377300,18.769377197265626,-0.1312103271484375,-0.0589599609375,0.9934234619140625
1768216486699378200,18.779378173828125,-0.1351470947265625,-0.058135986328125,0.99493408203125
1768216486709378300,18.78937841796875,-0.1355743408203125,-0.0590972900390625,0.9959564208984375
1768216486719379200,18.799379150390624,-0.1309356689453125,-0.05816650390625,0.9934539794921875
1768216486729380000,18.809380126953126,-0.12847900390625,-0.0577545166015625,0.991180419921875
1768216486739380200,18.819380126953124,-0.129119873046875,-0.0554046630859375,0.9892730712890625
1768216486749381400,18.82938134765625,-0.1320343017578125,-0.0549774169921875,0.9907073974609375
1768216486759381200,18.83938134765625,-0.135498046875,-0.054901123046875,0.991424560546875
1768216486769382100,18.849382080078126,-0.137725830078125,-0.0551300048828125,0.9894866943359375
1768216486779383300,18.85938330078125,-0.138397216796875,-0.05377197265625,0.9906768798828125
1768216486789383200,18.869383056640626,-0.13873291015625,-0.0536041259765625,0.98895263671875
1768216486799384000,18.879384033203124,-0.135986328125,-0.05224609375,0.9896240234375
1768216486809384400,18.889384521484374,-0.1341552734375,-0.0530548095703125,0.9897308349609375
1768216486819385300,18.89938525390625,-0.132659912109375,-0.0557403564453125,0.991455078125
1768216486829386200,18.90938623046875,-0.132049560546875,-0.0550537109375,0.99163818359375
1768216486839386000,18.91938623046875,-0.1317596435546875,-0.055572509765625,0.98883056640625
1768216486849387300,18.92938720703125,-0.1354827880859375,-0.0548553466796875,0.9889678955078125
1768216486859387100,18.93938720703125,-0.1363677978515625,-0.0555267333984375,0.98919677734375
1768216486869388300,18.94938818359375,-0.134307861328125,-0.0562286376953125,0.9897308349609375
1768216486879389200,18.95938916015625,-0.1342926025390625,-0.0562591552734375,0.990509033203125
1768216486889389300,18.969389404296876,-0.131805419921875,-0.0538177490234375,0.9935760498046875
1768216486899390200,18.97939013671875,-0.13006591796875,-0.0519561767578125,0.99334716796875
1768216486909390300,18.989390380859376,-0.1331939697265625,-0.051788330078125,0.995513916015625
1768216486919391200,18.99939111328125,-0.132720947265625,-0.0516357421875,0.9944305419921875
1768216486929392400,19.009392333984376,-0.132293701171875,-0.0538482666015625,0.99200439453125
1768216486939392300,19.019392333984374,-0.13140869140625,-0.0574798583984375,0.99017333984375
1768216486949393200,19.02939306640625,-0.13427734375,-0.0594329833984375,0.9877471923828125
1768216486959393300,19.039393310546874,-0.133819580078125,-0.059906005859375,0.987518310546875
1768216486969394200,19.049394287109376,-0.1357269287109375,-0.0575408935546875,0.9893951416015625
1768216486979395000,19.05939501953125,-0.1360015869140625,-0.054779052734375,0.9903564453125
1768216486989395200,19.069395263671876,-0.1376190185546875,-0.056396484375,0.990264892578125
1768216486999396400,19.079396240234374,-0.1368865966796875,-0.0570068359375,0.9901580810546875
1768216487009396200,19.089396240234375,-0.1356353759765625,-0.0545196533203125,0.991851806640625
1768216487019397400,19.0993974609375,-0.1349639892578125,-0.0534820556640625,0.9925384521484375
1768216487029398300,19.109398193359375,-0.1337432861328125,-0.0529022216796875,0.9916534423828125
1768216487039398100,19.119398193359373,-0.131256103515625,-0.0538482666015625,0.9898834228515625
1768216487049399000,19.12939892578125,-0.130645751953125,-0.0552978515625,0.9897003173828125
1768216487059399200,19.139399169921877,-0.1360015869140625,-0.05426025390625,0.9912567138671875
1768216487069400300,19.149400390625,-0.1379547119140625,-0.055572509765625,0.9931488037109375
1768216487079401200,19.159401123046877,-0.1347198486328125,-0.0569305419921875,0.9924468994140625
1768216487089401300,19.1694013671875,-0.1351318359375,-0.056488037109375,0.9914093017578125
1768216487099402200,19.17940234375,-0.1359405517578125,-0.0594024658203125,0.98974609375
1768216487109402000,19.189402099609374,-0.1339263916015625,-0.059234619140625,0.989013671875
1768216487119403000,19.199403076171876,-0.13177490234375,-0.0596771240234375,0.989532470703125
1768216487129404400,19.209404296875,-0.133148193359375,-0.0563201904296875,0.992156982421875
1768216487139404300,19.219404296875,-0.13482666015625,-0.0543365478515625,0.9917144775390625
1768216487149405200,19.2294052734375,-0.133331298828125,-0.0543365478515625,0.990570068359375
1768216487159405300,19.2394052734375,-0.1332550048828125,-0.05230712890625,0.9918975830078125
1768216487169406200,19.24940625,-0.131927490234375,-0.0530242919921875,0.99224853515625
1768216487179407000,19.259406982421876,-0.1343231201171875,-0.05413818359375,0.9907684326171875
1768216487189407200,19.2694072265625,-0.1346435546875,-0.0540618896484375,0.99005126953125
1768216487199408400,19.279408447265624,-0.1327056884765625,-0.0550994873046875,0.989776611328125
1768216487209408300,19.289408203125,-0.13311767578125,-0.056243896484375,0.991455078125
1768216487219409200,19.2994091796875,-0.1323394775390625,-0.057403564453125,0.99163818359375
1768216487229410000,19.30941015625,-0.1334686279296875,-0.057830810546875,0.9907989501953125
1768216487239410200,19.31941015625,-0.1339874267578125,-0.057373046875,0.992218017578125
1768216487249411300,19.329411376953125,-0.136810302734375,-0.0525360107421875,0.99273681640625
1768216487259411500,19.339411376953127,-0.1365509033203125,-0.0540008544921875,0.992431640625
1768216487269412400,19.349412353515625,-0.1282958984375,-0.0537261962890625,0.9911651611328125
1768216487279412200,19.359412109375,-0.1303558349609375,-0.054168701171875,0.9904937744140625
1768216487289413000,19.3694130859375,-0.1336517333984375,-0.0550689697265625,0.9908599853515625
1768216487299414300,19.379414306640626,-0.1350860595703125,-0.054443359375,0.991485595703125
1768216487309414100,19.3894140625,-0.13330078125,-0.0559234619140625,0.9919281005859375
1768216487319415300,19.399415283203126,-0.13275146484375,-0.056854248046875,0.9903717041015625
1768216487329415400,19.40941552734375,-0.1352691650390625,-0.055511474609375,0.990264892578125
1768216487339416300,19.419416259765626,-0.1339111328125,-0.0570068359375,0.991302490234375
1768216487349417700,19.429417724609376,-0.1335601806640625,-0.057403564453125,0.992523193359375
1768216487359417600,19.43941748046875,-0.1360321044921875,-0.05731201171875,0.99224853515625
1768216487369418500,19.44941845703125,-0.1360321044921875,-0.0558624267578125,0.9922943115234375
1768216487379418600,19.459418701171874,-0.132476806640625,-0.0574798583984375,0.9900360107421875
1768216487389419500,19.46941943359375,-0.132476806640625,-0.0548553466796875,0.9909515380859375
1768216487399420700,19.479420654296874,-0.134521484375,-0.052337646484375,0.9925079345703125
1768216487409420800,19.4894208984375,-0.13446044921875,-0.0513153076171875,0.992523193359375
1768216487419421700,19.499421630859374,-0.1313934326171875,-0.054290771484375,0.9905853271484375
1768216487429421600,19.509421630859375,-0.1316680908203125,-0.0556793212890625,0.9893798828125
1768216487439422700,19.519422607421873,-0.1312408447265625,-0.0554656982421875,0.9871368408203125
1768216487449423600,19.529423583984375,-0.1356964111328125,-0.056732177734375,0.9907989501953125
1768216487459423500,19.539423583984377,-0.1376190185546875,-0.0560455322265625,0.9933319091796875
1768216487469424600,19.549424560546875,-0.13751220703125,-0.0588531494140625,0.9930877685546875
1768216487479424800,19.5594248046875,-0.1361236572265625,-0.0592803955078125,0.9896087646484375
1768216487489425700,19.56942578125,-0.1343231201171875,-0.0572662353515625,0.9889068603515625
1768216487499426600,19.579426513671876,-0.1339263916015625,-0.0536041259765625,0.988922119140625
1768216487509426700,19.5894267578125,-0.13604736328125,-0.050048828125,0.9912261962890625
1768216487519427600,19.599427490234376,-0.132080078125,-0.0520477294921875,0.9907989501953125
1768216487529427500,19.609427490234374,-0.13134765625,-0.054473876953125,0.9917449951171875
1768216487539428600,19.6194287109375,-0.1328277587890625,-0.0553436279296875,0.992156982421875
1768216487549429800,19.6294296875,-0.13043212890625,-0.0558929443359375,0.9926605224609375
1768216487559429600,19.6394296875,-0.1291961669921875,-0.0572967529296875,0.992584228515625
1768216487569430500,19.649430419921874,-0.126617431640625,-0.05877685546875,0.990997314453125
1768216487579430700,19.6594306640625,-0.12945556640625,-0.059326171875,0.98809814453125
1768216487589431800,19.669431884765626,-0.1330108642578125,-0.056793212890625,0.9899139404296875
1768216487599432700,19.6794326171875,-0.13641357421875,-0.055389404296875,0.990142822265625
1768216487609432600,19.6894326171875,-0.1397247314453125,-0.054931640625,0.989227294921875
1768216487619433700,19.699433837890624,-0.1388092041015625,-0.0528411865234375,0.991546630859375
1768216487629433600,19.70943359375,-0.136444091796875,-0.0520172119140625,0.9916839599609375
1768216487639434500,19.7194345703125,-0.1363372802734375,-0.0512542724609375,0.9934234619140625
1768216487649435600,19.729435546875,-0.134735107421875,-0.0521240234375,0.9914398193359375
1768216487659435800,19.739435791015627,-0.1336212158203125,-0.0548553466796875,0.9889678955078125
1768216487669436700,19.749436767578125,-0.1349029541015625,-0.054931640625,0.9887847900390625
1768216487679436800,19.759436767578126,-0.13568115234375,-0.0546875,0.9883575439453125
1768216487689437700,19.769437744140625,-0.13421630859375,-0.056671142578125,0.98907470703125
1768216487699438600,19.7794384765625,-0.1339874267578125,-0.0551300048828125,0.9885101318359375
1768216487709438500,19.7894384765625,-0.13238525390625,-0.0546875,0.99017333984375
1768216487719440000,19.79943994140625,-0.134490966796875,-0.0547943115234375,0.9910736083984375
1768216487729439700,19.809439697265624,-0.1349639892578125,-0.0532073974609375,0.9920196533203125
1768216487739440600,19.819440673828126,-0.1341552734375,-0.0545196533203125,0.9918975830078125
1768216487749441500,19.829441650390624,-0.132568359375,-0.0544891357421875,0.991546630859375
1768216487759441700,19.839441650390626,-0.1316375732421875,-0.054351806640625,0.99176025390625
1768216487769442600,19.849442626953124,-0.1320037841796875,-0.0549774169921875,0.9936676025390625
1768216487779442400,19.8594423828125,-0.134765625,-0.0545654296875,0.9933319091796875
1768216487789443800,19.86944384765625,-0.1349029541015625,-0.0568389892578125,0.9908447265625
1768216487799444700,19.87944482421875,-0.13494873046875,-0.0554351806640625,0.9904022216796875
1768216487809444600,19.889444580078123,-0.1352691650390625,-0.0550689697265625,0.9896087646484375
1768216487819445500,19.899445556640625,-0.13653564453125,-0.0561676025390625,0.9900970458984375
1768216487829445600,19.909445556640627,-0.1348114013671875,-0.055206298828125,0.990997314453125
1768216487839446500,19.919446533203125,-0.1363067626953125,-0.0553131103515625,0.9912109375
1768216487849447700,19.92944775390625,-0.13543701171875,-0.056884765625,0.989990234375
1768216487859447800,19.93944775390625,-0.1338653564453125,-0.057098388671875,0.989044189453125
1768216487869448700,19.94944873046875,-0.1337890625,-0.0554046630859375,0.989990234375
1768216487879448600,19.959448486328125,-0.134033203125,-0.055419921875,0.992645263671875
1768216487889449500,19.969449462890626,-0.1361846923828125,-0.0549774169921875,0.9920196533203125
1768216487899450600,19.97945068359375,-0.1348724365234375,-0.0544891357421875,0.9930877685546875
1768216487909450500,19.989450439453126,-0.135772705078125,-0.0559539794921875,0.9927215576171875
1768216487919451600,19.99945166015625,-0.1326751708984375,-0.054046630859375,0.991455078125
1768216487929451800,20.00945166015625,-0.1318511962890625,-0.053314208984375,0.9922027587890625
1768216487939452700,20.01945263671875,-0.131622314453125,-0.0541534423828125,0.9920806884765625
1768216487949453600,20.02945361328125,-0.1314697265625,-0.05657958984375,0.992034912109375
1768216487959453700,20.03945361328125,-0.1336212158203125,-0.0581817626953125,0.991455078125
1768216487969454600,20.04945458984375,-0.1323394775390625,-0.057952880859375,0.9888458251953125
1768216487979454700,20.059454833984375,-0.1327667236328125,-0.057220458984375,0.9889373779296875
1768216487989455600,20.06945556640625,-0.134857177734375,-0.0535430908203125,0.990875244140625
1768216487999456800,20.079456787109375,-0.1346282958984375,-0.0526885986328125,0.991363525390625
1768216488009456600,20.08945654296875,-0.1327972412109375,-0.0549774169921875,0.99005126953125
1768216488019457500,20.09945751953125,-0.1306304931640625,-0.0562896728515625,0.991424560546875
1768216488029457700,20.109457763671877,-0.1326904296875,-0.0547943115234375,0.99139404296875
1768216488039458800,20.119458740234375,-0.1332855224609375,-0.0567169189453125,0.990264892578125
1768216488049459700,20.129459716796877,-0.1350860595703125,-0.056060791015625,0.991729736328125
1768216488059459600,20.13945947265625,-0.1349029541015625,-0.054351806640625,0.992919921875
1768216488069460700,20.149460693359377,-0.1338653564453125,-0.0551605224609375,0.993255615234375
1768216488079460600,20.159460693359375,-0.134674072265625,-0.054931640625,0.9923858642578125
1768216488089461500,20.16946142578125,-0.132537841796875,-0.05267333984375,0.990386962890625
1768216488099462700,20.179462646484374,-0.131195068359375,-0.05389404296875,0.9893035888671875
1768216488109462800,20.189462890625,-0.130218505859375,-0.0532989501953125,0.9894561767578125
1768216488119463700,20.199463623046874,-0.1310577392578125,-0.056060791015625,0.9915008544921875
1768216488129463600,20.209463623046876,-0.128631591796875,-0.0566253662109375,0.99249267578125
1768216488139464700,20.219464599609374,-0.1313018798828125,-0.0560302734375,0.9928131103515625
1768216488149465600,20.229465576171876,-0.1318817138671875,-0.0543975830078125,0.99176025390625
1768216488159465500,20.239465576171874,-0.133087158203125,-0.056396484375,0.9909210205078125
1768216488169466600,20.249466552734376,-0.1342010498046875,-0.0558929443359375,0.99163818359375
1768216488179466800,20.259466796875,-0.1345977783203125,-0.0552978515625,0.99053955078125
1768216488189467600,20.269467529296875,-0.13385009765625,-0.05450439453125,0.990875244140625
1768216488199468500,20.279468505859374,-0.13348388671875,-0.05401611328125,0.9932098388671875
1768216488209468700,20.28946875,-0.132781982421875,-0.0543060302734375,0.991912841796875
1768216488219469600,20.299469482421873,-0.1313018798828125,-0.054412841796875,0.990264892578125
1768216488229469400,20.309469482421875,-0.1310882568359375,-0.0545501708984375,0.9897003173828125
1768216488239470800,20.319470947265625,-0.1313934326171875,-0.0550994873046875,0.9893341064453125
1768216488249471700,20.3294716796875,-0.128662109375,-0.0554656982421875,0.990966796875
1768216488259471600,20.3394716796875,-0.130950927734375,-0.0580291748046875,0.992828369140625
1768216488269472500,20.349472412109375,-0.1326141357421875,-0.05780029296875,0.993011474609375
1768216488279472600,20.35947265625,-0.133880615234375,-0.05767822265625,0.993743896484375
1768216488289473500,20.3694736328125,-0.132843017578125,-0.0562286376953125,0.9917449951171875
1768216488299474700,20.379474609375,-0.1327362060546875,-0.0537872314453125,0.9918670654296875
1768216488309474800,20.389474853515626,-0.13348388671875,-0.0531768798828125,0.990020751953125
1768216488319475700,20.399475830078124,-0.13458251953125,-0.0518035888671875,0.9912109375
1768216488329475600,20.4094755859375,-0.1360626220703125,-0.0542144775390625,0.99285888671875
1768216488339476500,20.4194765625,-0.132720947265625,-0.0547027587890625,0.990081787109375
1768216488349477000,20.42947705078125,-0.1312713623046875,-0.053070068359375,0.9914093017578125
1768216488359477000,20.43947705078125,-0.1331024169921875,-0.0545501708984375,0.993377685546875
1768216488369478000,20.449477783203125,-0.132232666015625,-0.0573272705078125,0.9913482666015625
1768216488379478000,20.45947802734375,-0.1321258544921875,-0.05657958984375,0.990753173828125
1768216488389479000,20.46947900390625,-0.132781982421875,-0.0552520751953125,0.989227294921875
1768216488399480000,20.47947998046875,-0.13165283203125,-0.05279541015625,0.9891815185546875
1768216488409480200,20.489480224609373,-0.13397216796875,-0.0519866943359375,0.9920501708984375
1768216488419481000,20.499481201171875,-0.1353607177734375,-0.0540008544921875,0.98968505859375
1768216488429481000,20.50948095703125,-0.1338653564453125,-0.0560150146484375,0.990478515625
1768216488439481900,20.51948193359375,-0.1324615478515625,-0.0564117431640625,0.992645263671875
1768216488449483000,20.52948291015625,-0.13079833984375,-0.0583343505859375,0.9939117431640625
1768216488459483000,20.53948291015625,-0.12603759765625,-0.0591278076171875,0.995513916015625
1768216488469484000,20.549484130859376,-0.1241912841796875,-0.0572662353515625,0.9938507080078125
1768216488479484200,20.559484130859374,-0.1273193359375,-0.055877685546875,0.9934844970703125
1768216488489485000,20.569485107421876,-0.1310577392578125,-0.054229736328125,0.9915618896484375
1768216488499486000,20.57948583984375,-0.1324310302734375,-0.0544281005859375,0.9912109375
1768216488509486000,20.589486083984376,-0.13427734375,-0.0540313720703125,0.990997314453125
1768216488519487000,20.599487060546874,-0.1371002197265625,-0.05401611328125,0.989990234375
1768216488529487000,20.609487060546876,-0.1401824951171875,-0.05267333984375,0.9904022216796875
1768216488539488000,20.619488037109374,-0.139495849609375,-0.0517730712890625,0.9910430908203125
1768216488549489000,20.629489013671876,-0.1347503662109375,-0.0517578125,0.989654541015625
1768216488559489000,20.639489013671874,-0.130645751953125,-0.0540008544921875,0.9898834228515625
1768216488569490000,20.649489990234375,-0.1277618408203125,-0.0560760498046875,0.988494873046875
1768216488579490000,20.659489990234373,-0.128021240234375,-0.0573883056640625,0.9886474609375
1768216488589491200,20.6694912109375,-0.131866455078125,-0.0577392578125,0.989166259765625
1768216488599492000,20.6794921875,-0.13232421875,-0.0559234619140625,0.9916229248046875
1768216488609492000,20.689491943359375,-0.1350250244140625,-0.0548095703125,0.9923248291015625
1768216488619493000,20.6994931640625,-0.1336517333984375,-0.0510406494140625,0.9915771484375
1768216488629493000,20.709492919921875,-0.134552001953125,-0.0531768798828125,0.9914703369140625
1768216488639494000,20.719493896484376,-0.133544921875,-0.0547637939453125,0.9925689697265625
1768216488649495000,20.7294951171875,-0.1305389404296875,-0.0561370849609375,0.9928436279296875
1768216488659495200,20.7394951171875,-0.129486083984375,-0.05609130859375,0.9903411865234375
1768216488669496000,20.74949609375,-0.12994384765625,-0.053466796875,0.9917144775390625
1768216488679496000,20.759495849609376,-0.1306304931640625,-0.054718017578125,0.9919281005859375
1768216488689497000,20.7694970703125,-0.1323394775390625,-0.0554046630859375,0.9923858642578125
1768216488699498000,20.779498046875,-0.1329498291015625,-0.0558013916015625,0.9906768798828125
1768216488709497900,20.789497802734374,-0.1357269287109375,-0.0554046630859375,0.9906005859375
1768216488719499000,20.7994990234375,-0.13690185546875,-0.0569000244140625,0.990570068359375
1768216488729499100,20.8094990234375,-0.136138916015625,-0.05523681640625,0.9916534423828125
1768216488739500000,20.8195,-0.134429931640625,-0.0548553466796875,0.991302490234375
1768216488749501000,20.8295009765625,-0.13360595703125,-0.0551605224609375,0.9898681640625
1768216488759501000,20.8395009765625,-0.134063720703125,-0.0556488037109375,0.9900665283203125
1768216488769502000,20.849501953125,-0.1341094970703125,-0.0544586181640625,0.99169921875
1768216488779501800,20.859501708984375,-0.133026123046875,-0.054046630859375,0.990936279296875
1768216488789503000,20.8695029296875,-0.1352691650390625,-0.0543975830078125,0.9923858642578125
1768216488799504100,20.879504150390623,-0.1363525390625,-0.0545806884765625,0.9935760498046875
1768216488809504000,20.88950390625,-0.1348114013671875,-0.054534912109375,0.9923553466796875
1768216488819505000,20.8995048828125,-0.132171630859375,-0.056060791015625,0.9908294677734375
1768216488829505000,20.909505126953125,-0.1301727294921875,-0.056640625,0.9908905029296875
1768216488839506000,20.919505859375,-0.1305694580078125,-0.0554046630859375,0.991241455078125
1768216488849507000,20.929507080078125,-0.13201904296875,-0.0558319091796875,0.9915924072265625
1768216488859507200,20.939507080078126,-0.134185791015625,-0.0548095703125,0.9936676025390625
1768216488869508000,20.949508056640624,-0.1348724365234375,-0.054443359375,0.9913177490234375
1768216488879508000,20.959508056640626,-0.1359100341796875,-0.05712890625,0.99005126953125
1768216488889508900,20.9695087890625,-0.1336669921875,-0.0561676025390625,0.9893798828125
1768216488899510000,20.979510009765626,-0.1333160400390625,-0.0561370849609375,0.9928741455078125
1768216488909510100,20.98951025390625,-0.1348114013671875,-0.055389404296875,0.9933013916015625
1768216488919511000,20.999510986328126,-0.1356353759765625,-0.0533905029296875,0.993438720703125
1768216488929511200,21.00951123046875,-0.134765625,-0.054046630859375,0.992095947265625
1768216488939512000,21.019511962890626,-0.134368896484375,-0.05255126953125,0.99041748046875
1768216488949513000,21.029512939453124,-0.1301116943359375,-0.0531463623046875,0.990386962890625
1768216488959512800,21.039512939453125,-0.1296844482421875,-0.0550537109375,0.991455078125
1768216488969514200,21.04951416015625,-0.12799072265625,-0.056640625,0.9903564453125
1768216488979514000,21.05951416015625,-0.127410888671875,-0.0554962158203125,0.98931884765625
1768216488989515000,21.069514892578123,-0.13299560546875,-0.0549774169921875,0.98980712890625
1768216488999516000,21.079515869140625,-0.13323974609375,-0.055633544921875,0.9913330078125
1768216489009516000,21.08951611328125,-0.13262939453125,-0.0548248291015625,0.99407958984375
1768216489019517000,21.099516845703125,-0.12567138671875,-0.0540771484375,0.991790771484375
1768216489029517000,21.10951708984375,-0.1332550048828125,-0.0532989501953125,0.994293212890625
1768216489039518200,21.119518310546876,-0.1347808837890625,-0.0545501708984375,0.99615478515625
1768216489049519000,21.12951904296875,-0.1350860595703125,-0.0543975830078125,0.9947509765625
1768216489059519000,21.13951904296875,-0.1315155029296875,-0.0541534423828125,0.994903564453125
1768216489069520000,21.149519775390626,-0.1291656494140625,-0.0565185546875,0.9900665283203125
1768216489079520000,21.15952001953125,-0.1298828125,-0.0565338134765625,0.9869842529296875
1768216489089521000,21.16952099609375,-0.1314697265625,-0.056488037109375,0.988555908203125
1768216489099522000,21.17952197265625,-0.134185791015625,-0.05615234375,0.98968505859375
1768216489109522200,21.189522216796874,-0.1361236572265625,-0.056121826171875,0.992401123046875
1768216489119523000,21.199523193359376,-0.1338653564453125,-0.0544891357421875,0.992645263671875
1768216489129523000,21.20952294921875,-0.1331024169921875,-0.0560455322265625,0.9884033203125
1768216489139524000,21.219524169921876,-0.1313629150390625,-0.0559844970703125,0.9886627197265625
1768216489149525000,21.22952490234375,-0.1331787109375,-0.0562896728515625,0.99127197265625
1768216489159524900,21.23952490234375,-0.1319732666015625,-0.05517578125,0.99310302734375
1768216489169526000,21.249526123046873,-0.134185791015625,-0.056884765625,0.993316650390625
1768216489179526100,21.259526123046875,-0.1360931396484375,-0.05731201171875,0.993133544921875
1768216489189527000,21.269527099609373,-0.13641357421875,-0.0574951171875,0.9943084716796875
1768216489199528000,21.27952783203125,-0.1342926025390625,-0.0545501708984375,0.99139404296875
1768216489209528000,21.289528076171877,-0.130767822265625,-0.055389404296875,0.9881439208984375
1768216489219529000,21.299529052734375,-0.12835693359375,-0.0565185546875,0.9885406494140625
1768216489229528800,21.30952880859375,-0.13153076171875,-0.0560455322265625,0.98944091796875
1768216489239530000,21.319530029296875,-0.1348876953125,-0.0532989501953125,0.992889404296875
1768216489249531100,21.32953125,-0.1365509033203125,-0.053131103515625,0.994842529296875
1768216489259531000,21.339531005859374,-0.133331298828125,-0.054534912109375,0.9913787841796875
1768216489269532000,21.349531982421876,-0.1323089599609375,-0.0521087646484375,0.9888458251953125
1768216489279532000,21.359531982421874,-0.1297607421875,-0.054718017578125,0.9908447265625
1768216489289533000,21.369532958984376,-0.130615234375,-0.05487060546875,0.9912261962890625
1768216489299534000,21.3795341796875,-0.13055419921875,-0.0571136474609375,0.9885406494140625
1768216489309534000,21.389533935546876,-0.1337432861328125,-0.0578460693359375,0.98675537109375
1768216489319535000,21.39953515625,-0.133209228515625,-0.055084228515625,0.989227294921875
1768216489329535000,21.409534912109375,-0.132965087890625,-0.0549774169921875,0.9906005859375
1768216489339536000,21.419535888671874,-0.1302490234375,-0.0560150146484375,0.990142822265625
1768216489349537300,21.429537353515624,-0.13287353515625,-0.0558929443359375,0.9920501708984375
1768216489359537400,21.439537353515625,-0.1351470947265625,-0.0554656982421875,0.99481201171875
1768216489369538300,21.449538330078123,-0.1338348388671875,-0.0543365478515625,0.99566650390625
1768216489379538200,21.4595380859375,-0.13031005859375,-0.0541839599609375,0.99462890625
1768216489389539300,21.469539306640623,-0.12554931640625,-0.0545806884765625,0.9949188232421875
1768216489399540500,21.47954052734375,-0.1270294189453125,-0.05670166015625,0.99114990234375
1768216489409540400,21.489540283203127,-0.129730224609375,-0.0575714111328125,0.990386962890625
1768216489419541200,21.499541259765625,-0.1361236572265625,-0.0579986572265625,0.990936279296875
1768216489429541400,21.509541259765626,-0.13458251953125,-0.054351806640625,0.9913330078125
1768216489439542300,21.519542236328125,-0.138458251953125,-0.052886962890625,0.993255615234375
1768216489449543200,21.529543212890626,-0.137298583984375,-0.049346923828125,0.991607666015625
1768216489459543600,21.53954345703125,-0.1367034912109375,-0.051055908203125,0.991180419921875
1768216489469544400,21.54954443359375,-0.1357421875,-0.051177978515625,0.9893951416015625
1768216489479544300,21.55954443359375,-0.13275146484375,-0.05364990234375,0.9871978759765625
1768216489489545500,21.56954541015625,-0.1337890625,-0.0539093017578125,0.9882659912109375
1768216489499546400,21.57954638671875,-0.132080078125,-0.0527801513671875,0.9902191162109375
1768216489509546200,21.589546142578126,-0.1305694580078125,-0.0543212890625,0.991058349609375
1768216489519547400,21.59954736328125,-0.133056640625,-0.05572509765625,0.9907684326171875
1768216489529547500,21.609547607421874,-0.132720947265625,-0.054779052734375,0.9892425537109375
1768216489539548400,21.61954833984375,-0.1319580078125,-0.05499267578125,0.9910430908203125
1768216489549549300,21.62954931640625,-0.1319580078125,-0.0551605224609375,0.99139404296875
1768216489559549400,21.639549560546875,-0.131622314453125,-0.054290771484375,0.9926910400390625
1768216489569550300,21.64955029296875,-0.12969970703125,-0.053955078125,0.9937896728515625
1768216489579550200,21.65955029296875,-0.130218505859375,-0.054718017578125,0.992034912109375
1768216489589551400,21.66955126953125,-0.1288299560546875,-0.05572509765625,0.9918212890625
1768216489599552500,21.679552490234375,-0.127655029296875,-0.05609130859375,0.9925079345703125
1768216489609552400,21.689552490234377,-0.1330108642578125,-0.055450439453125,0.991668701171875
1768216489619553300,21.69955322265625,-0.1342926025390625,-0.055145263671875,0.9909820556640625
1768216489629553400,21.709553466796876,-0.13623046875,-0.055206298828125,0.9896240234375
1768216489639554300,21.71955419921875,-0.137603759765625,-0.0535430908203125,0.991485595703125
1768216489649555500,21.729555419921876,-0.1342315673828125,-0.055694580078125,0.9899139404296875
1768216489659555300,21.739555419921874,-0.1355133056640625,-0.05743408203125,0.9904327392578125
1768216489669556500,21.749556396484376,-0.133514404296875,-0.057037353515625,0.99041748046875
1768216489679556400,21.759556396484374,-0.1338348388671875,-0.05584716796875,0.990570068359375
1768216489689557200,21.76955712890625,-0.135101318359375,-0.0555572509765625,0.9927215576171875
1768216489699558100,21.77955810546875,-0.13525390625,-0.054107666015625,0.9924774169921875
1768216489709558300,21.789558349609376,-0.13714599609375,-0.05340576171875,0.99261474609375
1768216489719559400,21.799559326171874,-0.1360321044921875,-0.0518646240234375,0.9915008544921875
1768216489729559300,21.809559326171875,-0.13153076171875,-0.052703857421875,0.990875244140625
1768216489739560400,21.819560546875,-0.1327667236328125,-0.055206298828125,0.9916839599609375
1768216489749561300,21.829561279296875,-0.133331298828125,-0.0557403564453125,0.9933319091796875
1768216489759561200,21.839561279296873,-0.1323394775390625,-0.0566864013671875,0.9924468994140625
1768216489769562400,21.849562255859375,-0.1322784423828125,-0.05889892578125,0.99163818359375
1768216489779562200,21.859562255859377,-0.132110595703125,-0.0567779541015625,0.9891510009765625
1768216489789563400,21.8695634765625,-0.1314239501953125,-0.0549468994140625,0.9915618896484375
1768216489799564300,21.879564208984377,-0.1318359375,-0.05535888671875,0.991912841796875
1768216489809564400,21.889564453125,-0.1327056884765625,-0.05352783203125,0.991943359375
1768216489819565300,21.8995654296875,-0.1334381103515625,-0.054473876953125,0.9921417236328125
1768216489829565200,21.909565185546874,-0.1348114013671875,-0.0546875,0.9922027587890625
1768216489839566600,21.919566650390625,-0.130462646484375,-0.05621337890625,0.989410400390625
1768216489849567500,21.9295673828125,-0.1307525634765625,-0.0548248291015625,0.991119384765625
1768216489859567400,21.9395673828125,-0.1316070556640625,-0.0543670654296875,0.9911956787109375
1768216489869568300,21.949568359375,-0.1327056884765625,-0.0530853271484375,0.99127197265625
1768216489879568400,21.959568359375,-0.132171630859375,-0.054351806640625,0.9901580810546875
1768216489889569300,21.9695693359375,-0.131103515625,-0.0540008544921875,0.9912872314453125
1768216489899570400,21.9795703125,-0.1306610107421875,-0.05316162109375,0.992156982421875
1768216489909570600,21.989570556640626,-0.13214111328125,-0.0539703369140625,0.9917449951171875
1768216489919571500,21.999571533203124,-0.1326141357421875,-0.05517578125,0.9918975830078125
1768216489929571300,22.0095712890625,-0.131988525390625,-0.056060791015625,0.99127197265625
1768216489939572200,22.019572265625,-0.1314697265625,-0.0543060302734375,0.9903717041015625
1768216489949573400,22.029573486328125,-0.1296234130859375,-0.055419921875,0.9923553466796875
1768216489959573200,22.0395732421875,-0.13031005859375,-0.0531463623046875,0.9911041259765625
1768216489969574400,22.049574462890625,-0.1320037841796875,-0.055419921875,0.9911651611328125
1768216489979574500,22.059574462890627,-0.133331298828125,-0.0564727783203125,0.99176025390625
1768216489989575400,22.069575439453125,-0.1349029541015625,-0.05462646484375,0.991943359375
1768216489999576300,22.079576416015627,-0.134857177734375,-0.0542755126953125,0.993072509765625
1768216490009576400,22.089576416015625,-0.134552001953125,-0.0535736083984375,0.9931182861328125
1768216490019577300,22.099577392578126,-0.132354736328125,-0.053436279296875,0.9913330078125
1768216490029577200,22.1095771484375,-0.130950927734375,-0.0560302734375,0.9902191162109375
1768216490039578400,22.119578369140626,-0.1306610107421875,-0.0549163818359375,0.9897003173828125
1768216490049579300,22.129579345703124,-0.1318817138671875,-0.0560302734375,0.9915771484375
1768216490059579400,22.139579345703126,-0.1317901611328125,-0.0573272705078125,0.991729736328125
1768216490069580300,22.149580322265624,-0.1317291259765625,-0.0551910400390625,0.9911956787109375
1768216490079580400,22.159580322265626,-0.135101318359375,-0.0576171875,0.9900970458984375
1768216490089581300,22.169581298828124,-0.13372802734375,-0.0528106689453125,0.992828369140625
1768216490099582500,22.17958251953125,-0.132171630859375,-0.0539398193359375,0.99365234375
1768216490109582300,22.189582275390624,-0.13201904296875,-0.0558929443359375,0.9903717041015625
1768216490119583500,22.19958349609375,-0.1328125,-0.0545501708984375,0.99176025390625
1768216490129583400,22.209583251953124,-0.1291656494140625,-0.0535430908203125,0.9902191162109375
1768216490139584300,22.219584228515625,-0.1300201416015625,-0.053802490234375,0.9907073974609375
1768216490149585200,22.229585205078124,-0.1334075927734375,-0.0529022216796875,0.9915924072265625
1768216490159585300,22.239585205078125,-0.1341400146484375,-0.0511932373046875,0.9920654296875
1768216490169586400,22.24958642578125,-0.133880615234375,-0.05389404296875,0.9930572509765625
1768216490179586300,22.25958642578125,-0.1346435546875,-0.0553436279296875,0.9916839599609375
1768216490189587500,22.26958740234375,-0.1327667236328125,-0.056671142578125,0.99114990234375
1768216490199588400,22.27958837890625,-0.129425048828125,-0.0564117431640625,0.99090576171875
1768216490209588200,22.289588134765626,-0.131683349609375,-0.0547637939453125,0.9912872314453125
1768216490219589000,22.299589111328125,-0.131500244140625,-0.0561370849609375,0.989288330078125
1768216490229589500,22.309589599609374,-0.13348388671875,-0.055450439453125,0.98699951171875
1768216490239590400,22.31959033203125,-0.1324462890625,-0.0561065673828125,0.988616943359375
1768216490249591300,22.32959130859375,-0.1327667236328125,-0.05419921875,0.9901275634765625
1768216490259591400,22.33959130859375,-0.13104248046875,-0.054962158203125,0.99267578125
1768216490269592300,22.34959228515625,-0.1284027099609375,-0.0569915771484375,0.995086669921875
1768216490279592200,22.35959228515625,-0.129669189453125,-0.057220458984375,0.9960174560546875
1768216490289593300,22.36959326171875,-0.1298370361328125,-0.05584716796875,0.9960784912109375
1768216490299594500,22.379594482421876,-0.1269989013671875,-0.055389404296875,0.9933624267578125
1768216490309594400,22.389594482421874,-0.1283721923828125,-0.0529632568359375,0.9900054931640625
1768216490319595300,22.39959521484375,-0.128143310546875,-0.0526580810546875,0.9915771484375
1768216490329595400,22.409595458984374,-0.1315155029296875,-0.053131103515625,0.9896240234375
1768216490339596300,22.41959619140625,-0.1367950439453125,-0.0542755126953125,0.9911956787109375
1768216490349596700,22.4295966796875,-0.13543701171875,-0.0571136474609375,0.989776611328125
1768216490359596800,22.4395966796875,-0.136077880859375,-0.0537567138671875,0.9895172119140625
1768216490369597700,22.44959765625,-0.13482666015625,-0.0505523681640625,0.9927520751953125
1768216490379597600,22.45959765625,-0.13427734375,-0.0509185791015625,0.99237060546875
1768216490389598700,22.4695986328125,-0.1299591064453125,-0.0529022216796875,0.9906768798828125
1768216490399599900,22.479599853515627,-0.1300811767578125,-0.0556640625,0.98992919921875
1768216490409599700,22.489599853515625,-0.1318817138671875,-0.05645751953125,0.9878387451171875
1768216490419600600,22.4996005859375,-0.12908935546875,-0.0567779541015625,0.987030029296875
1768216490429600800,22.509600830078124,-0.12890625,-0.0557708740234375,0.9897918701171875
1768216490439601700,22.5196015625,-0.132110595703125,-0.05487060546875,0.9907684326171875
1768216490449602800,22.529602783203124,-0.1327362060546875,-0.0557098388671875,0.994537353515625
1768216490459603000,22.53960302734375,-0.1318206787109375,-0.054107666015625,0.9948577880859375
1768216490469603800,22.549603759765624,-0.129150390625,-0.05157470703125,0.99468994140625
1768216490479603700,22.559603759765626,-0.1287078857421875,-0.052154541015625,0.9918670654296875
1768216490489604600,22.5696044921875,-0.129547119140625,-0.0528717041015625,0.9929046630859375
1768216490499605800,22.579605712890626,-0.1302337646484375,-0.0542755126953125,0.9929351806640625
1768216490509606000,22.58960595703125,-0.1319427490234375,-0.055023193359375,0.9907379150390625
1768216490519606800,22.599606689453125,-0.134552001953125,-0.0539093017578125,0.991455078125
1768216490529607000,22.60960693359375,-0.1317901611328125,-0.056396484375,0.9889068603515625
1768216490539607800,22.61960791015625,-0.130157470703125,-0.0568695068359375,0.9887847900390625
1768216490549608700,22.629608642578123,-0.133026123046875,-0.0570068359375,0.988128662109375
1768216490559608600,22.639608642578125,-0.1333465576171875,-0.0559234619140625,0.9918975830078125
1768216490569610000,22.64960986328125,-0.133209228515625,-0.0546875,0.9939727783203125
1768216490579609900,22.65960986328125,-0.1354217529296875,-0.056549072265625,0.9912872314453125
1768216490589610800,22.66961083984375,-0.13470458984375,-0.056793212890625,0.990386962890625
1768216490599611600,22.679611572265625,-0.134857177734375,-0.0553741455078125,0.989227294921875
1768216490609611800,22.68961181640625,-0.1355133056640625,-0.0530853271484375,0.9904632568359375
1768216490619612700,22.69961279296875,-0.13677978515625,-0.053558349609375,0.99188232421875
1768216490629612800,22.70961279296875,-0.138275146484375,-0.0526580810546875,0.99224853515625
1768216490639614000,22.719614013671876,-0.13421630859375,-0.0536346435546875,0.9941558837890625
1768216490649614800,22.72961474609375,-0.1302490234375,-0.054229736328125,0.98834228515625
1768216490659614700,22.73961474609375,-0.1264190673828125,-0.053466796875,0.9941558837890625
1768216490669615900,22.749615966796874,-0.1279296875,-0.05322265625,0.994720458984375
1768216490679615700,22.75961572265625,-0.1290283203125,-0.0526885986328125,0.9931488037109375
1768216490689616600,22.76961669921875,-0.1318817138671875,-0.05389404296875,0.99249267578125
1768216490699617800,22.77961767578125,-0.130523681640625,-0.0576629638671875,0.9922027587890625
1768216490709618000,22.789617919921874,-0.1288604736328125,-0.05731201171875,0.9908294677734375
1768216490719618800,22.799618896484375,-0.1283416748046875,-0.058013916015625,0.9900665283203125
1768216490729618700,22.80961865234375,-0.1322479248046875,-0.0571746826171875,0.9918212890625
1768216490739619800,22.819619873046875,-0.1322479248046875,-0.0556488037109375,0.991424560546875
1768216490749620700,22.829620849609373,-0.13433837890625,-0.0518035888671875,0.9915313720703125
1768216490759620600,22.83962060546875,-0.1342315673828125,-0.0515899658203125,0.993743896484375
1768216490769621800,22.849621826171877,-0.1317596435546875,-0.0509796142578125,0.9905242919921875
1768216490779622000,22.859621826171875,-0.1280364990234375,-0.0523834228515625,0.99176025390625
1768216490789622800,22.869622802734376,-0.129730224609375,-0.055572509765625,0.9941864013671875
1768216490799623700,22.879623779296875,-0.1311187744140625,-0.05548095703125,0.9932098388671875
1768216490809623800,22.889623779296876,-0.132904052734375,-0.0556640625,0.99169921875
1768216490819624700,22.899624755859374,-0.1296234130859375,-0.0562896728515625,0.9885711669921875
1768216490829624600,22.90962451171875,-0.1319732666015625,-0.0552520751953125,0.98785400390625
1768216490839625700,22.919625732421874,-0.1322021484375,-0.0525054931640625,0.99090576171875
1768216490849627000,22.929626953125,-0.1321258544921875,-0.0530548095703125,0.9906768798828125
1768216490859626800,22.939626708984374,-0.134429931640625,-0.0529632568359375,0.9940948486328125
1768216490869627600,22.949627685546876,-0.1332550048828125,-0.055145263671875,0.9934844970703125
1768216490879627800,22.959627685546874,-0.1336822509765625,-0.055328369140625,0.991363525390625
1768216490889629000,22.96962890625,-0.1343841552734375,-0.0548553466796875,0.991241455078125
1768216490899628800,22.97962890625,-0.131683349609375,-0.0552215576171875,0.992034912109375
1768216490909629700,22.989629638671875,-0.12896728515625,-0.05474853515625,0.9944610595703125
1768216490919630800,22.999630859375,-0.131072998046875,-0.0551605224609375,0.9921722412109375
1768216490929630700,23.009630615234375,-0.133575439453125,-0.054107666015625,0.99139404296875
1768216490939631600,23.019631591796873,-0.1340179443359375,-0.0545196533203125,0.989471435546875
1768216490949632800,23.0296328125,-0.1334686279296875,-0.054046630859375,0.988189697265625
1768216490959633000,23.0396328125,-0.1312255859375,-0.0527191162109375,0.989532470703125
1768216490969633800,23.0496337890625,-0.1301116943359375,-0.0525360107421875,0.9929046630859375
1768216490979634000,23.059634033203125,-0.129638671875,-0.0550079345703125,0.9922943115234375
1768216490989634800,23.069634765625,-0.1291046142578125,-0.0572509765625,0.9944305419921875
1768216490999634700,23.079634765625,-0.1323089599609375,-0.057098388671875,0.993316650390625
1768216491009635600,23.089635498046874,-0.132049560546875,-0.056610107421875,0.9915313720703125
1768216491019637000,23.099636962890624,-0.129974365234375,-0.0550384521484375,0.9898529052734375
1768216491029636900,23.109636962890626,-0.1305084228515625,-0.054046630859375,0.9907989501953125
1768216491039637800,23.1196376953125,-0.1301116943359375,-0.0521392822265625,0.992279052734375
1768216491049638000,23.129637939453126,-0.131805419921875,-0.0521087646484375,0.99200439453125
1768216491059638800,23.139638671875,-0.133697509765625,-0.05218505859375,0.9927978515625
1768216491069639700,23.1496396484375,-0.1338348388671875,-0.0529022216796875,0.99432373046875
1768216491079639600,23.1596396484375,-0.1345672607421875,-0.0516357421875,0.9942626953125
1768216491089641000,23.169640869140625,-0.13092041015625,-0.0542144775390625,0.993499755859375
1768216491099640800,23.179640869140623,-0.130126953125,-0.0555267333984375,0.9903411865234375
1768216491109641700,23.189641845703125,-0.1313934326171875,-0.0545806884765625,0.986480712890625
1768216491119642600,23.199642578125,-0.1315460205078125,-0.0561981201171875,0.985687255859375
1768216491129642800,23.209642822265625,-0.131744384765625,-0.0557098388671875,0.987396240234375
1768216491139643600,23.2196435546875,-0.132049560546875,-0.0545196533203125,0.989837646484375
1768216491149643800,23.229643798828125,-0.132080078125,-0.05450439453125,0.992950439453125
1768216491159645000,23.23964501953125,-0.1340179443359375,-0.05255126953125,0.9968414306640625
1768216491169645800,23.249645751953125,-0.132415771484375,-0.05279541015625,0.9959564208984375
1768216491179645700,23.259645751953126,-0.1280975341796875,-0.054931640625,0.9961090087890625
1768216491189646800,23.269646728515625,-0.12481689453125,-0.0553131103515625,0.993133544921875
1768216491199646700,23.279646728515626,-0.1220703125,-0.0572357177734375,0.98974609375
1768216491209647600,23.289647705078124,-0.124053955078125,-0.05780029296875,0.9893035888671875
1768216491219648800,23.299648681640626,-0.13006591796875,-0.0543212890625,0.99176025390625
1768216491229649000,23.30964892578125,-0.1340789794921875,-0.05401611328125,0.9941558837890625
1768216491239649800,23.31964990234375,-0.1382598876953125,-0.053375244140625,0.992767333984375
1768216491249649700,23.329649658203124,-0.138763427734375,-0.05511474609375,0.9908294677734375
1768216491259650800,23.33965087890625,-0.1352081298828125,-0.0543060302734375,0.9887847900390625
1768216491269651700,23.349651611328124,-0.132080078125,-0.0516204833984375,0.9900360107421875
1768216491279651800,23.35965185546875,-0.1309356689453125,-0.054412841796875,0.9894866943359375
1768216491289652700,23.36965283203125,-0.130859375,-0.05389404296875,0.989532470703125
1768216491299652900,23.37965283203125,-0.13214111328125,-0.0550079345703125,0.9890289306640625
1768216491309653800,23.38965380859375,-0.1297149658203125,-0.055267333984375,0.9888916015625
1768216491319654700,23.399654541015625,-0.12957763671875,-0.05364990234375,0.991119384765625
1768216491329654800,23.40965478515625,-0.1312713623046875,-0.05389404296875,0.9908447265625
1768216491339656000,23.419656005859373,-0.1306610107421875,-0.05291748046875,0.9911956787109375
1768216491349655800,23.42965576171875,-0.133087158203125,-0.051239013671875,0.9932403564453125
1768216491359656700,23.43965673828125,-0.133056640625,-0.05157470703125,0.9920501708984375
1768216491369657900,23.449657958984375,-0.1288299560546875,-0.0540771484375,0.9915008544921875
1768216491379657700,23.45965771484375,-0.1287841796875,-0.057037353515625,0.9900054931640625
1768216491389659000,23.469658935546875,-0.1300811767578125,-0.0570220947265625,0.9896087646484375
1768216491399659000,23.479658935546876,-0.12890625,-0.056732177734375,0.990753173828125
1768216491409660000,23.489659912109374,-0.1297607421875,-0.0557708740234375,0.9913330078125
1768216491419660800,23.499660888671876,-0.133056640625,-0.0539703369140625,0.9921722412109375
1768216491429660700,23.50966064453125,-0.1348114013671875,-0.05328369140625,0.992218017578125
1768216491439661800,23.519661865234376,-0.13507080078125,-0.053680419921875,0.991363525390625
1768216491449662000,23.529661865234374,-0.1341400146484375,-0.0552215576171875,0.991302490234375
1768216491459662800,23.539662841796876,-0.13250732421875,-0.0552978515625,0.9908294677734375
1768216491469663700,23.549663818359374,-0.133209228515625,-0.0549774169921875,0.9901580810546875
1768216491479663900,23.559663818359375,-0.1328887939453125,-0.054656982421875,0.9920196533203125
1768216491489664800,23.569664794921874,-0.129608154296875,-0.0572967529296875,0.990875244140625
1768216491499665000,23.579664794921875,-0.132781982421875,-0.0566253662109375,0.991943359375
1768216491509666000,23.589666015625,-0.1315460205078125,-0.054412841796875,0.9918670654296875
1768216491519667000,23.5996669921875,-0.1330108642578125,-0.053924560546875,0.9925994873046875
1768216491529666800,23.609666748046877,-0.1321563720703125,-0.0555572509765625,0.99053955078125
1768216491539668000,23.61966796875,-0.1310577392578125,-0.0546722412109375,0.9916839599609375
1768216491549667800,23.629667724609376,-0.1326446533203125,-0.0535736083984375,0.994720458984375
1768216491559668700,23.639668701171875,-0.1335296630859375,-0.0548248291015625,0.9926910400390625
1768216491569670000,23.649669921875,-0.131195068359375,-0.0530242919921875,0.9918365478515625
1768216491579670000,23.659669921875,-0.1299285888671875,-0.0540008544921875,0.9879913330078125
1768216491589671000,23.6696708984375,-0.1280517578125,-0.055084228515625,0.9870147705078125
1768216491599670800,23.6796708984375,-0.12908935546875,-0.0547637939453125,0.98956298828125
1768216491609672000,23.689671875,-0.13153076171875,-0.0558013916015625,0.9922332763671875
1768216491619672800,23.6996728515625,-0.1345672607421875,-0.0548553466796875,0.99456787109375
1768216491629672700,23.709672607421876,-0.1346893310546875,-0.0557098388671875,0.9932861328125
1768216491639673900,23.719673828125,-0.131805419921875,-0.0549774169921875,0.9916229248046875
1768216491649674000,23.729674072265624,-0.1279754638671875,-0.054840087890625,0.990203857421875
1768216491659675000,23.7396748046875,-0.12884521484375,-0.0518341064453125,0.990142822265625
1768216491669674800,23.7496748046875,-0.129791259765625,-0.052734375,0.98992919921875
1768216491679676000,23.759676025390625,-0.13079833984375,-0.0548553466796875,0.9916839599609375
1768216491689676800,23.7696767578125,-0.1332244873046875,-0.053863525390625,0.991668701171875
1768216491699676700,23.7796767578125,-0.1289520263671875,-0.0596160888671875,0.99114990234375
1768216491709677800,23.789677734375,-0.12469482421875,-0.0572509765625,0.9935150146484375
1768216491719678000,23.799677978515625,-0.1328582763671875,-0.05316162109375,0.99237060546875
1768216491729678800,23.809678955078127,-0.1314849853515625,-0.0527801513671875,0.9921417236328125
1768216491739679700,23.8196796875,-0.1320037841796875,-0.05340576171875,0.991546630859375
1768216491749679900,23.829679931640626,-0.1319580078125,-0.05438232421875,0.993408203125
1768216491759680800,23.8396806640625,-0.131866455078125,-0.0548095703125,0.9923858642578125
1768216491769680600,23.8496806640625,-0.130767822265625,-0.0532379150390625,0.991058349609375
1768216491779682000,23.85968212890625,-0.12945556640625,-0.05474853515625,0.99017333984375
1768216491789683000,23.869682861328126,-0.12823486328125,-0.054473876953125,0.9907989501953125
1768216491799682800,23.879682861328124,-0.13262939453125,-0.054229736328125,0.9918212890625
1768216491809683700,23.88968359375,-0.1323699951171875,-0.054595947265625,0.99102783203125
1768216491819683800,23.899683837890624,-0.1324005126953125,-0.0547027587890625,0.992156982421875
1768216491829684700,23.909684814453126,-0.131134033203125,-0.0555267333984375,0.989898681640625
1768216491839686000,23.919685791015624,-0.132110595703125,-0.05352783203125,0.9904632568359375
1768216491849686000,23.92968603515625,-0.131591796875,-0.05584716796875,0.99334716796875
1768216491859687000,23.93968701171875,-0.1328125,-0.0566558837890625,0.993133544921875
1768216491869686800,23.949686767578125,-0.131195068359375,-0.0546722412109375,0.99273681640625
1768216491879687700,23.959687744140624,-0.128326416015625,-0.05474853515625,0.9915618896484375
1768216491889689000,23.969689208984374,-0.127349853515625,-0.0554046630859375,0.9908905029296875
1768216491899689000,23.97968896484375,-0.1294403076171875,-0.0542449951171875,0.99212646484375
1768216491909689900,23.98968994140625,-0.1319580078125,-0.0540924072265625,0.992767333984375
1768216491919690000,23.99968994140625,-0.1346588134765625,-0.05389404296875,0.9952545166015625
1768216491929691000,24.00969091796875,-0.13323974609375,-0.0536651611328125,0.99444580078125
1768216491939691800,24.01969189453125,-0.1310882568359375,-0.054840087890625,0.9926300048828125
1768216491949691600,24.029691650390625,-0.1317291259765625,-0.0546875,0.992919921875
1768216491959693000,24.039693115234375,-0.12945556640625,-0.054534912109375,0.990509033203125
1768216491969693000,24.04969287109375,-0.12847900390625,-0.053131103515625,0.9891204833984375
1768216491979693800,24.05969384765625,-0.1302032470703125,-0.0515594482421875,0.9888916015625
1768216491989694700,24.06969482421875,-0.1308746337890625,-0.0521240234375,0.989837646484375
1768216491999694800,24.07969482421875,-0.1310577392578125,-0.0543365478515625,0.99102783203125
1768216492009695700,24.08969580078125,-0.1319427490234375,-0.054931640625,0.990234375
1768216492019695900,24.09969580078125,-0.1296234130859375,-0.0556488037109375,0.990966796875
1768216492029697000,24.109697021484376,-0.1313934326171875,-0.0570220947265625,0.9947662353515625
1768216492039698000,24.119697998046874,-0.1318359375,-0.058624267578125,0.993621826171875
1768216492049697800,24.12969775390625,-0.1277618408203125,-0.059295654296875,0.995635986328125
1768216492059699000,24.139698974609374,-0.1276397705078125,-0.059722900390625,0.9915771484375
1768216492069698800,24.14969873046875,-0.1291046142578125,-0.057220458984375,0.988525390625
1768216492079699700,24.15969970703125,-0.132049560546875,-0.055511474609375,0.990081787109375
1768216492089700900,24.169700927734375,-0.1355743408203125,-0.05279541015625,0.9913787841796875
1768216492099701000,24.179700927734373,-0.1357574462890625,-0.0522308349609375,0.993194580078125
1768216492109702000,24.189701904296875,-0.138275146484375,-0.0529022216796875,0.991943359375
1768216492119701800,24.19970166015625,-0.1373748779296875,-0.0517425537109375,0.9898834228515625
1768216492129703000,24.209702880859375,-0.1346282958984375,-0.0549163818359375,0.9869232177734375
1768216492139703800,24.219703857421877,-0.1337738037109375,-0.0556793212890625,0.9899444580078125
1768216492149703700,24.22970361328125,-0.131866455078125,-0.0560760498046875,0.9906463623046875
1768216492159704800,24.239704833984376,-0.1331329345703125,-0.0546112060546875,0.9903411865234375
1768216492169705000,24.249705078125,-0.1320953369140625,-0.055328369140625,0.9893646240234375
1768216492179705900,24.259705810546876,-0.132965087890625,-0.054473876953125,0.991363525390625
1768216492189706800,24.269706787109374,-0.132965087890625,-0.054443359375,0.991851806640625
1768216492199707000,24.279706787109376,-0.1316070556640625,-0.052001953125,0.9927825927734375
1768216492209707800,24.289707763671874,-0.130340576171875,-0.0543365478515625,0.993438720703125
1768216492219708000,24.2997080078125,-0.131927490234375,-0.05377197265625,0.9931488037109375
1768216492229708800,24.309708740234374,-0.13128662109375,-0.054473876953125,0.9914398193359375
1768216492239710000,24.3197099609375,-0.1304473876953125,-0.0547943115234375,0.990478515625
1768216492249709800,24.329709716796874,-0.13018798828125,-0.0543670654296875,0.9922637939453125
1768216492259710700,24.339710693359375,-0.130889892578125,-0.0544281005859375,0.99267578125
1768216492269710800,24.3497109375,-0.1329193115234375,-0.0556488037109375,0.9920806884765625
1768216492279712000,24.3597119140625,-0.1331634521484375,-0.055816650390625,0.9915618896484375
1768216492289711900,24.3697119140625,-0.1347198486328125,-0.053924560546875,0.991241455078125
1768216492299713000,24.379713134765623,-0.1355438232421875,-0.0527191162109375,0.990020751953125
1768216492309714000,24.3897138671875,-0.13323974609375,-0.0540618896484375,0.9883880615234375
1768216492319713800,24.3997138671875,-0.13525390625,-0.0553131103515625,0.9931793212890625
1768216492329714700,24.409714599609377,-0.1390533447265625,-0.0538482666015625,0.9934539794921875
1768216492339715800,24.4197158203125,-0.137420654296875,-0.0559234619140625,0.993011474609375
1768216492349716000,24.429716064453125,-0.13671875,-0.0557708740234375,0.99420166015625
1768216492359716600,24.439716552734374,-0.136444091796875,-0.0537261962890625,0.9942474365234375
1768216492369716700,24.449716796875,-0.137847900390625,-0.0519561767578125,0.9912261962890625
1768216492379717600,24.459717529296874,-0.13922119140625,-0.0528411865234375,0.9892425537109375
1768216492389717500,24.469717529296876,-0.1393890380859375,-0.053009033203125,0.9881591796875
1768216492399718400,24.479718505859374,-0.1356048583984375,-0.05743408203125,0.9884033203125
1768216492409719800,24.4897197265625,-0.1347198486328125,-0.0604095458984375,0.9873504638671875
1768216492419719700,24.4997197265625,-0.1331634521484375,-0.0597991943359375,0.9884185791015625
1768216492429720600,24.509720458984376,-0.13311767578125,-0.058868408203125,0.9903564453125
1768216492439720700,24.519720703125,-0.1355133056640625,-0.0562286376953125,0.9926910400390625
1768216492449721600,24.5297216796875,-0.135101318359375,-0.0544891357421875,0.992340087890625
1768216492459722500,24.539722412109374,-0.1347808837890625,-0.0525665283203125,0.992523193359375
1768216492469722600,24.54972265625,-0.1338958740234375,-0.052001953125,0.99188232421875
1768216492479723800,24.559723876953125,-0.133758544921875,-0.0558929443359375,0.989013671875
1768216492489723600,24.5697236328125,-0.13861083984375,-0.05712890625,0.9898223876953125
1768216492499724500,24.579724609375,-0.14105224609375,-0.0562591552734375,0.9910888671875
1768216492509725700,24.5897255859375,-0.1447601318359375,-0.05413818359375,0.994171142578125
1768216492519725600,24.5997255859375,-0.148834228515625,-0.0533447265625,0.9944305419921875
1768216492529726500,24.6097265625,-0.1469879150390625,-0.0565032958984375,0.9971466064453125
1768216492539726600,24.6197265625,-0.1484222412109375,-0.0534820556640625,0.9977569580078125
1768216492549727700,24.629727783203126,-0.1441650390625,-0.049285888671875,0.994903564453125
1768216492559728600,24.639728759765624,-0.135498046875,-0.0474853515625,0.992218017578125
1768216492569728500,24.649728515625,-0.1369781494140625,-0.048797607421875,0.986602783203125
1768216492579729700,24.659729736328124,-0.1406402587890625,-0.0477752685546875,0.986572265625
1768216492589729500,24.6697294921875,-0.1460113525390625,-0.04937744140625,0.979736328125
1768216492599730400,24.67973046875,-0.14959716796875,-0.046478271484375,0.9779815673828125
1768216492609731600,24.689731689453126,-0.1676177978515625,-0.046722412109375,0.9843597412109375
1768216492619731700,24.699731689453124,-0.17181396484375,-0.0440673828125,0.9837646484375
1768216492629732600,24.709732666015626,-0.1619720458984375,-0.048614501953125,0.982177734375
1768216492639732500,24.719732421875,-0.1591644287109375,-0.0552520751953125,0.985198974609375
1768216492649733600,24.729733642578125,-0.1591033935546875,-0.057098388671875,0.9832000732421875
1768216492659734500,24.739734619140624,-0.162078857421875,-0.0547332763671875,0.984649658203125
1768216492669734700,24.749734619140625,-0.16925048828125,-0.05194091796875,0.9913177490234375
1768216492679735600,24.759735595703123,-0.1646575927734375,-0.0470428466796875,0.9974822998046875
1768216492689735700,24.769735595703125,-0.1662139892578125,-0.043975830078125,0.997711181640625
1768216492699736600,24.779736572265627,-0.164703369140625,-0.047088623046875,0.9886932373046875
1768216492709737500,24.789737548828125,-0.159271240234375,-0.0488739013671875,0.9828643798828125
1768216492719737600,24.799737548828126,-0.163726806640625,-0.0475006103515625,0.9819488525390625
1768216492729738800,24.80973876953125,-0.164520263671875,-0.0459442138671875,0.984466552734375
1768216492739738600,24.819738525390626,-0.1715087890625,-0.047393798828125,0.9859466552734375
1768216492749739500,24.829739501953124,-0.1663055419921875,-0.0488433837890625,0.9868927001953125
1768216492759740700,24.83974072265625,-0.1692962646484375,-0.0481719970703125,0.985626220703125
1768216492769740500,24.849740478515624,-0.1669921875,-0.0463714599609375,0.9839019775390625
1768216492779741400,24.859741455078126,-0.16546630859375,-0.043548583984375,0.980499267578125
1768216492789741600,24.869741455078124,-0.1673583984375,-0.04150390625,0.9846649169921875
1768216492799742700,24.87974267578125,-0.16522216796875,-0.04290771484375,0.9911041259765625
1768216492809743600,24.88974365234375,-0.172760009765625,-0.0449371337890625,0.99151611328125
1768216492819743700,24.89974365234375,-0.1753387451171875,-0.045806884765625,0.98974609375
1768216492829744600,24.90974462890625,-0.172576904296875,-0.0432586669921875,0.98687744140625
1768216492839744500,24.91974462890625,-0.1605987548828125,-0.0418243408203125,0.9880523681640625
1768216492849745400,24.929745361328123,-0.161468505859375,-0.04315185546875,0.9861602783203125
1768216492859746800,24.939746826171874,-0.1645050048828125,-0.043212890625,0.9835205078125
1768216492869746700,24.94974658203125,-0.162628173828125,-0.043212890625,0.988677978515625
1768216492879747600,24.95974755859375,-0.1693267822265625,-0.0457763671875,0.988128662109375
1768216492889747700,24.969747802734375,-0.1719207763671875,-0.0467071533203125,0.9886016845703125
1768216492899748600,24.97974853515625,-0.16876220703125,-0.0501556396484375,0.9879150390625
1768216492909748500,24.98974853515625,-0.162261962890625,-0.051239013671875,0.98931884765625
1768216492919749400,24.999749267578125,-0.16058349609375,-0.051116943359375,0.987457275390625
1768216492929750800,25.009750732421875,-0.1583404541015625,-0.0536041259765625,0.987823486328125
1768216492939750700,25.019750732421876,-0.16046142578125,-0.051788330078125,0.9876251220703125
1768216492949751600,25.02975146484375,-0.1614227294921875,-0.0509490966796875,0.9883575439453125
1768216492959751700,25.039751708984376,-0.163848876953125,-0.04864501953125,0.988800048828125
1768216492969752600,25.049752685546874,-0.1638031005859375,-0.0468902587890625,0.98602294921875
1768216492979753500,25.05975341796875,-0.1611480712890625,-0.04510498046875,0.986053466796875
1768216492989753600,25.069753662109374,-0.16253662109375,-0.04656982421875,0.984222412109375
1768216492999754800,25.079754638671876,-0.1625823974609375,-0.0455474853515625,0.9844970703125
1768216493009754600,25.089754638671874,-0.165679931640625,-0.0440521240234375,0.98736572265625
1768216493019755500,25.099755615234375,-0.1683197021484375,-0.0426177978515625,0.987640380859375
1768216493029756700,25.109756591796874,-0.1697235107421875,-0.0462799072265625,0.98779296875
1768216493039756500,25.119756591796875,-0.168731689453125,-0.0488739013671875,0.9847564697265625
1768216493049757700,25.1297578125,-0.170654296875,-0.0459442138671875,0.9860687255859375
1768216493059757800,25.1397578125,-0.1704254150390625,-0.0389556884765625,0.988067626953125
1768216493069758700,25.1497587890625,-0.1667327880859375,-0.037994384765625,0.9886932373046875
1768216493079759600,25.159759521484375,-0.1638336181640625,-0.0375213623046875,0.987701416015625
1768216493089759500,25.169759521484377,-0.1591033935546875,-0.047607421875,0.9862060546875
1768216493099760600,25.1797607421875,-0.1602630615234375,-0.0459747314453125,0.982086181640625
1768216493109760500,25.189760498046876,-0.1611175537109375,-0.046356201171875,0.9824981689453125
1768216493119761700,25.19976171875,-0.1568756103515625,-0.0468902587890625,0.983245849609375
1768216493129762600,25.209762451171876,-0.15850830078125,-0.0407867431640625,0.9884033203125
1768216493139762700,25.2197626953125,-0.162811279296875,-0.041656494140625,0.9897613525390625
1768216493149763600,25.229763671875,-0.161041259765625,-0.0403594970703125,0.9915008544921875
1768216493159763500,25.239763427734374,-0.15533447265625,-0.0366058349609375,0.99566650390625
1768216493169764600,25.2497646484375,-0.16448974609375,-0.040496826171875,0.9891204833984375
1768216493179765800,25.259765869140626,-0.158721923828125,-0.0424957275390625,0.989532470703125
1768216493189765600,25.269765625,-0.1514739990234375,-0.045684814453125,0.9876556396484375
1768216493199766500,25.2797666015625,-0.1551666259765625,-0.047760009765625,0.9885101318359375
1768216493209766700,25.2897666015625,-0.156494140625,-0.0504913330078125,0.9849853515625
1768216493219767600,25.299767578125,-0.155670166015625,-0.049407958984375,0.9882965087890625
1768216493229768400,25.3097685546875,-0.1564483642578125,-0.0493316650390625,0.9882049560546875
1768216493239768600,25.3197685546875,-0.159942626953125,-0.0461578369140625,0.989654541015625
1768216493249769700,25.329769775390623,-0.161712646484375,-0.045166015625,0.990264892578125
1768216493259769600,25.33976953125,-0.1590728759765625,-0.04443359375,0.9867401123046875
1768216493269770500,25.3497705078125,-0.161376953125,-0.0455322265625,0.9876861572265625
1768216493279771600,25.359771728515625,-0.161468505859375,-0.0465545654296875,0.9879150390625
1768216493289771500,25.369771484375,-0.1572265625,-0.049957275390625,0.986083984375
1768216493299772400,25.3797724609375,-0.1588134765625,-0.049957275390625,0.9873809814453125
1768216493309772500,25.3897724609375,-0.1592254638671875,-0.04730224609375,0.988311767578125
1768216493319773700,25.399773681640625,-0.15887451171875,-0.0487213134765625,0.9849090576171875
1768216493329774600,25.409774658203126,-0.1606597900390625,-0.050750732421875,0.9869842529296875
1768216493339774700,25.419774658203124,-0.161468505859375,-0.0501251220703125,0.9886627197265625
1768216493349775600,25.429775634765626,-0.1609649658203125,-0.0510406494140625,0.9874267578125
1768216493359775500,25.439775390625,-0.1600189208984375,-0.0518951416015625,0.9864959716796875
1768216493369776400,25.4497763671875,-0.1563568115234375,-0.0487823486328125,0.98736572265625
1768216493379777800,25.45977783203125,-0.1560516357421875,-0.0474853515625,0.9860687255859375
1768216493389777700,25.469777587890626,-0.15936279296875,-0.0473175048828125,0.9846954345703125
1768216493399778600,25.479778564453124,-0.1574554443359375,-0.0489654541015625,0.9875335693359375
1768216493409778700,25.48977880859375,-0.1584014892578125,-0.0489349365234375,0.9889678955078125
1768216493419779600,25.499779541015624,-0.159393310546875,-0.0465240478515625,0.99163818359375
1768216493429780500,25.509780517578125,-0.1591796875,-0.045989990234375,0.9912261962890625
1768216493439780600,25.519780517578123,-0.1573944091796875,-0.0462188720703125,0.9861907958984375
1768216493449781800,25.52978173828125,-0.156982421875,-0.0470123291015625,0.9868927001953125
1768216493459781600,25.53978173828125,-0.15765380859375,-0.0464324951171875,0.9887542724609375
1768216493469782500,25.549782470703125,-0.1563720703125,-0.0472869873046875,0.986572265625
1768216493479782700,25.55978271484375,-0.155670166015625,-0.0443267822265625,0.9903411865234375
1768216493489783600,25.569783447265625,-0.1546478271484375,-0.0439453125,0.99005126953125
1768216493499784700,25.57978466796875,-0.1541748046875,-0.0455474853515625,0.98956298828125
1768216493509784600,25.58978466796875,-0.154205322265625,-0.0457763671875,0.9895477294921875
1768216493519785700,25.59978564453125,-0.153411865234375,-0.04766845703125,0.9864501953125
1768216493529785600,25.60978564453125,-0.152587890625,-0.050506591796875,0.988037109375
1768216493539786500,25.619786376953126,-0.1575927734375,-0.049468994140625,0.9896240234375
1768216493549787600,25.62978759765625,-0.158172607421875,-0.04888916015625,0.987457275390625
1768216493559787500,25.63978759765625,-0.153594970703125,-0.0455322265625,0.9873199462890625
1768216493569788700,25.64978857421875,-0.1529693603515625,-0.0452728271484375,0.9898834228515625
1768216493579788800,25.659788818359374,-0.1550140380859375,-0.044891357421875,0.9883880615234375
1768216493589789700,25.669789794921876,-0.1551971435546875,-0.0423583984375,0.9918212890625
1768216493599790600,25.67979052734375,-0.1556854248046875,-0.04290771484375,0.9908294677734375
1768216493609790500,25.68979052734375,-0.1542205810546875,-0.0460662841796875,0.9875640869140625
1768216493619791600,25.69979150390625,-0.154205322265625,-0.04656982421875,0.986968994140625
1768216493629791500,25.70979150390625,-0.152618408203125,-0.04736328125,0.98980712890625
1768216493639792600,25.719792724609373,-0.149810791015625,-0.047882080078125,0.9878082275390625
1768216493649793500,25.72979345703125,-0.14984130859375,-0.0472412109375,0.9872589111328125
1768216493659793700,25.739793701171877,-0.1526641845703125,-0.047607421875,0.987060546875
1768216493669794600,25.749794677734375,-0.1550140380859375,-0.0474853515625,0.9882049560546875
1768216493679794400,25.75979443359375,-0.1576080322265625,-0.0492095947265625,0.987457275390625
1768216493689795600,25.769795654296875,-0.15753173828125,-0.0469970703125,0.9888458251953125
1768216493699796700,25.779796630859376,-0.15704345703125,-0.0467071533203125,0.9899444580078125
1768216493709796600,25.789796630859374,-0.1560211181640625,-0.0441741943359375,0.9893035888671875
1768216493719797500,25.799797607421876,-0.1543426513671875,-0.047210693359375,0.991302490234375
1768216493729797600,25.809797607421874,-0.15179443359375,-0.04864501953125,0.9922943115234375
1768216493739798500,25.819798583984376,-0.153228759765625,-0.048919677734375,0.9897308349609375
1768216493749799400,25.82979931640625,-0.1502838134765625,-0.0497894287109375,0.9904327392578125
1768216493759799800,25.8397998046875,-0.1503753662109375,-0.05047607421875,0.988616943359375
1768216493769800700,25.84980078125,-0.1546478271484375,-0.04534912109375,0.990264892578125
1768216493779800600,25.859800537109376,-0.1541290283203125,-0.043182373046875,0.9893951416015625
1768216493789801500,25.869801513671874,-0.1523895263671875,-0.0439453125,0.9871063232421875
1768216493799802600,25.879802734375,-0.1539154052734375,-0.0428466796875,0.986846923828125
1768216493809802500,25.889802490234374,-0.1553955078125,-0.042633056640625,0.990234375
1768216493819803600,25.8998037109375,-0.1560821533203125,-0.0464630126953125,0.98822021484375
1768216493829803800,25.9098037109375,-0.157073974609375,-0.0455322265625,0.9885101318359375
1768216493839804700,25.9198046875,-0.151458740234375,-0.0488128662109375,0.9856719970703125
1768216493849805600,25.9298056640625,-0.15252685546875,-0.048828125,0.9819488525390625
1768216493859805700,25.9398056640625,-0.147857666015625,-0.047821044921875,0.981201171875
1768216493869806600,25.949806640625,-0.146240234375,-0.0489349365234375,0.98651123046875
1768216493879806500,25.959806396484375,-0.1481475830078125,-0.04949951171875,0.9896697998046875
1768216493889807600,25.9698076171875,-0.14849853515625,-0.0487060546875,0.992431640625
1768216493899808800,25.979808837890626,-0.151641845703125,-0.0448455810546875,0.9918212890625
1768216493909808600,25.98980859375,-0.150909423828125,-0.0437164306640625,0.992584228515625
1768216493919809500,25.9998095703125,-0.1491851806640625,-0.044219970703125,0.9919891357421875
1768216493929809700,26.0098095703125,-0.1484832763671875,-0.048095703125,0.9880828857421875
1768216493939810600,26.019810546875,-0.1475982666015625,-0.0503692626953125,0.9879150390625
1768216493949810400,26.029810546875,-0.1497802734375,-0.0495452880859375,0.9886627197265625
1768216493959811600,26.0398115234375,-0.15203857421875,-0.048980712890625,0.988494873046875
1768216493969812700,26.049812744140624,-0.152618408203125,-0.048431396484375,0.98895263671875
1768216493979812600,26.0598125,-0.15252685546875,-0.049041748046875,0.9877471923828125
1768216493989813500,26.0698134765625,-0.1519012451171875,-0.047943115234375,0.9849853515625
1768216493999813600,26.079813720703125,-0.1529998779296875,-0.048675537109375,0.9874114990234375
1768216494009814500,26.089814453125,-0.1515045166015625,-0.0481414794921875,0.9913177490234375
1768216494019815700,26.099815673828125,-0.150177001953125,-0.04815673828125,0.9900970458984375
1768216494029815600,26.109815673828123,-0.1505889892578125,-0.04876708984375,0.9918670654296875
1768216494039816700,26.119816650390625,-0.1507415771484375,-0.0498199462890625,0.9904937744140625
1768216494049816600,26.129816650390627,-0.1537322998046875,-0.04937744140625,0.990875244140625
1768216494059817500,26.1398173828125,-0.154571533203125,-0.047088623046875,0.9905548095703125
1768216494069818600,26.149818603515627,-0.15301513671875,-0.0477294921875,0.9894866943359375
1768216494079818500,26.159818603515625,-0.1516876220703125,-0.0479736328125,0.9869842529296875
1768216494089819600,26.169819580078126,-0.1505279541015625,-0.0482025146484375,0.9874114990234375
1768216494099819800,26.17981982421875,-0.1510467529296875,-0.04681396484375,0.987701416015625
1768216494109820700,26.189820556640626,-0.151824951171875,-0.046295166015625,0.9895477294921875
1768216494119821600,26.199821533203124,-0.1509246826171875,-0.047149658203125,0.989166259765625
1768216494129821400,26.209821533203126,-0.14874267578125,-0.0467987060546875,0.98883056640625
1768216494139822600,26.219822509765624,-0.14697265625,-0.0499267578125,0.9863128662109375
1768216494149822700,26.22982275390625,-0.1468048095703125,-0.0478973388671875,0.990264892578125
1768216494159823600,26.23982373046875,-0.147674560546875,-0.0480499267578125,0.991546630859375
1768216494169824500,26.249824462890626,-0.1479339599609375,-0.05010986328125,0.99041748046875
1768216494179824600,26.25982470703125,-0.14947509765625,-0.0472412109375,0.9907073974609375
1768216494189825500,26.269825439453125,-0.14813232421875,-0.0428009033203125,0.9900665283203125
1768216494199825400,26.279825439453123,-0.1481475830078125,-0.043487548828125,0.99041748046875
1768216494209826800,26.289826904296874,-0.14776611328125,-0.0468292236328125,0.989410400390625
1768216494219827700,26.29982763671875,-0.1450653076171875,-0.04766845703125,0.9888916015625
1768216494229827600,26.30982763671875,-0.147125244140625,-0.0491485595703125,0.9894561767578125
1768216494239828500,26.319828369140627,-0.14910888671875,-0.0489501953125,0.9915924072265625
1768216494249828600,26.32982861328125,-0.14739990234375,-0.047821044921875,0.9893035888671875
1768216494259829500,26.33982958984375,-0.1495819091796875,-0.04669189453125,0.98748779296875
1768216494269830700,26.34983056640625,-0.1488800048828125,-0.0487060546875,0.98876953125
1768216494279830800,26.359830810546875,-0.1497802734375,-0.049652099609375,0.9886627197265625
1768216494289831700,26.369831787109376,-0.1490478515625,-0.0493316650390625,0.989715576171875
1768216494299831600,26.37983154296875,-0.1496429443359375,-0.048370361328125,0.9904022216796875
1768216494309832400,26.38983251953125,-0.147857666015625,-0.04705810546875,0.9895172119140625
1768216494319833600,26.39983349609375,-0.14642333984375,-0.04693603515625,0.989501953125
1768216494329833500,26.40983349609375,-0.14776611328125,-0.04840087890625,0.9911041259765625
1768216494339834600,26.419834716796874,-0.14434814453125,-0.0489959716796875,0.98895263671875
1768216494349834800,26.429834716796876,-0.147003173828125,-0.04827880859375,0.990386962890625
1768216494359836400,26.43983642578125,-0.1488189697265625,-0.051177978515625,0.990814208984375
1768216494369836300,26.449836181640624,-0.1478118896484375,-0.050445556640625,0.990264892578125
1768216494379837200,26.459837158203126,-0.148651123046875,-0.0488128662109375,0.9901580810546875
1768216494389838300,26.46983837890625,-0.1494140625,-0.04681396484375,0.9898223876953125
1768216494399838500,26.47983837890625,-0.1486358642578125,-0.0453643798828125,0.991729736328125
1768216494409839400,26.48983935546875,-0.1495819091796875,-0.04718017578125,0.9903411865234375
1768216494419839500,26.499839599609373,-0.1510009765625,-0.04736328125,0.9893798828125
1768216494429840400,26.50984033203125,-0.1492767333984375,-0.0466156005859375,0.99139404296875
1768216494439841300,26.51984130859375,-0.1456298828125,-0.047760009765625,0.990997314453125
1768216494449841200,26.529841064453127,-0.145721435546875,-0.0447845458984375,0.98931884765625
1768216494459842600,26.539842529296877,-0.143585205078125,-0.048370361328125,0.9860382080078125
1768216494469842400,26.549842529296875,-0.1383209228515625,-0.0547027587890625,0.986785888671875
1768216494479843300,26.55984326171875,-0.1480560302734375,-0.051177978515625,0.9870452880859375
1768216494489844200,26.56984423828125,-0.1481781005859375,-0.0511627197265625,0.9872283935546875
1768216494499844400,26.57984423828125,-0.148590087890625,-0.049713134765625,0.9893035888671875
1768216494509845200,26.58984521484375,-0.14874267578125,-0.0489501953125,0.9909820556640625
1768216494519845000,26.59984521484375,-0.148223876953125,-0.04742431640625,0.994659423828125
1768216494529846500,26.609846435546874,-0.1444854736328125,-0.0468597412109375,0.9958343505859375
1768216494539847400,26.619847412109376,-0.1438140869140625,-0.0496368408203125,0.9921875
1768216494549847300,26.629847412109374,-0.143402099609375,-0.0512847900390625,0.9911651611328125
1768216494559848200,26.63984814453125,-0.1446075439453125,-0.050140380859375,0.98870849609375
1768216494569848300,26.649848388671874,-0.1459808349609375,-0.047332763671875,0.9886474609375
1768216494579849200,26.65984912109375,-0.14892578125,-0.048492431640625,0.989654541015625
1768216494589850400,26.669850341796874,-0.150604248046875,-0.04595947265625,0.9865875244140625
1768216494599850500,26.6798505859375,-0.1507110595703125,-0.046630859375,0.9873199462890625
1768216494609851400,26.689851318359374,-0.1482696533203125,-0.047088623046875,0.989044189453125
1768216494619851300,26.699851318359375,-0.1474151611328125,-0.0479278564453125,0.989654541015625
1768216494629852400,26.709852294921873,-0.1458740234375,-0.048797607421875,0.9886932373046875
1768216494639853300,26.719853271484375,-0.146270751953125,-0.046875,0.9873809814453125
1768216494649853400,26.729853515625,-0.14495849609375,-0.048004150390625,0.9862213134765625
1768216494659854300,26.739854248046875,-0.143157958984375,-0.0480804443359375,0.9882659912109375
1768216494669854500,26.7498544921875,-0.1434173583984375,-0.048828125,0.990997314453125
1768216494679855400,26.75985546875,-0.14434814453125,-0.05059814453125,0.990875244140625
1768216494689856300,26.769856201171876,-0.1455535888671875,-0.04840087890625,0.98931884765625
1768216494699856400,26.7798564453125,-0.146697998046875,-0.047943115234375,0.9906158447265625
1768216494709857500,26.789857421875,-0.1475982666015625,-0.047821044921875,0.993255615234375
1768216494719857400,26.799857421875,-0.1493988037109375,-0.047637939453125,0.99285888671875
1768216494729858300,26.8098583984375,-0.146759033203125,-0.0482177734375,0.990264892578125
1768216494739859500,26.819859375,-0.14410400390625,-0.0500640869140625,0.98895263671875
1768216494749859300,26.829859375,-0.143157958984375,-0.04931640625,0.9875640869140625
1768216494759860200,26.839860107421874,-0.1478424072265625,-0.05010986328125,0.988800048828125
1768216494769860400,26.8498603515625,-0.1499481201171875,-0.0487060546875,0.98895263671875
1768216494779861500,26.859861572265626,-0.1523590087890625,-0.0475616455078125,0.9896392822265625
1768216494789862400,26.8698623046875,-0.152862548828125,-0.0507659912109375,0.989776611328125
1768216494799862300,26.8798623046875,-0.1483612060546875,-0.0509796142578125,0.9879150390625
1768216494809863400,26.889863525390624,-0.14459228515625,-0.048736572265625,0.98748779296875
1768216494819863300,26.89986328125,-0.1441650390625,-0.0505218505859375,0.986541748046875
1768216494829864200,26.9098642578125,-0.14849853515625,-0.048828125,0.99078369140625
1768216494839864300,26.9198642578125,-0.1504364013671875,-0.0461578369140625,0.9903411865234375
1768216494849865500,26.929865478515627,-0.151123046875,-0.0467529296875,0.990142822265625
1768216494859866400,26.939866455078125,-0.1489105224609375,-0.0448760986328125,0.9917144775390625
1768216494869866500,26.949866455078126,-0.14739990234375,-0.04461669921875,0.993865966796875
1768216494879867400,26.959867431640625,-0.147247314453125,-0.046844482421875,0.992401123046875
1768216494889867300,26.9698671875,-0.148590087890625,-0.0465087890625,0.9906768798828125
1768216494899868200,26.9798681640625,-0.14886474609375,-0.0465850830078125,0.9899749755859375
1768216494909869300,26.989869384765626,-0.149749755859375,-0.050384521484375,0.988555908203125
1768216494919869400,26.999869384765624,-0.15142822265625,-0.0477142333984375,0.9891357421875
1768216494929870300,27.009870361328126,-0.1490631103515625,-0.047698974609375,0.9874114990234375
1768216494939870500,27.019870361328124,-0.14642333984375,-0.0472869873046875,0.98907470703125
1768216494949871400,27.029871337890626,-0.1445465087890625,-0.0482330322265625,0.9914703369140625
1768216494959872300,27.039872314453124,-0.145538330078125,-0.0493011474609375,0.9896240234375
1768216494969872100,27.0498720703125,-0.145233154296875,-0.0487213134765625,0.990570068359375
1768216494979873500,27.05987353515625,-0.145843505859375,-0.0482940673828125,0.9886627197265625
1768216494989873400,27.069873291015625,-0.1446685791015625,-0.0512847900390625,0.9882965087890625
1768216494999874300,27.079874267578123,-0.144317626953125,-0.049072265625,0.988525390625
1768216495009875200,27.089875244140625,-0.14593505859375,-0.0496368408203125,0.988739013671875
1768216495019875300,27.099875244140627,-0.145233154296875,-0.048614501953125,0.9915313720703125
1768216495029876500,27.10987646484375,-0.1472930908203125,-0.0493011474609375,0.9937286376953125
1768216495039876400,27.11987646484375,-0.1452484130859375,-0.0509490966796875,0.991851806640625
1768216495049877500,27.12987744140625,-0.1429595947265625,-0.050994873046875,0.9893035888671875
1768216495059878400,27.13987841796875,-0.1410369873046875,-0.0503997802734375,0.98870849609375
1768216495069878300,27.149878173828125,-0.1399993896484375,-0.0502166748046875,0.9894256591796875
1768216495079879200,27.159879150390626,-0.1429290771484375,-0.050506591796875,0.9876861572265625
1768216495089879300,27.16987939453125,-0.1445465087890625,-0.04888916015625,0.990264892578125
1768216495099880400,27.17988037109375,-0.1481781005859375,-0.0489959716796875,0.9918365478515625
1768216495109881300,27.18988134765625,-0.1473236083984375,-0.0471649169921875,0.991241455078125
1768216495119881500,27.199881591796874,-0.1452484130859375,-0.0479278564453125,0.9889068603515625
1768216495129882400,27.20988232421875,-0.1434173583984375,-0.049072265625,0.989471435546875
1768216495139882200,27.21988232421875,-0.143646240234375,-0.0458526611328125,0.9905853271484375
1768216495149883400,27.22988330078125,-0.14312744140625,-0.04779052734375,0.9909210205078125
1768216495159884500,27.239884521484374,-0.1441497802734375,-0.04840087890625,0.9903717041015625
1768216495169884400,27.249884521484375,-0.1451873779296875,-0.04913330078125,0.9891815185546875
1768216495179885300,27.25988525390625,-0.14715576171875,-0.0465545654296875,0.9893646240234375
1768216495189885400,27.269885498046875,-0.14678955078125,-0.045074462890625,0.9902801513671875
1768216495199886300,27.27988623046875,-0.1456756591796875,-0.044647216796875,0.9902801513671875
1768216495209887200,27.28988720703125,-0.146148681640625,-0.047088623046875,0.990631103515625
1768216495219887400,27.299887451171877,-0.1449127197265625,-0.049652099609375,0.9902496337890625
1768216495229888500,27.309888427734375,-0.144622802734375,-0.0501708984375,0.9909820556640625
1768216495239888400,27.319888427734377,-0.1442718505859375,-0.049407958984375,0.9879913330078125
1768216495249889300,27.32988916015625,-0.1396942138671875,-0.0470123291015625,0.9881591796875
1768216495259889400,27.339889404296876,-0.1394805908203125,-0.0457763671875,0.9891357421875
1768216495269890300,27.349890380859375,-0.14410400390625,-0.044952392578125,0.9908447265625
1768216495279891200,27.35989111328125,-0.14630126953125,-0.045440673828125,0.9909820556640625
1768216495289891300,27.369891357421874,-0.142822265625,-0.0484466552734375,0.99212646484375
1768216495299892500,27.379892578125,-0.139404296875,-0.049896240234375,0.9918212890625
1768216495309892400,27.389892333984374,-0.1407928466796875,-0.0518646240234375,0.9900360107421875
1768216495319893200,27.399893310546876,-0.143829345703125,-0.0534820556640625,0.9921112060546875
1768216495329894400,27.409894287109374,-0.1433868408203125,-0.05267333984375,0.99224853515625
1768216495339894300,27.419894287109376,-0.1447296142578125,-0.0500946044921875,0.989471435546875
1768216495349895200,27.429895263671874,-0.14312744140625,-0.0513153076171875,0.9874114990234375
1768216495359894800,27.439894775390623,-0.142120361328125,-0.0476837158203125,0.98712158203125
1768216495369895700,27.449895751953125,-0.14117431640625,-0.045501708984375,0.98779296875
1768216495379896600,27.459896484375,-0.1452484130859375,-0.0458221435546875,0.9900054931640625
1768216495389896700,27.469896728515625,-0.14691162109375,-0.0467071533203125,0.9893951416015625
1768216495399897900,27.47989794921875,-0.1479644775390625,-0.0470428466796875,0.99053955078125
1768216495409897700,27.489897705078125,-0.1503448486328125,-0.0471038818359375,0.9910125732421875
1768216495419898600,27.499898681640627,-0.1514434814453125,-0.0464630126953125,0.99188232421875
1768216495429899800,27.509899658203125,-0.1504669189453125,-0.0463409423828125,0.9893035888671875
1768216495439899600,27.519899658203126,-0.1480560302734375,-0.0459442138671875,0.98583984375
1768216495449900500,27.529900634765625,-0.1432647705078125,-0.0461883544921875,0.98779296875
1768216495459900700,27.539900634765626,-0.14093017578125,-0.0474853515625,0.98956298828125
1768216495469901800,27.54990185546875,-0.1399993896484375,-0.049835205078125,0.989959716796875
1768216495479902700,27.55990283203125,-0.14227294921875,-0.050079345703125,0.9911651611328125
1768216495489902800,27.56990283203125,-0.1434783935546875,-0.050750732421875,0.98944091796875
1768216495499903700,27.57990380859375,-0.1453857421875,-0.0500640869140625,0.9879913330078125
1768216495509903600,27.589903564453124,-0.1463623046875,-0.049285888671875,0.9905242919921875
1768216495519904500,27.599904541015626,-0.14508056640625,-0.0491180419921875,0.9903106689453125
1768216495529906000,27.609906005859376,-0.1429901123046875,-0.04937744140625,0.99066162109375
1768216495539905800,27.61990576171875,-0.1446533203125,-0.0500640869140625,0.990966796875
1768216495549906700,27.62990673828125,-0.1464996337890625,-0.049041748046875,0.99072265625
1768216495559906800,27.63990673828125,-0.143463134765625,-0.0488128662109375,0.9898223876953125
1768216495569907700,27.64990771484375,-0.1426544189453125,-0.0492706298828125,0.9866180419921875
1768216495579908600,27.65990869140625,-0.1396942138671875,-0.0501861572265625,0.98876953125
1768216495589908700,27.66990869140625,-0.1419219970703125,-0.0519256591796875,0.9905548095703125
1768216495599910000,27.679909912109373,-0.1439361572265625,-0.051727294921875,0.99200439453125
1768216495609909800,27.68990966796875,-0.1461944580078125,-0.049072265625,0.9933624267578125
1768216495619910700,27.69991064453125,-0.1459503173828125,-0.0492095947265625,0.9915618896484375
1768216495629911600,27.70991162109375,-0.14154052734375,-0.0504302978515625,0.9903717041015625
1768216495639911700,27.71991162109375,-0.1407318115234375,-0.04937744140625,0.9881134033203125
1768216495649912800,27.729912841796875,-0.1400146484375,-0.047393798828125,0.98974609375
1768216495659912700,27.73991259765625,-0.142913818359375,-0.047637939453125,0.990875244140625
1768216495669913900,27.749913818359374,-0.14654541015625,-0.0454559326171875,0.993194580078125
1768216495679914800,27.759914794921876,-0.1458282470703125,-0.0456390380859375,0.9928436279296875
1768216495689914600,27.76991455078125,-0.14544677734375,-0.0467376708984375,0.989990234375
1768216495699915500,27.77991552734375,-0.141326904296875,-0.047760009765625,0.99053955078125
1768216495709915600,27.78991552734375,-0.1439971923828125,-0.0483856201171875,0.988067626953125
1768216495719916800,27.799916748046876,-0.1405792236328125,-0.047637939453125,0.98919677734375
1768216495729917000,27.8099169921875,-0.1439971923828125,-0.047149658203125,0.9915618896484375
1768216495739917800,27.819917724609375,-0.1441192626953125,-0.0478515625,0.9900665283203125
1768216495749918700,27.829918701171874,-0.1412200927734375,-0.0496826171875,0.989654541015625
1768216495759918600,27.839918701171875,-0.1395263671875,-0.0497894287109375,0.9883270263671875
1768216495769919700,27.849919677734373,-0.1405181884765625,-0.04766845703125,0.9903564453125
1768216495779919600,27.859919677734375,-0.1410064697265625,-0.0476531982421875,0.9929962158203125
1768216495789920800,27.869920654296877,-0.1433868408203125,-0.0482940673828125,0.99322509765625
1768216495799921700,27.879921630859375,-0.1425628662109375,-0.048187255859375,0.99139404296875
1768216495809921800,27.889921875,-0.143310546875,-0.049072265625,0.990234375
1768216495819922700,27.899922607421875,-0.1417999267578125,-0.049530029296875,0.9882659912109375
1768216495829922600,27.909922607421876,-0.1392059326171875,-0.049224853515625,0.9881744384765625
1768216495839923700,27.919923828125,-0.1389312744140625,-0.0489959716796875,0.9906005859375
1768216495849924900,27.9299248046875,-0.140777587890625,-0.04901123046875,0.992218017578125
1768216495859924700,27.9399248046875,-0.1408843994140625,-0.0496063232421875,0.993255615234375
1768216495869925600,27.949925537109376,-0.1398468017578125,-0.0480194091796875,0.9917144775390625
1768216495879925800,27.95992578125,-0.1390838623046875,-0.049285888671875,0.990386962890625
1768216495889926700,27.9699267578125,-0.14044189453125,-0.0496978759765625,0.990570068359375
1768216495899927600,27.979927490234374,-0.1371307373046875,-0.0495758056640625,0.989593505859375
1768216495909928000,27.989927978515624,-0.1353912353515625,-0.0474700927734375,0.98968505859375
1768216495919928800,27.9999287109375,-0.1370849609375,-0.0467987060546875,0.991668701171875
1768216495929928700,28.0099287109375,-0.1373291015625,-0.0490570068359375,0.991973876953125
1768216495939929600,28.0199296875,-0.137664794921875,-0.0515289306640625,0.9913787841796875
1768216495949930800,28.0299306640625,-0.1373748779296875,-0.0520172119140625,0.991851806640625
1768216495959930600,28.0399306640625,-0.13751220703125,-0.049468994140625,0.991668701171875
1768216495969931800,28.049931884765623,-0.1375274658203125,-0.048553466796875,0.9925537109375
1768216495979932000,28.059931884765625,-0.1382293701171875,-0.0496063232421875,0.9923858642578125
1768216495989932800,28.069932861328127,-0.1384735107421875,-0.04901123046875,0.9915924072265625
1768216495999933700,28.07993359375,-0.1415252685546875,-0.047149658203125,0.992034912109375
1768216496009933800,28.089933837890626,-0.140777587890625,-0.0462646484375,0.990203857421875
1768216496019934700,28.099934814453125,-0.1385345458984375,-0.0468902587890625,0.9930877685546875
1768216496029934600,28.1099345703125,-0.1348724365234375,-0.0502166748046875,0.990692138671875
1768216496039935700,28.119935791015624,-0.1333465576171875,-0.0526123046875,0.9885711669921875
1768216496049937000,28.12993701171875,-0.1336517333984375,-0.0531158447265625,0.9899139404296875
1768216496059936800,28.139936767578124,-0.1343231201171875,-0.051055908203125,0.989715576171875
1768216496069937700,28.149937744140626,-0.1348724365234375,-0.049346923828125,0.9920654296875
1768216496079937800,28.159937744140624,-0.1340789794921875,-0.0484161376953125,0.9920501708984375
1768216496089938700,28.169938720703126,-0.13433837890625,-0.0487518310546875,0.9926300048828125
1768216496099938600,28.1799384765625,-0.1348876953125,-0.048187255859375,0.9916839599609375
1768216496109939700,28.189939697265626,-0.1339569091796875,-0.0511016845703125,0.992095947265625
1768216496119940900,28.19994091796875,-0.13494873046875,-0.0515289306640625,0.99285888671875
1768216496129940700,28.209940673828125,-0.13079833984375,-0.05218505859375,0.9916534423828125
1768216496139941600,28.219941650390624,-0.1284942626953125,-0.0530548095703125,0.9903717041015625
1768216496149941800,28.229941650390625,-0.1284332275390625,-0.0519866943359375,0.9921875
1768216496159942700,28.239942626953123,-0.1322479248046875,-0.051025390625,0.991363525390625
1768216496169943800,28.24994384765625,-0.1322174072265625,-0.049102783203125,0.992156982421875
1768216496179943700,28.259943603515627,-0.1330718994140625,-0.048187255859375,0.991668701171875
1768216496189944800,28.26994482421875,-0.1343536376953125,-0.046966552734375,0.9916839599609375
1768216496199944700,28.27994482421875,-0.1374969482421875,-0.0476837158203125,0.9910736083984375
1768216496209945600,28.289945556640625,-0.13592529296875,-0.04791259765625,0.9908294677734375
1768216496219946500,28.299946533203126,-0.13421630859375,-0.0498504638671875,0.9890289306640625
1768216496229946600,28.309946533203124,-0.1341552734375,-0.05126953125,0.98968505859375
1768216496239947800,28.31994775390625,-0.135223388671875,-0.0511474609375,0.99005126953125
1768216496249948000,28.329947998046876,-0.13580322265625,-0.0499420166015625,0.9897613525390625
1768216496259948800,28.33994873046875,-0.136199951171875,-0.0478973388671875,0.9903106689453125
1768216496269949700,28.34994970703125,-0.13690185546875,-0.0469970703125,0.9932861328125
1768216496279949600,28.359949462890626,-0.1364593505859375,-0.0474853515625,0.9911651611328125
1768216496289950700,28.36995068359375,-0.1353759765625,-0.04791259765625,0.9912872314453125
1768216496299950800,28.379950927734374,-0.1343231201171875,-0.0501708984375,0.9912261962890625
1768216496309951700,28.38995166015625,-0.13458251953125,-0.050689697265625,0.9903106689453125
1768216496319952600,28.39995263671875,-0.135650634765625,-0.0512847900390625,0.9902801513671875
1768216496329952800,28.409952880859375,-0.135101318359375,-0.0518951416015625,0.9899444580078125
1768216496339953700,28.41995361328125,-0.1355743408203125,-0.0518035888671875,0.990264892578125
1768216496349953500,28.42995361328125,-0.129669189453125,-0.0529937744140625,0.98974609375
1768216496359955500,28.43995556640625,-0.1440277099609375,-0.0424652099609375,0.9932861328125
1768216496369956600,28.44995654296875,-0.135772705078125,-0.0543365478515625,0.989410400390625
1768216496379956500,28.45995654296875,-0.138671875,-0.052001953125,0.9886322021484375
1768216496389957600,28.46995751953125,-0.139923095703125,-0.05120849609375,0.9901885986328125
1768216496399957800,28.479957763671877,-0.139373779296875,-0.0514678955078125,0.9911041259765625
1768216496409958700,28.489958740234375,-0.1377105712890625,-0.0499725341796875,0.990966796875
1768216496419959600,28.49995947265625,-0.1375274658203125,-0.048675537109375,0.992340087890625
1768216496429959400,28.50995947265625,-0.1377105712890625,-0.04595947265625,0.992279052734375
1768216496439960800,28.5199609375,-0.138214111328125,-0.047607421875,0.9917144775390625
1768216496449960700,28.529960693359374,-0.1372528076171875,-0.0480499267578125,0.99212646484375
1768216496459961600,28.539961669921876,-0.1385345458984375,-0.049224853515625,0.9931640625
1768216496469961700,28.549961669921874,-0.1405487060546875,-0.0500946044921875,0.9906463623046875
1768216496479962600,28.559962646484376,-0.1380157470703125,-0.04913330078125,0.9908905029296875
1768216496489963500,28.569963623046874,-0.1367340087890625,-0.0483245849609375,0.990570068359375
1768216496499963600,28.579963623046876,-0.136749267578125,-0.0498199462890625,0.9915771484375
1768216496509964800,28.58996484375,-0.135955810546875,-0.0518646240234375,0.9914703369140625
1768216496519964700,28.599964599609375,-0.1370697021484375,-0.0515289306640625,0.9897003173828125
1768216496529965600,28.609965576171874,-0.1371917724609375,-0.051055908203125,0.991119384765625
1768216496539966500,28.619966552734375,-0.13677978515625,-0.04949951171875,0.9922637939453125
1768216496549966600,28.629966552734373,-0.1346893310546875,-0.0494842529296875,0.993316650390625
1768216496559967500,28.639967529296875,-0.135223388671875,-0.0503387451171875,0.9901580810546875
1768216496569967600,28.649967529296877,-0.1341400146484375,-0.0498809814453125,0.9900970458984375
1768216496579968800,28.65996875,-0.13690185546875,-0.04949951171875,0.9893341064453125
1768216496589969700,28.6699697265625,-0.1379852294921875,-0.0496063232421875,0.989410400390625
1768216496599969500,28.679969482421875,-0.1368408203125,-0.04962158203125,0.9907073974609375
1768216496609970700,28.689970703125,-0.1366119384765625,-0.050872802734375,0.990631103515625
1768216496619970600,28.699970458984374,-0.1383056640625,-0.049072265625,0.9915008544921875
1768216496629971500,28.709971435546876,-0.13726806640625,-0.047943115234375,0.9921417236328125
1768216496639972600,28.71997265625,-0.136688232421875,-0.050933837890625,0.99176025390625
1768216496649972700,28.72997265625,-0.136077880859375,-0.050201416015625,0.990875244140625
1768216496659973600,28.7399736328125,-0.137451171875,-0.05206298828125,0.990234375
1768216496669973500,28.749973388671876,-0.136962890625,-0.051849365234375,0.989593505859375
1768216496679974700,28.759974609375,-0.134246826171875,-0.0490264892578125,0.9902191162109375
1768216496689975600,28.7699755859375,-0.1352996826171875,-0.0510406494140625,0.9902496337890625
1768216496699975400,28.779975341796874,-0.1378173828125,-0.0504608154296875,0.991363525390625
1768216496709976600,28.7899765625,-0.1377105712890625,-0.04754638671875,0.9951629638671875
1768216496719976700,28.799976806640625,-0.1395416259765625,-0.0491790771484375,0.9932098388671875
1768216496729977600,28.8099775390625,-0.1374969482421875,-0.048492431640625,0.9916534423828125
1768216496739978500,28.819978515625,-0.1324310302734375,-0.05084228515625,0.9890899658203125
1768216496749978600,28.829978515625,-0.133880615234375,-0.0508575439453125,0.9879608154296875
1768216496759979500,28.8399794921875,-0.136260986328125,-0.0501556396484375,0.9918975830078125
1768216496769979600,28.849979736328127,-0.138397216796875,-0.0489959716796875,0.9924468994140625
1768216496779980500,28.85998046875,-0.1402587890625,-0.04888916015625,0.993896484375
1768216496789981700,28.869981689453127,-0.1403350830078125,-0.049713134765625,0.994781494140625
1768216496799981600,28.879981689453125,-0.138092041015625,-0.04949951171875,0.994049072265625
1768216496809982500,28.889982421875,-0.13385009765625,-0.0481414794921875,0.9915618896484375
1768216496819982600,28.899982666015624,-0.131927490234375,-0.048370361328125,0.98931884765625
1768216496829983700,28.909983642578126,-0.1337738037109375,-0.04901123046875,0.9892425537109375
1768216496839984600,28.919984619140624,-0.1358489990234375,-0.0513763427734375,0.9903411865234375
1768216496849984800,28.92998486328125,-0.138031005859375,-0.04949951171875,0.991363525390625
1768216496859985700,28.939985595703124,-0.1390533447265625,-0.049652099609375,0.9915313720703125
1768216496869985500,28.949985595703126,-0.136627197265625,-0.050750732421875,0.9894256591796875
1768216496879986400,28.959986328125,-0.1335296630859375,-0.051727294921875,0.9908294677734375
1768216496889987600,28.969987548828126,-0.133819580078125,-0.052032470703125,0.992645263671875
1768216496899987700,28.97998779296875,-0.13690185546875,-0.052764892578125,0.9896697998046875
1768216496909988600,28.989988525390626,-0.134552001953125,-0.054412841796875,0.9929046630859375
1768216496919988700,28.99998876953125,-0.1344451904296875,-0.05218505859375,0.9935455322265625
1768216496929989600,29.00998974609375,-0.1339263916015625,-0.050018310546875,0.991912841796875
1768216496939989500,29.019989501953123,-0.1341552734375,-0.049774169921875,0.99200439453125
1768216496949990400,29.029990478515625,-0.1349639892578125,-0.0494537353515625,0.9904327392578125
1768216496959991800,29.03999169921875,-0.1359710693359375,-0.048309326171875,0.9911041259765625
1768216496969991700,29.04999169921875,-0.1384429931640625,-0.046905517578125,0.99310302734375
1768216496979992600,29.05999267578125,-0.1396331787109375,-0.04779052734375,0.9923858642578125
1768216496989992700,29.06999267578125,-0.139007568359375,-0.0489501953125,0.989959716796875
1768216496999993600,29.07999365234375,-0.13787841796875,-0.04974365234375,0.988861083984375
1768216497009994500,29.089994384765625,-0.1360931396484375,-0.0501251220703125,0.988616943359375
1768216497019994600,29.09999462890625,-0.1337127685546875,-0.050933837890625,0.988739013671875
1768216497029995800,29.109995849609376,-0.1328582763671875,-0.0497283935546875,0.9888458251953125
1768216497039995600,29.11999560546875,-0.13397216796875,-0.0517120361328125,0.9905548095703125
1768216497049996500,29.12999658203125,-0.136260986328125,-0.0510406494140625,0.99237060546875
1768216497059997400,29.13999755859375,-0.136962890625,-0.04931640625,0.99359130859375
1768216497069997600,29.14999755859375,-0.139129638671875,-0.0489501953125,0.992218017578125
1768216497079998500,29.15999853515625,-0.1356201171875,-0.04876708984375,0.990264892578125
1768216497089998600,29.16999853515625,-0.1324310302734375,-0.051544189453125,0.9898529052734375
1768216497099999700,29.179999755859374,-0.13140869140625,-0.0509033203125,0.9888458251953125
1768216497110000600,29.190000732421876,-0.1343994140625,-0.05126953125,0.99078369140625
1768216497120000500,29.20000048828125,-0.1357879638671875,-0.051177978515625,0.9938812255859375
1768216497130001700,29.210001708984375,-0.1387176513671875,-0.0507965087890625,0.9920196533203125
1768216497140001500,29.22000146484375,-0.137939453125,-0.0509033203125,0.990753173828125
1768216497150002700,29.230002685546875,-0.139190673828125,-0.0496063232421875,0.9920501708984375
1768216497160003600,29.240003662109373,-0.14013671875,-0.0484161376953125,0.9925689697265625
1768216497170003700,29.250003662109375,-0.140594482421875,-0.0478668212890625,0.991485595703125
1768216497180004600,29.260004638671877,-0.1400146484375,-0.04803466796875,0.99530029296875
1768216497190004500,29.27000439453125,-0.1363525390625,-0.04864501953125,0.9920806884765625
1768216497200005600,29.280005615234376,-0.134613037109375,-0.04815673828125,0.9889984130859375
1768216497210006800,29.2900068359375,-0.134521484375,-0.0516510009765625,0.9882965087890625
1768216497220006700,29.300006591796876,-0.1375732421875,-0.05078125,0.988861083984375
1768216497230007600,29.310007568359374,-0.13922119140625,-0.0485382080078125,0.99029541015625
1768216497240007700,29.320007568359376,-0.1406097412109375,-0.05181884765625,0.9902191162109375
1768216497250008600,29.330008544921874,-0.1400604248046875,-0.050537109375,0.9906768798828125
1768216497260009500,29.340009521484376,-0.1370391845703125,-0.05010986328125,0.990875244140625
1768216497270009600,29.350009521484374,-0.134368896484375,-0.0575408935546875,0.9878997802734375
1768216497280010800,29.3600107421875,-0.13824462890625,-0.0429534912109375,0.9954986572265625
1768216497290010600,29.3700107421875,-0.13787841796875,-0.053955078125,0.9910888671875
1768216497300011500,29.380011474609375,-0.137054443359375,-0.0515899658203125,0.989532470703125
1768216497310011600,29.39001171875,-0.137481689453125,-0.04949951171875,0.9912872314453125
1768216497320012500,29.400012451171875,-0.136444091796875,-0.0569610595703125,0.9888763427734375
1768216497330013400,29.410013427734373,-0.136138916015625,-0.0504302978515625,0.9907989501953125
1768216497340013600,29.420013671875,-0.137237548828125,-0.0509490966796875,0.990447998046875
1768216497350014700,29.4300146484375,-0.1343231201171875,-0.050537109375,0.9893646240234375
1768216497360014300,29.440014404296875,-0.138916015625,-0.049774169921875,0.99053955078125
1768216497370015500,29.450015380859377,-0.1386871337890625,-0.050048828125,0.99200439453125
1768216497380016600,29.4600166015625,-0.1369781494140625,-0.04791259765625,0.9911041259765625
1768216497390016500,29.4700166015625,-0.1355133056640625,-0.0482635498046875,0.9910736083984375
1768216497400017400,29.480017333984375,-0.13531494140625,-0.0487823486328125,0.99029541015625
1768216497410017500,29.490017578125,-0.1340179443359375,-0.0496063232421875,0.990081787109375
1768216497420018400,29.500018310546874,-0.13397216796875,-0.0516204833984375,0.9925079345703125
1768216497430019300,29.510019287109376,-0.133331298828125,-0.053802490234375,0.99188232421875
1768216497440019500,29.52001953125,-0.1362762451171875,-0.05224609375,0.990447998046875
1768216497450020600,29.5300205078125,-0.1374969482421875,-0.0503387451171875,0.99200439453125
1768216497460020500,29.5400205078125,-0.1339569091796875,-0.0540771484375,0.99090576171875
1768216497470021400,29.550021484375,-0.1360931396484375,-0.047332763671875,0.99224853515625
1768216497480022500,29.5600224609375,-0.1365203857421875,-0.04901123046875,0.990875244140625
1768216497490022400,29.5700224609375,-0.134185791015625,-0.0504302978515625,0.9895477294921875
1768216497500023300,29.580023193359374,-0.135009765625,-0.04986572265625,0.990692138671875
1768216497510023700,29.590023681640623,-0.1360931396484375,-0.049560546875,0.993072509765625
1768216497520024600,29.600024658203125,-0.13653564453125,-0.04876708984375,0.989349365234375
1768216497530025500,29.610025390625,-0.136688232421875,-0.0496673583984375,0.9915313720703125
1768216497540025600,29.620025634765625,-0.1363525390625,-0.048065185546875,0.9891357421875
1768216497550026500,29.630026611328127,-0.1343536376953125,-0.050384521484375,0.9903564453125
1768216497560026400,29.6400263671875,-0.1312103271484375,-0.05047607421875,0.990570068359375
1768216497570027500,29.650027587890627,-0.1339874267578125,-0.0509185791015625,0.991973876953125
1768216497580028400,29.6600283203125,-0.1359100341796875,-0.052215576171875,0.9952545166015625
1768216497590028500,29.670028564453126,-0.1382293701171875,-0.0524749755859375,0.9940185546875
1768216497600029400,29.680029541015625,-0.136383056640625,-0.0510711669921875,0.9925689697265625
1768216497610029600,29.690029541015626,-0.137237548828125,-0.0490570068359375,0.990081787109375
1768216497620030500,29.700030517578124,-0.134033203125,-0.049713134765625,0.988677978515625
1768216497630031600,29.710031494140626,-0.1339874267578125,-0.0506439208984375,0.9894866943359375
1768216497640031500,29.720031494140624,-0.13677978515625,-0.0498809814453125,0.9917144775390625
1768216497650032600,29.73003271484375,-0.1380462646484375,-0.0491485595703125,0.990447998046875
1768216497660032500,29.740032470703124,-0.134246826171875,-0.05029296875,0.991424560546875
1768216497670033400,29.750033447265626,-0.13433837890625,-0.0505523681640625,0.991943359375
1768216497680033500,29.760033447265624,-0.1290435791015625,-0.053253173828125,0.9915313720703125
1768216497690034400,29.770034423828125,-0.1259765625,-0.0542449951171875,0.9928436279296875
1768216497700035600,29.78003564453125,-0.1305999755859375,-0.0512542724609375,0.993743896484375
1768216497710035500,29.790035400390625,-0.1327056884765625,-0.05059814453125,0.992034912109375
1768216497720036600,29.80003662109375,-0.134307861328125,-0.0479278564453125,0.9922027587890625
1768216497730037500,29.81003759765625,-0.1387939453125,-0.0479736328125,0.9910430908203125
1768216497740037400,29.820037353515627,-0.13909912109375,-0.04779052734375,0.9910736083984375
1768216497750038300,29.830038330078125,-0.1381072998046875,-0.0454254150390625,0.9876251220703125
1768216497760038400,29.840038330078126,-0.1360015869140625,-0.04833984375,0.9882965087890625
1768216497770039600,29.85003955078125,-0.1370086669921875,-0.0506439208984375,0.9909515380859375
1768216497780039400,29.860039306640626,-0.13739013671875,-0.050750732421875,0.9918670654296875
1768216497790040600,29.87004052734375,-0.1343231201171875,-0.05108642578125,0.992156982421875
1768216497800041500,29.88004150390625,-0.1354522705078125,-0.049163818359375,0.9929351806640625
1768216497810041300,29.890041259765624,-0.1319580078125,-0.049560546875,0.993011474609375
1768216497820042500,29.90004248046875,-0.131500244140625,-0.049072265625,0.991668701171875
1768216497830042400,29.91004248046875,-0.133880615234375,-0.049407958984375,0.9902801513671875
1768216497840043500,29.92004345703125,-0.1334686279296875,-0.0497894287109375,0.9889984130859375
1768216497850044400,29.93004443359375,-0.1335906982421875,-0.0511627197265625,0.9883575439453125
1768216497860044500,29.94004443359375,-0.1322174072265625,-0.051727294921875,0.9890899658203125
1768216497870045400,29.95004541015625,-0.132354736328125,-0.0509185791015625,0.9912872314453125
1768216497880045300,29.96004541015625,-0.1304168701171875,-0.052886962890625,0.9935760498046875
1768216497890046500,29.97004638671875,-0.133392333984375,-0.053619384765625,0.9933624267578125
1768216497900047600,29.980047607421874,-0.1382293701171875,-0.0510101318359375,0.9927978515625
1768216497910047500,29.990047607421875,-0.138763427734375,-0.050018310546875,0.9915771484375
1768216497920048400,30.00004833984375,-0.13714599609375,-0.0484771728515625,0.9886322021484375
1768216497930048500,30.010048583984375,-0.1319427490234375,-0.050384521484375,0.9882354736328125
1768216497940049400,30.02004931640625,-0.1320648193359375,-0.0504150390625,0.989410400390625
1768216497950050600,30.030050537109375,-0.13348388671875,-0.049774169921875,0.993499755859375
1768216497960050700,30.04005078125,-0.1371612548828125,-0.0499725341796875,0.9936370849609375
1768216497970051600,30.050051513671875,-0.139007568359375,-0.0493621826171875,0.992950439453125
1768216497980051500,30.060051513671876,-0.138397216796875,-0.0502166748046875,0.991607666015625
1768216497990052400,30.07005224609375,-0.1364898681640625,-0.050140380859375,0.991912841796875
1768216498000053500,30.080053466796876,-0.1317596435546875,-0.04937744140625,0.9885711669921875
1768216498010053400,30.090053466796874,-0.132354736328125,-0.0506744384765625,0.9892120361328125
1768216498020054500,30.100054443359376,-0.13543701171875,-0.0488433837890625,0.9907073974609375
1768216498030054700,30.1100546875,-0.136871337890625,-0.0510711669921875,0.9922637939453125
1768216498040055600,30.1200556640625,-0.138763427734375,-0.05218505859375,0.9941864013671875
1768216498050055400,30.130055419921874,-0.139556884765625,-0.049468994140625,0.99072265625
1768216498060056300,30.140056396484376,-0.138946533203125,-0.0491790771484375,0.9915771484375
1768216498070057500,30.150057373046874,-0.1355438232421875,-0.047760009765625,0.9903717041015625
1768216498080057300,30.160057373046875,-0.1328887939453125,-0.0483551025390625,0.991790771484375
1768216498090058500,30.17005859375,-0.12982177734375,-0.0513763427734375,0.9932861328125
1768216498100059400,30.180059326171875,-0.13104248046875,-0.05108642578125,0.9919891357421875
1768216498110059500,30.1900595703125,-0.1322021484375,-0.052398681640625,0.99102783203125
1768216498120060400,30.200060302734375,-0.136444091796875,-0.0513153076171875,0.990447998046875
1768216498130060500,30.210060546875,-0.13531494140625,-0.050201416015625,0.988739013671875
1768216498140061400,30.2200615234375,-0.133941650390625,-0.0487060546875,0.9917449951171875
1768216498150061300,30.230061279296876,-0.1349029541015625,-0.0485687255859375,0.9907379150390625
1768216498160062500,30.2400625,-0.1349945068359375,-0.0491790771484375,0.9913330078125
1768216498170063600,30.250063720703125,-0.13665771484375,-0.0499114990234375,0.992279052734375
1768216498180063500,30.2600634765625,-0.1332550048828125,-0.0527191162109375,0.989349365234375
1768216498190064400,30.270064453125,-0.131378173828125,-0.0527801513671875,0.9906005859375
1768216498200064500,30.280064453125,-0.132171630859375,-0.0521392822265625,0.9912261962890625
1768216498210065400,30.2900654296875,-0.1315460205078125,-0.0509796142578125,0.99237060546875
1768216498220066600,30.300066650390626,-0.13275146484375,-0.05047607421875,0.9921112060546875
1768216498230066400,30.31006640625,-0.132293701171875,-0.0497283935546875,0.9914398193359375
1768216498240067600,30.320067626953126,-0.134002685546875,-0.048919677734375,0.990966796875
1768216498250067500,30.3300673828125,-0.1344146728515625,-0.0503692626953125,0.9904327392578125
1768216498260068400,30.340068359375,-0.13427734375,-0.0489044189453125,0.9924468994140625
1768216498270069200,30.3500693359375,-0.136932373046875,-0.04736328125,0.9923858642578125
1768216498280069600,30.360069580078125,-0.13043212890625,-0.044342041015625,0.99481201171875
1768216498290070500,30.370070556640623,-0.1314544677734375,-0.0496673583984375,0.9930419921875
1768216498300070400,30.3800703125,-0.131500244140625,-0.0503387451171875,0.9891510009765625
1768216498310071600,30.390071533203123,-0.1325531005859375,-0.0532073974609375,0.99163818359375
1768216498320072400,30.400072509765625,-0.1321868896484375,-0.054534912109375,0.9912261962890625
1768216498330072300,30.410072265625,-0.1331787109375,-0.0507659912109375,0.9923553466796875
1768216498340073500,30.420073486328125,-0.1342010498046875,-0.049163818359375,0.992767333984375
1768216498350073600,30.430073486328126,-0.1359405517578125,-0.0496063232421875,0.99322509765625
1768216498360074000,30.440073974609376,-0.13555908203125,-0.04986572265625,0.993255615234375
1768216498370075000,30.450074951171874,-0.1341400146484375,-0.0498199462890625,0.99102783203125
1768216498380075000,30.460074951171876,-0.1294708251953125,-0.0500030517578125,0.99066162109375
1768216498390076000,30.470075927734374,-0.127593994140625,-0.0505523681640625,0.9886932373046875
1768216498400076000,30.480075927734376,-0.1269989013671875,-0.051361083984375,0.991424560546875
1768216498410077200,30.4900771484375,-0.1307525634765625,-0.0500640869140625,0.9922027587890625
1768216498420078000,30.500078125,-0.133941650390625,-0.050537109375,0.992279052734375
1768216498430078000,30.510077880859374,-0.1318511962890625,-0.05230712890625,0.9915008544921875
1768216498440078800,30.520078857421876,-0.1336822509765625,-0.0499267578125,0.989654541015625
1768216498450079000,30.530078857421874,-0.13226318359375,-0.05218505859375,0.9898529052734375
1768216498460079900,30.540079833984375,-0.1312255859375,-0.05377197265625,0.9927978515625
1768216498470081000,30.5500810546875,-0.130340576171875,-0.0522003173828125,0.9949493408203125
1768216498480081200,30.5600810546875,-0.13031005859375,-0.0526123046875,0.993621826171875
1768216498490082000,30.57008203125,-0.12860107421875,-0.05059814453125,0.9923248291015625
1768216498500082000,30.58008203125,-0.1300048828125,-0.0519866943359375,0.9919281005859375
1768216498510083000,30.5900830078125,-0.1322174072265625,-0.050506591796875,0.9904022216796875
1768216498520083000,30.6000830078125,-0.1352386474609375,-0.048858642578125,0.9907684326171875
1768216498530083800,30.610083740234376,-0.136993408203125,-0.0480194091796875,0.9911346435546875
1768216498540085000,30.6200849609375,-0.1376953125,-0.0484771728515625,0.9908447265625
1768216498550085000,30.630085205078124,-0.1348114013671875,-0.0490570068359375,0.9890899658203125
1768216498560086000,30.6400859375,-0.13262939453125,-0.05096435546875,0.989410400390625
1768216498570086000,30.6500859375,-0.130706787109375,-0.053955078125,0.9892120361328125
1768216498580087000,30.660087158203126,-0.132781982421875,-0.05255126953125,0.9892730712890625
1768216498590088000,30.670087890625,-0.1335601806640625,-0.0521392822265625,0.988922119140625
1768216498600087800,30.680087890625,-0.1320037841796875,-0.0507354736328125,0.99072265625
1768216498610089000,30.6900888671875,-0.13232421875,-0.0491485595703125,0.992584228515625
1768216498620089000,30.700089111328126,-0.1338043212890625,-0.0492401123046875,0.9941864013671875
1768216498630090000,30.710090087890624,-0.1309967041015625,-0.04791259765625,0.9925384521484375
1768216498640091000,30.7200908203125,-0.1313934326171875,-0.0490875244140625,0.990325927734375
1768216498650091000,30.730091064453124,-0.1297149658203125,-0.0499420166015625,0.9901123046875
1768216498660092000,30.740091796875,-0.1282501220703125,-0.0501251220703125,0.990570068359375
1768216498670091800,30.750091796875,-0.13134765625,-0.050506591796875,0.990631103515625
1768216498680093000,30.760093017578125,-0.1317138671875,-0.052337646484375,0.9909210205078125
1768216498690094000,30.770093994140623,-0.13519287109375,-0.050323486328125,0.99298095703125
1768216498700094000,30.780093994140625,-0.138153076171875,-0.0490875244140625,0.993865966796875
1768216498710094800,30.7900947265625,-0.137451171875,-0.0497589111328125,0.99334716796875
1768216498720095000,30.800094970703125,-0.1361541748046875,-0.0507354736328125,0.987335205078125
1768216498730095900,30.810095947265626,-0.1337127685546875,-0.049285888671875,0.9883880615234375
1768216498740097000,30.820096923828125,-0.1320343017578125,-0.0489349365234375,0.9906005859375
1768216498750097200,30.83009716796875,-0.134857177734375,-0.0483856201171875,0.9914093017578125
1768216498760098000,30.84009814453125,-0.136505126953125,-0.051300048828125,0.9921417236328125
1768216498770098000,30.850097900390626,-0.1360321044921875,-0.0509185791015625,0.99163818359375
1768216498780098800,30.860098876953124,-0.1334381103515625,-0.0509033203125,0.9914398193359375
1768216498790100000,30.870099853515626,-0.1327972412109375,-0.04876708984375,0.989532470703125
1768216498800100000,30.88010009765625,-0.13360595703125,-0.0478057861328125,0.9912567138671875
1768216498810101000,30.89010107421875,-0.133026123046875,-0.04791259765625,0.993438720703125
1768216498820101000,30.90010107421875,-0.13592529296875,-0.0483245849609375,0.9953765869140625
1768216498830102000,30.91010205078125,-0.1383209228515625,-0.04998779296875,0.993377685546875
1768216498840102000,30.920101806640623,-0.136688232421875,-0.0509490966796875,0.99285888671875
1768216498850102800,30.930102783203125,-0.13494873046875,-0.0497283935546875,0.9916229248046875
1768216498860104200,30.940104248046875,-0.131561279296875,-0.0501708984375,0.9897308349609375
1768216498870104000,30.95010400390625,-0.1281585693359375,-0.0500640869140625,0.9911346435546875
1768216498880105000,30.96010498046875,-0.131927490234375,-0.0518798828125,0.991302490234375
1768216498890105000,30.97010498046875,-0.1342315673828125,-0.0532073974609375,0.99041748046875
1768216498900106000,30.98010595703125,-0.1345367431640625,-0.0516815185546875,0.9909210205078125
1768216498910107000,30.99010693359375,-0.1360321044921875,-0.0517120361328125,0.9903717041015625
1768216498920107000,31.00010693359375,-0.13397216796875,-0.049407958984375,0.99090576171875
1768216498930108200,31.010108154296876,-0.1317596435546875,-0.048492431640625,0.9912109375
1768216498940108000,31.02010791015625,-0.1282196044921875,-0.0474090576171875,0.989990234375
1768216498950109000,31.03010888671875,-0.1294097900390625,-0.0485076904296875,0.993499755859375
1768216498960109800,31.04010986328125,-0.1313629150390625,-0.0495452880859375,0.9943389892578125
1768216498970110000,31.05010986328125,-0.131988525390625,-0.0488739013671875,0.99591064453125
1768216498980110800,31.06011083984375,-0.134124755859375,-0.0515289306640625,0.994049072265625
1768216498990111000,31.070111083984376,-0.13128662109375,-0.0525360107421875,0.992034912109375
1768216499000112000,31.080112060546874,-0.1307830810546875,-0.053009033203125,0.9904632568359375
1768216499010113000,31.090113037109376,-0.129974365234375,-0.0501251220703125,0.9923248291015625
1768216499020113000,31.10011279296875,-0.132080078125,-0.049468994140625,0.992919921875
1768216499030114000,31.110114013671875,-0.133636474609375,-0.0532684326171875,0.992919921875
1768216499040114000,31.120114013671873,-0.134185791015625,-0.051666259765625,0.991912841796875
1768216499050114800,31.13011474609375,-0.1346588134765625,-0.0506134033203125,0.9912872314453125
1768216499060116000,31.140115966796873,-0.1319732666015625,-0.050140380859375,0.9905548095703125
1768216499070116000,31.1501162109375,-0.1284637451171875,-0.0502166748046875,0.990936279296875
1768216499080117000,31.160116943359377,-0.1324462890625,-0.0454864501953125,0.9925384521484375
1768216499090116900,31.170116943359375,-0.13519287109375,-0.044525146484375,0.9916229248046875
1768216499100118000,31.180117919921877,-0.1336517333984375,-0.0464935302734375,0.994232177734375
1768216499110119000,31.190118896484375,-0.132415771484375,-0.05035400390625,0.9940948486328125
1768216499120119000,31.200119140625,-0.132659912109375,-0.0503387451171875,0.99176025390625
1768216499130120000,31.210119873046875,-0.133453369140625,-0.0500030517578125,0.9916229248046875
1768216499140120000,31.2201201171875,-0.1313323974609375,-0.051849365234375,0.99212646484375
1768216499150121000,31.230120849609374,-0.1322784423828125,-0.050750732421875,0.9926605224609375
1768216499160121900,31.240121826171876,-0.132965087890625,-0.0482635498046875,0.9929351806640625
1768216499170122000,31.2501220703125,-0.1301116943359375,-0.048248291015625,0.9930267333984375
1768216499180123100,31.260123046875,-0.12738037109375,-0.0515899658203125,0.9948272705078125
1768216499190123000,31.270123046875,-0.13604736328125,-0.0477447509765625,0.98980712890625
1768216499200124000,31.2801240234375,-0.1372528076171875,-0.0499420166015625,0.9876861572265625
1768216499210124000,31.2901240234375,-0.1397247314453125,-0.05108642578125,0.98724365234375
1768216499220125000,31.300125,-0.138092041015625,-0.046539306640625,0.989990234375
1768216499230125800,31.310125732421874,-0.13458251953125,-0.048858642578125,0.9942169189453125
1768216499240126000,31.3201259765625,-0.1292266845703125,-0.0509185791015625,0.99420166015625
1768216499250127000,31.330127197265625,-0.1254119873046875,-0.05035400390625,0.99407958984375
1768216499260127000,31.340126953125,-0.1190338134765625,-0.0515899658203125,0.996002197265625
1768216499270128000,31.350128173828125,-0.1362762451171875,-0.049285888671875,0.994781494140625
1768216499280129000,31.36012890625,-0.1367645263671875,-0.04302978515625,0.9920196533203125
1768216499290129000,31.37012890625,-0.137908935546875,-0.0494232177734375,0.988311767578125
1768216499300129800,31.3801298828125,-0.1351165771484375,-0.0489959716796875,0.986724853515625
1768216499310130000,31.3901298828125,-0.138946533203125,-0.050506591796875,0.9865570068359375
1768216499320131000,31.400131103515626,-0.1405181884765625,-0.0514678955078125,0.98736572265625
1768216499330132000,31.410132080078125,-0.1401824951171875,-0.0514984130859375,0.98919677734375
1768216499340132000,31.420132080078126,-0.14044189453125,-0.051513671875,0.989959716796875
1768216499350133000,31.430133056640624,-0.14337158203125,-0.0477294921875,0.9895477294921875
1768216499360133000,31.440133056640626,-0.1414947509765625,-0.0477752685546875,0.99053955078125
1768216499370134000,31.450134033203124,-0.138031005859375,-0.0459747314453125,0.9914398193359375
1768216499380135200,31.46013525390625,-0.1343841552734375,-0.037933349609375,0.9960479736328125
