time,seconds_elapsed,z,y,x
1768216467978264000,0.05826416015625,-0.004576908424496651,-0.024835841730237007,0.006715160794556141
1768216467988265000,0.068264892578125,-0.005879194475710392,-0.024871794506907463,0.004564391914755106
1768216467998265900,0.078265869140625,-0.009786318056285381,-0.032884445041418076,-0.0034432008396834135
1768216468008266000,0.088265869140625,-0.009494967758655548,-0.03544587641954422,-0.005649629980325699
1768216468018267000,0.098266845703125,-0.0105354655534029,-0.03520166128873825,-0.008068579249083996
1768216468028267000,0.10826708984375,-0.011679559014737606,-0.030403712764382362,-0.007102916948497295
1768216468038268200,0.11826806640625,-0.011626295745372772,-0.025729332119226456,-0.004495149478316307
1768216468048269000,0.12826904296875,-0.01062361616641283,-0.02730991691350937,0.0034285534638911486
1768216468058269000,0.13826904296875,-0.0024791366886347532,-0.042019620537757874,0.009343167766928673
1768216468068270000,0.14827001953125,-0.003099653171375394,-0.04918166249990463,0.010100836865603924
1768216468078270000,0.15827001953125,0.0018945727497339249,-0.05618710443377495,0.004171841777861118
1768216468088270800,0.168270751953125,0.0041057956404984,-0.0521598719060421,-0.00663579860702157
1768216468098271200,0.178271240234375,0.006095442920923233,-0.056714411824941635,-0.01588628813624382
1768216468108272000,0.188272216796875,0.008243282325565815,-0.06931569427251816,-0.02515621855854988
1768216468118273000,0.19827294921875,0.008206264115869999,-0.07621567696332932,-0.03713671490550041
1768216468128273000,0.20827294921875,0.009543970227241516,-0.08076275885105133,-0.03778359666466713
1768216468138274000,0.218274169921875,0.010151171125471592,-0.07241081446409225,-0.035231757909059525
1768216468148274000,0.22827392578125,0.009340505115687847,-0.06634599715471268,-0.02846146933734417
1768216468158275000,0.238275146484375,0.004220843780785799,-0.06578194350004196,-0.02219798043370247
1768216468168275200,0.248275146484375,-0.003993410151451826,-0.06635638326406479,-0.01703677326440811
1768216468178276000,0.258276123046875,-0.007990282028913498,-0.057133592665195465,-0.02178918570280075
1768216468188277000,0.268277099609375,-0.015471900813281536,-0.04343429207801819,-0.022775353863835335
1768216468198277000,0.278277099609375,-0.017303889617323875,-0.025542378425598145,-0.012594355270266533
1768216468208278000,0.288278076171875,-0.015481221489608288,-0.0161811001598835,-0.006661897525191307
1768216468218278000,0.29827783203125,-0.012153069488704205,-0.017833592370152473,-0.003322559641674161
1768216468228279000,0.308279052734375,-0.011580489575862885,-0.02833496779203415,0.0004625910660251975
1768216468238279200,0.318279052734375,-0.008024370297789574,-0.030975492671132088,-0.00010093380114994943
1768216468248280000,0.328280029296875,-0.00615190202370286,-0.028741899877786636,-0.000651675509288907
1768216468258281000,0.338281005859375,-0.0025963156949728727,-0.02972034551203251,0.0016050871927291155
1768216468268281000,0.348281005859375,0.0035273567773401737,-0.02967160940170288,0.003154247999191284
1768216468278282000,0.358281982421875,0.006183859892189503,-0.020200610160827637,0.0014096111990511417
1768216468288281900,0.36828173828125,0.004864530172199011,-0.01931697316467762,-0.0003376888344064355
1768216468298283000,0.378282958984375,0.002073803450912237,-0.018365690484642982,-0.0022804648615419865
1768216468308283100,0.388283203125,-0.001811482128687203,-0.015309713780879974,-0.002907373011112213
1768216468318284000,0.398283935546875,-0.0036450685001909733,-0.012824718840420246,-0.005227252375334501
1768216468328285000,0.408284912109375,-0.0049675945192575455,-0.0052363071590662,-0.004063184838742018
1768216468338284800,0.418284912109375,-0.0094507597386837,0.0024770060554146767,-0.0003888215287588537
1768216468348285700,0.42828564453125,-0.010734936222434044,0.005683451890945435,0.001279116258956492
1768216468358285600,0.43828564453125,-0.008919725194573402,0.0009755159262567759,0.0031526500824838877
1768216468368287000,0.448286865234375,-0.009373261593282223,-0.0013456953456625342,0.004041879437863827
1768216468378287900,0.458287841796875,-0.013137639500200748,-0.0019558256026357412,0.009512278251349926
1768216468388287700,0.468287841796875,-0.013460681773722172,-0.005100752227008343,0.009616142138838768
1768216468398288600,0.47828857421875,-0.013154418207705021,-0.008712531067430973,0.00583844818174839
1768216468408288800,0.488288818359375,-0.014642858877778053,-0.011629758402705193,0.004756139125674963
1768216468418289700,0.49828955078125,-0.01287505216896534,-0.011228952556848526,0.009137039072811604
1768216468428289500,0.50828955078125,-0.01269848458468914,-0.012122709304094315,0.009668872691690922
1768216468438291000,0.518291015625,-0.009928264655172825,-0.006225937977433205,0.009529323317110538
1768216468448291800,0.528291748046875,-0.009428123012185097,-0.00956953689455986,0.012206865474581718
1768216468458291700,0.538291748046875,-0.007125287316739559,-0.013165337033569813,0.009091499261558056
1768216468468292600,0.548292724609375,-0.0093303844332695,-0.020384101197123528,0.006572681479156017
1768216468478292700,0.558292724609375,-0.00762969022616744,-0.024118386209011078,0.008389489725232124
1768216468488294000,0.5682939453125,-0.006581469904631376,-0.020177707076072693,0.009219064377248287
1768216468498294800,0.578294677734375,-0.007140733767300844,-0.01883147843182087,0.00905581284314394
1768216468508295000,0.588294921875,-0.004072772338986397,-0.015210910700261593,0.004930576309561729
1768216468518295800,0.5982958984375,-0.005153216887265444,-0.012164254672825336,0.0023702133912593126
1768216468528295700,0.608295654296875,-0.004235757514834404,-0.014466824010014534,-0.0012724583502858877
1768216468538296600,0.618296630859375,-0.009281382896006107,-0.025777269154787064,0.003153981640934944
1768216468548296700,0.628296630859375,-0.015046593733131886,-0.04237036034464836,0.015114503912627697
1768216468558297900,0.6382978515625,-0.01179221086204052,-0.03092862106859684,0.003234142903238535
1768216468568298800,0.648298828125,-0.011650530621409416,-0.026143720373511314,-0.0023126890882849693
1768216468578299000,0.658298828125,-0.011992746964097023,-0.03261573240160942,0.003138801548629999
1768216468588299800,0.6682998046875,-0.011242800392210484,-0.033187780529260635,0.010329336859285831
1768216468598299600,0.678299560546875,-0.006957774516195059,-0.03477449342608452,0.014689730480313301
1768216468608300800,0.68830078125,-0.006674680393189192,-0.02810034342110157,0.011199924163520336
1768216468618300700,0.69830078125,-0.007063501980155706,-0.015248994342982769,0.0095698032528162
1768216468628301800,0.7083017578125,-0.010544253513216972,-0.0011757856700569391,0.013173592276871204
1768216468638302700,0.718302734375,-0.012071576900780201,0.0029350698459893465,0.013483851216733456
1768216468648302800,0.728302734375,-0.013730992563068867,-0.0011835087789222598,0.00848696194589138
1768216468658303700,0.7383037109375,-0.01637045107781887,-0.0007526093395426869,0.0062395199202001095
1768216468668303600,0.7483037109375,-0.019270634278655052,-0.00019148127466905862,0.006958307232707739
1768216468678304800,0.7583046875,-0.01919526606798172,0.0033872744534164667,0.008115983568131924
1768216468688306000,0.768305908203125,-0.01842081919312477,0.006141782272607088,0.00917379092425108
1768216468698305800,0.778305908203125,-0.01546284556388855,0.0027569043450057507,0.005348426289856434
1768216468708306700,0.788306640625,-0.016288692131638527,0.0015773903578519821,0.008841694332659245
1768216468718306800,0.798306884765625,-0.01830257475376129,0.0012948289513587952,0.013997840695083141
1768216468728307700,0.8083076171875,-0.015894010663032532,0.00424161646515131,0.009014001116156578
1768216468738307800,0.818307861328125,-0.015280152671039104,0.00026604978484101593,0.0008444883860647678
1768216468748308700,0.828308837890625,-0.015442606061697006,-0.006637396290898323,-0.0037891454994678497
1768216468758310000,0.838309814453125,-0.013715279288589954,-0.0076299565844237804,0.00014993596414569765
1768216468768309800,0.848309814453125,-0.01468493603169918,-0.006874683778733015,0.003689276985824108
1768216468778310700,0.858310546875,-0.011966114863753319,-0.006418484263122082,0.000770452490542084
1768216468788310800,0.868310791015625,-0.009915481321513653,-0.006479470990598202,-0.009669139049947262
1768216468798311700,0.878311767578125,-0.007445399183779955,-0.011025220155715942,-0.015136875212192535
1768216468808312600,0.8883125,-0.008288822136819363,-0.0070429956540465355,-0.012627111747860909
1768216468818313000,0.89831298828125,-0.006560963578522205,-0.0015723302494734526,-0.007469367701560259
1768216468828313900,0.90831396484375,-0.00743181724101305,-0.007122091483324766,-0.0051718587055802345
1768216468838313700,0.918313720703125,-0.010091516189277172,-0.0038775624707341194,-0.004554271697998047
1768216468848315000,0.92831494140625,-0.010912834666669369,0.00011930961773032323,0.00070493872044608
1768216468858314800,0.938314697265625,-0.011461978778243065,0.003946272190660238,0.002017610939219594
1768216468868315600,0.948315673828125,-0.009380452334880829,0.006462160497903824,0.0021462414879351854
1768216468878316800,0.95831689453125,-0.006322077941149473,0.0065620290115475655,0.0032320122700184584
1768216468888317000,0.96831689453125,-0.005631786771118641,0.009140235371887684,0.004210457671433687
1768216468898317800,0.97831787109375,-0.0019952403381466866,0.006918093655258417,-0.0006101301987655461
1768216468908317700,0.988317626953125,-0.001440237509086728,0.00037230990710668266,0.00011158645065734163
1768216468918318800,0.99831884765625,-0.002025600289925933,-0.00018455706594977528,-0.003201385959982872
1768216468928319700,1.00831982421875,-0.0024136228021234274,0.0007760451408103108,-0.008883506059646606
1768216468938319600,1.018319580078125,-0.0054573495872318745,0.0004892227007076144,-0.01113254576921463
1768216468948320800,1.02832080078125,-0.004464789759367704,0.0030075078830122948,-0.010395648889243603
1768216468958321000,1.03832080078125,-0.005560413934290409,0.0064962487667799,-0.006106362212449312
1768216468968321800,1.04832177734375,-0.0057585532777011395,0.009736516512930393,-0.007562045939266682
1768216468978321700,1.05832177734375,-0.004693022463470697,0.009530387818813324,-0.014458035118877888
1768216468988322800,1.06832275390625,-0.00535561703145504,0.008739695884287357,-0.01648363471031189
1768216468998323700,1.07832373046875,-0.006731139495968819,0.009856092743575573,-0.010477142408490181
1768216469008323600,1.088323486328125,-0.008412659168243408,0.009327189065515995,-0.006938866339623928
1768216469018324700,1.09832470703125,-0.01001907791942358,0.003084739437326789,-0.008450210094451904
1768216469028324900,1.108324951171875,-0.012991165742278099,-0.005371329374611378,-0.011039068922400475
1768216469038325800,1.11832568359375,-0.013896108604967594,-0.01251286268234253,-0.010831874795258045
1768216469048326700,1.12832666015625,-0.014665761962532997,-0.014794392511248589,-0.004910602699965239
1768216469058326800,1.138326904296875,-0.021934060379862785,-0.01757127046585083,0.001100684516131878
1768216469068327700,1.14832763671875,-0.029650837182998657,-0.018267154693603516,0.015308382920920849
1768216469078327600,1.15832763671875,-0.031563520431518555,0.009349293075501919,0.017848238348960876
1768216469088329000,1.168328857421875,-0.0359761118888855,0.01477681566029787,0.026938406750559807
1768216469098328800,1.178328857421875,-0.03081383928656578,0.018252506852149963,0.011774634011089802
1768216469108329700,1.188329833984375,-0.021409152075648308,0.014141119085252285,-0.0022413162514567375
1768216469118330600,1.19833056640625,-0.018206434324383736,0.009412144310772419,-0.006749515421688557
1768216469128330800,1.208330810546875,-0.012800217606127262,0.006280532572418451,-0.010982077568769455
1768216469138331600,1.21833154296875,-0.007989749312400818,0.0021076255943626165,-0.016399214044213295
1768216469148331800,1.228331787109375,-0.005063468124717474,-0.0026439863722771406,-0.017415741458535194
1768216469158333000,1.2383330078125,-0.0008820389630272985,-0.00018429075134918094,-0.014810371212661266
1768216469168333800,1.248333740234375,-0.000010386328540334944,0.002680205274373293,-0.013038836419582367
1768216469178333700,1.258333740234375,0.0023190807551145554,0.004378236830234528,-0.016036223620176315
1768216469188334600,1.26833447265625,0.000922519015148282,0.006293049547821283,-0.01594274677336216
1768216469198334700,1.278334716796875,-0.0008476841612718999,0.01119140163064003,-0.010177004151046276
1768216469208336000,1.2883359375,-0.0021670141723006964,0.0065654912032186985,-0.009237706661224365
1768216469218335700,1.298335693359375,-0.006416620220988989,0.004540423396974802,-0.007611314300447702
1768216469228337000,1.3083369140625,-0.006337524391710758,-0.0018125474452972412,-0.011401524767279625
1768216469238337800,1.318337890625,-0.006390254944562912,-0.005533515941351652,-0.013086507096886635
1768216469248337700,1.328337646484375,-0.009718673303723335,-0.012819391675293446,-0.012071843259036541
1768216469258338800,1.3383388671875,-0.0086616650223732,-0.017719341441988945,-0.009732788428664207
1768216469268338700,1.348338623046875,-0.0054632085375487804,-0.014695589430630207,-0.002766491612419486
1768216469278339800,1.35833984375,-0.004774515051394701,-0.01565459370613098,0.00005219795639277436
1768216469288340000,1.368340087890625,-0.003002181416377425,-0.012761068530380726,0.0029814087320119143
1768216469298340900,1.3783408203125,-0.005337241105735302,-0.009038768708705902,0.003022687742486596
1768216469308341800,1.388341796875,-0.007112504448741674,-0.005205947440117598,0.0005656554130837321
1768216469318341600,1.398341552734375,-0.006862965878099203,-0.007040865253657103,-0.0054360441863536835
1768216469328342800,1.4083427734375,-0.0062941149808466434,-0.007852330803871155,-0.009799900464713573
1768216469338342700,1.4183427734375,-0.004293015692383051,-0.005862682592123747,-0.009278452955186367
1768216469348343600,1.428343505859375,-0.0017190704820677638,0.0026072347536683083,-0.010986871086061
1768216469358344400,1.438344482421875,-0.0003938815207220614,0.010735735297203064,-0.011116833426058292
1768216469368344600,1.448344482421875,0.000496945867780596,0.01173335500061512,-0.012136558070778847
1768216469378345500,1.458345458984375,0.0007182545377872884,0.009134909138083458,-0.016159795224666595
1768216469388345600,1.468345703125,-0.0025803367607295513,0.012101936154067516,-0.020501812919974327
1768216469398346800,1.4783466796875,-0.004176635295152664,0.011031345464289188,-0.016990967094898224
1768216469408347600,1.48834765625,-0.0036309538409113884,0.0004394215648062527,-0.018622687086462975
1768216469418347500,1.498347412109375,-0.005089567042887211,-0.010713363997638226,-0.017290573567152023
1768216469428348400,1.508348388671875,-0.0046701193787157536,-0.01684582605957985,-0.015325427055358887
1768216469438348500,1.5183486328125,-0.003206978552043438,-0.014254303649067879,-0.014129134826362133
1768216469448349700,1.528349609375,-0.0030807447619736195,-0.003876763628795743,-0.012075571343302727
1768216469458349800,1.538349853515625,-0.002660498023033142,0.004419249482452869,-0.013527526520192623
1768216469468350700,1.548350830078125,-0.006649114191532135,0.00875114742666483,-0.01564926654100418
1768216469478351600,1.5583515625,-0.008098939433693886,0.014536332339048386,-0.013612481765449047
1768216469488351500,1.5683515625,-0.007209975738078356,0.009495234116911888,-0.008930644020438194
1768216469498352600,1.5783525390625,-0.005841909907758236,0.0025001754984259605,-0.00122558674775064
1768216469508352500,1.5883525390625,-0.004815527703613043,-0.002261023735627532,0.002433596644550562
1768216469518353700,1.598353759765625,-0.0020546286832541227,0.0020604876335710287,0.000027963191314483993
1768216469528354600,1.6083544921875,-0.0013403689954429865,0.0023821976501494646,0.003993410151451826
1768216469538354700,1.618354736328125,0.0018106831703335047,0.0008141283178701997,0.008753543719649315
1768216469548355600,1.62835546875,0.0026551715563982725,0.0016466324450448155,0.013251889497041702
1768216469558355500,1.63835546875,0.005757754202932119,-0.0007621967233717442,0.011242534033954144
1768216469568356600,1.648356689453125,0.006167881190776825,0.0011973571963608265,0.005498628597706556
1768216469578356500,1.6583564453125,0.005151086021214724,0.008117581717669964,0.004781439434736967
1768216469588357600,1.668357666015625,0.004592621233314276,0.010129866190254688,-0.000025832661776803434
1768216469598358500,1.678358642578125,0.004429901950061321,0.020594224333763123,0.0001246359315700829
1768216469608358700,1.688358642578125,0.0031465247739106417,0.02232527919113636,-0.00013795174891129136
1768216469618359600,1.698359619140625,0.0007374293054454029,0.027477430179715157,0.00520647969096899
1768216469628359700,1.708359619140625,0.0037382792215794325,0.03446316719055176,0.0036309538409113884
1768216469638360600,1.718360595703125,0.00523577444255352,0.034753188490867615,0.0008458199445158243
1768216469648361700,1.72836181640625,0.0005547364708036184,0.02942606620490551,-0.002103364560753107
1768216469658361600,1.738361572265625,-0.0016383767360821366,0.013953899033367634,0.0027893949300050735
1768216469668362500,1.748362548828125,-0.003850131994113326,0.006150570698082447,0.006090383045375347
1768216469678362600,1.758362548828125,-0.001463406952098012,-0.0062584285624325275,0.0013646037550643086
1768216469688363500,1.768363525390625,-0.005599296186119318,0.007864846847951412,0.009723467752337456
1768216469698364400,1.778364501953125,-0.004608866758644581,0.00884808599948883,0.005376921966671944
1768216469708364500,1.788364501953125,-0.005004079546779394,0.010606039315462112,-0.0003382214636076242
1768216469718365700,1.79836572265625,-0.0014626081101596355,0.00887738075107336,-0.003216033335775137
1768216469728365600,1.808365478515625,-0.0024458470288664103,0.01182203833013773,-0.004715925548225641
1768216469738366700,1.81836669921875,-0.0011257182341068983,0.007700263988226652,-0.0025150892324745655
1768216469748366600,1.82836669921875,-0.0009129316313192248,-0.0046480149030685425,-0.004235225263983011
1768216469758367500,1.838367431640625,0.0013406352372840047,-0.013921674340963364,-0.0006183860241435468
1768216469768368600,1.84836865234375,0.0015707324491813779,-0.014466824010014534,0.0010543455136939883
1768216469778368800,1.85836865234375,0.0002865561400540173,-0.013107546605169773,0.002441585995256901
1768216469788369700,1.86836962890625,-0.00004021373388241045,-0.0070584421046078205,0.008347677998244762
1768216469798369500,1.87836962890625,-0.00016777914424892515,-0.008755940943956375,0.008807872422039509
1768216469808370700,1.88837060546875,0.00011877698125317693,-0.009908290579915047,0.007862983271479607
1768216469818371600,1.89837158203125,-0.003318032482638955,-0.011186608113348484,0.0027920580469071865
1768216469828371500,1.908371337890625,-0.002492984989657998,-0.013951501809060574,0.0042733084410429
1768216469838372600,1.91837255859375,-0.0018722022650763392,-0.010045976378023624,0.003454119898378849
1768216469848372700,1.928372802734375,0.0012831110507249832,-0.011624963954091072,0.005889314226806164
1768216469858373600,1.93837353515625,0.002950782421976328,-0.014638330787420273,0.0026636936236172915
1768216469868373800,1.948373779296875,0.003081543603911996,-0.012980246916413307,0.0017688715597614646
1768216469878374700,1.958374755859375,0.000526773277670145,-0.0068270135670900345,0.004850947763770819
1768216469888375600,1.96837548828125,0.0005776396137662232,-0.010754643008112907,0.008371646516025066
1768216469898375400,1.97837548828125,-0.0019648801535367966,-0.011137605644762516,0.008432100526988506
1768216469908376600,1.98837646484375,-0.0012905678013339639,-0.014391189441084862,0.005805158521980047
1768216469918376700,1.998376708984375,-0.002083390951156616,-0.013832991011440754,0.005093828309327364
1768216469928377600,2.008377685546875,-0.005034972447901964,-0.016175774857401848,0.0016495619202032685
1768216469938378500,2.01837841796875,-0.0057159424759447575,-0.012165852822363377,0.007605455350130796
1768216469948378600,2.028378662109375,-0.006515423767268658,-0.008627310395240784,0.006511695217341185
1768216469958379500,2.038379638671875,-0.005120726302266121,-0.009693906642496586,0.0009097357979044318
1768216469968379400,2.04837939453125,-0.006464024540036917,-0.012911804020404816,-0.0009262474486604333
1768216469978380800,2.058380859375,-0.006037386134266853,-0.013775200583040714,-0.003096190979704261
1768216469988381700,2.068381591796875,-0.004739627707749605,-0.01629561558365822,-0.001555818715132773
1768216469998381600,2.078381591796875,-0.003917776048183441,-0.014737932942807674,-0.0020642161834985018
1768216470008382500,2.088382568359375,-0.003918575122952461,-0.01366414688527584,-0.002114816103130579
1768216470018382600,2.098382568359375,-0.0012452941155061126,-0.009308014065027237,0.0023430490400642157
1768216470028383500,2.108383544921875,0.000544350128620863,-0.0068152956664562225,0.0029089709278196096
1768216470038383400,2.11838330078125,-0.00025486451340839267,-0.006043511442840099,0.002704440150409937
1768216470048384800,2.128384765625,-0.0005850964807905257,-0.007538077421486378,0.0001853560097515583
1768216470058385700,2.1383857421875,-0.0037851508241146803,-0.010940265841782093,0.0010271812789142132
1768216470068385500,2.148385498046875,-0.0046365633606910706,-0.016744891181588173,0.0024311996530741453
1768216470078386400,2.158386474609375,-0.004715392831712961,-0.016829313710331917,0.0025350630749017
1768216470088386600,2.168386474609375,-0.004512459971010685,-0.01452807616442442,0.002766491612419486
1768216470098387700,2.1783876953125,-0.005554554983973503,-0.014042582362890244,-0.004238154739141464
1768216470108388600,2.188388671875,-0.0011853729374706745,-0.012497149407863617,-0.012834838591516018
1768216470118388700,2.198388671875,-0.0010498181218281388,-0.011771970428526402,-0.010429205372929573
1768216470128389600,2.2083896484375,-0.0005480785621330142,-0.01182363647967577,-0.004733236040920019
1768216470138389500,2.218389404296875,0.00006604639202123508,-0.010174873284995556,-0.004746019374579191
1768216470148390700,2.228390625,-0.0001661812566453591,-0.009159675799310207,-0.005819805897772312
1768216470158391800,2.238391845703125,-0.00472498033195734,-0.0027353328187018633,-0.006383596919476986
1768216470168391700,2.2483916015625,-0.006326871924102306,0.002273540711030364,-0.007800132501870394
1768216470178392600,2.258392578125,-0.005957491230219603,0.002275404753163457,-0.0065260762348771095
1768216470188392700,2.268392822265625,-0.0049675945192575455,0.003156378399580717,-0.0013917679898440838
1768216470198393600,2.2783935546875,-0.002983805723488331,0.009344499558210373,0.004191549029201269
1768216470208394500,2.28839453125,0.000251402409048751,0.015871373936533928,0.006429936271160841
1768216470218394600,2.29839453125,-0.0012005530297756195,0.0202229805290699,0.0052046156488358974
1768216470228395800,2.308395751953125,-0.00034434671397320926,0.017408285290002823,0.0015044197207316756
1768216470238395600,2.318395751953125,0.0012029499048367143,0.007903995923697948,-0.003049585735425353
1768216470248396500,2.328396484375,0.0007001450285315514,0.003949468024075031,-0.005727660376578569
1768216470258396700,2.338396728515625,-0.001987250754609704,0.011048123240470886,-0.005357214715331793
1768216470268397600,2.3483974609375,-0.005561745725572109,0.01926264353096485,-0.0054943677969276905
1768216470278398500,2.3583984375,-0.007162571884691715,0.025234516710042953,-0.004189152270555496
1768216470288398600,2.368398681640625,-0.0037678403314203024,0.02538578398525715,0.0006239786162041128
1768216470298399700,2.378399658203125,-0.006539391819387674,0.026008697226643562,-0.0013696637470275164
1768216470308399600,2.388399658203125,-0.0036578518338501453,0.02750352956354618,-0.0021968416403979063
1768216470318400500,2.398400390625,-0.0006442186422646046,0.03509939834475517,0.001437041675671935
1768216470328401700,2.408401611328125,-0.0007395598222501576,0.03388366475701332,-0.002954244613647461
1768216470338402600,2.418402587890625,-0.00019494339358061552,0.015487613156437874,-0.010009490884840488
1768216470348403500,2.428403564453125,0.0016058861510828137,0.00321816373616457,-0.013437511399388313
1768216470358403300,2.4384033203125,0.0016386429779231548,-0.0009973538108170033,-0.01305295154452324
1768216470368404500,2.448404541015625,0.000844754686113447,-0.00242081331089139,-0.012042813934385777
1768216470378405400,2.4584052734375,-0.0012780509423464537,-0.0022418489679694176,-0.009970342740416527
1768216470388405200,2.4684052734375,-0.005176119972020388,-0.0020530307665467262,-0.007012103218585253
1768216470398406400,2.478406494140625,-0.0033571808598935604,0.001490304945036769,-0.008163654245436192
1768216470408406500,2.488406494140625,-0.003457582090049982,0.004539890680462122,-0.010690727271139622
1768216470418407400,2.498407470703125,-0.003734018187969923,0.012117915786802769,-0.009483249858021736
1768216470428407600,2.508407470703125,-0.001148088718764484,0.013745639473199844,-0.008677111007273197
1768216470438408400,2.518408447265625,0.00010998855577781796,0.008684834465384483,-0.007870440371334553
1768216470448409300,2.528409423828125,0.000024234765078290366,0.009771670214831829,-0.003090864745900035
1768216470458409200,2.5384091796875,-0.0008633967954665422,0.008392153307795525,-0.005831790156662464
1768216470468410400,2.548410400390625,-0.001368598430417478,0.0034416031558066607,-0.00669358903542161
1768216470478410500,2.558410400390625,-0.0006562029011547565,0.002502039773389697,-0.0033814155030995607
1768216470488411400,2.568411376953125,-0.0019571571610867977,0.0014173343079164624,-0.0021228056866675615
1768216470498412300,2.578412353515625,-0.003051982494071126,0.0075934710912406445,-0.0024410535115748644
1768216470508412400,2.588412353515625,-0.003640541108325124,0.007889348082244396,0.001336107961833477
1768216470518413300,2.598413330078125,-0.001823732745833695,0.00887844618409872,0.0005123922019265592
1768216470528413200,2.6084130859375,-0.0002210423699580133,0.010302704758942127,-0.008827047422528267
1768216470538414600,2.61841455078125,-0.0032168321777135134,0.005596366710960865,-0.012143747881054878
1768216470548415500,2.62841552734375,-0.0009773800848051906,-0.00011132013605674729,-0.011774367652833462
1768216470558415400,2.638415283203125,0.00012516857532318681,-0.003748399205505848,-0.013770140707492828
1768216470568416300,2.648416259765625,-0.0006082659820094705,-0.008017180487513542,-0.014627411961555481
1768216470578416400,2.65841650390625,-0.001073786523193121,-0.006137521006166935,-0.009256881661713123
1768216470588417300,2.668417236328125,-0.0034645062405616045,0.00003488740912871435,-0.002302569104358554
1768216470598418400,2.67841845703125,-0.0022237394005060196,0.0011659319279715419,0.004637096077203751
1768216470608418600,2.68841845703125,-0.0015672702575102448,-0.0017028251895681024,0.0001358212175546214
1768216470618419500,2.69841943359375,-0.0031638352666050196,0.003492469433695078,-0.0036674391012638807
1768216470628419300,2.70841943359375,-0.004101268015801907,0.00765871861949563,-0.005614742636680603
1768216470638420200,2.718420166015625,-0.0024197481106966734,0.005254683084785938,-0.006674680393189192
1768216470648420400,2.72842041015625,-0.0028096348978579044,0.005239769350737333,-0.00660384027287364
1768216470658421200,2.738421142578125,-0.0017294568242505193,0.011551993899047375,-0.007186539936810732
1768216470668422400,2.74842236328125,-0.0015536881983280182,0.01410649809986353,-0.005020325072109699
1768216470678422500,2.758422607421875,-0.003947869874536991,0.008862467482686043,-0.0062158177606761456
1768216470688423400,2.76842333984375,-0.006136988289654255,0.0080296965315938,-0.0020248014479875565
1768216470698423300,2.77842333984375,-0.004877579398453236,0.01104332972317934,0.00008708536915946752
1768216470708424400,2.788424560546875,-0.005486644338816404,0.01071123406291008,-0.005151352379471064
1768216470718425600,2.798425537109375,-0.001401355373673141,0.008479504846036434,-0.0049188584089279175
1768216470728425500,2.808425537109375,-0.0013377057621255517,0.010488593950867653,-0.0036506610922515392
1768216470738426400,2.81842626953125,0.0006833671359345317,0.003507116809487343,-0.0005163869354873896
1768216470748426500,2.828426513671875,-0.0017595505341887474,0.003005110891535878,0.0014026869321241975
1768216470758427400,2.838427490234375,-0.004279433749616146,0.005650429055094719,0.0001536643976578489
1768216470768428300,2.84842822265625,-0.003822967642918229,0.012279302813112736,-0.006073338910937309
1768216470778428400,2.858428466796875,-0.0070525831542909145,0.015795474871993065,-0.01221884973347187
1768216470788429600,2.8684296875,-0.006111422087997198,0.018331868574023247,-0.01589028351008892
1768216470798429400,2.878429443359375,-0.005029912106692791,0.01955239661037922,-0.01443912647664547
1768216470808430300,2.888430419921875,-0.006409962195903063,0.02425314113497734,-0.010633469559252262
1768216470818430500,2.898430419921875,-0.0051534827798604965,0.024092553183436394,-0.00953757856041193
1768216470828431400,2.908431396484375,-0.006435262504965067,0.020719924941658974,-0.006983873434364796
1768216470838432300,2.918432373046875,-0.003518834710121155,0.015544338151812553,-0.005708485841751099
1768216470848432400,2.928432373046875,-0.005400091875344515,0.009980728849768639,-0.010772752575576305
1768216470858433500,2.93843359375,-0.007174023427069187,0.00717508839443326,-0.01763012632727623
1768216470868433400,2.948433349609375,-0.01019830908626318,0.009664611890912056,-0.017115337774157524
1768216470878434300,2.958434326171875,-0.008499212563037872,0.01188142690807581,-0.014195714145898819
1768216470888435500,2.968435546875,-0.0070736221969127655,0.018071146681904793,-0.011891280300915241
1768216470898435300,2.978435302734375,-0.008785235695540905,0.0267192292958498,-0.016093749552965164
1768216470908436200,2.988436279296875,-0.005682386923581362,0.03182104602456093,-0.015915583819150925
1768216470918436400,2.998436279296875,-0.0046299053356051445,0.029518743976950645,-0.01733531430363655
1768216470928437500,3.0084375,-0.0012652678415179253,0.027425765991210938,-0.019350795075297356
1768216470938438400,3.0184384765625,-0.0012551478575915098,0.024396685883402824,-0.019449330866336823
1768216470948438500,3.0284384765625,-0.0012010856298729777,0.020907944068312645,-0.018441857770085335
1768216470958439400,3.038439453125,-0.0028008464723825455,0.02009008824825287,-0.018077537417411804
1768216470968439300,3.048439208984375,-0.004911135416477919,0.018376078456640244,-0.018762502819299698
1768216470978440200,3.058440185546875,-0.0023318638559430838,0.01483513880521059,-0.024947427213191986
1768216470988441300,3.06844140625,-0.0010508833220228553,0.009523198008537292,-0.030855383723974228
1768216470998441500,3.07844140625,0.0018540926976129413,0.008783371187746525,-0.03307246416807175
1768216471008442400,3.0884423828125,-0.00046605319948866963,0.009326922707259655,-0.03477129712700844
1768216471018442500,3.0984423828125,-0.0006865629111416638,0.007653392385691404,-0.033492978662252426
1768216471028443400,3.108443359375,-0.00014887070574332029,0.006624879315495491,-0.03272465616464615
1768216471038444300,3.1184443359375,-0.0015893745003268123,0.0101389205083251,-0.027883829548954964
1768216471048444400,3.1284443359375,-0.0008407599525526166,0.009979130700230598,-0.028172781690955162
1768216471058445600,3.138445556640625,0.0001536643976578489,0.005241633392870426,-0.031315844506025314
1768216471068445400,3.148445556640625,0.0016069513512775302,0.005646434146910906,-0.03405863419175148
1768216471078446300,3.1584462890625,0.002796585438773036,0.010342119261622429,-0.032113995403051376
1768216471088446500,3.168446533203125,0.0028503811918199062,0.016234630718827248,-0.02731497772037983
1768216471098447400,3.178447265625,0.001910285442136228,0.016944628208875656,-0.02876054123044014
1768216471108448500,3.188448486328125,0.003597398055717349,0.011385812424123287,-0.028865469619631767
1768216471118448400,3.198448486328125,0.003123621689155698,0.010904046706855297,-0.03586026281118393
1768216471128449500,3.208449462890625,-0.000021837920940015465,0.010364756919443607,-0.033195238560438156
1768216471138449400,3.218449462890625,0.0006466155173256993,0.012779710814356804,-0.031867917627096176
1768216471148450300,3.2284501953125,-0.00019121496006846428,0.02371864579617977,-0.023928502574563026
1768216471158451200,3.238451171875,-0.002776345470920205,0.02701750211417675,-0.020324978977441788
1768216471168451300,3.248451416015625,-0.005004079546779394,0.030413832515478134,-0.02346697635948658
1768216471178452500,3.258452392578125,-0.007272027432918549,0.03345729410648346,-0.02700658328831196
1768216471188452600,3.26845263671875,-0.009041432291269302,0.043352533131837845,-0.023624902591109276
1768216471198453500,3.27845361328125,-0.005063201766461134,0.05042668804526329,-0.0215324554592371
1768216471208454400,3.288454345703125,-0.002447977662086487,0.04806153476238251,-0.02070234902203083
1768216471218454300,3.298454345703125,-0.003722300287336111,0.04406173527240753,-0.02678527496755123
1768216471228455400,3.308455322265625,-0.00027324032271280885,0.04241776466369629,-0.028928587213158607
1768216471238455300,3.318455322265625,0.00008229167724493891,0.028251877054572105,-0.030533675104379654
1768216471248456400,3.32845654296875,0.00404587434604764,0.017956363037228584,-0.03682752326130867
1768216471258457300,3.338457275390625,0.007122357841581106,0.015452725812792778,-0.03629116341471672
1768216471268457500,3.34845751953125,0.007734085898846388,0.016711069270968437,-0.03623709827661514
1768216471278458400,3.358458251953125,0.006677609868347645,0.01200925838202238,-0.0319475457072258
1768216471288458200,3.368458251953125,0.0038458709605038166,0.00216514989733696,-0.029559489339590073
1768216471298459400,3.37845947265625,0.0009376989910379052,0.0038362834602594376,-0.027691015973687172
1768216471308460500,3.38846044921875,-0.0028826056513935328,0.005642705596983433,-0.02491040900349617
1768216471318460400,3.39846044921875,-0.0021781993564218283,0.0033510555513203144,-0.02611655555665493
1768216471328461300,3.40846142578125,-0.0025936525780707598,-0.0016429040115326643,-0.02787184529006481
1768216471338461000,3.4184609375,-0.0019744676537811756,-0.0000679106087773107,-0.02695252187550068
1768216471348461800,3.4284619140625,-0.0027385284192860126,0.0007099987124092877,-0.02821406163275242
1768216471358462000,3.4384619140625,-0.002728408435359597,-0.0017265273490920663,-0.029336849227547646
1768216471368462800,3.448462890625,-0.002020007697865367,-0.008055263198912144,-0.0258044321089983
1768216471378464000,3.458464111328125,-0.000586161739192903,-0.013520335778594017,-0.019892482087016106
1768216471388463900,3.4684638671875,-0.0013233247445896268,-0.01979900524020195,-0.01558029092848301
1768216471398465000,3.478465087890625,-0.004889563657343388,-0.026100575923919678,-0.015409848652780056
1768216471408465000,3.48846484375,-0.0010583401890471578,-0.03879879415035248,-0.02177560329437256
1768216471418465800,3.4984658203125,-0.005233644042164087,-0.04319913685321808,-0.02214737981557846
1768216471428466700,3.508466796875,-0.005858954507857561,-0.043120574206113815,-0.024575917050242424
1768216471438466800,3.518466796875,-0.008676312863826752,-0.03543016314506531,-0.019052520394325256
1768216471448468000,3.528468017578125,-0.006913566030561924,-0.028718996793031693,-0.01932256482541561
1768216471458467800,3.5384677734375,-0.006369748618453741,-0.029530195519328117,-0.019099391996860504
1768216471468469000,3.548468994140625,-0.00598545465618372,-0.026377012953162193,-0.014705176465213299
1768216471478470000,3.558469970703125,-0.007186806295067072,-0.03275608271360397,-0.014754711650311947
1768216471488469800,3.5684697265625,-0.008619320578873158,-0.028792500495910645,-0.016056997701525688
1768216471498470700,3.578470703125,-0.007904794998466969,-0.021868281066417694,-0.013502758927643299
1768216471508471000,3.588470947265625,-0.006314088590443134,-0.00646801944822073,-0.0132673354819417
1768216471518472000,3.598471923828125,-0.003061037277802825,0.008083226159214973,-0.014646586962044239
1768216471528472800,3.608472900390625,-0.003144660498946905,0.010271545499563217,-0.012177304364740849
1768216471538473000,3.618472900390625,-0.004582767374813557,0.009997506625950336,-0.00851625669747591
1768216471548473900,3.628473876953125,-0.002183259464800358,0.013941115699708462,-0.004462392535060644
1768216471558473700,3.6384736328125,-0.005471730604767799,0.017190171405673027,-0.0027808728627860546
1768216471568475100,3.64847509765625,-0.01188302505761385,0.01708444394171238,-0.0059508332051336765
1768216471578475000,3.65847509765625,-0.013379188254475594,0.015916649252176285,-0.005349491722881794
1768216471588476000,3.668475830078125,-0.015004515647888184,0.015368836000561714,-0.007168697193264961
1768216471598476800,3.678476806640625,-0.015566176734864712,0.01471423078328371,-0.0034376082476228476
1768216471608477000,3.688476806640625,-0.011985023505985737,0.01200899202376604,-0.0043928842060267925
1768216471618477800,3.698477783203125,-0.01139806304126978,0.005916478578001261,-0.0070547135546803474
1768216471628477700,3.708477783203125,-0.010936803184449673,0.004385693464428186,-0.009701629169285297
1768216471638479000,3.71847900390625,-0.012142948806285858,0.008442486636340618,-0.016344351693987846
1768216471648480000,3.72847998046875,-0.00905847642570734,0.01506896410137415,-0.02081819623708725
1768216471658479900,3.73847998046875,-0.011840147897601128,0.01913880743086338,-0.02774055115878582
1768216471668480800,3.748480712890625,-0.011972506530582905,0.02027065120637417,-0.030472155660390854
1768216471678481000,3.75848095703125,-0.013002350926399231,0.027274763211607933,-0.033010147511959076
1768216471688481800,3.768481689453125,-0.01588229276239872,0.03296513855457306,-0.03809891641139984
1768216471698483000,3.77848291015625,-0.01660880446434021,0.035040806978940964,-0.044321127235889435
1768216471708483000,3.788483154296875,-0.018018947914242744,0.03731541335582733,-0.04583912715315819
1768216471718484000,3.79848388671875,-0.01641838811337948,0.04073091968894005,-0.05048953741788864
1768216471728483800,3.80848388671875,-0.01661412976682186,0.04754381626844406,-0.05428880453109741
1768216471738484700,3.818484619140625,-0.017832260578870773,0.05337667092680931,-0.058820705860853195
1768216471748486000,3.82848583984375,-0.016528910025954247,0.057919491082429886,-0.06482134014368057
1768216471758485800,3.83848583984375,-0.012887036427855492,0.05703825131058693,-0.07278206199407578
1768216471768487000,3.84848681640625,-0.013914483599364758,0.060021258890628815,-0.07896964997053146
1768216471778487000,3.858487060546875,-0.012180233374238014,0.05518735572695732,-0.08417452871799469
1768216471788488000,3.868488037109375,-0.01164280716329813,0.04728921875357628,-0.08838365972042084
1768216471798488800,3.87848876953125,-0.009227586910128593,0.051781173795461655,-0.08832187205553055
1768216471808489000,3.888489013671875,-0.009691509418189526,0.0527321882545948,-0.08866915106773376
1768216471818489900,3.89848974609375,-0.004882373381406069,0.05668911337852478,-0.08786407858133316
1768216471828489700,3.90848974609375,-0.006229932885617018,0.05529255047440529,-0.08925078064203262
1768216471838491000,3.918490966796875,-0.007416104432195425,0.05553782731294632,-0.08683982491493225
1768216471848491000,3.928490966796875,-0.009681922383606434,0.060438308864831924,-0.08281685411930084
1768216471858492000,3.938491943359375,-0.008743690326809883,0.06149585172533989,-0.08654873818159103
1768216471868492800,3.948492919921875,-0.011352256871759892,0.06431720405817032,-0.09135707467794418
1768216471878493000,3.958492919921875,-0.011969044804573059,0.06914125382900238,-0.09149929136037827
1768216471888493800,3.968493896484375,-0.010809504427015781,0.07467556744813919,-0.08778791129589081
1768216471898494000,3.978493896484375,-0.008777512237429619,0.06973034888505936,-0.08653914928436279
1768216471908494800,3.988494873046875,-0.005116465035825968,0.061279602348804474,-0.08989713340997696
1768216471918496000,3.99849609375,-0.006399576086550951,0.05422089248895645,-0.09231661260128021
1768216471928495900,4.008495849609375,-0.00381444557569921,0.049902576953172684,-0.09588072448968887
1768216471938496800,4.018496826171875,-0.006249906495213509,0.051361989229917526,-0.09868316352367401
1768216471948497000,4.028496826171875,-0.004543619230389595,0.056358881294727325,-0.10533760488033295
1768216471958498000,4.038498046875,-0.00159470085054636,0.0581626370549202,-0.10988442599773407
1768216471968499000,4.0484990234375,0.0005118595436215401,0.055859003216028214,-0.11795540153980255
1768216471978498800,4.058498779296875,0.002898318227380514,0.06517127901315689,-0.12942670285701752
1768216471988500000,4.0685,0.002305498579517007,0.06584905087947845,-0.1322384625673294
1768216471998499800,4.078499755859375,0.0008351673022843897,0.06812845170497894,-0.12968289852142334
1768216472008500700,4.088500732421875,0.0049217878840863705,0.06335793435573578,-0.13672375679016113
1768216472018502000,4.098501953125,0.0009116000146605074,0.05891098827123642,-0.1415022760629654
1768216472028502000,4.108501953125,0.0005006743012927473,0.06066254898905754,-0.14301201701164246
1768216472038503000,4.1185029296875,0.00029401297797448933,0.0674368292093277,-0.14351855218410492
1768216472048503000,4.1285029296875,-0.003490072675049305,0.06115097180008888,-0.14245834946632385
1768216472058504000,4.13850390625,0.0043532028794288635,0.07002329081296921,-0.1422748565673828
1768216472068504800,4.1485048828125,0.012651879340410233,0.10639461874961853,-0.140504390001297
1768216472078504700,4.158504638671875,0.02630217745900154,0.14776389300823212,-0.13751737773418427
1768216472088505900,4.168505859375,0.027175961062312126,0.16365763545036316,-0.1268138736486435
1768216472098506000,4.178506103515625,0.0318727120757103,0.17567595839500427,-0.12358053028583527
1768216472108507000,4.1885068359375,0.036125779151916504,0.19920524954795837,-0.13365739583969116
1768216472118507800,4.1985078125,0.03388046845793724,0.21899838745594025,-0.1375994086265564
1768216472128508000,4.2085078125,0.037447240203619,0.23165160417556763,-0.1250457912683487
1768216472138508800,4.2185087890625,0.05066876858472824,0.2554035484790802,-0.10837627202272415
1768216472148508700,4.2285087890625,0.05986759439110756,0.2722488343715668,-0.1018747016787529
1768216472158510000,4.238510009765625,0.07307660579681396,0.2703990042209625,-0.099148690700531
1768216472168510000,4.248510009765625,0.08068685978651047,0.27452877163887024,-0.10223502665758133
1768216472178510800,4.2585107421875,0.07881572097539902,0.2896411418914795,-0.1047636941075325
1768216472188511700,4.26851171875,0.07445558905601501,0.2947043478488922,-0.11092518270015717
1768216472198511900,4.278511962890625,0.06853725016117096,0.30353644490242004,-0.1204097643494606
1768216472208512800,4.2885126953125,0.06875962018966675,0.3094920814037323,-0.12735874950885773
1768216472218513000,4.298512939453125,0.06950318068265915,0.3254276216030121,-0.13617515563964844
1768216472228514000,4.30851416015625,0.06682323664426804,0.3517388701438904,-0.13899676501750946
1768216472238515000,4.318514892578125,0.0669231042265892,0.3740590810775757,-0.13726331293582916
1768216472248514800,4.328514892578125,0.07347075641155243,0.3815785050392151,-0.13285845518112183
1768216472258515700,4.338515625,0.07170294970273972,0.38601428270339966,-0.12717951834201813
1768216472268515800,4.348515869140625,0.06932554394006729,0.39935803413391113,-0.11791837960481644
1768216472278517000,4.35851708984375,0.061046309769153595,0.4195703864097595,-0.11345226317644119
1768216472288518000,4.368517822265625,0.06866881251335144,0.43710994720458984,-0.1291278898715973
1768216472298518000,4.37851806640625,0.08492235094308853,0.43780797719955444,-0.13527952134609222
1768216472308519000,4.388518798828125,0.10510911047458649,0.45311394333839417,-0.1413414180278778
1768216472318518800,4.398518798828125,0.12144094705581665,0.49578657746315,-0.1532478779554367
1768216472328520000,4.40852001953125,0.1419113278388977,0.5388283133506775,-0.15794755518436432
1768216472338521000,4.41852099609375,0.1556876003742218,0.5540802478790283,-0.16070978343486786
1768216472348521000,4.42852099609375,0.16607579588890076,0.5552179217338562,-0.1608426719903946
1768216472358522000,4.438522216796875,0.1664678007364273,0.5728158354759216,-0.1736290454864502
1768216472368522200,4.448522216796875,0.1651167869567871,0.5951363444328308,-0.195962056517601
1768216472378523100,4.458523193359375,0.15963679552078247,0.6352986693382263,-0.20817025005817413
1768216472388523000,4.46852294921875,0.1556692272424698,0.6563816070556641,-0.1991807520389557
1768216472398524200,4.478524169921875,0.1552143543958664,0.6807681322097778,-0.18330751359462738
1768216472408525000,4.488525146484375,0.14733192324638367,0.6943678259849548,-0.15331898629665375
1768216472418525200,4.498525146484375,0.15715207159519196,0.7070357203483582,-0.129707932472229
1768216472428526000,4.508526123046875,0.16770245134830475,0.706682026386261,-0.11110654473304749
1768216472438526200,4.518526123046875,0.18580235540866852,0.7099164724349976,-0.10957522690296173
1768216472448527000,4.528527099609375,0.20784799754619598,0.7131929397583008,-0.1196206733584404
1768216472458528000,4.538528076171875,0.21907296776771545,0.7232620716094971,-0.13341477513313293
1768216472468528000,4.548528076171875,0.23960061371326447,0.7217816114425659,-0.16366589069366455
1768216472478529300,4.558529296875,0.2594664692878723,0.7148025631904602,-0.20257121324539185
1768216472488529200,4.568529052734375,0.2613884508609772,0.7285125255584717,-0.24461480975151062
1768216472498530000,4.578530029296875,0.26487720012664795,0.7058122754096985,-0.2664220929145813
1768216472508531200,4.58853125,0.27772057056427,0.6455678343772888,-0.2758675217628479
1768216472518531000,4.598531005859375,0.2789895534515381,0.6065109372138977,-0.23903201520442963
1768216472528532000,4.608531982421875,0.29147979617118835,0.5662495493888855,-0.21575120091438293
1768216472538532000,4.618531982421875,0.30243417620658875,0.5497989654541016,-0.21390803158283234
1768216472548533200,4.628533203125,0.2960873246192932,0.5687289834022522,-0.23003266751766205
1768216472558534100,4.6385341796875,0.28996631503105164,0.5695894360542297,-0.2527880370616913
1768216472568534000,4.648533935546875,0.2905266284942627,0.5484803915023804,-0.2712181806564331
1768216472578535200,4.65853515625,0.280190646648407,0.5321206450462341,-0.2641083598136902
1768216472588535000,4.66853515625,0.27428296208381653,0.5134372115135193,-0.25291162729263306
1768216472598536000,4.678535888671875,0.28774550557136536,0.4808156192302704,-0.23545566201210022
1768216472608537000,4.688537109375,0.29463961720466614,0.4408804476261139,-0.2028423249721527
1768216472618537200,4.698537109375,0.30139046907424927,0.4189163148403168,-0.1655852347612381
1768216472628538000,4.7085380859375,0.30611172318458557,0.3699394464492798,-0.13418389856815338
1768216472638538200,4.718538330078125,0.3178828954696655,0.29581594467163086,-0.12402394413948059
1768216472648539100,4.7285390625,0.32590994238853455,0.1779865175485611,-0.13173991441726685
1768216472658539000,4.7385390625,0.3313174843788147,0.08463738858699799,-0.1551206111907959
1768216472668540000,4.748539794921875,0.3314623534679413,0.10282304883003235,-0.15813983976840973
1768216472678541000,4.758541015625,0.3113222122192383,0.09171979874372482,-0.1714244782924652
1768216472688541200,4.768541259765625,0.30996397137641907,0.10806388407945633,-0.14322985708713531
1768216472698542000,4.7785419921875,0.3129989206790924,0.08800708502531052,-0.11807577311992645
1768216472708542200,4.788542236328125,0.30927687883377075,0.020293021574616432,-0.13214658200740814
1768216472718543000,4.798543212890625,0.3006839454174042,-0.0872853696346283,-0.1815681904554367
1768216472728544000,4.8085439453125,0.29207074642181396,-0.22037631273269653,-0.2476385533809662
1768216472738543900,4.8185439453125,0.34449639916419983,-0.34097781777381897,-0.2984873652458191
1768216472748545300,4.828545166015625,0.39212143421173096,-0.4035559892654419,-0.3054025173187256
1768216472758545200,4.838545166015625,0.4025498330593109,-0.4140043556690216,-0.2922923266887665
1768216472768546000,4.848546142578125,0.3791494369506836,-0.40127870440483093,-0.2674095928668976
1768216472778547000,4.858546875,0.34800565242767334,-0.3536374270915985,-0.2275862842798233
1768216472788547000,4.868547119140625,0.3142431378364563,-0.299279123544693,-0.2053433060646057
1768216472798548000,4.8785478515625,0.264607697725296,-0.22605231404304504,-0.19103680551052094
1768216472808548000,4.888548095703125,0.21794112026691437,-0.16221900284290314,-0.2145804762840271
1768216472818549200,4.89854931640625,0.1763949990272522,-0.11939404159784317,-0.23304016888141632
1768216472828550100,4.908550048828125,0.18216527998447418,-0.12258610129356384,-0.26114290952682495
1768216472838550000,4.918550048828125,0.17939293384552002,-0.14079760015010834,-0.28371721506118774
1768216472848551000,4.928551025390625,0.1857440322637558,-0.1777830421924591,-0.2946673333644867
1768216472858551000,4.938551025390625,0.20196828246116638,-0.19939379394054413,-0.2990732491016388
1768216472868552200,4.94855224609375,0.2131468951702118,-0.17085616290569305,-0.27543291449546814
1768216472878553000,4.958552978515625,0.21104353666305542,-0.1330360770225525,-0.22960975766181946
1768216472888553200,4.96855322265625,0.22050920128822327,-0.12215147167444229,-0.20680004358291626
1768216472898554000,4.97855419921875,0.2212972342967987,-0.1318078339099884,-0.20378482341766357
1768216472908554000,4.988553955078125,0.232015922665596,-0.132751926779747,-0.2048993557691574
1768216472918555100,4.99855517578125,0.23929700255393982,-0.11715591698884964,-0.2034447342157364
1768216472928555000,5.008554931640625,0.23823493719100952,-0.10736586898565292,-0.20470094680786133
1768216472938556200,5.01855615234375,0.23270781338214874,-0.10531444102525711,-0.19768297672271729
1768216472948557000,5.02855712890625,0.17968454957008362,-0.12074638903141022,-0.18630915880203247
1768216472958557200,5.03855712890625,0.16750536859035492,-0.13879063725471497,-0.18634776771068573
1768216472968558000,5.04855810546875,0.1555778682231903,-0.20270703732967377,-0.20329932868480682
1768216472978558000,5.058557861328125,0.1474781334400177,-0.24215485155582428,-0.2238490730524063
1768216472988559000,5.06855908203125,0.1222396269440651,-0.292076051235199,-0.23346255719661713
1768216472998560300,5.078560302734375,0.09009953588247299,-0.3428862392902374,-0.23000097274780273
1768216473008560000,5.08856005859375,0.04170669987797737,-0.4115166962146759,-0.20822083950042725
1768216473018561000,5.09856103515625,-0.01324176974594593,-0.4814843535423279,-0.17697611451148987
1768216473028561200,5.10856103515625,-0.0656658262014389,-0.5485574007034302,-0.1537781059741974
1768216473038562000,5.11856201171875,-0.11383788287639618,-0.6224622130393982,-0.14412255585193634
1768216473048563000,5.12856298828125,-0.152461975812912,-0.7017586827278137,-0.13950702548027039
1768216473058563000,5.13856298828125,-0.16325657069683075,-0.7653762698173523,-0.12733478844165802
1768216473068564200,5.148564208984375,-0.17802512645721436,-0.8041361570358276,-0.10024803876876831
1768216473078564000,5.158564208984375,-0.18828868865966797,-0.803805410861969,-0.07922664284706116
1768216473088565000,5.16856494140625,-0.18432509899139404,-0.7803741097450256,-0.06423038244247437
1768216473098566100,5.178566162109375,-0.17695294320583344,-0.7438395023345947,-0.05381343141198158
1768216473108566000,5.18856591796875,-0.17180611193180084,-0.696817934513092,-0.043946150690317154
1768216473118567000,5.19856689453125,-0.17736093699932098,-0.668201744556427,-0.047026898711919785
1768216473128567300,5.2085673828125,-0.18464787304401398,-0.6534960269927979,-0.053220342844724655
1768216473138568200,5.218568115234375,-0.19978740811347961,-0.6655897498130798,-0.06463544815778732
1768216473148568000,5.228568115234375,-0.22603818774223328,-0.6998656988143921,-0.08761986345052719
1768216473158569200,5.2385693359375,-0.26092320680618286,-0.7445210218429565,-0.12441036850214005
1768216473168570000,5.248570068359375,-0.30901697278022766,-0.7975176572799683,-0.17851488292217255
1768216473178570000,5.258570068359375,-0.37149685621261597,-0.8436374664306641,-0.24838212132453918
1768216473188571100,5.268571044921875,-0.4300459325313568,-0.8771403431892395,-0.30204614996910095
1768216473198571300,5.2785712890625,-0.46910038590431213,-0.9025165438652039,-0.33329832553863525
1768216473208572200,5.288572265625,-0.5022404789924622,-0.9253240823745728,-0.35229411721229553
1768216473218573000,5.298572998046875,-0.5286962985992432,-0.9363450407981873,-0.3720172345638275
1768216473228573200,5.3085732421875,-0.5202152132987976,-0.9686891436576843,-0.38880980014801025
1768216473238574000,5.318573974609375,-0.5427229404449463,-0.9666635394096375,-0.39087268710136414
1768216473248574000,5.328573974609375,-0.5446771383285522,-0.9390864968299866,-0.3818906247615814
1768216473258575000,5.3385751953125,-0.5179867148399353,-0.9452368021011353,-0.37193387746810913
1768216473268576300,5.348576171875,-0.5208562612533569,-0.9232977032661438,-0.35145390033721924
1768216473278576000,5.358576171875,-0.5215287208557129,-0.9417763352394104,-0.28765869140625
1768216473288577000,5.368576904296875,-0.5023638010025024,-0.967884361743927,-0.22516600787639618
1768216473298577200,5.3785771484375,-0.4843003749847412,-1.0107487440109253,-0.15623034536838531
1768216473308578000,5.388578125,-0.4613276720046997,-1.0198612213134766,-0.10853233933448792
1768216473318579200,5.3985791015625,-0.4254293143749237,-1.0162254571914673,-0.05516232177615166
1768216473328579000,5.4085791015625,-0.3949105739593506,-1.0041054487228394,-0.008038751780986786
1768216473338580200,5.418580322265625,-0.3685593903064728,-0.9907736778259277,0.02340598963201046
1768216473348580000,5.428580078125,-0.36175820231437683,-1.0076144933700562,0.05130419880151749
1768216473358581000,5.4385810546875,-0.37036049365997314,-1.0374886989593506,0.08219926804304123
1768216473368582000,5.448581787109375,-0.3863818049430847,-1.0577958822250366,0.11197846382856369
1768216473378582000,5.45858203125,-0.39447566866874695,-1.0509874820709229,0.12949860095977783
1768216473388583000,5.4685830078125,-0.3943172097206116,-1.0130584239959717,0.12685061991214752
1768216473398583000,5.4785830078125,-0.39186444878578186,-0.9428740739822388,0.11340272426605225
1768216473408584200,5.488584228515625,-0.3832603096961975,-0.8424779772758484,0.10133408010005951
1768216473418585000,5.498585205078125,-0.3677402138710022,-0.7224999070167542,0.08525045216083527
1768216473428585000,5.5085849609375,-0.34678006172180176,-0.6123132109642029,0.06862619519233704
1768216473438586000,5.518586181640625,-0.32775282859802246,-0.5197529196739197,0.03771062567830086
1768216473448586000,5.5285859375,-0.30355215072631836,-0.4461950659751892,0.0021824603900313377
1768216473458587000,5.5385869140625,-0.2683244049549103,-0.39986884593963623,-0.030279608443379402
1768216473468587000,5.5485869140625,-0.24425500631332397,-0.3785283863544464,-0.05385071411728859
1768216473478588200,5.558588134765625,-0.23288971185684204,-0.3690488636493683,-0.060692641884088516
1768216473488589000,5.568589111328125,-0.2181677520275116,-0.3686850965023041,-0.06540776789188385
1768216473498589000,5.5785888671875,-0.2033374011516571,-0.3652048707008362,-0.07654298096895218
1768216473508590000,5.588590087890625,-0.20051419734954834,-0.36117178201675415,-0.08046688139438629
1768216473518590000,5.59858984375,-0.20267029106616974,-0.3690749704837799,-0.07930067926645279
1768216473528590800,5.6085908203125,-0.20692788064479828,-0.37699973583221436,-0.0823579877614975
1768216473538592000,5.618592041015625,-0.21313677728176117,-0.40319886803627014,-0.08518653362989426
1768216473548592000,5.628592041015625,-0.2253015637397766,-0.4370891749858856,-0.08489678055047989
1768216473558593000,5.638593017578125,-0.22780174016952515,-0.4686974287033081,-0.08791547268629074
1768216473568593200,5.64859326171875,-0.22196274995803833,-0.5007137060165405,-0.09361889958381653
1768216473578594000,5.658593994140625,-0.20829647779464722,-0.5187105536460876,-0.08591464161872864
1768216473588595000,5.668594970703125,-0.20554010570049286,-0.5378381609916687,-0.07733873277902603
1768216473598594800,5.6785947265625,-0.210907444357872,-0.5544434785842896,-0.06190331652760506
1768216473608596000,5.688595947265625,-0.22130735218524933,-0.5911093950271606,-0.05185414105653763
1768216473618596000,5.69859619140625,-0.2236136496067047,-0.6219053864479065,-0.05318199470639229
1768216473628597000,5.708596923828125,-0.22815966606140137,-0.6393908858299255,-0.03942517191171646
1768216473638598000,5.718597900390625,-0.23384152352809906,-0.6543245315551758,-0.025612685829401016
1768216473648598000,5.728597900390625,-0.23361940681934357,-0.6377045512199402,-0.018066352233290672
1768216473658599000,5.738598876953125,-0.2273346185684204,-0.6131712794303894,-0.01841762289404869
1768216473668599000,5.74859912109375,-0.21858826279640198,-0.5803033113479614,-0.022875487804412842
1768216473678600200,5.75860009765625,-0.2151397317647934,-0.5344026684761047,-0.020124442875385284
1768216473688601000,5.76860107421875,-0.20958171784877777,-0.5107311606407166,-0.018849054351449013
1768216473698601000,5.77860107421875,-0.2140321284532547,-0.5108046531677246,-0.03888934105634689
1768216473708601900,5.788601806640625,-0.2138124257326126,-0.5068796873092651,-0.05549628287553787
1768216473718602000,5.79860205078125,-0.21186591684818268,-0.4918677508831024,-0.07379725575447083
1768216473728603100,5.80860302734375,-0.1946464478969574,-0.4731406569480896,-0.08017899096012115
1768216473738603000,5.81860302734375,-0.17193740606307983,-0.4296445846557617,-0.08193375170230865
1768216473748604200,5.828604248046875,-0.15583406388759613,-0.36983317136764526,-0.07099694758653641
1768216473758605000,5.83860498046875,-0.14608024060726166,-0.3186272382736206,-0.052922870963811874
1768216473768605000,5.84860498046875,-0.14299337565898895,-0.29224464297294617,-0.03414119407534599
1768216473778605800,5.858605712890625,-0.13721510767936707,-0.26722452044487,-0.029330991208553314
1768216473788606000,5.86860595703125,-0.14313878118991852,-0.2562142014503479,-0.03526025265455246
1768216473798607000,5.878607177734375,-0.15617574751377106,-0.25106337666511536,-0.051845353096723557
1768216473808608000,5.88860791015625,-0.1658739149570465,-0.23603729903697968,-0.06375953555107117
1768216473818608000,5.898608154296875,-0.17479710280895233,-0.2165248543024063,-0.07058735191822052
1768216473828609000,5.908609130859375,-0.17444157600402832,-0.1936861127614975,-0.0701814815402031
1768216473838609000,5.91860888671875,-0.1739443689584732,-0.1725936084985733,-0.0722358450293541
1768216473848610000,5.928610107421875,-0.17766879498958588,-0.16488829255104065,-0.07210881263017654
1768216473858611200,5.938611083984375,-0.18178310990333557,-0.161088228225708,-0.07041184604167938
1768216473868611000,5.948611083984375,-0.18675389885902405,-0.1588253378868103,-0.06599339842796326
1768216473878612000,5.958612060546875,-0.1830425262451172,-0.14200614392757416,-0.06831035017967224
1768216473888612000,5.968612060546875,-0.1739954948425293,-0.11803289502859116,-0.0754777118563652
1768216473898613000,5.978613037109375,-0.15595977008342743,-0.1169857382774353,-0.08493752777576447
1768216473908614000,5.98861376953125,-0.1387709379196167,-0.11925928294658661,-0.0982045978307724
1768216473918614000,5.998614013671875,-0.11457637697458267,-0.12183615565299988,-0.10062887519598007
1768216473928615200,6.008615234375,-0.09488309919834137,-0.1336299628019333,-0.10168614983558655
1768216473938615000,6.018614990234375,-0.08089058846235275,-0.14786376059055328,-0.0972791463136673
1768216473948616000,6.028615966796875,-0.06842752546072006,-0.13965722918510437,-0.08649467676877975
1768216473958617000,6.0386171875,-0.057147443294525146,-0.125374436378479,-0.0823177769780159
1768216473968617000,6.048616943359375,-0.0416952483355999,-0.1101699098944664,-0.08746220171451569
1768216473978617900,6.058617919921875,-0.018322547897696495,-0.09417709708213806,-0.09114402532577515
1768216473988618200,6.0686181640625,0.001321194227784872,-0.0671585276722908,-0.08586511015892029
1768216473998619100,6.078619140625,0.012867328710854053,-0.04092639312148094,-0.07465506345033646
1768216474008619000,6.088618896484375,0.019047195091843605,-0.029916886240243912,-0.06534118950366974
1768216474018620000,6.098619873046875,0.018624285236001015,-0.016213856637477875,-0.05818367749452591
1768216474028621000,6.10862109375,0.018154501914978027,-0.01387187372893095,-0.055629707872867584
1768216474038621000,6.118620849609375,0.021224329248070717,-0.015668442472815514,-0.06006999313831329
1768216474048622000,6.1286220703125,0.02148878015577793,-0.018989402800798416,-0.06664986908435822
1768216474058622200,6.138622314453125,0.020419254899024963,-0.017898572608828545,-0.07292027771472931
1768216474068623000,6.148623046875,0.023242205381393433,-0.015986690297722816,-0.07019346952438354
1768216474078624000,6.1586240234375,0.018881546333432198,-0.0029313412960618734,-0.0583149716258049
1768216474088624000,6.1686240234375,0.02238200418651104,0.006199306342750788,-0.038111697882413864
1768216474098625000,6.178625,0.02965802699327469,0.012473447248339653,-0.02485102042555809
1768216474108625000,6.188625,0.02881673350930214,0.00449914438650012,-0.02708461508154869
1768216474118626000,6.1986259765625,0.02485421672463417,-0.009135441854596138,-0.04870229214429855
1768216474128627000,6.208626953125,0.02526354417204857,-0.029283054172992706,-0.06795907765626907
1768216474138627000,6.218626953125,0.028491029515862465,-0.038473889231681824,-0.07491552084684372
1768216474148628000,6.2286279296875,0.03466290608048439,-0.0350852832198143,-0.06948879361152649
1768216474158628000,6.238628173828125,0.0380331352353096,-0.03453853726387024,-0.055938899517059326
1768216474168629000,6.24862890625,0.039852075278759,-0.028738969936966896,-0.0501348078250885
1768216474178630100,6.258630126953125,0.03929653763771057,-0.012509666383266449,-0.05336175858974457
1768216474188630000,6.268630126953125,0.04145956039428711,0.011012171395123005,-0.0545886754989624
1768216474198631200,6.278631103515625,0.04625644534826279,0.031380560249090195,-0.06534864753484726
1768216474208631000,6.288631103515625,0.056720536202192307,0.04717017337679863,-0.06979958713054657
1768216474218632000,6.2986318359375,0.0559423603117466,0.06072380021214485,-0.07200255244970322
1768216474228632000,6.308632080078125,0.04427452012896538,0.07213198393583298,-0.0694991797208786
1768216474238633000,6.318633056640625,0.03404238820075989,0.07667533308267593,-0.06570524722337723
1768216474248634000,6.328634033203125,0.026545856148004532,0.07217060029506683,-0.05964042618870735
1768216474258634000,6.338634033203125,0.0223830696195364,0.06367511302232742,-0.059577576816082
1768216474268635100,6.34863525390625,0.016704145818948746,0.04470408707857132,-0.06036560609936714
1768216474278635000,6.358635009765625,0.008494152687489986,0.026040920987725258,-0.058334946632385254
1768216474288636000,6.368635986328125,-0.0013582120882347226,0.012806875631213188,-0.06090223416686058
1768216474298636800,6.37863671875,-0.0065351310186088085,0.003166232258081436,-0.0639030858874321
1768216474308637000,6.388636962890625,-0.008153799921274185,-0.0049612028524279594,-0.057975150644779205
1768216474318638000,6.39863818359375,-0.007486145943403244,-0.0020663465838879347,-0.04652915149927139
1768216474328638000,6.408637939453125,-0.010430802591145039,0.005320463329553604,-0.029320605099201202
1768216474338638600,6.418638671875,-0.011964784003794193,0.00863396842032671,-0.021857628598809242
1768216474348639500,6.428639404296875,-0.013068131171166897,0.017555024474859238,-0.01672598347067833
1768216474358639400,6.438639404296875,-0.017889784649014473,0.022050706669688225,-0.016944361850619316
1768216474368640500,6.448640625,-0.017494570463895798,0.024350080639123917,-0.02003442868590355
1768216474378640400,6.458640380859375,-0.025589516386389732,0.027571706101298332,-0.021996112540364265
1768216474388641500,6.4686416015625,-0.03857562318444252,0.02568565495312214,-0.01509825885295868
1768216474398642400,6.478642333984375,-0.04770786687731743,0.026251576840877533,-0.012507270090281963
1768216474408642600,6.488642578125,-0.05498841777443886,0.02484569512307644,-0.017733190208673477
1768216474418643500,6.4986435546875,-0.06090356409549713,0.022120214998722076,-0.021801169961690903
1768216474428643600,6.5086435546875,-0.06326152384281158,0.01792014390230179,-0.020370252430438995
1768216474438644500,6.51864453125,-0.059125371277332306,0.016091618686914444,-0.017590444535017014
1768216474448645600,6.528645751953125,-0.052250154316425323,0.012121111154556274,-0.010859837755560875
1768216474458645500,6.5386455078125,-0.04410514235496521,0.009214803576469421,0.0014796522445976734
1768216474468646400,6.548646484375,-0.03573296219110489,0.013578127138316631,0.009258479811251163
1768216474478646500,6.558646484375,-0.028110196813941002,0.023271501064300537,0.016769392415881157
1768216474488647400,6.5686474609375,-0.02280065417289734,0.03239016234874725,0.027637487277388573
1768216474498647600,6.5786474609375,-0.02737383358180523,0.03629808500409126,0.03238510340452194
1768216474508648700,6.588648681640625,-0.0342828705906868,0.04019242525100708,0.035711392760276794
1768216474518649600,6.598649658203125,-0.040217459201812744,0.04139591008424759,0.03778412938117981
1768216474528649500,6.6086494140625,-0.03585493564605713,0.04163399711251259,0.032819733023643494
1768216474538650600,6.618650634765625,-0.030648989602923393,0.044795699417591095,0.031082285568118095
1768216474548650500,6.628650390625,-0.022959111258387566,0.05042029544711113,0.029515814036130905
1768216474558651400,6.6386513671875,-0.01793878711760044,0.06058132275938988,0.030364563688635826
1768216474568652500,6.648652587890625,-0.0160071961581707,0.06666584312915802,0.030125411227345467
1768216474578652700,6.658652587890625,-0.011079548858106136,0.06513985246419907,0.030346453189849854
1768216474588653600,6.668653564453125,-0.010083792731165886,0.05856717377901077,0.0341116301715374
1768216474598653400,6.6786533203125,-0.008195078931748867,0.052736714482307434,0.0381535105407238
1768216474608654600,6.688654541015625,-0.011991681531071663,0.043415650725364685,0.04441673308610916
1768216474618655500,6.698655517578125,-0.012626046314835548,0.0385199598968029,0.04242868348956108
1768216474628655400,6.7086552734375,-0.009501093067228794,0.036183036863803864,0.036250416189432144
1768216474638656500,6.718656494140625,-0.005911685060709715,0.04213600233197212,0.02502439357340336
1768216474648656600,6.72865673828125,-0.006367351859807968,0.04615604504942894,0.020257601514458656
1768216474658657500,6.738657470703125,-0.009188172407448292,0.05558815971016884,0.018390458077192307
1768216474668658400,6.748658447265625,-0.007859786972403526,0.05145946145057678,0.012169048190116882
1768216474678658600,6.758658447265625,-0.00541500560939312,0.042578086256980896,0.010673683136701584
1768216474688659500,6.768659423828125,-0.0022082931827753782,0.036671463400125504,0.008329568430781364
1768216474698659300,6.778659423828125,0.0004540689697023481,0.026927487924695015,0.009250756353139877
1768216474708660500,6.788660400390625,-0.0007142598042264581,0.017406420782208443,0.01213069912046194
1768216474718661600,6.79866162109375,-0.0002615224220789969,0.01227211207151413,0.01449718326330185
1768216474728661500,6.80866162109375,0.00006498113361885771,0.009291502647101879,0.018020546063780785
1768216474738662400,6.818662353515625,-0.0010178601369261742,0.002625077962875366,0.018736137077212334
1768216474748662500,6.82866259765625,-0.004257329273968935,-0.0027830032631754875,0.01267132069915533
1768216474758663400,6.838663330078125,-0.006322344299405813,-0.008622516877949238,0.005280249286442995
1768216474768664600,6.84866455078125,-0.012924587354063988,-0.014788533560931683,0.004703941289335489
1768216474778664700,6.858664794921875,-0.011521900072693825,-0.015360847115516663,0.005845372099429369
1768216474788665600,6.86866552734375,-0.013244166038930416,-0.016025304794311523,0.0065383268520236015
1768216474798665500,6.87866552734375,-0.014888668432831764,-0.013525396585464478,0.0006410228670574725
1768216474808666400,6.888666259765625,-0.012011655606329441,-0.012112855911254883,-0.0027031085919588804
1768216474818666500,6.89866650390625,-0.00827737059444189,-0.0012634035665541887,-0.011299792677164078
1768216474828667400,6.90866748046875,-0.005095958709716797,0.0038810246624052525,-0.01176584605127573
1768216474838668500,6.91866845703125,-0.004536162130534649,-0.003707386553287506,-0.008360461331903934
1768216474848668700,6.928668701171875,-0.0027092336677014828,-0.006697850301861763,-0.0022895196452736855
1768216474858669600,6.938669677734375,0.003622697899118066,-0.00811837986111641,-0.00033103092573583126
1768216474868669400,6.94866943359375,0.006863232236355543,-0.0005012069013901055,-0.0023166837636381388
1768216474878670300,6.95867041015625,0.006052832584828138,0.013939783908426762,-0.006162288598716259
1768216474888671700,6.968671630859375,0.007511179428547621,0.015719307586550713,-0.012676646932959557
1768216474898671600,6.978671630859375,0.005364938173443079,0.01756487973034382,-0.014125140383839607
1768216474908672500,6.988672607421875,0.012827914208173752,0.024631576612591743,-0.01817767135798931
1768216474918672600,6.998672607421875,0.024291224777698517,0.031496673822402954,-0.018096711486577988
1768216474928673500,7.008673583984375,0.03833140805363655,0.0344059094786644,-0.018185395747423172
1768216474938674400,7.01867431640625,0.04527214169502258,0.024630511179566383,-0.017474330961704254
1768216474948674600,7.028674560546875,0.049847718328237534,0.006444850005209446,-0.017176058143377304
1768216474958675700,7.03867578125,0.04605377838015556,-0.004054662771522999,-0.020501812919974327
1768216474968675600,7.048675537109375,0.04466573894023895,-0.01446815486997366,-0.025245169177651405
1768216474978676500,7.058676513671875,0.04399115964770317,-0.01866289973258972,-0.029578132554888725
1768216474988677400,7.068677490234375,0.04117513447999954,-0.016199210658669472,-0.03176405653357506
1768216474998677500,7.078677490234375,0.03955300152301788,-0.0025329324416816235,-0.0298998411744833
1768216475008678400,7.088678466796875,0.037153229117393494,0.011085674166679382,-0.03050437942147255
1768216475018678500,7.098678466796875,0.03719557076692581,0.02973099797964096,-0.02960875816643238
1768216475028679700,7.1086796875,0.03629489243030548,0.04246490076184273,-0.030966704711318016
1768216475038680600,7.1186806640625,0.03718891367316246,0.05096171796321869,-0.029931534081697464
1768216475048680400,7.128680419921875,0.036864008754491806,0.0536898598074913,-0.027459055185317993
1768216475058681600,7.138681640625,0.03721101954579353,0.05601213499903679,-0.021735655143857002
1768216475068681500,7.148681396484375,0.03744804114103317,0.048584580421447754,-0.017726799473166466
1768216475078682400,7.158682373046875,0.03865152224898338,0.04532007873058319,-0.019215505570173264
1768216475088683500,7.16868359375,0.03680648282170296,0.044137101620435715,-0.018800053745508194
1768216475098683600,7.17868359375,0.03792154788970947,0.04326970875263214,-0.020424848422408104
1768216475108684500,7.1886845703125,0.039142608642578125,0.045462023466825485,-0.019101522862911224
1768216475118684400,7.198684326171875,0.035285286605358124,0.04908125847578049,-0.019632557407021523
1768216475128685600,7.208685546875,0.034929487854242325,0.056168731302022934,-0.01540398970246315
1768216475138685400,7.218685546875,0.03634389117360115,0.06744988262653351,-0.010750115849077702
1768216475148686300,7.228686279296875,0.03580779954791069,0.07266408205032349,-0.008098673075437546
1768216475158687500,7.2386875,0.03171904757618904,0.07393360882997513,-0.008130896836519241
1768216475168687600,7.2486875,0.030760042369365692,0.07124568521976471,-0.0073258234187960625
1768216475178688500,7.2586884765625,0.03014964610338211,0.07027975469827652,-0.004681038204580545
1768216475188688600,7.268688720703125,0.03051077201962471,0.07249284535646439,-0.004999286029487848
1768216475198689500,7.278689453125,0.03129240870475769,0.08143440634012222,-0.004079164005815983
1768216475208690400,7.2886904296875,0.030461236834526062,0.08635459840297699,-0.00740198977291584
1768216475218690600,7.298690673828125,0.026320554316043854,0.08852773159742355,-0.013315272517502308
1768216475228691500,7.30869140625,0.020844828337430954,0.0917152687907219,-0.020380638539791107
1768216475238691600,7.318691650390625,0.017522800713777542,0.0930631011724472,-0.028970930725336075
1768216475248692500,7.3286923828125,0.015269233845174313,0.0971105694770813,-0.03534121438860893
1768216475258693400,7.338693359375,0.012831109575927258,0.0975787565112114,-0.04069256782531738
1768216475268693500,7.348693603515625,0.015077752992510796,0.09898170828819275,-0.043775711208581924
1768216475278694700,7.358694580078125,0.014888402074575424,0.10188455134630203,-0.044920869171619415
1768216475288694500,7.368694580078125,0.013548566028475761,0.10618901997804642,-0.04776565730571747
1768216475298695700,7.37869580078125,0.011435880325734615,0.11105115711688995,-0.05019845440983772
1768216475308696600,7.388696533203125,0.011083011515438557,0.11225143820047379,-0.04990763962268829
1768216475318696400,7.398696533203125,0.01107289083302021,0.11299286782741547,-0.04761625453829765
1768216475328697300,7.408697265625,0.011447331868112087,0.1135939359664917,-0.048821866512298584
1768216475338698800,7.41869873046875,0.010750914923846722,0.10816401988267899,-0.04256530478596687
1768216475348699600,7.42869970703125,0.012173042632639408,0.10097508132457733,-0.03289909288287163
1768216475358700800,7.43870068359375,0.0091745899990201,0.10496929287910461,-0.02749740518629551
1768216475368700700,7.44870068359375,0.006844057701528072,0.10222224146127701,-0.027160514146089554
1768216475378701600,7.45870166015625,0.006607302464544773,0.09976707398891449,-0.02177560329437256
1768216475388701700,7.46870166015625,0.006173473782837391,0.09406311810016632,-0.014310229569673538
1768216475398702600,7.47870263671875,0.004720985423773527,0.08413431793451309,-0.010958908125758171
1768216475408703500,7.488703369140625,0.00043809000635519624,0.0742928758263588,-0.008618521504104137
1768216475418703600,7.49870361328125,-0.0008980178972706199,0.0618700236082077,-0.003272492438554764
1768216475428704800,7.508704833984375,-0.007852597162127495,0.04963359981775284,-0.0026578346733003855
1768216475438704600,7.51870458984375,-0.00965502392500639,0.040882185101509094,-0.00526613462716341
1768216475448705800,7.528705810546875,-0.009791377931833267,0.03527117148041725,-0.010047041811048985
1768216475458706700,7.538706787109375,-0.006441387813538313,0.038307443261146545,-0.012200740166008472
1768216475468706600,7.54870654296875,-0.006951649207621813,0.04429076611995697,-0.01641758903861046
1768216475478707500,7.55870751953125,-0.005470665637403727,0.04651317372918129,-0.019122827798128128
1768216475488707600,7.56870751953125,-0.003810983384028077,0.04686710610985756,-0.011830826289951801
1768216475498708700,7.578708740234375,-0.000248472933890298,0.04194425418972969,-0.005515406373888254
1768216475508709600,7.588709716796875,0.002572879893705249,0.03274969011545181,-0.001148355077020824
1768216475518709800,7.598709716796875,0.001814677962101996,0.02359241060912609,-0.001341700553894043
1768216475528710700,7.608710693359375,0.00002370213405811228,0.017712684348225594,-0.003715375903993845
1768216475538710500,7.61871044921875,-0.00336170825175941,0.019719108939170837,-0.004077033139765263
1768216475548711400,7.62871142578125,-0.008020375855267048,0.021737519651651382,-0.0038373488932847977
1768216475558712800,7.638712890625,-0.011169830337166786,0.026076607406139374,-0.0006580671179108322
1768216475568712700,7.648712646484375,-0.01176131796091795,0.025248099118471146,0.0030629015527665615
1768216475578713600,7.658713623046875,-0.009970342740416527,0.020920461043715477,-0.001014398061670363
1768216475588713700,7.668713623046875,-0.0058067562058568,0.020668260753154755,-0.002829076023772359
1768216475598714600,7.678714599609375,-0.004281031433492899,0.01895318552851677,-0.0036858150269836187
1768216475608715500,7.688715576171875,-0.006500510033220053,0.01859019510447979,-0.003850131994113326
1768216475618715600,7.698715576171875,-0.007144462317228317,0.020376911386847496,-0.005861883983016014
1768216475628716800,7.708716796875,-0.0065223476849496365,0.01823865808546543,-0.005628857295960188
1768216475638716700,7.718716552734375,-0.00777669670060277,0.008075769990682602,-0.00857457984238863
1768216475648717600,7.728717529296875,-0.0035712989047169685,0.006688795518130064,-0.005033107940107584
1768216475658718500,7.738718505859375,-0.0030868700705468655,0.01010829396545887,-0.003919640555977821
1768216475668718600,7.748718505859375,-0.00011664645717246458,0.013148559257388115,-0.006335127633064985
1768216475678719700,7.7587197265625,-0.0018024274613708258,0.018991000950336456,-0.008079498074948788
1768216475688720000,7.768719970703125,-0.0013275857781991363,0.02154204435646534,-0.007647533435374498
1768216475698720800,7.778720703125,-0.004511661361902952,0.020229371264576912,-0.005649629980325699
1768216475708721700,7.7887216796875,-0.006162820849567652,0.018738534301519394,0.0005826996639370918
1768216475718721500,7.798721435546875,-0.013333115726709366,0.017432786524295807,0.002837864449247718
1768216475728722700,7.80872265625,-0.015921175479888916,0.014592524617910385,0.003659449517726898
1768216475738722600,7.81872265625,-0.015958992764353752,0.019515911117196083,0.001615207176655531
1768216475748723700,7.8287236328125,-0.011540009640157223,0.026561303064227104,0.00004873584839515388
1768216475758724600,7.838724609375,-0.0038661109283566475,0.031004255637526512,-0.004005660768598318
1768216475768724700,7.848724853515625,-0.001008539111353457,0.03723285719752312,-0.007193997036665678
1768216475778725600,7.8587255859375,0.007229949813336134,0.03828613460063934,-0.007967112585902214
1768216475788725500,7.8687255859375,0.00646775308996439,0.0305805467069149,-0.007047523278743029
1768216475798726700,7.8787265625,0.0074619110673666,0.02064802125096321,-0.008096808567643166
1768216475808727800,7.888727783203125,0.00566907087340951,0.013118731789290905,-0.006204099860042334
1768216475818727700,7.898727783203125,0.008820655755698681,0.011659585870802402,-0.005095159634947777
1768216475828728600,7.908728515625,0.007930360734462738,0.01227610744535923,-0.00974583812057972
1768216475838728700,7.918728759765625,0.007375358138233423,0.015439409762620926,-0.011542405933141708
1768216475848729600,7.9287294921875,0.006105296779423952,0.021075723692774773,-0.011716310866177082
1768216475858730500,7.93873046875,0.006429403554648161,0.02828090637922287,-0.010728011839091778
1768216475868730600,7.948730712890625,0.008532501757144928,0.03201252594590187,-0.0099008334800601
1768216475878731800,7.958731689453125,0.010686999186873436,0.03188549354672432,-0.013641243800520897
1768216475888731600,7.968731689453125,0.008944492787122726,0.030416496098041534,-0.016987506300210953
1768216475898732500,7.978732666015625,0.0051966262981295586,0.024083232507109642,-0.017892181873321533
1768216475908733700,7.988733642578125,0.004022172186523676,0.02321983501315117,-0.017835456877946854
1768216475918733600,7.998733642578125,0.004350007511675358,0.02135455794632435,-0.014992265030741692
1768216475928734500,8.008734375,0.0057249972596764565,0.02166348323225975,-0.011536546982824802
1768216475938734600,8.018734619140625,0.006637662649154663,0.019354788586497307,-0.00785392802208662
1768216475948735700,8.02873583984375,0.004203000571578741,0.017371267080307007,-0.005034173373132944
1768216475958736600,8.038736572265625,0.0035172367934137583,0.01690095290541649,-0.008173241280019283
1768216475968736800,8.04873681640625,0.0010226538870483637,0.017496434971690178,-0.009937318973243237
1768216475978737700,8.058737548828125,0.001356347929686308,0.01889113336801529,-0.012442555278539658
1768216475988737500,8.068737548828125,0.0012282498646527529,0.022292256355285645,-0.011576228775084019
1768216475998738400,8.078738525390625,0.0002873550693038851,0.02172606810927391,-0.010357832536101341
1768216476008739600,8.088739501953125,0.0035140409599989653,0.024587901309132576,-0.01044278685003519
1768216476018739700,8.09873974609375,0.0007486145477741957,0.02647794596850872,-0.00698041170835495
1768216476028740600,8.10874072265625,-0.0003283677506260574,0.027416976168751717,-0.007604656275361776
1768216476038740700,8.11874072265625,0.00041864890954457223,0.026930151507258415,-0.009549829177558422
1768216476048741600,8.12874169921875,-0.0007323693134821951,0.0258044321089983,-0.005711681675165892
1768216476058742800,8.13874267578125,-0.002662628423422575,0.028419656679034233,-0.00552392890676856
1768216476068742700,8.14874267578125,-0.0067873322404921055,0.03398939222097397,-0.004963865969330072
1768216476078743800,8.158743896484374,-0.006398510653525591,0.03346554934978485,-0.002091380301862955
1768216476088743700,8.16874365234375,-0.012646819464862347,0.04779361933469772,-0.007918376475572586
1768216476098744600,8.17874462890625,-0.00839694682508707,0.047090545296669006,0.002101234160363674
1768216476108745500,8.188745361328126,-0.0005667206714861095,0.0415080301463604,0.003078347770497203
1768216476118745600,8.19874560546875,0.0027569043450057507,0.04114530608057976,0.004888498689979315
1768216476128746800,8.208746826171875,0.005213404074311256,0.03429139405488968,0.008291485719382763
1768216476138746600,8.21874658203125,0.012150672264397144,0.027042269706726074,0.008102933876216412
1768216476148747800,8.228747802734375,0.011679292656481266,0.019809924066066742,0.005278118886053562
1768216476158748700,8.238748779296875,0.01013732235878706,0.00899855513125658,-0.00019520970818120986
1768216476168748500,8.24874853515625,0.006730074528604746,0.0005502090789377689,-0.003907656297087669
1768216476178749400,8.25874951171875,0.001882854849100113,-0.0029878003988415003,-0.008014783263206482
1768216476188749600,8.26874951171875,-0.0014974954538047314,-0.0004601942200679332,-0.005774531979113817
1768216476198750700,8.278750732421875,-0.004944957327097654,0.0003499393642414361,-0.0046783750876784325
1768216476208751600,8.288751708984375,-0.004053330980241299,0.0054909056052565575,-0.0009659285424277186
1768216476218751700,8.298751708984375,-0.0043832967057824135,0.005548163317143917,0.0015728629659861326
1768216476228752600,8.308752685546875,-0.0009614011505618691,0.004298341926187277,0.0046852994710206985
1768216476238753500,8.31875341796875,0.00030892668291926384,-0.00507039250805974,0.008710667490959167
1768216476248753700,8.328753662109374,0.0035744947381317616,-0.012192483991384506,0.008270712569355965
1768216476258754800,8.3387548828125,0.001311873085796833,-0.023021429777145386,0.008857940323650837
1768216476268754700,8.348754638671876,0.0008492820779792964,-0.0361606664955616,0.009184177033603191
1768216476278755600,8.358755615234376,-0.002156894188374281,-0.04922214150428772,0.008098140358924866
1768216476288756700,8.3687568359375,-0.005110073368996382,-0.06262396275997162,0.0049409628845751286
1768216476298756600,8.378756591796876,-0.0076030585914850235,-0.07589370012283325,0.00162399560213089
1768216476308757500,8.388757568359376,-0.009857690893113613,-0.08072440326213837,-0.0034083134960383177
1768216476318757600,8.398757568359375,-0.009865679778158665,-0.08228954672813416,-0.005848834291100502
1768216476328758800,8.4087587890625,-0.005034972447901964,-0.08589307218790054,-0.009668606333434582
1768216476338759000,8.418759033203125,0.000022636868379777297,-0.09002656489610672,-0.012080897577106953
1768216476348759000,8.428759033203125,-0.0008343683439306915,-0.09514622390270233,-0.014515026472508907
1768216476358760000,8.438760009765625,-0.0005544701125472784,-0.09068915992975235,-0.012063587084412575
1768216476368759800,8.448759765625,-0.0019955066964030266,-0.08226610720157623,-0.003970507066696882
1768216476378760700,8.4587607421875,-0.0013853764394298196,-0.06873006373643875,0.008970857597887516
1768216476388761900,8.468761962890625,-0.0010298443958163261,-0.058392737060785294,0.02167174033820629
1768216476398761700,8.47876171875,0.0009752495680004358,-0.05029726028442383,0.029709959402680397
1768216476408763000,8.488762939453125,-0.00015393071225844324,-0.048714276403188705,0.026073945686221123
1768216476418763000,8.498762939453124,0.0005083974683657289,-0.05134468153119087,0.015158180147409439
1768216476428764000,8.508763916015624,0.000499875342939049,-0.0635070726275444,0.00236222380772233
1768216476438764800,8.518764892578124,-0.00007190534961409867,-0.07493922114372253,-0.0031465247739106417
1768216476448765000,8.528764892578126,0.0016021577175706625,-0.08875942975282669,-0.006202502176165581
1768216476458765800,8.538765869140626,-0.000017843178284238093,-0.09467564523220062,-0.004664260428398848
1768216476468765700,8.548765625,0.004580370616167784,-0.09756011515855789,-0.0019257317762821913
1768216476478766800,8.558766845703126,0.007095459848642349,-0.09570176154375076,-0.00487305223941803
1768216476488767700,8.568767822265626,0.00803076196461916,-0.09159596264362335,-0.007177751511335373
1768216476498768000,8.578767822265625,0.0026399914640933275,-0.09015492349863052,-0.006956176832318306
1768216476508768800,8.588768798828125,0.0006729807937517762,-0.08904784917831421,-0.005078381858766079
1768216476518769000,8.598768798828125,-0.005739378277212381,-0.07581167668104172,-0.006275472696870565
1768216476528770000,8.60877001953125,-0.005921804811805487,-0.06884963810443878,0.0005004079430364072
1768216476538771000,8.61877099609375,-0.004505802411586046,-0.058405254036188126,0.0070738885551691055
1768216476548770800,8.628770751953125,-0.004334561061114073,-0.04784075915813446,0.009181248024106026
1768216476558772000,8.63877197265625,-0.00040719733806326985,-0.03154860436916351,0.007322361227124929
1768216476568771800,8.648771728515625,0.0020210728980600834,-0.023680295795202255,0.004247209057211876
1768216476578772700,8.658772705078125,0.004862399306148291,-0.018259165808558464,-0.0015089471125975251
1768216476588774000,8.66877392578125,0.007143929600715637,-0.017173660919070244,-0.003948402591049671
1768216476598774000,8.67877392578125,0.009922938421368599,-0.013562946580350399,-0.0033635725267231464
1768216476608775000,8.68877490234375,0.01455657184123993,-0.010792993009090424,-0.00021731393644586205
1768216476618775800,8.69877587890625,0.01667378470301628,-0.0107708889991045,0.0006029396899975836
1768216476628776000,8.70877587890625,0.017238374799489975,-0.013002617284655571,-0.0012183962389826775
1768216476638776800,8.71877685546875,0.020065853372216225,-0.016949422657489777,-0.007862983271479607
1768216476648776700,8.728776611328126,0.01452701073139906,-0.023965787142515182,-0.012464392930269241
1768216476658777900,8.73877783203125,0.007445399183779955,-0.02641882374882698,-0.010921357199549675
1768216476668779000,8.748779052734376,0.006687463726848364,-0.021330323070287704,-0.001630120910704136
1768216476678779000,8.75877880859375,0.00284958234988153,-0.016054334118962288,0.008123972453176975
1768216476688779800,8.76877978515625,-0.0003709783486556262,-0.01019484642893076,0.015388810075819492
1768216476698780000,8.77877978515625,-0.00019041601626668125,-0.0039039277471601963,0.0161771047860384
1768216476708780800,8.78878076171875,0.0020759340841323137,0.005008607171475887,0.015782425180077553
1768216476718782000,8.798781982421875,0.0018255969043821096,0.013400760479271412,0.011665976606309414
1768216476728781800,8.80878173828125,0.0015488944482058287,0.019348930567502975,0.012517656199634075
1768216476738783000,8.818782958984375,0.00008495483780279756,0.01727992109954357,0.009824933484196663
1768216476748782800,8.828782958984375,-0.003025350859388709,0.012707273475825787,0.009405752643942833
1768216476758783700,8.83878369140625,-0.00729386555030942,0.007968977093696594,0.01284788828343153
1768216476768784600,8.84878466796875,-0.009252620860934258,0.003991013392806053,0.016455672681331635
1768216476778784800,8.85878466796875,-0.010459565557539463,-0.0015515576815232635,0.021941784769296646
1768216476788786000,8.868785888671875,-0.014038586989045143,-0.003686613868921995,0.019170498475432396
1768216476798786000,8.8787861328125,-0.01666313223540783,-0.00015925703337416053,0.017253288999199867
1768216476808787000,8.888786865234374,-0.023995880037546158,0.0019118833588436246,0.022703181952238083
1768216476818787800,8.898787841796874,-0.026331473141908646,0.004782504867762327,0.026086993515491486
1768216476828787700,8.90878759765625,-0.026315759867429733,0.00714632635936141,0.023727167397737503
1768216476838788900,8.918788818359374,-0.027660390362143517,0.006111155729740858,0.02442305162549019
1768216476848788700,8.928788818359376,-0.026878219097852707,0.010776215232908726,0.020742563530802727
1768216476858790000,8.938789794921876,-0.020914070308208466,0.01817074790596962,0.023079486563801765
1768216476868790800,8.948790771484376,-0.019222697243094444,0.03021329641342163,0.02985323593020439
1768216476878791000,8.958791015625,-0.017855430021882057,0.04565057530999184,0.03833647072315216
1768216476888791800,8.968791748046876,-0.010498980060219765,0.05928276479244232,0.040584977716207504
1768216476898791700,8.978791748046875,-0.011418569833040237,0.06448551267385483,0.039859265089035034
1768216476908792800,8.988792724609375,-0.013074789196252823,0.05825052410364151,0.032345421612262726
1768216476918794000,8.9987939453125,-0.014287060126662254,0.04695179685950279,0.02605769969522953
1768216476928793900,9.0087939453125,-0.012425776571035385,0.03476117551326752,0.018922291696071625
1768216476938794800,9.018794677734375,-0.008214253932237625,0.03146577998995781,0.01438213512301445
1768216476948795000,9.028794921875,-0.006191050633788109,0.033967021852731705,0.019083678722381592
1768216476958795800,9.038795654296875,-0.006385994143784046,0.03792447969317436,0.02648167498409748
1768216476968797000,9.048796875,-0.009785518981516361,0.0440545417368412,0.031802669167518616
1768216476978797000,9.058797119140625,-0.01104412879794836,0.05212418735027313,0.035170771181583405
1768216476988798000,9.0687978515625,-0.010935472324490547,0.05653970688581467,0.039441414177417755
1768216476998797800,9.0787978515625,-0.010440656915307045,0.04821573197841644,0.03429192677140236
1768216477008798700,9.088798828125,-0.006460029631853104,0.0462748222053051,0.0309270229190588
1768216477018799900,9.0987998046875,-0.004969192203134298,0.04279966279864311,0.029642047360539436
1768216477028799700,9.1087998046875,-0.0031667647417634726,0.04145849496126175,0.03135312721133232
1768216477038801000,9.11880078125,-0.004387557972222567,0.04671850427985191,0.037580665200948715
1768216477048801000,9.128801025390626,-0.0062158177606761456,0.05790617689490318,0.04536588490009308
1768216477058802000,9.138802001953126,-0.010235860012471676,0.07060892134904861,0.056064069271087646
1768216477068802800,9.148802734375,-0.018328141421079636,0.08347119390964508,0.06422772258520126
1768216477078803000,9.158802978515626,-0.024273646995425224,0.07787482440471649,0.06561975926160812
1768216477088803800,9.168803955078126,-0.025790585204958916,0.052934855222702026,0.05690695717930794
1768216477098803700,9.1788037109375,-0.028547221794724464,0.03652365505695343,0.04790094494819641
1768216477108804900,9.188804931640625,-0.02773788757622242,0.02870328351855278,0.03544161468744278
1768216477118805800,9.1988056640625,-0.022493058815598488,0.022784674540162086,0.02034868113696575
1768216477128806000,9.208805908203125,-0.018435733392834663,0.01751108281314373,0.01740029640495777
1768216477138806800,9.218806884765625,-0.014718758873641491,0.01441276166588068,0.011698201298713684
1768216477148807700,9.2288076171875,-0.011003648862242699,0.011921906843781471,0.0095671396702528
1768216477158807800,9.238807861328125,-0.006338856182992458,0.014604242518544197,0.012703011743724346
1768216477168809000,9.24880908203125,-0.0018122810870409012,0.019687417894601822,0.013408749364316463
1768216477178808800,9.258808837890625,-0.0005587312043644488,0.01991724967956543,0.015511581674218178
1768216477188810000,9.26881005859375,-0.0023089605383574963,0.021824073046445847,0.017072193324565887
1768216477198811000,9.278810791015625,-0.0035113778430968523,0.025105353444814682,0.01245027780532837
1768216477208810800,9.288810791015624,-0.00376011710613966,0.024657143279910088,0.009118929505348206
1768216477218811600,9.298811767578124,-0.0011712582781910896,0.024381238967180252,0.0070368703454732895
1768216477228811800,9.308811767578124,0.0012522183824330568,0.02364088036119938,0.005264803301542997
1768216477238813000,9.31881298828125,0.006099970545619726,0.023755662143230438,0.005772934295237064
1768216477248813800,9.328813720703126,0.005736715160310268,0.015470302663743496,0.007325024344027042
1768216477258814000,9.33881396484375,0.0067758806981146336,0.009435580112040043,0.009158877655863762
1768216477268814800,9.34881494140625,0.007900266908109188,0.010605772957205772,0.009443036280572414
1768216477278814700,9.358814697265625,0.006685333326458931,0.008220911957323551,0.011595935560762882
1768216477288815600,9.368815673828125,0.005228850524872541,0.011689945124089718,0.009816411882638931
1768216477298817000,9.378817138671875,0.004199538845568895,0.018253305926918983,0.007909588515758514
1768216477308817000,9.38881689453125,0.0030719563364982605,0.023856597021222115,0.0074017234146595
1768216477318817800,9.39881787109375,0.004548945464193821,0.025063540786504745,0.010385795496404171
1768216477328818000,9.40881787109375,0.004804608877748251,0.023304790258407593,0.003179814200848341
1768216477338819600,9.418819580078125,0.007952997460961342,0.019992616027593613,-0.005634982604533434
1768216477348820500,9.428820556640625,0.007873103022575378,0.018157431855797768,-0.0070856064558029175
1768216477358820400,9.4388203125,0.005625128746032715,0.020194217562675476,-0.005756955128163099
1768216477368821500,9.448821533203125,0.00424188282340765,0.018308699131011963,-0.010803112760186195
1768216477378821400,9.4588212890625,0.002258626976981759,0.017539046704769135,-0.010404704138636589
1768216477388822500,9.468822509765625,0.002448510378599167,0.017891382798552513,-0.006974286399781704
1768216477398823400,9.478823486328125,0.004321777727454901,0.022548185661435127,-0.002579537918791175
1768216477408823600,9.488823486328124,0.00606348505243659,0.01715528406202793,-0.0029590383637696505
1768216477418824400,9.498824462890624,0.005363340023905039,0.013348296284675598,-0.0012929646763950586
1768216477428824300,9.50882421875,0.0035366779193282127,0.006960703991353512,-0.00046099317842163146
1768216477438825500,9.518825439453124,0.0017305220244452357,0.00628932099789381,-0.00014274542627390474
1768216477448826600,9.52882666015625,-0.00048416267964057624,0.007480819243937731,0.003094060579314828
1768216477458826500,9.538826416015626,-0.0011163970921188593,0.008915730752050877,0.003195260651409626
1768216477468827400,9.548827392578126,-0.0036908749025315046,0.009386577643454075,0.0032442628871649504
1768216477478827500,9.55882763671875,-0.004067446105182171,0.010961038060486317,0.0055228634737432
1768216477488828400,9.568828369140626,-0.004984372295439243,0.011285144835710526,0.0035577169619500637
1768216477498829300,9.578829345703125,-0.0034583809319883585,0.011966913938522339,0.006893858779221773
1768216477508829700,9.58882958984375,-0.006369215901941061,0.01188142690807581,0.013519536703824997
1768216477518830600,9.59883056640625,-0.007965780794620514,0.0073111760430037975,0.01571318320930004
1768216477528830500,9.60883056640625,-0.009555688127875328,0.0029768813401460648,0.015417305752635002
1768216477538831400,9.618831298828125,-0.008577775210142136,-0.00017017599020618945,0.012171978130936623
1768216477548832500,9.62883251953125,-0.0065529742278158665,-0.009955961257219315,0.010764763690531254
1768216477558832400,9.638832275390625,-0.009161273948848248,-0.018134795129299164,0.014927816577255726
1768216477568833500,9.64883349609375,-0.010307764634490013,-0.022111959755420685,0.019398998469114304
1768216477578833700,9.658833740234375,-0.009023056365549564,-0.028680380433797836,0.014624482952058315
1768216477588834600,9.66883447265625,-0.011267567984759808,-0.03289962559938431,0.012105132453143597
1768216477598835500,9.67883544921875,-0.011167433112859726,-0.03621073439717293,0.00926194153726101
1768216477608835600,9.688835693359374,-0.00737189594656229,-0.033916156738996506,0.012118448503315449
1768216477618836500,9.69883642578125,-0.009241435676813126,-0.03086124360561371,0.01774650625884533
1768216477628836400,9.70883642578125,-0.010776481591165066,-0.028239095583558083,0.01624554954469204
1768216477638837500,9.71883740234375,-0.011434548534452915,-0.020727382972836494,0.009490440599620342
1768216477648838400,9.72883837890625,-0.011387144215404987,-0.015738217160105705,0.003659449517726898
1768216477658838500,9.738838623046876,-0.012093148194253445,-0.016461530700325966,0.0011978897964581847
1768216477668839400,9.74883935546875,-0.014138189144432545,-0.018096445128321648,-0.0004961469094268978
1768216477678839600,9.758839599609376,-0.013076120987534523,-0.024834509938955307,-0.005224322900176048
1768216477688840400,9.76884033203125,-0.01070910319685936,-0.031157920137047768,-0.00896819494664669
1768216477698841600,9.778841552734375,-0.007951666601002216,-0.0335872545838356,-0.004821919370442629
1768216477708841500,9.788841552734375,-0.003935619257390499,-0.036860015243291855,-0.0020991035271435976
1768216477718842600,9.798842529296875,-0.0034669029992073774,-0.03851649910211563,0.0029888655990362167
1768216477728842500,9.808842529296875,-0.0008202536264434457,-0.035103924572467804,0.006807838566601276
1768216477738843400,9.818843505859375,0.004975051153451204,-0.036082904785871506,0.013045494444668293
1768216477748844300,9.82884423828125,0.00293347192928195,-0.024867000058293343,0.011347996070981026
1768216477758844400,9.838844482421875,0.0037356161046773195,-0.023133015260100365,0.012748817913234234
1768216477768845600,9.848845458984375,0.006963633466511965,-0.02353808283805847,0.012574647553265095
1768216477778845400,9.858845458984375,0.01236079540103674,-0.02251356467604637,0.012286759912967682
1768216477788846600,9.8688466796875,0.014599449001252651,-0.02010233886539936,0.011854262091219425
1768216477798847500,9.878847412109375,0.023135146126151085,-0.014930213801562786,0.013764281757175922
1768216477808847400,9.888847412109374,0.028898494318127632,-0.0008333030855283141,0.011590076610445976
1768216477818848300,9.89884814453125,0.029443109408020973,-0.0033273533917963505,0.00657561095431447
1768216477828848400,9.908848388671874,0.03454865515232086,-0.004472246393561363,0.005666407756507397
1768216477838849500,9.918849609375,0.04140230268239975,0.00256462418474257,0.0032597091048955917
1768216477848850400,9.928850341796876,0.041059818118810654,0.01960619166493416,0.011430819518864155
1768216477858850600,9.9388505859375,0.03717106953263283,0.028865469619631767,0.018251441419124603
1768216477868851500,9.9488515625,0.029405292123556137,0.02617967315018177,0.02955016866326332
1768216477878851300,9.958851318359375,0.016471384093165398,0.01780482940375805,0.041557297110557556
1768216477888852500,9.9688525390625,0.00944889523088932,0.014131531119346619,0.04945330321788788
1768216477898853600,9.978853515625,0.0037622477393597364,0.01088886708021164,0.05540653318166733
1768216477908853500,9.988853515625,0.008753543719649315,0.012075304985046387,0.05430158972740173
1768216477918854400,9.9988544921875,0.010087521746754646,0.008672317489981651,0.04989751800894737
1768216477928854500,10.0088544921875,0.010232130996882915,-0.0032900692895054817,0.038656316697597504
1768216477938855400,10.01885546875,0.010267284698784351,-0.014081464149057865,0.021628595888614655
1768216477948856600,10.028856689453125,0.007894141599535942,-0.02105255424976349,0.01461968943476677
1768216477958856700,10.038856689453125,0.003950532991439104,-0.02292156033217907,0.01326946634799242
1768216477968857600,10.048857666015625,0.00039734362508170307,-0.017102021723985672,0.029255356639623642
1768216477978857500,10.058857421875,-0.0037609159480780363,-0.0167936272919178,0.04640611261129379
1768216477988858400,10.0688583984375,-0.0016463662032037973,-0.019588083028793335,0.054121293127536774
1768216477998859500,10.078859619140625,-0.003689809702336788,-0.02340226247906685,0.05561425909399986
1768216478008859400,10.088859375,-0.002567020943388343,-0.032826121896505356,0.043244943022727966
1768216478018860500,10.098860595703124,-0.0052384380251169205,-0.03750636428594589,0.03648264333605766
1768216478028860700,10.108860595703124,-0.006476275157183409,-0.03850744664669037,0.02534210868179798
1768216478038861600,10.118861572265626,-0.00044048685231246054,-0.03825231269001961,0.01948555000126362
1768216478048862500,10.128862548828126,0.01170432660728693,-0.051119111478328705,0.023067768663167953
1768216478058862300,10.1388623046875,0.01410676445811987,-0.06205404922366142,0.018387263640761375
1768216478068863500,10.148863525390626,0.015141668729484081,-0.07687560468912125,0.015790946781635284
1768216478078863400,10.15886328125,0.014927816577255726,-0.08817779272794724,0.012342952191829681
1768216478088864500,10.168864501953125,0.01561438012868166,-0.07933983206748962,-0.0010673949727788568
1768216478098865400,10.178865478515625,0.011778894811868668,-0.07346569746732712,-0.017559818923473358
1768216478108865500,10.188865478515625,0.00893703568726778,-0.06372544914484024,-0.020251475274562836
1768216478118866400,10.198866455078125,0.005607551895081997,-0.04246223717927933,-0.011350925080478191
1768216478128866600,10.208866455078125,0.0034317492973059416,-0.021247498691082,-0.001609614584594965
1768216478138867500,10.218867431640625,-0.0018104169284924865,-0.0024258734192699194,0.0036701022181659937
1768216478148868600,10.22886865234375,-0.006885603070259094,0.012414857745170593,0.003599794814363122
1768216478158868500,10.238868408203125,-0.012119513005018234,0.019151058048009872,-0.00011957593233091757
1768216478168869400,10.248869384765625,-0.017734521999955177,0.029016470536589622,0.001427987008355558
1768216478178869500,10.258869384765624,-0.017247961834073067,0.032825589179992676,0.004533499013632536
1768216478188870400,10.268870361328124,-0.019714316353201866,0.037585191428661346,0.004832305945456028
1768216478198871300,10.278871337890624,-0.021893581375479698,0.042819101363420486,0.005017395596951246
1768216478208871400,10.288871337890624,-0.01667165383696556,0.04026353359222412,0.0046940878964960575
1768216478218872600,10.29887255859375,-0.020855214446783066,0.04018284007906914,0.006403038278222084
1768216478228872400,10.30887255859375,-0.015505989082157612,0.034933749586343765,0.0070949275977909565
1768216478238873600,10.31887353515625,-0.015594672411680222,0.027408987283706665,0.003084206720814109
1768216478248874500,10.32887451171875,-0.013875069096684456,0.01661759242415428,0.002689260058104992
1768216478258874400,10.338874267578126,-0.011378888040781021,0.00683180708438158,0.0014117417158558965
1768216478268875300,10.348875244140626,-0.008922655135393143,0.0019494339358061552,-0.00452843913808465
1768216478278875600,10.358875732421875,-0.009783388115465641,0.0006921555614098907,-0.005072789266705513
1768216478288876500,10.36887646484375,-0.00857511255890131,0.0030421288684010506,-0.00748960766941309
1768216478298877400,10.37887744140625,-0.00606508320197463,0.002974484581500292,-0.0076158419251441956
1768216478308877600,10.388877685546875,-0.005812881514430046,0.004188087303191423,-0.004693022463470697
1768216478318878500,10.39887841796875,-0.0028636970091611147,0.010437194257974625,-0.0035630431957542896
1768216478328878300,10.40887841796875,0.00022397184511646628,0.014240721240639687,-0.005285043269395828
1768216478338879200,10.418879150390625,-0.002942260354757309,0.018220549449324608,-0.007619570009410381
1768216478348880100,10.428880126953125,-0.009760751388967037,0.01708071678876877,-0.010696319863200188
1768216478358880000,10.4388798828125,-0.014549913816154003,0.01230540219694376,-0.013373595662415028
1768216478368881000,10.448880859375,-0.019407253712415695,-0.00002157160452043172,-0.022357502952218056
1768216478378881000,10.458881103515624,-0.02081846259534359,-0.0025443839840590954,-0.030290793627500534
1768216478388882000,10.4688818359375,-0.013881194405257702,-0.005149754695594311,-0.03286660462617874
1768216478398883000,10.478883056640624,-0.011503790505230427,-0.010747984983026981,-0.03610021248459816
1768216478408883200,10.48888330078125,-0.0015635418239980936,-0.01062015350908041,-0.03417794406414032
1768216478418884000,10.498884033203124,0.005331648513674736,-0.003955593332648277,-0.03127003833651543
1768216478428885000,10.508885009765624,0.007237939164042473,0.0029494508635252714,-0.030289994552731514
1768216478438884900,10.518884765625,0.010961570776998997,0.01835716888308525,-0.024453943595290184
1768216478448886000,10.528885986328126,0.014237524941563606,0.030398385599255562,-0.01461942307651043
1768216478458886000,10.538885986328125,0.012043613009154797,0.04152427241206169,-0.011483816429972649
1768216478468887000,10.548886962890625,0.0041249701753258705,0.044734712690114975,-0.0070336745120584965
1768216478478887200,10.55888720703125,-0.00017443705291952938,0.041259024292230606,-0.010729876346886158
1768216478488888000,10.56888818359375,-0.006593720521777868,0.028433771803975105,-0.014708106406033039
1768216478498889000,10.578888916015625,-0.006702910177409649,0.010844391770660877,-0.022397184744477272
1768216478508888800,10.588888916015625,-0.004098871257156134,0.005269064102321863,-0.029616747051477432
1768216478518890000,10.598889892578125,-0.003690076060593128,0.0023611586075276136,-0.03140585869550705
1768216478528890000,10.60889013671875,-0.0008293083519674838,0.0006775081856176257,-0.027341609820723534
1768216478538891000,10.61889111328125,0.003837615018710494,0.0023643544409424067,-0.027639616280794144
1768216478548892000,10.628891845703125,0.0011014834744855762,0.006741792429238558,-0.024804681539535522
1768216478558892000,10.63889208984375,-0.00333161442540586,0.01423246506601572,-0.01876729540526867
1768216478568893000,10.648892822265625,-0.001127316034398973,0.023987092077732086,-0.014624216593801975
1768216478578893000,10.65889306640625,0.0001174454009742476,0.039635561406612396,-0.012190353125333786
1768216478588894200,10.668894287109374,0.004369448404759169,0.04165583476424217,-0.006024336442351341
1768216478598895000,10.67889501953125,0.010313090868294239,0.03356142342090607,-0.004969724919646978
1768216478608895000,10.68889501953125,0.011661715805530548,0.025438513606786728,-0.012309130281209946
1768216478618896100,10.698896240234374,0.011993546038866043,0.01576617918908596,-0.018148377537727356
1768216478628896000,10.70889599609375,0.012179967015981674,0.012793825939297676,-0.02888890542089939
1768216478638897000,10.71889697265625,0.014939001761376858,-0.0021899172570556402,-0.046366699039936066
1768216478648898000,10.72889794921875,0.01047474518418312,-0.0057524279691278934,-0.05190687254071236
1768216478658898200,10.738898193359375,0.00561128044500947,0.0005848301807418466,-0.051116447895765305
1768216478668899000,10.748899169921875,-0.000472977408207953,0.016023440286517143,-0.06175524368882179
1768216478678899000,10.75889892578125,-0.003608583239838481,0.03816576302051544,-0.07906205952167511
1768216478688900000,10.768900146484375,-0.0013787185307592154,0.0587269626557827,-0.10030663013458252
1768216478698901000,10.77890087890625,-0.002907373011112213,0.07294557988643646,-0.1196473017334938
1768216478708900900,10.78890087890625,-0.0007667240570299327,0.05637113004922867,-0.1289374828338623
1768216478718902000,10.798902099609375,-0.01131071150302887,0.017962489277124405,-0.12027687579393387
1768216478728902100,10.808902099609375,-0.01691053993999958,-0.039678171277046204,-0.08995332568883896
1768216478738903000,10.818903076171875,-0.020068250596523285,-0.10630859434604645,-0.05495486035943031
1768216478748904000,10.828904052734375,-0.024720260873436928,-0.168003648519516,-0.0344887338578701
1768216478758904000,10.838904052734375,-0.014997857622802258,-0.18570329248905182,-0.025545572862029076
1768216478768905000,10.848905029296875,-0.006631803698837757,-0.16665129363536835,-0.02443050779402256
1768216478778904800,10.85890478515625,-0.0009203884401358664,-0.14006203413009644,-0.01931058056652546
1768216478788906000,10.868906005859374,0.017236243933439255,-0.10289762169122696,-0.00839854497462511
1768216478798907100,10.8789072265625,0.027411118149757385,-0.05882736295461655,-0.000580036488827318
1768216478808907000,10.888906982421876,0.02388828806579113,-0.0357619933784008,0.010313090868294239
1768216478818908000,10.898907958984376,0.01041269302368164,-0.018913770094513893,0.01124999113380909
1768216478828908800,10.90890869140625,-0.0036874127108603716,0.005227785091847181,0.006385727785527706
1768216478838909000,10.918908935546876,-0.014568289741873741,0.006229666527360678,0.000496945867780596
1768216478848910000,10.92891015625,-0.015908125787973404,0.006095975637435913,0.0016042882343754172
1768216478858910200,10.93891015625,-0.013757091015577316,-0.005428587552160025,0.010870757512748241
1768216478868911000,10.9489111328125,-0.006067479960620403,0.01085877325385809,0.02196442149579525
1768216478878911000,10.958910888671875,-0.0033276197500526905,0.028322717174887657,0.026645725592970848
1768216478888912000,10.968911865234375,-0.0009108011145144701,0.041740790009498596,0.02684546262025833
1768216478898913000,10.9789130859375,0.0038005972746759653,0.03717586398124695,0.026793530210852623
1768216478908913200,10.9889130859375,0.0012261193478479981,0.03960147127509117,0.021927403286099434
1768216478918914000,10.9989140625,-0.0049036783166229725,0.052874401211738586,0.01221671886742115
1768216478928914200,11.0089140625,-0.03316354751586914,0.10490643978118896,-0.03484213724732399
1768216478938915000,11.0189150390625,-0.018074607476592064,0.08071269094944,-0.005848567932844162
1768216478948916000,11.028916015625,-0.0184080358594656,0.0878363773226738,0.009305884130299091
1768216478958915800,11.038915771484374,-0.016016516834497452,0.09655503183603287,0.015426094643771648
1768216478968917200,11.048917236328125,-0.02209198661148548,0.10084192454814911,0.017403224483132362
1768216478978917000,11.058917236328124,-0.024325845763087273,0.09651801735162735,0.020434169098734856
1768216478988918000,11.06891796875,-0.017174193635582924,0.07213810831308365,0.021288510411977768
1768216478998919000,11.0789189453125,-0.014387994073331356,0.043830305337905884,0.019398732110857964
1768216479008919000,11.0889189453125,-0.0129938293248415,0.035896480083465576,0.006767092272639275
1768216479018920000,11.098919921875,-0.008041148073971272,0.026094717904925346,-0.008925317786633968
1768216479028919800,11.108919921875,-0.010970892384648323,0.023242205381393433,-0.018508968874812126
1768216479038921200,11.118921142578126,-0.009095493704080582,0.03248737007379532,-0.025059813633561134
1768216479048922000,11.128922119140626,-0.00968458503484726,0.03946298733353615,-0.021626465022563934
1768216479058922000,11.138921875,-0.01852521486580372,0.05403101071715355,-0.009209743700921535
1768216479068923000,11.1489228515625,-0.017596304416656494,0.05992698296904564,0.0006982808117754757
1768216479078923000,11.158923095703125,-0.011514176614582539,0.05345496907830238,-0.0017893778858706355
1768216479088924000,11.168923828125,-0.011344267055392265,0.042332809418439865,0.0006639260682277381
1768216479098925000,11.178925048828125,-0.010905911214649677,0.031090274453163147,0.006997455842792988
1768216479108925200,11.18892529296875,-0.010969027876853943,0.03259922191500664,0.01587936468422413
1768216479118926000,11.198926025390625,-0.01047234795987606,0.036317262798547745,0.02787184529006481
1768216479128926000,11.208926025390625,-0.010903247632086277,0.043236687779426575,0.03374091908335686
1768216479138927000,11.218927001953125,-0.014258564449846745,0.05217878147959709,0.04321644455194473
1768216479148928000,11.228927978515625,-0.018206700682640076,0.06791859865188599,0.04231523349881172
1768216479158928000,11.238927978515624,-0.020071713253855705,0.0852949246764183,0.03454120084643364
1768216479168929000,11.248928955078124,-0.021877069026231766,0.10905937850475311,0.025534121319651604
1768216479178929200,11.25892919921875,-0.027482224628329277,0.10946337878704071,0.021931929513812065
1768216479188930000,11.268929931640624,-0.028020715340971947,0.10091995447874069,0.010089651681482792
1768216479198931000,11.278930908203124,-0.024020114913582802,0.08988568186759949,0.009770872071385384
1768216479208931000,11.28893115234375,-0.01932309754192829,0.06944192200899124,0.016822656616568565
1768216479218932000,11.298931884765626,-0.017311878502368927,0.04423670470714569,0.023546338081359863
1768216479228931800,11.308931884765625,-0.014064153656363487,0.014849253930151463,0.016629576683044434
1768216479238933000,11.31893310546875,-0.009134909138083458,0.0001728391507640481,0.006880276836454868
1768216479248934100,11.32893408203125,-0.008820655755698681,-0.004227768164128065,-0.004462392535060644
1768216479258934000,11.33893408203125,-0.007165235001593828,0.0019201391842216253,-0.013259612955152988
1768216479268935000,11.348934814453125,-0.005219529382884502,0.014053234830498695,-0.011366371065378189
1768216479278935000,11.35893505859375,-0.0046160570345819,0.01691107265651226,-0.0051622712053358555
1768216479288936000,11.36893603515625,-0.0017598168924450874,0.024893365800380707,-0.001163002452813089
1768216479298937000,11.37893701171875,-0.0044080642983317375,0.01985066942870617,-0.002323608146980405
1768216479308937000,11.38893701171875,-0.005269863177090883,0.016680710017681122,-0.003763312939554453
1768216479318938000,11.398938232421875,-0.0076243639923632145,0.016083894297480583,-0.005598763469606638
1768216479328938000,11.40893798828125,-0.00412390474230051,0.018683671951293945,-0.007576693315058947
1768216479338939400,11.418939453125,-0.003008306724950671,0.02112419344484806,-0.0005387574783526361
1768216479348940300,11.428940185546875,-0.002389654517173767,0.023138342425227165,0.0006681871018372476
1768216479358940400,11.4389404296875,0.0018844527658075094,0.026324814185500145,-0.0007185208378359675
1768216479368941300,11.44894140625,0.004883971065282822,0.024774588644504547,-0.0007099987124092877
1768216479378941200,11.458941162109374,0.00691889226436615,0.024170316755771637,-0.003837881376966834
1768216479388942300,11.4689423828125,0.00577746145427227,0.02557007409632206,-0.0071095749735832214
1768216479398943500,11.478943603515624,0.008318383246660233,0.026687802746891975,-0.006609433330595493
1768216479408943400,11.488943359375,0.008794556371867657,0.030336866155266762,-0.004171042703092098
1768216479418944300,11.4989443359375,0.009623599238693714,0.03689117357134819,0.003725229762494564
1768216479428944400,11.5089443359375,0.010747719556093216,0.049849580973386765,0.009013468399643898
1768216479438945300,11.5189453125,0.009048622101545334,0.06649993360042572,0.010911770164966583
1768216479448946200,11.5289462890625,0.006514891050755978,0.07830598950386047,0.009166067466139793
1768216479458946600,11.538946533203125,0.0026130937039852142,0.0744854211807251,0.010072074830532074
1768216479468947500,11.548947509765625,-0.0019196064677089453,0.06097067520022392,0.01407746970653534
1768216479478947300,11.558947265625,0.0011741877533495426,0.060565341264009476,0.011440407484769821
1768216479488948200,11.5689482421875,-0.0006615291931666434,0.054967112839221954,0.006954578682780266
1768216479498949400,11.578949462890625,-0.002653573639690876,0.04885489121079445,0.000723048229701817
1768216479508949200,11.58894921875,-0.005574794951826334,0.03766268864274025,0.0012191950809210539
1768216479518950400,11.598950439453125,-0.005856025032699108,0.030551783740520477,0.002487658755853772
1768216479528950500,11.608950439453125,-0.002549976808950305,0.026859045028686523,0.000713993504177779
1768216479538951400,11.618951416015625,-0.0034328147303313017,0.019769709557294846,0.0006732470938004553
1768216479548952300,11.628952392578125,-0.003285275539383292,0.019336679950356483,0.0022210762836039066
1768216479558952400,11.638952392578124,-0.00007350324449362233,0.02586968056857586,-0.00042344260145910084
1768216479568953300,11.648953369140624,-0.001050350721925497,0.029807962477207184,-0.0015954998089000583
1768216479578953200,11.658953125,0.0012743226252496243,0.03302719071507454,-0.004560397006571293
1768216479588954400,11.668954345703124,-0.0007784419576637447,0.030482275411486626,-0.006533000618219376
1768216479598955500,11.67895556640625,-0.0005099953268654644,0.029144836589694023,-0.011825500056147575
1768216479608955400,11.688955322265626,-0.001942776027135551,0.028238030150532722,-0.013044695369899273
1768216479618956300,11.698956298828126,-0.0017797905020415783,0.028379444032907486,-0.007798534352332354
1768216479628956400,11.708956298828125,-0.0001102548703784123,0.036247752606868744,-0.006396380253136158
1768216479638957300,11.718957275390625,-0.0018407768802717328,0.04345586523413658,-0.00624165078625083
1768216479648958500,11.72895849609375,-0.0009912285022437572,0.051180362701416016,-0.009535182267427444
1768216479658958300,11.738958251953125,0.003977697342634201,0.060921140015125275,-0.014478807337582111
1768216479668959500,11.74895947265625,0.006259227637201548,0.06759102642536163,-0.014645521529018879
1768216479678959400,11.75895947265625,0.011413242667913437,0.06553427129983902,-0.015414375811815262
1768216479688960300,11.768960205078125,0.01209794171154499,0.06428951025009155,-0.012690761126577854
1768216479698961200,11.778961181640625,0.018064487725496292,0.06861554831266403,-0.010632670484483242
1768216479708961300,11.788961181640625,0.021141504868865013,0.07374373078346252,-0.00367116741836071
1768216479718962400,11.79896240234375,0.018062623217701912,0.08952082693576813,-0.002377936616539955
1768216479728962300,11.80896240234375,0.021103687584400177,0.09304685145616531,-0.00688986387103796
1768216479738963500,11.81896337890625,0.01726154424250126,0.10005363076925278,-0.014399711973965168
1768216479748964400,11.82896435546875,0.017559552565217018,0.09846319258213043,-0.018507370725274086
1768216479758964200,11.838964111328124,0.02046239748597145,0.09616754204034805,-0.018667694181203842
1768216479768965000,11.848965087890624,0.018701249733567238,0.08792585879564285,-0.013342970050871372
1768216479778965200,11.85896533203125,0.017112940549850464,0.08244560658931732,-0.009246229194104671
1768216479788966400,11.86896630859375,0.009207080118358135,0.08128420263528824,-0.010348777286708355
1768216479798967300,11.87896728515625,0.007336209993809462,0.07633178681135178,-0.013816479593515396
1768216479808967400,11.888967529296876,0.0032812808640301228,0.07322601228952408,-0.013843909837305546
1768216479818968300,11.89896826171875,0.0022562299855053425,0.0689801350235939,-0.009402289986610413
1768216479828968200,11.90896826171875,0.0003486077766865492,0.0644863173365593,-0.004372910596430302
1768216479838969300,11.91896923828125,-0.0007451524725183845,0.062000785022974014,-0.002409894485026598
1768216479848970500,11.928970458984375,-0.007128749508410692,0.04117060452699661,-0.003183542750775814
1768216479858970400,11.938970458984375,-0.009123191237449646,0.03771622106432915,-0.003681021276861429
1768216479868971300,11.94897119140625,-0.008533833548426628,0.03207697719335556,-0.0007334345718845725
1768216479878971400,11.958971435546875,-0.007148190401494503,0.030044717714190483,0.0016029566759243608
1768216479888972300,11.96897216796875,-0.0009305084822699428,0.03169800713658333,0.001826662220992148
1768216479898972200,11.97897216796875,-0.0035089810844510794,0.030978422611951828,-0.0003587277897167951
1768216479908973600,11.9889736328125,-0.00361817074008286,0.023982563987374306,-0.004324973560869694
1768216479918974500,11.998974365234375,-0.006750048138201237,0.02387816831469536,-0.004282629117369652
1768216479928974300,12.008974365234375,-0.006928746122866869,0.026971695944666862,0.0014780544443055987
1768216479938975200,12.018975341796875,-0.004130030050873756,0.027906998991966248,0.004056260455399752
1768216479948975400,12.028975341796874,-0.004874383565038443,0.02678394317626953,0.011623366735875607
1768216479958976300,12.038976318359374,-0.001457814360037446,0.030278543010354042,0.009637447074055672
1768216479968977400,12.048977294921874,0.0009270463488064706,0.03381415456533432,0.008656605146825314
1768216479978977500,12.0589775390625,0.0025505092926323414,0.03658943623304367,0.0046304380521178246
1768216479988978400,12.068978515625,0.004712729714810848,0.03717400133609772,0.0022540995851159096
1768216479998978300,12.078978271484376,0.009489108808338642,0.04002811014652252,0.0023334617726504803
1768216480008979200,12.088979248046876,0.012166917324066162,0.03972424194216728,0.0062110242433846
1768216480018980400,12.09898046875,0.014375210739672184,0.03581206128001213,0.008535430766642094
1768216480028980200,12.108980224609375,0.016033029183745384,0.03476863354444504,0.013284114189445972
1768216480038981400,12.1189814453125,0.014073474332690239,0.0294971726834774,0.017099624499678612
1768216480048981500,12.1289814453125,0.009945575147867203,0.029277194291353226,0.015116901136934757
1768216480058982400,12.138982421875,0.008198541589081287,0.029279058799147606,0.009778860956430435
1768216480068983300,12.1489833984375,0.004123106133192778,0.029675336554646492,0.003932157531380653
1768216480078983400,12.1589833984375,0.0005536712124012411,0.029329659417271614,0.001683916780166328
1768216480088984300,12.168984375,0.001284975209273398,0.023423034697771072,-0.0023121563717722893
1768216480098984200,12.178984130859375,-0.0009691243176348507,0.01665993593633175,-0.00993172638118267
1768216480108985300,12.1889853515625,-0.001258876291103661,0.011990616098046303,-0.013579191640019417
1768216480118986500,12.198986572265625,-0.0037121803034096956,0.008294148370623589,-0.01756913959980011
1768216480128986400,12.208986328125,-0.004317782819271088,0.01290274877101183,-0.015864716842770576
1768216480138987300,12.2189873046875,-0.005458415020257235,0.011749067343771458,-0.009051019325852394
1768216480148987400,12.2289873046875,-0.005971073638647795,0.012974121607840061,-0.009183910675346851
1768216480158988300,12.23898828125,-0.004032558295875788,0.013185842894017696,-0.011536015197634697
1768216480168989400,12.248989501953124,-0.004549744538962841,0.014590926468372345,-0.010522682219743729
1768216480178989300,12.2589892578125,-0.0025427863001823425,0.01685195043683052,-0.002600576728582382
1768216480188990500,12.268990478515626,-0.006036054342985153,0.017053019255399704,-0.0018903117161244154
1768216480198990300,12.278990234375,-0.006137521006166935,0.018640795722603798,-0.006807838566601276
1768216480208991200,12.2889912109375,-0.003992344718426466,0.01654914952814579,-0.0032378712203353643
1768216480218992000,12.2989921875,-0.00013555490295402706,0.01926157809793949,-0.004485828336328268
1768216480228992500,12.308992431640625,0.004348942078649998,0.020833110436797142,-0.006147641222923994
1768216480238993400,12.318993408203125,0.010035323910415173,0.02008875645697117,-0.005915147252380848
1768216480248993300,12.3289931640625,0.013562147505581379,0.023969514295458794,-0.0030663637444376945
1768216480258994400,12.338994384765625,0.017739582806825638,0.02322649210691452,0.0003009371866937727
1768216480268995300,12.348995361328125,0.01919366791844368,0.026464097201824188,0.00404640706256032
1768216480278995200,12.3589951171875,0.0151592455804348,0.03356035798788071,0.009416138753294945
1768216480288996400,12.368996337890625,0.0142931854352355,0.03590074181556702,0.00869016069918871
1768216480298996500,12.37899658203125,0.015301458537578583,0.04068591073155403,0.0065713501535356045
1768216480308997400,12.388997314453125,0.013168532401323318,0.043886762112379074,0.00006471481174230576
1768216480318998300,12.398998291015625,0.009406285360455513,0.04563299939036369,-0.00373108871281147
1768216480328998400,12.408998291015624,0.01130804792046547,0.04995797201991081,0.0009049421059899032
1768216480338999300,12.418999267578124,0.015722237527370453,0.049785930663347244,0.004217648413032293
1768216480348999400,12.42899951171875,0.015206916257739067,0.04989032819867134,0.01130778156220913
1768216480359000300,12.439000244140624,0.018967298790812492,0.0527188703417778,0.016638098284602165
1768216480369001500,12.44900146484375,0.018790997564792633,0.05600361526012421,0.016168316826224327
1768216480379001300,12.45900146484375,0.017305754125118256,0.06261890381574631,0.009043828584253788
1768216480389002500,12.46900244140625,0.01492328941822052,0.0641651377081871,-0.0010306433541700244
1768216480399002600,12.479002685546876,0.014210893772542477,0.06808025389909744,-0.00544376764446497
1768216480409003500,12.48900341796875,0.01278556976467371,0.07530780136585236,-0.0031523837242275476
1768216480419004400,12.49900439453125,0.017299361526966095,0.07611527293920517,0.0004564658156596124
1768216480429004500,12.509004638671875,0.021731926128268242,0.08763691037893295,-0.0007848335662856698
1768216480439005400,12.51900537109375,0.028271585702896118,0.08250046521425247,-0.00035952674807049334
1768216480449005300,12.52900537109375,0.03568209707736969,0.0821119099855423,-0.004516188520938158
1768216480459006500,12.53900634765625,0.03995540738105774,0.07879041880369186,-0.002347576431930065
1768216480469007600,12.549007568359375,0.03659369796514511,0.06982781738042831,-0.0028445222415030003
1768216480479007500,12.559007568359375,0.03196139633655548,0.06264873594045639,-0.004719387739896774
1768216480489008400,12.56900830078125,0.025433721020817757,0.057738132774829865,-0.000964064325671643
1768216480499008500,12.579008544921875,0.02076413482427597,0.054243795573711395,-0.0013156015193089843
1768216480509009400,12.589009521484375,0.01534726470708847,0.04627508670091629,-0.001782453735359013
1768216480519009500,12.599009521484374,0.0117914117872715,0.0436105951666832,0.0004988100845366716
1768216480529010400,12.609010498046874,0.004418450407683849,0.03009665012359619,-0.0006897587445564568
1768216480539011600,12.619011474609374,-0.00038935415796004236,0.025563150644302368,-0.00654631620272994
1768216480549011500,12.629011474609374,-0.004947620443999767,0.018726017326116562,-0.007504255045205355
1768216480559012400,12.639012451171874,-0.011150388978421688,0.0110470587387681,-0.007434480357915163
1768216480569012500,12.649012451171876,-0.012717393226921558,0.00749093946069479,-0.00495161535218358
1768216480579013600,12.659013671875,-0.009611348621547222,0.008595352061092854,0.003439206164330244
1768216480589014500,12.6690146484375,-0.003059173235669732,0.019584354013204575,0.008914665319025517
1768216480599014400,12.679014404296876,0.002228266792371869,0.02147280052304268,0.01188302505761385
1768216480609015600,12.689015625,0.003439206164330244,0.023870712146162987,0.012504340149462223
1768216480619015400,12.699015380859375,0.005408081226050854,0.02581934630870819,0.007783354725688696
1768216480629016300,12.709016357421875,0.010369816794991493,0.027908330783247948,0.005575061310082674
1768216480639017500,12.719017578125,0.012534433975815773,0.022730346769094467,0.0019156117923557758
1768216480649017600,12.729017578125,0.008728510700166225,0.023571105673909187,-0.0017267935909330845
1768216480659018500,12.7390185546875,0.0021110877860337496,0.02063976414501667,-0.002703907433897257
1768216480669018600,12.7490185546875,-0.0042706448584795,0.01689935475587845,-0.0033952640369534492
1768216480679019500,12.75901953125,-0.006612096447497606,0.016562998294830322,-0.005148156546056271
1768216480689020400,12.7690205078125,-0.009922672063112259,0.01062201801687479,-0.005013400688767433
1768216480699020300,12.779020263671875,-0.01413659192621708,0.0048424256965518,-0.005809952039271593
1768216480709021700,12.789021728515625,-0.017299361526966095,0.001805889536626637,-0.01028486154973507
1768216480719021600,12.799021484375,-0.018562765792012215,0.005419000051915646,-0.01110538188368082
1768216480729022500,12.8090224609375,-0.014375743456184864,0.006806507240980864,-0.008800415322184563
1768216480739023400,12.8190234375,-0.007190801203250885,0.012251339852809906,-0.008709602057933807
1768216480749023500,12.8290234375,-0.006983074825257063,0.009277920238673687,-0.009738647378981113
1768216480759024400,12.8390244140625,-0.008417453616857529,0.010497381910681725,-0.011157579720020294
1768216480769024300,12.849024169921876,-0.013135243207216263,0.013537646271288395,-0.01507189404219389
1768216480779025700,12.859025634765626,-0.015967514365911484,0.014869759790599346,-0.011893144808709621
1768216480789026600,12.869026611328126,-0.016274310648441315,0.01871989108622074,-0.006706638727337122
1768216480799026400,12.8790263671875,-0.018311362713575363,0.0222666896879673,-0.0057319216430187225
1768216480809027300,12.88902734375,-0.018798721954226494,0.02141394466161728,-0.003084739437326789
1768216480819027500,12.89902734375,-0.019596338272094727,0.020596621558070183,-0.0003249056462664157
1768216480829028400,12.9090283203125,-0.017018664628267288,0.022525815293192863,0.004467719234526157
1768216480839029500,12.919029541015625,-0.013772271573543549,0.022045115008950233,0.010359164327383041
1768216480849029600,12.929029541015625,-0.017364876344799995,0.018551846966147423,0.007163636852055788
1768216480859030500,12.939030517578125,-0.015910256654024124,0.016699351370334625,0.0024887239560484886
1768216480869030400,12.949030517578125,-0.017302025109529495,0.01561145018786192,-0.001228516222909093
1768216480879031300,12.95903125,-0.016168050467967987,0.018676748499274254,-0.004337224178016186
1768216480889032400,12.969032470703125,-0.012059326283633709,0.01895691268146038,-0.0012090750969946384
1768216480899032600,12.979032470703125,-0.013138971291482449,0.020869595929980278,0.0005880259559489787
1768216480909033500,12.989033447265625,-0.01449718326330185,0.01834838092327118,-0.0007547398563474417
1768216480919033600,12.99903369140625,-0.016144348308444023,0.014763765968382359,0.0004822984628845006
1768216480929034500,13.009034423828124,-0.013252688571810722,0.008199873380362988,-0.000251402409048751
1768216480939035400,13.019035400390624,-0.014102236367762089,0.0012745888670906425,-0.004517786670476198
1768216480949035500,13.029035400390624,-0.014141651801764965,0.0018873822409659624,-0.005851231049746275
1768216480959036700,13.03903662109375,-0.014040451496839523,0.003358512418344617,-0.004882107023149729
1768216480969036500,13.04903662109375,-0.012405537068843842,0.004562261048704386,-0.005378520116209984
1768216480979037400,13.059037353515626,-0.009756756946444511,0.009157545864582062,-0.004512992687523365
1768216480989038600,13.06903857421875,-0.009319731965661049,0.01582077518105507,-0.00418515782803297
1768216480999038500,13.07903857421875,-0.00469595193862915,0.02238653227686882,0.00003941478280466981
1768216481009039400,13.089039306640625,-0.003194727934896946,0.025971146300435066,-0.0014977618120610714
1768216481019039500,13.09903955078125,-0.004057059530168772,0.028146682307124138,-0.004805407952517271
1768216481029040600,13.10904052734375,-0.0054674698039889336,0.027850806713104248,-0.005335643421858549
1768216481039041500,13.11904150390625,-0.007623032201081514,0.024648888036608696,-0.00484429020434618
1768216481049041400,13.12904150390625,-0.00854688324034214,0.015207715332508087,-0.004350007511675358
1768216481059042600,13.13904248046875,-0.00866246409714222,0.0070733558386564255,-0.00818043202161789
1768216481069042400,13.14904248046875,-0.010924287140369415,0.0008048072922974825,-0.008652344346046448
1768216481079043300,13.159043212890625,-0.009078449569642544,-0.006363356951624155,-0.0051713259890675545
1768216481089044500,13.16904443359375,-0.005856823641806841,-0.009866745211184025,-0.0046269758604466915
1768216481099044600,13.179044677734375,-0.0019800602458417416,-0.013879862613976002,-0.003540672594681382
1768216481109045500,13.18904541015625,-0.0005036037764512002,-0.014211426489055157,-0.003547064261510968
1768216481119045400,13.19904541015625,0.0025129588320851326,-0.011550662107765675,-0.005350556690245867
1768216481129046500,13.209046630859374,0.00021065604232717305,-0.002957440447062254,-0.0042144525796175
1768216481139047400,13.21904736328125,-0.0020096213556826115,0.0028360001742839813,-0.003346794517710805
1768216481149047300,13.22904736328125,-0.005194229539483786,0.007888282649219036,-0.006956176832318306
1768216481159048400,13.23904833984375,-0.0044983453117311,0.010732272639870644,-0.0062879896722733974
1768216481169048600,13.249048583984376,-0.003564641112461686,0.011384480632841587,-0.006645385641604662
1768216481179049500,13.259049560546876,-0.0015795208746567369,0.008552209474146366,-0.007043794728815556
1768216481189050400,13.26905029296875,-0.0017624800093472004,0.004889563657343388,-0.009611614979803562
1768216481199050500,13.279050537109375,-0.002133458387106657,0.00021225394448265433,-0.009830259718000889
1768216481209051400,13.289051513671875,-0.0007597998483106494,0.00019467707898002118,-0.009406285360455513
1768216481219051300,13.29905126953125,0.0012719257501885295,0.0052110073156654835,-0.007430219557136297
1768216481229052400,13.309052490234375,0.0006785734440200031,0.005071723833680153,-0.004848817363381386
1768216481239052500,13.319052490234375,0.00045353634050115943,0.009648099541664124,-0.006257096771150827
1768216481249053400,13.329053466796875,0.0012564794160425663,0.011874502524733543,-0.008098673075437546
1768216481259054300,13.339054443359375,0.0018002968281507492,0.014034059830009937,-0.006699181627482176
1768216481269054500,13.349054443359375,0.003484213724732399,0.01944240741431713,-0.0033190976828336716
1768216481279055600,13.3590556640625,0.006191849708557129,0.025887256488204002,-0.002700977958738804
1768216481289056500,13.369056396484375,0.00717695290222764,0.031684692949056625,-0.004484497010707855
1768216481299056600,13.379056640625,0.00917299184948206,0.03834738954901695,-0.00945289060473442
1768216481309057500,13.3890576171875,0.007666441611945629,0.044255346059799194,-0.014072941616177559
1768216481319057400,13.399057373046874,0.010498980060219765,0.050277017056941986,-0.013140303082764149
1768216481329058300,13.409058349609374,0.01393099594861269,0.057085923850536346,-0.014062022790312767
1768216481339058400,13.419058349609376,0.01739869825541973,0.061944860965013504,-0.012181565165519714
1768216481349059300,13.429059326171876,0.017653029412031174,0.06531695276498795,-0.012987171299755573
1768216481359060200,13.439060302734376,0.015684153884649277,0.06753856688737869,-0.01744343899190426
1768216481369060400,13.449060302734376,0.01483247522264719,0.07017296552658081,-0.01936730556190014
1768216481379061200,13.459061279296876,0.01593901962041855,0.07241667807102203,-0.018027203157544136
1768216481389061000,13.46906103515625,0.015173626132309437,0.07514481991529465,-0.016637565568089485
1768216481399062300,13.479062255859375,0.017541708424687386,0.07638904452323914,-0.013042299076914787
1768216481409063400,13.4890634765625,0.021406488493084908,0.0741884782910347,-0.010833472944796085
1768216481419063300,13.499063232421875,0.02491706795990467,0.07692088186740875,-0.004736964590847492
1768216481429064200,13.509064208984375,0.0253415759652853,0.07899601757526398,-0.0013670006301254034
1768216481439064300,13.519064208984375,0.029414614662528038,0.07358606904745102,0.004107659682631493
1768216481449065200,13.529065185546875,0.03352547064423561,0.06895057111978531,0.011968512088060379
1768216481459066000,13.539066162109375,0.037581995129585266,0.07316635549068451,0.02624465338885784
1768216481469066200,13.549066162109375,0.03428766503930092,0.07529901713132858,0.0316077284514904
1768216481479067400,13.5590673828125,0.028874525800347328,0.08580359071493149,0.027840951457619667
1768216481489067300,13.5690673828125,0.021742314100265503,0.09885520488023758,0.01720588468015194
1768216481499068200,13.579068115234374,0.02202567271888256,0.1120021715760231,0.0056829191744327545
1768216481509069300,13.5890693359375,0.023360716179013252,0.14071956276893616,0.0009315737406723201
1768216481519069200,13.599069091796874,0.02515568770468235,0.15312190353870392,0.008474444970488548
1768216481529070000,13.609070068359374,0.034515101462602615,0.1624421775341034,0.02058064192533493
1768216481539070200,13.6190703125,0.03716947138309479,0.16520866751670837,0.026974625885486603
1768216481549071400,13.6290712890625,0.030316893011331558,0.16630402207374573,0.03201252594590187
1768216481559072300,13.639072265625,0.03303038701415062,0.15055249631404877,0.03204954415559769
1768216481569072000,13.649072021484375,0.02761990949511528,0.136042520403862,0.03172757104039192
1768216481579073300,13.6590732421875,0.02064162865281105,0.11984970420598984,0.031002391129732132
1768216481589073200,13.6690732421875,0.009159144014120102,0.10156311094760895,0.032886311411857605
1768216481599074000,13.679073974609375,0.0010226538870483637,0.09034667164087296,0.037086647003889084
1768216481609075200,13.6890751953125,-0.006325540132820606,0.0920092836022377,0.036727387458086014
1768216481619075300,13.699075439453125,-0.007617439609020948,0.09630150347948074,0.026754116639494896
1768216481629076200,13.709076171875,-0.007016364019364119,0.09914549440145493,0.0210669357329607
1768216481639076400,13.719076416015625,0.00023142869758885354,0.0887029692530632,0.015935290604829788
1768216481649077200,13.7290771484375,-0.007968977093696594,0.08170817792415619,0.019962256774306297
1768216481659078100,13.739078125,-0.0036962011363357306,0.06107400730252266,0.01992364041507244
1768216481669078000,13.749078125,-0.0055034225806593895,0.06674840301275253,0.0394936129450798
1768216481679079200,13.7590791015625,-0.006070942152291536,0.07029014080762863,0.05523023381829262
1768216481689079300,13.769079345703124,-0.0073071811348199844,0.06715933233499527,0.04700692370533943
1768216481699080200,13.779080078125,-0.008517853915691376,0.06623228639364243,0.031674306839704514
1768216481709081000,13.7890810546875,-0.013672403059899807,0.056586846709251404,0.010779676958918571
1768216481719081200,13.799081298828124,-0.01967330276966095,0.043179430067539215,-0.00552233075723052
1768216481729082400,13.809082275390624,-0.02285578101873398,0.04069896042346954,-0.01589321345090866
1768216481739082200,13.819082275390626,-0.02990303747355938,0.04501461237668991,-0.017488446086645126
1768216481749083400,13.82908349609375,-0.03080771304666996,0.04767457768321037,-0.018398715183138847
1768216481759084300,13.839084228515626,-0.03165113553404808,0.05651094764471054,-0.018269019201397896
1768216481769084200,13.849084228515625,-0.026330141350626945,0.05606992542743683,-0.023507989943027496
1768216481779085000,13.8590849609375,-0.021343370899558067,0.054550059139728546,-0.021318605169653893
1768216481789085200,13.869085205078125,-0.016991499811410904,0.049970224499702454,-0.020745491608977318
1768216481799086300,13.87908642578125,-0.006833671126514673,0.053530603647232056,-0.02002990059554577
1768216481809086200,13.889086181640625,0.0016106797847896814,0.062188804149627686,-0.023082682862877846
1768216481819087400,13.89908740234375,0.007564176339656115,0.0698256865143776,-0.021506890654563904
1768216481829088300,13.909088134765625,0.01085957232862711,0.07478848844766617,-0.014187457971274853
1768216481839088000,13.919088134765625,0.008921323344111443,0.0751781091094017,-0.013593573123216629
1768216481849089000,13.929089111328125,0.007758320774883032,0.0727011039853096,-0.017419204115867615
1768216481859090400,13.93909033203125,0.004668521229177713,0.06535423547029495,-0.02377323992550373
1768216481869090300,13.94909033203125,-0.001424791174940765,0.0549926795065403,-0.03238377347588539
1768216481879091200,13.95909130859375,-0.009153816848993301,0.05299770459532738,-0.03810743987560272
1768216481889091300,13.96909130859375,-0.01327212993055582,0.05140433460474014,-0.03491191193461418
1768216481899092200,13.97909228515625,-0.019451994448900223,0.05519188195466995,-0.02136281318962574
1768216481909092000,13.989092041015626,-0.0190205629914999,0.06329800933599472,-0.012285960838198662
1768216481919093200,13.99909326171875,-0.01623942330479622,0.0675489529967308,-0.011055313982069492
1768216481929094400,14.009094482421874,-0.00686110183596611,0.07454826682806015,-0.020968664437532425
1768216481939094300,14.01909423828125,-0.0013965616235509515,0.07592592388391495,-0.028072115033864975
1768216481949095200,14.02909521484375,0.005386509466916323,0.07164302468299866,-0.03130652382969856
1768216481959095300,14.03909521484375,0.006473612040281296,0.0652698203921318,-0.02919037640094757
1768216481969096200,14.04909619140625,0.006322344299405813,0.060201819986104965,-0.02315725013613701
1768216481979097000,14.05909716796875,0.01260873582214117,0.06470975279808044,-0.013684919103980064
1768216481989097200,14.06909716796875,0.021988922730088234,0.08504112809896469,0.0034519892651587725
1768216481999098400,14.079098388671875,0.02798343077301979,0.09282367676496506,0.012001534923911095
1768216482009098200,14.08909814453125,0.02949344366788864,0.09929462522268295,0.0070760189555585384
1768216482019099100,14.09909912109375,0.03415370732545853,0.10669422149658203,0.0025686188600957394
1768216482029100300,14.109100341796875,0.034762509167194366,0.11366238445043564,0.0008796420879662037
1768216482039100200,14.11910009765625,0.03352360427379608,0.10947349667549133,-0.0012956279097124934
1768216482049101000,14.12910107421875,0.0298516396433115,0.10187043994665146,0.0015819176333025098
1768216482059101400,14.139101318359375,0.018854914233088493,0.10050822794437408,0.0006972155533730984
1768216482069102300,14.149102294921875,0.009032377041876316,0.10162276774644852,-0.010522149503231049
1768216482079103200,14.159103271484375,0.004470914602279663,0.10070477426052094,-0.019029883667826653
1768216482089103000,14.16910302734375,0.0044349622912704945,0.10476343333721161,-0.0211284551769495
1768216482099104300,14.179104248046874,0.0030099046416580677,0.1135215014219284,-0.013430854305624962
1768216482109104000,14.189104248046876,0.01293417438864708,0.12666819989681244,0.0011198592837899923
1768216482119105300,14.199105224609376,0.025007614865899086,0.14248017966747284,0.003981692250818014
1768216482129106200,14.209106201171876,0.025722140446305275,0.1393464356660843,-0.005348692648112774
1768216482139106300,14.219106201171876,0.02255937084555626,0.13169650733470917,-0.009374327026307583
1768216482149107200,14.229107177734376,0.025657426565885544,0.1326664388179779,-0.0029411951545625925
1768216482159107300,14.239107421875,0.023083481937646866,0.12737366557121277,0.004699414130300283
1768216482169108200,14.249108154296875,0.018216820433735847,0.12055890262126923,0.010632137767970562
1768216482179109400,14.259109375,0.010636931285262108,0.11322402954101562,0.015007179230451584
1768216482189109200,14.269109130859375,0.006858172360807657,0.105202317237854,0.019410183653235435
1768216482199110100,14.279110107421875,0.010812434367835522,0.0923917144536972,0.012722985818982124
1768216482209110300,14.2891103515625,0.018101505935192108,0.09111925959587097,0.0013353090034797788
1768216482219111200,14.299111083984375,0.02033083699643612,0.09169689565896988,-0.009030246175825596
1768216482229112000,14.309112060546875,0.018850119784474373,0.09192726016044617,-0.016383500769734383
1768216482239112200,14.3191123046875,0.016822656616568565,0.09675184637308121,-0.017793111503124237
1768216482249113300,14.32911328125,0.019460516050457954,0.09948717802762985,-0.008318116888403893
1768216482259113200,14.33911328125,0.016771789640188217,0.10180465877056122,0.0005368932615965605
1768216482269114400,14.3491142578125,0.019389145076274872,0.09693879634141922,0.012047342024743557
1768216482279115300,14.359115234375,0.01841256208717823,0.08607256412506104,0.01930765062570572
1768216482289115100,14.369115234375,0.01798299513757229,0.0834520161151886,0.01715528406202793
1768216482299116000,14.379115966796874,0.018032530322670937,0.07457330077886581,0.00860094465315342
1768216482309116200,14.3891162109375,0.020299945026636124,0.07013514637947083,-0.004008323885500431
1768216482319117300,14.399117431640626,0.020121779292821884,0.05532131344079971,-0.012731773778796196
1768216482329118200,14.4091181640625,0.012975719757378101,0.03772713989019394,-0.011258513666689396
1768216482339118300,14.419118408203126,0.010072607547044754,0.026582874357700348,0.0052019525319337845
1768216482349119200,14.429119140625,0.005933522712439299,0.011562380008399487,0.019288476556539536
1768216482359119000,14.439119140625,-0.0008466189028695226,-0.009613212198019028,0.019871709868311882
1768216482369120000,14.4491201171875,-0.007661914452910423,-0.025172464549541473,0.010728810913860798
1768216482379121200,14.45912109375,-0.012080631218850613,-0.02899889461696148,0.001683916780166328
1768216482389121000,14.46912109375,-0.014733405783772469,-0.02924603596329689,-0.003560912562534213
1768216482399122000,14.479121826171875,-0.014664430171251297,-0.021025655791163445,-0.00558145297691226
1768216482409122000,14.4891220703125,-0.012582903727889061,-0.014645255170762539,0.0003153182624373585
1768216482419123200,14.499123291015625,-0.009847836568951607,-0.012766129337251186,0.008112520910799503
1768216482429124000,14.5091240234375,-0.011283813044428825,-0.009249158203601837,0.01884639263153076
1768216482439124200,14.519124267578125,-0.013055347837507725,-0.010436395183205605,0.026988208293914795
1768216482449125000,14.529125,-0.01673450507223606,-0.006747385021299124,0.021916484460234642
1768216482459125000,14.539125,-0.010156763717532158,-0.004474110435694456,0.014791196212172508
1768216482469126000,14.5491259765625,-0.0012183962389826775,-0.003680754918605089,0.010660100728273392
1768216482479126300,14.559126220703124,0.0029441246297210455,-0.004461593925952911,0.010112554766237736
1768216482489127200,14.569127197265624,0.007169229444116354,-0.009021458216011524,0.014002367854118347
1768216482499128000,14.579128173828124,0.012606339529156685,-0.012309130281209946,0.015484684146940708
1768216482509128200,14.589128173828126,0.013804495334625244,-0.018035991117358208,0.01721893437206745
1768216482519129000,14.599129150390626,0.015283881686627865,-0.020677048712968826,0.01347266510128975
1768216482529129000,14.60912890625,0.009162339381873608,-0.022340459749102592,0.008961536921560764
1768216482539130000,14.619130126953126,0.0008279767935164273,-0.016536632552742958,0.006433664355427027
1768216482549131300,14.62913134765625,-0.003922836389392614,-0.010751447640359402,0.00461685610935092
1768216482559131100,14.639131103515625,-0.006449110805988312,-0.01047288067638874,0.0035712989047169685
1768216482569132000,14.649132080078125,-0.011662248522043228,-0.013553359545767307,0.010370615869760513
1768216482579132200,14.659132080078125,-0.01720774918794632,-0.017463944852352142,0.023455258458852768
1768216482589133000,14.669133056640625,-0.014871091581881046,-0.02154257707297802,0.03421469405293465
1768216482599134200,14.67913427734375,-0.013851899653673172,-0.02557806484401226,0.03448287770152092
1768216482609134000,14.689134033203125,-0.008867527358233929,-0.03435957059264183,0.028012460097670555
1768216482619135200,14.69913525390625,-0.0011171960504725575,-0.03092276304960251,0.022548984736204147
1768216482629135000,14.709135009765625,0.0009723200928419828,-0.029195968061685562,0.012890231795608997
1768216482639136000,14.719135986328125,0.00352868833579123,-0.025225462391972542,0.010655573569238186
1768216482649137000,14.729136962890625,0.005094893276691437,-0.0172042865306139,0.01321300771087408
1768216482659137000,14.739136962890624,0.005539374891668558,-0.014687865972518921,0.009765013121068478
1768216482669138200,14.74913818359375,0.0017696705181151628,-0.01624075509607792,0.006359628401696682
1768216482679138300,14.75913818359375,-0.002746784361079335,-0.02588512748479843,0.0028487835079431534
1768216482689139200,14.76913916015625,-0.003311640815809369,-0.02851766161620617,0.00017976337403524667
1768216482699140000,14.77914013671875,-0.003771568648517132,-0.025645175948739052,-0.0030067088082432747
1768216482709140000,14.789139892578126,-0.006789196282625198,-0.023519441485404968,-0.0031470574904233217
1768216482719141000,14.79914111328125,-0.00387356779538095,-0.01745568960905075,-0.003427221905440092
1768216482729141000,14.80914111328125,-0.0011859056539833546,-0.011231348849833012,-0.0003278351214248687
1768216482739142100,14.81914208984375,-0.00025992453447543085,-0.009801497682929039,0.005063468124717474
1768216482749143000,14.82914306640625,0.0037473340053111315,-0.013970676809549332,0.005008607171475887
1768216482759143200,14.83914306640625,0.005392368417233229,-0.02159557305276394,0.0023153522051870823
1768216482769144000,14.84914404296875,0.006877879612147808,-0.025729065760970116,-0.0016554208705201745
1768216482779144000,14.85914404296875,0.007239536847919226,-0.028722191229462624,-0.003522030543535948
1768216482789145000,14.86914501953125,0.006736732088029385,-0.027511784806847572,-0.006125004030764103
1768216482799146200,14.879146240234375,0.005662945564836264,-0.024044882506132126,-0.007285077124834061
1768216482809146000,14.88914599609375,0.0019510318525135517,-0.019691413268446922,-0.009941580705344677
1768216482819147000,14.89914697265625,0.0013108078856021166,-0.011634818278253078,-0.011687548831105232
1768216482829147100,14.909147216796875,-0.0009973538108170033,-0.007134342100471258,-0.011440940201282501
1768216482839148000,14.91914794921875,-0.00003009372085216455,-0.006681604776531458,-0.00885101594030857
1768216482849149000,14.92914892578125,-0.002855974016711116,-0.0117338877171278,-0.012288890779018402
1768216482859149300,14.9391494140625,-0.0011821772204712033,-0.017070330679416656,-0.013158679008483887
1768216482869150200,14.949150146484374,-0.0018335863715037704,-0.021329790353775024,-0.017608555033802986
1768216482879150000,14.959150146484374,-0.0017246630741283298,-0.03067988157272339,-0.02190849371254444
1768216482889151000,14.96915087890625,-0.002951048780232668,-0.040653154253959656,-0.02545236237347126
1768216482899151000,14.979151123046876,-0.004297542851418257,-0.047694019973278046,-0.02437910996377468
1768216482909152000,14.989152099609376,-0.003525758860632777,-0.042567167431116104,-0.018002169206738472
1768216482919153200,14.999153076171876,-0.004210990387946367,-0.03808772936463356,-0.01449691690504551
1768216482929153300,15.0091533203125,-0.005370530765503645,-0.03221173211932182,-0.014290256425738335
1768216482939154200,15.019154296875,-0.005112736485898495,-0.02935788780450821,-0.014082795940339565
1768216482949154000,15.029154052734375,-0.001356614287942648,-0.02335459180176258,-0.015168566256761551
1768216482959155200,15.0391552734375,-0.001246892032213509,-0.01465644035488367,-0.011539476923644543
1768216482969156000,15.049156005859375,0.001401355373673141,-0.00863530021160841,-0.009485647082328796
1768216482979156000,15.059156005859375,0.002635730430483818,-0.009044094942510128,-0.015222894959151745
1768216482989157000,15.0691572265625,0.0011086739832535386,-0.01519040483981371,-0.020899955183267593
1768216482999157200,15.0791572265625,-0.00026844663079828024,-0.01435284037142992,-0.026212429627776146
1768216483009158100,15.089158203125,-0.0007440872141160071,-0.012133894488215446,-0.026282470673322678
1768216483019159000,15.099158935546875,-0.00042876892257481813,-0.015093998052179813,-0.026384469121694565
1768216483029159200,15.1091591796875,-0.0028221518732607365,-0.01775183342397213,-0.022542860358953476
1768216483039160000,15.11916015625,-0.001677525113336742,-0.019146529957652092,-0.017892714589834213
1768216483049160000,15.129159912109374,0.0015041533624753356,-0.01714702881872654,-0.015564578585326672
1768216483059161000,15.1391611328125,-0.00041731735109351575,-0.01678057760000229,-0.016389092430472374
1768216483069162200,15.149162353515624,-0.00195156445261091,-0.010177269577980042,-0.018335597589612007
1768216483079162000,15.159162109375,-0.0011598066193982959,-0.009856891818344593,-0.017472999170422554
1768216483089163000,15.1691630859375,0.0004527373821474612,-0.013193566352128983,-0.018135860562324524
1768216483099163100,15.1791630859375,-0.00101120222825557,-0.014160294085741043,-0.01876756176352501
1768216483109164000,15.1891640625,-0.002597114769741893,-0.012736568227410316,-0.01811135932803154
1768216483119165200,15.199165283203126,-0.004007524810731411,-0.011689146980643272,-0.013712616637349129
1768216483129165000,15.2091650390625,-0.00455693481490016,-0.01131177693605423,-0.011990083381533623
1768216483139166200,15.219166259765625,-0.005891977343708277,-0.012597550638020039,-0.013915282674133778
1768216483149166000,15.229166015625,-0.008924518711864948,-0.012104866094887257,-0.014871091581881046
1768216483159167000,15.2391669921875,-0.011591674759984016,-0.01619281806051731,-0.01278849970549345
1768216483169168000,15.24916796875,-0.013667075894773006,-0.01660720631480217,-0.007898936048150063
1768216483179168000,15.25916796875,-0.009319731965661049,-0.01569533906877041,-0.005681587848812342
1768216483189169200,15.269169189453125,-0.014073740690946579,-0.02166081964969635,-0.009416405111551285
1768216483199169300,15.279169189453125,-0.015242336317896843,-0.023211846128106117,-0.015429556369781494
1768216483209170200,15.289170166015625,-0.014764565043151379,-0.023743944242596626,-0.01852361671626568
1768216483219171000,15.299171142578125,-0.010728011839091778,-0.020506341010332108,-0.019045863300561905
1768216483229171000,15.3091708984375,-0.0065460498444736,-0.01233096793293953,-0.013972274959087372
1768216483239172000,15.319172119140624,-0.000261788722127676,-0.004635232035070658,-0.010804444551467896
1768216483249172200,15.329172119140624,-0.0008056062506511807,0.0021758025977760553,-0.010872887447476387
1768216483259173000,15.339173095703124,0.0003709783486556262,0.0012996225850656629,-0.01269635371863842
1768216483269174000,15.349174072265624,-0.0005166532355360687,0.004768123384565115,-0.014791728928685188
1768216483279174100,15.359174072265626,-0.000472977408207953,0.005344431847333908,-0.01187929604202509
1768216483289175000,15.369175048828126,-0.0034083134960383177,0.004179032519459724,-0.009748500771820545
1768216483299175000,15.3791748046875,-0.00609384523704648,0.0033843449782580137,-0.009972206316888332
1768216483309176300,15.38917626953125,-0.007796670310199261,-0.0010130665032193065,-0.013332583010196686
1768216483319176200,15.39917626953125,-0.010724549181759357,-0.005845904815942049,-0.01654648594558239
1768216483329177000,15.409177001953125,-0.010102168656885624,-0.001889246515929699,-0.01619548164308071
1768216483339178000,15.419177978515625,-0.006850981619209051,-0.00021198761533014476,-0.01290328148752451
1768216483349178400,15.429178466796875,-0.004889830015599728,0.001341966912150383,-0.009606022387742996
1768216483359179300,15.43917919921875,-0.005243497900664806,0.0062879896722733974,-0.012616991996765137
1768216483369179100,15.44917919921875,0.0006652576266787946,0.006235259119421244,-0.013739780522882938
1768216483379180300,15.45918017578125,-0.00003728425508597866,0.013202620670199394,-0.014448980800807476
1768216483389181400,15.469181396484375,0.0023398532066494226,0.014583736658096313,-0.011404987424612045
1768216483399181300,15.479181396484375,0.0008724515791982412,0.01515897922217846,-0.005852296482771635
1768216483409182200,15.48918212890625,-0.0019507654942572117,0.009167665615677834,-0.0010109359864145517
1768216483419182300,15.499182373046875,-0.00045300371129997075,0.0093303844332695,0.0019592875614762306
1768216483429183200,15.509183349609375,-0.003916178364306688,0.004555337131023407,0.0005179848521947861
1768216483439184100,15.51918408203125,-0.005012335255742073,-0.002270344877615571,-0.0057372478768229485
1768216483449184300,15.529184326171874,-0.005886384751647711,-0.008666192181408405,-0.006988933775573969
1768216483459185400,15.539185302734374,-0.009021458216011524,-0.012762666679918766,-0.011157047003507614
1768216483469185300,15.549185302734376,-0.008158328011631966,-0.01095677725970745,-0.011725631542503834
1768216483479186200,15.559186279296876,-0.008441687561571598,-0.012556271627545357,-0.0157169122248888
1768216483489187300,15.569187255859376,-0.005983323790132999,-0.010282997973263264,-0.017176590859889984
1768216483499187200,15.579187255859376,-0.0035542547702789307,-0.006616889964789152,-0.014816230162978172
1768216483509188000,15.58918798828125,0.0006612628931179643,0.0010482202051207423,-0.012211392633616924
1768216483519188200,15.599188232421875,0.0005392901366576552,0.0037880802992731333,-0.011619637720286846
1768216483529189400,15.609189453125,0.004433896858245134,0.011090734042227268,-0.012073440477252007
1768216483539190300,15.619190185546875,0.004157460760325193,0.015214905142784119,-0.009128517471253872
1768216483549190400,15.6291904296875,0.004829376470297575,0.01576831005513668,-0.006705839652568102
1768216483559191300,15.63919140625,0.0025063008069992065,0.01287372037768364,-0.01028805784881115
1768216483569191200,15.649191162109375,-0.0027470507193356752,0.003638144349679351,-0.013666809536516666
1768216483579192000,15.659192138671875,-0.00005219795639277436,0.0020186761394143105,-0.011984490789473057
1768216483589193500,15.669193359375,-0.0008362325606867671,-0.0036362800747156143,-0.008341020904481411
1768216483599193300,15.679193359375,-0.005228051450103521,-0.012749084271490574,-0.00950721837580204
1768216483609194200,15.6891943359375,-0.008985771797597408,-0.01261113304644823,-0.018377674743533134
1768216483619194400,15.6991943359375,-0.007939415983855724,-0.009387909434735775,-0.021807827055454254
1768216483629195300,15.7091953125,-0.002145442645996809,-0.010634801350533962,-0.018788602203130722
1768216483639196200,15.719196044921874,0.0001853560097515583,-0.008220112882554531,-0.018001636490225792
1768216483649196300,15.7291962890625,-0.0005616606795229018,-0.007072823122143745,-0.01233096793293953
1768216483659197400,15.739197509765624,-0.000015446334145963192,0.0006857639527879655,-0.007664311211556196
1768216483669197300,15.749197265625,0.0002668487431947142,0.0027164241764694452,-0.004458930809050798
1768216483679198200,15.7591982421875,-0.0013014868600293994,0.005655488930642605,-0.002584864152595401
1768216483689198300,15.7691982421875,0.00017124126316048205,0.006744455546140671,-0.0016644756542518735
1768216483699199200,15.77919921875,-0.001443166984245181,0.0030658310279250145,-0.004819256253540516
1768216483709200400,15.789200439453126,-0.005972937680780888,-0.0046967510133981705,-0.011827098205685616
1768216483719200300,15.7992001953125,-0.00711676524952054,-0.00914715975522995,-0.01642211712896824
1768216483729201400,15.809201416015625,-0.010190052911639214,-0.010811901651322842,-0.017227455973625183
1768216483739201300,15.819201171875,-0.007905061356723309,-0.009662747383117676,-0.012996491976082325
1768216483749202200,15.8292021484375,-0.00714606000110507,-0.002121474128216505,-0.010749849490821362
1768216483759203000,15.839203125,-0.0057502975687384605,-0.0032591766212135553,-0.008388424292206764
1768216483769203200,15.849203125,-0.006376406643539667,-0.0038578552193939686,-0.0073418025858700275
1768216483779204400,15.859204345703125,-0.0057279267348349094,-0.004022704903036356,-0.005982258822768927
1768216483789204500,15.86920458984375,-0.0032000544015318155,-0.0004183826094958931,-0.0005589975044131279
1768216483799205400,15.879205322265625,0.0027920580469071865,0.010092315264046192,0.002365153282880783
1768216483809206300,15.889206298828125,0.004219512455165386,0.013513677753508091,0.0002234392159152776
1768216483819206100,15.8992060546875,0.0038895467296242714,0.009608951397240162,-0.0016013587592169642
1768216483829207300,15.909207275390624,0.00013156015484128147,0.005622199270874262,-0.004600078333169222
1768216483839207200,15.919207275390624,0.003192597534507513,-0.0011235876008868217,-0.004071706905961037
1768216483849208300,15.929208251953124,0.0018402442801743746,-0.003120425855740905,0.000004793690095539205
1768216483859209200,15.939209228515624,0.0011664645280689,0.0010399643797427416,0.001651159836910665
1768216483869209300,15.949209228515626,-0.0013318468118086457,0.0013986921403557062,0.0036525253672152758
1768216483879210200,15.959210205078126,-0.0011701929615810513,0.003769171889871359,0.0022626216523349285
1768216483889210000,15.969210205078125,-0.006398510653525591,0.0034621094819158316,-0.004511128645390272
1768216483899211300,15.979211181640625,-0.003335342975333333,0.008198008872568607,-0.0068179587833583355
1768216483909212400,15.98921240234375,-0.0051713259890675545,0.01275680772960186,-0.006050169467926025
1768216483919212300,15.99921240234375,0.0003304982965346426,0.018856246024370193,-0.007895207032561302
1768216483929213200,16.009213134765623,0.002088450826704502,0.02184271439909935,-0.002397643867880106
1768216483939213300,16.01921337890625,0.004859736189246178,0.02401825040578842,0.0022173479665070772
1768216483949214200,16.029214111328123,0.0057010287418961525,0.02213326469063759,0.0019861855544149876
1768216483959215000,16.039215087890625,0.006046973634511232,0.022428343072533607,0.0065620290115475655
1768216483969215200,16.04921533203125,0.007473096251487732,0.02069675549864769,0.006444583646953106
1768216483979216400,16.05921630859375,0.007980428636074066,0.019468506798148155,0.006146842148154974
1768216483989216300,16.06921630859375,0.004180630203336477,0.015533152967691422,0.00020373181905597448
1768216483999217200,16.079217041015625,0.0025683525018393993,0.007875233888626099,-0.0028631645254790783
1768216484009218300,16.08921826171875,0.0024285365361720324,0.0017584852175787091,-0.0020546286832541227
1768216484019218200,16.09921826171875,0.0009209210984408855,0.0037476003635674715,0.0003741741238627583
1768216484029219000,16.109218994140626,0.003853061469271779,0.0035888757556676865,0.0059902481734752655
1768216484039219500,16.119219482421876,0.005395830608904362,0.0017584852175787091,0.006440322380512953
1768216484049220400,16.129220458984374,0.0027233485598117113,-0.005508482456207275,0.002177400514483452
1768216484059221200,16.13922119140625,0.0014444985426962376,-0.004514856729656458,-0.003230414353311062
1768216484069221400,16.149221435546874,-0.003825897118076682,-0.0014761901693418622,-0.007533283904194832
1768216484079222300,16.15922216796875,-0.0041489386931061745,0.0032783513888716698,-0.006729808170348406
1768216484089222100,16.16922216796875,-0.0018213358707726002,0.011036139912903309,-0.00663446681573987
1768216484099223300,16.179223388671875,0.002007757080718875,0.015150456689298153,-0.00854635052382946
1768216484109224200,16.18922412109375,0.004624845460057259,0.012685967609286308,-0.006189985200762749
1768216484119224300,16.199224365234375,0.003805390791967511,0.014364558272063732,-0.007129282224923372
1768216484129225200,16.20922509765625,0.0015124091878533363,0.004749747924506664,-0.012040683999657631
1768216484139225300,16.219225341796875,-0.0006298375665210187,-0.0035246936604380608,-0.011906460858881474
1768216484149226200,16.229226318359373,-0.0015241270884871483,-0.004446680191904306,-0.007119694724678993
1768216484159226000,16.23922607421875,-0.003906590864062309,-0.004370513837784529,0.0013262542197480798
1768216484169227300,16.249227294921877,-0.0051622712053358555,-0.0034527883399277925,0.0095698032528162
1768216484179228400,16.259228515625,-0.00469595193862915,-0.002371544949710369,0.010973288677632809
1768216484189228300,16.269228271484376,-0.004432565066963434,-0.001275920425541699,0.004880775231868029
1768216484199229200,16.279229248046875,-0.002645584288984537,0.004234159830957651,0.00304718897677958
1768216484209229300,16.289229248046876,-0.0029971215408295393,0.008292284794151783,0.000508663768414408
1768216484219230200,16.299230224609374,-0.0026783409994095564,0.010357566177845001,-0.001017593895085156
1768216484229231400,16.3092314453125,-0.0018887137994170189,0.010151171125471592,-0.00023196132679004222
1768216484239231200,16.319231201171874,-0.004002997186034918,0.00759853096678853,0.0013488910626620054
1768216484249232400,16.329232421875,-0.006135656964033842,0.005437642335891724,-0.00016591492749284953
1768216484259232300,16.339232177734374,-0.009045160375535488,-0.0020548950415104628,-0.0040946099907159805
1768216484269233200,16.349233154296876,-0.011244931258261204,-0.004788896068930626,-0.008010522462427616
1768216484279234000,16.359234130859374,-0.009058210067451,-0.008411328308284283,-0.008679508231580257
1768216484289234200,16.369234130859375,-0.0068326061591506,-0.008598282001912594,-0.007835020311176777
1768216484299235300,16.3792353515625,-0.002264219569042325,-0.005498628597706556,-0.0065319351851940155
1768216484309235500,16.3892353515625,-0.0007544735562987626,-0.0019829897210001945,-0.005428853910416365
1768216484319236400,16.399236328125,0.0002695118892006576,0.0009717874927446246,-0.0029933929909020662
1768216484329237200,16.4092373046875,0.0010194580536335707,0.007198524195700884,-0.002653573639690876
1768216484339237000,16.419237060546877,-0.0008356999605894089,0.004920456558465958,-0.008296811953186989
1768216484349238300,16.42923828125,-0.0009752495680004358,0.0007789746159687638,-0.01417440827935934
1768216484359238100,16.439238037109376,-0.00045300371129997075,0.001978462329134345,-0.014417555183172226
1768216484369239000,16.449239013671875,-0.0013422331539914012,0.005901831202208996,-0.012035624124109745
1768216484379240000,16.459239990234376,0.0011949603212997317,0.0028807413764297962,-0.009749299846589565
1768216484389240000,16.469239990234374,0.0013851100811734796,0.008069111965596676,-0.004024302586913109
1768216484399241200,16.4792412109375,0.003567570587620139,0.013397297821938992,-0.0010556770721450448
1768216484409241000,16.489240966796874,0.0032107068691402674,0.01593875326216221,0.0008375641773454845
1768216484419242200,16.4992421875,0.003897269954904914,0.02154337428510189,0.0028517129831016064
1768216484429243100,16.5092431640625,0.00313001312315464,0.0234062559902668,0.0046599991619586945
1768216484439243000,16.519242919921876,0.0049590724520385265,0.021384917199611664,0.006703975144773722
1768216484449244200,16.529244140625,0.003477022983133793,0.017311612144112587,0.009268066845834255
1768216484459244300,16.539244384765624,-0.0000476705827168189,0.007990015670657158,0.01133654359728098
1768216484469245200,16.5492451171875,-0.0012373046483844519,0.002606435678899288,0.010873952880501747
1768216484479246000,16.55924609375,-0.0034061830956488848,0.0005882922559976578,0.009780991822481155
1768216484489246200,16.56924609375,-0.006172941066324711,0.003275954397395253,0.007632886059582233
1768216484499247000,16.5792470703125,-0.005301288329064846,0.0024431839119642973,0.004863731097429991
1768216484509247000,16.5892470703125,-0.004491420928388834,0.0028067054226994514,0.0005731122801080346
1768216484519248100,16.599248046875,-0.00013608753215521574,-0.0004767058417201042,-0.003379551460966468
1768216484529249300,16.609249267578125,-0.0027614317368716,0.0034615767654031515,-0.005535114090889692
1768216484539249200,16.619249267578127,-0.0008159925346262753,-0.0004852279380429536,-0.004163319710642099
1768216484549250000,16.62925,0.0015600797487422824,0.0033534523099660873,-0.003820837242528796
1768216484559250200,16.639250244140626,-0.0008852347382344306,0.003955326974391937,-0.0037260286044329405
1768216484569251000,16.6492509765625,-0.0015755260828882456,0.0009036105475388467,-0.004668254870921373
1768216484579251000,16.6592509765625,-0.0018578211311250925,0.0004743089957628399,0.00045034053619019687
1768216484589252400,16.66925244140625,-0.0049103363417088985,-0.0007693872321397066,0.002398442942649126
1768216484599253200,16.679253173828126,-0.008387359790503979,-0.0008122641011141241,0.004458131734281778
1768216484609253000,16.689253173828124,-0.010098706930875778,-0.0035140409599989653,0.0012026835465803742
1768216484619254000,16.69925390625,-0.013305685482919216,-0.00965555664151907,-0.0021880532149225473
1768216484629254100,16.709254150390624,-0.01044305320829153,-0.00818229652941227,-0.0010045443195849657
1768216484639255000,16.719255126953126,-0.008280034177005291,-0.013827398419380188,0.0012546151410788298
1768216484649256200,16.729256103515624,-0.00902838259935379,-0.014751781709492207,0.002222141483798623
1768216484659256300,16.73925634765625,-0.007770837750285864,-0.014209561981260777,0.007035006303340197
1768216484669257200,16.74925732421875,-0.00814794097095728,-0.017400827258825302,0.012660401873290539
1768216484679257000,16.759257080078125,-0.009676329791545868,-0.015455389395356178,0.011143198236823082
1768216484689258000,16.769258056640624,-0.011601794511079788,-0.01642690971493721,0.005820072256028652
1768216484699259100,16.779259033203125,-0.012612731195986271,-0.01630041003227234,-0.0005001416429877281
1768216484709259000,16.789259033203123,-0.013961355201900005,-0.014340057037770748,-0.009663280099630356
1768216484719260200,16.79926025390625,-0.01569400727748871,-0.0162359606474638,-0.008917861618101597
1768216484729260300,16.80926025390625,-0.013921940699219704,-0.018702581524848938,-0.006429137196391821
1768216484739261200,16.81926123046875,-0.014115818776190281,-0.018735870718955994,-0.003549194661900401
1768216484749262000,16.829261962890627,-0.013880928047001362,-0.01950659044086933,-0.0007036071619950235
1768216484759262200,16.83926220703125,-0.012288091704249382,-0.025485917925834656,-0.002627208363264799
1768216484769263000,16.84926318359375,-0.007645136676728725,-0.024748755618929863,-0.00555269094184041
1768216484779263200,16.85926318359375,-0.007922105491161346,-0.022532738745212555,-0.009136506356298923
1768216484789264100,16.86926416015625,-0.00276116537861526,-0.011512845754623413,-0.010005496442317963
1768216484799265000,16.87926513671875,-0.001751827308908105,-0.0006293049664236605,-0.008220112882554531
1768216484809265200,16.88926513671875,-0.0030447919853031635,0.004322044085711241,-0.007469101343303919
1768216484819266000,16.89926611328125,-0.0034935346338897943,0.003693005535751581,-0.009547698311507702
1768216484829266200,16.90926611328125,-0.005391835700720549,-0.0052168662659823895,-0.015121961012482643
1768216484839267300,16.919267333984376,-0.007447263691574335,-0.012566125951707363,-0.017960092052817345
1768216484849268200,16.929268310546874,-0.008785502053797245,-0.015018897131085396,-0.015416773036122322
1768216484859268000,16.93926806640625,-0.011384214274585247,-0.015106515027582645,-0.014123808592557907
1768216484869269200,16.949269287109374,-0.011913650669157505,-0.014146445319056511,-0.015446600504219532
1768216484879269000,16.95926904296875,-0.009860619902610779,-0.011449728161096573,-0.016745690256357193
1768216484889270000,16.96927001953125,-0.007808121852576733,-0.005139900837093592,-0.015926502645015717
1768216484899271200,16.979271240234375,-0.0046938215382397175,-0.00851279404014349,-0.015689747408032417
1768216484909271300,16.989271240234373,-0.001449292292818427,0.002969424705952406,-0.01835530437529087
1768216484919272200,16.999272216796875,0.004524710588157177,0.009526393376290798,-0.020489828661084175
1768216484929272000,17.00927197265625,0.007935953326523304,0.01979207992553711,-0.018748121336102486
1768216484939273200,17.019273193359375,0.00939217023551464,0.036730051040649414,-0.01936650648713112
1768216484949274000,17.029274169921877,0.011444401927292347,0.04459729418158531,-0.01938142068684101
1768216484959274000,17.03927392578125,0.007357514929026365,0.046973101794719696,-0.017580857500433922
1768216484969275100,17.049275146484376,0.00657561095431447,0.049262356013059616,-0.018619224429130554
1768216484979275300,17.059275146484374,0.00339153571985662,0.04446280747652054,-0.022308234125375748
1768216484989276200,17.069276123046876,0.0018610169645398855,0.040937311947345734,-0.0190767552703619
1768216484999276300,17.0792763671875,0.003964648116379976,0.03376435488462448,-0.01474752090871334
1768216485009277200,17.089277099609376,0.007661381736397743,0.029031651094555855,-0.009972739033401012
1768216485019278000,17.099278076171874,0.006128466222435236,0.019217636436223984,-0.007001716643571854
1768216485029278000,17.10927783203125,0.005605954211205244,0.01612996682524681,-0.004525776021182537
1768216485039279000,17.119279052734374,0.003919906914234161,0.014735803008079529,0.0006072007236070931
1768216485049279200,17.129279296875,0.0025385250337421894,0.012777847237884998,0.00646695401519537
1768216485059280100,17.139280029296874,0.0020594224333763123,0.011621768586337566,0.01203802041709423
1768216485069281000,17.149281005859375,0.00047830372932367027,0.014933409169316292,0.014882809482514858
1768216485079281200,17.15928125,0.0020181434229016304,0.01997024565935135,0.012193016707897186
1768216485089282000,17.169281982421875,0.002285258611664176,0.024512000381946564,0.009398029185831547
1768216485099282000,17.179281982421877,0.0010013486025854945,0.018631475046277046,0.00603339122608304
1768216485109283300,17.189283447265623,0.00037976677413098514,0.015359515324234962,0.0028628981672227383
1768216485119284200,17.1992841796875,0.0011145329335704446,0.013822072185575962,0.00006391586794052273
1768216485129284000,17.2092841796875,0.002570749493315816,0.012173308990895748,0.00035420042695477605
1768216485139285000,17.219284912109377,0.0016727314796298742,0.007071757689118385,-0.003686880227178335
1768216485149285000,17.22928515625,-0.0017398431664332747,-0.0001400822657160461,-0.0076272934675216675
1768216485159286300,17.239286376953125,-0.004549744538962841,-0.00914316438138485,-0.010717093013226986
1768216485169287200,17.249287109375,-0.006351905409246683,-0.01136956736445427,-0.008116249926388264
1768216485179287300,17.259287353515624,-0.0049217878840863705,-0.01178981363773346,-0.006587595213204622
1768216485189288200,17.2692880859375,-0.002755306428298354,-0.008607869036495686,-0.004336691461503506
1768216485199288000,17.2792880859375,-0.0017837852938100696,-0.0029023129027336836,-0.0038717035204172134
1768216485209289000,17.2892890625,0.000254331884207204,0.0038567897863686085,-0.0048767803236842155
1768216485219290400,17.299290283203124,0.002016279147937894,0.008371113799512386,-0.006549512036144733
1768216485229290200,17.309290283203126,0.0006498112925328314,0.01131071150302887,-0.0046882289461791515
1768216485239291100,17.319291015625,0.001008272753097117,0.009587113745510578,-0.005616340320557356
1768216485249291300,17.329291259765625,0.0013369068037718534,0.004310858901590109,-0.0049436260014772415
1768216485259292200,17.339292236328124,0.0029933929909020662,0.0018285263795405626,-0.004490355961024761
1768216485269293000,17.34929296875,0.0021411816123872995,0.004142280668020248,-0.0032687638886272907
1768216485279293200,17.359293212890623,0.0024983114562928677,0.010742658749222755,-0.003524960018694401
1768216485289294300,17.36929443359375,0.005374791566282511,0.016037821769714355,-0.005037635564804077
1768216485299294200,17.379294189453127,0.007438475266098976,0.014274010434746742,-0.008097074925899506
1768216485309295000,17.389295166015625,0.0038810246624052525,0.009945042431354523,-0.01654249057173729
1768216485319296000,17.3992958984375,0.0013646037550643086,0.005094094667583704,-0.018813634291291237
1768216485329296100,17.409296142578125,-0.0014455638593062758,0.005063201766461134,-0.019944146275520325
1768216485339297000,17.419297119140627,-0.0005036037764512002,0.008681905455887318,-0.01871882565319538
1768216485349297400,17.42929736328125,0.0003270361921750009,0.011571168899536133,-0.01441382709890604
1768216485359298800,17.439298828125,0.0026040389202535152,0.012164254672825336,-0.00827790331095457
1768216485369299700,17.4492998046875,0.003995806910097599,0.014170413836836815,-0.00381417921744287
1768216485379299600,17.459299560546874,0.003846936160698533,0.011408182792365551,0.004008323885500431
1768216485389300500,17.469300537109376,0.001770203118212521,0.010363691486418247,0.004750014282763004
1768216485399300600,17.479300537109374,-0.0000958738019107841,0.008496016263961792,0.0009038768475875258
1768216485409301500,17.489301513671876,-0.0009928264189511538,0.011638280004262924,-0.002927080262452364
1768216485419302700,17.499302734375,-0.0001448759576305747,0.013438576832413673,-0.004740959499031305
1768216485429302800,17.509302734375,-0.001386175281368196,0.017895642668008804,-0.008806274272501469
1768216485439303700,17.5193037109375,0.0006237123161554337,0.01543434988707304,-0.01161404512822628
1768216485449303600,17.529303466796875,-0.0008532768115401268,0.02003922127187252,-0.012446549721062183
1768216485459304400,17.539304443359374,-0.001127316034398973,0.02002883516252041,-0.010970359668135643
1768216485469305600,17.5493056640625,0.0016330503858625889,0.022954318672418594,-0.007201720029115677
1768216485479305500,17.559305419921873,-0.0017696705181151628,0.02532266639173031,-0.010418020188808441
1768216485489306600,17.569306640625,-0.0006860303110443056,0.027346668764948845,-0.009011604823172092
1768216485499306800,17.579306640625,-0.0002745719102676958,0.03166791424155235,-0.008699482306838036
1768216485509307600,17.5893076171875,0.0013619405217468739,0.030777087435126305,-0.008145811036229134
1768216485519308500,17.59930859375,0.0012681973166763783,0.031977638602256775,-0.005909021943807602
1768216485529308700,17.60930859375,0.0021201425697654486,0.03259655833244324,-0.001904160133562982
1768216485539309600,17.6193095703125,0.0018290589796379209,0.03623203933238983,0.003183809109032154
1768216485549309400,17.629309326171875,0.001841842196881771,0.026853185147047043,0.003930293023586273
1768216485559310600,17.639310546875,0.0027798074297606945,0.019183015450835228,-0.00011531487689353526
1768216485569311700,17.649311767578126,-0.0008649947121739388,0.011601261794567108,-0.002341451123356819
1768216485579311600,17.6593115234375,-0.003326288191601634,0.004465854726731777,-0.003979827743023634
1768216485589312500,17.6693125,-0.004204066004604101,0.0031214910559356213,-0.0012295814231038094
1768216485599312600,17.679312744140624,-0.00564137427136302,0.0029140308033674955,-0.004796353168785572
1768216485609313500,17.6893134765625,-0.004285558592528105,0.003251453395932913,-0.004566255956888199
1768216485619313700,17.699313720703124,-0.002900448627769947,0.00532632227987051,-0.0062760054133832455
1768216485629314600,17.709314453125,-0.001579787116497755,0.0054389736615121365,-0.0062464443035423756
1768216485639315700,17.719315673828124,-0.0013164004776626825,0.00515774404630065,-0.007011570502072573
1768216485649315600,17.729315673828125,-0.0004932174342684448,0.0022069616243243217,-0.006720220670104027
1768216485659316500,17.73931640625,-0.0005475459038279951,0.0031246868893504143,-0.0031734227668493986
1768216485669316600,17.749316650390625,-0.001085504423826933,0.0025627599097788334,-0.0019177423091605306
1768216485679317800,17.75931787109375,0.0009475527331233025,0.00045593318645842373,-0.002246376359835267
1768216485689318700,17.769318603515625,0.0023438481148332357,0.0016522251535207033,-0.001797101111151278
1768216485699318500,17.779318603515627,0.0009803095599636436,0.0007898935582488775,-0.008233428932726383
1768216485709319700,17.789319580078125,-0.0011776498286053538,0.004037085920572281,-0.010566091164946556
1768216485719319600,17.799319580078127,-0.003305515507236123,0.005142563953995705,-0.011864649131894112
1768216485729320400,17.809320556640625,-0.0054392400197684765,0.004567587748169899,-0.014039918780326843
1768216485739321600,17.819321533203127,-0.004624579101800919,0.006739661563187838,-0.014873221516609192
1768216485749321700,17.82932177734375,-0.001088700257241726,0.004281031433492899,-0.01124919205904007
1768216485759322600,17.839322509765626,-0.00038269624928943813,0.00660677021369338,-0.009458483196794987
1768216485769322800,17.84932275390625,-0.002796319080516696,0.003811782458797097,-0.0049468218348920345
1768216485779323600,17.85932373046875,-0.0018096179701387882,0.0062640211544930935,-0.005378520116209984
1768216485789324500,17.869324462890624,-0.002921754028648138,0.0037497307639569044,-0.008258462883532047
1768216485799324400,17.879324462890626,-0.0014359764754772186,0.0031185615807771683,-0.010206032544374466
1768216485809325600,17.88932568359375,-0.0039020637050271034,0.002261556452140212,-0.010805776342749596
1768216485819325700,17.89932568359375,-0.004363589454442263,0.0013606089632958174,-0.011667308397591114
1768216485829326600,17.90932666015625,-0.005093029234558344,0.005323925521224737,-0.008637430146336555
1768216485839327500,17.919327392578126,-0.004033623728901148,0.0046149916015565395,-0.005053082015365362
1768216485849327600,17.92932763671875,-0.005306614562869072,-0.00011158645065734163,-0.002628007438033819
1768216485859328500,17.93932861328125,-0.004781972151249647,-0.0023936491925269365,-0.002013616031035781
1768216485869328400,17.949328369140623,-0.005772667936980724,-0.006672816351056099,-0.0007060039788484573
1768216485879329800,17.959329833984373,-0.006147641222923994,-0.006493585649877787,-0.0010865697404369712
1768216485889330700,17.96933056640625,-0.006719155237078667,-0.002454369328916073,-0.0007829693495295942
1768216485899330600,17.97933056640625,-0.003721767570823431,0.0016040218761190772,-0.0018956380663439631
1768216485909331500,17.98933154296875,-0.0008293083519674838,0.0029614351224154234,-0.001865011639893055
1768216485919331600,17.99933154296875,-0.0004159857635386288,0.005311408545821905,-0.0028037759475409985
1768216485929332500,18.00933251953125,-0.00012250541476532817,0.007680024020373821,-0.0032597091048955917
1768216485939333600,18.019333740234377,-0.0010362359462305903,0.00993252545595169,0.0014365090755745769
1768216485949333800,18.029333740234375,-0.003948402591049671,0.011855860240757465,0.0014351775171235204
1768216485959334700,18.039334716796876,-0.0024349282030016184,0.009886985644698143,-0.0002798982313834131
1768216485969334500,18.04933447265625,-0.0014953649369999766,0.006059490609914064,-0.0008042746339924634
1768216485979335400,18.05933544921875,-0.0012261193478479981,0.002034122357144952,-0.0021052288357168436
1768216485989336600,18.069336669921874,-0.003793406533077359,-0.005153216887265444,-0.006046174559742212
1768216485999336700,18.079336669921876,-0.006189985200762749,-0.005520999431610107,-0.003573429537937045
1768216486009337600,18.089337646484374,-0.007483748719096184,-0.0038725025951862335,-0.0015065502375364304
1768216486019337700,18.099337646484376,-0.008622783236205578,-0.0005459480453282595,0.0010599381057545543
1768216486029338600,18.109338623046874,-0.006440588738769293,0.0011685950448736548,0.00030839405371807516
1768216486039338500,18.11933837890625,-0.0028330706991255283,0.004041879437863827,-0.00036991306114941835
1768216486049339600,18.129339599609374,0.0017457021167501807,0.0037729002069681883,-0.00484295841306448
1768216486059340800,18.1393408203125,0.0036940707359462976,0.0021859225817024708,-0.005318598821759224
1768216486069340700,18.149340576171873,0.004229099955409765,0.0031105722300708294,-0.009313606657087803
1768216486079341600,18.159341552734375,0.0006684534018859267,0.00006151902198325843,-0.008330900222063065
1768216486089342700,18.1693427734375,-0.000050866376113845035,-0.004177168011665344,-0.00954024214297533
1768216486099342600,18.179342529296875,-0.003305249148979783,-0.006566822528839111,-0.012516590766608715
1768216486109343500,18.189343505859377,-0.007547132205218077,-0.0033276197500526905,-0.014493188820779324
1768216486119343600,18.199343505859375,-0.006886135786771774,-0.0030652983114123344,-0.010763431899249554
1768216486129344800,18.2093447265625,-0.00493244081735611,0.0029079054947942495,-0.007762315683066845
1768216486139344600,18.2193447265625,-0.003864779369905591,0.00487278588116169,-0.0035686357878148556
1768216486149345500,18.229345458984376,-0.0022072279825806618,0.006371612660586834,0.00003435477628954686
1768216486159346700,18.2393466796875,-0.0003885551996063441,0.006464557256549597,-0.00011132013605674729
1768216486169346600,18.2493466796875,0.001341700553894043,0.006345247384160757,0.0008564725867472589
1768216486179347500,18.259347412109374,0.0002790992730297148,0.0086014773696661,0.000014647385796706658
1768216486189347600,18.26934765625,-0.0005225121858529747,0.009867277927696705,-0.0025723471771925688
1768216486199348700,18.2793486328125,0.001463406952098012,0.009589510038495064,-0.004574245307594538
1768216486209349600,18.289349609375,-0.00039175100391730666,0.010146377608180046,-0.007133809383958578
1768216486219349500,18.299349609375,0.0006921555614098907,0.008617723360657692,-0.00788269005715847
1768216486229350700,18.3093505859375,-0.0005438174703158438,0.007703992538154125,-0.005142830312252045
1768216486239350500,18.3193505859375,-0.0007571366732008755,0.0032173648942261934,-0.00564164062961936
1768216486249351400,18.329351318359375,0.00033582461765035987,0.004450408276170492,-0.005796902813017368
1768216486259352600,18.3393525390625,-0.00020000340009573847,0.0018559569725766778,-0.007924768142402172
1768216486269352700,18.349352783203123,-0.0018040252616629004,0.0030245520174503326,-0.009496033191680908
1768216486279353600,18.359353515625,-0.0033875408116728067,0.0022415826097130775,-0.007479754276573658
1768216486289353700,18.369353759765627,-0.003967044875025749,0.0029965888243168592,-0.003745203372091055
1768216486299354600,18.379354736328125,-0.00606295233592391,0.00586747657507658,0.000294545607175678
1768216486309355500,18.38935546875,-0.0046631949953734875,0.008556203916668892,0.0022205437999218702
1768216486319355400,18.39935546875,-0.0028788771014660597,0.011581555008888245,0.002945456188172102
1768216486329356500,18.4093564453125,-0.0014583469601348042,0.011934690177440643,-0.000752875639591366
1768216486339356700,18.419356689453124,-0.002588059986010194,0.007382282521575689,-0.0026695525739341974
1768216486349357000,18.429357177734374,-0.000966993800830096,0.0051625375635921955,-0.004869590047746897
1768216486359358200,18.439358154296876,-0.0001203748834086582,0.0020072245970368385,-0.010338391177356243
1768216486369358300,18.4493583984375,-0.00014221279707271606,0.002633866388350725,-0.01019937451928854
1768216486379359200,18.459359130859376,0.0006269080913625658,0.00740225613117218,-0.009953032247722149
1768216486389359400,18.469359375,0.0018871158827096224,0.010004164651036263,-0.007339671719819307
1768216486399360300,18.4793603515625,-0.000010120012120751198,0.012034825049340725,-0.00475454144179821
1768216486409361200,18.489361083984374,-0.0018578211311250925,0.011738947592675686,-0.0032296155113726854
1768216486419361000,18.499361083984375,-0.003355582943186164,0.010773018933832645,-0.0037057886365801096
1768216486429362200,18.509362060546874,-0.002281796419993043,0.0120702451094985,-0.0037494644057005644
1768216486439362300,18.5193623046875,-0.0014700648607686162,0.0137802604585886,-0.005051483865827322
1768216486449363200,18.52936328125,0.0006375607335940003,0.01565113104879856,-0.0062491074204444885
1768216486459364000,18.539364013671875,0.003665574826300144,0.018264757469296455,-0.000020772657080669887
1768216486469364200,18.5493642578125,0.0027662254869937897,0.01678164303302765,0.0005166532355360687
1768216486479365000,18.559365234375,0.0009725864510983229,0.013039369136095047,-0.0023350596893578768
1768216486489365200,18.569365234375,-0.00058323226403445,0.010173008777201176,-0.004127100575715303
1768216486499366400,18.579366455078127,-0.002061819192022085,0.008402805775403976,-0.003621100215241313
1768216486509367300,18.5893671875,-0.0007544735562987626,0.008320514112710953,-0.005923402961343527
1768216486519367200,18.5993671875,-0.0006130596739239991,0.006867227144539356,-0.007619836367666721
1768216486529368000,18.6093681640625,-0.0012596751330420375,0.006896788254380226,-0.005281314719468355
1768216486539368200,18.6193681640625,0.0005552690709009767,0.00535348616540432,-0.005881324876099825
1768216486549369300,18.629369384765624,-0.0015403723809868097,0.004204598721116781,-0.006555637344717979
1768216486559370200,18.639370361328126,-0.003890878288075328,-0.00017710021347738802,-0.008869125507771969
1768216486569370400,18.649370361328124,-0.004461593925952911,-0.001079911831766367,-0.007095992565155029
1768216486579371300,18.659371337890626,-0.00475347600877285,0.0007251787465065718,-0.006607568822801113
1768216486589371100,18.66937109375,-0.003085272153839469,0.0006982808117754757,0.00043516053119674325
1768216486599372000,18.6793720703125,0.0006266417913138866,0.004978246986865997,0.003864246653392911
1768216486609373400,18.68937353515625,0.0017989652696996927,0.0041340249590575695,0.0010764497565105557
1768216486619373300,18.699373291015625,0.00018189390539191663,0.003937483765184879,-0.0009808422764763236
1768216486629374200,18.709374267578124,-0.000287088769255206,0.005151885095983744,-0.0027023095171898603
1768216486639374300,18.719374267578125,-0.002141980454325676,0.0070800138637423515,-0.002811232814565301
1768216486649375200,18.729375244140623,-0.0011456918437033892,0.009710418060421944,-0.005477589555084705
1768216486659376000,18.739376220703125,-0.000017310547264060006,0.011431352235376835,-0.007817708887159824
1768216486669376300,18.749376220703127,0.00333161442540586,0.010816695168614388,-0.005359877832233906
1768216486679377400,18.75937744140625,0.0035214978270232677,0.009703493677079678,-0.0054490938782691956
1768216486689377300,18.769377197265626,-0.0013278521364554763,0.005309544038027525,-0.003242398612201214
1768216486699378200,18.779378173828125,-0.0018269284628331661,0.00253479671664536,-0.005883721634745598
1768216486709378300,18.78937841796875,-0.0051806471310555935,0.0018133464036509395,-0.006917560938745737
1768216486719379200,18.799379150390624,-0.0033968619536608458,0.00564004248008132,-0.004751611966639757
1768216486729380000,18.809380126953126,-0.0034463966730982065,0.001986984396353364,-0.003172357566654682
1768216486739380200,18.819380126953124,-0.004419249482452869,0.0011757856700569391,0.0009805759182199836
1768216486749381400,18.82938134765625,-0.004698615055531263,0.0014660701854154468,0.003059173235669732
1768216486759381200,18.83938134765625,-0.0016343819443136454,-0.0009113337146118283,0.0009552759001962841
1768216486769382100,18.849382080078126,0.00010386328358436003,-0.0000031957933970261365,-0.0016450346447527409
1768216486779383300,18.85938330078125,0.0011733887949958444,-0.002749181119725108,-0.002379534300416708
1768216486789383200,18.869383056640626,0.002055161399766803,-0.001136370818130672,0.000028495824153651483
1768216486799384000,18.879384033203124,0.002686064224690199,-0.0020181434229016304,0.001582982949912548
1768216486809384400,18.889384521484374,-0.00024980452144518495,-0.0018343853298574686,-0.0022804648615419865
1768216486819385300,18.89938525390625,-0.000713993504177779,-0.0014317154418677092,-0.0062765381298959255
1768216486829386200,18.90938623046875,-0.0025273398496210575,0.0016623451374471188,-0.011122958734631538
1768216486839386000,18.91938623046875,-0.0026900589000433683,0.0012623383663594723,-0.014699850231409073
1768216486849387300,18.92938720703125,-0.0031875374261289835,0.005175587255507708,-0.013560017570853233
1768216486859387100,18.93938720703125,-0.0007241134881041944,0.0070792147889733315,-0.010646785609424114
1768216486869388300,18.94938818359375,-0.0018319884547963738,0.005964415613561869,-0.008699215948581696
1768216486879389200,18.95938916015625,-0.0025603631511330605,0.0052363071590662,-0.003055444685742259
1768216486889389300,18.969389404296876,-0.004866394214332104,0.005263471510261297,0.001008805469609797
1768216486899390200,18.97939013671875,-0.0036482643336057663,0.006637396290898323,0.0016998957144096494
1768216486909390300,18.989390380859376,0.00042796999332495034,0.008671518415212631,0.006475209724158049
1768216486919391200,18.99939111328125,-0.00006604639202123508,0.007564709056168795,0.006557501386851072
1768216486929392400,19.009392333984376,0.0006058691651560366,0.0035601137205958366,0.0024000408593565226
1768216486939392300,19.019392333984374,-0.0001579254458192736,0.0023270701058208942,-0.0031457259319722652
1768216486949393200,19.02939306640625,-0.001344363670796156,0.0011965582380071282,-0.009148490615189075
1768216486959393300,19.039393310546874,-0.0028426581993699074,0.0024114924017339945,-0.010832407511770725
1768216486969394200,19.049394287109376,-0.0016471651615574956,0.005938849411904812,-0.01233363151550293
1768216486979395000,19.05939501953125,0.000806138850748539,0.005190767347812653,-0.01110564824193716
1768216486989395200,19.069395263671876,0.00035233621019870043,0.0031515848822891712,-0.010400176979601383
1768216486999396400,19.079396240234374,0.0011345066595822573,0.007954861968755722,-0.007390804588794708
1768216487009396200,19.089396240234375,-0.0014258564915508032,0.00911466870456934,-0.0005760417552664876
1768216487019397400,19.0993974609375,-0.002653839997947216,0.010439857840538025,0.002826412906870246
1768216487029398300,19.109398193359375,-0.001374457380734384,0.008473379537463188,0.003988616168498993
1768216487039398100,19.119398193359373,-0.0051508196629583836,0.0010727213229984045,-0.001874066423624754
1768216487049399000,19.12939892578125,-0.002423742786049843,-0.004867193289101124,-0.005830724723637104
1768216487059399200,19.139399169921877,-0.0006410228670574725,-0.004054396413266659,-0.004960403777658939
1768216487069400300,19.149400390625,-0.0017092167399823666,-0.0034053840208798647,-0.003081543603911996
1768216487079401200,19.159401123046877,-0.0004295678809285164,0.00021997711155563593,-0.0033726270776242018
1768216487089401300,19.1694013671875,0.0017310547409579158,0.003334810258820653,-0.004442951641976833
1768216487099402200,19.17940234375,0.00012144014181103557,0.004881574306637049,-0.006012884899973869
1768216487109402000,19.189402099609374,-0.0020506340079009533,0.006158293690532446,-0.008709868416190147
1768216487119403000,19.199403076171876,-0.0030389330349862576,0.007452323567122221,-0.009659817442297935
1768216487129404400,19.209404296875,-0.002929743379354477,0.007938883267343044,-0.011247594840824604
1768216487139404300,19.219404296875,-0.0005858954391442239,0.00845846626907587,-0.008065915666520596
1768216487149405200,19.2294052734375,-0.0019984361715614796,0.006705839652568102,-0.004623247776180506
1768216487159405300,19.2394052734375,-0.0018359832465648651,0.004533765371888876,0.0007222492713481188
1768216487169406200,19.24940625,-0.0013323795283213258,0.002639458980411291,-0.0005904228310100734
1768216487179407000,19.259406982421876,-0.002234924817457795,0.008568454533815384,-0.001252750982530415
1768216487189407200,19.2694072265625,-0.002133724745362997,0.008342085406184196,-0.0023089605383574963
1768216487199408400,19.279408447265624,-0.004279433749616146,0.011951734311878681,-0.005032309330999851
1768216487209408300,19.289408203125,-0.004849882796406746,0.010965831577777863,-0.006726612336933613
1768216487219409200,19.2994091796875,-0.0032626385800540447,0.011855327524244785,-0.007363373879343271
1768216487229410000,19.30941015625,-0.003704723436385393,0.008345548063516617,-0.006527940277010202
1768216487239410200,19.31941015625,-0.002133458387106657,0.007772169075906277,-0.003436543047428131
1768216487249411300,19.329411376953125,-0.003206712193787098,0.01176078524440527,-0.0014333132421597838
1768216487259411500,19.339411376953127,-0.0029672940727323294,0.010455303825438023,0.000666589243337512
1768216487269412400,19.349412353515625,-0.0023062974214553833,0.005114068277180195,-0.005188902840018272
1768216487279412200,19.359412109375,-0.0014410364674404263,0.002889263443648815,-0.006391054019331932
1768216487289413000,19.3694130859375,0.001982190879061818,0.0035241609439253807,-0.001555552356876433
1768216487299414300,19.379414306640626,0.003482881933450699,0.00515880947932601,-0.0010197244118899107
1768216487309414100,19.3894140625,0.0023241406306624413,0.0027257453184574842,-0.002270344877615571
1768216487319415300,19.399415283203126,-0.0013693973887711763,-0.000037017940485384315,-0.004011253360658884
1768216487329415400,19.40941552734375,0.000021837920940015465,-0.0005608617211692035,-0.005695702508091927
1768216487339416300,19.419416259765626,-0.0022921827621757984,0.0013712616637349129,-0.00953757856041193
1768216487349417700,19.429417724609376,-0.00299259414896369,0.0022053637076169252,-0.009462477639317513
1768216487359417600,19.43941748046875,-0.0020335898734629154,0.004836566746234894,-0.006629140581935644
1768216487369418500,19.44941845703125,-0.002272475278005004,0.003308178624138236,-0.004277835600078106
1768216487379418600,19.459418701171874,-0.0021379857789725065,0.00003355582884978503,-0.003433613572269678
1768216487389419500,19.46941943359375,-0.0010133327450603247,0.0007781756576150656,-0.0018815232906490564
1768216487399420700,19.479420654296874,-0.0024535702541470528,0.005600627511739731,0.000699079770129174
1768216487409420800,19.4894208984375,-0.00046631949953734875,0.006018477492034435,0.0020450414158403873
1768216487419421700,19.499421630859374,-0.0012801815755665302,0.008905344642698765,-0.0005962817813269794
1768216487429421600,19.509421630859375,-0.002460228279232979,0.0004069310089107603,-0.004781705792993307
1768216487439422700,19.519422607421873,-0.0034080471377819777,-0.0033603766933083534,-0.009453422389924526
1768216487449423600,19.529423583984375,-0.0032320122700184584,-0.003233610186725855,-0.01173601858317852
1768216487459423500,19.539423583984377,-0.0036791570018976927,0.0013978932984173298,-0.008648082613945007
1768216487469424600,19.549424560546875,-0.003787281457334757,0.004870389122515917,-0.007465639617294073
1768216487479424800,19.5594248046875,-0.0033878071699291468,0.004581968765705824,-0.006417952012270689
1768216487489425700,19.56942578125,-0.0019438412273302674,0.004445348400622606,-0.004159058444201946
1768216487499426600,19.579426513671876,0.0003408846096135676,0.004866660572588444,0.0003880225704051554
1768216487509426700,19.5894267578125,0.0035137746017426252,0.00794341042637825,0.0030916635878384113
1768216487519427600,19.599427490234376,0.0010303769959136844,0.008953813463449478,0.002341983839869499
1768216487529427500,19.609427490234374,-0.000594950164668262,0.004728975240141153,-0.0036362800747156143
1768216487539428600,19.6194287109375,-0.000401604687795043,0.004685565363615751,-0.0026937874499708414
1768216487549429800,19.6294296875,0.0017947042360901833,0.002028263406828046,-0.007702394388616085
1768216487559429600,19.6394296875,0.0016937704058364034,0.0008058725506998599,-0.00851572398096323
1768216487569430500,19.649430419921874,-0.0012005530297756195,-0.0010479538468644023,-0.007721569389104843
1768216487579430700,19.6594306640625,-0.004710865672677755,0.00020985709852539003,-0.005714344792068005
1768216487589431800,19.669431884765626,-0.0067633637227118015,0.0021044297609478235,-0.004101268015801907
1768216487599432700,19.6794326171875,-0.005604622419923544,0.003916178364306688,-0.0035382758360356092
1768216487609432600,19.6894326171875,-0.006186789367347956,0.0030597057193517685,-0.0011747203534469008
1768216487619433700,19.699433837890624,-0.0022418489679694176,0.0032029838766902685,-0.0005584649043157697
1768216487629433600,19.70943359375,-0.0015672702575102448,0.000958205375354737,-0.0009046758059412241
1768216487639434500,19.7194345703125,-0.00021944446780253202,0.00024501082953065634,-0.0010277138790115714
1768216487649435600,19.729435546875,0.0008689894457347691,-0.0006841660942882299,-0.002843723399564624
1768216487659435800,19.739435791015627,-0.0017776599852368236,-0.0011092065833508968,-0.0062672169879078865
1768216487669436700,19.749436767578125,-0.001347825862467289,0.0020839234348386526,-0.009077650494873524
1768216487679436800,19.759436767578126,-0.000883636821527034,0.004832838196307421,-0.009356750175356865
1768216487689437700,19.769437744140625,-0.0026114957872778177,0.00418515782803297,-0.007181213703006506
1768216487699438600,19.7794384765625,-0.004047738388180733,0.004767857491970062,-0.0041342913173139095
1768216487709438500,19.7894384765625,-0.003930026665329933,0.0032772859558463097,-0.0022514364682137966
1768216487719440000,19.79943994140625,-0.0010942928493022919,0.008341286331415176,-0.0011233213590458035
1768216487729439700,19.809439697265624,-0.0027411917690187693,0.011450527235865593,-0.0016636766958981752
1768216487739440600,19.819440673828126,-0.0021933794487267733,0.010551444254815578,-0.003498594742268324
1768216487749441500,19.829441650390624,-0.0009970874525606632,0.009547166526317596,-0.005045092198997736
1768216487759441700,19.839441650390626,-0.0016769925132393837,0.006188121158629656,-0.004283960908651352
1768216487769442600,19.849442626953124,-0.0006522081675939262,0.005806223955005407,-0.002772350562736392
1768216487779442400,19.8594423828125,0.00007004113285802305,0.007512511219829321,-0.004339620936661959
1768216487789443800,19.86944384765625,-0.0016900419723242521,0.005025651305913925,-0.003215766977518797
1768216487799444700,19.87944482421875,-0.0027827369049191475,0.004551342222839594,-0.0030570426024496555
1768216487809444600,19.889444580078123,-0.0007355650886893272,0.0033691651187837124,-0.00421285443007946
1768216487819445500,19.899445556640625,0.0007843009079806507,0.004795287735760212,-0.003563842037692666
1768216487829445600,19.909445556640627,0.0005560680292546749,0.00287461606785655,-0.007666707970201969
1768216487839446500,19.919446533203125,0.002644518855959177,0.007387608755379915,-0.007666175253689289
1768216487849447700,19.92944775390625,-0.0011297129094600677,0.010840130969882011,-0.0076246303506195545
1768216487859447800,19.93944775390625,-0.0022085595410317183,0.011759987100958824,-0.0067604342475533485
1768216487869448700,19.94944873046875,-0.0008892294717952609,0.007831824012100697,-0.004165183752775192
1768216487879448600,19.959448486328125,-0.003201652318239212,0.004020574036985636,-0.005496231839060783
1768216487889449500,19.969449462890626,-0.0023752732668071985,0.006660033017396927,-0.0025917883031070232
1768216487899450600,19.97945068359375,-0.0021845910232514143,0.007158576976507902,-0.003817108692601323
1768216487909450500,19.989450439453126,-0.0015574166318401694,0.0063034361228346825,-0.0049129994586110115
1768216487919451600,19.99945166015625,-0.0016082830261439085,0.004869057331234217,-0.004338555503636599
1768216487929451800,20.00945166015625,0.00045833003241568804,0.0037792918737977743,-0.0038834214210510254
1768216487939452700,20.01945263671875,0.002840527566149831,0.0034357442054897547,-0.00418409239500761
1768216487949453600,20.02945361328125,0.0018756643403321505,0.005231780000030994,-0.005910885985940695
1768216487959453700,20.03945361328125,-0.00026551715563982725,0.0062733422964811325,-0.008389223366975784
1768216487969454600,20.04945458984375,-0.001356614287942648,0.007981227710843086,-0.00785739067941904
1768216487979454700,20.059454833984375,-0.0033342777751386166,0.008993761613965034,-0.006358297076076269
1768216487989455600,20.06945556640625,-0.0034112429711967707,0.010449711233377457,-0.003924434073269367
1768216487999456800,20.079456787109375,-0.0028250813484191895,0.010748784057796001,-0.0022154836915433407
1768216488009456600,20.08945654296875,-0.00444028852507472,0.011213239282369614,-0.0018924422329291701
1768216488019457500,20.09945751953125,-0.001704955706372857,0.009120261296629906,-0.003802727675065398
1768216488029457700,20.109457763671877,-0.00047404266661033034,0.006914365105330944,-0.0043710460886359215
1768216488039458800,20.119458740234375,-0.0020013656467199326,0.008567921817302704,-0.005913549102842808
1768216488049459700,20.129459716796877,-0.0041063278913497925,0.010380202904343605,-0.0007486145477741957
1768216488059459600,20.13945947265625,-0.0034029872622340918,0.012340822257101536,-0.0024972460232675076
1768216488069460700,20.149460693359377,-0.002365153282880783,0.013410347513854504,-0.0007430219557136297
1768216488079460600,20.159460693359375,-0.0004037352045997977,0.014394918456673622,-0.00023515711654908955
1768216488089461500,20.16946142578125,0.0002681803307496011,0.013235644437372684,-0.0016234630020335317
1768216488099462700,20.179462646484374,0.0016919062472879887,0.011095261201262474,-0.0018130800453945994
1768216488109462800,20.189462890625,0.0012128035305067897,0.007435812149196863,-0.001701759872958064
1768216488119463700,20.199463623046874,-0.0021901836153119802,0.004036553204059601,-0.0032442628871649504
1768216488129463600,20.209463623046876,-0.004011785611510277,0.0005371595616452396,-0.0057279267348349094
1768216488139464700,20.219464599609374,-0.0051508196629583836,0.0005869606975466013,-0.008698150515556335
1768216488149465600,20.229465576171876,-0.005429120268672705,-0.0007470166892744601,-0.007963384501636028
1768216488159465500,20.239465576171874,-0.00421471893787384,0.004384628497064114,-0.009351157583296299
1768216488169466600,20.249466552734376,-0.002329733222723007,0.0054389736615121365,-0.007772435434162617
1768216488179466800,20.259466796875,-0.004475708585232496,0.008767392486333847,-0.006617156323045492
1768216488189467600,20.269467529296875,-0.002441852353513241,0.011347729712724686,-0.003981692250818014
1768216488199468500,20.279468505859374,-0.0006570018595084548,0.011925634928047657,-0.003288205014541745
1768216488209468700,20.28946875,-0.0013363742036744952,0.011661715805530548,-0.0032413334120064974
1768216488219469600,20.299469482421873,0.0004519384237937629,0.009429454803466797,-0.005531651899218559
1768216488229469400,20.309469482421875,-0.0002868224401026964,0.0057010287418961525,-0.007992945611476898
1768216488239470800,20.319470947265625,0.00017337177996523678,0.004326571244746447,-0.004655472002923489
1768216488249471700,20.3294716796875,-0.0010279801208525896,0.001058872789144516,-0.005723932292312384
1768216488259471600,20.3394716796875,-0.004496481269598007,-0.001912948559038341,-0.007869907654821873
1768216488269472500,20.349472412109375,-0.003993143793195486,-0.0024623586796224117,-0.00923104863613844
1768216488279472600,20.35947265625,-0.00387330143712461,-0.0008849684381857514,-0.010341054759919643
1768216488289473500,20.3694736328125,-0.004473311826586723,0.0001174454009742476,-0.008612662553787231
1768216488299474700,20.379474609375,-0.0026905916165560484,0.002415753435343504,-0.006499444600194693
1768216488309474800,20.389474853515626,-0.0012181298807263374,0.007133543025702238,-0.005170527379959822
1768216488319475700,20.399475830078124,-0.0016700683627277613,0.006986536551266909,-0.004424042999744415
1768216488329475600,20.4094755859375,-0.0010783139150589705,0.008036354556679726,-0.00333161442540586
1768216488339476500,20.4194765625,-0.0024474449455738068,0.005868275184184313,-0.0024466461036354303
1768216488349477000,20.42947705078125,0.00044022052315995097,0.0049462891183793545,-0.0022447784431278706
1768216488359477000,20.43947705078125,-0.0009930927772074938,0.00247567449696362,-0.001999235013499856
1768216488369478000,20.449477783203125,-0.0032442628871649504,-0.0001203748834086582,-0.002344380598515272
1768216488379478000,20.45947802734375,-0.004467452876269817,-0.000532365869730711,-0.002816559048369527
1768216488389479000,20.46947900390625,-0.004013383761048317,0.0023515713401138783,-0.0052291168831288815
1768216488399480000,20.47947998046875,-0.0036756948102265596,0.006006227340549231,-0.0035214978270232677
1768216488409480200,20.489480224609373,-0.0009779128013178706,0.008972722105681896,-0.004555603489279747
1768216488419481000,20.499481201171875,0.0023499734234064817,0.013556554913520813,-0.003546797903254628
1768216488429481000,20.50948095703125,0.004093545023351908,0.012171445414423943,-0.002858637133613229
1768216488439481900,20.51948193359375,-0.00019893812714144588,0.008289354853332043,-0.0049825082533061504
1768216488449483000,20.52948291015625,-0.0004463458026293665,0.004608334042131901,-0.0049795787781476974
1768216488459483000,20.53948291015625,-0.0014271880500018597,0.0008074704091995955,-0.0049103363417088985
1768216488469484000,20.549484130859376,-0.003748132847249508,0.0015427692560479045,-0.0022572954185307026
1768216488479484200,20.559484130859374,-0.002683134749531746,-0.00008681904728291556,0.00148125016130507
1768216488489485000,20.569485107421876,-0.005804625805467367,-0.00129695946816355,0.0034226945135742426
1768216488499486000,20.57948583984375,-0.007428621407598257,-0.0025510420091450214,0.0003587277897167951
1768216488509486000,20.589486083984376,-0.0039854203350842,-0.005648298189043999,-0.002425074577331543
1768216488519487000,20.599487060546874,-0.0008735168376006186,-0.003409911412745714,-0.004698615055531263
1768216488529487000,20.609487060546876,0.00007856325100874528,-0.0004846953088417649,-0.0013140037190169096
1768216488539488000,20.619488037109374,0.0026256104465574026,0.0021611552219837904,0.0004215783847030252
1768216488549489000,20.629489013671876,0.0012767193838953972,0.002448244020342827,0.0013134710025042295
1768216488559489000,20.639489013671874,-0.001514273346401751,0.0012708604335784912,-0.0007472829893231392
1768216488569490000,20.649489990234375,-0.0015446334145963192,-0.0013544837711378932,-0.008678975515067577
1768216488579490000,20.659489990234373,-0.0036487970501184464,-0.0018642127979546785,-0.01372380182147026
1768216488589491200,20.6694912109375,-0.004721784498542547,0.000672181835398078,-0.011179151013493538
1768216488599492000,20.6794921875,-0.0051476238295435905,0.00011211907985853031,-0.00920255295932293
1768216488609492000,20.689491943359375,-0.003709783311933279,0.004150802735239267,-0.004266650415956974
1768216488619493000,20.6994931640625,-0.0019768644124269485,0.006410761270672083,-0.0002620550512801856
1768216488629493000,20.709492919921875,0.000222373942960985,0.007160174660384655,0.0017273263074457645
1768216488639494000,20.719493896484376,0.0013294500531628728,0.0076422072015702724,0.003875964554026723
1768216488649495000,20.7294951171875,0.001913214917294681,0.004881840664893389,0.0005659217131324112
1768216488659495200,20.7394951171875,-0.00021012341312598437,0.004551874939352274,-0.0012980246683582664
1768216488669496000,20.74949609375,0.00019574233738239855,0.0034373418893665075,-0.002252235310152173
1768216488679496000,20.759495849609376,-0.0016319850692525506,0.002008289797231555,-0.004971855320036411
1768216488689497000,20.7694970703125,-0.001529453438706696,0.002144909929484129,-0.008792959153652191
1768216488699498000,20.779498046875,-0.0004918858758173883,0.0011877698125317693,-0.01104226429015398
1768216488709497900,20.789497802734374,-0.001984321279451251,0.000508663768414408,-0.0114958006888628
1768216488719499000,20.7994990234375,0.001368598430417478,0.0018764632986858487,-0.010573281906545162
1768216488729499100,20.8094990234375,0.002171541564166546,0.0005318332696333528,-0.006107693538069725
1768216488739500000,20.8195,0.0020274645648896694,0.002442651428282261,-0.0023901870008558035
1768216488749501000,20.8295009765625,-0.000594950164668262,0.006707437336444855,-0.0010926949325948954
1768216488759501000,20.8395009765625,-0.003991812001913786,0.00845367182046175,-0.0011124024167656898
1768216488769502000,20.849501953125,-0.0049428269267082214,0.009134909138083458,-0.0035329493694007397
1768216488779501800,20.859501708984375,-0.0034559841733425856,0.006238721311092377,-0.003971039317548275
1768216488789503000,20.8695029296875,-0.0016503608785569668,0.005481318105012178,-0.002225070958957076
1768216488799504100,20.879504150390623,-0.0027081684675067663,0.003989947959780693,-0.0008394283941015601
1768216488809504000,20.88950390625,-0.002204830991104245,0.004720186814665794,-0.001023452845402062
1768216488819505000,20.8995048828125,-0.0020764668006449938,0.0033989925868809223,-0.003067428944632411
1768216488829505000,20.909505126953125,-0.0005856291390955448,-0.00045806370326317847,-0.006268548313528299
1768216488839506000,20.919505859375,-0.00042637207661755383,-0.0030924626626074314,-0.006080262828618288
1768216488849507000,20.929507080078125,0.0009001484140753746,-0.0005302353529259562,-0.0059753344394266605
1768216488859507200,20.939507080078126,-0.001885784324258566,0.00021145498612895608,-0.005934055428951979
1768216488869508000,20.949508056640624,-0.0005422196118161082,0.0028304075822234154,-0.007631021551787853
1768216488879508000,20.959508056640626,-0.002472745021805167,0.008409996517002583,-0.0060110208578407764
1768216488889508900,20.9695087890625,-0.0028250813484191895,0.008326639421284199,-0.005616606678813696
1768216488899510000,20.979510009765626,-0.0003073287953156978,0.009051818400621414,-0.0033622407354414463
1768216488909510100,20.98951025390625,-0.0024857944808900356,0.009134642779827118,-0.0006175870657898486
1768216488919511000,20.999510986328126,-0.004325772635638714,0.01101350225508213,0.0012002866715192795
1768216488929511200,21.00951123046875,-0.004070109222084284,0.014493987895548344,0.0044048684649169445
1768216488939512000,21.019511962890626,-0.0015102786710485816,0.016638631001114845,0.002569417702034116
1768216488949513000,21.029512939453124,-0.002239984693005681,0.013600497506558895,0.005017395596951246
1768216488959512800,21.039512939453125,-0.0026546388398855925,0.012042015790939331,0.0054914383217692375
1768216488969514200,21.04951416015625,-0.0030447919853031635,0.0070800138637423515,-0.0014562164433300495
1768216488979514000,21.05951416015625,-0.0033515882678329945,0.006554571911692619,-0.004516721237450838
1768216488989515000,21.069514892578123,-0.0028365328907966614,0.007891212590038776,-0.005419266410171986
1768216488999516000,21.079515869140625,-0.001930525409989059,0.008696552366018295,-0.005681321490556002
1768216489009516000,21.08951611328125,0.0007131945458240807,0.004193946253508329,-0.005792641546577215
1768216489019517000,21.099516845703125,-0.0012996225850656629,0.0012085424968972802,-0.009178584441542625
1768216489029517000,21.10951708984375,0.0016756609547883272,0.00022317290131468326,-0.007376157213002443
1768216489039518200,21.119518310546876,0.0021672805305570364,0.0005030711181461811,-0.004216050263494253
1768216489049519000,21.12951904296875,0.0029084382113069296,0.002086320426315069,-0.0005552690709009767
1768216489059519000,21.13951904296875,-0.00020373181905597448,0.001520665013231337,-0.002624278888106346
1768216489069520000,21.149519775390626,-0.0009512811084277928,-0.0025931198615580797,-0.005606486462056637
1768216489079520000,21.15952001953125,-0.0033776871860027313,-0.005057342816144228,-0.008403072133660316
1768216489089521000,21.16952099609375,-0.002956375014036894,-0.005573463626205921,-0.006915962789207697
1768216489099522000,21.17952197265625,-0.0011108045000582933,0.000761664065066725,-0.0031763522420078516
1768216489109522200,21.189522216796874,-0.000008788431841821875,0.008668323047459126,-0.0008852347382344306
1768216489119523000,21.199523193359376,-0.000720118754543364,0.010716826654970646,-0.0005946838646195829
1768216489129523000,21.20952294921875,-0.0002681803307496011,0.00983425509184599,-0.0020386497490108013
1768216489139524000,21.219524169921876,-0.0032810145057737827,0.007961253635585308,-0.004868524614721537
1768216489149525000,21.22952490234375,-0.000800279900431633,0.0024679512716829777,-0.007217699196189642
1768216489159524900,21.23952490234375,0.002086054068058729,0.00009693906031316146,-0.009396697394549847
1768216489169526000,21.249526123046873,0.002892192918807268,0.002543052425608039,-0.008268582634627819
1768216489179526100,21.259526123046875,0.0021174794528633356,0.0034589136485010386,-0.006429137196391821
1768216489189527000,21.269527099609373,0.00014034859486855567,0.005249090492725372,-0.0016130766598507762
1768216489199528000,21.27952783203125,-0.002211222657933831,0.004216582980006933,-0.0010732539230957627
1768216489209528000,21.289528076171877,-0.004233094397932291,0.002413356676697731,-0.005323659162968397
1768216489219529000,21.299529052734375,-0.004828843753784895,-0.0012402341235429049,-0.008362592197954655
1768216489229528800,21.30952880859375,-0.005179582163691521,-0.0023273364640772343,-0.008429969660937786
1768216489239530000,21.319530029296875,-0.0027204190846532583,-0.0007536745979450643,-0.0029768813401460648
1768216489249531100,21.32953125,-0.0025012409314513206,0.002008023438975215,0.00012676646292675287
1768216489259531000,21.339531005859374,-0.004071973264217377,0.00253453035838902,0.0003355582884978503
1768216489269532000,21.349531982421876,-0.004780374001711607,0.003489806316792965,-0.003162237349897623
1768216489279532000,21.359531982421874,-0.005331648513674736,0.00037683729897253215,-0.00541340745985508
1768216489289533000,21.369532958984376,-0.0035143073182553053,-0.0017576862592250109,-0.006007025949656963
1768216489299534000,21.3795341796875,-0.0020682108588516712,0.0003842941368930042,-0.006390787661075592
1768216489309534000,21.389533935546876,-0.0036911412607878447,0.0031214910559356213,-0.003853327827528119
1768216489319535000,21.39953515625,-0.003079146845266223,0.006926882080733776,-0.0023694143164902925
1768216489329535000,21.409534912109375,-0.002546780975535512,0.007001983001828194,0.0007731156656518579
1768216489339536000,21.419535888671874,-0.0007640608819201589,0.007309844717383385,-0.003379551460966468
1768216489349537300,21.429537353515624,-0.0004090615548193455,0.008414257317781448,-0.0028756812680512667
1768216489359537400,21.439537353515625,-0.0011824434623122215,0.008113586343824863,-0.0030162963084876537
1768216489369538300,21.449538330078123,-0.0027393274940550327,0.007645668927580118,-0.00035233621019870043
1768216489379538200,21.4595380859375,-0.0023164174053817987,0.004569984506815672,-0.0033156354911625385
1768216489389539300,21.469539306640623,-0.001335575245320797,0.0020514330826699734,-0.007819839753210545
1768216489399540500,21.47954052734375,-0.0031766186002641916,-0.0014106763992458582,-0.008326905779540539
1768216489409540400,21.489540283203127,-0.0014825817197561264,0.0019478360190987587,-0.003658917034044862
1768216489419541200,21.499541259765625,-0.0046179210767149925,0.002927080262452364,-0.0005075985100120306
1768216489429541400,21.509541259765626,-0.0033446638844907284,0.001728391507640481,0.0019105518003925681
1768216489439542300,21.519542236328125,-0.0008362325606867671,-0.000496945867780596,0.0011012171162292361
1768216489449543200,21.529543212890626,-0.0016620787791907787,-0.0017291904659941792,-0.0027515781112015247
1768216489459543600,21.53954345703125,-0.0006383596919476986,-0.0003880225704051554,-0.0022418489679694176
1768216489469544400,21.54954443359375,-0.0008958873804658651,0.0006732470938004553,-0.006096774712204933
1768216489479544300,21.55954443359375,-0.0028493159916251898,0.0011821772204712033,-0.006584665738046169
1768216489489545500,21.56954541015625,-0.0025326660834252834,0.003765443339943886,-0.006088252644985914
1768216489499546400,21.57954638671875,-0.002913231961429119,0.0027451864443719387,-0.004455202259123325
1768216489509546200,21.589546142578126,-0.0022865901701152325,0.004022172186523676,-0.006699980702251196
1768216489519547400,21.59954736328125,-0.003722033929079771,0.00532578956335783,-0.00908457487821579
1768216489529547500,21.609547607421874,-0.004248807206749916,0.006720487028360367,-0.009460346773266792
1768216489539548400,21.61954833984375,-0.00039521310827694833,0.00836632028222084,-0.008726379834115505
1768216489549549300,21.62954931640625,-0.0007131945458240807,0.007239270955324173,-0.006620085798203945
1768216489559549400,21.639549560546875,0.00007643271965207532,0.007478955201804638,-0.0037955371662974358
1768216489569550300,21.64955029296875,-0.0017310547409579158,0.007546333130449057,-0.0007097324123606086
1768216489579550200,21.65955029296875,-0.003328684950247407,0.005509813781827688,0.0002657834847923368
1768216489589551400,21.66955126953125,-0.002573146251961589,0.0036879454273730516,-0.001680987305007875
1768216489599552500,21.679552490234375,-0.0014825817197561264,0.001734250457957387,-0.005856291390955448
1768216489609552400,21.689552490234377,-0.0008186557097360492,0.002499110298231244,-0.007906392216682434
1768216489619553300,21.69955322265625,-0.00041998049709945917,0.003421629313379526,-0.0073199644684791565
1768216489629553400,21.709553466796876,0.0008474178612232208,0.004852013196796179,-0.00785685796290636
1768216489639554300,21.71955419921875,0.0012191950809210539,0.005604888778179884,-0.006344715133309364
1768216489649555500,21.729555419921876,0.00021997711155563593,0.005705556366592646,-0.008184959180653095
1768216489659555300,21.739555419921874,0.0005757753970101476,0.005645102355629206,-0.007436877116560936
1768216489669556500,21.749556396484376,0.00004713794987765141,0.002974484581500292,-0.005981992464512587
1768216489679556400,21.759556396484374,-0.0011054781498387456,0.001990446588024497,-0.003460245206952095
1768216489689557200,21.76955712890625,-0.00376064982265234,0.003922570031136274,-0.0031763522420078516
1768216489699558100,21.77955810546875,-0.005831257440149784,0.0035148400347679853,-0.003456516657024622
1768216489709558300,21.789558349609376,-0.0018138790037482977,0.006338057108223438,-0.002570483135059476
1768216489719559400,21.799559326171874,-0.0032871398143470287,0.004159058444201946,-0.004041613079607487
1768216489729559300,21.809559326171875,-0.0013728595804423094,0.0021728731226176023,-0.003147856332361698
1768216489739560400,21.819560546875,-0.0013677994720637798,0.0007313040550798178,-0.006205964367836714
1768216489749561300,21.829561279296875,0.0001496696495451033,0.0023752732668071985,-0.00373055599629879
1768216489759561200,21.839561279296873,-0.0009864348685368896,0.004430434666574001,-0.004513525404036045
1768216489769562400,21.849562255859375,0.0005376922199502587,0.00564164062961936,-0.005298625212162733
1768216489779562200,21.859562255859377,-0.00022290658671408892,0.0057106162421405315,-0.006358829792588949
1768216489789563400,21.8695634765625,0.0018490327056497335,0.006946589332073927,-0.007507184520363808
1768216489799564300,21.879564208984377,0.0009656621841713786,0.007732221856713295,-0.007755657657980919
1768216489809564400,21.889564453125,-0.001957423286512494,0.007829693146049976,-0.006162022240459919
1768216489819565300,21.8995654296875,-0.002317216480150819,0.010526943020522594,-0.005060538649559021
1768216489829565200,21.909565185546874,-0.000021837920940015465,0.012407135218381882,-0.003802194958552718
1768216489839566600,21.919566650390625,-0.0011379687348380685,0.003998736385256052,-0.0008186557097360492
1768216489849567500,21.9295673828125,-0.0003944141499232501,0.006392651703208685,-0.0014620753936469555
1768216489859567400,21.9395673828125,-0.00018881811411119998,0.007951932959258556,0.0005299690528772771
1768216489869568300,21.949568359375,-0.000014913702216290403,0.008929579518735409,0.0009273127070628107
1768216489879568400,21.959568359375,-0.0004751079250127077,0.010147709399461746,-0.0006332996999844909
1768216489889569300,21.9695693359375,-0.0032256206031888723,0.009290969930589199,-0.0028730181511491537
1768216489899570400,21.9795703125,-0.0032296155113726854,0.009950901381671429,-0.0064893243834376335
1768216489909570600,21.989570556640626,-0.0016266588354483247,0.010834804736077785,-0.006097839679569006
1768216489919571500,21.999571533203124,-0.0012146678054705262,0.011169031262397766,-0.007409446872770786
1768216489929571300,22.0095712890625,0.0011046791914850473,0.010073140263557434,-0.007767375558614731
1768216489939572200,22.019572265625,-0.0006402239087037742,0.010163954459130764,-0.006595584563910961
1768216489949573400,22.029573486328125,0.0006503439508378506,0.005071990191936493,-0.005793440621346235
1768216489959573200,22.0395732421875,-0.0004753742541652173,0.005253351293504238,-0.003724963404238224
1768216489969574400,22.049574462890625,-0.002424009144306183,0.002283926820382476,-0.005483182147145271
1768216489979574500,22.059574462890627,-0.0022716764360666275,0.0012876383261755109,-0.005694371182471514
1768216489989575400,22.069575439453125,-0.002728142309933901,0.0022210762836039066,-0.0065162223763763905
1768216489999576300,22.079576416015627,-0.002650644164532423,0.004079962614923716,-0.004232561681419611
1768216490009576400,22.089576416015625,-0.0015430354978889227,0.0051689292304217815,-0.00216568261384964
1768216490019577300,22.099577392578126,-0.0019587550777941942,0.005148156546056271,-0.004018709994852543
1768216490029577200,22.1095771484375,-0.0005097290268167853,0.004511661361902952,-0.005585181526839733
1768216490039578400,22.119578369140626,0.0010346380295231938,0.0038895467296242714,-0.00484269205480814
1768216490049579300,22.129579345703124,-0.0004596615908667445,0.0027976506389677525,-0.004229898564517498
1768216490059579400,22.139579345703126,-0.001261805766262114,0.0003177151083946228,-0.005054413340985775
1768216490069580300,22.149580322265624,-0.0016591493040323257,0.0017963021527975798,-0.006225405260920525
1768216490079580400,22.159580322265626,0.00007110639853635803,0.00941960047930479,-0.007695204112678766
1768216490089581300,22.169581298828124,-0.0031590417493134737,0.0036195022985339165,-0.004228034522384405
1768216490099582500,22.17958251953125,-0.0022280006669461727,0.00418302696198225,-0.003171558491885662
1768216490109582300,22.189582275390624,-0.0023494407068938017,0.005742840468883514,-0.005916744936257601
1768216490119583500,22.19958349609375,-0.0020069582387804985,0.0031230889726430178,-0.005364139098674059
1768216490129583400,22.209583251953124,-0.00339153571985662,0.002150502521544695,-0.0075820195488631725
1768216490139584300,22.219584228515625,-0.0035033884923905134,0.0036048549227416515,-0.007583351340144873
1768216490149585200,22.229585205078124,-0.0013920343481004238,0.004306064918637276,-0.006982009392231703
1768216490159585300,22.239585205078125,-0.00037444045301526785,0.007933557033538818,-0.0020210728980600834
1768216490169586400,22.24958642578125,-0.0017699368763715029,0.0034171019215136766,-0.00077631144085899
1768216490179586300,22.25958642578125,-0.004767058417201042,0.008325307630002499,-0.004539357963949442
1768216490189587500,22.26958740234375,-0.004807005636394024,0.005366269499063492,-0.006711964961141348
1768216490199588400,22.27958837890625,-0.004473578184843063,0.004098338540643454,-0.002692189533263445
1768216490209588200,22.289588134765626,-0.0028399948496371508,0.005576126743108034,-0.0021907163318246603
1768216490219589000,22.299589111328125,-0.002507632365450263,0.00478543434292078,-0.0015494271647185087
1768216490229589500,22.309589599609374,-0.001219727797433734,0.009167931973934174,-0.005520200356841087
1768216490239590400,22.31959033203125,-0.001826395862735808,0.008815595880150795,-0.006309827324002981
1768216490249591300,22.32959130859375,-0.0021291973534971476,0.008052334189414978,-0.0011891013709828258
1768216490259591400,22.33959130859375,-0.0010881676571443677,0.009375925175845623,-0.002487658755853772
1768216490269592300,22.34959228515625,-0.001160072977654636,0.0052142031490802765,-0.004036286845803261
1768216490279592200,22.35959228515625,-0.002210423583164811,0.004167846869677305,-0.004732437431812286
1768216490289593300,22.36959326171875,-0.002252235310152173,0.001442900625988841,-0.0023286680225282907
1768216490299594500,22.379594482421876,-0.001514539704658091,0.00009241169027518481,-0.0003981425834354013
1768216490309594400,22.389594482421874,-0.0052144695073366165,0.0002537992550060153,0.00020746025256812572
1768216490319595300,22.39959521484375,-0.003686347510665655,0.0014325142838060856,-0.002005093963816762
1768216490329595400,22.409595458984374,-0.002776079112663865,0.0070248860865831375,-0.003222425002604723
1768216490339596300,22.41959619140625,-0.0017667410429567099,0.0055228634737432,-0.004780906718224287
1768216490349596700,22.4295966796875,0.00020453077740967274,0.003756921272724867,-0.00746164470911026
1768216490359596800,22.4395966796875,0.0008609999786131084,0.00469435378909111,-0.009980995208024979
1768216490369597700,22.44959765625,0.0035712989047169685,0.004464523401111364,-0.006076268386095762
1768216490379597600,22.45959765625,0.00033688987605273724,0.007103449665009975,-0.004564924165606499
1768216490389598700,22.4695986328125,-0.0017238641157746315,0.007124488707631826,-0.010667557828128338
1768216490399599900,22.479599853515627,-0.0026439863722771406,0.011003915220499039,-0.014915299601852894
1768216490409599700,22.489599853515625,-0.0029979203827679157,0.01031575445085764,-0.01398958545178175
1768216490419600600,22.4996005859375,-0.001543568097986281,0.006128199864178896,-0.011928298510611057
1768216490429600800,22.509600830078124,-0.00006817692337790504,0.0010255833622068167,-0.011858523823320866
1768216490439601700,22.5196015625,0.00020240024605300277,-0.0007888282998465002,-0.0025361282750964165
1768216490449602800,22.529602783203124,-0.0032783513888716698,-0.0010655306978151202,-0.0014942996203899384
1768216490459603000,22.53960302734375,-0.004345213528722525,0.000770452490542084,0.000020240024241502397
1768216490469603800,22.549603759765624,-0.003855724586173892,0.0013137373607605696,0.00024714134633541107
1768216490479603700,22.559603759765626,-0.005293565336614847,0.0006354302167892456,-0.0015462313313037157
1768216490489604600,22.5696044921875,-0.003632019041106105,0.001412806916050613,-0.0017598168924450874
1768216490499605800,22.579605712890626,-0.0013275857781991363,0.0009571401169523597,-0.0043923514895141125
1768216490509606000,22.58960595703125,-0.0012343751732259989,0.0022825952619314194,-0.0032410670537501574
1768216490519606800,22.599606689453125,0.002365419641137123,0.006036320701241493,-0.0019536949694156647
1768216490529607000,22.60960693359375,-0.0008426241693086922,0.0025662221014499664,-0.00475374236702919
1768216490539607800,22.61960791015625,-0.0033185649663209915,0.004590757191181183,-0.007760451175272465
1768216490549608700,22.629608642578123,-0.004459729418158531,0.0015813850332051516,-0.007448595017194748
1768216490559608600,22.639608642578125,-0.005543369799852371,0.0014674017438665032,-0.0067878649570047855
1768216490569610000,22.64960986328125,-0.00370072852820158,0.0011534150689840317,-0.006150037981569767
1768216490579609900,22.65960986328125,-0.003796602366492152,0.00421232171356678,-0.004597148858010769
1768216490589610800,22.66961083984375,-0.003459978848695755,0.005939914379268885,-0.006235791835933924
1768216490599611600,22.679611572265625,-0.004278634674847126,0.007177751511335373,-0.004043477587401867
1768216490609611800,22.68961181640625,-0.006658168975263834,0.011209511198103428,-0.002280997345224023
1768216490619612700,22.69961279296875,-0.003811249742284417,0.01908128336071968,0.0013885721564292908
1768216490629612800,22.70961279296875,0.0005030711181461811,0.020770259201526642,0.0019518306944519281
1768216490639614000,22.719614013671876,-0.0023670175578445196,0.019341474398970604,0.0041161817498505116
1768216490649614800,22.72961474609375,-0.002644518855959177,0.015688415616750717,-0.0019150790758430958
1768216490659614700,22.73961474609375,0.00004474110755836591,0.008050736039876938,-0.0012769857421517372
1768216490669615900,22.749615966796874,0.0032503881957381964,0.002397910226136446,-0.0022303974255919456
1768216490679615700,22.75961572265625,0.004928978625684977,0.003388606244698167,-0.00433189794421196
1768216490689616600,22.76961669921875,0.0037521275226026773,0.004051466938108206,-0.0006290386663749814
1768216490699617800,22.77961767578125,0.000985103310085833,0.0018977685831487179,-0.006878945045173168
1768216490709618000,22.789617919921874,-0.0019433086272329092,0.0003515372518450022,-0.008843558840453625
1768216490719618800,22.799618896484375,-0.004086886998265982,-0.0015534218400716782,-0.012714729644358158
1768216490729618700,22.80961865234375,-0.0054610781371593475,-0.0027683558873832226,-0.014327540062367916
1768216490739619800,22.819619873046875,-0.0023909860756248236,0.0006093312404118478,-0.013575729914009571
1768216490749620700,22.829620849609373,0.0000476705827168189,0.004455468617379665,-0.008594552986323833
1768216490759620600,22.83962060546875,0.0009643306257203221,0.005809685681015253,-0.004850681405514479
1768216490769621800,22.849621826171877,0.0025363946333527565,0.008012652397155762,-0.0019528960110619664
1768216490779622000,22.859621826171875,-0.0004676510870922357,0.0052168662659823895,-0.0014389059506356716
1768216490789622800,22.869622802734376,-0.0006788397440686822,0.003344397759065032,-0.00012144014181103557
1768216490799623700,22.879623779296875,-0.001303351018577814,0.005147091578692198,0.002159823663532734
1768216490809623800,22.889623779296876,-0.00310577847994864,0.0032583775464445353,0.002433863002806902
1768216490819624700,22.899624755859374,-0.006074403878301382,0.0026048377621918917,-0.0035020567011088133
1768216490829624600,22.90962451171875,-0.005812615156173706,0.00415399856865406,-0.004573978949338198
1768216490839625700,22.919625732421874,-0.0022599585354328156,0.004818190820515156,-0.004513525404036045
1768216490849627000,22.929626953125,-0.0018881811993196607,0.007316235918551683,-0.004321245010942221
1768216490859626800,22.939626708984374,0.001454884884878993,0.00833862368017435,-0.004313788376748562
1768216490869627600,22.949627685546876,-0.00013768543431069702,0.0065015750005841255,-0.005243231542408466
1768216490879627800,22.959627685546874,0.00037230990710668266,0.005946306046098471,-0.0046906257048249245
1768216490889629000,22.96962890625,-0.000592020689509809,0.006876281928271055,-0.0031036478467285633
1768216490899628800,22.97962890625,-0.0032048479188233614,0.003230947069823742,-0.0033065807074308395
1768216490909629700,22.989629638671875,-0.003278617514297366,0.0005281048361212015,-0.004126301966607571
1768216490919630800,22.999630859375,-0.0036759611684828997,0.0004319647268857807,-0.007977765053510666
1768216490929630700,23.009630615234375,-0.002614957746118307,0.0014410364674404263,-0.00720598129555583
1768216490939631600,23.019631591796873,-0.0017805894603952765,0.003049852093681693,-0.008018244989216328
1768216490949632800,23.0296328125,-0.0008367652189917862,0.004622448701411486,-0.006534065585583448
1768216490959633000,23.0396328125,0.000568052229937166,0.005421929527074099,-0.004839762579649687
1768216490969633800,23.0496337890625,0.003169428091496229,0.0058080879971385,-0.0024852619972079992
1768216490979634000,23.059634033203125,-0.0014034858904778957,0.0036719664931297302,-0.003022421384230256
1768216490989634800,23.069634765625,-0.0020849888678640127,0.0023853934835642576,-0.006434729788452387
1768216490999634700,23.079634765625,-0.0018216022290289402,0.003765709698200226,-0.00896979309618473
1768216491009635600,23.089635498046874,-0.003168362658470869,0.0041089910082519054,-0.007623298559337854
1768216491019637000,23.099636962890624,-0.00007723167072981596,0.005687713157385588,-0.0075782909989356995
1768216491029636900,23.109636962890626,-0.00023995080846361816,0.005864280741661787,-0.006444317288696766
1768216491039637800,23.1196376953125,0.0018849853659048676,0.0036426717415452003,-0.006469883490353823
1768216491049638000,23.129637939453126,0.0008375641773454845,0.0054735951125621796,-0.004904743749648333
1768216491059638800,23.139638671875,0.00043116576853208244,0.0018343853298574686,-0.005024053156375885
1768216491069639700,23.1496396484375,-0.002111886627972126,0.003929493948817253,-0.002683134749531746
1768216491079639600,23.1596396484375,-0.0012903015594929457,0.003686081152409315,0.00016112125013023615
1768216491089641000,23.169640869140625,-0.0008223841432482004,0.004341751337051392,-0.0013574132462963462
1768216491099640800,23.179640869140623,-0.0009347695158794522,0.009997506625950336,-0.0023875238839536905
1768216491109641700,23.189641845703125,-0.000597879639826715,0.0099623529240489,-0.006294913589954376
1768216491119642600,23.199642578125,-0.0009198558400385082,0.005797967780381441,-0.00714659271761775
1768216491129642800,23.209642822265625,-0.0025031049735844135,0.005184908397495747,-0.008807073347270489
1768216491139643600,23.2196435546875,-0.0020663465838879347,0.005781190004199743,-0.006794789340347052
1768216491149643800,23.229643798828125,-0.0025632926262915134,0.006353769451379776,-0.00455640209838748
1768216491159645000,23.23964501953125,0.003486344125121832,0.011405520141124725,-0.0017038905061781406
1768216491169645800,23.249645751953125,0.0025446503423154354,0.011347196996212006,-0.0006668555433861911
1768216491179645700,23.259645751953126,0.003765443339943886,0.009619870223104954,0.001719869440421462
1768216491189646800,23.269646728515625,0.002049302449449897,0.004794488660991192,0.000007723167072981596
1768216491199646700,23.279646728515626,-0.0018612833227962255,-0.003096723696216941,-0.001981658162549138
1768216491209647600,23.289647705078124,-0.005253617651760578,-0.0034139060880988836,-0.0028216191567480564
1768216491219648800,23.299648681640626,-0.004969192203134298,-0.005270395893603563,-0.0035888757556676865
1768216491229649000,23.30964892578125,-0.0029262814205139875,-0.0038490667939186096,-0.001856489572674036
1768216491239649800,23.31964990234375,-0.0014895059866830707,0.00010759170982055366,-0.0028969866689294577
1768216491249649700,23.329649658203124,0.000669252360239625,-0.00038642468280158937,-0.0046299053356051445
1768216491259650800,23.33965087890625,-0.000734766130335629,0.0022453111596405506,-0.0012213257141411304
1768216491269651700,23.349651611328124,0.0023270701058208942,0.001865544356405735,-0.0016397082945331931
1768216491279651800,23.35965185546875,-0.000026365294615970924,0.0016136092599481344,-0.0038016624748706818
1768216491289652700,23.36965283203125,0.0011238539591431618,0.004117247182875872,-0.004003263544291258
1768216491299652900,23.37965283203125,-0.0015939018921926618,0.0041252365335822105,-0.004656004719436169
1768216491309653800,23.38965380859375,-0.0016226640436798334,0.004781705792993307,-0.004584631882607937
1768216491319654700,23.399654541015625,-0.003922836389392614,0.0023403859231621027,-0.003689543344080448
1768216491329654800,23.40965478515625,-0.004743888974189758,0.004797684494405985,-0.005301821045577526
1768216491339656000,23.419656005859373,-0.002380333375185728,0.0043862261809408665,-0.002886333968490362
1768216491349655800,23.42965576171875,0.001901230658404529,0.008413191884756088,-0.0009419600828550756
1768216491359656700,23.43965673828125,0.0025774072855710983,0.009797236882150173,0.002630670554935932
1768216491369657900,23.449657958984375,0.0010042780777439475,0.006962834391742945,-0.00021411814668681473
1768216491379657700,23.45965771484375,-0.00036378781078383327,0.007251787465065718,-0.004135356284677982
1768216491389659000,23.469658935546875,0.0005986785981804132,0.0057007623836398125,-0.0041518681682646275
1768216491399659000,23.479658935546876,-0.00005406216951087117,0.00046392265358008444,-0.0035510589368641376
1768216491409660000,23.489659912109374,-0.0021076255943626165,-0.002900981344282627,-0.004325772635638714
1768216491419660800,23.499660888671876,-0.004489024169743061,-0.0033718282356858253,-0.00344479875639081
1768216491429660700,23.50966064453125,-0.0049763829447329044,-0.00019494339358061552,-0.003637611633166671
1768216491439661800,23.519661865234376,-0.001041562296450138,0.0065377941355109215,-0.005487177055329084
1768216491449662000,23.529661865234374,-0.0005826996639370918,0.005703159607946873,-0.007790811359882355
1768216491459662800,23.539662841796876,0.0023667511995881796,0.005362008698284626,-0.007528489921241999
1768216491469663700,23.549663818359374,0.002418150193989277,0.007151918951421976,-0.0065684206783771515
1768216491479663900,23.559663818359375,0.002999251941218972,0.0031675638165324926,-0.003428287338465452
1768216491489664800,23.569664794921874,-0.0004703142330981791,0.005058674607425928,-0.0033425334841012955
1768216491499665000,23.579664794921875,-0.002688460983335972,0.0067961206659674644,-0.0037476003635674715
1768216491509666000,23.589666015625,-0.002843989757820964,0.006295179948210716,-0.008077100850641727
1768216491519667000,23.5996669921875,-0.002998719457536936,0.004658934194594622,-0.008825715631246567
1768216491529666800,23.609666748046877,-0.0033273533917963505,-0.000993891735561192,-0.006362291984260082
1768216491539668000,23.61966796875,-0.0018514295807108283,-0.0013233247445896268,-0.0037172401789575815
1768216491549667800,23.629667724609376,0.0007850998663343489,-0.0005725796218030155,-0.0026730147656053305
1768216491559668700,23.639668701171875,0.001347825862467289,0.006220878101885319,-0.000036218989407643676
1768216491569670000,23.649669921875,0.0006348976166918874,0.00996128749102354,-0.0017920411191880703
1768216491579670000,23.659669921875,-0.0017062872648239136,0.008804677054286003,-0.00603472301736474
1768216491589671000,23.6696708984375,0.0003121224872302264,0.007243531756103039,-0.008837433531880379
1768216491599670800,23.6796708984375,-0.0026988473255187273,0.00307675008662045,-0.009590575471520424
1768216491609672000,23.689671875,-0.0024562333710491657,0.0011797803454101086,-0.006065615452826023
1768216491619672800,23.6996728515625,-0.0012341088149696589,0.004808870144188404,-0.0037918086163699627
1768216491629672700,23.709672607421876,-0.0007118629291653633,0.009580722078680992,-0.0007488809060305357
1768216491639673900,23.719673828125,-0.0024381240364164114,0.0070461914874613285,-0.0004063983797095716
1768216491649674000,23.729674072265624,-0.002591521944850683,0.006168679799884558,-0.0011145329335704446
1768216491659675000,23.7396748046875,-0.0006303702248260379,0.006640325766056776,-0.0028655612841248512
1768216491669674800,23.7496748046875,0.001386175281368196,0.006171875633299351,-0.0018048242200165987
1768216491679676000,23.759676025390625,0.0008194546680897474,0.005340436939150095,-0.003177683800458908
1768216491689676800,23.7696767578125,0.005529787857085466,0.022726884111762047,-0.004395014606416225
1768216491699676700,23.7796767578125,-0.0041705104522407055,0.003593669505789876,-0.0048437574878335
1768216491709677800,23.789677734375,-0.0052107409574091434,0.004356931429356337,-0.006127400789409876
1768216491719678000,23.799677978515625,-0.0034234935883432627,0.0054360441863536835,-0.006031527183949947
1768216491729678800,23.809678955078127,-0.0014631407102569938,0.0060357884503901005,-0.006142048165202141
1768216491739679700,23.8196796875,-0.0002980077115353197,0.005974003113806248,-0.0030652983114123344
1768216491749679900,23.829679931640626,0.000006391586794052273,0.004896221682429314,-0.0023209447972476482
1768216491759680800,23.8396806640625,-0.0017238641157746315,0.006428071763366461,-0.0005185174522921443
1768216491769680600,23.8496806640625,-0.0007691209320910275,0.011094463057816029,-0.0033241575583815575
1768216491779682000,23.85968212890625,-0.002968625631183386,0.005423794034868479,-0.0035457327030599117
1768216491789683000,23.869682861328126,-0.002584597794339061,0.002978213131427765,-0.009016931056976318
1768216491799682800,23.879682861328124,-0.0021289309952408075,0.004749747924506664,-0.0075726984068751335
1768216491809683700,23.88968359375,-0.0038250982761383057,0.003477822057902813,-0.008131695911288261
1768216491819683800,23.899683837890624,-0.003614442190155387,0.005049619823694229,-0.009493104182183743
1768216491829684700,23.909684814453126,-0.00324852392077446,0.003165166825056076,-0.009314405731856823
1768216491839686000,23.919685791015624,-0.0018695390317589045,0.001784850494004786,-0.00863023940473795
1768216491849686000,23.92968603515625,-0.001449025934562087,-0.0014788532862439752,-0.0062613580375909805
1768216491859687000,23.93968701171875,-0.002469282830134034,-0.00013315805699676275,-0.0025537051260471344
1768216491869686800,23.949686767578125,-0.00031851406674832106,-0.0010575412306934595,-0.005446430761367083
1768216491879687700,23.959687744140624,0.00011478224041638896,0.001984853995963931,-0.007819839753210545
1768216491889689000,23.969689208984374,-0.0007811051327735186,-0.00270683690905571,-0.008500809781253338
1768216491899689000,23.97968896484375,-0.0011624698527157307,-0.005249889567494392,-0.011608718894422054
1768216491909689900,23.98968994140625,-0.00012410330236889422,-0.004314321093261242,-0.010101902298629284
1768216491919690000,23.99968994140625,0.001386175281368196,-0.0019358517602086067,-0.004849616438150406
1768216491929691000,24.00969091796875,-0.0005696501466445625,-0.004060255363583565,-0.001511343871243298
1768216491939691800,24.01969189453125,-0.002695385366678238,-0.0019896477460861206,-0.0021438447292894125
1768216491949691600,24.029691650390625,-0.002156361471861601,-0.0006378270918503404,-0.002659698948264122
1768216491959693000,24.039693115234375,-0.001583249308168888,-0.0019893813878297806,-0.002671683207154274
1768216491969693000,24.04969287109375,0.0015430354978889227,0.0010892328573390841,-0.0032266860362142324
1768216491979693800,24.05969384765625,0.0021662150975316763,0.0036695697344839573,-0.0030418625101447105
1768216491989694700,24.06969482421875,0.0013435647124424577,0.008325307630002499,-0.00307648372836411
1768216491999694800,24.07969482421875,0.0014357101172208786,0.002697782125324011,-0.0030509172938764095
1768216492009695700,24.08969580078125,-0.003996605984866619,0.0029169602785259485,-0.004292482975870371
1768216492019695900,24.09969580078125,-0.0015701997326686978,-0.00020959076937288046,-0.004635232035070658
1768216492029697000,24.109697021484376,-0.001508414396084845,-0.0041278996504843235,-0.003600061172619462
1768216492039698000,24.119697998046874,-0.0014207963831722736,-0.00595536082983017,-0.0027651600539684296
1768216492049697800,24.12969775390625,-0.003032008884474635,-0.005527124274522066,-0.0026871294248849154
1768216492059699000,24.139698974609374,-0.00361737166531384,-0.007722634356468916,-0.0032381375785917044
1768216492069698800,24.14969873046875,-0.003510046284645796,-0.005921006202697754,-0.0007478156476281583
1768216492079699700,24.15969970703125,-0.0043931505642831326,-0.006875216495245695,0.0016498282784596086
1768216492089700900,24.169700927734375,-0.0018189389957115054,-0.004274639766663313,0.0035023230593651533
1768216492099701000,24.179700927734373,-0.000333161442540586,-0.004819522611796856,0.0011584750609472394
1768216492109702000,24.189701904296875,-0.0005645901546813548,-0.00609357887879014,0.002089249901473522
1768216492119701800,24.19970166015625,-0.0018556906143203378,-0.006095975637435913,0.000978711643256247
1768216492129703000,24.209702880859375,0.00025513084256090224,-0.010186591185629368,-0.0007022755453363061
1768216492139703800,24.219703857421877,-0.0029859361238777637,-0.013014867901802063,-0.0008929579053074121
1768216492149703700,24.22970361328125,-0.0020836573094129562,-0.011657987721264362,-0.0038149782922118902
1768216492159704800,24.239704833984376,-0.005359345115721226,-0.00893836747854948,-0.0024559672456234694
1768216492169705000,24.249705078125,-0.005535646807402372,-0.007889348082244396,-0.003084739437326789
1768216492179705900,24.259705810546876,-0.005182777531445026,-0.01053493283689022,-0.003397128311917186
1768216492189706800,24.269706787109374,-0.00307541829533875,-0.00977699737995863,-0.00213612150400877
1768216492199707000,24.279706787109376,-0.0032019184436649084,-0.011345865204930305,-0.00041758365114219487
1768216492209707800,24.289707763671874,-0.0034045851789414883,-0.011922972276806831,0.0005795038305222988
1768216492219708000,24.2997080078125,-0.00017363809456583112,-0.00939217023551464,-0.00032570460462011397
1768216492229708800,24.309708740234374,-0.0011717908782884479,-0.008386560715734959,-0.002226402750238776
1768216492239710000,24.3197099609375,-0.0016029566759243608,-0.008699482306838036,-0.0019172097090631723
1768216492249709800,24.329709716796874,-0.0011595403775572777,-0.009043029509484768,-0.0015622102655470371
1768216492259710700,24.339710693359375,-0.0028692898340523243,-0.008976717479526997,-0.0037894118577241898
1768216492269710800,24.3497109375,-0.0026407905388623476,-0.007331416010856628,-0.003712979145348072
1768216492279712000,24.3597119140625,-0.0037819549906998873,-0.007133010774850845,-0.0046876962296664715
1768216492289711900,24.3697119140625,-0.0028567728586494923,-0.006800648290663958,-0.004791293293237686
1768216492299713000,24.379713134765623,-0.002144643571227789,-0.010251305997371674,-0.0033300165086984634
1768216492309714000,24.3897138671875,-0.0029353362042456865,-0.017345700412988663,-0.0059684100560843945
1768216492319713800,24.3997138671875,-0.0031430625822395086,-0.02154683694243431,-0.005557218100875616
1768216492329714700,24.409714599609377,-0.002704440150409937,-0.023870179429650307,-0.00028762139845639467
1768216492339715800,24.4197158203125,-0.005539374891668558,-0.025721607729792595,0.0011371697764843702
1768216492349716000,24.429716064453125,-0.008027300238609314,-0.026126675307750702,0.0020985708106309175
1768216492359716600,24.439716552734374,-0.009354885667562485,-0.027656394988298416,0.0016253271605819464
1768216492369716700,24.449716796875,-0.008436094969511032,-0.028960810974240303,0.00025060345069505274
1768216492379717600,24.459717529296874,-0.010217750445008278,-0.02797464281320572,-0.0030487868934869766
1768216492389717500,24.469717529296876,-0.011968245729804039,-0.03292705863714218,-0.006462959107011557
1768216492399718400,24.479718505859374,-0.011952000670135021,-0.0396675169467926,-0.010892062447965145
1768216492409719800,24.4897197265625,-0.012752014212310314,-0.047638360410928726,-0.011893677525222301
1768216492419719700,24.4997197265625,-0.01564766839146614,-0.05783427134156227,-0.011202054098248482
1768216492429720600,24.509720458984376,-0.01666872575879097,-0.06671378016471863,-0.008160724304616451
1768216492439720700,24.519720703125,-0.018149176612496376,-0.0743517279624939,-0.007780691608786583
1768216492449721600,24.5297216796875,-0.01804238371551037,-0.0799824520945549,-0.013676397502422333
1768216492459722500,24.539722412109374,-0.020005665719509125,-0.08095929771661758,-0.017946243286132812
1768216492469722600,24.54972265625,-0.022666430100798607,-0.07695390284061432,-0.021980665624141693
1768216492479723800,24.559723876953125,-0.026188993826508522,-0.08775355666875839,-0.02087305672466755
1768216492489723600,24.5697236328125,-0.02791445516049862,-0.08223947882652283,-0.021382253617048264
1768216492499724500,24.579724609375,-0.02792217768728733,-0.08546323329210281,-0.01158688124269247
1768216492509725700,24.5897255859375,-0.0221503097563982,-0.08394443243741989,0.0013116068439558148
1768216492519725600,24.5997255859375,-0.018822956830263138,-0.07977551966905594,0.01570306345820427
1768216492529726500,24.6097265625,-0.021343903616070747,-0.08762172609567642,0.02515142597258091
1768216492539726600,24.6197265625,-0.02081766352057457,-0.08051082491874695,0.02991102635860443
1768216492549727700,24.629727783203126,-0.02268427424132824,-0.08569865673780441,0.01992044411599636
1768216492559728600,24.639728759765624,-0.024830248206853867,-0.08654927462339401,0.010614827275276184
1768216492569728500,24.649728515625,-0.028561336919665337,-0.08796420693397522,0.0004932174342684448
1768216492579729700,24.659729736328124,-0.028479844331741333,-0.08526109904050827,-0.0037827540654689074
1768216492589729500,24.6697294921875,-0.029745645821094513,-0.08735620975494385,-0.011668906547129154
1768216492599730400,24.67973046875,-0.02369893714785576,-0.08571144193410873,-0.011904063634574413
1768216492609731600,24.689731689453126,-0.01720268838107586,-0.0744156464934349,0.0007384945638477802
1768216492619731700,24.699731689453124,-0.012133361771702766,-0.05475619062781334,0.00923104863613844
1768216492629732600,24.709732666015626,-0.010662497952580452,-0.040465932339429855,0.006964166183024645
1768216492639732500,24.719732421875,-0.01465617399662733,-0.033835992217063904,-0.0013251889031380415
1768216492649733600,24.729733642578125,-0.018317488953471184,-0.03898122161626816,-0.00512844929471612
1768216492659734500,24.739734619140624,-0.019352393224835396,-0.044855888932943344,-0.006651777308434248
1768216492669734700,24.749734619140625,-0.018764100968837738,-0.048532381653785706,-0.004037352278828621
1768216492679735600,24.759735595703123,-0.016698019579052925,-0.058713648468256,-0.0022216090001165867
1768216492689735700,24.769735595703125,-0.014466024935245514,-0.05541558936238289,0.00020186760229989886
1768216492699736600,24.779736572265627,-0.01625273935496807,-0.05077210068702698,-0.008673382923007011
1768216492709737500,24.789737548828125,-0.017825601622462273,-0.04910416156053543,-0.011669971980154514
1768216492719737600,24.799737548828126,-0.016586434096097946,-0.04746205732226372,-0.009876333177089691
1768216492729738800,24.80973876953125,-0.01575366221368313,-0.04454190284013748,-0.004848551005125046
1768216492739738600,24.819738525390626,-0.013162407092750072,-0.03729037940502167,0.00028522455249913037
1768216492749739500,24.829739501953124,-0.011904862709343433,-0.025178590789437294,-0.0021827267482876778
1768216492759740700,24.83974072265625,-0.011736550368368626,-0.013341371901333332,-0.0032029838766902685
1768216492769740500,24.849740478515624,-0.013390906155109406,-0.012691826559603214,-0.00936047825962305
1768216492779741400,24.859741455078126,-0.019356653094291687,-0.0125203188508749,-0.010704842396080494
1768216492789741600,24.869741455078124,-0.01774783805012703,-0.020665597170591354,-0.01321220863610506
1768216492799742700,24.87974267578125,-0.01900405064225197,-0.027459321543574333,-0.011529357172548771
1768216492809743600,24.88974365234375,-0.017740648239850998,-0.02010340429842472,-0.00803022924810648
1768216492819743700,24.89974365234375,-0.017404023557901382,-0.008020642213523388,-0.0025545042008161545
1768216492829744600,24.90974462890625,-0.017316939309239388,-0.0009736517095007002,-0.0011984225129708648
1768216492839744500,24.91974462890625,-0.014319551177322865,-0.008772718720138073,-0.00196381495334208
1768216492849745400,24.929745361328123,-0.0153177035972476,-0.012251606211066246,-0.0038868836127221584
1768216492859746800,24.939746826171874,-0.013030847534537315,-0.014665495604276657,-0.0057156761176884174
1768216492869746700,24.94974658203125,-0.01309289876371622,-0.015979764983057976,-0.006219013594090939
1768216492879747600,24.95974755859375,-0.01107368990778923,-0.010489658452570438,-0.0031696942169219255
1768216492889747700,24.969747802734375,-0.01332778949290514,0.0013691311469301581,0.0005784385721199214
1768216492899748600,24.97974853515625,-0.012161857448518276,0.01056129764765501,0.0037609159480780363
1768216492909748500,24.98974853515625,-0.008836101740598679,0.01757952570915222,0.00606295233592391
1768216492919749400,24.999749267578125,-0.007174023427069187,0.019216837361454964,0.01148914359509945
1768216492929750800,25.009750732421875,-0.004532966297119856,0.020669326186180115,0.017046362161636353
1768216492939750700,25.019750732421876,-0.004496214911341667,0.020204870030283928,0.023875504732131958
1768216492949751600,25.02975146484375,-0.0024229439441114664,0.019938021898269653,0.021271200850605965
1768216492959751700,25.039751708984376,0.0002623213513288647,0.022998260334134102,0.02052684687077999
1768216492969752600,25.049752685546874,-0.0003038666909560561,0.02135642059147358,0.015620504505932331
1768216492979753500,25.05975341796875,-0.0022743395529687405,0.017122261226177216,0.008922122418880463
1768216492989753600,25.069753662109374,-0.00523604080080986,0.011538944207131863,0.0014945659786462784
1768216492999754800,25.079754638671876,-0.008162322454154491,0.008215585723519325,-0.0046629286371171474
1768216493009754600,25.089754638671874,-0.003929493948817253,0.00905767735093832,-0.01053040474653244
1768216493019755500,25.099755615234375,-0.003778493031859398,0.010084858164191246,-0.0117352195084095
1768216493029756700,25.109756591796874,-0.003097256412729621,0.009915214963257313,-0.016769392415881157
1768216493039756500,25.119756591796875,-0.004561994690448046,0.007889348082244396,-0.01926583983004093
1768216493049757700,25.1297578125,-0.004451740067452192,0.011521100997924805,-0.012063587084412575
1768216493059757800,25.1397578125,-0.0038216360844671726,0.013172793202102184,-0.003810983384028077
1768216493069758700,25.1497587890625,-0.0014333132421597838,0.014069746248424053,0.00028282770654186606
1768216493079759600,25.159759521484375,-0.002379534300416708,0.008840363472700119,0.004674113821238279
1768216493089759500,25.169759521484377,-0.004456267226487398,0.004518585279583931,-0.006061354652047157
1768216493099760600,25.1797607421875,-0.0016551546286791563,0.011837750673294067,-0.015967780724167824
1768216493109760500,25.189760498046876,0.0013755226973444223,0.013541908003389835,-0.01683730259537697
1768216493119761700,25.19976171875,0.0030272151343524456,0.015573899261653423,-0.01221751794219017
1768216493129762600,25.209762451171876,0.004930309951305389,0.01576378382742405,-0.015666844323277473
1768216493139762700,25.2197626953125,0.007241667713969946,0.03235287964344025,-0.016703346744179726
1768216493149763600,25.229763671875,0.005224589258432388,0.02557060681283474,-0.014870292507112026
1768216493159763500,25.239763427734374,0.010337059386074543,0.030297186225652695,-0.012795690447092056
1768216493169764600,25.2497646484375,0.015079882927238941,0.04384468495845795,-0.012201006524264812
1768216493179765800,25.259765869140626,0.017303889617323875,0.039455264806747437,-0.01061935443431139
1768216493189765600,25.269765625,0.016152869910001755,0.029048163443803787,-0.011891280300915241
1768216493199766500,25.2797666015625,0.01728072017431259,0.025777535513043404,-0.007812649011611938
1768216493209766700,25.2897666015625,0.009526393376290798,0.02485954388976097,-0.006987868342548609
1768216493219767600,25.299767578125,0.006307963281869888,0.023310115560889244,-0.007075486239045858
1768216493229768400,25.3097685546875,0.001252484624274075,0.022308234125375748,-0.0070800138637423515
1768216493239768600,25.3197685546875,0.0012721919920295477,0.024526115506887436,-0.005561479367315769
1768216493249769700,25.329769775390623,-0.0006767092272639275,0.024155935272574425,-0.0011853729374706745
1768216493259769600,25.33976953125,-0.0023094932548701763,0.02196495421230793,-0.0014199974248185754
1768216493269770500,25.3497705078125,0.0011704593198373914,0.0258646197617054,-0.0014213290996849537
1768216493279771600,25.359771728515625,0.004749481566250324,0.023026755079627037,-0.005320729687809944
1768216493289771500,25.369771484375,0.003946804907172918,0.018207233399152756,-0.007474694401025772
1768216493299772400,25.3797724609375,0.0075631109066307545,0.01709829270839691,-0.006585464812815189
1768216493309772500,25.3897724609375,0.008334895595908165,0.013155482709407806,-0.005675462540239096
1768216493319773700,25.399773681640625,0.007728493306785822,0.012966398149728775,-0.007710117381066084
1768216493329774600,25.409774658203126,0.004832838196307421,0.01113574206829071,-0.007778827100992203
1768216493339774700,25.419774658203124,0.0036581179592758417,0.009622800163924694,-0.007278951816260815
1768216493349775600,25.429775634765626,0.0003326288133393973,0.010065949521958828,-0.006819290108978748
1768216493359775500,25.439775390625,-0.004246410448104143,0.01321354042738676,-0.005802495405077934
1768216493369776400,25.4497763671875,-0.007303453050553799,0.01697711832821369,-0.008439291268587112
1768216493379777800,25.45977783203125,-0.0022623552940785885,0.019576631486415863,-0.00896579772233963
1768216493389777700,25.469777587890626,-0.0001877528557088226,0.017478859052062035,-0.006384129635989666
1768216493399778600,25.479778564453124,-0.0008796420879662037,0.011899270117282867,-0.0025598304346203804
1768216493409778700,25.48977880859375,-0.0019166769925504923,0.012545086443424225,0.0014181332662701607
1768216493419779600,25.499779541015624,-0.001272990950383246,0.014387194998562336,0.001458080718293786
1768216493429780500,25.509780517578125,0.00014887070574332029,0.018095646053552628,-0.001116130850277841
1768216493439780600,25.519780517578123,-0.002237587934359908,0.02004135213792324,-0.004716458264738321
1768216493449781800,25.52978173828125,-0.0035033884923905134,0.022292522713541985,-0.006213687360286713
1768216493459781600,25.53978173828125,-0.004603007808327675,0.02406458929181099,-0.007452856283634901
1768216493469782500,25.549782470703125,-0.004744953941553831,0.02522359788417816,-0.004520183429121971
1768216493479782700,25.55978271484375,-0.0057249972596764565,0.0254512969404459,-0.0014897723449394107
1768216493489783600,25.569783447265625,-0.0014674017438665032,0.026040388271212578,0.0003278351214248687
1768216493499784700,25.57978466796875,-0.0026013758033514023,0.024710405617952347,-0.0006655239267274737
1768216493509784600,25.58978466796875,0.0019347865600138903,0.020721256732940674,-0.0012708604335784912
1768216493519785700,25.59978564453125,-0.0006434197421185672,0.015298794955015182,-0.0029001825023442507
1768216493529785600,25.60978564453125,-0.004202201962471008,0.012821788899600506,-0.0054488275200128555
1768216493539786500,25.619786376953126,-0.005770004820078611,0.015276690945029259,-0.003656520042568445
1768216493549787600,25.62978759765625,-0.0044394894503057,0.014697985723614693,-0.004222441930323839
1768216493559787500,25.63978759765625,-0.00686243362724781,0.013825268484652042,-0.003637877991423011
1768216493569788700,25.64978857421875,-0.003893807763233781,0.01414537988603115,-0.007691741921007633
1768216493579788800,25.659788818359374,-0.0017944378778338432,0.014602644369006157,-0.0032266860362142324
1768216493589789700,25.669789794921876,-0.0006894923863001168,0.014517690055072308,0.00048070057528093457
1768216493599790600,25.67979052734375,-0.0019291938515380025,0.01589268073439598,0.0012604740913957357
1768216493609790500,25.68979052734375,-0.004596349783241749,0.015356851741671562,0.0009171926649287343
1768216493619791600,25.69979150390625,-0.0033182986080646515,0.015984825789928436,-0.00018216021999251097
1768216493629791500,25.70979150390625,-0.002359027974307537,0.010816162452101707,-0.002816559048369527
1768216493639792600,25.719792724609373,-0.0010258496040478349,0.00808828603476286,-0.0024687503464519978
1768216493649793500,25.72979345703125,-0.00039068571641109884,0.004801146686077118,-0.007006244268268347
1768216493659793700,25.739793701171877,-0.000978711643256247,0.005964681971818209,-0.0080323601141572
1768216493669794600,25.749794677734375,0.0000673779723001644,0.0062672169879078865,-0.008327172137796879
1768216493679794400,25.75979443359375,-0.002520149340853095,0.010720022022724152,-0.010421481914818287
1768216493689795600,25.769795654296875,-0.004123106133192778,0.016809074208140373,-0.011799135245382786
1768216493699796700,25.779796630859376,-0.005256547126919031,0.021819811314344406,-0.005555354058742523
1768216493709796600,25.789796630859374,0.0005888249143026769,0.024098144844174385,-0.004443484358489513
1768216493719797500,25.799797607421876,0.0026700852904468775,0.0250981617718935,-0.0009345032158307731
1768216493729797600,25.809797607421874,0.005076784174889326,0.023619309067726135,-0.002763562137261033
1768216493739798500,25.819798583984376,0.005470665637403727,0.026039322838187218,-0.0025366609916090965
1768216493749799400,25.82979931640625,0.0041406829841434956,0.022167619317770004,-0.0041436124593019485
1768216493759799800,25.8397998046875,0.00032916670897975564,0.01792680285871029,-0.003308977698907256
1768216493769800700,25.84980078125,-0.00010679275874281302,0.016655676066875458,-0.002624545246362686
1768216493779800600,25.859800537109376,0.005821936298161745,0.012063320726156235,-0.0020967067684978247
1768216493789801500,25.869801513671874,0.005124188028275967,0.011973039247095585,-0.003721767570823431
1768216493799802600,25.879802734375,0.005983323790132999,0.013533385470509529,-0.003153715282678604
1768216493809802500,25.889802490234374,0.007585748098790646,0.016651947051286697,-0.002168079372495413
1768216493819803600,25.8998037109375,0.008344216272234917,0.023012109100818634,-0.0028844696935266256
1768216493829803800,25.9098037109375,0.004269579891115427,0.027334418147802353,-0.0025102957151830196
1768216493839804700,25.9198046875,-0.0008322378271259367,0.0238797664642334,-0.006871488410979509
1768216493849805600,25.9298056640625,-0.0010996191995218396,0.026261698454618454,-0.010391654446721077
1768216493859805700,25.9398056640625,-0.0015390408225357533,0.022595589980483055,-0.01110431645065546
1768216493869806600,25.949806640625,-0.0035401401109993458,0.013434049673378468,-0.011346930637955666
1768216493879806500,25.959806396484375,-0.004875981714576483,0.0068206219002604485,-0.008736765943467617
1768216493889807600,25.9698076171875,-0.004889830015599728,0.008085889741778374,-0.002522812457755208
1768216493899808800,25.979808837890626,-0.002612294629216194,0.009849701076745987,0.0011592740193009377
1768216493909808600,25.98980859375,0.0025691515766084194,0.011629492044448853,0.004137753508985043
1768216493919809500,25.9998095703125,0.004117513541132212,0.009077916853129864,0.006309827324002981
1768216493929809700,26.0098095703125,-0.000051132694352418184,0.00993332453072071,0.004459196701645851
1768216493939810600,26.019810546875,0.0012506204657256603,0.009718673303723335,0.0005110605852678418
1768216493949810400,26.029810546875,0.001543834456242621,0.006512760184705257,-0.0024620923213660717
1768216493959811600,26.0398115234375,-0.001702026231214404,0.009617473930120468,-0.0062768044881522655
1768216493969812700,26.049812744140624,-0.001044225413352251,0.010461961850523949,-0.007831024937331676
1768216493979812600,26.0598125,0.0002721750643104315,0.009249957278370857,-0.009282181970775127
1768216493989813500,26.0698134765625,0.0024229439441114664,0.011582087725400925,-0.009929862804710865
1768216493999813600,26.079813720703125,0.0024682176299393177,0.011272361502051353,-0.0051508196629583836
1768216494009814500,26.089814453125,0.0025598304346203804,0.009562612511217594,-0.004482898861169815
1768216494019815700,26.099815673828125,0.0019020296167582273,0.010462760925292969,-0.0008945558220148087
1768216494029815600,26.109815673828123,-0.0009275790071114898,0.009190835058689117,-0.0019414444686844945
1768216494039816700,26.119816650390625,-0.002585396869108081,0.007245395798236132,-0.005356415640562773
1768216494049816600,26.129816650390627,-0.0005605954211205244,0.0070613715797662735,-0.006380933802574873
1768216494059817500,26.1398173828125,-0.0010628675809130073,0.006726612336933613,-0.002025067573413253
1768216494069818600,26.149818603515627,0.00040533312130719423,0.006090649403631687,-0.0011440940434113145
1768216494079818500,26.159818603515625,-0.00045566685730591416,0.008477640338242054,-0.0016253271605819464
1768216494089819600,26.169819580078126,-0.0007874967413954437,0.011050254106521606,-0.0034413367975503206
1768216494099819800,26.17981982421875,-5.326322138898831e-7,0.014165353961288929,-0.0037702370900660753
1768216494109820700,26.189820556640626,0.003921504598110914,0.020369719713926315,-0.003311374457553029
1768216494119821600,26.199821533203124,0.0034141724463552237,0.0232310201972723,-0.004481301177293062
1768216494129821400,26.209821533203126,0.0033838124945759773,0.02485208585858345,-0.008614793419837952
1768216494139822600,26.219822509765624,0.0011544802691787481,0.018095379695296288,-0.010696053504943848
1768216494149822700,26.22982275390625,0.00012863067968282849,0.011710718274116516,-0.006741792429238558
1768216494159823600,26.23982373046875,-0.002186188939958811,0.009996174834668636,-0.007872570306062698
1768216494169824500,26.249824462890626,-0.0022980417124927044,0.012065717950463295,-0.006740726996213198
1768216494179824600,26.25982470703125,-0.003176884725689888,0.014582671225070953,-0.003433080855756998
1768216494189825500,26.269825439453125,0.0003611246356740594,0.015460182912647724,-0.00046871634549461305
1768216494199825400,26.279825439453123,0.0020532971248030663,0.015603460371494293,-0.002834668615832925
1768216494209826800,26.289826904296874,0.003305515507236123,0.012716594152152538,-0.0019180085510015488
1768216494219827700,26.29982763671875,0.001181378262117505,0.007340470794588327,-0.0029087045695632696
1768216494229827600,26.30982763671875,0.0011566109023988247,0.007191333919763565,-0.002546780975535512
1768216494239828500,26.319828369140627,0.0006929545197635889,0.006717024836689234,-0.0018977685831487179
1768216494249828600,26.32982861328125,-0.0003483414766378701,0.012296080589294434,-0.003568103304132819
1768216494259829500,26.33982958984375,-0.0010242518037557602,0.0126995500177145,-0.003032008884474635
1768216494269830700,26.34983056640625,-0.0006857639527879655,0.012232164852321148,-0.004629373084753752
1768216494279830800,26.359830810546875,0.0003121224872302264,0.01264016143977642,-0.003385676769539714
1768216494289831700,26.369831787109376,-0.00004713794987765141,0.015027418732643127,-0.002291117561981082
1768216494299831600,26.37983154296875,0.0006719155353493989,0.015510516241192818,-0.002168079372495413
1768216494309832400,26.38983251953125,0.000027696874894900247,0.015516641549766064,-0.006058957893401384
1768216494319833600,26.39983349609375,0.004975317511707544,0.014682007022202015,-0.007034739945083857
1768216494329833500,26.40983349609375,0.0033244239166378975,0.014058561064302921,-0.010486463084816933
1768216494339834600,26.419834716796874,0.003933488857001066,0.010656372644007206,-0.012136291712522507
1768216494349834800,26.429834716796876,-0.0009598032338544726,0.006201170384883881,-0.010395382530987263
1768216494359836400,26.43983642578125,-0.0027348001021891832,0.007388674188405275,-0.007650196552276611
1768216494369836300,26.449836181640624,-0.00370072852820158,0.006503439508378506,-0.007099188398569822
1768216494379837200,26.459837158203126,-0.0033574472181499004,0.007165767718106508,-0.006892793346196413
1768216494389838300,26.46983837890625,-0.002269279444590211,0.007993211969733238,-0.00983425509184599
1768216494399838500,26.47983837890625,0.0003254382754676044,0.008075503632426262,-0.010411095805466175
1768216494409839400,26.48983935546875,0.003281546989455819,0.008933840319514275,-0.01215546578168869
1768216494419839500,26.499839599609373,0.0068448567762970924,0.009646502323448658,-0.008590292185544968
1768216494429840400,26.50984033203125,0.004878911189734936,0.009874735027551651,0.00017337177996523678
1768216494439841300,26.51984130859375,0.00842863880097866,0.012774650938808918,0.002674346324056387
1768216494449841200,26.529841064453127,0.008376972749829292,0.021572669968008995,0.0018005631864070892
1768216494459842600,26.539842529296877,0.0016269250772893429,0.0070704263634979725,-0.0019230686593800783
1768216494469842400,26.549842529296875,-0.00250550196506083,0.0008412926108576357,-0.00833835732191801
1768216494479843300,26.55984326171875,-0.0030360035598278046,0.006992129608988762,-0.011327489279210567
1768216494489844200,26.56984423828125,-0.0039087217301130295,0.007228884380310774,-0.01025503408163786
1768216494499844400,26.57984423828125,-0.005872536450624466,0.008219846524298191,-0.011205516755580902
1768216494509845200,26.58984521484375,-0.003388606244698167,0.009917079471051693,-0.007580687757581472
1768216494519845000,26.59984521484375,0.0017366473330184817,0.009521866217255592,-0.0030277478508651257
1768216494529846500,26.609846435546874,0.004203799646347761,0.01059458777308464,-0.002156361471861601
1768216494539847400,26.619847412109376,0.004040548112243414,0.006530071143060923,-0.002347576431930065
1768216494549847300,26.629847412109374,0.0019156117923557758,0.001996571896597743,-0.0009898969437927008
1768216494559848200,26.63984814453125,0.0001603222917765379,-0.00007669904152862728,0.0009829727932810783
1768216494569848300,26.649848388671874,-0.0035446672700345516,0.004077033139765263,-0.0013781858142465353
1768216494579849200,26.65984912109375,-0.00267727579921484,-0.0016285229939967394,-0.0008594020619057119
1768216494589850400,26.669850341796874,-0.0026642263401299715,0.0015041533624753356,-0.0005792375304736197
1768216494599850500,26.6798505859375,-0.00535588338971138,0.0020421119406819344,-0.0011896340874955058
1768216494609851400,26.689851318359374,-0.004893824923783541,0.005434180144220591,-0.0020501012913882732
1768216494619851300,26.699851318359375,-0.0037015276029706,0.003786748740822077,-0.0014532869681715965
1768216494629852400,26.709852294921873,-0.0016133430181071162,0.0026908579748123884,-0.003570233704522252
1768216494639853300,26.719853271484375,-0.0007568703731521964,0.006717291194945574,-0.004278101958334446
1768216494649853400,26.729853515625,-0.004174238536506891,0.0035246936604380608,-0.000041278995922766626
1768216494659854300,26.739854248046875,-0.005335110705345869,0.003569967346265912,-0.0012535499408841133
1768216494669854500,26.7498544921875,-0.005244562868028879,0.0006745787104591727,-0.0010420948965474963
1768216494679855400,26.75985546875,-0.0044205812737345695,-0.0001131843455368653,-0.003858121344819665
1768216494689856300,26.769856201171876,-0.002120675053447485,-0.0035870117135345936,-0.005650694947689772
1768216494699856400,26.7798564453125,-0.0024202808272093534,-0.002442385070025921,-0.003933488857001066
1768216494709857500,26.789857421875,-0.0029790119733661413,0.002037850907072425,0.0007744472241029143
1768216494719857400,26.799857421875,-0.0011081412667408586,0.004348942078649998,0.001832521171309054
1768216494729858300,26.8098583984375,-0.00281948852352798,0.004714594222605228,-0.0009704558760859072
1768216494739859500,26.819859375,-0.0046299053356051445,0.0005558017292059958,-0.004745220299810171
1768216494749859300,26.829859375,-0.002210689941421151,-0.003335609333589673,-0.00875061471015215
1768216494759860200,26.839860107421874,0.003695935010910034,0.0017885789275169373,-0.009066198952496052
1768216494769860400,26.8498603515625,0.001517469179816544,0.004507932811975479,-0.004253068007528782
1768216494779861500,26.859861572265626,0.0020271982066333294,0.00842544250190258,-0.0008543420699425042
1768216494789862400,26.8698623046875,0.00022796659322921187,0.008592156693339348,0.0015696671325713396
1768216494799862300,26.8798623046875,-0.0009166600648313761,0.0072896042838692665,-0.0020658141002058983
1768216494809863400,26.889863525390624,-0.0013278521364554763,0.0038219024427235126,-0.0083673857152462
1768216494819863300,26.89986328125,-0.0016578177455812693,0.0044144559651613235,-0.011607387103140354
1768216494829864200,26.9098642578125,-0.00019334549142513424,0.00583764910697937,-0.01107448898255825
1768216494839864300,26.9198642578125,-0.00022290658671408892,0.012177038006484509,-0.007182279136031866
1768216494849865500,26.929865478515627,-0.0007281082216650248,0.015809323638677597,-0.006807572208344936
1768216494859866400,26.939866455078125,-0.0023012375459074974,0.012267052195966244,-0.001546763931401074
1768216494869866500,26.949866455078126,-0.003512975759804249,0.009080580435693264,-0.00376011710613966
1768216494879867400,26.959867431640625,-0.0044235107488930225,0.009010006673634052,-0.006078665144741535
1768216494889867300,26.9698671875,-0.001407480682246387,0.005651494022458792,-0.005015531089156866
1768216494899868200,26.9798681640625,-0.0012713931500911713,0.0070701600052416325,-0.008232629857957363
1768216494909869300,26.989869384765626,-0.0015017564874142408,0.013423130847513676,-0.008357265964150429
1768216494919869400,26.999869384765624,-0.0009800433181226254,0.012079299427568913,-0.004595284350216389
1768216494929870300,27.009870361328126,-0.002401106059551239,0.012957077473402023,-0.0030362699180841446
1768216494939870500,27.019870361328124,-0.0016013587592169642,0.014417555183172226,-0.004145210143178701
1768216494949871400,27.029871337890626,-0.0016098808264359832,0.013350426219403744,-0.0044080642983317375
1768216494959872300,27.039872314453124,-0.0026700852904468775,0.011841746047139168,-0.005481051746755838
1768216494969872100,27.0498720703125,-0.003998736385256052,0.009441172704100609,-0.005073321983218193
1768216494979873500,27.05987353515625,-0.003370496677234769,0.009100021794438362,-0.0040735709480941296
1768216494989873400,27.069873291015625,-0.0034077810123562813,0.007721569389104843,-0.0031494542490690947
1768216494999874300,27.079874267578123,-0.003328684950247407,0.008218514733016491,-0.0025246767327189445
1768216495009875200,27.089875244140625,-0.003257578704506159,0.008478972129523754,-0.003181145992130041
1768216495019875300,27.099875244140627,-0.0023315974976867437,0.010425476357340813,0.0013638047967106104
1768216495029876500,27.10987646484375,0.0017893778858706355,0.011609784327447414,0.003683151677250862
1768216495039876400,27.11987646484375,-0.0017989652696996927,0.015516641549766064,0.003337739733979106
1768216495049877500,27.12987744140625,-0.00017496968212071806,0.013250557705760002,0.00039015308720991015
1768216495059878400,27.13987841796875,-0.0002990729990415275,0.014689197763800621,-0.0031971249263733625
1768216495069878300,27.149878173828125,-0.00101146858651191,0.009966081008315086,-0.007006510626524687
1768216495079879200,27.159879150390626,-0.0002644518972374499,0.013940849341452122,-0.011389540508389473
1768216495089879300,27.16987939453125,0.0016285229939967394,0.01261113304644823,-0.010555172339081764
1768216495099880400,27.17988037109375,-0.00033928672201000154,0.015193600207567215,-0.009241967462003231
1768216495109881300,27.18988134765625,-0.0005470133037306368,0.016636500135064125,-0.007215568795800209
1768216495119881500,27.199881591796874,-0.0010631339391693473,0.01577230542898178,-0.0049372343346476555
1768216495129882400,27.20988232421875,-0.002027997048571706,0.01438426598906517,-0.005960687063634396
1768216495139882200,27.21988232421875,-0.0005523395957425237,0.01327159721404314,-0.00019148127466905862
1768216495149883400,27.22988330078125,-0.0022274679504334927,0.007656588219106197,-0.0005060005933046341
1768216495159884500,27.239884521484374,-0.00395692465826869,0.006120743229985237,-0.005459746345877647
1768216495169884400,27.249884521484375,-0.0023398532066494226,0.0067849354818463326,-0.005601426586508751
1768216495179885300,27.25988525390625,-0.0010498181218281388,0.00746244378387928,-0.005169461946934462
1768216495189885400,27.269885498046875,-0.0010298443958163261,0.00863476749509573,-0.0018988338997587562
1768216495199886300,27.27988623046875,-0.001038366463035345,0.009759419597685337,0.00010892329009948298
1768216495209887200,27.28988720703125,-0.00041199102997779846,0.00908830389380455,-0.004173972178250551
1768216495219887400,27.299887451171877,-0.0020003002136945724,0.008044877089560032,-0.004520982038229704
1768216495229888500,27.309888427734375,-0.0014879080699756742,0.008712531067430973,-0.004719121381640434
1768216495239888400,27.319888427734377,-0.0002980077115353197,0.009066731669008732,-0.006592921447008848
1768216495249889300,27.32988916015625,0.000218645524000749,0.006433930713683367,-0.008725314401090145
1768216495259889400,27.339889404296876,0.0010641991393640637,0.003285009181126952,-0.008329303003847599
1768216495269890300,27.349890380859375,0.002545981900766492,0.00612207455560565,-0.003403786104172468
1768216495279891200,27.35989111328125,0.003238936420530081,0.010101902298629284,0.0006402239087037742
1768216495289891300,27.369891357421874,0.002098304685205221,0.007982026785612106,0.002132392954081297
1768216495299892500,27.379892578125,0.001284708851017058,0.004286091309040785,-0.0016168050933629274
1768216495309892400,27.389892333984374,-0.003148389048874378,0.002225870033726096,-0.007355917245149612
1768216495319893200,27.399893310546876,-0.0008021441171877086,0.0035124430432915688,-0.00896579772233963
1768216495329894400,27.409894287109374,0.0002031991898547858,0.006970291491597891,-0.00592686515301466
1768216495339894300,27.419894287109376,0.0014937670202925801,0.010038785636425018,-0.002918291836977005
1768216495349895200,27.429895263671874,0.0007619303651154041,0.010479272343218327,-0.003317766124382615
1768216495359894800,27.439894775390623,-0.0024620923213660717,0.012851882725954056,-0.0013440974289551377
1768216495369895700,27.449895751953125,-0.0017134778900071979,0.010914699174463749,-0.004743622615933418
1768216495379896600,27.459896484375,-0.0006085322820581496,0.006855509243905544,-0.004856540355831385
1768216495389896700,27.469896728515625,-0.0028674255590885878,0.0029973878990858793,-0.0037766287568956614
1768216495399897900,27.47989794921875,-0.0041337586008012295,0.0010823087068274617,-0.0022836606949567795
1768216495409897700,27.489897705078125,-0.001282312092371285,0.0033396040089428425,-0.002843989757820964
1768216495419898600,27.499898681640627,-0.001392300589941442,0.003543602069839835,0.001219727797433734
1768216495429899800,27.509899658203125,-0.0001507349224993959,0.00888137612491846,-0.0017499631503596902
1768216495439899600,27.519899658203126,-0.0012412993237376213,0.009703760035336018,0.0011499529937282205
1768216495449900500,27.529900634765625,-0.0024501082953065634,0.007880826480686665,0.0006213154993019998
1768216495459900700,27.539900634765626,-0.00640676636248827,0.0075969332829117775,-0.001877262257039547
1768216495469901800,27.54990185546875,-0.0070547135546803474,0.0032826124224811792,-0.0035084483679383993
1768216495479902700,27.55990283203125,-0.005255482159554958,0.0029617014806717634,-0.005495699122548103
1768216495489902800,27.56990283203125,-0.004881574306637049,0.0029981867410242558,-0.007282680366188288
1768216495499903700,27.57990380859375,-0.003263437654823065,0.004782238509505987,-0.006624879315495491
1768216495509903600,27.589903564453124,-0.004191549029201269,0.008318116888403893,-0.004175303969532251
1768216495519904500,27.599904541015626,-0.0036583843175321817,0.007782022934406996,-0.002656503114849329
1768216495529906000,27.609906005859376,-0.002011485630646348,0.00948138628154993,-0.004261057823896408
1768216495539905800,27.61990576171875,-0.0006764429272152483,0.014927017502486706,-0.006441654171794653
1768216495549906700,27.62990673828125,0.0015134743880480528,0.018204037100076675,-0.008106395602226257
1768216495559906800,27.63990673828125,-0.0007531419396400452,0.018101772293448448,-0.005599562544375658
1768216495569907700,27.64990771484375,-0.00041758365114219487,0.01690068654716015,-0.008593222126364708
1768216495579908600,27.65990869140625,0.0017933726776391268,0.012956278398633003,-0.008667790330946445
1768216495589908700,27.66990869140625,0.0004961469094268978,0.01022494025528431,-0.009957559406757355
1768216495599910000,27.679909912109373,0.0021843246649950743,0.01133814174681902,-0.008066981099545956
1768216495609909800,27.68990966796875,-0.0011494202772155404,0.013354687951505184,-0.0028072381392121315
1768216495619910700,27.69991064453125,-0.0033872744534164667,0.01943734660744667,-0.0035547874867916107
1768216495629911600,27.70991162109375,-0.004036819562315941,0.018499914556741714,-0.006704507861286402
1768216495639911700,27.71991162109375,-0.005530320107936859,0.01565033197402954,-0.009608951397240162
1768216495649912800,27.729912841796875,-0.002549177734181285,0.01167449913918972,-0.008874451741576195
1768216495659912700,27.73991259765625,0.00086872314568609,0.013398895971477032,-0.008555404841899872
1768216495669913900,27.749913818359374,0.0022682142443954945,0.012555738911032677,-0.008020642213523388
1768216495679914800,27.759914794921876,0.002837864449247718,0.012685701251029968,-0.003619768423959613
1768216495689914600,27.76991455078125,0.0049010151997208595,0.015032478608191013,-0.011146927252411842
1768216495699915500,27.77991552734375,0.003796069882810116,0.012661200016736984,-0.012508068233728409
1768216495709915600,27.78991552734375,0.003477289341390133,0.014191985130310059,-0.013965350575745106
1768216495719916800,27.799916748046876,0.0016442356863990426,0.014480405487120152,-0.012798086740076542
1768216495729917000,27.8099169921875,0.0032384039368480444,0.01888900250196457,-0.007391870021820068
1768216495739917800,27.819917724609375,0.003546797903254628,0.022171881049871445,-0.008885903283953667
1768216495749918700,27.829918701171874,0.0008354336023330688,0.020263459533452988,-0.011035340838134289
1768216495759918600,27.839918701171875,-0.0021339908707886934,0.01582343690097332,-0.011245197616517544
1768216495769919700,27.849919677734373,0.0011299792677164078,0.013371732085943222,-0.009239571169018745
1768216495779919600,27.859919677734375,0.0004982774262316525,0.016046877950429916,-0.00974184274673462
1768216495789920800,27.869920654296877,0.002639458980411291,0.01902162842452526,-0.008068579249083996
1768216495799921700,27.879921630859375,0.00033688987605273724,0.023692013695836067,-0.009782323613762856
1768216495809921800,27.889921875,-0.00015925703337416053,0.025377528741955757,-0.011553858406841755
1768216495819922700,27.899922607421875,0.0005826996639370918,0.028674522414803505,-0.011869176290929317
1768216495829922600,27.909922607421876,0.001928128651343286,0.02436818927526474,-0.009351956658065319
1768216495839923700,27.919923828125,0.000050866376113845035,0.023358318954706192,-0.00953598041087389
1768216495849924900,27.9299248046875,0.0020746025256812572,0.02304273471236229,-0.00800146721303463
1768216495859924700,27.9399248046875,0.0020793962758034468,0.027107518166303635,-0.004450408276170492
1768216495869925600,27.949925537109376,0.0023182816803455353,0.026610571891069412,-0.0014732606941834092
1768216495879925800,27.95992578125,0.00017363809456583112,0.025739451870322227,-0.0008695221040397882
1768216495889926700,27.9699267578125,0.0010287790792062879,0.026453977450728416,-0.0038048583082854748
1768216495899927600,27.979927490234374,0.0016913736471906304,0.02617700956761837,-0.008280300535261631
1768216495909928000,27.989927978515624,0.004026167094707489,0.020861072465777397,-0.00823902152478695
1768216495919928800,27.9999287109375,0.004483964294195175,0.01943335309624672,-0.008102134801447392
1768216495929928700,28.0099287109375,0.0012186624808236957,0.017719607800245285,-0.010994860902428627
1768216495939929600,28.0199296875,0.0004868258547503501,0.017797905951738358,-0.013570137321949005
1768216495949930800,28.0299306640625,0.0020775320008397102,0.013080115430057049,-0.01130911335349083
1768216495959930600,28.0399306640625,-0.000319845654303208,0.010367153212428093,-0.010381534695625305
1768216495969931800,28.049931884765623,0.0003408846096135676,0.010756507515907288,-0.00893810112029314
1768216495979932000,28.059931884765625,0.0005331648280844092,0.010615892708301544,-0.007967112585902214
1768216495989932800,28.069932861328127,-0.0015699334908276796,0.014515026472508907,-0.008756740018725395
1768216495999933700,28.07993359375,0.0016383767360821366,0.019887421280145645,-0.008167382329702377
1768216496009933800,28.089933837890626,0.003215234261006117,0.02436872199177742,-0.005366269499063492
1768216496019934700,28.099934814453125,0.0029638318810611963,0.024237163364887238,-0.004747084807604551
1768216496029934600,28.1099345703125,0.004000334069132805,0.02279932238161564,-0.006827545817941427
1768216496039935700,28.119935791015624,0.0009408948244526982,0.017305221408605576,-0.005799033213406801
1768216496049937000,28.12993701171875,-0.0006719155353493989,0.017646372318267822,-0.008256332017481327
1768216496059936800,28.139936767578124,-0.0008942894637584686,0.015688149258494377,-0.007448595017194748
1768216496069937700,28.149937744140626,-0.0009022789890877903,0.01582370325922966,-0.006897587329149246
1768216496079937800,28.159937744140624,0.000984570593573153,0.016027169302105904,-0.008352738805115223
1768216496089938700,28.169938720703126,0.0022501046769320965,0.01665940321981907,-0.009615343064069748
1768216496099938600,28.1799384765625,0.0043806335888803005,0.017883392050862312,-0.00891120359301567
1768216496109939700,28.189939697265626,0.0046208505518734455,0.018739067018032074,-0.006043511442840099
1768216496119940900,28.19994091796875,0.0062280683778226376,0.01739656738936901,-0.004698348697274923
1768216496129940700,28.209940673828125,0.0022274679504334927,0.015062572434544563,-0.005630987696349621
1768216496139941600,28.219941650390624,0.0018306568963453174,0.010133594274520874,-0.0064387246966362
1768216496149941800,28.229941650390625,0.0015092133544385433,0.0075846826657652855,-0.0059684100560843945
1768216496159942700,28.239942626953123,-0.002510828198865056,0.005694371182471514,-0.0049430932849645615
1768216496169943800,28.24994384765625,-0.0028210864402353764,0.0002894856152124703,-0.005571865476667881
1768216496179943700,28.259943603515627,-0.0023126890882849693,-0.005028847139328718,0.0007613977650180459
1768216496189944800,28.26994482421875,-0.0018751317402347922,-0.009357549250125885,0.000663393409922719
1768216496199944700,28.27994482421875,-0.00008602010348113254,-0.007259510923177004,0.003099919529631734
1768216496209945600,28.289945556640625,-0.0015707324491813779,-0.007556453347206116,0.002797118155285716
1768216496219946500,28.299946533203126,-0.0001853560097515583,-0.004189152270555496,0.000025832661776803434
1768216496229946600,28.309946533203124,-0.003151052165776491,-0.0024021712597459555,-0.0025217472575604916
1768216496239947800,28.31994775390625,-0.00446905056014657,-0.0007475492893718183,-0.0041436124593019485
1768216496249948000,28.329947998046876,-0.0060059609822928905,0.00035473305615596473,-0.0038948729634284973
1768216496259948800,28.33994873046875,-0.004210724029690027,0.0025803367607295513,-0.0044352286495268345
1768216496269949700,28.34994970703125,-0.001282312092371285,0.008983640931546688,-0.0031225562561303377
1768216496279949600,28.359949462890626,0.0022924491204321384,0.008446482010185719,0.0021046961192041636
1768216496289950700,28.36995068359375,-0.00002157160452043172,0.008841427974402905,0.0010687265312299132
1768216496299950800,28.379950927734374,-0.0016346483025699854,0.005483981221914291,0.002499909373000264
1768216496309951700,28.38995166015625,-0.0014269216917455196,0.003977164626121521,0.001686579897068441
1768216496319952600,28.39995263671875,-0.001880191732198,0.0008889631717465818,0.000791491474956274
1768216496329952800,28.409952880859375,-0.00029827404068782926,-0.001141963410191238,0.0017526262672618032
1768216496339953700,28.41995361328125,-0.004859469830989838,-0.004792358260601759,0.002808836055919528
1768216496349953500,28.42995361328125,-0.005826463922858238,-0.006686664652079344,-0.0008420915110036731
1768216496359955500,28.43995556640625,-0.0016961672808974981,0.0025329324416816235,-0.0023960459511727095
1768216496369956600,28.44995654296875,-0.002922020386904478,-0.004210191313177347,-0.004351072479039431
1768216496379956500,28.45995654296875,-0.002837864449247718,-0.0018407768802717328,-0.005751362536102533
1768216496389957600,28.46995751953125,-0.00236249016597867,-0.0020940436515957117,-0.004853610880672932
1768216496399957800,28.479957763671877,0.00028868665685877204,-0.0006458165589720011,-0.005019259639084339
1768216496409958700,28.489958740234375,0.0014032195322215557,-0.0017707358347252011,-0.005317001137882471
1768216496419959600,28.49995947265625,0.00032730249222368,-0.00010572749306447804,-0.0038714371621608734
1768216496429959400,28.50995947265625,-0.001005609636195004,0.0024860608391463757,-0.002825880190357566
1768216496439960800,28.5199609375,-0.00039654469583183527,0.0016564861871302128,-0.00048629322554916143
1768216496449960700,28.529960693359374,-0.0010066748363897204,0.0013646037550643086,-0.002270344877615571
1768216496459961600,28.539961669921876,-0.0002996056282427162,0.003939081449061632,-0.003748931922018528
1768216496469961700,28.549961669921874,-0.0021462414879351854,0.0021499700378626585,-0.003465837799012661
1768216496479962600,28.559962646484376,-0.002162486780434847,-0.0002639192680362612,-0.005604089703410864
1768216496489963500,28.569963623046874,0.0008016114588826895,-0.001674595638178289,-0.005139101762324572
1768216496499963600,28.579963623046876,0.0009736517095007002,-0.0002767024270724505,-0.006195311434566975
1768216496509964800,28.58996484375,0.0024897893890738487,0.0012040151050314307,-0.0062584285624325275
1768216496519964700,28.599964599609375,0.0006924218614585698,0.0023180153220891953,-0.007736216764897108
1768216496529965600,28.609965576171874,-0.0017214673571288586,0.005254949443042278,-0.0025363946333527565
1768216496539966500,28.619966552734375,-0.0006402239087037742,0.006875216495245695,-0.000007989483492565341
1768216496549966600,28.629966552734373,-0.0019680759869515896,0.007947937585413456,-0.0013190637109801173
1768216496559967500,28.639967529296875,-0.0015912387752905488,0.005003280472010374,-0.004321777727454901
1768216496569967600,28.649967529296877,-0.0018895127577707171,0.0030834078788757324,-0.004489024169743061
1768216496579968800,28.65996875,-0.000012250540748937055,0.00443895673379302,-0.005691708065569401
1768216496589969700,28.6699697265625,-0.0012000204296782613,0.004539890680462122,-0.004229099955409765
1768216496599969500,28.679969482421875,-0.002204298507422209,0.004790494218468666,-0.0026173547375947237
1768216496609970700,28.689970703125,-0.002305764937773347,0.004711398389190435,-0.0017206683987751603
1768216496619970600,28.699970458984374,-0.0023782027419656515,0.0070435283705592155,-0.0009898969437927008
1768216496629971500,28.709971435546876,-0.0020386497490108013,0.009463543072342873,-0.00018748654110822827
1768216496639972600,28.71997265625,-0.0002788329729810357,0.009542372077703476,-0.001958222361281514
1768216496649972700,28.72997265625,-0.0012389025650918484,0.010939999483525753,-0.0031350732315331697
1768216496659973600,28.7399736328125,-0.0027177559677511454,0.009273925796151161,-0.006564692128449678
1768216496669973500,28.749973388671876,0.001520398654974997,0.013485448434948921,-0.003448793664574623
1768216496679974700,28.759974609375,-0.0017454357584938407,0.006404635962098837,-0.004565190523862839
1768216496689975600,28.7699755859375,-0.0005083974683657289,0.004767591133713722,-0.00990109983831644
1768216496699975400,28.779975341796874,-0.003236539661884308,0.005533249583095312,-0.006864297669380903
1768216496709976600,28.7899765625,0.0000577905957470648,0.0049007488414645195,-0.0028778119012713432
1768216496719976700,28.799976806640625,-0.000859934720210731,0.009373527951538563,0.00036991306114941835
1768216496729977600,28.8099775390625,0.0002716424351092428,0.008527974598109722,0.0014444985426962376
1768216496739978500,28.819978515625,-0.002151301596313715,0.004264785908162594,-0.003665574826300144
1768216496749978600,28.829978515625,-0.0029017801862210035,0.0029414615128189325,-0.007399060297757387
1768216496759979500,28.8399794921875,-0.0014833806781098247,-0.0006327670416794717,-0.008973254822194576
1768216496769979600,28.849979736328127,-0.001603222917765379,0.002046905690804124,-0.008959406055510044
1768216496779980500,28.85998046875,-0.0016492956783622503,0.006482134107500315,-0.007252586539834738
1768216496789981700,28.869981689453127,-0.001115864492021501,0.008607069961726665,-0.008420915342867374
1768216496799981600,28.879981689453125,0.00041811628034338355,0.0079748360440135,-0.0041518681682646275
1768216496809982500,28.889982421875,0.00029348034877330065,0.010545851662755013,-0.0022889869287610054
1768216496819982600,28.899982666015624,0.0003933488915208727,0.004739361349493265,-0.0018128136871382594
1768216496829983700,28.909983642578126,0.00042557314736768603,0.0016136092599481344,-0.0054669370874762535
1768216496839984600,28.919984619140624,0.0008008125587366521,0.0038863508962094784,-0.0037052559200674295
1768216496849984800,28.92998486328125,-0.0010990865994244814,0.006052299868315458,-0.0006146575906313956
1768216496859985700,28.939985595703124,-0.0016277240356430411,0.009865679778158665,-0.0005502090789377689
1768216496869985500,28.949985595703126,-0.0026770094409585,0.009512278251349926,-0.004278634674847126
1768216496879986400,28.959986328125,0.001178448786959052,0.005957491230219603,-0.009181780740618706
1768216496889987600,28.969987548828126,-0.00141041015740484,0.004537493921816349,-0.009954096749424934
1768216496899987700,28.97998779296875,0.0028791434597223997,0.008914931677281857,-0.007284810766577721
1768216496909988600,28.989988525390626,0.002770752878859639,0.0054368432611227036,-0.0008740494376979768
1768216496919988700,28.99998876953125,-0.00014993596414569765,0.003531085327267647,0.003201119601726532
1768216496929989600,29.00998974609375,-0.0031246868893504143,0.0019446401856839657,0.004758536349982023
1768216496939989500,29.019989501953123,-0.004853078629821539,-0.0014024205738678575,0.0005004079430364072
1768216496949990400,29.029990478515625,-0.008304002694785595,-0.003522563260048628,-0.002718821167945862
1768216496959991800,29.03999169921875,-0.006837666034698486,-0.009942378848791122,-0.0065292720682919025
1768216496969991700,29.04999169921875,-0.003290601773187518,-0.006275206338614225,-0.001761148450896144
1768216496979992600,29.05999267578125,0.0009060074225999415,-0.004748416133224964,-0.000036751622246811166
1768216496989992700,29.06999267578125,0.0033388049341738224,-0.0013012205017730594,0.00020106865849811584
1768216496999993600,29.07999365234375,0.00009108010999625549,0.0026911243330687284,-0.0015137407463043928
1768216497009994500,29.089994384765625,-0.0019736685790121555,0.0023731428664177656,-0.004240817856043577
1768216497019994600,29.09999462890625,-0.0024977787397801876,0.0016173376934602857,-0.007162039168179035
1768216497029995800,29.109995849609376,-0.0028538433834910393,-0.000666589243337512,-0.008562595583498478
1768216497039995600,29.11999560546875,-0.0031792817171663046,-0.00077631144085899,-0.00640729907900095
1768216497049996500,29.12999658203125,-0.0028988507110625505,0.0032895365729928017,-0.002523078816011548
1768216497059997400,29.13999755859375,-0.0018245317041873932,0.005306348204612732,0.0002479403046891093
1768216497069997600,29.14999755859375,-0.0007494135061278939,0.00583871454000473,0.0019646140281111
1768216497079998500,29.15999853515625,0.0021113541442900896,0.007140467409044504,0.001213868847116828
1768216497089998600,29.16999853515625,-0.00005805691034765914,0.0032264196779578924,-0.00047643951256759465
1768216497099999700,29.179999755859374,0.000827177835162729,0.0018471685471013188,-0.004938832018524408
1768216497110000600,29.190000732421876,-0.0010394317796453834,0.0038157771341502666,-0.005084240809082985
1768216497120000500,29.20000048828125,0.00044288369826972485,-0.00003009372085216455,-0.0027169568929821253
1768216497130001700,29.210001708984375,-0.000687361869495362,-0.0015795208746567369,-0.0034290861804038286
1768216497140001500,29.22000146484375,-0.00008735168376006186,-0.003594468580558896,-0.007954595610499382
1768216497150002700,29.230002685546875,0.0017856494523584843,-0.0033811493776738644,-0.007719438523054123
1768216497160003600,29.240003662109373,0.0023672839161008596,-0.00148151651956141,-0.0041542649269104
1768216497170003700,29.250003662109375,0.003319896524772048,0.004099137615412474,-0.00043542683124542236
1768216497180004600,29.260004638671877,0.0026730147656053305,0.011512046679854393,0.0036570527590811253
1768216497190004500,29.27000439453125,0.002213353058323264,0.006411027628928423,0.010152236558496952
1768216497200005600,29.280005615234376,-0.0009488842915743589,0.00717562111094594,0.004747883416712284
1768216497210006800,29.2900068359375,-0.0013558153295889497,0.003753725439310074,-0.004030960611999035
1768216497220006700,29.300006591796876,0.00039494677912443876,0.006837133318185806,-0.00914343073964119
1768216497230007600,29.310007568359374,-0.0019944412633776665,0.00646562222391367,-0.008761799894273281
1768216497240007700,29.320007568359376,0.0008524778531864285,0.008982310071587563,-0.006490656174719334
1768216497250008600,29.330008544921874,0.00130920996889472,0.010863034054636955,-0.002222141483798623
1768216497260009500,29.340009521484376,-0.001321194227784872,0.007939682342112064,-0.0013393036788329482
1768216497270009600,29.350009521484374,-0.0010210559703409672,0.000007723167072981596,-0.0016767261549830437
1768216497280010800,29.3600107421875,0.0011664645280689,0.008375908248126507,-0.0024825986474752426
1768216497290010600,29.3700107421875,0.0028967203106731176,0.002612028270959854,-0.0030834078788757324
1768216497300011500,29.380011474609375,0.0023433153983205557,0.010113353841006756,-0.002531867241486907
1768216497310011600,29.39001171875,-0.0007819040911272168,0.009081645868718624,-0.00004394215648062527
1768216497320012500,29.400012451171875,-0.003641073824837804,0.007756723091006279,-0.003002181416377425
1768216497330013400,29.410013427734373,-0.005144428461790085,0.009217733517289162,-0.005874134600162506
1768216497340013600,29.420013671875,-0.005356948357075453,0.006962834391742945,-0.0065260762348771095
1768216497350014700,29.4300146484375,-0.004621915984898806,0.009787649847567081,-0.009836385026574135
1768216497360014300,29.440014404296875,-0.004887166898697615,0.012398879043757915,-0.004417917691171169
1768216497370015500,29.450015380859377,-0.00361737166531384,0.013336578384041786,-0.00558092026039958
1768216497380016600,29.4600166015625,-0.0014090784825384617,0.014257232658565044,-0.002104163635522127
1768216497390016500,29.4700166015625,0.00020985709852539003,0.013196761719882488,-0.0011952266795560718
1768216497400017400,29.480017333984375,0.0028543761000037193,0.01782293990254402,0.0008394283941015601
1768216497410017500,29.490017578125,0.0002263686910737306,0.01065370999276638,0.0003067961661145091
1768216497420018400,29.500018310546874,-0.0026522420812398195,0.007803594693541527,-0.003222158644348383
1768216497430019300,29.510019287109376,-0.0035025894176214933,0.004125769250094891,-0.007023821119219065
1768216497440019500,29.52001953125,-0.004042145796120167,0.005539108533412218,-0.005154548212885857
1768216497450020600,29.5300205078125,-0.005401423200964928,0.005795304663479328,-0.0013797837309539318
1768216497460020500,29.5400205078125,-0.0062246061861515045,0.0016594156622886658,-0.001207743538543582
1768216497470021400,29.550021484375,-0.0010743191232904792,0.006868824828416109,-0.002813895931467414
1768216497480022500,29.5600224609375,-0.0012460930738598108,0.004328702110797167,-0.003272492438554764
1768216497490022400,29.5700224609375,-0.002767024328932166,0.00606348505243659,-0.004131894558668137
1768216497500023300,29.580023193359374,-0.003777960315346718,0.0067993164993822575,-0.002805107505992055
1768216497510023700,29.590023681640623,-0.0028871328104287386,0.007381217088550329,-0.001955559244379401
1768216497520024600,29.600024658203125,-0.007690143771469593,0.0065319351851940155,-0.0014237258583307266
1768216497530025500,29.610025390625,0.0005336974863894284,0.015304920263588428,-0.002080195117741823
1768216497540025600,29.620025634765625,0.001466336427256465,0.014883874915540218,0.0023638217244297266
1768216497550026500,29.630026611328127,-0.0017278589075431228,0.007771636825054884,0.0003230414295103401
1768216497560026400,29.6400263671875,-0.0006548712844960392,0.00532525684684515,-0.0027662254869937897
1768216497570027500,29.650027587890627,-0.004683967679738998,0.002382730133831501,-0.0012567456578835845
1768216497580028400,29.6600283203125,-0.00287461606785655,0.0037766287568956614,-0.004996356554329395
1768216497590028500,29.670028564453126,-0.002067412016913295,0.005250954534858465,-0.006069610361009836
1768216497600029400,29.680029541015625,0.0012783173006027937,0.005547630600631237,-0.00466559175401926
1768216497610029600,29.690029541015626,0.002466087229549885,0.005878661759197712,-0.0023438481148332357
1768216497620030500,29.700030517578124,0.0016176040517166257,0.007545800413936377,-0.002879942301660776
1768216497630031600,29.710031494140626,-0.001478587044402957,0.008496548980474472,-0.005503954831510782
1768216497640031500,29.720031494140624,0.0014682007022202015,0.012867595069110394,-0.005337241105735302
1768216497650032600,29.73003271484375,-0.00020532972121145576,0.01528494618833065,-0.00654578348621726
1768216497660032500,29.740032470703124,-0.0006679208017885685,0.015166969038546085,-0.006472280248999596
1768216497670033400,29.750033447265626,0.00003302319601061754,0.012315521948039532,-0.007063235621899366
1768216497680033500,29.760033447265624,-0.0016415724530816078,0.001401089015416801,-0.006370281334966421
1768216497690034400,29.770034423828125,-0.0019409117521718144,-0.005870938766747713,-0.00452764006331563
1768216497700035600,29.78003564453125,-0.003322559641674161,-0.0031784826423972845,-0.0020458402577787638
1768216497710035500,29.790035400390625,-0.004762797150760889,-0.0025691515766084194,0.0003834952076431364
1768216497720036600,29.80003662109375,-0.004396879114210606,0.0010311759542673826,0.00013688647595699877
1768216497730037500,29.81003759765625,-0.004273840691894293,0.0006327670416794717,-0.0022708773612976074
1768216497740037400,29.820037353515627,-0.0009723200928419828,0.00449727987870574,-0.0009129316313192248
1768216497750038300,29.830038330078125,0.0012271846644580364,0.003722566645592451,-0.002743055811151862
1768216497760038400,29.840038330078126,0.0020503676496446133,0.004309527110308409,-0.004356665071099997
1768216497770039600,29.85003955078125,0.0016668725293129683,0.003775297198444605,-0.008382565341889858
1768216497780039400,29.860039306640626,-0.0007739146240055561,0.005023787263780832,-0.006669620517641306
1768216497790040600,29.87004052734375,-0.003141731023788452,0.004689293913543224,-0.004012051969766617
1768216497800041500,29.88004150390625,-0.006045375484973192,0.004576109815388918,-0.0010745854815468192
1768216497810041300,29.890041259765624,-0.005936452187597752,0.003584881080314517,-0.0008495483780279756
1768216497820042500,29.90004248046875,-0.0018050905782729387,0.00444055488333106,0.0020865867845714092
1768216497830042400,29.91004248046875,-0.002519882982596755,0.005600627511739731,0.0005014732014387846
1768216497840043500,29.92004345703125,0.0009765811264514923,0.005021656397730112,-0.002169144805520773
1768216497850044400,29.93004443359375,-0.00040293627534992993,0.0086616650223732,-0.0028301412239670753
1768216497860044500,29.94004443359375,-0.0017768610268831253,0.005290369503200054,-0.004240551497787237
1768216497870045400,29.95004541015625,-0.0018072210950776935,0.0054701329208910465,-0.002020540414378047
1768216497880045300,29.96004541015625,-0.004315652418881655,0.004021905828267336,-0.004494084510952234
1768216497890046500,29.97004638671875,-0.0010849718237295747,0.006126868538558483,-0.0049614692106842995
1768216497900047600,29.980047607421874,0.0012785836588591337,0.009236108511686325,-0.0037140443455427885
1768216497910047500,29.990047607421875,0.0013667342718690634,0.013204751536250114,0.00009507485083304346
1768216497920048400,30.00004833984375,-0.0001978728687390685,0.008447014726698399,0.0013305152533575892
1768216497930048500,30.010048583984375,-0.0011371697764843702,0.007531153038144112,-0.004609399009495974
1768216497940049400,30.02004931640625,-0.00042530681821517646,-0.00044661210267804563,-0.007018494885414839
1768216497950050600,30.030050537109375,-0.0018109495285898447,-0.002160090021789074,-0.008893094025552273
1768216497960050700,30.04005078125,0.0004010720585938543,0.0004346278728917241,-0.009076319634914398
1768216497970051600,30.050051513671875,0.00008362325752386823,0.004662395920604467,-0.0070706927217543125
1768216497980051500,30.060051513671876,0.00006205165118444711,0.010015083476901054,-0.004292749334126711
1768216497990052400,30.07005224609375,0.0002932140196207911,0.011116034351289272,-0.0026256104465574026
1768216498000053500,30.080053466796876,-0.0010482202051207423,0.007605188991874456,-0.004202468320727348
1768216498010053400,30.090053466796874,-0.003156644757837057,0.005175587255507708,-0.008361526764929295
1768216498020054500,30.100054443359376,-0.006216616835445166,0.0032320122700184584,-0.00996448379009962
1768216498030054700,30.1100546875,-0.006374542135745287,0.003097256412729621,-0.011745605617761612
1768216498040055600,30.1200556640625,-0.004582501482218504,0.007407050114125013,-0.012564794160425663
1768216498050055400,30.130055419921874,-0.0028450549580156803,0.011745871976017952,-0.00977300200611353
1768216498060056300,30.140056396484376,0.0007709851488471031,0.011419900692999363,-0.006047239992767572
1768216498070057500,30.150057373046874,0.0014916365034878254,0.011984490789473057,-0.0019062906503677368
1768216498080057300,30.160057373046875,0.00010412959818495438,0.007796137593686581,0.00039760995423421264
1768216498090058500,30.17005859375,-0.0017355820164084435,0.00888084340840578,-0.003459712490439415
1768216498100059400,30.180059326171875,-0.0023257385473698378,0.005784918554127216,-0.007216633763164282
1768216498110059500,30.1900595703125,-0.00344506511464715,0.004954278469085693,-0.008645153604447842
1768216498120060400,30.200060302734375,-0.001927862293086946,0.008841960690915585,-0.007934888824820518
1768216498130060500,30.210060546875,-0.0032088428270071745,0.00851625669747591,-0.004563326481729746
1768216498140061400,30.2200615234375,-0.0013709953054785728,0.008423312567174435,-0.002302302746102214
1768216498150061300,30.230061279296876,-0.0007776430575177073,0.013220463879406452,-0.00019920444174204022
1768216498160062500,30.2400625,0.0017504957504570484,0.01846795715391636,-0.0009182579233311117
1768216498170063600,30.250063720703125,0.004081028047949076,0.02285684645175934,-0.0015989618841558695
1768216498180063500,30.2600634765625,0.0027656927704811096,0.020968930795788765,-0.005088502075523138
1768216498190064400,30.270064453125,0.0008884305134415627,0.01546204648911953,-0.004850149154663086
1768216498200064500,30.280064453125,-0.0007696535321883857,0.011002317070960999,-0.002770752878859639
1768216498210065400,30.2900654296875,-0.003753725439310074,0.007208644412457943,-0.003882089862599969
1768216498220066600,30.300066650390626,-0.0015808524331077933,0.00794154591858387,-0.006491721607744694
1768216498230066400,30.31006640625,-0.0021824603900313377,0.008300806395709515,-0.007386277429759502
1768216498240067600,30.320067626953126,-0.0015052186790853739,0.010646252892911434,-0.007161772809922695
1768216498250067500,30.3300673828125,-0.0013283847365528345,0.01139779668301344,-0.0073231603018939495
1768216498260068400,30.340068359375,0.0023094932548701763,0.013825533911585808,-0.005215800832957029
1768216498270069200,30.3500693359375,0.002645051572471857,0.01998462714254856,-0.000046072687837295234
1768216498280069600,30.360069580078125,0.004376106429845095,0.011330951005220413,-0.0010700580896809697
1768216498290070500,30.370070556640623,0.00509808911010623,0.005287173669785261,-0.003406981937587261
1768216498300070400,30.3800703125,0.002835201332345605,0.002019474981352687,-0.005555886775255203
1768216498310071600,30.390071533203123,-0.0012362393317744136,0.0017060210229828954,-0.008470715954899788
1768216498320072400,30.400072509765625,-0.004697815980762243,0.0008532768115401268,-0.008990032598376274
1768216498330072300,30.410072265625,-0.005440838169306517,0.002766757970675826,-0.007670969236642122
1768216498340073500,30.420073486328125,-0.003165433183312416,0.008213721215724945,-0.00720518222078681
1768216498350073600,30.430073486328126,-0.0034200313966721296,0.009464874863624573,-0.009150355122983456
1768216498360074000,30.440073974609376,-0.0005368932615965605,0.012540825642645359,-0.008548746816813946
1768216498370075000,30.450074951171874,0.0027049726340919733,0.013587447814643383,-0.0023401195649057627
1768216498380075000,30.460074951171876,0.003491936717182398,0.011126420460641384,-0.0012277172645553946
1768216498390076000,30.470075927734374,0.0011864382540807128,0.004765460267663002,-0.0033622407354414463
1768216498400076000,30.480075927734376,0.0020354539155960083,0.00478436890989542,-0.003728425595909357
1768216498410077200,30.4900771484375,0.0002402171230642125,0.003082609036937356,-0.0033715618774294853
1768216498420078000,30.500078125,-0.0015456987312063575,0.004520183429121971,-0.005583849735558033
1768216498430078000,30.510077880859374,-0.0013430321123450994,0.008134359493851662,-0.00881852488964796
1768216498440078800,30.520078857421876,0.00041092574247159064,0.009496832266449928,-0.011382617056369781
1768216498450079000,30.530078857421874,-0.00046072687837295234,0.007468036375939846,-0.010072873905301094
1768216498460079900,30.540079833984375,-0.001820270554162562,0.0039009982720017433,-0.010483266785740852
1768216498470081000,30.5500810546875,-0.0023062974214553833,0.0021198762115091085,-0.005756955128163099
1768216498480081200,30.5600810546875,-0.0025486452504992485,0.0021827267482876778,0.001999235013499856
1768216498490082000,30.57008203125,-0.001603755634278059,-0.0012895026011392474,0.003615241264924407
1768216498500082000,30.58008203125,-0.0035752938129007816,-0.0008543420699425042,0.0019124159589409828
1768216498510083000,30.5900830078125,-0.003442668356001377,-0.0015598133904859424,0.00042211104300804436
1768216498520083000,30.6000830078125,-0.004161987919360399,-0.0023190807551145554,-0.0009209210984408855
1768216498530083800,30.610083740234376,-0.0033902039285749197,-0.00079735042527318,-0.004344947170466185
1768216498540085000,30.6200849609375,-0.003451456781476736,-0.000702009245287627,-0.003245860803872347
1768216498550085000,30.630085205078124,-0.0008753810543566942,-0.0001179780374513939,-0.005654157139360905
1768216498560086000,30.6400859375,-0.0033334787003695965,0.0007816377910785377,-0.009394832886755466
1768216498570086000,30.6500859375,-0.0062855929136276245,-0.0016844493802636862,-0.010316819883883
1768216498580087000,30.660087158203126,-0.006162554491311312,0.0006644586683250964,-0.010658503510057926
1768216498590088000,30.670087890625,-0.003972371108829975,0.0018945727497339249,-0.008015848696231842
1768216498600087800,30.680087890625,-0.0056829191744327545,-0.0007728493656031787,-0.004734567832201719
1768216498610089000,30.6900888671875,-0.005520999431610107,-0.0005856291390955448,0.0012538161827251315
1768216498620089000,30.700089111328126,-0.004159591160714626,0.001118793967179954,0.002492984989657998
1768216498630090000,30.710090087890624,-0.0012942962348461151,0.002641589380800724,0.004207528196275234
1768216498640091000,30.7200908203125,-0.002138784620910883,0.0016996293561533093,-0.0007209177128970623
1768216498650091000,30.730091064453124,-0.0035830168053507805,0.0001901497016660869,-0.000401604687795043
1768216498660092000,30.740091796875,-0.003968908917158842,-0.001976331928744912,-0.005019525997340679
1768216498670091800,30.750091796875,-0.0033214944414794445,-0.0029547770973294973,-0.0059897154569625854
1768216498680093000,30.760093017578125,-0.003156644757837057,-0.0035119105596095324,-0.005107942968606949
1768216498690094000,30.770093994140623,-0.0014298511669039726,-0.0018764632986858487,-0.0031646343413740396
1768216498700094000,30.780093994140625,-0.004323908127844334,0.0032839439809322357,-0.0019241338595747948
1768216498710094800,30.7900947265625,-0.001826395862735808,0.005276787560433149,-0.0038754320703446865
1768216498720095000,30.800094970703125,-0.0037438718136399984,0.008171110413968563,-0.00803022924810648
1768216498730095900,30.810095947265626,-0.0031886028591543436,0.0044109937734901905,-0.006039516534656286
1768216498740097000,30.820096923828125,-0.0023401195649057627,0.0020277309231460094,-0.006912766955792904
1768216498750097200,30.83009716796875,-0.0006468818173743784,0.007559382822364569,-0.0036397422663867474
1768216498760098000,30.84009814453125,-0.0015899071004241705,0.010638795793056488,-0.0017603494925424457
1768216498770098000,30.850097900390626,-0.00407383730635047,0.010586065240204334,-0.0011163970921188593
1768216498780098800,30.860098876953124,-0.006299973931163549,0.009889381937682629,-0.006338323466479778
1768216498790100000,30.870099853515626,-0.005041630007326603,0.007454187609255314,-0.0070400661788880825
1768216498800100000,30.88010009765625,-0.003471164032816887,0.0003384877636563033,-0.006083192303776741
1768216498810101000,30.89010107421875,-0.0041247038170695305,-0.0031851406674832106,-0.006666691042482853
1768216498820101000,30.90010107421875,-0.0003962783666793257,-0.0011438276851549745,-0.006977215874940157
1768216498830102000,30.91010205078125,0.0009624664089642465,0.004731105640530586,-0.00350392097607255
1768216498840102000,30.920101806640623,0.00205276464112103,0.007444866932928562,-0.0015398397808894515
1768216498850102800,30.930102783203125,0.0016042882343754172,0.006785201840102673,-0.003236539661884308
1768216498860104200,30.940104248046875,0.00011584750609472394,0.007248857989907265,-0.0019979034550487995
1768216498870104000,30.95010400390625,-0.0020415792241692543,0.0033153691329061985,-0.003922037314623594
1768216498880105000,30.96010498046875,-0.0019502328941598535,0.003826696192845702,-0.007699997629970312
1768216498890105000,30.97010498046875,-0.004522313829511404,0.004801945760846138,-0.008687764406204224
1768216498900106000,30.98010595703125,-0.007020358927547932,0.00771784083917737,-0.00689119566231966
1768216498910107000,30.99010693359375,-0.004465055651962757,0.011570103466510773,-0.007789480034261942
1768216498920107000,31.00010693359375,-0.004037884995341301,0.012831642292439938,-0.002043709857389331
1768216498930108200,31.010108154296876,-0.0018437063554301858,0.010906443931162357,0.0001233043585671112
1768216498940108000,31.02010791015625,-0.0006617955514229834,0.00743288267403841,0.002151035238057375
1768216498950109000,31.03010888671875,-0.0016098808264359832,0.0057497648522257805,0.0007896272582001984
1768216498960109800,31.04010986328125,-0.0032983249984681606,0.004596349783241749,0.0020357202738523483
1768216498970110000,31.05010986328125,-0.006072273477911949,0.007258711848407984,-0.004024036228656769
1768216498980110800,31.06011083984375,-0.005215002223849297,0.01119433157145977,-0.0033712955191731453
1768216498990111000,31.070111083984376,-0.0035401401109993458,0.004531901329755783,-0.004748416133224964
1768216499000112000,31.080112060546874,-0.0021941782906651497,0.0001704423048067838,-0.007754325866699219
1768216499010113000,31.090113037109376,-0.0024719461798667908,-0.0006130596739239991,-0.008613994345068932
1768216499020113000,31.10011279296875,-0.0005494101205840707,0.00010679275874281302,-0.006848584860563278
1768216499030114000,31.110114013671875,-0.0021901836153119802,0.002909503411501646,-0.007006244268268347
1768216499040114000,31.120114013671873,-0.004595817066729069,0.005272792652249336,-0.005730856209993362
1768216499050114800,31.13011474609375,-0.004549744538962841,0.008261658251285553,-0.0034495925065129995
1768216499060116000,31.140115966796873,-0.005579322576522827,0.004653341136872768,-0.004348409362137318
1768216499070116000,31.1501162109375,-0.009828396141529083,-0.005780657287687063,-0.006668821442872286
1768216499080117000,31.160116943359377,-0.005476790945976973,0.004486361052840948,-0.005571066867560148
1768216499090116900,31.170116943359375,-0.002549710450693965,0.0033691651187837124,0.001333178486675024
1768216499100118000,31.180117919921877,-0.0012066783383488655,0.005327919963747263,0.005762547720223665
1768216499110119000,31.190118896484375,-0.002175003755837679,0.0027047062758356333,-0.0012719257501885295
1768216499120119000,31.200119140625,-0.0008021441171877086,-0.0010839065071195364,-0.006469617132097483
1768216499130120000,31.210119873046875,-0.0030983216129243374,-0.004818190820515156,-0.010599914006888866
1768216499140120000,31.2201201171875,-0.0030426615849137306,-0.00788721814751625,-0.009781258180737495
1768216499150121000,31.230120849609374,-0.002981142606586218,-0.007438208907842636,-0.007291202433407307
1768216499160121900,31.240121826171876,-0.004211256746202707,-0.0076882797293365,-0.0018959043081849813
1768216499170122000,31.2501220703125,-0.009546900168061256,-0.01552543044090271,0.00498117646202445
1768216499180123100,31.260123046875,-0.0032083101104944944,-0.009709086269140244,-0.007255782373249531
1768216499190123000,31.270123046875,-0.0032916669733822346,-0.007643005810678005,-0.005766276270151138
1768216499200124000,31.2801240234375,-0.004763862583786249,-0.002779274946078658,-0.010732805356383324
1768216499210124000,31.2901240234375,-0.005058408249169588,0.001437308033928275,-0.00487118773162365
1768216499220125000,31.300125,-0.007533017545938492,0.002671416848897934,-0.002243979601189494
1768216499230125800,31.310125732421874,-0.005229915492236614,0.0009422263829037547,0.0029521139804273844
1768216499240126000,31.3201259765625,-0.009280583821237087,-0.007131146267056465,0.0031880701426416636
1768216499250127000,31.330127197265625,-0.010896589607000351,-0.02063710056245327,0.03160985931754112
1768216499260127000,31.340126953125,-0.01841655746102333,-0.017348630353808403,-0.0073292856104671955
1768216499270128000,31.350128173828125,-0.013071593828499317,-0.020844828337430954,0.0035603800788521767
1768216499280129000,31.36012890625,-0.01341833733022213,-0.013798636384308338,-0.0002287655370309949
1768216499290129000,31.37012890625,-0.009429454803466797,-0.017043165862560272,-0.0004223773430567235
1768216499300129800,31.3801298828125,-0.007160174660384655,-0.015471368096768856,-0.005617672111839056
1768216499310130000,31.3901298828125,-0.007877097465097904,-0.015587215311825275,-0.009579123929142952
1768216499320131000,31.400131103515626,-0.0085466168820858,-0.017656225711107254,-0.01131071150302887
1768216499330132000,31.410132080078125,-0.007610248867422342,-0.014376808889210224,-0.019347865134477615
1768216499340132000,31.420132080078126,-0.004190750420093536,-0.01107235811650753,-0.024472586810588837
1768216499350133000,31.430133056640624,-0.0034991272259503603,-0.002665291540324688,-0.02243979461491108
1768216499360133000,31.440133056640626,-0.00038509309524670243,-0.004175570327788591,-0.019508985802531242
1768216499370134000,31.450134033203124,-0.0013523531379178166,-0.00013022858183830976,-0.007706655655056238
1768216499380135200,31.46013525390625,-0.0027483822777867317,-0.0086014773696661,0.020384633913636208
