time,seconds_elapsed,z,y,x
1768416580594849500,0.055849609375,-0.005833241622895002,-0.0038254365790635347,-0.010730214416980743
1768416580604850400,0.065850341796875,-0.004486076533794403,-0.00004522339440882206,-0.01437503844499588
1768416580614852400,0.075852294921875,-0.003270076820626855,0.0068283951841294765,-0.01756896637380123
1768416580624853500,0.085853515625,-0.006360748782753944,0.010226882994174957,-0.025969989597797394
1768416580634854700,0.095854736328125,-0.006224395241588354,0.011339019052684307,-0.026564139872789383
1768416580644856600,0.105856689453125,-0.006336381658911705,0.014026402495801449,-0.02286609821021557
1768416580654857700,0.115857666015625,-0.004660454578697681,0.016621120274066925,-0.01895790919661522
1768416580664858600,0.125858642578125,-0.0040065087378025055,0.02209421619772911,-0.017554618418216705
1768416580674859500,0.135859619140625,-0.003554038004949689,0.027073262259364128,-0.02353794313967228
1768416580684861400,0.145861328125,-0.006067733280360699,0.033649444580078125,-0.03083905577659607
1768416580694862600,0.155862548828125,-0.010853700339794159,0.035455603152513504,-0.030887261033058167
1768416580704863500,0.165863525390625,-0.011708242818713188,0.04051489010453224,-0.024550769478082657
1768416580714865400,0.175865478515625,-0.011818232014775276,0.04764363914728165,-0.02048571966588497
1768416580724866600,0.185866455078125,-0.008389809168875217,0.05312275141477585,-0.0241013802587986
1768416580734867500,0.195867431640625,-0.006939983926713467,0.06192369759082794,-0.035450439900159836
1768416580744869400,0.205869384765625,-0.0029720033053308725,0.0678122267127037,-0.045926760882139206
1768416580754870500,0.21587060546875,0.0007630801992490888,0.07771066576242447,-0.053135138005018234
1768416580764871700,0.22587158203125,0.0057013798505067825,0.08877210319042206,-0.06920625269412994
1768416580774872600,0.23587255859375,0.008400759659707546,0.09783057868480682,-0.0915142148733139
1768416580784874500,0.24587451171875,0.008085038512945175,0.109178826212883,-0.11665261536836624
1768416580794875600,0.255875732421875,0.008879193104803562,0.12046504020690918,-0.1346782147884369
1768416580804876500,0.26587646484375,0.010498592630028725,0.12782542407512665,-0.15391609072685242
1768416580814878500,0.27587841796875,0.010623760521411896,0.13900645077228546,-0.173000305891037
1768416580824879400,0.28587939453125,0.0049771275371313095,0.1356469690799713,-0.2003152072429657
1768416580834880500,0.295880615234375,-0.0055008139461278915,0.124848373234272,-0.2248503863811493
1768416580844882400,0.30588232421875,-0.014458552934229374,0.11231785267591476,-0.24409310519695282
1768416580854883300,0.31588330078125,-0.026769815012812614,0.09885583817958832,-0.2569199502468109
1768416580864884700,0.325884765625,-0.03343211114406586,0.08814188092947006,-0.2707083225250244
1768416580874885600,0.3358857421875,-0.046717822551727295,0.07934146374464035,-0.2822192907333374
1768416580884887600,0.345887451171875,-0.05877049267292023,0.06201216205954552,-0.29132193326950073
1768416580894888700,0.355888671875,-0.06963032484054565,0.04866227135062218,-0.2910151183605194
1768416580904889600,0.3658896484375,-0.07663976401090622,0.02955617755651474,-0.2854534685611725
1768416580914891500,0.3758916015625,-0.08355412632226944,0.021713169291615486,-0.28350403904914856
1768416580924892400,0.385892333984375,-0.08941208571195602,0.008850572630763054,-0.29277104139328003
1768416580934893600,0.3958935546875,-0.09053061902523041,-0.004545660223811865,-0.30226919054985046
1768416580944895500,0.4058955078125,-0.08902772516012192,-0.009989256039261818,-0.30008625984191895
1768416580954896400,0.415896484375,-0.08039109408855438,-0.010380741208791733,-0.28580933809280396
1768416580964897500,0.4258974609375,-0.07957830280065536,-0.009896489791572094,-0.2618210017681122
1768416580974899500,0.4358994140625,-0.08936755359172821,-0.005332896485924721,-0.234958216547966
1768416580984900400,0.445900390625,-0.10165337473154068,-0.003347676480188966,-0.2083708792924881
1768416580994901500,0.455901611328125,-0.11233105510473251,-0.0005758584011346102,-0.18714548647403717
1768416581004902700,0.465902587890625,-0.1295740306377411,0.0070416308008134365,-0.16628603637218475
1768416581014904600,0.475904541015625,-0.14001069962978363,0.0017541912384331226,-0.13944244384765625
1768416581024905500,0.485905517578125,-0.1484479010105133,-0.00310041313059628,-0.11875978857278824
1768416581034906600,0.49590673828125,-0.15813381969928741,-0.016552040353417397,-0.10213154554367065
1768416581044908500,0.505908447265625,-0.16534240543842316,-0.031708892434835434,-0.09757475554943085
1768416581054909400,0.515909423828125,-0.18521490693092346,-0.03595556691288948,-0.07941066473722458
1768416581064910300,0.525910400390625,-0.2078620344400406,-0.045755259692668915,-0.038320329040288925
1768416581074912500,0.53591259765625,-0.22233179211616516,-0.05582147464156151,0.028544453904032707
1768416581084913400,0.545913330078125,-0.23886442184448242,-0.06625083088874817,0.09041523188352585
1768416581094914600,0.55591455078125,-0.24747708439826965,-0.09676826000213623,0.14493119716644287
1768416581104915700,0.565915771484375,-0.25217875838279724,-0.12177171558141708,0.2055749148130417
1768416581114917600,0.575917724609375,-0.2441892921924591,-0.13393224775791168,0.24254944920539856
1768416581124918500,0.58591845703125,-0.2288854420185089,-0.13437876105308533,0.23300804197788239
1768416581134919700,0.595919677734375,-0.21878619492053986,-0.1228262409567833,0.19079534709453583
1768416581144921600,0.605921630859375,-0.2041378766298294,-0.10165900737047195,0.1462670862674713
1768416581154922500,0.615922607421875,-0.19245006144046783,-0.06704883277416229,0.11873772740364075
1768416581164923400,0.62592333984375,-0.1864972859621048,-0.023298094049096107,0.10322746634483337
1768416581174925600,0.635925537109375,-0.18855591118335724,0.03427811712026596,0.10864140838384628
1768416581184926500,0.645926513671875,-0.18441815674304962,0.10788998007774353,0.13823489844799042
1768416581194927400,0.65592724609375,-0.1791863739490509,0.17747624218463898,0.17679613828659058
1768416581204928500,0.665928466796875,-0.17789261043071747,0.23226776719093323,0.21265462040901184
1768416581214930400,0.675930419921875,-0.17762790620326996,0.26976877450942993,0.248284250497818
1768416581224931600,0.685931640625,-0.18404319882392883,0.2926253080368042,0.2797490656375885
1768416581234932500,0.695932373046875,-0.19132907688617706,0.3084404766559601,0.29641830921173096
1768416581244934700,0.7059345703125,-0.18914441764354706,0.31660163402557373,0.2944363057613373
1768416581254935600,0.715935546875,-0.16628144681453705,0.32199373841285706,0.26861855387687683
1768416581264936400,0.7259365234375,-0.13314665853977203,0.3309764564037323,0.23336584866046906
1768416581274938600,0.735938720703125,-0.09510046988725662,0.33819711208343506,0.21187786757946014
1768416581284939500,0.745939453125,-0.05700987949967384,0.3337988555431366,0.21042867004871368
1768416581294940400,0.7559404296875,-0.01684967428445816,0.3324510455131531,0.2197028547525406
1768416581304943600,0.765943603515625,0.024004079401493073,0.326122522354126,0.22434504330158234
1768416581314944500,0.775944580078125,0.05947498977184296,0.3203285336494446,0.21290276944637299
1768416581324945400,0.7859453125,0.07952413707971573,0.30391621589660645,0.1783229112625122
1768416581334946600,0.795946533203125,0.0944298505783081,0.2815246284008026,0.12740086019039154
1768416581344948500,0.805948486328125,0.11116095632314682,0.26093238592147827,0.07711656391620636
1768416581354949400,0.815949462890625,0.13206863403320312,0.2444698065519333,0.02848351001739502
1768416581364950800,0.82595068359375,0.1526767760515213,0.23541288077831268,-0.012117145583033562
1768416581374952400,0.835952392578125,0.17047972977161407,0.23329193890094757,-0.04275042191147804
1768416581384953600,0.84595361328125,0.18385612964630127,0.23563359677791595,-0.06207096576690674
1768416581394954800,0.855954833984375,0.19437934458255768,0.24263104796409607,-0.08466096967458725
1768416581404956700,0.865956787109375,0.20406226813793182,0.2583451271057129,-0.09655378758907318
1768416581414957600,0.87595751953125,0.213652566075325,0.28052207827568054,-0.10020657628774643
1768416581424958500,0.88595849609375,0.2248811274766922,0.3156268000602722,-0.10766633599996567
1768416581434960600,0.895960693359375,0.23375771939754486,0.36240440607070923,-0.13226941227912903
1768416581444961500,0.90596142578125,0.24318043887615204,0.4106405973434448,-0.17098218202590942
1768416581454962400,0.91596240234375,0.2491733580827713,0.46351632475852966,-0.21609240770339966
1768416581464963600,0.925963623046875,0.25384819507598877,0.5156648755073547,-0.24715666472911835
1768416581474965500,0.935965576171875,0.2639346420764923,0.5681107640266418,-0.25944286584854126
1768416581484966400,0.94596630859375,0.2536611258983612,0.6161711812019348,-0.2523026168346405
1768416581494967600,0.955967529296875,0.22289308905601501,0.6565843820571899,-0.22559617459774017
1768416581504969500,0.965969482421875,0.20104217529296875,0.6948262453079224,-0.20226924121379852
1768416581514970600,0.975970703125,0.19127289950847626,0.7413063645362854,-0.17230229079723358
1768416581524971500,0.985971435546875,0.16730991005897522,0.7481626272201538,-0.12979000806808472
1768416581534973700,0.9959736328125,0.09630125761032104,0.6968117952346802,-0.06392709910869598
1768416581544974600,1.005974609375,0.0004219922120682895,0.6091845631599426,0.017559967935085297
1768416581554975500,1.0159755859375,-0.08931615203619003,0.5161416530609131,0.07917646318674088
1768416581564976400,1.025976318359375,-0.12761500477790833,0.4531569480895996,0.09983357042074203
1768416581574978600,1.035978515625,-0.10360581427812576,0.43652763962745667,0.07699776440858841
1768416581584979500,1.0459794921875,-0.04341084510087967,0.4465778172016144,0.03490679711103439
1768416581594980400,1.05598046875,0.028505954891443253,0.4688279926776886,0.009175869636237621
1768416581604982500,1.065982421875,0.10661101341247559,0.5057885646820068,0.02548513561487198
1768416581614983700,1.075983642578125,0.18916288018226624,0.558002233505249,0.06396328657865524
1768416581624984600,1.085984619140625,0.2526722848415375,0.6235638856887817,0.08923567831516266
1768416581634986800,1.09598681640625,0.29040154814720154,0.7043724656105042,0.07792496681213379
1768416581644987600,1.105987548828125,0.30972251296043396,0.7824518084526062,0.044797059148550034
1768416581654988500,1.115988525390625,0.30744338035583496,0.8379259705543518,-0.0006892005912959576
1768416581664990700,1.12599072265625,0.2914678752422333,0.867083728313446,-0.03877440094947815
1768416581674991600,1.13599169921875,0.2605877220630646,0.8739994168281555,-0.06170368194580078
1768416581684992500,1.145992431640625,0.21419978141784668,0.8571649193763733,-0.05715737119317055
1768416581694993400,1.155993408203125,0.1597791463136673,0.8210532665252686,-0.018518628552556038
1768416581704995600,1.16599560546875,0.11345360428094864,0.769352376461029,0.03479938581585884
1768416581714996500,1.17599658203125,0.0890212282538414,0.7174830436706543,0.07781343162059784
1768416581724997600,1.18599755859375,0.08310361951589584,0.6661771535873413,0.10377393662929535
1768416581734999600,1.19599951171875,0.09646310657262802,0.617394745349884,0.1290055215358734
1768416581745000700,1.206000732421875,0.11227995157241821,0.5792089104652405,0.15939080715179443
1768416581755001600,1.216001708984375,0.12009526789188385,0.5451521277427673,0.18412332236766815
1768416581765003800,1.226003662109375,0.11210177838802338,0.5166609883308411,0.1928955465555191
1768416581775004700,1.236004638671875,0.09808343648910522,0.4927077293395996,0.19415949285030365
1768416581785005600,1.246005615234375,0.07692881673574448,0.46400946378707886,0.1969912350177765
1768416581795007500,1.256007568359375,0.060001496225595474,0.44045940041542053,0.18612048029899597
1768416581805008600,1.266008544921875,0.047437310218811035,0.3965717852115631,0.1525583267211914
1768416581815009500,1.276009521484375,0.029841534793376923,0.3377830386161804,0.12075673043727875
1768416581825010400,1.286010498046875,0.009566751308739185,0.2736717760562897,0.1030425950884819
1768416581835012600,1.2960126953125,-0.005082232411950827,0.22026313841342926,0.09857247769832611
1768416581845013500,1.306013427734375,-0.012950075790286064,0.17103934288024902,0.09224775433540344
1768416581855014700,1.3160146484375,-0.014867551624774933,0.11619340628385544,0.08270671218633652
1768416581865016600,1.3260166015625,-0.017953690141439438,0.0552663654088974,0.07988541573286057
1768416581875017700,1.336017822265625,-0.009431039914488792,0.022469807416200638,0.09774377197027206
1768416581885018600,1.3460185546875,0.003922651521861553,0.03546445071697235,0.11954724788665771
1768416581895020500,1.3560205078125,0.012338773347437382,0.08269481360912323,0.12007268518209457
1768416581905021700,1.366021728515625,0.014137402176856995,0.14103810489177704,0.10875456780195236
1768416581915022600,1.376022705078125,0.005032853689044714,0.1863986700773239,0.10308948904275894
1768416581925024500,1.3860244140625,-0.016232619062066078,0.21543261408805847,0.09268512576818466
1768416581935025400,1.396025390625,-0.03044031746685505,0.24643313884735107,0.09162598848342896
1768416581945026600,1.406026611328125,-0.046620555222034454,0.2737804055213928,0.10287618637084961
1768416581955027500,1.41602734375,-0.07237891107797623,0.289050430059433,0.1337483525276184
1768416581965029400,1.426029296875,-0.10495782643556595,0.2870481014251709,0.1801449954509735
1768416581975030800,1.43603076171875,-0.12720613181591034,0.28141817450523376,0.228506401181221
1768416581985031700,1.44603173828125,-0.158011794090271,0.26178160309791565,0.26544588804244995
1768416581995033600,1.45603369140625,-0.1892501413822174,0.23198670148849487,0.2931928038597107
1768416582005034500,1.466034423828125,-0.2040281444787979,0.210758239030838,0.3186952471733093
1768416582015035600,1.47603564453125,-0.21947474777698517,0.17285853624343872,0.33779171109199524
1768416582025037600,1.48603759765625,-0.22202380001544952,0.12641207873821259,0.3887917697429657
1768416582035038500,1.49603857421875,-0.17618361115455627,0.0800246074795723,0.5010538697242737
1768416582045039600,1.50603955078125,-0.16368824243545532,-0.02853192761540413,0.6245602965354919
1768416582055041500,1.51604150390625,-0.14889121055603027,-0.07332762330770493,0.7285154461860657
1768416582065042400,1.52604248046875,-0.094763845205307,-0.007418423891067505,0.7755810618400574
1768416582075043600,1.536043701171875,-0.02475174143910408,0.11873285472393036,0.672283411026001
1768416582085044700,1.546044677734375,0.04441102221608162,0.20824091136455536,0.40749529004096985
1768416582095046400,1.55604638671875,0.0859491378068924,0.23062478005886078,0.12527133524417877
1768416582105047600,1.566047607421875,0.10998916625976562,0.2335948497056961,-0.012774577364325523
1768416582115048700,1.576048583984375,0.13272777199745178,0.20392216742038727,-0.015046253800392151
1768416582125050600,1.586050537109375,0.15341833233833313,0.15386629104614258,0.047165241092443466
1768416582135051500,1.596051513671875,0.17372466623783112,0.09166550636291504,0.1208631619811058
1768416582145052700,1.606052734375,0.1683560013771057,0.02358262985944748,0.18734773993492126
1768416582155054600,1.6160546875,0.15054984390735626,-0.04031645879149437,0.2365986406803131
1768416582165055500,1.626055419921875,0.13049836456775665,-0.08155752718448639,0.2654813826084137
1768416582175056400,1.636056396484375,0.10544201731681824,-0.10151845216751099,0.2838236391544342
1768416582185057500,1.6460576171875,0.07616942375898361,-0.09679014980792999,0.284736692905426
1768416582195059500,1.6560595703125,0.03915121406316757,-0.05878550559282303,0.26490065455436707
1768416582205060600,1.666060546875,-0.000282814959064126,-0.015869637951254845,0.23005805909633636
1768416582215061800,1.676061767578125,-0.0334162674844265,0.023606931790709496,0.18645811080932617
1768416582225063700,1.686063720703125,-0.05557149648666382,0.06167864799499512,0.14363548159599304
1768416582235064600,1.696064697265625,-0.05439384654164314,0.08748574554920197,0.11113879084587097
1768416582245065500,1.7060654296875,-0.03007999248802662,0.11453069746494293,0.08565744012594223
1768416582255067600,1.716067626953125,0.009812560863792896,0.13716118037700653,0.05833527073264122
1768416582265068500,1.726068603515625,0.05440054088830948,0.16137653589248657,0.026044489815831184
1768416582275069400,1.7360693359375,0.06396661698818207,0.16601549088954926,-0.0011956528760492802
1768416582285071600,1.746071533203125,0.059670932590961456,0.1481017768383026,-0.004715199116617441
1768416582295072500,1.756072509765625,0.053583744913339615,0.14621758460998535,0.026208627969026566
1768416582305073000,1.766072998046875,0.04504198953509331,0.1175994798541069,0.050308406352996826
1768416582315074000,1.776073974609375,0.014516572467982769,0.07774580270051956,0.05487998574972153
1768416582325076000,1.786075927734375,-0.009370718151330948,0.0352758914232254,0.035349395126104355
1768416582335076900,1.796076904296875,-0.03743830695748329,-0.00034575024619698524,0.0010380272287875414
1768416582345078000,1.806078125,-0.05130990967154503,-0.022477351129055023,-0.03082922101020813
1768416582355080000,1.816079833984375,-0.06605370342731476,-0.03278990834951401,-0.05232945457100868
1768416582365080800,1.826080810546875,-0.06373116374015808,-0.032314401119947433,-0.05948936566710472
1768416582375082000,1.83608203125,-0.057561688125133514,-0.027826976031064987,-0.0702461376786232
1768416582385084000,1.846083984375,-0.03870490565896034,-0.01759147085249424,-0.08102626353502274
1768416582395084800,1.856084716796875,-0.025104939937591553,-0.0016439303290098906,-0.09588216990232468
1768416582405085700,1.866085693359375,-0.018232256174087524,0.004854215774685144,-0.10889405012130737
1768416582415087900,1.876087890625,-0.020657064393162727,-0.002372804330661893,-0.11515434086322784
1768416582425088800,1.8860888671875,-0.027390131726861,-0.02069767564535141,-0.12120342254638672
1768416582435090000,1.89608984375,-0.03570345416665077,-0.04676656424999237,-0.1324203908443451
1768416582445091000,1.906091064453125,-0.0372026152908802,-0.06397570669651031,-0.1386204957962036
1768416582455093000,1.916093017578125,-0.039201319217681885,-0.1001502200961113,-0.15290755033493042
1768416582465094000,1.926093994140625,-0.037869807332754135,-0.12184347957372665,-0.1518508344888687
1768416582475094800,1.9360947265625,-0.04416205734014511,-0.14339403808116913,-0.13923731446266174
1768416582485097000,1.946096923828125,-0.04790259897708893,-0.1557338535785675,-0.12449949979782104
1768416582495097900,1.956097900390625,-0.043673232197761536,-0.1594598889350891,-0.11343646049499512
1768416582505098800,1.9660986328125,-0.04118051379919052,-0.16082879900932312,-0.11414308100938797
1768416582515101000,1.976100830078125,-0.04061912000179291,-0.16278782486915588,-0.11679451912641525
1768416582525101800,1.986101806640625,-0.04126560315489769,-0.16479840874671936,-0.1168861985206604
1768416582535102700,1.996102783203125,-0.0412786528468132,-0.16039326786994934,-0.103802889585495
1768416582545105000,2.00610498046875,-0.035930488258600235,-0.1505853682756424,-0.09234672784805298
1768416582555106000,2.01610595703125,-0.03336772695183754,-0.1421133130788803,-0.08402220904827118
1768416582565107000,2.02610693359375,-0.026816289871931076,-0.13152024149894714,-0.08199578523635864
1768416582575107800,2.03610791015625,-0.0220313873142004,-0.12462104856967926,-0.08950190246105194
1768416582585110000,2.046110107421875,-0.01938707008957863,-0.12203539162874222,-0.09826730936765671
1768416582595111000,2.05611083984375,-0.017360137775540352,-0.12489189952611923,-0.09672427922487259
1768416582605111800,2.06611181640625,-0.014929800294339657,-0.1256369799375534,-0.08970283716917038
1768416582615114000,2.076114013671875,-0.013394220732152462,-0.12661568820476532,-0.08651477098464966
1768416582625115000,2.086114990234375,-0.01455669105052948,-0.12928375601768494,-0.0845988467335701
1768416582635115800,2.09611572265625,-0.01516043022274971,-0.13087500631809235,-0.08253329992294312
1768416582645118000,2.106117919921875,-0.015146050602197647,-0.12742391228675842,-0.07896355539560318
1768416582655118800,2.116118896484375,-0.014401696622371674,-0.1313488781452179,-0.0734044760465622
1768416582665120000,2.1261201171875,-0.01973174884915352,-0.13863235712051392,-0.06855618953704834
1768416582675121000,2.136120849609375,-0.023427948355674744,-0.14848339557647705,-0.06276887655258179
1768416582685123000,2.146123046875,-0.032193876802921295,-0.15660913288593292,-0.05637628585100174
1768416582695124000,2.1561240234375,-0.03474997729063034,-0.16015779972076416,-0.05239033326506615
1768416582705124900,2.166124755859375,-0.03321773186326027,-0.16111792623996735,-0.04553493484854698
1768416582715127000,2.176126953125,-0.027306044474244118,-0.1577942967414856,-0.04203927144408226
1768416582725128000,2.1861279296875,-0.02370465360581875,-0.15400271117687225,-0.043478354811668396
1768416582735128800,2.19612890625,-0.017591100186109543,-0.147282212972641,-0.045880258083343506
1768416582745131000,2.206131103515625,-0.01343576330691576,-0.13880956172943115,-0.048190634697675705
1768416582755132000,2.2161318359375,-0.006323259323835373,-0.12800590693950653,-0.05200508236885071
1768416582765132800,2.2261328125,-0.004661585669964552,-0.11882153898477554,-0.05114823207259178
1768416582775134700,2.236134765625,-0.004635220393538475,-0.10977904498577118,-0.04655640944838524
1768416582785135900,2.246135986328125,-0.0024732649326324463,-0.1056961938738823,-0.04222673177719116
1768416582795137000,2.256136962890625,-0.004450395703315735,-0.10258562117815018,-0.03907834365963936
1768416582805138000,2.266137939453125,-0.01126788929104805,-0.10217183083295822,-0.039213355630636215
1768416582815140000,2.27614013671875,-0.011962974444031715,-0.09483189135789871,-0.041503675282001495
1768416582825141000,2.28614111328125,-0.014910228550434113,-0.08702308684587479,-0.04357438534498215
1768416582835142000,2.296141845703125,-0.013676386326551437,-0.07592809200286865,-0.04563993215560913
1768416582845143800,2.306143798828125,-0.014028521254658699,-0.06460144370794296,-0.044249966740608215
1768416582855145000,2.31614501953125,-0.01409802958369255,-0.057569362223148346,-0.043596960604190826
1768416582865145900,2.326145751953125,-0.013102605007588863,-0.051870349794626236,-0.041775260120630264
1768416582875147800,2.336147705078125,-0.010947841219604015,-0.044579681009054184,-0.04016804322600365
1768416582885149000,2.34614892578125,-0.009162260219454765,-0.0380236841738224,-0.0415581576526165
1768416582895149800,2.35614990234375,-0.005925721023231745,-0.03161478415131569,-0.0463571734726429
1768416582905151000,2.36615087890625,-0.004044062457978725,-0.023271622136235237,-0.05294235050678253
1768416582915153000,2.37615283203125,0.004163799807429314,-0.007337396964430809,-0.05603747442364693
1768416582925154000,2.386154052734375,0.012747632339596748,0.015336163341999054,-0.0630389153957367
1768416582935155000,2.396155029296875,0.019046274945139885,0.035544492304325104,-0.07421300560235977
1768416582945156900,2.406156982421875,0.022889282554388046,0.05292800813913345,-0.08071206510066986
1768416582955158000,2.416157958984375,0.0278472900390625,0.06996078789234161,-0.0840013399720192
1768416582965159000,2.426158935546875,0.02661564201116562,0.0801587849855423,-0.08738777786493301
1768416582975160800,2.436160888671875,0.020561479032039642,0.0847703143954277,-0.09803429245948792
1768416582985161700,2.44616162109375,0.013570415787398815,0.08847477287054062,-0.10698624700307846
1768416582995163000,2.456162841796875,-0.0009422143921256065,0.08050978928804398,-0.10878680646419525
1768416583005164000,2.4661640625,-0.014758828096091747,0.068280428647995,-0.10455315560102463
1768416583015165700,2.476165771484375,-0.02600269578397274,0.05240532383322716,-0.09783666580915451
1768416583025167000,2.4861669921875,-0.03670094162225723,0.04493575915694237,-0.09714982658624649
1768416583035168000,2.49616796875,-0.044537827372550964,0.03574519231915474,-0.09607044607400894
1768416583045170000,2.506169921875,-0.04711064323782921,0.022239718586206436,-0.10130192339420319
1768416583055171000,2.516171142578125,-0.04923717677593231,0.006478866562247276,-0.10607244074344635
1768416583065172000,2.526171875,-0.04997893050312996,-0.00807290617376566,-0.1106065958738327
1768416583075174000,2.536173828125,-0.047734685242176056,-0.024969598278403282,-0.10607469826936722
1768416583085174800,2.5461748046875,-0.048451077193021774,-0.04110325127840042,-0.09604407846927643
1768416583095176000,2.556176025390625,-0.05304689332842827,-0.05529283732175827,-0.07914978265762329
1768416583105177900,2.566177734375,-0.06481839716434479,-0.07458572089672089,-0.07365825027227402
1768416583115178800,2.5761787109375,-0.07423587143421173,-0.09196843951940536,-0.06968002021312714
1768416583125180000,2.586179931640625,-0.08076693117618561,-0.10818974673748016,-0.0631585642695427
1768416583135181000,2.59618115234375,-0.08673267811536789,-0.11941923201084137,-0.056850600987672806
1768416583145182700,2.6061826171875,-0.08430907130241394,-0.12776997685432434,-0.04912559688091278
1768416583155183900,2.616183837890625,-0.08538339287042618,-0.13511843979358673,-0.04436146840453148
1768416583165185000,2.62618505859375,-0.08677256852388382,-0.14692167937755585,-0.043577779084444046
1768416583175187000,2.63618701171875,-0.0843067467212677,-0.15820816159248352,-0.0374746136367321
1768416583185187800,2.646187744140625,-0.08152560889720917,-0.1643955111503601,-0.032464493066072464
1768416583195189000,2.65618896484375,-0.07610207796096802,-0.16518168151378632,-0.027301693335175514
1768416583205191000,2.66619091796875,-0.0680285096168518,-0.1663193255662918,-0.026104900985956192
1768416583215191800,2.67619189453125,-0.06437518447637558,-0.1752915233373642,-0.02037271298468113
1768416583225192700,2.686192626953125,-0.06392357498407364,-0.1863115280866623,-0.020464401692152023
1768416583235193900,2.69619384765625,-0.06939983367919922,-0.19608399271965027,-0.022530481219291687
1768416583245195800,2.70619580078125,-0.07225627452135086,-0.20261241495609283,-0.01668725162744522
1768416583255197000,2.716197021484375,-0.07171804457902908,-0.21327143907546997,-0.008042363449931145
1768416583265198000,2.726197998046875,-0.07048334181308746,-0.21801191568374634,0.005653508473187685
1768416583275200000,2.736199951171875,-0.07147270441055298,-0.22681818902492523,0.01649896427989006
1768416583285201000,2.746200927734375,-0.07141171395778656,-0.23552201688289642,0.02263178490102291
1768416583295202000,2.7562021484375,-0.06565742194652557,-0.2403135746717453,0.02665155939757824
1768416583305204000,2.766203857421875,-0.05513494461774826,-0.2481601983308792,0.028553172945976257
1768416583315204900,2.776204833984375,-0.050708506256341934,-0.2575984597206116,0.03439135476946831
1768416583325205800,2.786205810546875,-0.04982859268784523,-0.27009114623069763,0.04254445061087608
1768416583335207000,2.79620703125,-0.042873214930295944,-0.28098881244659424,0.051456183195114136
1768416583345208800,2.806208740234375,-0.03757579252123833,-0.29583168029785156,0.06956219673156738
1768416583355209700,2.816209716796875,-0.03612809628248215,-0.3133459687232971,0.07678335160017014
1768416583365211100,2.826211181640625,-0.04146699234843254,-0.3367701470851898,0.06653627753257751
1768416583375212800,2.836212890625,-0.05314149335026741,-0.36628222465515137,0.04721797630190849
1768416583385214000,2.8462138671875,-0.06202161684632301,-0.39396512508392334,0.04291578009724617
1768416583395214800,2.85621484375,-0.06549064069986343,-0.4071267247200012,0.048664212226867676
1768416583405217000,2.866217041015625,-0.06091173365712166,-0.4072583019733429,0.06064358353614807
1768416583415218000,2.876218017578125,-0.06086859107017517,-0.4029373228549957,0.07589497417211533
1768416583425218800,2.88621875,-0.06324201077222824,-0.40334653854370117,0.10702066868543625
1768416583435221000,2.896220947265625,-0.06934091448783875,-0.40505388379096985,0.1464996337890625
1768416583445222000,2.906221923828125,-0.07721594721078873,-0.4070742726325989,0.18040798604488373
1768416583455222800,2.916222900390625,-0.08262589573860168,-0.4074689447879791,0.1997249573469162
1768416583465223700,2.9262236328125,-0.091263048350811,-0.4094805121421814,0.20805221796035767
1768416583475225900,2.936225830078125,-0.09864053875207901,-0.40600350499153137,0.21072815358638763
1768416583485226800,2.946226806640625,-0.10500496625900269,-0.39683908224105835,0.21845519542694092
1768416583495228000,2.956227783203125,-0.10933873057365417,-0.37681877613067627,0.22172023355960846
1768416583505229800,2.966229736328125,-0.11589330434799194,-0.35098958015441895,0.22776001691818237
1768416583515231000,2.97623095703125,-0.12106728553771973,-0.32335206866264343,0.23625576496124268
1768416583525231900,2.98623193359375,-0.12859125435352325,-0.2971670925617218,0.24000921845436096
1768416583535234000,2.996234130859375,-0.13746410608291626,-0.27361008524894714,0.23634392023086548
1768416583545235000,3.00623486328125,-0.1496240198612213,-0.25626638531684875,0.2239542156457901
1768416583555235800,3.01623583984375,-0.16219787299633026,-0.23774278163909912,0.21704277396202087
1768416583565236700,3.02623681640625,-0.17516154050827026,-0.224286749958992,0.21022365987300873
1768416583575239000,3.036239013671875,-0.18090465664863586,-0.20483821630477905,0.20815837383270264
1768416583585239800,3.04623974609375,-0.180745929479599,-0.18651863932609558,0.2081873118877411
1768416583595240700,3.05624072265625,-0.17113511264324188,-0.16456301510334015,0.19698205590248108
1768416583605243000,3.066242919921875,-0.15576420724391937,-0.13879480957984924,0.1791086196899414
1768416583615244000,3.076244140625,-0.1370144933462143,-0.11019512265920639,0.15709573030471802
1768416583625245000,3.086244873046875,-0.1197330504655838,-0.0840195044875145,0.135554239153862
1768416583635247000,3.0962470703125,-0.10892353951931,-0.06390358507633209,0.1118430346250534
1768416583645248000,3.106248046875,-0.10441853851079941,-0.04918593540787697,0.09190013259649277
1768416583655249000,3.116248779296875,-0.09937503933906555,-0.04451821371912956,0.08761244267225266
1768416583665249800,3.126249755859375,-0.0889771357178688,-0.04565928131341934,0.08619317412376404
1768416583675252000,3.136251953125,-0.07543815672397614,-0.049823399633169174,0.0862584263086319
1768416583685252900,3.1462529296875,-0.05593568831682205,-0.05641349032521248,0.08053190261125565
1768416583695253800,3.156253662109375,-0.03877054899930954,-0.06091396510601044,0.0736742615699768
1768416583705256000,3.166255859375,-0.022924868389964104,-0.0670137032866478,0.06521226465702057
1768416583715256800,3.1762568359375,-0.007454832084476948,-0.07288330793380737,0.05343044176697731
1768416583725258000,3.186258056640625,0.004370191600173712,-0.07511860132217407,0.034050025045871735
1768416583735260000,3.196260009765625,0.01592404954135418,-0.07292548567056656,0.011481868103146553
1768416583745261000,3.206260986328125,0.027988571673631668,-0.07646816223859787,-0.01410633698105812
1768416583755262000,3.216261962890625,0.03124268725514412,-0.08825638145208359,-0.04294198006391525
1768416583765262800,3.226262939453125,0.03748540207743645,-0.10210725665092468,-0.06842585653066635
1768416583775265000,3.23626513671875,0.041576020419597626,-0.12028812617063522,-0.0899876058101654
1768416583785266000,3.246265869140625,0.0457736998796463,-0.130625382065773,-0.10583621263504028
1768416583795266800,3.256266845703125,0.056976284831762314,-0.13443903625011444,-0.12259921431541443
1768416583805269000,3.26626904296875,0.0674639567732811,-0.1335267275571823,-0.1345202475786209
1768416583815270000,3.276269775390625,0.07993953675031662,-0.12356384843587875,-0.1484816074371338
1768416583825270800,3.286270751953125,0.09359581768512726,-0.11037040501832962,-0.16031241416931152
1768416583835272700,3.296272705078125,0.1058889701962471,-0.10650935769081116,-0.16877353191375732
1768416583845273900,3.30627392578125,0.11879803985357285,-0.09751063585281372,-0.1739870309829712
1768416583855275000,3.31627490234375,0.12704265117645264,-0.08640685677528381,-0.17850881814956665
1768416583865276000,3.32627587890625,0.1318487972021103,-0.07643844187259674,-0.18810123205184937
1768416583875278000,3.336278076171875,0.1333675980567932,-0.069471076130867,-0.19862337410449982
1768416583885279000,3.346279052734375,0.13350287079811096,-0.0733732059597969,-0.21207354962825775
1768416583895279900,3.35627978515625,0.13591782748699188,-0.07631520181894302,-0.2193375825881958
1768416583905281800,3.36628173828125,0.13971030712127686,-0.08610055595636368,-0.2303939014673233
1768416583915283000,3.376282958984375,0.1482611894607544,-0.09481894224882126,-0.23000188171863556
1768416583925283800,3.386283935546875,0.1565759927034378,-0.09546461701393127,-0.23723898828029633
1768416583935285800,3.39628564453125,0.16747763752937317,-0.09752030670642853,-0.2430577427148819
1768416583945287000,3.406286865234375,0.18445473909378052,-0.1012362390756607,-0.24048037827014923
1768416583955287800,3.416287841796875,0.19824299216270447,-0.10745232552289963,-0.24531401693820953
1768416583965289000,3.4262890625,0.2092609703540802,-0.10088902711868286,-0.25823459029197693
1768416583975291100,3.436291015625,0.22678695619106293,-0.08894501626491547,-0.2694507837295532
1768416583985292000,3.4462919921875,0.24681933224201202,-0.06489349901676178,-0.27360814809799194
1768416583995293000,3.45629296875,0.2623884379863739,-0.040854476392269135,-0.2767040729522705
1768416584005294800,3.466294921875,0.2736456096172333,-0.01782539114356041,-0.282868891954422
1768416584015296000,3.4762958984375,0.2841126322746277,0.0051771304570138454,-0.28668197989463806
1768416584025297000,3.486296875,0.28853902220726013,0.02773277834057808,-0.2900632619857788
1768416584035298800,3.496298828125,0.2901630103588104,0.045506712049245834,-0.2948460280895233
1768416584045300000,3.506300048828125,0.28704237937927246,0.046544209122657776,-0.30201980471611023
1768416584055300900,3.51630078125,0.28534621000289917,0.04227782413363457,-0.30538445711135864
1768416584065302000,3.526302001953125,0.2833801507949829,0.03233594819903374,-0.2985082268714905
1768416584075303700,3.5363037109375,0.27525243163108826,0.010947567410767078,-0.2719932794570923
1768416584085305000,3.54630517578125,0.25562816858291626,-0.01677616685628891,-0.246745765209198
1768416584095306000,3.556305908203125,0.22163480520248413,-0.05566604062914848,-0.22290779650211334
1768416584105308000,3.566307861328125,0.18859004974365234,-0.09722316265106201,-0.20199710130691528
1768416584115309000,3.57630908203125,0.15286746621131897,-0.11709993332624435,-0.18398401141166687
1768416584125310000,3.58631005859375,0.11894970387220383,-0.13339529931545258,-0.17336922883987427
1768416584135312000,3.596311767578125,0.07964038103818893,-0.14604052901268005,-0.16892895102500916
1768416584145312800,3.606312744140625,0.040574874728918076,-0.15546314418315887,-0.16350269317626953
1768416584155314000,3.61631396484375,0.014475096017122269,-0.1635461002588272,-0.15431052446365356
1768416584165314800,3.626314697265625,0.005229462869465351,-0.1573874056339264,-0.13452067971229553
1768416584175316700,3.636316650390625,0.024195164442062378,-0.12361904978752136,-0.11791986227035522
1768416584185318000,3.64631787109375,0.05142731964588165,-0.0614735446870327,-0.12499646097421646
1768416584195319000,3.656319091796875,0.08083207905292511,0.02240883745253086,-0.1347375065088272
1768416584205321000,3.666321044921875,0.09909696877002716,0.10377778857946396,-0.14660923182964325
1768416584215322000,3.676322021484375,0.1042613685131073,0.18913023173809052,-0.16206274926662445
1768416584225323000,3.686322998046875,0.09931287914514542,0.26790928840637207,-0.18610945343971252
1768416584235324000,3.696323974609375,0.08416961878538132,0.34918153285980225,-0.21304652094841003
1768416584245325800,3.706325927734375,0.055578988045454025,0.39918845891952515,-0.22919787466526031
1768416584255327000,3.716326904296875,0.01287866197526455,0.4037078320980072,-0.22905273735523224
1768416584265327900,3.726327880859375,-0.04871165752410889,0.3666207790374756,-0.21993368864059448
1768416584275329800,3.736329833984375,-0.12070382386445999,0.3195137083530426,-0.20160074532032013
1768416584285331000,3.7463310546875,-0.18327586352825165,0.2814110815525055,-0.19281254708766937
1768416584295331800,3.756331787109375,-0.19319400191307068,0.26294606924057007,-0.19439341127872467
1768416584305334000,3.766333984375,-0.1537032574415207,0.2635621726512909,-0.21009153127670288
1768416584315335000,3.7763349609375,-0.09193683415651321,0.27951982617378235,-0.24134932458400726
1768416584325336300,3.78633642578125,-0.019995853304862976,0.3129025101661682,-0.26766932010650635
1768416584335337200,3.796337158203125,0.037164635956287384,0.3337806463241577,-0.29788070917129517
1768416584345339100,3.806339111328125,0.0737968161702156,0.34439289569854736,-0.3222316801548004
1768416584355340300,3.81634033203125,0.0840664952993393,0.358502596616745,-0.3610645532608032
1768416584365341200,3.826341064453125,0.09075947850942612,0.3691166937351227,-0.41690731048583984
1768416584375343000,3.836343017578125,0.08702971786260605,0.37268081307411194,-0.4644937217235565
1768416584385344300,3.84634423828125,0.07187673449516296,0.3629592955112457,-0.46351301670074463
1768416584395345200,3.85634521484375,0.04768058657646179,0.3277411162853241,-0.4151255190372467
1768416584405347000,3.86634716796875,0.030351532623171806,0.27876511216163635,-0.3618147671222687
1768416584415348000,3.876347900390625,0.04094372317194939,0.22445552051067352,-0.3421182930469513
1768416584425349000,3.88634912109375,0.07948285341262817,0.17822016775608063,-0.33043837547302246
1768416584435350300,3.896350341796875,0.12644371390342712,0.1390479952096939,-0.30387282371520996
1768416584445352200,3.906352294921875,0.16794708371162415,0.11615649610757828,-0.27732595801353455
1768416584455353300,3.916353271484375,0.18878738582134247,0.1092972531914711,-0.26260560750961304
1768416584465354200,3.926354248046875,0.20398730039596558,0.12221170216798782,-0.2551688849925995
1768416584475356200,3.936356201171875,0.20909950137138367,0.13102038204669952,-0.24788008630275726
1768416584485357000,3.946357177734375,0.20908644795417786,0.14766541123390198,-0.23086300492286682
1768416584495358200,3.956358154296875,0.2026756852865219,0.16459086537361145,-0.2127537727355957
1768416584505359000,3.966359130859375,0.19330669939517975,0.1734638810157776,-0.1951720416545868
1768416584515361000,3.976361083984375,0.18163593113422394,0.19009877741336823,-0.18139497935771942
1768416584525362200,3.986362060546875,0.17187558114528656,0.20548850297927856,-0.1763390153646469
1768416584535363000,3.996363037109375,0.15711580216884613,0.2180120199918747,-0.16915301978588104
1768416584545365000,4.006364990234375,0.1431458741426468,0.235370934009552,-0.15450571477413177
1768416584555366100,4.0163662109375,0.12133217602968216,0.24951204657554626,-0.12291475385427475
1768416584565367300,4.0263671875,0.09996384382247925,0.2710779905319214,-0.08352258056402206
1768416584575369200,4.036369140625,0.08455798774957657,0.29833757877349854,-0.05096357315778732
1768416584585370000,4.0463701171875,0.08246566355228424,0.32877036929130554,-0.03893960267305374
1768416584595371300,4.056371337890625,0.0891597792506218,0.3727993369102478,-0.03363272547721863
1768416584605372200,4.0663720703125,0.08757847547531128,0.4026748239994049,-0.02598452940583229
1768416584615374000,4.0763740234375,0.06917310506105423,0.42771172523498535,-0.012447149492800236
1768416584625375000,4.086375,0.05467965453863144,0.45472943782806396,0.006588771939277649
1768416584635376000,4.096376220703125,0.047857433557510376,0.46796348690986633,0.021652676165103912
1768416584645378000,4.1063779296875,0.05159902945160866,0.4707801043987274,0.036182500422000885
1768416584655379000,4.11637890625,0.05979011207818985,0.4785589277744293,0.050618965178728104
1768416584665380400,4.12638037109375,0.06811688840389252,0.48619210720062256,0.0738673135638237
1768416584675382000,4.136382080078125,0.08035597950220108,0.5001547932624817,0.10124541074037552
1768416584685383200,4.146383056640625,0.07931748032569885,0.5015775561332703,0.128398135304451
1768416584695384300,4.15638427734375,0.06689942628145218,0.48100224137306213,0.15708330273628235
1768416584705385200,4.16638525390625,0.05042371153831482,0.46663743257522583,0.17973123490810394
1768416584715387100,4.17638720703125,0.02786567248404026,0.44511643052101135,0.18613161146640778
1768416584725388000,4.186387939453125,0.006231152452528477,0.4170600175857544,0.1914394348859787
1768416584735389200,4.19638916015625,-0.01071454118937254,0.3990890085697174,0.20471982657909393
1768416584745391000,4.20639111328125,-0.021717121824622154,0.3713690936565399,0.23094554245471954
1768416584755392000,4.21639208984375,-0.026184307411313057,0.35352563858032227,0.2626744210720062
1768416584765393200,4.22639306640625,-0.02185061015188694,0.3394143581390381,0.28836581110954285
1768416584775394300,4.236394287109375,-0.020800258964300156,0.3206755518913269,0.30136337876319885
1768416584785396200,4.246396240234375,-0.017473580315709114,0.3151109218597412,0.305665522813797
1768416584795397000,4.256397216796875,-0.015908973291516304,0.30251577496528625,0.30504631996154785
1768416584805398300,4.266398193359375,-0.017002137377858162,0.2771681547164917,0.2983890473842621
1768416584815400200,4.276400146484375,-0.01698642410337925,0.24923481047153473,0.2916240990161896
1768416584825401000,4.286401123046875,-0.012398522347211838,0.23292534053325653,0.28049543499946594
1768416584835402200,4.29640234375,-0.0003903282340615988,0.20210564136505127,0.2628922164440155
1768416584845404200,4.306404052734375,0.013866567984223366,0.16755719482898712,0.2407592087984085
1768416584855405000,4.316405029296875,0.0284471083432436,0.14652249217033386,0.21906857192516327
1768416584865406000,4.326406005859375,0.040722548961639404,0.12132079154253006,0.2108517587184906
1768416584875407000,4.336406982421875,0.052997324615716934,0.0921141654253006,0.2132057249546051
1768416584885409000,4.346408935546875,0.0482313297688961,0.06058648228645325,0.21903382241725922
1768416584895410200,4.35641015625,0.03257141262292862,0.0301180612295866,0.21330057084560394
1768416584905411300,4.366411376953125,0.010102588683366776,0.0030715293250977993,0.2009373903274536
1768416584915413200,4.376413330078125,-0.018965816125273705,-0.01348321232944727,0.18445907533168793
1768416584925414100,4.3864140625,-0.04275928810238838,-0.012284990400075912,0.17868095636367798
1768416584935415300,4.396415283203125,-0.06098010018467903,-0.0022992012090981007,0.1777307391166687
1768416584945416200,4.406416259765625,-0.07634688168764114,0.012615927495062351,0.17806075513362885
1768416584955418000,4.416418212890625,-0.09210293740034103,0.01380848977714777,0.18341024219989777
1768416584965419000,4.4264189453125,-0.11420844495296478,0.0023371404968202114,0.1920732706785202
1768416584975420200,4.436420166015625,-0.13851644098758698,-0.027294253930449486,0.2022619992494583
1768416584985422000,4.446422119140625,-0.15517926216125488,-0.054714277386665344,0.21211186051368713
1768416584995423000,4.456423095703125,-0.16778692603111267,-0.05464610084891319,0.22380633652210236
1768416585005424400,4.46642431640625,-0.16581504046916962,-0.04189131781458855,0.24000374972820282
1768416585015426000,4.476426025390625,-0.16324003040790558,-0.024191416800022125,0.2651626467704773
1768416585025427200,4.48642724609375,-0.17812436819076538,-0.018555663526058197,0.2771669328212738
1768416585035428000,4.496427978515625,-0.20573042333126068,0.002289963187649846,0.2625405788421631
1768416585045429200,4.50642919921875,-0.21983399987220764,0.010775748640298843,0.22789131104946136
1768416585055431200,4.51643115234375,-0.22612598538398743,-0.009538311511278152,0.1812087595462799
1768416585065432000,4.52643212890625,-0.23645806312561035,-0.05040368810296059,0.12913428246974945
1768416585075433200,4.53643310546875,-0.2703015208244324,-0.10719959437847137,0.07885805517435074
1768416585085435100,4.54643505859375,-0.3046981692314148,-0.12777963280677795,0.07390779256820679
1768416585095436000,4.55643603515625,-0.30795466899871826,-0.1471722275018692,0.10362014919519424
1768416585105437000,4.56643701171875,-0.288654625415802,-0.19132614135742188,0.13634584844112396
1768416585115438300,4.576438232421875,-0.2598956823348999,-0.3771625757217407,0.15956434607505798
1768416585125440000,4.58643994140625,-0.20352886617183685,-0.5511640310287476,0.18221312761306763
1768416585135441200,4.596441162109375,-0.15361323952674866,-0.8552277684211731,0.20058467984199524
1768416585145442300,4.6064423828125,-0.17582200467586517,-0.947175145149231,0.1481952965259552
1768416585155444200,4.6164443359375,-0.15635375678539276,-1.0699833631515503,-0.046555276960134506
1768416585165445000,4.626445068359375,-0.17874175310134888,-1.184829831123352,-0.34568944573402405
1768416585175446000,4.636446044921875,-0.23071147501468658,-1.213426947593689,-0.6161798238754272
1768416585185448200,4.6464482421875,-0.24600529670715332,-1.3108793497085571,-0.7927727103233337
1768416585195449000,4.656448974609375,-0.19127680361270905,-1.4111324548721313,-0.8723133206367493
1768416585205450000,4.666449951171875,-0.11669071018695831,-1.385321021080017,-0.8772710561752319
1768416585215451100,4.676451171875,-0.04278452694416046,-1.344310998916626,-0.8945096731185913
1768416585225453000,4.686453125,0.030158529058098793,-1.3089853525161743,-0.9620308876037598
1768416585235454200,4.6964541015625,0.12609757483005524,-1.293611764907837,-1.00640070438385
1768416585245455400,4.706455322265625,0.21556568145751953,-1.2551190853118896,-0.9918157458305359
1768416585255457300,4.716457275390625,0.2644250988960266,-1.2195183038711548,-0.9971846342086792
1768416585265458200,4.726458251953125,0.2863712012767792,-1.1934350728988647,-1.0127370357513428
1768416585275459000,4.736458984375,0.2966001331806183,-1.1684530973434448,-1.0222262144088745
1768416585285460200,4.746460205078125,0.3509142994880676,-1.0804170370101929,-1.0099661350250244
1768416585295462100,4.756462158203125,0.3973342776298523,-0.9365421533584595,-0.9362730979919434
1768416585305463000,4.766463134765625,0.5121366381645203,-0.7637395262718201,-0.7918221354484558
1768416585315464000,4.7764638671875,0.5876420140266418,-0.6137524247169495,-0.7027537822723389
1768416585325466000,4.786466064453125,0.6124765872955322,-0.4986098110675812,-0.6556302309036255
1768416585335467000,4.796467041015625,0.5792906880378723,-0.37019458413124084,-0.6380717754364014
1768416585345468200,4.80646826171875,0.5035209059715271,-0.2335052192211151,-0.6601682305335999
1768416585355469000,4.816468994140625,0.3844139277935028,-0.10231710970401764,-0.6981329321861267
1768416585365471200,4.82647119140625,0.2512052059173584,0.02485763095319271,-0.72834312915802
1768416585375472000,4.83647216796875,0.16247029602527618,0.08415450900793076,-0.7278187870979309
1768416585385473000,4.84647314453125,0.12797297537326813,0.08764480799436569,-0.6911453604698181
1768416585395475200,4.85647509765625,0.15443681180477142,0.13823288679122925,-0.5999709963798523
1768416585405476000,4.86647607421875,0.24934206902980804,0.21773536503314972,-0.4849855899810791
1768416585415477000,4.87647705078125,0.3653022348880768,0.3292842507362366,-0.3597184717655182
1768416585425479200,4.886479248046875,0.43055373430252075,0.4079034626483917,-0.25799694657325745
1768416585435480000,4.89647998046875,0.4376752972602844,0.44609081745147705,-0.18885304033756256
1768416585445481000,4.90648095703125,0.36343276500701904,0.4575745761394501,-0.11385931819677353
1768416585455482000,4.916482177734375,0.3890744745731354,0.39573943614959717,0.017365282401442528
1768416585465484000,4.926484130859375,0.35834959149360657,0.2598642110824585,0.1688380390405655
1768416585475485200,4.936485107421875,0.3293275237083435,0.12839250266551971,0.2817331552505493
1768416585485486000,4.946486083984375,0.35430529713630676,0.012354526668787003,0.3333533704280853
1768416585495488300,4.95648828125,0.5055792331695557,-0.10296674072742462,0.36927488446235657
1768416585505489200,4.9664892578125,0.7093756198883057,-0.08593045920133591,0.15434348583221436
1768416585515490000,4.976489990234375,0.8166171312332153,-0.19000600278377533,-0.08783799409866333
1768416585525491000,4.986490966796875,0.8858970999717712,-0.25422438979148865,-0.34034088253974915
1768416585535493000,4.9964931640625,1.0298430919647217,-0.2507798373699188,-0.5983165502548218
1768416585545494000,5.006493896484375,1.2268030643463135,-0.21071720123291016,-0.7865646481513977
1768416585555495000,5.016494873046875,1.3424949645996094,-0.35588985681533813,-0.8728997707366943
1768416585565497000,5.0264970703125,1.382653832435608,-0.518491268157959,-0.8879950642585754
1768416585575498000,5.036498046875,1.4809253215789795,-0.5682271718978882,-0.7903105616569519
1768416585585499100,5.0464990234375,1.6210423707962036,-0.4960061013698578,-0.7039141654968262
1768416585595501300,5.056501220703125,1.7307512760162354,-0.4286361038684845,-0.6893424391746521
1768416585605502200,5.066502197265625,1.697522759437561,-0.35379233956336975,-0.8917123675346375
1768416585615503000,5.076503173828125,1.5007870197296143,-0.19771964848041534,-1.1910895109176636
1768416585625504000,5.08650390625,1.2472527027130127,-0.07391630113124847,-1.433593511581421
1768416585635506200,5.096506103515625,1.056759238243103,-0.12326041609048843,-1.6099259853363037
1768416585645507000,5.106507080078125,0.9957518577575684,-0.003212737152352929,-1.6236114501953125
1768416585655508000,5.116508056640625,1.145499587059021,0.4321097135543823,-1.5709607601165771
1768416585665510100,5.12651025390625,1.419130802154541,0.8485478758811951,-1.552638053894043
1768416585675511000,5.136510986328125,1.6345291137695312,1.076531171798706,-1.6478255987167358
1768416585685512200,5.14651220703125,1.6270345449447632,1.0692722797393799,-1.7278532981872559
1768416585695513900,5.156513916015625,1.325087547302246,0.8708785772323608,-1.7504661083221436
1768416585705515300,5.166515380859375,0.899418830871582,0.6443443298339844,-1.9171773195266724
1768416585715516200,5.17651611328125,0.5570337772369385,0.3878616690635681,-2.3465659618377686
1768416585725517000,5.18651708984375,0.6180300712585449,0.40725812315940857,-2.7549099922180176
1768416585735519200,5.196519287109375,0.9256896376609802,0.5146186351776123,-3.017760753631592
1768416585745520000,5.20652001953125,1.1434118747711182,0.5797839164733887,-3.1013081073760986
1768416585755521000,5.21652099609375,1.1990898847579956,0.6770625114440918,-3.26029634475708
1768416585765523000,5.22652294921875,1.1941020488739014,0.8637142181396484,-3.5916123390197754
1768416585775524000,5.236524169921875,1.185454249382019,1.1168100833892822,-3.8009846210479736
1768416585785525000,5.24652490234375,1.1340759992599487,1.224912166595459,-3.699828624725342
1768416585795526100,5.256526123046875,0.9737064838409424,1.0229324102401733,-3.3704943656921387
1768416585805528000,5.266528076171875,0.8467822074890137,0.8502180576324463,-3.208246946334839
1768416585815529200,5.276529296875,1.0241559743881226,1.0717356204986572,-1.971193790435791
1768416585825530000,5.286530029296875,1.0635679960250854,1.8979368209838867,-1.0900051593780518
1768416585835532000,5.296531982421875,1.0638734102249146,1.9725090265274048,-2.117734909057617
1768416585845533200,5.306533203125,1.1597179174423218,1.5187205076217651,-3.3241443634033203
1768416585855534000,5.3165341796875,0.8576624393463135,1.7688558101654053,-4.0449419021606445
1768416585865536000,5.326535888671875,0.23194663226604462,2.657121181488037,-4.149295330047607
1768416585875537200,5.336537109375,-0.32833316922187805,3.191169500350952,-3.9927268028259277
1768416585885538000,5.3465380859375,-0.6144729256629944,3.386260747909546,-4.0611395835876465
1768416585895539000,5.3565390625,-0.7071200609207153,3.078800678253174,-4.5156354904174805
1768416585905541000,5.366541015625,-0.7228697538375854,2.7003822326660156,-5.137185096740723
1768416585915542000,5.3765419921875,-1.096339464187622,2.035587787628174,-5.017871856689453
1768416585925543200,5.386543212890625,-1.6583843231201172,1.476760745048523,-4.299569606781006
1768416585935545000,5.396545166015625,-1.6081056594848633,2.33626389503479,-4.429269313812256
1768416585945546200,5.406546142578125,-0.7902004718780518,3.102969169616699,-4.869424343109131
1768416585955547100,5.416547119140625,0.09768009930849075,4.546976089477539,-3.7218916416168213
1768416585965548000,5.426548095703125,-0.8493069410324097,6.341460227966309,-2.2902560234069824
1768416585975550200,5.43655029296875,-2.1375889778137207,4.622329235076904,-2.1031949520111084
1768416585985551000,5.446551025390625,-2.4911904335021973,2.27497935295105,-2.4968478679656982
1768416585995552000,5.456552001953125,-1.9024171829223633,2.458343982696533,-2.9869508743286133
1768416586005554000,5.466553955078125,-1.031844139099121,4.5812225341796875,-2.6329891681671143
1768416586015555000,5.47655517578125,-0.8694190382957458,4.101457595825195,-0.8525466322898865
1768416586025556000,5.486555908203125,-1.513178825378418,2.434570789337158,0.055079758167266846
1768416586035558000,5.496557861328125,-2.2835347652435303,1.9620901346206665,0.04973612725734711
1768416586045559000,5.50655908203125,-2.502868175506592,2.4174537658691406,0.2742549479007721
1768416586055560200,5.516560302734375,-2.335207939147949,2.213801860809326,0.5670625567436218
1768416586065561000,5.52656103515625,-1.9601305723190308,1.3047574758529663,0.4739759564399719
1768416586075563000,5.53656298828125,-1.455093264579773,0.6924815773963928,0.23586967587471008
1768416586085564200,5.546564208984375,-1.0243698358535767,0.6890044212341309,0.07785891741514206
1768416586095565000,5.55656494140625,-0.7082455158233643,1.099771499633789,-0.01293596625328064
1768416586105567000,5.56656689453125,-0.523455023765564,1.4340137243270874,-0.021652162075042725
1768416586115568000,5.576568115234375,-0.5370624661445618,1.322280764579773,-0.08162868022918701
1768416586125569000,5.586569091796875,-0.7314600348472595,0.9021517634391785,-0.004735250491648912
1768416586135571000,5.596571044921875,-0.9891853332519531,0.48296594619750977,0.07789411395788193
1768416586145571800,5.60657177734375,-1.0832889080047607,0.15343891084194183,0.03725401312112808
1768416586155573200,5.6165732421875,-0.9886454939842224,0.09742198884487152,0.05070111155509949
1768416586165574100,5.62657421875,-0.8046917915344238,0.1805724799633026,0.09402651339769363
1768416586175576000,5.636576171875,-0.6441740393638611,0.2091202288866043,0.11053145676851273
1768416586185577200,5.6465771484375,-0.551074206829071,0.18692204356193542,0.09975425899028778
1768416586195578000,5.656578125,-0.5072617530822754,0.15107083320617676,0.05906249210238457
1768416586205580000,5.666580078125,-0.46665486693382263,0.03369849920272827,0.05718104541301727
1768416586215581200,5.676581298828125,-0.4547574520111084,-0.012184838764369488,0.11360384523868561
1768416586225582000,5.68658203125,-0.4983939528465271,0.12095746397972107,0.18926137685775757
1768416586235584000,5.696583984375,-0.533071756362915,0.11287769675254822,0.2416345775127411
1768416586245585000,5.7065849609375,-0.5174157619476318,-0.018848421052098274,0.24112194776535034
1768416586255586000,5.7165859375,-0.4722975492477417,-0.16850422322750092,0.2507149279117584
1768416586265587200,5.726587158203125,-0.43127015233039856,-0.1908554583787918,0.2826269268989563
1768416586275588900,5.7365888671875,-0.3858177065849304,-0.1170898899435997,0.31301599740982056
1768416586285590300,5.74659033203125,-0.3938843011856079,0.048480335623025894,0.341203510761261
1768416586295591200,5.756591064453125,-0.46720993518829346,0.2418186366558075,0.35577499866485596
1768416586305593000,5.766593017578125,-0.5554128885269165,0.2852745056152344,0.31062185764312744
1768416586315593700,5.77659375,-0.626442551612854,0.13800859451293945,0.2283770740032196
1768416586325594600,5.7865947265625,-0.6477680802345276,-0.06545832008123398,0.14256638288497925
1768416586335596500,5.796596435546875,-0.6282897591590881,-0.2506433427333832,0.10208206623792648
1768416586345597700,5.80659765625,-0.5964831113815308,-0.41018280386924744,0.10290476679801941
1768416586355598600,5.8165986328125,-0.573078453540802,-0.49771663546562195,0.13064716756343842
1768416586365599700,5.826599853515625,-0.5519798398017883,-0.4708617329597473,0.1372600644826889
1768416586375601700,5.8366015625,-0.5259564518928528,-0.3790833353996277,0.08363252878189087
1768416586385602800,5.846602783203125,-0.5146317481994629,-0.36006808280944824,-0.012614358216524124
1768416586395603700,5.856603759765625,-0.5492368936538696,-0.4313603639602661,-0.0947616919875145
1768416586405605600,5.866605712890625,-0.5851455330848694,-0.5244735479354858,-0.123478963971138
1768416586415606800,5.876606689453125,-0.5681095719337463,-0.5706474184989929,-0.096028171479702
1768416586425607700,5.886607666015625,-0.4999832510948181,-0.57368403673172,-0.05603139102458954
1768416586435609600,5.896609619140625,-0.4114168882369995,-0.5829529166221619,-0.02054876834154129
1768416586445610800,5.90661083984375,-0.32070204615592957,-0.5780521631240845,-0.002517011947929859
1768416586455611600,5.916611572265625,-0.24463948607444763,-0.5332833528518677,-0.015355844981968403
1768416586465613600,5.926613525390625,-0.20134276151657104,-0.46792420744895935,-0.04116696119308472
1768416586475614500,5.936614501953125,-0.184274822473526,-0.43543869256973267,-0.05026485025882721
1768416586485615600,5.94661572265625,-0.17668621242046356,-0.4105393588542938,-0.02698899246752262
1768416586495616800,5.95661669921875,-0.14650194346904755,-0.39147618412971497,0.00014249421656131744
1768416586505618700,5.96661865234375,-0.11243751645088196,-0.3829098641872406,0.021548595279455185
1768416586515619800,5.976619873046875,-0.07825744152069092,-0.38541242480278015,0.05008942633867264
1768416586525620700,5.986620849609375,-0.04354893043637276,-0.38387802243232727,0.07713373005390167
1768416586535622700,5.99662255859375,-0.01155371405184269,-0.3524301052093506,0.09545920789241791
1768416586545623600,6.00662353515625,0.025846589356660843,-0.32229354977607727,0.09341897070407867
1768416586555624700,6.016624755859375,0.06120457872748375,-0.30170172452926636,0.08614639937877655
1768416586565626600,6.026626708984375,0.07999724894762039,-0.2732403874397278,0.10136756300926208
1768416586575627500,6.03662744140625,0.09267202764749527,-0.25201180577278137,0.13464295864105225
1768416586585628700,6.046628662109375,0.10110046714544296,-0.2318224310874939,0.16565977036952972
1768416586595629600,6.056629638671875,0.11591216921806335,-0.19429849088191986,0.18207070231437683
1768416586605631500,6.066631591796875,0.139211967587471,-0.14667221903800964,0.19312170147895813
1768416586615632600,6.076632568359375,0.16439960896968842,-0.1125752255320549,0.20381934940814972
1768416586625633800,6.0866337890625,0.19385205209255219,-0.08757917582988739,0.20102280378341675
1768416586635635700,6.0966357421875,0.2186812311410904,-0.052476052194833755,0.1884249895811081
1768416586645636600,6.10663671875,0.23700344562530518,-0.0194875355809927,0.18368244171142578
1768416586655637800,6.1166376953125,0.24451835453510284,0.01677699387073517,0.19026604294776917
1768416586665639700,6.1266396484375,0.24637264013290405,0.05677619203925133,0.20707547664642334
1768416586675640600,6.136640625,0.24815243482589722,0.08479717373847961,0.23558010160923004
1768416586685641700,6.146641845703125,0.253288209438324,0.1067918986082077,0.26596853137016296
1768416586695642600,6.156642578125,0.2535281479358673,0.12540553510189056,0.28560107946395874
1768416586705644500,6.16664453125,0.24426327645778656,0.1338767111301422,0.30151253938674927
1768416586715645400,6.1766455078125,0.2295767366886139,0.14724524319171906,0.3021058738231659
1768416586725646800,6.186646728515625,0.21409699320793152,0.16657745838165283,0.294780433177948
1768416586735648500,6.1966484375,0.19243963062763214,0.16891756653785706,0.2903449535369873
1768416586745649700,6.206649658203125,0.18302129209041595,0.17255933582782745,0.2875746488571167
1768416586755650800,6.21665087890625,0.18507778644561768,0.1898094266653061,0.27508121728897095
1768416586765652700,6.22665283203125,0.18849296867847443,0.19898255169391632,0.26686468720436096
1768416586775653600,6.236653564453125,0.1850028932094574,0.18131008744239807,0.24362406134605408
1768416586785654500,6.246654541015625,0.1733454316854477,0.17629846930503845,0.21281461417675018
1768416586795655700,6.25665576171875,0.14102743566036224,0.17501401901245117,0.20657803118228912
1768416586805657600,6.26665771484375,0.08614335209131241,0.1546560823917389,0.20254942774772644
1768416586815658500,6.276658447265625,0.03133869171142578,0.11881418526172638,0.17444828152656555
1768416586825659600,6.28665966796875,-0.009040222503244877,0.11131338030099869,0.13325193524360657
1768416586835661600,6.29666162109375,-0.04013422504067421,0.15945827960968018,0.09680205583572388
1768416586845662700,6.306662841796875,-0.06928704679012299,0.24514314532279968,0.059768807142972946
1768416586855663600,6.31666357421875,-0.09569575637578964,0.33883634209632874,0.018047459423542023
1768416586865665800,6.326665771484375,-0.11078182607889175,0.37903469800949097,-0.014900937676429749
1768416586875666700,6.336666748046875,-0.13365626335144043,0.2962937355041504,-0.004984657280147076
1768416586885667600,6.34666748046875,-0.16229142248630524,0.15898506343364716,0.07181102782487869
1768416586895669800,6.356669677734375,-0.14868612587451935,0.07193990796804428,0.14443862438201904
1768416586905670700,6.366670654296875,-0.0705828070640564,0.033415310084819794,0.14205992221832275
1768416586915671600,6.376671630859375,0.03221680596470833,0.028207765892148018,0.06988746672868729
1768416586925672400,6.38667236328125,0.1005258858203888,0.041125357151031494,0.014004746451973915
1768416586935674600,6.396674560546875,0.11703348904848099,0.05560283362865448,-0.013995196670293808
1768416586945675500,6.406675537109375,0.10171032696962357,0.08547429740428925,-0.026477985084056854
1768416586955676700,6.4166767578125,0.0691172331571579,0.1464444398880005,-0.038932256400585175
1768416586965678600,6.4266787109375,0.02603607252240181,0.11370906978845596,-0.004800521768629551
1768416586975679700,6.4366796875,-0.0065538277849555016,0.009978942573070526,0.07582854479551315
1768416586985680600,6.4466806640625,-0.004748331382870674,-0.08322495967149734,0.10648062825202942
1768416586995682800,6.456682861328125,0.04943554475903511,-0.12673701345920563,0.08441393077373505
1768416587005683700,6.46668359375,0.12273532152175903,-0.10501527041196823,0.05943361669778824
1768416587015684600,6.4766845703125,0.19306275248527527,-0.07167436182498932,0.051832422614097595
1768416587025685500,6.486685546875,0.24672643840312958,-0.024433808401226997,0.08884318172931671
1768416587035687700,6.496687744140625,0.28081223368644714,0.019975733011960983,0.14830970764160156
1768416587045688600,6.5066884765625,0.2824406325817108,0.04514952003955841,0.20062774419784546
1768416587055689500,6.516689453125,0.24309615790843964,-0.055189333856105804,0.22229470312595367
1768416587065691600,6.526691650390625,0.20880018174648285,-0.21482054889202118,0.1769191026687622
1768416587075692500,6.536692626953125,0.2026703804731369,-0.25432878732681274,0.07230880856513977
1768416587085693700,6.546693603515625,0.21204182505607605,-0.15468920767307281,-0.03159066662192345
1768416587095695600,6.556695556640625,0.2286738008260727,-0.018585963174700737,-0.0745738223195076
1768416587105696800,6.56669677734375,0.2165706604719162,0.05138823017477989,-0.02465679496526718
1768416587115697700,6.57669775390625,0.15030376613140106,0.03073541447520256,0.011349143460392952
1768416587125698600,6.586698486328125,0.06220199912786484,-0.08187123388051987,0.012607332319021225
1768416587135700700,6.59670068359375,-0.03193594887852669,-0.23063062131404877,0.00914575532078743
1768416587145701600,6.60670166015625,-0.10747656971216202,-0.366856187582016,0.028947392478585243
1768416587155702500,6.61670263671875,-0.14635366201400757,-0.46939322352409363,0.06665296107530594
1768416587165704700,6.62670458984375,-0.13368932902812958,-0.4872669279575348,0.1293632686138153
1768416587175705600,6.63670556640625,-0.038847777992486954,-0.4027267396450043,0.17493315041065216
1768416587185706500,6.64670654296875,0.10652153193950653,-0.23089155554771423,0.10563275218009949
1768416587195708700,6.656708740234375,0.1252337098121643,-0.37714648246765137,0.0678185224533081
1768416587205709600,6.66670947265625,0.15325568616390228,-0.3986097276210785,0.21133024990558624
1768416587215710700,6.676710693359375,0.17393192648887634,-0.32310378551483154,0.1490631401538849
1768416587225711600,6.686711669921875,0.15615984797477722,-0.18243378400802612,0.01932530105113983
1768416587235713800,6.6967138671875,0.16589531302452087,-0.09374706447124481,0.07808342576026917
1768416587245714700,6.706714599609375,0.16942040622234344,-0.10744177550077438,0.15951767563819885
1768416587255715600,6.716715576171875,0.08969520777463913,-0.13198360800743103,0.1847950667142868
1768416587265717800,6.7267177734375,-0.035186462104320526,-0.17681147158145905,0.12184245884418488
1768416587275718700,6.73671875,-0.13418547809123993,-0.2263377457857132,0.013270173221826553
1768416587285719600,6.746719482421875,-0.2001418024301529,-0.20836573839187622,-0.03936056047677994
1768416587295720700,6.756720703125,-0.21927368640899658,-0.251564621925354,-0.10544317215681076
1768416587305722600,6.76672265625,-0.23924659192562103,-0.08943444490432739,-0.020913954824209213
1768416587315724000,6.77672412109375,-0.10071773827075958,0.0016746849287301302,-0.08827302604913712
1768416587325725200,6.78672509765625,-0.01848585344851017,0.004050057847052813,-0.2624049186706543
1768416587335727000,6.79672705078125,-0.07343991845846176,0.1679210215806961,-0.3360743522644043
1768416587345728000,6.80672802734375,-0.15507285296916962,0.273812472820282,-0.39731529355049133
1768416587355729200,6.816729248046875,-0.18079499900341034,0.18593239784240723,-0.450350821018219
1768416587365731000,6.82673095703125,-0.16252797842025757,0.08945854753255844,-0.5303109884262085
1768416587375732000,6.83673193359375,-0.10988820344209671,0.07860243320465088,-0.5865985155105591
1768416587385733000,6.846733154296875,-0.05172343924641609,0.09635286778211594,-0.5799468755722046
1768416587395735000,6.856735107421875,-0.018035249784588814,0.0977315902709961,-0.5513455867767334
1768416587405736000,6.86673583984375,-0.028555795550346375,0.08701398968696594,-0.5566912889480591
1768416587415736800,6.87673681640625,-0.05722019821405411,0.045978132635354996,-0.5709309577941895
1768416587425738000,6.886738037109375,-0.0834406241774559,0.016509391367435455,-0.5689936280250549
1768416587435740000,6.896739990234375,-0.08666197955608368,0.04337882250547409,-0.5373121500015259
1768416587445741000,6.906740966796875,-0.08730167150497437,0.09823562949895859,-0.47822919487953186
1768416587455742200,6.9167421875,-0.09691354632377625,0.12930460274219513,-0.4053347408771515
1768416587465744100,6.926744140625,-0.11789373308420181,0.15769021213054657,-0.33500203490257263
1768416587475745000,6.9367451171875,-0.1499352902173996,0.19231344759464264,-0.29691481590270996
1768416587485746000,6.946745849609375,-0.18611939251422882,0.20653951168060303,-0.291862815618515
1768416587495748000,6.956748046875,-0.2091408222913742,0.2001471370458603,-0.29217228293418884
1768416587505749000,6.9667490234375,-0.205275297164917,0.18518424034118652,-0.2746816873550415
1768416587515750000,6.97675,-0.16306179761886597,0.1663154661655426,-0.21310487389564514
1768416587525751000,6.9867509765625,-0.09580207616090775,0.11603439599275589,-0.13659906387329102
1768416587535753000,6.9967529296875,-0.041709817945957184,0.05352254956960678,-0.05844965577125549
1768416587545753900,7.00675390625,-0.007948389276862144,0.010239521972835064,-0.000779434572905302
1768416587555755300,7.01675537109375,-0.013859008438885212,-0.025762153789401054,0.028728390112519264
1768416587565757000,7.0267568359375,-0.04691256955265999,-0.018002303317189217,0.11004868149757385
1768416587575758000,7.036758056640625,-0.03295254707336426,-0.04042452201247215,0.17627696692943573
1768416587585759000,7.046759033203125,-0.024530425667762756,-0.010677045211195946,0.2246372401714325
1768416587595760000,7.056760009765625,-0.040109120309352875,0.09243389219045639,0.2571618854999542
1768416587605762000,7.066761962890625,-0.055364638566970825,0.15584374964237213,0.2680746912956238
1768416587615763000,7.076762939453125,-0.06088510528206825,0.12785471975803375,0.2634139060974121
1768416587625764000,7.08676416015625,-0.05953341722488403,0.10323221236467361,0.22237782180309296
1768416587635766000,7.09676611328125,-0.04514382407069206,0.05972335487604141,0.19267931580543518
1768416587645767000,7.106766845703125,-0.020320704206824303,0.01598549820482731,0.16996382176876068
1768416587655767800,7.116767822265625,0.012071855366230011,-0.012935899198055267,0.1405060738325119
1768416587665770000,7.12677001953125,0.05488657206296921,0.0035375826992094517,0.12280716001987457
1768416587675771000,7.13677099609375,0.09076734632253647,0.07044577598571777,0.10156126320362091
1768416587685772000,7.14677197265625,0.10003973543643951,0.1319030076265335,0.05931699275970459
1768416587695773200,7.156773193359375,0.08655188977718353,0.16838112473487854,0.01737433671951294
1768416587705775000,7.166775146484375,0.05473816767334938,0.18788479268550873,-0.02203749306499958
1768416587715776000,7.17677587890625,0.018200397491455078,0.2099730521440506,-0.06436870992183685
1768416587725777000,7.18677685546875,-0.012419765815138817,0.24930155277252197,-0.11448528617620468
1768416587735779000,7.196779052734375,-0.039430342614650726,0.27756112813949585,-0.16721214354038239
1768416587745780000,7.206780029296875,-0.062199581414461136,0.27175894379615784,-0.19573508203029633
1768416587755780900,7.21678076171875,-0.06957466900348663,0.23656685650348663,-0.1989995837211609
1768416587765782000,7.226781982421875,-0.07367527484893799,0.20172736048698425,-0.1879960149526596
1768416587775784000,7.236783935546875,-0.06018529459834099,0.16500982642173767,-0.19491755962371826
1768416587785784800,7.246784912109375,-0.02696855366230011,0.12020751088857651,-0.1938169151544571
1768416587795786200,7.2567861328125,0.0031254333443939686,0.08000416308641434,-0.18152615427970886
1768416587805788200,7.2667880859375,-0.00048268353566527367,0.051096245646476746,-0.18688583374023438
1768416587815789000,7.2767890625,-0.009323579259216785,0.019482126459479332,-0.18789277970790863
1768416587825790000,7.2867900390625,-0.020167961716651917,0.005901093129068613,-0.16873182356357574
1768416587835792100,7.296792236328125,-0.03614852577447891,0.0007255063392221928,-0.13072851300239563
1768416587845793000,7.30679296875,-0.05567769333720207,0.0038810139521956444,-0.08243849873542786
1768416587855794000,7.3167939453125,-0.07116051763296127,0.019331876188516617,-0.04822912812232971
1768416587865795000,7.326795166015625,-0.08344653248786926,0.02239367365837097,-0.03831998258829117
1768416587875797000,7.336796875,-0.08276929706335068,0.022177690640091896,-0.04042574763298035
1768416587885798000,7.3467978515625,-0.07344962656497955,0.005286108702421188,-0.04654891788959503
1768416587895799000,7.356799072265625,-0.06282707303762436,-0.03430124744772911,-0.0349990539252758
1768416587905801000,7.366801025390625,-0.045023851096630096,-0.06081126630306244,-0.013722484931349754
1768416587915802000,7.376802001953125,-0.04041524976491928,-0.0675157681107521,0.004124688915908337
1768416587925803000,7.386802978515625,-0.050439245998859406,-0.07393652945756912,0.008921023458242416
1768416587935805200,7.39680517578125,-0.05462866649031639,-0.06302475929260254,0.018017848953604698
1768416587945806000,7.40680615234375,-0.04497724771499634,-0.05274461582303047,0.04549383372068405
1768416587955807000,7.416806884765625,-0.0282113179564476,-0.05809277668595314,0.06040247529745102
1768416587965807900,7.426807861328125,-0.02471006102859974,-0.06677813827991486,0.06819088757038116
1768416587975810000,7.43681005859375,-0.02645469643175602,-0.06980215758085251,0.056094810366630554
1768416587985811000,7.44681103515625,-0.02908356301486492,-0.08749373257160187,0.03162303566932678
1768416587995811800,7.456811767578125,-0.025505073368549347,-0.08711370080709457,0.010539324022829533
1768416588005814000,7.46681396484375,-0.019296780228614807,-0.09956899285316467,0.011764077469706535
1768416588015815000,7.47681494140625,-0.008760250173509121,-0.11556579917669296,0.023201556876301765
1768416588025816000,7.486816162109375,-0.00010517961345613003,-0.10231615602970123,0.03421389311552048
1768416588035817000,7.49681689453125,0.01083988044410944,-0.0921519324183464,0.05295882001519203
1768416588045819100,7.506819091796875,0.018909860402345657,-0.09322991967201233,0.06735026836395264
1768416588055820000,7.516820068359375,0.020810026675462723,-0.0917915478348732,0.06867146492004395
1768416588065821000,7.526821044921875,0.019780585542321205,-0.08285397291183472,0.05965588241815567
1768416588075823000,7.536822998046875,0.011723191477358341,-0.055462293326854706,0.038507454097270966
1768416588085824000,7.546823974609375,0.007642430253326893,-0.03443983197212219,0.02312769927084446
1768416588095825000,7.556824951171875,0.003683108603581786,-0.019182847812771797,0.024410277605056763
1768416588105827000,7.5668271484375,-0.0026463628746569157,-0.007237511686980724,0.02565569244325161
1768416588115828000,7.576827880859375,-0.011435326188802719,-0.009600267745554447,0.034409768879413605
1768416588125828900,7.586828857421875,-0.009831170551478863,-0.019910108298063278,0.04763780161738396
1768416588135830000,7.596830078125,-0.004478217102587223,-0.0072323959320783615,0.05312684178352356
1768416588145832000,7.60683203125,0.001347774756141007,0.0002548538614064455,0.04737569019198418
1768416588155833000,7.6168330078125,0.008163869380950928,-0.008906153962016106,0.027868300676345825
1768416588165834000,7.626833984375,0.009704315103590488,-0.012706201523542404,0.007244683802127838
1768416588175836200,7.636836181640625,0.0014301403425633907,-0.005454148165881634,-0.006985118146985769
1768416588185837000,7.646837158203125,-0.008091659285128117,0.012624559924006462,-0.005449728574603796
1768416588195838000,7.656837890625,-0.013393746688961983,0.021913133561611176,0.01798262633383274
1768416588205840100,7.666840087890625,-0.015275802463293076,0.023717157542705536,0.037818118929862976
1768416588215841000,7.676841064453125,-0.010708748362958431,0.019208693876862526,0.03819895163178444
1768416588225842000,7.686842041015625,-0.005132430233061314,0.011820690706372261,0.027628738433122635
1768416588235842800,7.6968427734375,0.0015529030933976173,-0.0003736575599759817,0.013426098972558975
1768416588245845000,7.706844970703125,0.0040643298998475075,-0.009142542257905006,0.002284842077642679
1768416588255846100,7.71684619140625,0.0020246151834726334,-0.009063180536031723,-0.004515539389103651
1768416588265847000,7.726846923828125,-0.0056044673547148705,-0.022769011557102203,-0.002686088904738426
1768416588275849200,7.73684912109375,-0.009323571808636189,-0.03201577439904213,0.00717373238876462
1768416588285850000,7.74685009765625,-0.017324376851320267,-0.02328849397599697,0.008662903681397438
1768416588295851000,7.75685107421875,-0.023391058668494225,-0.013253970071673393,-0.002494675572961569
1768416588305852000,7.766851806640625,-0.023144647479057312,-0.014431136660277843,-0.00997972209006548
1768416588315854000,7.77685400390625,-0.019975485280156136,-0.0185965858399868,-0.002328460570424795
1768416588325855200,7.786855224609375,-0.017786704003810883,-0.018358295783400536,-0.008201519027352333
1768416588335856000,7.796856201171875,-0.014019129797816277,-0.025315269827842712,-0.02075166627764702
1768416588345858000,7.806858154296875,-0.015425662510097027,-0.027022700756788254,-0.029117602854967117
1768416588355859000,7.81685888671875,-0.020124277099967003,-0.02145669423043728,-0.031204987317323685
1768416588365860000,7.826860107421875,-0.02376115880906582,-0.02429184503853321,-0.020332399755716324
1768416588375861200,7.836861328125,-0.024173149839043617,-0.03488963097333908,-0.008904777467250824
1768416588385863200,7.84686328125,-0.021907206624746323,-0.04031902924180031,-0.00742355128750205
1768416588395864300,7.8568642578125,-0.01623227633535862,-0.05206356942653656,0.0008450306486338377
1768416588405865200,7.866865234375,-0.009773649275302887,-0.058924466371536255,0.0050749387592077255
1768416588415867100,7.8768671875,-0.009540621191263199,-0.056805387139320374,-0.002771532628685236
1768416588425868000,7.886867919921875,-0.013345670886337757,-0.06112927943468094,-0.00518764927983284
1768416588435869200,7.896869140625,-0.020955920219421387,-0.05874015763401985,0.0015754485502839088
1768416588445871000,7.90687109375,-0.03352358937263489,-0.03726471588015556,0.017351288348436356
1768416588455872000,7.9168720703125,-0.03805043175816536,-0.023981669917702675,0.03249349072575569
1768416588465873200,7.926873046875,-0.037928447127342224,-0.015590027906000614,0.031909506767988205
1768416588475874300,7.936874267578125,-0.04426943510770798,-0.012353754602372646,0.028607986867427826
1768416588485876000,7.9468759765625,-0.053051818162202835,-0.028172103688120842,0.03059515357017517
1768416588495877400,7.95687744140625,-0.06910508871078491,-0.05056023597717285,0.03306124359369278
1768416588505878300,7.966878173828125,-0.08409854769706726,-0.06455513834953308,0.027503514662384987
1768416588515880200,7.976880126953125,-0.09441430121660233,-0.06830086559057236,0.0261375792324543
1768416588525881000,7.986881103515625,-0.09678071737289429,-0.06496793031692505,0.03469976410269737
1768416588535882200,7.99688232421875,-0.09713119268417358,-0.06879755854606628,0.03281371295452118
1768416588545883100,8.006883056640625,-0.10453331470489502,-0.07645557075738907,0.016847863793373108
1768416588555885000,8.016885009765625,-0.11926592141389847,-0.08763392269611359,-0.0008475105278193951
1768416588565886200,8.02688623046875,-0.13620568811893463,-0.09483835846185684,-0.015508177690207958
1768416588575887000,8.03688720703125,-0.15364938974380493,-0.09225323051214218,-0.012050063349306583
1768416588585889000,8.046888916015625,-0.16894233226776123,-0.08300700038671494,-0.004729033447802067
1768416588595890000,8.056889892578125,-0.18328770995140076,-0.06836067885160446,-0.005603083409368992
1768416588605891300,8.066891357421875,-0.19781632721424103,-0.05555109679698944,-0.0072174035012722015
1768416588615892200,8.076892333984375,-0.20808574557304382,-0.041065096855163574,-0.014089957810938358
1768416588625894100,8.08689404296875,-0.20736542344093323,-0.029237041249871254,-0.02647746168076992
1768416588635895300,8.096895263671875,-0.20137250423431396,-0.022374873980879784,-0.030410418286919594
1768416588645896200,8.106896240234375,-0.18486563861370087,-0.030101865530014038,-0.019295502454042435
1768416588655898000,8.116898193359376,-0.16067028045654297,-0.04203149303793907,-0.0076974364928901196
1768416588665899000,8.12689892578125,-0.13892649114131927,-0.048224132508039474,-0.0020070355385541916
1768416588675900200,8.136900146484376,-0.11646459996700287,-0.05752841755747795,-0.0025005191564559937
1768416588685902000,8.146902099609376,-0.09816975146532059,-0.055681049823760986,-0.0032556611113250256
1768416588695903000,8.156903076171876,-0.0729655995965004,-0.05143410339951515,-0.001553368754684925
1768416588705904000,8.166904052734376,-0.05802313610911369,-0.04807981103658676,0.000444888137280941
1768416588715905300,8.1769052734375,-0.04773667827248573,-0.04752054810523987,0.006389596499502659
1768416588725907200,8.1869072265625,-0.0568540133535862,-0.028691310435533524,0.015035592019557953
1768416588735908000,8.196908203125,-0.06191188469529152,-0.019420314580202103,0.008142532780766487
1768416588745909200,8.2069091796875,-0.067549929022789,-0.017054084688425064,0.011154858395457268
1768416588755911200,8.2169111328125,-0.0664076954126358,-0.024647820740938187,0.014487271197140217
1768416588765912000,8.226912109375,-0.06067231297492981,-0.03849375247955322,0.01478763297200203
1768416588775913200,8.236913330078124,-0.0494135357439518,-0.04167623072862625,0.011052548885345459
1768416588785914000,8.2469140625,-0.03945110738277435,-0.04013115540146828,0.01153186522424221
1768416588795916000,8.256916015625,-0.033687490969896317,-0.042360223829746246,0.01946595497429371
1768416588805917200,8.266917236328124,-0.02577497996389866,-0.046038802713155746,0.008117780089378357
1768416588815918000,8.27691796875,-0.023807169869542122,-0.06619786471128464,0.0024468442425131798
1768416588825920000,8.286919921875,-0.017103396356105804,-0.08232294023036957,-0.0007446100935339928
1768416588835921200,8.296921142578125,-0.010606614872813225,-0.07697877287864685,-0.013626586645841599
1768416588845922300,8.30692236328125,-0.0062857759185135365,-0.0605839379131794,-0.021697010844945908
1768416588855923200,8.316923095703125,-0.00996546633541584,-0.04403319209814072,-0.0246611088514328
1768416588865925000,8.326925048828125,-0.005905935540795326,-0.03988690301775932,-0.036783650517463684
1768416588875926300,8.33692626953125,-0.0017231744714081287,-0.04240784794092178,-0.06259394437074661
1768416588885927200,8.34692724609375,-0.0006871386431157589,-0.04668131843209267,-0.07403027266263962
1768416588895929000,8.35692919921875,0.00127294787671417,-0.047154828906059265,-0.0671478658914566
1768416588905930000,8.366929931640625,0.00825515016913414,-0.031432874500751495,-0.07066953182220459
1768416588915931100,8.37693115234375,0.015921857208013535,-0.016390541568398476,-0.07736311852931976
1768416588925932300,8.386932373046875,0.02384050562977791,-0.012437012046575546,-0.08634743094444275
1768416588935934000,8.396933837890625,0.022985897958278656,-0.0010274969972670078,-0.09922754019498825
1768416588945935400,8.406935302734375,0.01955781690776348,0.021844910457730293,-0.09590142220258713
1768416588955936300,8.416936279296875,0.019705355167388916,0.028713202103972435,-0.08775108307600021
1768416588965938200,8.426938232421875,0.018362052738666534,0.0245366133749485,-0.08798029273748398
1768416588975939000,8.43693896484375,0.017176944762468338,0.012979026883840561,-0.09086795896291733
1768416588985940200,8.446940185546875,0.01758149079978466,0.012235648930072784,-0.08000589907169342
1768416588995942100,8.456942138671875,0.023013273254036903,0.02460390143096447,-0.06984727084636688
1768416589005943000,8.466943115234375,0.02816961146891117,0.019952252507209778,-0.06554647535085678
1768416589015944200,8.476944091796875,0.02563375048339367,0.006030844524502754,-0.06591293215751648
1768416589025945000,8.486945068359375,0.020417358726263046,-0.006871410645544529,-0.06613284349441528
1768416589035947000,8.496947021484376,0.01732330024242401,-0.011655513197183609,-0.0629064291715622
1768416589045948200,8.5069482421875,0.014221632853150368,-0.007851798087358475,-0.05765696242451668
1768416589055949300,8.51694921875,0.012941984459757805,0.0066352663561701775,-0.052098680287599564
1768416589065951200,8.526951171875,0.013888945803046227,0.017681218683719635,-0.0471762977540493
1768416589075952000,8.5369521484375,0.011624460108578205,0.024301040917634964,-0.039072565734386444
1768416589085953300,8.546953369140626,0.006811060011386871,0.026813620701432228,-0.03533797338604927
1768416589095954200,8.5569541015625,0.0014013806357979774,0.02218877524137497,-0.03420532867312431
1768416589105956000,8.5669560546875,-0.001059316797181964,0.015364419668912888,-0.036395926028490067
1768416589115957200,8.576957275390624,-0.002591166878119111,0.007501703687012196,-0.03465688228607178
1768416589125958100,8.586958251953124,-0.0035083619877696037,0.013481986708939075,-0.035017430782318115
1768416589135960000,8.5969599609375,-0.006052479613572359,0.023371368646621704,-0.026291050016880035
1768416589145961000,8.6069609375,-0.004164496436715126,0.02989073656499386,-0.026978645473718643
1768416589155962000,8.616962158203124,-0.006604750640690327,0.032271068543195724,-0.02431308664381504
1768416589165963300,8.62696337890625,-0.006911078002303839,0.03493237495422363,-0.02629060484468937
1768416589175965200,8.636965087890625,-0.012664305046200752,0.035422928631305695,-0.031433701515197754
1768416589185966300,8.64696630859375,-0.01887786202132702,0.02962292917072773,-0.029816165566444397
1768416589195967200,8.65696728515625,-0.0230393186211586,0.027772298082709312,-0.026867780834436417
1768416589205969200,8.66696923828125,-0.020847667008638382,0.02731866016983986,-0.027954014018177986
1768416589215970000,8.676969970703125,-0.02191159874200821,0.01855047047138214,-0.02810767851769924
1768416589225971200,8.68697119140625,-0.025034694001078606,0.014505861327052116,-0.029863372445106506
1768416589235972000,8.69697216796875,-0.016902998089790344,0.015771130099892616,-0.027563996613025665
1768416589245974000,8.70697412109375,-0.013842098414897919,0.024635450914502144,-0.024274485185742378
1768416589255975200,8.71697509765625,-0.012785356491804123,0.02455129474401474,-0.026722995564341545
1768416589265976000,8.72697607421875,-0.017500797286629677,0.02270543947815895,-0.0266584400087595
1768416589275978000,8.73697802734375,-0.022823391482234,0.015405980870127678,-0.03167450428009033
1768416589285979100,8.746979248046875,-0.023893659934401512,-0.0011299231555312872,-0.035340894013643265
1768416589295980300,8.756980224609375,-0.02261481061577797,-0.010513571090996265,-0.04234261065721512
1768416589305981200,8.766981201171875,-0.016819827258586884,-0.012430975213646889,-0.05011609569191933
1768416589315983000,8.776983154296875,-0.012633603997528553,-0.016810543835163116,-0.05325889214873314
1768416589325984000,8.78698388671875,-0.012750585563480854,-0.018675506114959717,-0.056874435395002365
1768416589335985000,8.79698486328125,-0.020080404356122017,-0.009534205310046673,-0.054596368223428726
1768416589345987000,8.806987060546875,-0.02716880850493908,-0.000037694815546274185,-0.05572192743420601
1768416589355988000,8.816988037109375,-0.02729477547109127,-0.0009602138306945562,-0.05332774668931961
1768416589365988900,8.82698876953125,-0.025718381628394127,-0.003468428971245885,-0.05677863955497742
1768416589375991000,8.836990966796876,-0.023417677730321884,-0.008494080044329166,-0.051224082708358765
1768416589385992000,8.846991943359376,-0.018290633335709572,-0.012257298454642296,-0.03965339437127113
1768416589395993000,8.8569931640625,-0.012191195972263813,-0.02045264281332493,-0.03043486177921295
1768416589405994000,8.866993896484376,-0.002782452153041959,-0.02286798134446144,-0.021155178546905518
1768416589415996200,8.87699609375,0.00585231464356184,-0.02153240703046322,-0.024146707728505135
1768416589425997000,8.8869970703125,0.004924209788441658,-0.01630881428718567,-0.02750295400619507
1768416589435998000,8.896998046875,0.0035412306897342205,-0.004932323936372995,-0.01950734481215477
1768416589446000000,8.907000244140624,0.005551714450120926,0.0063384342938661575,-0.011550232768058777
1768416589456001000,8.9170009765625,0.004735988099128008,0.007957370020449162,-0.007027651648968458
1768416589466002000,8.927001953125,0.00028657668735831976,-0.0008512514177709818,-0.018710440024733543
1768416589476002800,8.9370029296875,0.0018213563598692417,-0.011022662743926048,-0.021388249471783638
1768416589486005000,8.9470048828125,0.004887922666966915,-0.005861184559762478,-0.015817835927009583
1768416589496006000,8.957005859375,0.004799239337444305,-0.0014672349207103252,-0.029837246984243393
1768416589506007000,8.967007080078124,0.007991106249392033,-0.0035469476133584976,-0.05144024267792702
1768416589516009200,8.97700927734375,0.008416146971285343,0.011652511544525623,-0.037824299186468124
1768416589526010000,8.987010009765624,0.007986510172486305,0.02448580227792263,-0.021299686282873154
1768416589536011000,8.997010986328124,0.00509857852011919,0.023749439045786858,-0.0009137210436165333
1768416589546012000,9.007011962890624,0.003076978726312518,0.017363399267196655,0.012404394336044788
1768416589556014000,9.01701416015625,0.0007429843535646796,0.0019207936711609364,0.005906547419726849
1768416589566015000,9.027014892578125,0.005160295404493809,-0.010393568314611912,-0.006423835176974535
1768416589576016000,9.037015869140625,0.010959595441818237,-0.012388275936245918,-0.018146004527807236
1768416589586018000,9.04701806640625,0.008729062974452972,-0.008931281976401806,-0.022810643538832664
1768416589596019000,9.05701904296875,0.0014719496248289943,-0.014461868442595005,-0.023190144449472427
1768416589606020000,9.06702001953125,-0.0012875497341156006,-0.027120988816022873,-0.01631489396095276
1768416589616021000,9.07702099609375,0.0007598885567858815,-0.022792287170886993,-0.011224260553717613
1768416589626023200,9.087023193359375,0.004079596139490604,-0.002027869690209627,-0.004450073931366205
1768416589636024000,9.097024169921875,0.006271909922361374,0.014904774725437164,-0.001865210011601448
1768416589646025000,9.10702490234375,0.001286930637434125,0.02053745463490486,-0.001392978709191084
1768416589656027100,9.117027099609375,0.0033474182710051537,0.017603449523448944,-0.003929639235138893
1768416589666028000,9.127028076171875,0.006472179666161537,0.0066447146236896515,-0.004255929496139288
1768416589676029000,9.13702880859375,0.0059275636449456215,0.009473524056375027,0.0014381750952452421
1768416589686029800,9.14702978515625,0.009212955832481384,0.021286586299538612,-0.0009784940630197525
1768416589696032000,9.157031982421875,0.011075836606323719,0.033565886318683624,-0.0020264480262994766
1768416589706033000,9.167032958984375,0.016579609364271164,0.038587626069784164,-0.00037018908187747
1768416589716034000,9.177033935546875,0.022785307839512825,0.03939616307616234,-0.0002918918617069721
1768416589726036000,9.187035888671875,0.02193215861916542,0.036549344658851624,-0.004851558245718479
1768416589736037000,9.197037109375,0.019869273528456688,0.04021944850683212,-0.003951942548155785
1768416589746038000,9.2070380859375,0.015733789652585983,0.04373205453157425,0.006991587113589048
1768416589756039200,9.2170390625,0.015224060043692589,0.04043186828494072,0.00936899147927761
1768416589766041000,9.227041015625,0.013681488111615181,0.04661977291107178,0.016402099281549454
1768416589776042000,9.2370419921875,0.012070808559656143,0.046719107776880264,0.02125038392841816
1768416589786043000,9.24704296875,0.011632177978754044,0.040600962936878204,0.02211391180753708
1768416589796045000,9.257045166015626,0.01344978529959917,0.03568503260612488,0.022810062393546104
1768416589806046000,9.2670458984375,0.0185087937861681,0.027218792587518692,0.027450652793049812
1768416589816046800,9.277046875,0.020070204511284828,0.0045076217502355576,0.03672537952661514
1768416589826048300,9.28704833984375,0.020273003727197647,-0.01764114573597908,0.03514787554740906
1768416589836050000,9.2970498046875,0.01925887167453766,-0.025837289169430733,0.030937951058149338
1768416589846051000,9.307051025390624,0.016048377379775047,-0.022773517295718193,0.026937631890177727
1768416589856052000,9.317052001953124,0.012805446982383728,-0.006365249864757061,0.022050730884075165
1768416589866054100,9.32705419921875,0.011082428507506847,0.005514441058039665,0.024675125256180763
1768416589876055000,9.337054931640624,0.01214875839650631,0.015467207878828049,0.02616436593234539
1768416589886056000,9.347055908203124,0.00983421690762043,0.01968301273882389,0.02380458638072014
1768416589896057000,9.35705712890625,0.010862729512155056,0.026268478482961655,0.02002609521150589
1768416589906059000,9.36705908203125,0.007951638661324978,0.036300137639045715,0.017376653850078583
1768416589916060000,9.377059814453125,0.0032165381126105785,0.03525564447045326,0.015403250232338905
1768416589926060800,9.387060791015625,-0.00010057352483272552,0.02549823559820652,0.016831787303090096
1768416589936063000,9.39706298828125,-0.003191704396158457,0.006114417687058449,0.02198607102036476
1768416589946064000,9.40706396484375,-0.0037512974813580513,-0.017582915723323822,0.019647426903247833
1768416589956065000,9.41706494140625,-0.007142034359276295,-0.02544563263654709,0.012394573539495468
1768416589966066200,9.427066162109375,-0.010585297830402851,-0.01395062543451786,0.0134000638499856
1768416589976068000,9.437068115234375,-0.006372709292918444,-0.004952603485435247,0.01950482651591301
1768416589986069000,9.447069091796875,-0.007756427861750126,-0.014833047054708004,0.025586053729057312
1768416589996070000,9.45706982421875,-0.005261579528450966,-0.022436372935771942,0.025740250945091248
1768416590006072000,9.467072021484375,0.0027350918389856815,-0.025004036724567413,0.022893108427524567
1768416590016073000,9.477072998046875,0.007575387135148048,-0.02593800611793995,0.026376258581876755
1768416590026073900,9.487073974609375,0.010806945152580738,-0.02326391078531742,0.034791216254234314
1768416590036075000,9.497074951171875,0.009005582891404629,-0.023165639489889145,0.032153356820344925
1768416590046077000,9.507076904296875,0.0026113330386579037,-0.0294048935174942,0.019402673467993736
1768416590056078000,9.517078125,-0.0006305328570306301,-0.03666999563574791,0.014359179884195328
1768416590066079200,9.527079345703125,-0.002476774388924241,-0.032485537230968475,0.02575317956507206
1768416590076081200,9.5370810546875,-0.0068321083672344685,-0.024982083588838577,0.027820857241749763
1768416590086082000,9.54708203125,-0.006660875864326954,-0.01944064162671566,0.02486993931233883
1768416590096083000,9.5570830078125,-0.006445691920816898,-0.016867762431502342,0.019374506548047066
1768416590106084000,9.567083984375,-0.0041119554080069065,-0.023599635809659958,0.022732354700565338
1768416590116086000,9.5770859375,-0.006428638938814402,-0.03556255251169205,0.02576409839093685
1768416590126087000,9.5870869140625,-0.010295216925442219,-0.0419902540743351,0.026098402217030525
1768416590136088000,9.597088134765626,-0.009812652133405209,-0.05415450781583786,0.020870618522167206
1768416590146090000,9.607090087890626,-0.007996711879968643,-0.07065699994564056,0.01670726388692856
1768416590156091000,9.6170908203125,-0.0068121375516057014,-0.06653789430856705,0.021564338356256485
1768416590166092000,9.627092041015626,-0.011515549384057522,-0.057644378393888474,0.016369618475437164
1768416590176093200,9.63709326171875,-0.01677236333489418,-0.04984770715236664,0.010013451799750328
1768416590186095000,9.64709521484375,-0.019004805013537407,-0.04407000541687012,0.008080613799393177
1768416590196096000,9.657095947265624,-0.017950724810361862,-0.033305246382951736,0.007534665986895561
1768416590206097200,9.66709716796875,-0.017506444826722145,-0.024487413465976715,0.008913461118936539
1768416590216099000,9.67709912109375,-0.014913324266672134,-0.015324540436267853,0.021663345396518707
1768416590226100000,9.687099853515624,-0.011657150462269783,-0.006663468666374683,0.024091623723506927
1768416590236100900,9.697100830078124,-0.010142344981431961,-0.00591884832829237,0.02128278836607933
1768416590246102000,9.70710205078125,-0.005851328372955322,-0.005009434185922146,0.02437647059559822
1768416590256104000,9.71710400390625,0.0004755434929393232,-0.00855623185634613,0.027957888320088387
1768416590266104800,9.727104736328124,-0.002800554735586047,-0.0059531135484576225,0.023014549165964127
1768416590276106200,9.737106201171875,-0.005205655470490456,0.004491005092859268,0.016185671091079712
1768416590286108000,9.74710791015625,-0.008386310189962387,0.023040859028697014,0.011751394718885422
1768416590296109000,9.757109130859375,-0.006950333248823881,0.03564612939953804,0.009251484647393227
1768416590306110000,9.76710986328125,-0.0023332959972321987,0.04134277254343033,0.008310728706419468
1768416590316111000,9.777111083984375,-0.004347977228462696,0.03779491037130356,0.01334463618695736
1768416590326113000,9.787113037109375,-0.0026173924561589956,0.03478579968214035,0.01640845648944378
1768416590336114000,9.797114013671875,-0.0038752031978219748,0.04368555173277855,0.020116377621889114
1768416590346115000,9.807114990234375,-0.004870489239692688,0.06121022254228592,0.012637566775083542
1768416590356117000,9.817116943359375,-0.013274626806378365,0.06772883981466293,0.0016008943784981966
1768416590366118000,9.827117919921875,-0.020389597862958908,0.05615852028131485,-0.011989249847829342
1768416590376119000,9.837119140625,-0.030708815902471542,0.020696667954325676,-0.020087655633687973
1768416590386120200,9.8471201171875,-0.03228720277547836,-0.027342235669493675,-0.010470861569046974
1768416590396121900,9.857121826171875,-0.02434432879090309,-0.06442596018314362,-0.0004110373556613922
1768416590406123000,9.867123046875,-0.019583191722631454,-0.07391532510519028,0.005598797928541899
1768416590416124200,9.877124267578125,-0.0053691016510128975,-0.06863746792078018,0.01215336937457323
1768416590426126000,9.8871259765625,0.0007406630320474505,-0.04397488385438919,0.025710292160511017
1768416590436127000,9.897126953125,-0.001179476035758853,-0.026738910004496574,0.03215647488832474
1768416590446128000,9.907128173828125,-0.008518951013684273,-0.01689235307276249,0.02942936308681965
1768416590456129000,9.91712890625,-0.018414992839097977,-0.006705229636281729,0.02167503722012043
1768416590466131000,9.927130859375,-0.024554047733545303,-0.0032716214191168547,0.008940987288951874
1768416590476131800,9.9371318359375,-0.02622384950518608,0.0067173633724451065,0.008840586058795452
1768416590486133000,9.947133056640626,-0.02297339215874672,0.00316092767752707,0.013895299285650253
1768416590496135000,9.957135009765626,-0.023506024852395058,0.013009296730160713,0.01529479119926691
1768416590506136000,9.967135986328126,-0.026749808341264725,0.01121135801076889,0.018375862389802933
1768416590516137200,9.97713720703125,-0.027488570660352707,0.006750296801328659,0.017960408702492714
1768416590526138000,9.98713818359375,-0.022445356473326683,-0.001049213344231248,0.01717175357043743
1768416590536140000,9.99714013671875,-0.016788270324468613,-0.0015866393223404884,0.016474004834890366
1768416590546141000,10.007140869140626,-0.01047038659453392,-0.002854465041309595,0.015778731554746628
1768416590556142000,10.01714208984375,-0.009331885725259781,-0.00017106393352150917,0.014474048279225826
1768416590566143000,10.02714306640625,-0.009020145982503891,-0.006327793933451176,0.012623089365661144
1768416590576145000,10.037144775390624,-0.014511583372950554,-0.008235416375100613,0.009233951568603516
1768416590586146000,10.04714599609375,-0.013206192292273045,-0.010309567674994469,0.0041456748731434345
1768416590596147000,10.05714697265625,-0.011551570147275925,-0.00950555969029665,-0.004505603574216366
1768416590606148900,10.06714892578125,-0.015767551958560944,-0.0032527735456824303,-0.00982976146042347
1768416590616150000,10.07714990234375,-0.014678851701319218,-0.00875353254377842,-0.0027982168830931187
1768416590626151200,10.087151123046874,-0.01538005005568266,-0.01436383742839098,-0.0019906535744667053
1768416590636152000,10.097152099609374,-0.012561625801026821,-0.026994679123163223,-0.01664736121892929
1768416590646154000,10.107154052734375,-0.012040109373629093,-0.030631009489297867,-0.030707750469446182
1768416590656155100,10.117155029296875,-0.007421921938657761,-0.03345875442028046,-0.01973872445523739
1768416590666156000,10.127156005859375,-0.005937752779573202,-0.018694253638386726,-0.013512123376131058
1768416590676158000,10.137157958984375,-0.009529824368655682,-0.0014990214258432388,-0.02622498944401741
1768416590686159000,10.1471591796875,-0.010685304179787636,-0.00020834826864302158,-0.03323142230510712
1768416590696160000,10.157159912109375,-0.012229670770466328,-0.009717164561152458,-0.0274190753698349
1768416590706161000,10.167160888671875,-0.01408341433852911,-0.01621142402291298,-0.02035278081893921
1768416590716162800,10.177162841796875,-0.011266854591667652,-0.016953378915786743,-0.005953867919743061
1768416590726164200,10.187164306640625,-0.004379935562610626,-0.019094204530119896,0.00040620029903948307
1768416590736165000,10.1971650390625,-0.0006336665246635675,-0.019884364679455757,-0.004552606027573347
1768416590746167000,10.2071669921875,0.009875645861029625,-0.012741540558636189,-0.01647019200026989
1768416590756168200,10.217168212890625,0.015043776482343674,0.0002373747993260622,-0.027703139930963516
1768416590766169000,10.227169189453125,0.01612773723900318,0.003142657456919551,-0.03582077845931053
1768416590776170000,10.237169921875,0.01935522072017193,0.004479298368096352,-0.03786848485469818
1768416590786172000,10.247171875,0.022051941603422165,0.003211477305740118,-0.034561146050691605
1768416590796173000,10.257173095703125,0.021736091002821922,0.01575176976621151,-0.027583668008446693
1768416590806174000,10.267174072265625,0.025217832997441292,0.036962080746889114,-0.018070269376039505
1768416590816175900,10.27717578125,0.029307115823030472,0.046770770102739334,-0.013637702912092209
1768416590826177000,10.287177001953125,0.028165291994810104,0.05687374621629715,-0.011968942359089851
1768416590836178200,10.29717822265625,0.023160681128501892,0.060455963015556335,-0.014323709532618523
1768416590846179000,10.307178955078125,0.02315555140376091,0.06558366119861603,-0.017295032739639282
1768416590856181000,10.317180908203126,0.02291639894247055,0.06414129585027695,-0.02300112135708332
1768416590866182100,10.32718212890625,0.01984231360256672,0.05924028158187866,-0.022608570754528046
1768416590876183000,10.33718310546875,0.01554157491773367,0.05061456561088562,-0.02094276435673237
1768416590886185000,10.34718505859375,0.013238021172583103,0.04116595536470413,-0.028509698808193207
1768416590896186000,10.35718603515625,0.009242746978998184,0.037697456777095795,-0.03330179303884506
1768416590906187000,10.36718701171875,0.005175618454813957,0.03603610396385193,-0.03545577451586723
1768416590916188000,10.37718798828125,0.0008232141262851655,0.03087702766060829,-0.03796420618891716
1768416590926190000,10.387190185546874,-0.002075166441500187,0.02702903188765049,-0.03313974291086197
1768416590936191000,10.39719091796875,-0.001834683120250702,0.020433979108929634,-0.023487646132707596
1768416590946192100,10.407192138671874,-0.005289528518915176,0.017518144100904465,-0.023314550518989563
1768416590956194000,10.417194091796874,-0.011617199517786503,0.01312392856925726,-0.03240391984581947
1768416590966195200,10.4271953125,-0.01706364005804062,0.007082216441631317,-0.04222526401281357
1768416590976196000,10.437196044921874,-0.019454626366496086,0.0058382535353302956,-0.0433318056166172
1768416590986197000,10.447197021484374,-0.020922832190990448,0.0011387285776436329,-0.0368213951587677
1768416590996199200,10.45719921875,-0.014503014273941517,-0.002604876644909382,-0.03110971488058567
1768416591006200000,10.467199951171875,-0.006092356517910957,0.003046451136469841,-0.023839086294174194
1768416591016201000,10.477200927734375,0.002883561421185732,0.00797329843044281,-0.013247962109744549
1768416591026203000,10.487202880859375,0.004381927661597729,0.010738519951701164,-0.010253247804939747
1768416591036204000,10.4972041015625,0.0033347727730870247,0.021705416962504387,-0.012520928867161274
1768416591046205000,10.507204833984375,0.0010945872636511922,0.03809701278805733,-0.014366688206791878
1768416591056206000,10.5172060546875,-0.01037005428224802,0.07314953953027725,-0.013343501836061478
1768416591066208000,10.5272080078125,-0.008001172915101051,0.06266893446445465,-0.021821675822138786
1768416591076209200,10.537209228515625,-0.00092275720089674,0.054502882063388824,-0.024835042655467987
1768416591086210000,10.5472099609375,0.0005401894450187683,0.041301921010017395,-0.026844672858715057
1768416591096211000,10.5572109375,0.00479538831859827,0.025006305426359177,-0.03354278951883316
1768416591106213000,10.567213134765625,0.009147738106548786,0.02287813276052475,-0.03975348919630051
1768416591116214000,10.577214111328125,0.008306711912155151,0.03655586391687393,-0.0442638173699379
1768416591126215000,10.58721484375,0.011456755921244621,0.0516984798014164,-0.04911406710743904
1768416591136217000,10.597217041015625,0.012699387036263943,0.05623437836766243,-0.055999137461185455
1768416591146218000,10.607218017578125,0.011401096358895302,0.06805587559938431,-0.06221548840403557
1768416591156219000,10.617218994140625,0.010223712772130966,0.0737992525100708,-0.06330952048301697
1768416591166220000,10.627219970703125,0.0068842400796711445,0.07498510926961899,-0.057778775691986084
1768416591176222200,10.63722216796875,0.002693756017833948,0.07536434382200241,-0.04688405245542526
1768416591186223000,10.64722314453125,0.0022903389763087034,0.06811343878507614,-0.04035767912864685
1768416591196224000,10.65722412109375,0.006844877265393734,0.05612334981560707,-0.03655468299984932
1768416591206226200,10.66722607421875,0.015957117080688477,0.040707312524318695,-0.027111627161502838
1768416591216227000,10.67722705078125,0.022452834993600845,0.019164204597473145,-0.017040081322193146
1768416591226228000,10.68722802734375,0.023576052859425545,0.0035508982837200165,-0.005162785295397043
1768416591236228900,10.697228759765625,0.019444957375526428,-0.013224619440734386,0.000152618158608675
1768416591246231000,10.70723095703125,0.006716188043355942,-0.022937949746847153,-0.0007436322048306465
1768416591256232000,10.71723193359375,-0.003049889812245965,-0.029232332482933998,0.00907757319509983
1768416591266233000,10.727233154296876,-0.011121662333607674,-0.027412481606006622,0.026872506365180016
1768416591276235000,10.737235107421874,-0.01951115019619465,-0.015589113347232342,0.027242951095104218
1768416591286236200,10.747236083984374,-0.021336477249860764,-0.0049142539501190186,0.01848350465297699
1768416591296237000,10.757237060546874,-0.022901616990566254,-0.006591512821614742,0.017178822308778763
1768416591306238000,10.767238037109376,-0.03436440974473953,-0.012485531158745289,0.025675011798739433
1768416591316240000,10.777239990234374,-0.04011177644133568,-0.018704544752836227,0.041569288820028305
1768416591326241000,10.787240966796874,-0.043754301965236664,-0.03661194071173668,0.05083782970905304
1768416591336242000,10.797241943359374,-0.0333075188100338,-0.061857376247644424,0.0513659343123436
1768416591346243800,10.807243896484374,-0.020341401919722557,-0.07214492559432983,0.05226976051926613
1768416591356245000,10.817244873046874,-0.008991807699203491,-0.06599967926740646,0.046843305230140686
1768416591366246000,10.827245849609374,-0.006328713148832321,-0.07309790700674057,0.04100664332509041
1768416591376247000,10.8372470703125,-0.007297038100659847,-0.08325786888599396,0.038460660725831985
1768416591386248700,10.847248779296875,-0.010053591802716255,-0.08783160895109177,0.038487907499074936
1768416591396250000,10.85725,-0.010106855072081089,-0.0852145180106163,0.039506834000349045
1768416591406251000,10.8672509765625,-0.010521378368139267,-0.08540259301662445,0.0407155305147171
1768416591416253000,10.8772529296875,-0.00741027295589447,-0.08508514612913132,0.04684346169233322
1768416591426254000,10.887254150390625,-0.010087752714753151,-0.09704620391130447,0.04310210794210434
1768416591436255000,10.8972548828125,-0.008331398479640484,-0.10219329595565796,0.03334695100784302
1768416591446255900,10.907255859375,-0.008613554760813713,-0.09312746673822403,0.023459501564502716
1768416591456258000,10.917258056640625,-0.008617282845079899,-0.07904546707868576,0.00969948060810566
1768416591466259000,10.927259033203125,-0.004655651748180389,-0.06669806689023972,0.003247666172683239
1768416591476259800,10.937259765625,0.004401226527988911,-0.06805628538131714,0.00043430295772850513
1768416591486261800,10.94726171875,0.011611275374889374,-0.06675861775875092,-0.00150985736399889
1768416591496263000,10.957262939453125,0.016573810949921608,-0.05607987567782402,-0.006891306955367327
1768416591506264000,10.96726416015625,0.022248873487114906,-0.03910110518336296,-0.011668907478451729
1768416591516265000,10.977264892578125,0.02539273537695408,-0.036180946975946426,-0.009112006053328514
1768416591526267100,10.98726708984375,0.0246075801551342,-0.034171897917985916,-0.006629347801208496
1768416591536268000,10.99726806640625,0.024680551141500473,-0.022069960832595825,-0.008481842465698719
1768416591546269000,11.00726904296875,0.02476649545133114,-0.012259047478437424,-0.011680513620376587
1768416591556270800,11.017270751953125,0.021428490057587624,-0.01111814845353365,-0.018302462995052338
1768416591566272000,11.02727197265625,0.017958253622055054,-0.013326341286301613,-0.018333956599235535
1768416591576273000,11.03727294921875,0.01655663177371025,-0.014241935685276985,-0.012228659354150295
1768416591586273800,11.047273681640625,0.011637789197266102,-0.019129082560539246,-0.009055985137820244
1768416591596276000,11.05727587890625,0.01568925566971302,-0.025333981961011887,-0.0022785072214901447
1768416591606276900,11.06727685546875,0.018916798755526543,-0.03160344436764717,0.007088259793817997
1768416591616278000,11.077278076171876,0.019053952768445015,-0.0359494574368,0.013190094381570816
1768416591626280000,11.087280029296876,0.01861945353448391,-0.03284411132335663,0.011581210419535637
1768416591636281000,11.097281005859376,0.014425506815314293,-0.03575468063354492,0.013177509419620037
1768416591646282000,11.107281982421876,0.009659435600042343,-0.03225408121943474,0.012151800096035004
1768416591656283000,11.117282958984376,0.004530720412731171,-0.027375169098377228,0.011889745481312275
1768416591666285000,11.12728515625,0.0038264060858637094,-0.025684025138616562,0.01014932245016098
1768416591676286000,11.137285888671874,0.005424835719168186,-0.024268554523587227,0.009689660742878914
1768416591686286800,11.147286865234374,0.008044776506721973,-0.026130009442567825,0.015959594398736954
1768416591696288800,11.157288818359374,0.010455204173922539,-0.027673844248056412,0.01160239614546299
1768416591706290000,11.1672900390625,0.014898158609867096,-0.030716927722096443,0.0064957402646541595
1768416591716291000,11.177291015625,0.016863038763403893,-0.029272163286805153,0.005535404663532972
1768416591726292000,11.1872919921875,0.019165873527526855,-0.025123758241534233,0.006503197364509106
1768416591736294100,11.197294189453125,0.02184368297457695,-0.02124299854040146,0.0028797006234526634
1768416591746295000,11.207294921875,0.02405938319861889,-0.015591435134410858,-0.0010005086660385132
1768416591756296000,11.2172958984375,0.027640270069241524,-0.008881334215402603,0.0011459991801530123
1768416591766296800,11.227296875,0.038432106375694275,0.00021514436230063438,-0.0016468986868858337
1768416591776299000,11.237299072265625,0.04120472073554993,0.003585374914109707,0.005044826306402683
1768416591786300000,11.2472998046875,0.045047663152217865,0.00006653997115790844,0.017343835905194283
1768416591796300800,11.25730078125,0.048178475350141525,0.0007043671794235706,0.022525815293192863
1768416591806303000,11.267302978515625,0.04853487387299538,0.0047406041994690895,0.016604576259851456
1768416591816303900,11.277303955078125,0.042499884963035583,0.01193646527826786,0.014713998883962631
1768416591826305000,11.287304931640625,0.0401361919939518,0.019989430904388428,0.0056623793207108974
1768416591836306000,11.297305908203125,0.031047891825437546,0.018176883459091187,0.004680738318711519
1768416591846308000,11.30730810546875,0.025779424235224724,0.015706375241279602,0.012933152727782726
1768416591856309000,11.31730908203125,0.02178574912250042,0.009752079844474792,0.015288186259567738
1768416591866310000,11.327309814453125,0.022533969953656197,0.0010318357963114977,0.006338391453027725
1768416591876312000,11.33731201171875,0.01569763571023941,-0.020831383764743805,-0.0016617444343864918
1768416591886313000,11.34731298828125,0.011503566056489944,-0.03300122171640396,0.004991389811038971
1768416591896313900,11.35731396484375,0.01042605098336935,-0.026118282228708267,0.012273004278540611
1768416591906314800,11.367314697265625,0.005387686192989349,-0.014360209926962852,0.006767219863831997
1768416591916317000,11.37731689453125,0.0035884545650333166,-0.011115680448710918,-0.0031786211766302586
1768416591926317800,11.38731787109375,-0.0031933654099702835,-0.011045122519135475,-0.006583909969776869
1768416591936319000,11.397319091796875,-0.007485316134989262,-0.008931637741625309,-0.002852821722626686
1768416591946321000,11.40732080078125,-0.008702844381332397,-0.007208090275526047,-0.0012181391939520836
1768416591956322000,11.417322021484376,-0.007497231010347605,-0.009869652800261974,-0.006324750371277332
1768416591966323000,11.427322998046876,-0.005387000739574432,-0.011589939706027508,-0.011352961882948875
1768416591976323800,11.43732373046875,-0.0038628734182566404,-0.004269974771887064,-0.013568446040153503
1768416591986326000,11.447325927734376,-0.005181819200515747,-0.005217759404331446,-0.02387348748743534
1768416591996327000,11.457326904296876,-0.008850057609379292,-0.007897431962192059,-0.030950836837291718
1768416592006327800,11.467327880859376,-0.011361251585185528,-0.00863977987319231,-0.0341857448220253
1768416592016330000,11.477330078125,-0.01017268281430006,-0.011727714911103249,-0.029727879911661148
1768416592026331000,11.487330810546876,-0.009808585047721863,-0.004074237775057554,-0.022405758500099182
1768416592036331800,11.497331787109376,-0.01177266612648964,0.009306016378104687,-0.01812366209924221
1768416592046333000,11.5073330078125,-0.0144405672326684,0.01446635089814663,-0.0172102153301239
1768416592056334800,11.5173349609375,-0.013936963863670826,0.01590792089700699,-0.020468592643737793
1768416592066336000,11.5273359375,-0.011703035794198513,0.013277200050652027,-0.023052621632814407
1768416592076337000,11.5373369140625,-0.011195969767868519,0.011872383765876293,-0.023835591971874237
1768416592086339000,11.547339111328125,-0.007814347743988037,0.00765671581029892,-0.030616428703069687
1768416592096340000,11.557340087890625,-0.0076471008360385895,0.005820998921990395,-0.03100258857011795
1768416592106340900,11.5673408203125,-0.006646362133324146,0.006529649719595909,-0.029596345499157906
1768416592116341800,11.577341796875,-0.005863392725586891,0.010381645523011684,-0.028247451409697533
1768416592126344000,11.587343994140625,-0.006611988879740238,0.01257968507707119,-0.023741377517580986
1768416592136344800,11.5973447265625,-0.006466580554842949,0.01769055612385273,-0.02364257350564003
1768416592146345700,11.607345703125,-0.003696286352351308,0.01705438643693924,-0.022753886878490448
1768416592156347100,11.61734716796875,-0.002268565818667412,0.012253773398697376,-0.018415063619613647
1768416592166349000,11.62734912109375,-0.0008422639220952988,0.010184526443481445,-0.016674239188432693
1768416592176350000,11.637349853515625,-0.000503776129335165,0.009937118738889694,-0.0184516329318285
1768416592186350800,11.647350830078125,-0.002234682207927108,0.010978114791214466,-0.017607206478714943
1768416592196353000,11.65735302734375,-0.005967634730041027,0.0142801683396101,-0.020648270845413208
1768416592206354000,11.66735400390625,-0.007846834138035774,0.019230922684073448,-0.016881488263607025
1768416592216354800,11.677354736328125,-0.00782792642712593,0.017542213201522827,-0.00766002619639039
1768416592226356000,11.68735595703125,-0.003917412832379341,0.015160220675170422,0.0012533178087323904
1768416592236358000,11.69735791015625,-0.002438826020807028,0.018345097079873085,-0.0036652740091085434
1768416592246358800,11.70735888671875,-0.0018456676043570042,0.025419311597943306,-0.0035201418213546276
1768416592256360000,11.71735986328125,-0.004769818391650915,0.029632166028022766,-0.008088529109954834
1768416592266361900,11.72736181640625,-0.007527465000748634,0.03329218551516533,-0.013296397402882576
1768416592276363000,11.737363037109375,-0.009882232174277306,0.03391669690608978,-0.01675025187432766
1768416592286364000,11.747364013671875,-0.00803723931312561,0.031464751809835434,-0.019981801509857178
1768416592296365000,11.757364990234375,-0.008824469521641731,0.020590800791978836,-0.029589952901005745
1768416592306367000,11.767366943359375,-0.005764647386968136,0.013223998248577118,-0.0448351614177227
1768416592316368400,11.777368408203126,-0.004585932474583387,0.009412748739123344,-0.05582922324538231
1768416592326369300,11.787369384765626,-0.002397882053628564,0.009494396857917309,-0.0549793615937233
1768416592336370200,11.7973701171875,0.004054157994687557,0.012358625419437885,-0.04117166996002197
1768416592346372400,11.807372314453126,0.006367270834743977,0.015509599819779396,-0.03225342184305191
1768416592356373200,11.817373291015626,0.009347082115709782,0.009384861215949059,-0.03382069617509842
1768416592366374100,11.8273740234375,0.00975586473941803,0.0059636980295181274,-0.038823045790195465
1768416592376376300,11.837376220703124,0.011164677329361439,-0.0007698377594351768,-0.0388113297522068
1768416592386377200,11.847377197265626,0.011713706888258457,-0.0003389734774827957,-0.03932191804051399
1768416592396378400,11.85737841796875,0.013822398148477077,0.0006192319560796022,-0.04154645651578903
1768416592406379300,11.867379150390626,0.013163789175450802,0.0015628351829946041,-0.04443643242120743
1768416592416381400,11.87738134765625,0.01531881932169199,-0.0008883380796760321,-0.04738641530275345
1768416592426382300,11.88738232421875,0.017835842445492744,-0.004163011442869902,-0.046793028712272644
1768416592436383200,11.89738330078125,0.02369719371199608,-0.003887107828631997,-0.044202305376529694
1768416592446385400,11.907385498046875,0.02935580350458622,0.0060786474496126175,-0.0408557690680027
1768416592456386300,11.91738623046875,0.03252682834863663,0.0070267328992486,-0.03314565122127533
1768416592466387200,11.92738720703125,0.03781413659453392,0.010660293512046337,-0.024778379127383232
1768416592476388000,11.93738818359375,0.03943546861410141,0.011874162591993809,-0.02212267369031906
1768416592486390300,11.947390380859375,0.03777066618204117,0.01433492824435234,-0.02415478602051735
1768416592496391400,11.957391357421875,0.03435489535331726,0.017671870067715645,-0.023761436343193054
1768416592506392300,11.967392333984375,0.033190205693244934,0.024993838742375374,-0.012589337304234505
1768416592516394500,11.97739453125,0.03288900852203369,0.03159048780798912,-0.006473388988524675
1768416592526395400,11.9873955078125,0.03167501464486122,0.03388838469982147,-0.016746018081903458
1768416592536396300,11.997396240234375,0.030123990029096603,0.03843466937541962,-0.028536366298794746
1768416592546397200,12.007397216796875,0.028564775362610817,0.0339963473379612,-0.02660682611167431
1768416592556399400,12.0173994140625,0.028684351593255997,0.031818680465221405,-0.01885170117020607
1768416592566400300,12.027400146484375,0.020575404167175293,0.04058961570262909,-0.0225679948925972
1768416592576401200,12.037401123046875,0.012141440063714981,0.04518836364150047,-0.03459136560559273
1768416592586402300,12.04740234375,0.009343460202217102,0.04813195765018463,-0.03732602298259735
1768416592596404200,12.057404296875,0.004784394055604935,0.045974001288414,-0.030112318694591522
1768416592606405400,12.0674052734375,0.0013356955023482442,0.041166387498378754,-0.01597626321017742
1768416592616406300,12.07740625,0.011234132573008537,0.03379635512828827,-0.012333324179053307
1768416592626408400,12.087408447265625,0.004467110149562359,0.031428489834070206,-0.02063542790710926
1768416592636409300,12.097409423828125,0.003533938666805625,0.04017724096775055,-0.02195102907717228
1768416592646410200,12.10741015625,0.0007666963501833379,0.05255500599741936,-0.023110318928956985
1768416592656411100,12.1174111328125,-0.007217460311949253,0.0481695793569088,-0.02782677672803402
1768416592666413300,12.127413330078125,-0.016294319182634354,0.04077562689781189,-0.034334391355514526
1768416592676414200,12.137414306640625,-0.027865488082170486,0.043995656073093414,-0.036427900195121765
1768416592686415000,12.1474150390625,-0.033013828098773956,0.049876727163791656,-0.025830481201410294
1768416592696417300,12.157417236328126,-0.04598555713891983,0.05422566831111908,-0.013137856498360634
1768416592706418200,12.167418212890626,-0.05070154741406441,0.058581165969371796,-0.008047834038734436
1768416592716419300,12.17741943359375,-0.05691070482134819,0.06280307471752167,-0.015929725021123886
1768416592726420200,12.187420166015626,-0.055825620889663696,0.06446081399917603,-0.025885049253702164
1768416592736422400,12.19742236328125,-0.05122128129005432,0.04910662770271301,-0.04397004470229149
1768416592746423300,12.20742333984375,-0.03952992707490921,0.038393013179302216,-0.055016931146383286
1768416592756424200,12.217424072265626,-0.029886620119214058,0.041164830327034,-0.04768418148159981
1768416592766426400,12.22742626953125,-0.017728092148900032,0.04398585855960846,-0.02980809286236763
1768416592776427300,12.23742724609375,-0.01139376312494278,0.04783439636230469,-0.01115185022354126
1768416592786428200,12.24742822265625,-0.003439426887780428,0.051670100539922714,0.0041955942288041115
1768416592796429000,12.257428955078124,-0.0004215326625853777,0.04694299027323723,0.01107693649828434
1768416592806431200,12.26743115234375,0.0007519072969444096,0.036569904536008835,0.021364178508520126
1768416592816432000,12.27743212890625,0.0009961191099137068,0.023264221847057343,0.03604751452803612
1768416592826433300,12.287433349609374,0.002194617874920368,0.010975501500070095,0.05422806739807129
1768416592836435200,12.297435302734375,0.0022936875466257334,0.0013524352107197046,0.06407030671834946
1768416592846436400,12.307436279296875,0.0025904946960508823,-0.0071204667910933495,0.06207788735628128
1768416592856437200,12.317437255859375,0.0032719976734369993,-0.013178359717130661,0.05368999391794205
1768416592866438400,12.3274384765625,0.0031568179838359356,-0.020810123533010483,0.04076286032795906
1768416592876440300,12.3374404296875,0.005144068971276283,-0.028811058029532433,0.026476062834262848
1768416592886441200,12.347441162109375,0.007253284566104412,-0.03246567025780678,0.018481872975826263
1768416592896442000,12.357442138671875,0.0054346127435564995,-0.03213490545749664,0.007789015304297209
1768416592906443300,12.367443359375,0.006065709516406059,-0.031083017587661743,0.00222408352419734
1768416592916445200,12.377445068359375,0.004005754366517067,-0.02997620776295662,0.005052892956882715
1768416592926446000,12.387446044921875,0.00890366081148386,-0.024671219289302826,0.014889095909893513
1768416592936447500,12.397447509765625,0.012513043358922005,-0.0207931250333786,0.01887984201312065
1768416592946449200,12.40744921875,0.014819063246250153,-0.020746320486068726,0.01895746961236
1768416592956450300,12.4174501953125,0.015841716900467873,-0.02467288449406624,0.02339775860309601
1768416592966451200,12.427451171875,0.016168376430869102,-0.029757581651210785,0.0236892718821764
1768416592976452400,12.437452392578125,0.01592309959232807,-0.03796837478876114,0.018531527370214462
1768416592986454300,12.447454345703125,0.012545112520456314,-0.04358650743961334,0.015227732248604298
1768416592996455200,12.457455078125,0.011304344981908798,-0.050827376544475555,0.01785733737051487
1768416593006456300,12.467456298828125,0.00970506388694048,-0.047993436455726624,0.01604027859866619
1768416593016458200,12.477458251953125,0.0064331041648983955,-0.04082740470767021,0.01682031899690628
1768416593026459100,12.487459228515625,0.004516890272498131,-0.03623579815030098,0.020171871408820152
1768416593036460300,12.497460205078125,-0.003737577237188816,-0.0278612207621336,0.020602770149707794
1768416593046461400,12.50746142578125,-0.011320536956191063,-0.026824727654457092,0.014373613521456718
1768416593056463400,12.51746337890625,-0.009550333954393864,-0.03572394698858261,0.011270231567323208
1768416593066464300,12.52746435546875,-0.0018569803796708584,-0.047164976596832275,0.0040433043614029884
1768416593076465400,12.53746533203125,0.009027891792356968,-0.05638803914189339,-0.0021890252828598022
1768416593086466300,12.54746630859375,0.019061675295233727,-0.05603208765387535,-0.0026149675250053406
1768416593096468200,12.55746826171875,0.021157583221793175,-0.057091228663921356,-0.0029087141156196594
1768416593106469400,12.567469482421876,0.021993819624185562,-0.05751216039061546,-0.00780125055462122
1768416593116470300,12.57747021484375,0.024704385548830032,-0.059989966452121735,-0.01372571848332882
1768416593126472200,12.58747216796875,0.032813433557748795,-0.0466981939971447,-0.012749806046485901
1768416593136473000,12.59747314453125,0.03676237165927887,-0.03568655624985695,-0.007644526194781065
1768416593146474200,12.60747412109375,0.04349347576498985,-0.031320057809352875,0.002893711905926466
1768416593156475400,12.617475341796874,0.049104489386081696,-0.03044973686337471,0.012720244005322456
1768416593166477300,12.627477294921874,0.042648833245038986,-0.030287781730294228,0.019595254212617874
1768416593176478500,12.637478515625,0.041250672191381454,-0.027642197906970978,0.022416342049837112
1768416593186479400,12.647479248046874,0.03615798056125641,-0.03500029444694519,0.03158164396882057
1768416593196481300,12.657481201171874,0.033553674817085266,-0.04332347214221954,0.040143970400094986
1768416593206482200,12.667482177734374,0.031836532056331635,-0.042471956461668015,0.04272305592894554
1768416593216483300,12.6774833984375,0.03247515857219696,-0.029605159536004066,0.02693956531584263
1768416593226484200,12.687484130859374,0.03184325248003006,-0.028536969795823097,0.013330666348338127
1768416593236486100,12.697486083984375,0.02890818379819393,-0.04006313160061836,0.019984841346740723
1768416593246487300,12.7074873046875,0.022480640560388565,-0.0448358915746212,0.025328783318400383
1768416593256488400,12.717488525390625,0.017553260549902916,-0.03256191685795784,0.021379048004746437
1768416593266490000,12.727489990234375,0.012611957266926765,-0.027540164068341255,0.02152610942721367
1768416593276491300,12.7374912109375,0.009732015430927277,-0.02553640305995941,0.03223707526922226
1768416593286492400,12.747492431640625,0.005606991704553366,-0.02798696979880333,0.04750818759202957
1768416593296493300,12.757493408203125,0.005498867481946945,-0.03473808616399765,0.06280192732810974
1768416593306495200,12.7674951171875,0.012490395456552505,-0.056425221264362335,0.06217844411730766
1768416593316495600,12.77749560546875,0.025606462731957436,-0.08140087127685547,0.04939820244908333
1768416593326496500,12.78749658203125,0.0389428436756134,-0.09567147493362427,0.0387868732213974
1768416593336497700,12.79749755859375,0.05100803077220917,-0.09740519523620605,0.02939789555966854
1768416593346499600,12.80749951171875,0.05390480160713196,-0.10333772003650665,0.02562045305967331
1768416593356500700,12.817500732421875,0.05608859285712242,-0.11004649102687836,0.03157021850347519
1768416593366502000,12.827501953125,0.06096386909484863,-0.09779267758131027,0.04665866866707802
1768416593376503800,12.83750390625,0.06585583090782166,-0.060253288596868515,0.05034288391470909
1768416593386504700,12.847504638671875,0.06622186303138733,-0.03132797032594681,0.04001365229487419
1768416593396505600,12.857505615234375,0.04598609730601311,-0.04820975288748741,0.039433348923921585
1768416593406506800,12.8675068359375,0.01337463315576315,-0.08588622510433197,0.042714767158031464
1768416593416508700,12.8775087890625,-0.007119722664356232,-0.09657242149114609,0.041517674922943115
1768416593426509600,12.887509521484375,-0.012366093695163727,-0.08611708134412766,0.03544401377439499
1768416593436510700,12.8975107421875,-0.012780748307704926,-0.07479172199964523,0.04287183657288551
1768416593446512600,12.9075126953125,-0.01743534579873085,-0.06562282145023346,0.05216701328754425
1768416593456513500,12.917513427734375,-0.018108060583472252,-0.056733451783657074,0.05159576237201691
1768416593466514700,12.9275146484375,-0.013324104249477386,-0.04443227872252464,0.05935441330075264
1768416593476515800,12.937515869140626,0.0012801383854821324,-0.024697722867131233,0.057162363082170486
1768416593486517800,12.947517822265626,0.011582845821976662,-0.011534139513969421,0.04149707406759262
1768416593496518700,12.9575185546875,0.017629820853471756,-0.013678516261279583,0.03007344715297222
1768416593506519800,12.967519775390626,0.026432182639837265,-0.017637180164456367,0.029090600088238716
1768416593516520700,12.977520751953126,0.042197830975055695,-0.024468719959259033,0.031144961714744568
1768416593526522600,12.987522705078124,0.05568399280309677,-0.023861223831772804,0.027540290728211403
1768416593536523500,12.9975234375,0.06305349618196487,-0.02461223490536213,0.012192759662866592
1768416593546524700,13.007524658203126,0.06582751870155334,-0.03606731817126274,-0.004456174094229937
1768416593556526600,13.017526611328124,0.062947578728199,-0.05766502395272255,-0.02238457463681698
1768416593566527500,13.027527587890624,0.05554792284965515,-0.07148720324039459,-0.03781234472990036
1768416593576529000,13.03752880859375,0.0447637178003788,-0.07391094416379929,-0.03035282902419567
1768416593586529800,13.04752978515625,0.03773563727736473,-0.04816935956478119,-0.019013622775673866
1768416593596531700,13.05753173828125,0.037222445011138916,-0.030477182939648628,-0.008765246719121933
1768416593606532600,13.06753271484375,0.035815153270959854,-0.031249936670064926,-0.00338108092546463
1768416593616533800,13.07753369140625,0.0402035117149353,-0.04763929918408394,-0.000018573831766843796
1768416593626535700,13.08753564453125,0.04682154208421707,-0.0577349029481411,-0.008730625733733177
1768416593636536600,13.09753662109375,0.05476735159754753,-0.0726291686296463,-0.012702196836471558
1768416593646537700,13.107537841796875,0.05031838268041611,-0.07288603484630585,-0.0192959476262331
1768416593656538600,13.11753857421875,0.04637610539793968,-0.07181037962436676,-0.016501493752002716
1768416593666540500,13.12754052734375,0.03304173797369003,-0.07059931755065918,-0.004831395111978054
1768416593676541700,13.137541748046875,0.0170193612575531,-0.06727781891822815,-0.000838251318782568
1768416593686542800,13.14754296875,0.0017453504260629416,-0.06743919104337692,0.0033283140510320663
1768416593696544800,13.157544677734375,-0.006963718682527542,-0.060848135501146317,0.005451119504868984
1768416593706545700,13.167545654296875,-0.008765305392444134,-0.038192227482795715,0.0032788936514407396
1768416593716546800,13.177546875,-0.008809513412415981,-0.012005097232758999,-0.006133250426501036
1768416593726547700,13.187547607421875,-0.0005342047661542892,0.0008800248615443707,-0.01065792702138424
1768416593736549600,13.197549560546875,0.006536753848195076,0.012424295768141747,-0.014639618806540966
1768416593746550800,13.20755078125,0.009172951802611351,0.021797187626361847,-0.02209681272506714
1768416593756551700,13.2175517578125,0.009529815055429935,0.03322374448180199,-0.0343305766582489
1768416593766553600,13.2275537109375,0.008723343722522259,0.03949431702494621,-0.03688409551978111
1768416593776554500,13.237554443359375,0.007598690688610077,0.04001390188932419,-0.02663971111178398
1768416593786555600,13.2475556640625,0.009915176779031754,0.030837129801511765,-0.017117280513048172
1768416593796556800,13.257556884765625,0.011751959100365639,0.025113198906183243,-0.011586693115532398
1768416593806558700,13.267558837890626,0.014945887960493565,0.02654571272432804,-0.0076761068776249886
1768416593816559900,13.277559814453125,0.017803726717829704,0.02852524071931839,-0.0025596413761377335
1768416593826560800,13.287560791015625,0.012802314013242722,0.03384954482316971,-0.00037003401666879654
1768416593836561700,13.297561767578125,0.009250454604625702,0.042007073760032654,0.0017053675837814808
1768416593846563600,13.3075634765625,0.003983459435403347,0.05132174864411354,0.00038485112600028515
1768416593856564700,13.317564697265626,-0.0006038356805220246,0.04765963554382324,0.00018298346549272537
1768416593866565600,13.327565673828126,-0.001434679375961423,0.03594864904880524,-0.00039986148476600647
1768416593876567600,13.337567626953126,-0.0030363043770194054,0.02193296328186989,0.004375452641397715
1768416593886568700,13.347568603515626,0.0049412669613957405,0.014719851315021515,0.004460398573428392
1768416593896569900,13.35756982421875,0.013165375217795372,0.0024935444816946983,-0.003930422477424145
1768416593906570800,13.36757080078125,0.016560832038521767,-0.007787649054080248,-0.010086044669151306
1768416593916573000,13.377572998046874,0.016966698691248894,-0.023680593818426132,0.002122951205819845
1768416593926573800,13.38757373046875,0.016536345705389977,-0.031190266832709312,0.019037846475839615
1768416593936574700,13.39757470703125,0.013383963145315647,-0.030904244631528854,0.01942480355501175
1768416593946576600,13.40757666015625,0.011824882589280605,-0.028212692588567734,0.019367733970284462
1768416593956577800,13.417577880859374,0.014529854990541935,-0.03222580999135971,0.02771461382508278
1768416593966578700,13.42757861328125,0.01858982816338539,-0.03861996904015541,0.02898484840989113
1768416593976579600,13.43757958984375,0.02201678417623043,-0.05101219192147255,0.03140512853860855
1768416593986581800,13.447581787109375,0.0314294770359993,-0.06702666729688644,0.032562367618083954
1768416593996582700,13.457582763671875,0.04580042511224747,-0.08142371475696564,0.03776298463344574
1768416594006583800,13.467583740234375,0.06361844390630722,-0.09538049250841141,0.03877563402056694
1768416594016585500,13.47758544921875,0.08411918580532074,-0.0811016857624054,0.028085170313715935
1768416594026587000,13.4875869140625,0.11640381813049316,-0.08506666123867035,0.01177651435136795
1768416594036587800,13.497587890625,0.11640594899654388,-0.08452044427394867,0.006942343898117542
1768416594046588700,13.507588623046875,0.11540640145540237,-0.09342258423566818,0.015443299897015095
1768416594056590800,13.5175908203125,0.10411246865987778,-0.09840056300163269,0.01899063028395176
1768416594066591700,13.527591796875,0.10316497087478638,-0.09733925759792328,0.027706298977136612
1768416594076592600,13.537592529296875,0.10111113637685776,-0.09204915165901184,0.04446396976709366
1768416594086593500,13.547593505859375,0.10416865348815918,-0.07603956013917923,0.06275444477796555
1768416594096595700,13.557595703125,0.1144455224275589,-0.0566386952996254,0.0744989812374115
1768416594106596600,13.5675966796875,0.12876972556114197,-0.04586173593997955,0.07599689811468124
1768416594116597800,13.57759765625,0.13364730775356293,-0.05421074479818344,0.06881861388683319
1768416594126599700,13.587599609375,0.13642765581607819,-0.08064436912536621,0.06111431121826172
1768416594136600800,13.597600830078125,0.12463251501321793,-0.09775331616401672,0.0460786372423172
1768416594146601700,13.607601806640625,0.11919353902339935,-0.11677319556474686,0.036942705512046814
1768416594156602600,13.6176025390625,0.10864023119211197,-0.12036633491516113,0.037730202078819275
1768416594166604800,13.627604736328125,0.10725905746221542,-0.09355628490447998,0.050781700760126114
1768416594176605700,13.637605712890625,0.105384461581707,-0.0514780730009079,0.057226020842790604
1768416594186606600,13.647606689453125,0.09474919736385345,-0.017847880721092224,0.053606510162353516
1768416594196608800,13.65760888671875,0.06657934188842773,0.0241837240755558,0.037714362144470215
1768416594206609700,13.667609619140626,0.031039323657751083,0.06314891576766968,0.008324936963617802
1768416594216610600,13.677610595703126,0.007784068584442139,0.06704778224229813,-0.02288305014371872
1768416594226611700,13.68761181640625,-0.013611562550067902,0.06822916120290756,-0.049563515931367874
1768416594236613600,13.697613525390626,-0.024698834866285324,0.050558824092149734,-0.05417051911354065
1768416594246614800,13.70761474609375,-0.026233429089188576,0.05501800775527954,-0.036946963518857956
1768416594256615700,13.71761572265625,-0.023518070578575134,0.08016649633646011,-0.02162473276257515
1768416594266616600,13.727616455078126,-0.01738136261701584,0.10525505244731903,-0.019365355372428894
1768416594276618800,13.73761865234375,-0.011855571530759335,0.11546348035335541,-0.02221973054111004
1768416594286619600,13.74761962890625,-0.012634205631911755,0.10887420177459717,-0.013461711816489697
1768416594296620500,13.75762060546875,-0.015438779257237911,0.09736108779907227,-0.0021398155950009823
1768416594306622700,13.767622802734374,-0.021568650379776955,0.08127579838037491,0.00424592150375247
1768416594316623600,13.77762353515625,-0.018497759476304054,0.07346155494451523,0.016088198870420456
1768416594326624500,13.78762451171875,-0.008428064174950123,0.07175848633050919,0.0291752889752388
1768416594336625700,13.797625732421874,0.006718131713569164,0.07817696779966354,0.03515142202377319
1768416594346627800,13.8076279296875,0.022530581802129745,0.09217618405818939,0.03415483236312866
1768416594356628700,13.817628662109374,0.03355926647782326,0.10392951220273972,0.024772783741354942
1768416594366629600,13.827629638671874,0.0373634435236454,0.1039748266339302,0.012282620184123516
1768416594376631800,13.8376318359375,0.03567872941493988,0.09949112683534622,0.001186825567856431
1768416594386632700,13.8476328125,0.031693778932094574,0.0898308977484703,0.00014216918498277664
1768416594396633600,13.857633544921875,0.025936024263501167,0.08780316263437271,0.009534073062241077
1768416594406634800,13.867634765625,0.02291692979633808,0.09438377618789673,0.022199423983693123
1768416594416636700,13.87763671875,0.022993896156549454,0.09895988553762436,0.025769656524062157
1768416594426637600,13.887637451171875,0.01881239004433155,0.08878206461668015,0.020933184772729874
1768416594436638700,13.897638671875,0.018666982650756836,0.07241081446409225,0.00873297918587923
1768416594446640600,13.907640625,0.015407286584377289,0.059836722910404205,0.00048388680443167686
1768416594456641800,13.917641845703125,0.013828298076987267,0.049959857016801834,-0.0008397041819989681
1768416594466642700,13.927642578125,0.007291299290955067,0.03931375965476036,0.003885852638632059
1768416594476643800,13.937643798828125,0.0007801367901265621,0.029308797791600227,0.008184993639588356
1768416594486645800,13.947645751953125,-0.005232015158981085,0.01725682243704796,0.008108217269182205
1768416594496646700,13.957646728515625,-0.009415042586624622,0.009665482677519321,0.008484255522489548
1768416594506647600,13.9676474609375,-0.012114141136407852,0.010023587383329868,0.005391353741288185
1768416594516648700,13.977648681640625,-0.01763300970196724,0.012244664132595062,0.00520892720669508
1768416594526650600,13.987650634765625,-0.021525366231799126,0.00790199264883995,0.010191719979047775
1768416594536651500,13.997651611328125,-0.025668978691101074,-0.0011852455791085958,0.008780510164797306
1768416594546652700,14.007652587890625,-0.026126226410269737,-0.006550273858010769,0.007525456137955189
1768416594556654600,14.017654541015625,-0.023999692872166634,-0.008282393217086792,0.012794253416359425
1768416594566655700,14.02765576171875,-0.019864939153194427,-0.009953743778169155,0.026709768921136856
1768416594576656600,14.03765673828125,-0.015821995213627815,-0.006168060004711151,0.039584290236234665
1768416594586657800,14.04765771484375,-0.012231393717229366,-0.0067205652594566345,0.03634421527385712
1768416594596659700,14.05765966796875,-0.0112012829631567,-0.009630069136619568,0.027023687958717346
1768416594606660600,14.06766064453125,-0.010043000802397728,-0.018322566524147987,0.03297184780240059
1768416594616661800,14.077661865234376,-0.006274361629039049,-0.022358587011694908,0.0431097038090229
1768416594626663700,14.08766357421875,-0.006508202292025089,-0.009394761174917221,0.030895289033651352
1768416594636664600,14.09766455078125,-0.005553725175559521,-0.004386420361697674,0.018140610307455063
1768416594646665500,14.10766552734375,-0.004728216677904129,-0.0021680681966245174,0.022018183022737503
1768416594656667000,14.1176669921875,-0.004151375964283943,0.0021236161701381207,0.026955951005220413
1768416594666668500,14.12766845703125,-0.004032990895211697,0.006212909705936909,0.026599643751978874
1768416594676669700,14.137669677734374,0.0018829551991075277,0.0008636850398033857,0.026603637263178825
1768416594686670800,14.1476708984375,0.004590521566569805,-0.014428668655455112,0.022809132933616638
1768416594696672800,14.1576728515625,0.0074358428828418255,-0.029168732464313507,0.019665271043777466
1768416594706673700,14.167673583984374,0.008037461899220943,-0.025079384446144104,0.011108936741948128
1768416594716674800,14.1776748046875,0.007609225809574127,-0.02114962227642536,0.004920549690723419
1768416594726675700,14.18767578125,0.0033308500424027443,-0.022572237998247147,0.007871419191360474
1768416594736677600,14.197677734375,0.00038273073732852936,-0.02409503236413002,0.01646064594388008
1768416594746678500,14.207678466796875,-0.0016782302409410477,-0.026926888152956963,0.0199894979596138
1768416594756679700,14.2176796875,0.0008954487275332212,-0.027189476415514946,0.019287755712866783
1768416594766681600,14.227681640625,0.0056452760472893715,-0.026339644566178322,0.021344151347875595
1768416594776682500,14.2376826171875,0.010073846206068993,-0.02681608498096466,0.020522568374872208
1768416594786684000,14.247683837890625,0.009628832340240479,-0.028934895992279053,0.01542154885828495
1768416594796684800,14.257684814453125,0.00508095184341073,-0.028872843831777573,0.01741039752960205
1768416594806686700,14.267686767578125,0.0018887557089328766,-0.024062855169177055,0.019812414422631264
1768416594816687600,14.2776875,-0.0027360899839550257,-0.019294464960694313,0.02242843620479107
1768416594826688800,14.287688720703125,-0.008124575950205326,-0.008697515353560448,0.027480393648147583
1768416594836689700,14.297689697265625,-0.010076407343149185,-0.001087266718968749,0.02914034202694893
1768416594846691600,14.307691650390625,-0.007821142673492432,-0.00025410461239516735,0.029454294592142105
1768416594856692700,14.317692626953125,-0.007132981903851032,-0.0015151111874729395,0.02311037853360176
1768416594866693600,14.327693603515625,-0.007946101017296314,0.0015355003997683525,0.011792536824941635
1768416594876695600,14.337695556640625,-0.01114429160952568,0.012548736296594143,0.005732247140258551
1768416594886696700,14.34769677734375,-0.012964164838194847,0.020957347005605698,0.005929742008447647
1768416594896697900,14.35769775390625,-0.013400656171143055,0.03128322213888168,0.001031922409310937
1768416594906698800,14.36769873046875,-0.011917607858777046,0.032032258808612823,-0.007316898554563522
1768416594916700700,14.37770068359375,-0.011390035971999168,0.026625778526067734,-0.014510628767311573
1768416594926701800,14.387701904296875,-0.011445373296737671,0.019196663051843643,-0.016630830243229866
1768416594936702700,14.39770263671875,-0.01059609092772007,0.016391290351748466,-0.013336766511201859
1768416594946704600,14.40770458984375,-0.007682323455810547,0.02162344753742218,-0.010799083858728409
1768416594956705800,14.417705810546876,-0.0032023543026298285,0.031109096482396126,-0.01348142046481371
1768416594966706700,14.427706787109376,-0.0030131859239190817,0.03666989877820015,-0.013455992564558983
1768416594976707600,14.43770751953125,-0.005635334178805351,0.034528184682130814,-0.012182734906673431
1768416594986709500,14.44770947265625,-0.006106133572757244,0.02581627294421196,-0.009140046313405037
1768416594996710700,14.457710693359376,-0.00941670872271061,0.015680547803640366,-0.009291313588619232
1768416595006711800,14.4677119140625,-0.008711309172213078,0.0009422875009477139,-0.006782074458897114
1768416595016713700,14.477713623046874,-0.009557128883898258,-0.007387015037238598,-0.004807073622941971
1768416595026715000,14.48771484375,-0.010349874384701252,-0.008807528764009476,0.004184460733085871
1768416595036715800,14.4977158203125,-0.008514956571161747,-0.004540878348052502,0.004906177520751953
1768416595046716700,14.507716552734376,-0.004520280286669731,0.00937296636402607,0.004882663954049349
1768416595056718600,14.517718505859374,-0.003818537574261427,0.015128590166568756,0.004367342218756676
1768416595066719700,14.5277197265625,-0.00639715138822794,0.004536123014986515,0.0006633936427533627
1768416595076720600,14.537720703125,-0.008680278435349464,-0.007366076111793518,0.0020913807675242424
1768416595086721500,14.547721435546874,-0.008945319801568985,-0.019839830696582794,-0.0002574683167040348
1768416595096723700,14.5577236328125,-0.008350635878741741,-0.023646816611289978,-0.004157135263085365
1768416595106724900,14.567724853515625,-0.006338146515190601,-0.01956285536289215,-0.005268592853099108
1768416595116725800,14.577725830078125,-0.003652881132438779,-0.010405576787889004,-0.007382343988865614
1768416595126727700,14.587727783203125,-0.0027144565246999264,0.004958671517670155,-0.005512263625860214
1768416595136728800,14.597728759765625,-0.0006449141073971987,0.018120547756552696,-0.0024331165477633476
1768416595146729700,14.607729736328125,-0.0011317464523017406,0.02204449288547039,-0.0016220971010625362
1768416595156730600,14.617730712890625,-0.0004901910433545709,0.01837518997490406,-0.009359912015497684
1768416595166732800,14.62773291015625,-0.0009264133404940367,0.014155521988868713,-0.015569381415843964
1768416595176733700,14.637733642578125,0.0011425964767113328,0.012482523918151855,-0.016904691234230995
1768416595186734600,14.647734619140625,0.003465285524725914,0.015211585909128189,-0.01430599670857191
1768416595196736500,14.657736572265625,0.0020317058078944683,0.014726091176271439,-0.011798364110291004
1768416595206737700,14.667737548828125,0.003174989251419902,0.012316664680838585,-0.009660248644649982
1768416595216738800,14.67773876953125,0.004289521835744381,0.012499623000621796,-0.01090447697788477
1768416595226739700,14.68773974609375,0.00618109991773963,0.009274164214730263,-0.00957031175494194
1768416595236742000,14.697741943359375,0.006566725671291351,0.009384417906403542,-0.007960429415106773
1768416595246742800,14.70774267578125,0.007609553635120392,0.00731050968170166,-0.010249760001897812
1768416595256743700,14.71774365234375,0.005590078886598349,0.002918690675869584,-0.021773790940642357
1768416595266745900,14.727745849609375,0.0020037933718413115,-0.009381178766489029,-0.02779518999159336
1768416595276746800,14.737746826171875,0.0017952679190784693,-0.02058989182114601,-0.01581335999071598
1768416595286747600,14.74774755859375,0.002443754579871893,-0.02256014384329319,-0.005844969302415848
1768416595296748500,14.75774853515625,0.00013639184180647135,-0.020191794261336327,-0.011644802056252956
1768416595306750700,14.767750732421876,0.0007497217156924307,-0.019003648310899734,-0.01668594218790531
1768416595316751400,14.77775146484375,-0.0012308710720390081,-0.01590452715754509,-0.013024894520640373
1768416595326752500,14.78775244140625,-0.002977838972583413,-0.010306457057595253,-0.004070471506565809
1768416595336753700,14.797753662109375,-0.006083351559937,-0.010198865085840225,0.002488361904397607
1768416595346755600,14.807755615234376,-0.008378937840461731,-0.0106370709836483,0.0031625721603631973
1768416595356756500,14.817756591796876,-0.0074130091816186905,-0.017211349681019783,-0.0022175461053848267
1768416595366757600,14.827757568359376,-0.0054436638019979,-0.01940419152379036,-0.004852864891290665
1768416595376759600,14.837759521484376,-0.005708115641027689,-0.011429889127612114,-0.010880929417908192
1768416595386760400,14.847760498046876,-0.006279417313635349,-0.004759775474667549,-0.01563381403684616
1768416595396761300,14.85776123046875,-0.011317319236695766,-0.00315575348213315,-0.015351785346865654
1768416595406762500,14.867762451171876,-0.012112284079194069,-0.005164375063031912,-0.014532999135553837
1768416595416764400,14.877764404296874,-0.012158358469605446,-0.004243986681103706,-0.009898832999169827
1768416595426765600,14.887765625,-0.013182011432945728,-0.003462775843217969,-0.00888355914503336
1768416595436766700,14.8977666015625,-0.01352555863559246,-0.0024353284388780594,-0.005933308973908424
1768416595446768600,14.9077685546875,-0.012096641585230827,-0.0022452338598668575,0.0016840188764035702
1768416595456769500,14.91776953125,-0.008525076322257519,-0.003373881336301565,0.003138637635856867
1768416595466770400,14.9277705078125,-0.006249794736504555,-0.004581082612276077,0.0007356926798820496
1768416595476771600,14.937771484375,-0.00774036580696702,-0.005880172364413738,-0.002913637086749077
1768416595486773500,14.9477734375,-0.008763635531067848,-0.010397286154329777,-0.005870139691978693
1768416595496774400,14.9577744140625,-0.009478162042796612,-0.012324082665145397,-0.006997988093644381
1768416595506775600,14.967775634765625,-0.009712239727377892,-0.018955977633595467,-0.006801354233175516
1768416595516776400,14.9777763671875,-0.007165725342929363,-0.017125586047768593,-0.004952854011207819
1768416595526778400,14.9877783203125,-0.003812941024079919,-0.014854764565825462,0.0005667025689035654
1768416595536779500,14.997779541015625,-0.003784711239859462,-0.009585699997842312,0.0011510001495480537
1768416595546780700,15.00778076171875,-0.004674199037253857,-0.007678389083594084,0.0005719421897083521
1768416595556782600,15.017782470703125,-0.007449213415384293,-0.002528101671487093,-0.0004019755870103836
1768416595566783500,15.027783447265625,-0.005918283015489578,-0.0035376963205635548,0.0021719953510910273
1768416595576784600,15.03778466796875,-0.005239177029579878,-0.0020338091999292374,0.0003208322450518608
1768416595586785500,15.04778564453125,-0.005307053215801716,0.0028461867477744818,-0.00936972163617611
1768416595596787500,15.057787353515625,-0.004239658359438181,0.005826263688504696,-0.014032650738954544
1768416595606788600,15.06778857421875,-0.004188966937363148,0.015615060925483704,-0.01221766509115696
1768416595616789500,15.07778955078125,-0.005377802066504955,0.022247662767767906,-0.014886684715747833
1768416595626791400,15.08779150390625,-0.0052719516679644585,0.028047483414411545,-0.015525070950388908
1768416595636792300,15.097792236328125,-0.004112944006919861,0.030736476182937622,-0.014216925948858261
1768416595646793700,15.107793701171875,-0.00383244757540524,0.03223274648189545,-0.010621581226587296
1768416595656794600,15.117794677734375,-0.005545392632484436,0.035354241728782654,-0.009899064898490906
1768416595666796500,15.127796630859375,-0.004927756264805794,0.029711619019508362,-0.010182931087911129
1768416595676797700,15.137797607421875,-0.00833899900317192,0.025325657799839973,-0.007827631197869778
1768416595686798600,15.147798583984375,-0.007497141137719154,0.021141229197382927,-0.00659817224368453
1768416595696799500,15.157799560546875,-0.005862492136657238,0.012905936688184738,-0.0060223969630897045
1768416595706801400,15.167801513671876,-0.0041214702650904655,0.008771946653723717,-0.007759516127407551
1768416595716802600,15.177802490234376,-0.0017469956073909998,0.001567829865962267,-0.008139282464981079
1768416595726803500,15.187803466796876,-0.0003325830912217498,-0.004004613496363163,-0.0045441011898219585
1768416595736805400,15.197805419921876,-0.0016852025873959064,-0.007258197292685509,0.0004439994227141142
1768416595746806500,15.207806640625,0.00032974116038531065,-0.0076465969905257225,-0.0017165802419185638
1768416595756807700,15.2178076171875,-0.0004516302142292261,-0.0056737270206213,-0.007191240321844816
1768416595766808600,15.22780859375,-0.0007528336718678474,-0.005560808815062046,-0.005143003072589636
1768416595776810500,15.237810546875,-0.0023163757286965847,-0.003944536671042442,-0.0012441356666386127
1768416595786811600,15.247811767578124,-0.0001375849824398756,-0.002596294041723013,-0.004293291829526424
1768416595796812500,15.2578125,0.0020158470142632723,-0.00486663868650794,-0.006475752219557762
1768416595806813400,15.2678134765625,0.0037146189715713263,-0.00802636332809925,-0.0058892215602099895
1768416595816815600,15.277815673828124,0.004060030914843082,-0.009625858627259731,-0.0052295564673841
1768416595826816500,15.28781640625,0.004101986065506935,-0.00661061704158783,-0.007102265954017639
1768416595836817400,15.2978173828125,0.005810137838125229,-0.004644405096769333,-0.007535828277468681
1768416595846819600,15.307819580078124,0.0071404436603188515,-0.0017901445971801877,-0.00707280682399869
1768416595856820500,15.317820556640624,0.007382791489362717,-0.00011368468403816223,-0.008757788687944412
1768416595866821600,15.327821533203124,0.007079391740262508,-0.002554045058786869,-0.0071258810348808765
1768416595876822500,15.337822509765624,0.007099897600710392,0.0032524450216442347,-0.006290980149060488
1768416595886824700,15.34782470703125,0.007259504869580269,0.010668830946087837,-0.007188028190284967
1768416595896825600,15.35782568359375,0.007948464713990688,0.014211101457476616,-0.004599169362336397
1768416595906826500,15.367826416015625,0.009612918831408024,0.012706662528216839,0.00041764299385249615
1768416595916828700,15.37782861328125,0.0072541567496955395,0.009052539244294167,-0.00038929469883441925
1768416595926829600,15.38782958984375,0.006713678129017353,0.009187303483486176,-0.009429370053112507
1768416595936830500,15.39783056640625,0.004786881618201733,0.01222464069724083,-0.011396913789212704
1768416595946831400,15.407831298828125,0.003639382775872946,0.017342587932944298,-0.006550328806042671
1768416595956833500,15.41783349609375,0.002970396773889661,0.018414776772260666,-0.001061021350324154
1768416595966834400,15.42783447265625,0.0016847050283104181,0.01377929374575615,-0.007969888858497143
1768416595976835600,15.437835693359375,0.0010231758933514357,0.011624795384705067,-0.01833118498325348
1768416595986836500,15.44783642578125,0.00046716886572539806,0.009290529415011406,-0.01460210420191288
1768416595996838700,15.457838623046875,-0.0006763925775885582,0.014564387500286102,-0.00990961492061615
1768416596006839600,15.467839599609375,-0.000043023028410971165,0.016809914261102676,-0.015267329290509224
1768416596016840400,15.47784033203125,-0.0010193379130214453,0.015593381598591805,-0.026663262397050858
1768416596026842600,15.487842529296875,-0.001946580596268177,0.016332892701029778,-0.03165186196565628
1768416596036843500,15.497843505859375,-0.004617731086909771,0.017749160528182983,-0.023970238864421844
1768416596046844400,15.507844482421875,-0.006308572366833687,0.01851348765194416,-0.0076346746645867825
1768416596056845300,15.51784521484375,-0.008862543851137161,0.01706020161509514,0.0005042117554694414
1768416596066847500,15.527847412109375,-0.006747470237314701,0.00770323071628809,0.0012457219418138266
1768416596076848400,15.537848388671875,-0.006355719640851021,-0.004186452366411686,-0.0018366207368671894
1768416596086849500,15.547849609375,-0.0060891322791576385,-0.0026696715503931046,-0.012595834210515022
1768416596096850700,15.5578505859375,-0.0038832358550280333,-0.00694697443395853,-0.01938662864267826
1768416596106852600,15.5678525390625,-0.0038559450767934322,-0.009476876817643642,-0.018423698842525482
1768416596116853500,15.577853515625,-0.0017653636168688536,-0.0163454357534647,-0.013124007731676102
1768416596126854400,15.5878544921875,-0.004757617134600878,-0.01951906457543373,-0.008944984525442123
1768416596136856600,15.597856689453126,-0.0034300312399864197,-0.014852140098810196,-0.0032556732185184956
1768416596146857500,15.607857421875,0.003181847743690014,-0.01626182161271572,0.00558334169909358
1768416596156858400,15.6178583984375,0.005291603971272707,-0.007916807197034359,0.01019806694239378
1768416596166859500,15.627859619140626,0.006900426931679249,-0.006578081287443638,0.015125894919037819
1768416596176861400,15.637861328125,0.009529500268399715,-0.011311850510537624,0.012163661420345306
1768416596186862600,15.647862548828124,0.008064779452979565,-0.014171643182635307,0.01166387926787138
1768416596196863500,15.657863525390624,0.007693801075220108,-0.01304326206445694,0.015714013949036598
1768416596206864600,15.66786474609375,0.010292097926139832,-0.007806542329490185,0.014189904555678368
1768416596216866600,15.677866455078124,0.011367748491466045,-0.003765461500734091,0.010873736813664436
1768416596226867500,15.687867431640624,0.012896617874503136,-0.0011726485099643469,0.009228229522705078
1768416596236868600,15.69786865234375,0.010718419216573238,-0.003320754040032625,0.01302935928106308
1768416596246870500,15.70787060546875,0.009319269098341465,0.0007137281354516745,0.016897326335310936
1768416596256871400,15.717871337890625,0.007375961169600487,0.001427988288924098,0.020663302391767502
1768416596266872300,15.727872314453125,0.0074300034902989864,0.0038630077615380287,0.02318309061229229
1768416596276873500,15.73787353515625,0.006770072039216757,0.006043870467692614,0.021466417238116264
1768416596286875400,15.74787548828125,0.007992724888026714,0.009082959033548832,0.013349678367376328
1768416596296876500,15.75787646484375,0.006466467399150133,0.009332497604191303,0.006563943345099688
1768416596306877700,15.767877685546875,0.004868519026786089,0.011662190780043602,0.009751806035637856
1768416596316878800,15.77787890625,0.0007589951273985207,0.01670435257256031,0.01693834736943245
1768416596326880800,15.787880859375,-0.0018580227624624968,0.014256058260798454,0.01636020839214325
1768416596336881700,15.797881591796875,0.00006078474689275026,0.011092755012214184,0.018099520355463028
1768416596346882600,15.807882568359375,0.001282096141949296,0.015241095796227455,0.019354263320565224
1768416596356884700,15.817884765625,0.0038003812078386545,0.01821531541645527,0.025008421391248703
1768416596366885600,15.8278857421875,0.006193105131387711,0.017651421949267387,0.027656737715005875
1768416596376886500,15.837886474609375,0.005735041573643684,0.006932466756552458,0.02306331694126129
1768416596386887700,15.8478876953125,0.004426273982971907,0.0019297481048852205,0.019337469711899757
1768416596396889600,15.8578896484375,0.002817724831402302,-0.0022378326393663883,0.017442896962165833
1768416596406890800,15.867890869140625,0.0005003318656235933,-0.000536368926987052,0.02149977535009384
1768416596416891600,15.8778916015625,-0.00026079954113811255,0.00089694419875741,0.02143186517059803
1768416596426892800,15.887892822265625,-0.0008509510662406683,0.002471249084919691,0.022302675992250443
1768416596436894700,15.897894775390625,-0.00027757242787629366,-0.0012995204888284206,0.023871010169386864
1768416596446895600,15.9078955078125,-0.0009723205585032701,-0.004218661691993475,0.027498003095388412
1768416596456896800,15.917896728515625,0.001124918693676591,-0.005293513182550669,0.02699972689151764
1768416596466897700,15.927897705078125,-0.0003790388582274318,-0.009426955133676529,0.023817481473088264
1768416596476899600,15.937899658203126,-0.0002256407169625163,-0.01574104279279709,0.022271249443292618
1768416596486900700,15.947900634765626,-0.001936203334480524,-0.01754593290388584,0.021198391914367676
1768416596496901600,15.957901611328126,-0.0008024957496672869,-0.013357046991586685,0.02044471725821495
1768416596506903600,15.967903564453126,-0.0009092309046536684,-0.011892423965036869,0.01873406581580639
1768416596516904700,15.97790478515625,0.0001871924614533782,-0.00789794884622097,0.015763841569423676
1768416596526905900,15.98790576171875,0.0012604683870449662,-0.009123781695961952,0.015426736325025558
1768416596536906800,15.99790673828125,0.0008940174011513591,-0.014236785471439362,0.014763344079256058
1768416596546908700,16.00790869140625,0.0022535473108291626,-0.015137264505028725,0.01786978356540203
1768416596556909800,16.017909912109374,0.004384076222777367,-0.011689536273479462,0.01871294155716896
1768416596566910700,16.02791064453125,0.003319602459669113,-0.009692653082311153,0.020289352163672447
1768416596576911600,16.03791162109375,0.0027326419949531555,-0.009173869155347347,0.020943423733115196
1768416596586913500,16.04791357421875,0.004012508783489466,-0.009034249931573868,0.020204147323966026
1768416596596914700,16.057914794921874,0.0040444666519761086,-0.009033717215061188,0.014730285853147507
1768416596606915800,16.067915771484376,0.0016143275424838066,-0.012758524157106876,0.015717828646302223
1768416596616917500,16.07791748046875,0.0008262982009910047,-0.01406933180987835,0.017221715301275253
1768416596626919000,16.0879189453125,0.0017412251327186823,-0.009111113846302032,0.022693336009979248
1768416596636919800,16.097919921875,0.0038845371454954147,-0.0012071183882653713,0.027609264478087425
1768416596646920700,16.107920654296876,0.007236270233988762,0.0012248898856341839,0.027594642713665962
1768416596656922600,16.117922607421875,0.007460242137312889,0.004140784963965416,0.027626067399978638
1768416596666923800,16.127923828125,0.007189272902905941,0.004312991164624691,0.02678351290524006
1768416596676924700,16.137924560546875,0.006095512770116329,0.00499795563519001,0.02643144316971302
1768416596686925600,16.147925537109376,0.006683257408440113,-0.001082106027752161,0.020514827221632004
1768416596696927700,16.157927734375,0.006755962036550045,-0.0049476842395961285,0.0162724107503891
1768416596706928600,16.1679287109375,0.006525945384055376,-0.008603234775364399,0.022390972822904587
1768416596716929800,16.1779296875,0.007955530658364296,-0.0042654783464968204,0.025671720504760742
1768416596726931500,16.187931396484377,0.007506043650209904,-0.00015527056530117989,0.017354298382997513
1768416596736932900,16.197932861328123,0.003537134500220418,-0.0031164393294602633,0.001678665867075324
1768416596746933800,16.207933837890625,-0.00008442800026386976,-0.0051285079680383205,0.011144107207655907
1768416596756934700,16.2179345703125,-0.005172929726541042,-0.0009175175800919533,0.023524077609181404
1768416596766936800,16.227936767578125,-0.016905756667256355,0.0063892873004078865,0.02017120271921158
1768416596776937700,16.237937744140623,-0.02385128103196621,0.014701545238494873,0.012663483619689941
1768416596786938600,16.247938720703125,-0.024716129526495934,0.033026766031980515,0.007164881564676762
1768416596796939500,16.257939453125,-0.027018699795007706,0.049880050122737885,0.010397693142294884
1768416596806941700,16.267941650390625,-0.030888421460986137,0.06084948778152466,0.02402270957827568
1768416596816942600,16.277942626953124,-0.03380138799548149,0.07046908885240555,0.026921559125185013
1768416596826943700,16.28794384765625,-0.03553634509444237,0.056997884064912796,0.016850944608449936
1768416596836945700,16.297945556640624,-0.035040732473134995,0.03079291060566902,0.014786727726459503
1768416596846946800,16.30794677734375,-0.03333698585629463,0.016951121389865875,0.005888015031814575
1768416596856947700,16.31794775390625,-0.025350434705615044,0.008358699269592762,-0.00622164411470294
1768416596866948600,16.327948486328125,-0.009335123933851719,-0.000028026755899190903,-0.01007477380335331
1768416596876950800,16.33795068359375,0.00750750582665205,-0.005502154119312763,-0.011272397823631763
1768416596886951700,16.34795166015625,0.025098619982600212,-0.010134933516383171,-0.0033243484795093536
1768416596896952600,16.35795263671875,0.03592649847269058,-0.011128293350338936,-0.004005052614957094
1768416596906953500,16.367953369140626,0.03991299867630005,-0.003779612248763442,-0.006084534339606762
1768416596916955600,16.37795556640625,0.04076014831662178,-0.002264806069433689,-0.0074225058779120445
1768416596926956500,16.38795654296875,0.03596403822302818,-0.0023358215112239122,-0.00781035702675581
1768416596936957700,16.397957763671876,0.03451847657561302,-0.004747047554701567,-0.015488782897591591
1768416596946958800,16.407958740234374,0.029986204579472542,-0.007466859184205532,-0.028219595551490784
1768416596956960800,16.417960693359376,0.0237786415964365,-0.006699070334434509,-0.03740537166595459
1768416596966961700,16.427961669921874,0.019565429538488388,-0.004472792148590088,-0.04187747836112976
1768416596976962800,16.437962890625,0.014512881636619568,-0.0024637035094201565,-0.04105696082115173
1768416596986964700,16.44796484375,0.011413960717618465,-0.004440673626959324,-0.036924079060554504
1768416596996965600,16.457965576171876,0.010532188229262829,-0.011383534409105778,-0.038673244416713715
1768416597006966500,16.467966552734374,0.012309260666370392,-0.0249764584004879,-0.04055732488632202
1768416597016967700,16.4779677734375,0.014575343579053879,-0.042034540325403214,-0.038644108921289444
1768416597026969600,16.487969482421875,0.016689548268914223,-0.0656534880399704,-0.04269073158502579
1768416597036970500,16.497970458984376,0.020135946571826935,-0.09978456050157547,-0.035268235951662064
1768416597046972000,16.507971923828126,0.02127637155354023,-0.12320093810558319,-0.020516332238912582
1768416597056972800,16.517972900390625,0.01886940561234951,-0.12079025059938431,-0.009597105905413628
1768416597066974700,16.527974609375,0.017028428614139557,-0.0918053612112999,-0.0019074170850217342
1768416597076975600,16.5379755859375,0.016792472451925278,-0.06362831592559814,0.00343621545471251
1768416597086976800,16.547976806640627,0.017692921683192253,-0.043717753142118454,0.007665281184017658
1768416597096978700,16.557978759765625,0.017447112128138542,-0.04755829647183418,0.002038288163021207
1768416597106979600,16.5679794921875,0.011468309909105301,-0.05551379919052124,-0.01565997302532196
1768416597116980700,16.577980712890625,0.007956666871905327,-0.05840066820383072,-0.025628451257944107
1768416597126981600,16.587981689453127,0.006448829080909491,-0.045223418623209,-0.024747226387262344
1768416597136983600,16.597983642578125,0.004213904496282339,-0.024112273007631302,-0.01564134657382965
1768416597146984700,16.607984619140623,0.0022239950485527515,-0.01047438196837902,-0.010891643352806568
1768416597156985900,16.61798583984375,-0.00038590270560234785,-0.002822853159159422,-0.009443416260182858
1768416597166986800,16.62798681640625,-0.005619868170469999,0.009921286255121231,-0.007523173466324806
1768416597176988700,16.63798876953125,-0.007077682297676802,0.023406201973557472,-0.0056062303483486176
1768416597186989800,16.64798974609375,-0.013043353334069252,0.03430977463722229,-0.006928497459739447
1768416597196990700,16.65799072265625,-0.01534352544695139,0.046785619109869,-0.008823603391647339
1768416597206991600,16.66799169921875,-0.010853203944861889,0.05999492481350899,-0.005861601326614618
1768416597216993800,16.677993896484374,-0.006915987469255924,0.07018870115280151,-0.006032043602317572
1768416597226994700,16.68799462890625,0.00030072126537561417,0.07778756320476532,-0.014743518084287643
1768416597236995600,16.69799560546875,0.0028014294803142548,0.0792861208319664,-0.020575309172272682
1768416597246997500,16.70799755859375,0.0072712283581495285,0.07760829478502274,-0.02529170736670494
1768416597256998700,16.71799853515625,0.00980842113494873,0.07648603618144989,-0.02931228280067444
1768416597266999800,16.727999755859376,0.00543151656165719,0.06830000877380371,-0.04137560352683067
1768416597277000700,16.738000732421874,-0.0031742220744490623,0.060928650200366974,-0.05170387402176857
1768416597287003000,16.7480029296875,-0.014586017467081547,0.05168656259775162,-0.0560554601252079
1768416597297003800,16.758003662109374,-0.025446388870477676,0.05830052122473717,-0.047239866107702255
1768416597307004700,16.768004638671876,-0.03385550528764725,0.07780222594738007,-0.03952420875430107
1768416597317006000,16.778006103515626,-0.03353219851851463,0.09210100024938583,-0.02470344863831997
1768416597327008000,16.788008056640624,-0.03371478617191315,0.09920240193605423,-0.016414478421211243
1768416597337009000,16.7980087890625,-0.03643307462334633,0.09541698545217514,-0.01807469315826893
1768416597347010000,16.808010009765624,-0.03889540582895279,0.08318202197551727,-0.03562598302960396
1768416597357011200,16.81801123046875,-0.04324807599186897,0.06570688635110855,-0.04815775528550148
1768416597367012900,16.828012939453124,-0.048616793006658554,0.05432742461562157,-0.048117745667696
1768416597377014000,16.838013916015626,-0.051390208303928375,0.05031324177980423,-0.0464913547039032
1768416597387015200,16.84801513671875,-0.04730238765478134,0.03687232732772827,-0.03785540908575058
1768416597397017000,16.85801708984375,-0.04579903557896614,0.02837764099240303,-0.03148379549384117
1768416597407018000,16.86801806640625,-0.039873648434877396,0.02365984208881855,-0.023150525987148285
1768416597417019100,16.87801904296875,-0.0301419235765934,0.01951010338962078,-0.01837201416492462
1768416597427020000,16.88802001953125,-0.02313467487692833,0.010017003864049911,-0.014276726171374321
1768416597437022000,16.89802197265625,-0.01591910608112812,-0.0025856068823486567,-0.017547620460391045
1768416597447022800,16.90802294921875,-0.014383863657712936,-0.012922615744173527,-0.026427701115608215
1768416597457024000,16.91802392578125,-0.01868193969130516,-0.01616501435637474,-0.035667534917593
1768416597467025200,16.928025146484377,-0.023791691288352013,-0.009502433240413666,-0.04031592234969139
1768416597477026800,16.93802685546875,-0.030950799584388733,0.010250765830278397,-0.03610653057694435
1768416597487028200,16.9480283203125,-0.038140926510095596,0.033036939799785614,-0.025677787140011787
1768416597497029000,16.958029052734375,-0.03979980945587158,0.04264562204480171,-0.017355943098664284
1768416597507030000,16.968030029296877,-0.03857600316405296,0.051834605634212494,-0.016453223302960396
1768416597517032000,16.978031982421875,-0.03542228788137436,0.05325726419687271,-0.013885937631130219
1768416597527033000,16.988033203125,-0.029728997498750687,0.04957139119505882,-0.0032446165569126606
1768416597537034000,16.998033935546875,-0.021100889891386032,0.04535560682415962,0.0066887084394693375
1768416597547036000,17.008035888671873,-0.01293465681374073,0.03571601212024689,-0.0013384977355599403
1768416597557037000,17.018037109375,-0.008892244659364223,0.021935485303401947,-0.020109789445996284
1768416597567038000,17.028037841796873,-0.0015141484327614307,0.009337195195257664,-0.031066305935382843
1768416597577039000,17.0380390625,0.00006483984179794788,0.005385596305131912,-0.028859078884124756
1768416597587041000,17.048041015625,0.0025829803198575974,0.007450868841260672,-0.022725045680999756
1768416597597042200,17.058042236328124,0.00241839699447155,0.01136944442987442,-0.02323663979768753
1768416597607043000,17.06804296875,0.0016829813830554485,0.016983240842819214,-0.02308885008096695
1768416597617044000,17.0780439453125,0.0030505144968628883,0.026032395660877228,-0.01689966395497322
1768416597627046100,17.088046142578126,0.007059020455926657,0.03331133350729942,-0.01275649107992649
1768416597637047000,17.098047119140624,0.007312287110835314,0.035615235567092896,-0.0037376959808170795
1768416597647048000,17.1080478515625,0.007185621187090874,0.02921973168849945,0.002119170967489481
1768416597657048800,17.118048828125,0.004483845084905624,0.019621964544057846,0.009553119540214539
1768416597667051000,17.128051025390626,0.007745874114334583,0.014703047461807728,0.012997925281524658
1768416597677052000,17.138052001953124,0.011868713423609734,0.009937587194144726,0.014318587258458138
1768416597687053000,17.148052978515626,0.012249154970049858,0.002709666732698679,0.018944567069411278
1768416597697055000,17.158054931640624,0.01078281830996275,-0.0023266372736543417,0.023632530122995377
1768416597707056000,17.16805615234375,0.012608001008629799,-0.0024510163348168135,0.022240469232201576
1768416597717057000,17.17805712890625,0.011095859110355377,-0.005480894818902016,0.021395182237029076
1768416597727058000,17.188057861328126,0.007780480198562145,-0.007763977162539959,0.02013426087796688
1768416597737060000,17.19806005859375,0.009784774854779243,-0.013740642927587032,0.01802343875169754
1768416597747061000,17.20806103515625,0.010221934877336025,-0.025873683393001556,0.01602325029671192
1768416597757062000,17.218061767578124,0.009254408068954945,-0.04233548045158386,0.016717536374926567
1768416597767063000,17.22806298828125,0.00996088981628418,-0.060354579240083694,0.019427407532930374
1768416597777065000,17.23806494140625,0.00905648060142994,-0.060776155441999435,0.02404426410794258
1768416597787065900,17.24806591796875,0.0026674638502299786,-0.041749175637960434,0.03189544379711151
1768416597797067000,17.25806689453125,0.0013888803077861667,-0.015756987035274506,0.04059199243783951
1768416597807068200,17.268068115234374,0.0033436035737395287,0.006951545365154743,0.0473044216632843
1768416597817070000,17.278070068359376,0.0037353546358644962,0.004344310611486435,0.045633554458618164
1768416597827071000,17.288071044921875,0.0049478160217404366,-0.00961657240986824,0.03517026826739311
1768416597837072100,17.298072021484376,0.010175601579248905,-0.02568022906780243,0.024905383586883545
1768416597847073000,17.308072998046875,0.011755665764212608,-0.03387082368135452,0.015961337834596634
1768416597857075000,17.318074951171877,0.012676587328314781,-0.03362315148115158,0.014360244385898113
1768416597867075800,17.328075927734375,0.011060640215873718,-0.0281429011374712,0.019020896404981613
1768416597877077000,17.338076904296877,0.008745022118091583,-0.021088721230626106,0.02344547212123871
1768416597887079000,17.348078857421875,0.007201328407973051,-0.01619286835193634,0.027631498873233795
1768416597897080000,17.358080078125,0.005348833743482828,-0.01402425579726696,0.030529817566275597
1768416597907081200,17.368081298828123,0.004409441724419594,-0.013788800686597824,0.03468133136630058
1768416597917082000,17.37808203125,0.002499688882380724,-0.020003819838166237,0.03250712901353836
1768416597927084000,17.388083984375,0.0030531680677086115,-0.024359893053770065,0.029797084629535675
1768416597937085000,17.3980849609375,0.0038273490499705076,-0.028881940990686417,0.0282609723508358
1768416597947086000,17.408086181640623,-0.001141023589298129,-0.030111612752079964,0.027046136558055878
1768416597957087000,17.4180869140625,-0.0006656493060290813,-0.030308155342936516,0.02459496259689331
1768416597967089000,17.4280888671875,0.003186456859111786,-0.03053075633943081,0.02334786206483841
1768416597977090000,17.438090087890625,0.0021622052881866693,-0.027315523475408554,0.02353694662451744
1768416597987091000,17.448091064453124,0.0021121578756719828,-0.02781469002366066,0.026136819273233414
1768416597997092000,17.458092041015625,0.00578785315155983,-0.027183255180716515,0.026752542704343796
1768416598007094000,17.468093994140624,0.00554429879412055,-0.02077372558414936,0.02330154925584793
1768416598017095200,17.47809521484375,0.006347508169710636,-0.01769857294857502,0.018445009365677834
1768416598027096000,17.488095947265624,0.006800441537052393,-0.01926605962216854,0.017834845930337906
1768416598037098000,17.498097900390626,0.005766335874795914,-0.016538983210921288,0.02007216587662697
1768416598047099100,17.50809912109375,0.011509252712130547,-0.017104310914874077,0.02337048202753067
1768416598057100000,17.51810009765625,0.008149141445755959,-0.014288018457591534,0.02457582950592041
1768416598067101000,17.528100830078124,0.007227492518723011,-0.007580099161714315,0.0202743262052536
1768416598077103000,17.53810302734375,0.005087909288704395,-0.003481494262814522,0.019145678728818893
1768416598087104000,17.54810400390625,0.004987051710486412,0.000265100272372365,0.0172931756824255
1768416598097105200,17.558105224609374,0.003144410904496908,0.004078480415046215,0.017875874415040016
1768416598107106000,17.56810595703125,0.0019244819413870573,0.002991484012454748,0.022856330499053
1768416598117108200,17.578108154296874,0.0027497955597937107,-0.001079157693311572,0.021988404914736748
1768416598127109000,17.588109130859376,0.005063658580183983,-0.005097032058984041,0.018703455105423927
1768416598137110000,17.598110107421874,0.00628125574439764,-0.010636407881975174,0.016329780220985413
1768416598147111000,17.60811083984375,0.004454005975276232,-0.006880968809127808,0.00989089347422123
1768416598157113000,17.618113037109374,-0.0007058684714138508,-0.006283888127654791,0.010787312872707844
1768416598167114000,17.628114013671876,-0.005438430234789848,-0.002223733812570572,0.014078250154852867
1768416598177115000,17.638114990234374,-0.005275977775454521,0.005446436814963818,0.018876733258366585
1768416598187116000,17.648115966796876,-0.008930816315114498,0.014326117932796478,0.019788017496466637
1768416598197118000,17.658117919921875,-0.007705495692789555,0.01734933815896511,0.016895558685064316
1768416598207119000,17.668119140625,-0.005091175436973572,0.013530021533370018,0.02102287858724594
1768416598217120000,17.6781201171875,-0.002921764738857746,0.012389922514557838,0.020575203001499176
1768416598227122200,17.6881220703125,-0.0006306848954409361,0.007491216063499451,0.02017011120915413
1768416598237123000,17.698123046875,0.002419167198240757,0.004170786589384079,0.019670769572257996
1768416598247124000,17.7081240234375,0.002482794225215912,0.0019111866131424904,0.015923071652650833
1768416598257125000,17.718125,0.004742486402392387,-0.002321908250451088,0.016103634610772133
1768416598267127000,17.728126953125,0.003679245011880994,-0.004596550948917866,0.019879404455423355
1768416598277128000,17.7381279296875,0.004995911847800016,0.00007010623812675476,0.01979019120335579
1768416598287128800,17.74812890625,0.0030207817908376455,-0.00003636488690972328,0.008245499804615974
1768416598297130000,17.7581298828125,-0.001377695007249713,-0.005209555383771658,-0.007835732772946358
1768416598307132000,17.7681318359375,-0.0046593789011240005,-0.005862085148692131,-0.01326922606676817
1768416598317133000,17.778133056640623,-0.0028335151728242636,-0.00356217916123569,-0.006641150452196598
1768416598327133700,17.7881337890625,-0.003841755911707878,0.000216024462133646,-0.012396974489092827
1768416598337134800,17.798134765625,-0.002743734512478113,0.0011217654682695866,-0.023932989686727524
1768416598347136800,17.80813671875,0.0004990053712390363,-0.0013181627728044987,-0.026018783450126648
1768416598357137700,17.8181376953125,0.0017128742765635252,-0.0014047154691070318,-0.022584637627005577
1768416598367138800,17.828138916015625,-0.004085148219019175,0.006484747398644686,-0.015489872545003891
1768416598377139700,17.8381396484375,-0.004516846500337124,0.010791080072522163,-0.012571847066283226
1768416598387141600,17.8481416015625,-0.0011287671513855457,0.004577768035233021,-0.014657145366072655
1768416598397142800,17.858142822265624,-0.0015559382736682892,-0.002354439813643694,-0.014577250927686691
1768416598407144000,17.86814404296875,-0.0009459552820771933,0.004041665233671665,-0.020617857575416565
1768416598417145900,17.878145751953124,-0.0016868466045707464,0.008163172751665115,-0.027403060346841812
1768416598427146800,17.888146728515625,-0.0028477334417402744,0.00793727207928896,-0.030775293707847595
1768416598437148000,17.89814794921875,-0.0071263681165874004,0.005348945967853069,-0.03127942979335785
1768416598447148800,17.908148681640625,-0.011424770578742027,0.0017140023410320282,-0.027235275134444237
1768416598457150700,17.918150634765624,-0.009712091647088528,0.0032013775780797005,-0.026210488751530647
1768416598467152000,17.92815185546875,-0.008730711415410042,0.007326990365982056,-0.02350103110074997
1768416598477152800,17.93815283203125,-0.003914917819201946,0.002525045070797205,-0.016856178641319275
1768416598487153700,17.948153564453126,-0.004426546860486269,0.006201983895152807,-0.012341612949967384
1768416598497155600,17.958155517578124,-0.006112327799201012,0.00858311727643013,-0.012389816343784332
1768416598507156700,17.96815673828125,-0.004752944223582745,0.004592939279973507,-0.01406541746109724
1768416598517158000,17.978157958984376,-0.004323376342654228,0.005144479684531689,-0.018750716000795364
1768416598527158800,17.98815869140625,-0.00512618338689208,0.00706600584089756,-0.017525017261505127
1768416598537161000,17.998160888671876,-0.007253249641507864,0.00869000144302845,-0.017927423119544983
1768416598547161900,18.008161865234374,-0.008175764232873917,0.014005247503519058,-0.01866728998720646
1768416598557162800,18.018162841796876,-0.006042039021849632,0.01600128784775734,-0.02252727560698986
1768416598567163600,18.02816357421875,-0.005544234532862902,0.01503349095582962,-0.02234899066388607
1768416598577165800,18.038165771484376,-0.006443051155656576,0.01642605848610401,-0.018220825120806694
1768416598587166700,18.048166748046874,-0.0062185293063521385,0.015447943471372128,-0.01616526022553444
1768416598597167600,18.058167724609376,-0.004792140796780586,0.0128178047016263,-0.016084566712379456
1768416598607168800,18.068168701171874,-0.0025154752656817436,0.008609527722001076,-0.01661723107099533
1768416598617170700,18.078170654296876,-0.0024702013470232487,0.0107421875,-0.022760877385735512
1768416598627171800,18.088171875,-0.00789087638258934,0.01618056744337082,-0.026151340454816818
1768416598637172700,18.0981728515625,-0.01023605652153492,0.02209438383579254,-0.023662883788347244
1768416598647175000,18.1081748046875,-0.007355249021202326,0.0158416535705328,-0.02145451307296753
1768416598657175800,18.11817578125,-0.004749612417072058,0.010954753495752811,-0.015597422607243061
1768416598667176700,18.1281767578125,-0.004690991714596748,0.008253793232142925,-0.016184594482183456
1768416598677177600,18.138177490234376,-0.004147441126406193,0.004897678270936012,-0.013875634409487247
1768416598687179800,18.1481796875,-0.003109050216153264,0.007444326300173998,-0.012861393392086029
1768416598697180700,18.1581806640625,-0.004246486350893974,0.009502416476607323,-0.009173449128866196
1768416598707181600,18.168181640625,-0.005872063804417849,0.009699821472167969,-0.010853232815861702
1768416598717183000,18.178182861328125,-0.0006916830316185951,0.002372666262090206,-0.005816396325826645
1768416598727185000,18.188184814453123,-0.0018622889183461666,-0.004534783773124218,-0.006122419610619545
1768416598737185800,18.198185791015625,-0.0037880204617977142,-0.005706042051315308,-0.008487572893500328
1768416598747186700,18.208186767578123,-0.002119474345818162,-0.005521425046026707,-0.011122247204184532
1768416598757187800,18.218187744140625,-0.0014398356433957815,-0.004368809051811695,-0.013437599875032902
1768416598767189800,18.228189697265623,-0.001696345629170537,-0.004282297566533089,-0.012460690923035145
1768416598777190700,18.238190673828125,-0.0014302958734333515,0.00009194412268698215,-0.00620386004447937
1768416598787191800,18.24819189453125,-0.0010520487558096647,0.005902222357690334,-0.006228102371096611
1768416598797192700,18.258192626953125,-0.000249638338573277,0.006401831284165382,-0.005190534517168999
1768416598807194600,18.268194580078124,-0.0010614413768053055,0.006311867386102676,-0.00496766297146678
1768416598817195800,18.27819580078125,-0.00003559177275747061,-0.0023735002614557743,-0.005953032057732344
1768416598827197000,18.288197021484375,0.004227940924465656,-0.003033638698980212,-0.008205275982618332
1768416598837197800,18.29819775390625,0.0007967244018800557,0.0008718871977180243,-0.006651054602116346
1768416598847199700,18.30819970703125,-0.0002029872266575694,0.007495101075619459,-0.005421225447207689
1768416598857201000,18.318200927734374,-0.001445884583517909,0.010350275784730911,-0.006715522613376379
1768416598867201800,18.328201904296876,0.002572140656411648,0.00920393131673336,-0.0070710377767682076
1768416598877203700,18.33820361328125,0.002055487362667918,0.009463323280215263,-0.003180691972374916
1768416598887204900,18.348204833984376,0.002979106502607465,0.007518013007938862,-0.002468552440404892
1768416598897205800,18.358205810546874,0.001209435984492302,0.004193854983896017,-0.00787237286567688
1768416598907206700,18.36820654296875,0.0015286001143977046,0.0028185900300741196,-0.01239391416311264
1768416598917208600,18.37820849609375,0.008593433536589146,-0.0014246245846152306,-0.010607199743390083
1768416598927209700,18.388209716796876,0.005040830932557583,0.004778827540576458,-0.014234262518584728
1768416598937211000,18.3982109375,0.001988315489143133,0.00635541882365942,-0.01466755848377943
1768416598947211800,18.408211669921876,0.0028265072032809258,0.008061829954385757,-0.007518171798437834
1768416598957214000,18.4182138671875,0.002020634710788727,0.006796029396355152,-0.005492305848747492
1768416598967214800,18.42821484375,0.005399120971560478,0.005842351354658604,-0.004650480579584837
1768416598977215700,18.4382158203125,0.004786061123013496,0.00642105657607317,-0.003000651951879263
1768416598987216600,18.448216552734376,0.0025510000996291637,0.010777933523058891,-0.0037994454614818096
1768416598997218800,18.45821875,0.002778700552880764,0.009990702383220196,-0.00821230374276638
1768416599007219700,18.4682197265625,0.003500333521515131,0.006437875796109438,-0.015590008348226547
1768416599017220600,18.478220703125,0.003839354030787945,0.0036703189834952354,-0.016056859865784645
1768416599027221800,18.4882216796875,0.0027037877589464188,0.0036262208595871925,-0.010266125202178955
1768416599037224000,18.498223876953126,0.0025346772745251656,0.006151163950562477,-0.005474299658089876
1768416599047224800,18.508224853515625,0.003706746967509389,0.0074310326017439365,-0.013598624616861343
1768416599057225700,18.518225830078126,-0.0016776320990175009,0.008987650275230408,-0.02181980200111866
1768416599067227000,18.528226806640625,-0.004349717870354652,0.007823528721928596,-0.008873489685356617
1768416599077228800,18.538228759765627,-0.002700688550248742,0.008284786716103554,0.004126464948058128
1768416599087229700,18.548229736328125,-0.0020462200045585632,0.007695640902966261,0.0013689156621694565
1768416599097230600,18.558230712890627,-0.002092825248837471,0.003199959173798561,-0.010013168677687645
1768416599107232800,18.568232666015625,-0.002243625232949853,0.0019313895609229803,-0.017609912902116776
1768416599117233700,18.578233642578127,-0.002745098201557994,0.0071517182514071465,-0.014391749165952206
1768416599127234800,18.58823486328125,-0.003665824420750141,0.008132344111800194,-0.004150330554693937
1768416599137236000,18.598236083984375,-0.0027880468405783176,0.01244506798684597,0.0017906487919390202
1768416599147238000,18.60823779296875,-0.0008199114818125963,0.008327549323439598,0.002191574079915881
1768416599157238800,18.61823876953125,-0.000914453761652112,0.007397041190415621,0.0009699822403490543
1768416599167239700,18.62823974609375,0.002187693491578102,0.01423909142613411,0.0008707777597010136
1768416599177240800,18.63824072265625,-0.001790003851056099,0.013830829411745071,-0.0054718065075576305
1768416599187242800,18.64824267578125,-0.002098429948091507,0.004964615684002638,-0.009692437946796417
1768416599197243600,18.65824365234375,-0.003494192846119404,-0.0033138208091259003,-0.012738028541207314
1768416599207244800,18.668244873046874,-0.0042813909240067005,-0.008305898867547512,-0.015021901577711105
1768416599217245700,18.67824560546875,-0.006408191751688719,-0.006649145856499672,-0.014770232141017914
1768416599227247600,18.68824755859375,-0.004604676738381386,0.0021724426187574863,-0.011791111901402473
1768416599237248800,18.698248779296875,-0.0015998317394405603,0.011139039881527424,-0.003797102253884077
1768416599247250000,18.70825,-0.0034046850632876158,0.01775968074798584,-0.0001491704024374485
1768416599257250800,18.718250732421875,0.000032923067919909954,0.00879361666738987,0.003287905128672719
1768416599267252700,18.728252685546874,-0.0012157282326370478,0.0060505978763103485,0.00010921433568000793
1768416599277254000,18.73825390625,-0.0023246684577316046,0.0047871945425868034,-0.0034727375023066998
1768416599287254800,18.7482548828125,-0.00320396083407104,0.0024887893814593554,-0.006421173922717571
1768416599297255700,18.758255615234376,-0.0062780482694506645,0.0023822628427296877,-0.011160268448293209
1768416599307257900,18.7682578125,-0.0060943132266402245,0.0046292636543512344,-0.014097031205892563
1768416599317258800,18.7782587890625,-0.008310062810778618,0.007621324621140957,-0.014851504936814308
1768416599327260200,18.78826025390625,-0.003696119412779808,0.013686472550034523,-0.014309680089354515
1768416599337261300,18.79826123046875,-0.006629059091210365,0.01576986350119114,-0.009733304381370544
1768416599347263000,18.808262939453126,-0.004988296888768673,0.018320951610803604,-0.0065621924586594105
1768416599357264100,18.81826416015625,-0.0011229850351810455,0.015455123968422413,0.0013924029190093279
1768416599367265300,18.828265380859374,0.00025627785362303257,0.00975697860121727,0.006322094239294529
1768416599377266200,18.83826611328125,-0.0013879577163606882,0.015096882358193398,0.0037417577113956213
1768416599387268000,18.84826806640625,0.0002086267340928316,0.011728313751518726,0.0013695529196411371
1768416599397269200,18.858269287109376,0.0034747275058180094,0.0063865454867482185,0.006316374987363815
1768416599407270100,18.868270263671874,0.003184270579367876,0.0026981504634022713,0.01307881623506546
1768416599417272000,18.87827197265625,0.003921966068446636,-0.00041002477519214153,0.021178288385272026
1768416599427273000,18.88827294921875,0.0036130622029304504,-0.0032202841248363256,0.02855241298675537
1768416599437274000,18.898274169921876,0.0065254950895905495,-0.0004836197476834059,0.032183632254600525
1768416599447275300,18.908275146484375,0.008623788133263588,-0.005215478129684925,0.03295762836933136
1768416599457277200,18.918277099609377,0.009943384677171707,-0.008567333221435547,0.03462769836187363
1768416599467278300,18.9282783203125,0.011777469888329506,-0.01289878599345684,0.03333071619272232
1768416599477279200,18.938279296875,0.01156574860215187,-0.015029581263661385,0.03283882886171341
1768416599487280000,18.948280029296875,0.011155953630805016,-0.01558367908000946,0.03135605901479721
1768416599497282300,18.9582822265625,0.010195883922278881,-0.01695600524544716,0.027769580483436584
1768416599507283200,18.968283203125,0.00947341974824667,-0.01815507560968399,0.025241870433092117
1768416599517284000,18.9782841796875,0.009332804940640926,-0.01442638412117958,0.025270365178585052
1768416599527285000,18.988284912109375,0.008929861709475517,-0.0120192626491189,0.026701325550675392
1768416599537287200,18.998287109375,0.007837699726223946,-0.006733420770615339,0.029791124165058136
1768416599547288000,19.0082880859375,0.007940763607621193,-0.009137456305325031,0.03338212892413139
1768416599557289200,19.018289306640625,0.008474461734294891,-0.010049322620034218,0.031776510179042816
1768416599567290000,19.0282900390625,0.00991756934672594,-0.00986609235405922,0.02879445068538189
1768416599577292300,19.038292236328125,0.006586221978068352,-0.010193128138780594,0.02284787781536579
1768416599587293200,19.048293212890623,0.00830346904695034,-0.01115379948168993,0.022985011339187622
1768416599597294000,19.058294189453125,0.005815544165670872,-0.005042643286287785,0.02153412252664566
1768416599607295000,19.068294921875,0.007722296752035618,-0.004375205375254154,0.02029864676296711
1768416599617297200,19.078297119140625,0.006687658838927746,-0.005572828929871321,0.018154801800847054
1768416599627298000,19.088298095703124,0.006501520983874798,-0.006727244704961777,0.021014375612139702
1768416599637299000,19.098298828125,0.007467183284461498,-0.007347494829446077,0.02021809108555317
1768416599647300400,19.10830029296875,0.006191658787429333,-0.013406774029135704,0.021617470309138298
1768416599657302000,19.118302001953126,0.008116591721773148,-0.012525001540780067,0.020472310483455658
1768416599667303200,19.12830322265625,0.005600066855549812,-0.010658961720764637,0.022657908499240875
1768416599677304300,19.13830419921875,0.004646122455596924,-0.010120736435055733,0.02629205770790577
1768416599687306200,19.14830615234375,0.0039689382538199425,-0.008685030974447727,0.02413475140929222
1768416599697307100,19.15830712890625,0.002228030003607273,-0.011783618479967117,0.021375983953475952
1768416599707308000,19.16830810546875,0.004417234566062689,-0.01517179049551487,0.016689568758010864
1768416599717309200,19.17830908203125,0.003592719789594412,-0.016634929925203323,0.017611820250749588
1768416599727311000,19.18831103515625,0.004307614639401436,-0.016377897933125496,0.020200204104185104
1768416599737312000,19.19831201171875,0.00478591863065958,-0.015837276354432106,0.021998636424541473
1768416599747313200,19.208313232421876,0.005122530274093151,-0.013233990408480167,0.02075982093811035
1768416599757314300,19.218314208984374,0.004095082636922598,-0.01363586075603962,0.023177437484264374
1768416599767316200,19.228316162109376,0.003225643653422594,-0.015553433448076248,0.021268432959914207
1768416599777317000,19.238317138671874,0.0012900581350550056,-0.01965656690299511,0.01634052023291588
1768416599787318300,19.248318359375,0.0025357685517519712,-0.02276899293065071,0.012193473055958748
1768416599797319200,19.258319091796874,0.001577296876348555,-0.027495572343468666,0.013246487826108932
1768416599807321000,19.268321044921876,-0.0017144549638032913,-0.023196600377559662,0.01937553659081459
1768416599817322200,19.278322265625,-0.0018790382891893387,-0.01795203797519207,0.01895422488451004
1768416599827323100,19.2883232421875,-0.0027693454176187515,-0.01746489852666855,0.010275333188474178
1768416599837324000,19.298323974609374,-0.00457843067124486,-0.022561922669410706,0.003807846689596772
1768416599847326000,19.308325927734376,-0.004788820631802082,-0.02318776585161686,0.007759711239486933
1768416599857327000,19.3183271484375,-0.004511585459113121,-0.01951340213418007,0.01681552454829216
1768416599867328300,19.328328369140625,-0.0020398995839059353,-0.014143293723464012,0.01032828725874424
1768416599877329200,19.3383291015625,-0.0008454718627035618,-0.010592501610517502,-0.0003286176361143589
1768416599887331300,19.348331298828125,-0.0022266327869147062,-0.005412961356341839,0.0002301759086549282
1768416599897332200,19.358332275390627,-0.003668734570965171,-0.0035333025734871626,0.006031073164194822
1768416599907333000,19.3683330078125,-0.0015476113185286522,-0.0033025757875293493,0.016187354922294617
1768416599917334000,19.378333984375,-0.002826994052156806,-0.0032082998659461737,0.018227335065603256
1768416599927336200,19.388336181640625,-0.0008276405278593302,-0.012282230891287327,0.014769194647669792
1768416599937337000,19.398337158203127,0.0032683012541383505,-0.014097441919147968,0.012193651869893074
1768416599947338000,19.408337890625,0.0034594691824167967,-0.009093670174479485,0.006034885998815298
1768416599957339100,19.418339111328127,0.004368139430880547,-0.0019678501412272453,0.003279579570516944
1768416599967341300,19.42834130859375,0.0011956659145653248,-0.005809984169900417,0.0015458890702575445
1768416599977342200,19.43834228515625,-0.000731397420167923,-0.010700613260269165,0.001964271767064929
1768416599987343000,19.448343017578125,-0.004255122970789671,-0.01085253618657589,0.011028741486370564
1768416599997344300,19.45834423828125,-0.0033174240961670876,-0.008400829508900642,0.01146123930811882
1768416600007346200,19.46834619140625,0.003548951353877783,-0.00716953631490469,0.012332729063928127
1768416600017347000,19.47834716796875,0.004559887573122978,-0.0026695928536355495,0.014005460776388645
1768416600027348000,19.488347900390625,0.0034529350232332945,-0.004540096037089825,0.013091661036014557
1768416600037350100,19.49835009765625,0.0035280361771583557,-0.007982764393091202,0.010909732431173325
1768416600047351000,19.50835107421875,0.0013458755565807223,-0.008498867973685265,0.010287939570844173
1768416600057352200,19.518352294921876,0.0009836857207119465,-0.005393089260905981,0.009885270148515701
1768416600067353300,19.528353271484374,0.0008512618951499462,-0.00449011754244566,0.006138923577964306
1768416600077355300,19.538355224609376,-0.0005271902773529291,-0.006492548156529665,0.003092267084866762
1768416600087356200,19.548356201171874,0.0027707465924322605,-0.008333958685398102,0.0027700946666300297
1768416600097357000,19.558357177734376,0.002882599364966154,-0.010463688522577286,0.0014686079230159521
1768416600107358200,19.568358154296874,0.0015857928665354848,-0.009281056001782417,0.0027103926986455917
1768416600117360000,19.578360107421876,0.0013825936475768685,-0.009328726679086685,0.00321080069988966
1768416600127361000,19.588361083984374,0.0015886264154687524,-0.009426658041775227,0.005513536743819714
1768416600137362200,19.598362060546876,-0.00013150926679372787,-0.006147241685539484,0.007060300558805466
1768416600147363000,19.608363037109374,-0.0011810953728854656,-0.0019330729264765978,0.0022814692929387093
1768416600157365000,19.618364990234376,-0.0025044200010597706,0.0018744487315416336,-0.005339698400348425
1768416600167366100,19.6283662109375,-0.005439678207039833,-0.0007673478685319424,-0.01635214313864708
1768416600177367300,19.6383671875,-0.004967765882611275,-0.001777484780177474,-0.016428044065833092
1768416600187368200,19.6483681640625,-0.004498742520809174,-0.00415655504912138,-0.014439745806157589
1768416600197370000,19.6583701171875,-0.007475357968360186,-0.0012425240129232407,-0.0108716432005167
1768416600207371300,19.668371337890626,-0.007851573638617992,0.005428441800177097,-0.007025332655757666
1768416600217372200,19.6783720703125,-0.005813988856971264,0.00779279600828886,-0.0036252751015126705
1768416600227373000,19.688373046875,-0.005300135351717472,0.008015913888812065,-0.005982817150652409
1768416600237375200,19.698375244140625,-0.006606149487197399,0.00666089728474617,-0.007392960600554943
1768416600247376100,19.708376220703126,-0.005014220718294382,0.002058008685708046,-0.010995700024068356
1768416600257377000,19.718376953125,-0.007127971854060888,-0.0002877037040889263,-0.011676936410367489
1768416600267378200,19.728378173828126,-0.007301701698452234,0.0010798168368637562,-0.011742891743779182
1768416600277380400,19.73838037109375,-0.0027825841680169106,-0.004162349738180637,-0.009474411606788635
1768416600287381200,19.74838134765625,-0.004270673729479313,-0.0001325514167547226,-0.008980444632470608
1768416600297382100,19.758382080078125,-0.005843536928296089,0.002419289667159319,-0.009024919010698795
1768416600307383000,19.768383056640626,-0.006165272556245327,0.0012933975085616112,-0.008040178567171097
1768416600317385200,19.77838525390625,-0.0048249028623104095,0.001642271876335144,-0.007843904197216034
1768416600327385900,19.7883857421875,-0.0050043100491166115,0.0015533349942415953,-0.008994214236736298
1768416600337386800,19.79838671875,-0.005847199819982052,0.002672395436093211,-0.00937557965517044
1768416600347388000,19.808387939453127,-0.003084870520979166,0.002216123277321458,-0.010123294778168201
1768416600357389800,19.818389892578125,-0.004199669696390629,0.0024704548995941877,-0.010078287683427334
1768416600367391000,19.828390869140627,-0.0041147032752633095,0.002417412120848894,-0.010190226137638092
1768416600377391900,19.838391845703125,-0.003803912317380309,0.004119172226637602,-0.012408904731273651
1768416600387393000,19.84839306640625,-0.0027955989353358746,0.00485859252512455,-0.009795267134904861
1768416600397395000,19.85839501953125,-0.002655516378581524,0.006759290583431721,-0.008227996528148651
1768416600407395800,19.868395751953123,-0.0014113024808466434,0.0052557168528437614,-0.0057381228543818
1768416600417396700,19.878396728515625,0.002421785145998001,-0.0023132534697651863,-0.006014292594045401
1768416600427398000,19.88839794921875,-0.0029111432377249002,0.0031402534805238247,-0.003730469848960638
1768416600437399800,19.89839990234375,-0.00012361258268356323,0.004968247376382351,-0.004993606824427843
1768416600447400700,19.908400634765623,0.0003598876064643264,0.001789553090929985,-0.008882775902748108
1768416600457402000,19.918402099609374,0.0036680663470178843,-0.0008144858293235302,-0.00943884439766407
1768416600467403000,19.928403076171875,0.00392160564661026,-0.0007600472308695316,-0.005998348817229271
1768416600477405000,19.938405029296874,0.004919226281344891,0.0009113524574786425,-0.0023588724434375763
1768416600487406000,19.948406005859376,0.0033150427043437958,0.0034424583427608013,-0.0022280532866716385
1768416600497407000,19.958406982421874,0.002494256477802992,0.006829999387264252,-0.0016339020803570747
1768416600507408000,19.968407958984375,0.00069659692235291,0.008699826896190643,-0.0008667102083563805
1768416600517409800,19.978409912109374,-0.0010003692004829645,0.006471825763583183,-0.0009604538790881634
1768416600527411000,19.988410888671876,-0.004282032139599323,0.00463272538036108,-0.0038686292245984077
1768416600537411800,19.998411865234374,-0.003537412267178297,-0.0009250249713659286,-0.005217786878347397
1768416600547413800,20.008413818359376,-0.004497867077589035,-0.005336275324225426,-0.0044552977196872234
1768416600557415000,20.018414794921874,-0.0025753311347216368,-0.005709917284548283,0.0008523827418684959
1768416600567416000,20.028416015625,-0.002726975828409195,-0.0003421972505748272,0.0002638082951307297
1768416600577417000,20.0384169921875,-0.003758151549845934,-0.002353150164708495,-0.011821882799267769
1768416600587419000,20.0484189453125,-0.006129860412329435,-0.00936726201325655,-0.017308128997683525
1768416600597420000,20.058419921875,-0.006771149579435587,-0.01667897030711174,-0.006543631199747324
1768416600607421000,20.0684208984375,-0.010143684223294258,-0.005349421873688698,-0.004202347248792648
1768416600617421800,20.078421875,-0.010292288847267628,-0.0015581457410007715,-0.014803593046963215
1768416600627422700,20.088422607421876,-0.006092224270105362,-0.002264526207000017,-0.02205001190304756
1768416600637425000,20.0984248046875,-0.004175813868641853,0.0028463462367653847,-0.017616914585232735
1768416600647425800,20.10842578125,-0.004523485898971558,0.0077021424658596516,-0.009240628220140934
1768416600657427000,20.118427001953126,-0.001221698708832264,0.005792390089482069,-0.004018967971205711
1768416600667428900,20.128428955078125,-0.002484771190211177,0.009086825884878635,-0.005380032118409872
1768416600677430000,20.138429931640626,-0.0015872858930379152,0.003554907627403736,-0.009618451818823814
1768416600687431000,20.148430908203125,0.002685380866751075,-0.0026061972603201866,-0.009914877824485302
1768416600697431800,20.158431884765626,0.002223056275397539,0.0016766984481364489,-0.013494166545569897
1768416600707434000,20.16843408203125,-0.00009694532491266727,0.0028132344596087933,-0.020274238660931587
1768416600717435000,20.178434814453126,-0.002613632706925273,0.005354156251996756,-0.020026564598083496
1768416600727435800,20.188435791015625,-0.0046889400109648705,0.0021582909394055605,-0.015866339206695557
1768416600737437000,20.19843701171875,-0.003783731022849679,0.0013098076451569796,-0.012631132267415524
1768416600747438800,20.20843896484375,-0.0030658449977636337,0.0046890550293028355,-0.0075813038274645805
1768416600757439700,20.218439697265627,-0.000843436922878027,0.0020922068506479263,-0.005838531069457531
1768416600767441000,20.22844091796875,-0.001155730104073882,-0.0017801016801968217,-0.0047308229841291904
1768416600777442000,20.238442138671875,-0.00091737718321383,-0.002583577297627926,-0.0046333507634699345
1768416600787444000,20.24844384765625,0.00015942996833473444,-0.00122987967915833,-0.006568230222910643
1768416600797444900,20.25844482421875,-0.0014384665992110968,-0.0007137591019272804,-0.007682762574404478
1768416600807446000,20.268446044921873,-0.0003983726492151618,0.0010385459754616022,-0.0034942547790706158
1768416600817447000,20.278447021484375,0.0009585079387761652,0.003782933345064521,-0.005322514567524195
1768416600827448800,20.28844873046875,0.0011577054392546415,0.0041905539110302925,-0.00622954498976469
1768416600837449700,20.29844970703125,0.002513520885258913,0.0013020893093198538,-0.009615221992135048
1768416600847451000,20.308450927734373,0.000998211558908224,0.0033475698437541723,-0.009040148928761482
1768416600857452000,20.3184521484375,0.0015721226809546351,0.006769997999072075,-0.008885951712727547
1768416600867453700,20.32845361328125,-0.0012228356208652258,0.005961551330983639,-0.00626085139811039
1768416600877455000,20.338455078125,-0.0008145729079842567,0.0036792221944779158,-0.003820863552391529
1768416600887456000,20.3484560546875,-0.0025593838654458523,0.0009263255633413792,-0.0006054542027413845
1768416600897457000,20.358456787109375,-0.0024115783162415028,0.0030073197558522224,-0.0025333166122436523
1768416600907458800,20.368458740234374,-0.004223197232931852,0.002249062992632389,-0.009461909532546997
1768416600917460000,20.3784599609375,-0.005066087935119867,-0.0007427323143929243,-0.017648199573159218
1768416600927460900,20.3884609375,-0.00523731391876936,-0.000026389025151729584,-0.018935389816761017
1768416600937461800,20.398461669921875,-0.008004870265722275,-0.0024802256375551224,-0.014272460713982582
1768416600947464000,20.4084638671875,-0.008068060502409935,-0.003849838161841035,-0.011645020917057991
1768416600957464800,20.41846484375,-0.008044891059398651,0.0020080506801605225,-0.007054263725876808
1768416600967466000,20.428466064453126,-0.006973054260015488,0.008166708052158356,-0.0019079218618571758
1768416600977467000,20.438466796875,-0.008475610055029392,0.008197334595024586,0.0027994816191494465
1768416600987469000,20.448468994140626,-0.006478038150817156,0.004997973330318928,0.002906729467213154
1768416600997470000,20.458469970703124,-0.0027251113206148148,-0.004080476239323616,-0.001948213204741478
1768416601007470800,20.468470947265626,-0.0013581241946667433,-0.012708539143204689,-0.0036142016761004925
1768416601017471700,20.4784716796875,-0.003040176583454013,-0.007109776139259338,-0.004342576488852501
1768416601027474000,20.488473876953126,-0.005055347457528114,0.0014976873062551022,-0.0035366909578442574
1768416601037474800,20.498474853515624,-0.0027101680170744658,0.003700920380651951,-0.00764648150652647
1768416601047475700,20.508475830078126,-0.002016652375459671,0.0038173897191882133,-0.007555379532277584
1768416601057477000,20.51847705078125,-0.0032976330257952213,0.003896485548466444,-0.005815803073346615
1768416601067478800,20.528478759765626,-0.0027956711128354073,0.007258151657879353,-0.002691852394491434
1768416601077480000,20.53847998046875,-0.003669454250484705,0.009571106173098087,-0.005483644083142281
1768416601087480800,20.548480712890626,-0.0007134173065423965,0.009075810201466084,-0.005629886407405138
1768416601097482000,20.55848193359375,-0.0017453923355787992,0.009879551827907562,-0.0071007502265274525
1768416601107484000,20.56848388671875,-0.0006414323579519987,0.008151219226419926,-0.009446470066905022
1768416601117484800,20.57848486328125,-0.0003625992685556412,0.006949068047106266,-0.006725517567247152
1768416601127486000,20.58848583984375,0.000536613108124584,0.0060621812008321285,-0.006874234415590763
1768416601137486800,20.59848681640625,0.0009033303940668702,0.0052552432753145695,-0.007010854780673981
1768416601147488800,20.60848876953125,0.0023749135434627533,0.00494678970426321,-0.006773027125746012
1768416601157490000,20.618489990234377,0.002237228211015463,0.005978764966130257,-0.007560523692518473
1768416601167491000,20.628490966796875,0.004447652027010918,0.003582452656701207,-0.007881700992584229
1768416601177492000,20.638491943359377,0.005172298289835453,0.0021502042654901743,-0.008137896656990051
1768416601187494000,20.648493896484375,0.004182552918791771,0.0004495179746299982,-0.00762867322191596
1768416601197495000,20.6584951171875,0.0025465735234320164,0.00044206087477505207,-0.0092657171189785
1768416601207496000,20.668495849609375,-0.000992653425782919,0.0016383447218686342,-0.011283090338110924
1768416601217496800,20.678496826171877,-0.000252561061643064,0.001492936396971345,-0.011778438463807106
1768416601227499000,20.6884990234375,0.0016275523230433464,0.0036329934373497963,-0.011189073324203491
1768416601237500000,20.6985,0.0007460459601134062,0.007284186780452728,-0.008300341665744781
1768416601247500800,20.708500732421875,0.0006136216688901186,0.005240905098617077,-0.005570678971707821
1768416601257502000,20.718501953125,-0.0011027855798602104,0.00799647718667984,-0.0011000307276844978
1768416601267503900,20.72850390625,-0.0012097859289497137,0.007473694160580635,-0.0037976931780576706
1768416601277505000,20.738505126953125,0.00029569887556135654,0.001749762101098895,-0.010282224044203758
1768416601287506000,20.748505859375,-0.0005502229323610663,-0.003035177243873477,-0.015950020402669907
1768416601297506800,20.7585068359375,-0.0014778019394725561,-0.0027715242467820644,-0.011499878019094467
1768416601307509000,20.768509033203124,-0.003433692269027233,0.0024300559889525175,-0.0010779420845210552
1768416601317510000,20.778510009765625,-0.002253911690786481,0.006744910031557083,-0.0033621350303292274
1768416601327510500,20.788510498046875,-0.00513786356896162,0.0065244464203715324,-0.009625006467103958
1768416601337511400,20.798511474609374,-0.00568034965544939,0.0004385907668620348,-0.00908837839961052
1768416601347513300,20.808513427734376,-0.004310613963752985,-0.0019340700237080455,0.0017688306979835033
1768416601357514500,20.818514404296874,-0.00020907947327941656,-0.006316567771136761,0.0009363263379782438
1768416601367515600,20.828515625,-0.002149674342945218,-0.010763362050056458,-0.013744187541306019
1768416601377516500,20.8385166015625,-0.0020756383892148733,-0.004043674096465111,-0.02874843403697014
1768416601387518500,20.8485185546875,-0.002828370314091444,-0.0029963543638587,-0.023932572454214096
1768416601397519600,20.85851953125,-0.004060615319758654,0.0034322503488510847,-0.015477567911148071
1768416601407520500,20.8685205078125,-0.004015657119452953,0.006839878857135773,-0.0078661497682333
1768416601417521400,20.878521484375,-0.0028225609567016363,0.004171391017735004,-0.0064078024588525295
1768416601427523600,20.888523681640624,-0.0009158176835626364,0.0015326724387705326,-0.002737693954259157
1768416601437524500,20.8985244140625,0.00552423857152462,-0.0037627569399774075,-0.007823798805475235
1768416601447525400,20.908525390625,0.0035427892580628395,-0.00015230546705424786,-0.015929780900478363
1768416601457526500,20.918526611328126,-0.0023694282863289118,0.007923463359475136,-0.02049017697572708
1768416601467528700,20.92852880859375,-0.005330294370651245,0.007213131058961153,-0.022142689675092697
1768416601477529600,20.938529541015626,-0.002082835417240858,0.003840770572423935,-0.01661663129925728
1768416601487530500,20.948530517578124,-0.002535915933549404,0.006528723053634167,-0.015064723789691925
1768416601497531400,20.958531494140626,-0.003079466987401247,0.004603790119290352,-0.012235114350914955
1768416601507533600,20.968533447265624,-0.0014557123649865389,0.007350132334977388,-0.005562011152505875
1768416601517534500,20.978534423828126,0.001263375161215663,0.009133918210864067,0.003646401222795248
1768416601527535400,20.988535400390624,-0.002079789526760578,0.006439026445150375,0.0096706822514534
1768416601537536500,20.99853662109375,0.0010004225187003613,0.0020695773418992758,0.015782102942466736
1768416601547538400,21.008538330078125,0.004121849313378334,-0.002787601202726364,0.0168885700404644
1768416601557539600,21.01853955078125,0.004352212883532047,-0.004260329529643059,0.018967699259519577
1768416601567540500,21.02854052734375,0.004809662699699402,-0.0050303079187870026,0.01785690151154995
1768416601577541600,21.038541748046875,0.00804433785378933,-0.0083534000441432,0.017877941951155663
1768416601587543600,21.04854345703125,0.007884662598371506,-0.008015187457203865,0.018310943618416786
1768416601597544400,21.05854443359375,0.006760010030120611,-0.005382918752729893,0.017897088080644608
1768416601607545600,21.068545654296877,0.007257286924868822,-0.006563925184309483,0.019517965614795685
1768416601617546500,21.07854638671875,0.004625285044312477,-0.007174587808549404,0.019832484424114227
1768416601627548400,21.08854833984375,0.006348719820380211,-0.007293775677680969,0.023099251091480255
1768416601637549600,21.098549560546875,0.007386287674307823,-0.007557162083685398,0.02734805829823017
1768416601647550500,21.108550537109377,0.008231133222579956,-0.0099692577496171,0.022637024521827698
1768416601657551600,21.118551513671875,0.009749667719006538,-0.014718473888933659,0.02114379033446312
1768416601667552500,21.128552490234377,0.014693517237901688,-0.01991860568523407,0.08578383177518845
1768416601677554700,21.1385546875,0.013592833653092384,0.033237289637327194,0.11485383659601212
1768416601687555600,21.1485556640625,0.008423075079917908,0.018934078514575958,0.0700838640332222
1768416601697556500,21.158556396484375,0.005477086640894413,-0.00755718257278204,0.018557026982307434
1768416601707557400,21.168557373046873,0.0024766537826508284,-0.01611337810754776,0.008390970528125763
1768416601717559600,21.1785595703125,0.0010281604481860995,-0.009386765770614147,0.01920393668115139
1768416601727560400,21.188560546875,0.0056775473058223724,-0.01222141832113266,0.022430412471294403
1768416601737561300,21.198561279296875,0.0073641277849674225,-0.014171385206282139,0.019187215715646744
1768416601747562500,21.2085625,0.0056973109021782875,-0.01607847958803177,0.012557661160826683
1768416601757564700,21.218564697265624,0.0031020604074001312,-0.019924882799386978,0.004380158148705959
1768416601767565600,21.228565673828125,0.0017327758250758052,-0.023418158292770386,-0.004355038050562143
1768416601777566500,21.23856640625,0.002487249206751585,-0.023519625887274742,-0.01574937254190445
1768416601787567600,21.248567626953125,0.002060570986941457,-0.024412093684077263,-0.02052835188806057
1768416601797569500,21.258569580078124,-0.0007019259501248598,-0.02944493480026722,0.0007023680955171585
